date,stress_raw,stress_score,stress_percentile,stress_change_1d,stress_change_5d,stress_change_20d,contrib_avg_abs_partial_correlation,contrib_graph_density,contrib_spectral_radius,contrib_market_mode_share,contrib_centrality_concentration,contrib_largest_cc_share,contrib_average_clustering,contrib_negative_diversification,contrib_edge_turnover,contrib_community_compression,network_state,layer,window,return_type,number_of_nodes,number_of_edges,graph_density,alpha,n_excluded_nodes,average_degree,average_strength,median_strength,maximum_strength,edge_weight_mean,edge_weight_std,average_absolute_weight,average_signed_weight,positive_edge_ratio,negative_edge_ratio,centrality_concentration,avg_abs_partial_correlation,average_partial_correlation,average_clustering,global_transitivity,assortativity,largest_cc_share,n_connected_components,spectral_radius,algebraic_connectivity,laplacian_entropy,spectral_gap,eigenvalue_concentration,modularity,number_of_communities,largest_community_share,community_size_herfindahl,community_method,sector_purity,community_compression,market_mode_share,correlation_eigenvalue_concentration,negative_diversification,mst_length,mst_total_length,mst_max_degree,mst_mean_degree,mst_diameter,network_fragility,edge_turnover,community_ari,community_nmi,community_jaccard,community_turnover
2023-07-21,-0.29438212482231546,35.691844302467764,0.1886928339935182,2.5956921573773073,0.3713401985922573,-1.3037584664493735,-0.1629115110949272,-0.14172058715488953,0.19406613921269286,-0.30000000000000004,-0.30000000000000004,0.0674490759470226,0.03234641804811,0.0,0.05031336476045051,0.2660749754592254,low_connectivity,partial_correlation,60,residual,30,76,0.17471264367816092,0.02,0,5.066666666666666,0.46909087896347046,0.44334906339645386,1.3228371143341064,0.09258373081684113,0.03254302591085434,0.01617554761469364,-0.002715152455493808,0.42105263157894735,0.5789473684210527,0.04421648755669594,0.01617554761469364,-0.002715152455493808,0.1150692391896017,0.21265822784810126,-0.07548560618188507,1.0,1,0.6342837810516357,0.04737458378076553,3.125849723815918,0.21986594796180725,0.0586821511387825,0.332747274115845,3,0.4,0.3488888888888889,greedy,0.4666666666666667,0.9310344827586207,0.07568532973527908,0.03842409700155258,0.0,1.3156725332654755,38.15450346469879,4.0,1.9333333333333333,13.0,0.40630971041161895,0.19999999999999996,0.3645376823047633,0.4558432053173854,0.5369075369075369,0.5441567946826146
2023-07-24,-0.490162534181185,27.282728775243225,0.07163426925845932,-8.40911552722454,-11.36563601788917,-5.955049403776808,-0.17229934282884107,-0.12761055057819914,0.14146049981074724,-0.30000000000000004,-0.30000000000000004,0.0674490759470226,-0.009327466675669796,0.0,0.02875049414882891,0.18141475599492637,low_connectivity,partial_correlation,60,residual,30,77,0.17701149425287357,0.02,0,5.133333333333334,0.4542868435382843,0.4591432213783264,1.0591009855270386,0.08849743753671646,0.02888142503798008,0.01566506363451481,-0.0019408779917284846,0.44155844155844154,0.5584415584415584,0.04185370355844498,0.01566506363451481,-0.0019408779917284846,0.092882346384821,0.19230769230769232,-0.012824621214151177,1.0,1,0.5853973627090454,0.058904387056827545,3.151628255844116,0.2079848349094391,0.054270051419734955,0.3146242640123996,5,0.3,0.22,greedy,0.4666666666666667,0.8620689655172413,0.07138360291719437,0.03775692731142044,0.0,1.321843459688384,38.333460330963135,4.0,1.9333333333333333,14.0,0.4062883992704395,0.1785714285714286,0.29889596260778467,0.46143108149591455,0.48148148148148145,0.5385689185040854
2023-07-25,-0.4726652017448871,27.982488448046578,0.07880532565671104,0.6997596728033528,-5.1135452446315846,-4.206371502074273,-0.1693576299388709,-0.14172058715488953,0.15901978656044288,-0.30000000000000004,-0.30000000000000004,0.0674490759470226,0.0017789026976526901,0.0,0.02875049414882891,0.18141475599492637,low_connectivity,partial_correlation,60,residual,30,76,0.17471264367816092,0.02,0,5.066666666666666,0.458925724029541,0.4349900484085083,1.0883067846298218,0.09057744592428207,0.027283474802970886,0.015825025737285614,-0.002495706779882312,0.42105263157894735,0.5789473684210527,0.04182270169258118,0.015825025737285614,-0.002495706779882312,0.09879530190527423,0.20107238605898123,0.05697814311556903,1.0,1,0.6017152070999146,0.056129831820726395,3.157975435256958,0.22923973202705383,0.054272882640361786,0.3311349526295108,5,0.3,0.2288888888888889,greedy,0.4666666666666667,0.8620689655172413,0.07019815593957901,0.03778630122542381,0.0,1.3207871379523441,38.30282700061798,4.0,1.9333333333333333,13.0,0.4055117817902474,0.1785714285714286,0.7971217269638217,0.8887723188590158,0.7857142857142858,0.11122768114098425
2023-07-26,-0.2760893333386539,36.535908954081414,0.2068345323741007,8.553420506034836,3.2757718619300817,-3.2370412376149176,-0.1496521373347207,-0.11350051400150891,0.20410836462659476,-0.30000000000000004,-0.30000000000000004,0.0674490759470226,0.013678237227054954,0.0,0.12041288420197718,0.18141475599492637,low_connectivity,partial_correlation,60,residual,30,78,0.1793103448275862,0.02,0,5.2,0.4900000989437103,0.4611498713493347,1.061946988105774,0.0942307859659195,0.03039712645113468,0.016896555200219154,-0.001319536822848022,0.48717948717948717,0.5128205128205128,0.04201676696538925,0.016896555200219154,-0.001319536822848022,0.10513042668190505,0.21914357682619648,0.0251177966128126,1.0,1,0.6436160206794739,0.06044822931289673,3.1545255184173584,0.2663794159889221,0.055768754333257675,0.3005287996864363,5,0.26666666666666666,0.20666666666666672,greedy,0.4666666666666667,0.8620689655172413,0.0743710994720459,0.03841954097151756,0.0,1.3157032070488766,38.15539300441742,5.0,1.9333333333333333,13.0,0.4071090372643251,0.2696629213483146,0.28593413357956293,0.5156270676111868,0.4874458874458874,0.4843729323888132
2023-07-27,-0.4201743475139184,30.146134987703547,0.10679611650485436,-6.3897739663778665,-2.9500171573869096,-7.544379470520404,-0.15784727351889744,-0.1558306237315798,0.22266322152666868,-0.30000000000000004,-0.30000000000000004,0.0674490759470226,-0.006773997880887474,0.0,0.02875049414882891,0.18141475599492637,low_connectivity,partial_correlation,60,residual,30,75,0.1724137931034483,0.02,0,5.0,0.47707685828208923,0.4321090579032898,1.077002763748169,0.0954153761267662,0.03360168635845184,0.016450926661491394,-0.0014017511857673526,0.49333333333333335,0.5066666666666667,0.04383878409862518,0.016450926661491394,-0.0014017511857673526,0.09424179580514011,0.20207253886010362,0.00951559709482737,1.0,1,0.6608590483665466,0.061629023402929306,3.125291347503662,0.3009127974510193,0.05550559610128403,0.3278995206344664,5,0.3,0.23555555555555557,greedy,0.4666666666666667,0.8620689655172413,0.07503341883420944,0.038383543491363525,0.0,1.3154726192868988,38.14870595932007,5.0,1.9333333333333333,14.0,0.4054175257340245,0.1785714285714286,0.3180094067668032,0.525694053657187,0.5190909090909092,0.474305946342813
2023-07-28,-0.4289438829963597,29.778084069947802,0.10388209920920201,-0.3680509177557454,-5.913760232519962,-7.084643090464425,-0.15804892775081972,-0.14172058715488953,0.2357612354133495,-0.30000000000000004,-0.30000000000000004,0.0674490759470226,-0.06471963184451672,0.0,0.008590086666418398,0.22374486572707597,low_connectivity,partial_correlation,60,residual,30,76,0.17471264367816092,0.02,0,5.066666666666666,0.4767589569091797,0.41029685735702515,1.141463279724121,0.09409714490175247,0.033862750977277756,0.01643996126949787,-0.001967603573575616,0.47368421052631576,0.5263157894736842,0.04456198215484619,0.01643996126949787,-0.001967603573575616,0.06339193436847643,0.20588235294117646,0.0013641579844803312,1.0,1,0.6730310320854187,0.057755544781684875,3.1201844215393066,0.32288146018981934,0.05680017173290253,0.28390741717140133,4,0.3,0.25555555555555554,greedy,0.4666666666666667,0.896551724137931,0.07419918477535248,0.03824011981487274,0.0,1.317622320405368,38.211047291755676,5.0,1.9333333333333333,14.0,0.4064248752776691,0.1585365853658537,0.45696231794713726,0.6138481030209187,0.5547008547008547,0.38615189697908125
2023-07-31,-0.37958559690763144,31.88262360444908,0.12971613366870283,2.104539534501278,4.599894829205855,-6.960262972089666,-0.14594686499447365,-0.0993904774248185,0.24956824507649486,-0.30000000000000004,-0.30000000000000004,0.0674490759470226,-0.10149976146647965,0.0,0.06881942995969668,0.18141475599492637,low_connectivity,partial_correlation,60,residual,30,79,0.18160919540229886,0.02,0,5.266666666666667,0.49584314227104187,0.4273054301738739,1.2894974946975708,0.09414741396903992,0.033276598900556564,0.017098037526011467,-0.0014519405085593462,0.46835443037974683,0.5316455696202531,0.04392028972506523,0.017098037526011467,-0.0014519405085593462,0.043810443497701246,0.1496437054631829,-0.028865661742935797,1.0,1,0.6858618855476379,0.06059383228421211,3.1388769149780273,0.3441486358642578,0.058869801461696625,0.27469910426739813,5,0.3,0.2177777777777778,greedy,0.4666666666666667,0.8620689655172413,0.08471179753541946,0.03934808447957039,0.0,1.308025705403295,37.93274545669556,5.0,1.9333333333333333,13.0,0.40850982837578803,0.2183908045977011,0.6064598047773986,0.7224214375294958,0.7234126984126984,0.27757856247050416
2023-08-01,-0.3353148975197248,33.835583349857764,0.1598419540229885,1.952959745408684,5.853094901811186,-3.0169748470717934,-0.15227076500038458,-0.08528044084812827,0.2657837494385744,-0.30000000000000004,-0.30000000000000004,0.0674490759470226,-0.05393677125366998,0.0,0.08385560793408421,0.13908464626277692,low_connectivity,partial_correlation,60,residual,30,80,0.1839080459770115,0.02,0,5.333333333333333,0.48587068915367126,0.45503267645835876,1.2287392616271973,0.0911007672548294,0.03267353028059006,0.016754161566495895,-0.002202307339757681,0.45,0.55,0.045152921229600906,0.016754161566495895,-0.002202307339757681,0.06913265601330781,0.22972972972972974,0.03501918345392591,1.0,1,0.7009309530258179,0.05123025178909302,3.1183035373687744,0.38500306010246277,0.058157019317150116,0.25662723381274677,6,0.23333333333333334,0.17555555555555558,greedy,0.4666666666666667,0.8275862068965517,0.0795363336801529,0.03875638544559479,0.0,1.3151943519197662,38.14063620567322,5.0,1.9333333333333333,11.0,0.4096869890688708,0.23333333333333328,0.6165675812531648,0.806766786236444,0.7682539682539682,0.19323321376355596
2023-08-02,-0.39914476057434695,31.039152572808952,0.11669658886894076,-2.796430777048812,-5.496756381272462,-1.8777036891459247,-0.1515369381598085,-0.08528044084812827,0.25278200863498324,-0.30000000000000004,-0.30000000000000004,0.0674490759470226,-0.053442517891155054,0.0,-0.010530704252187325,0.18141475599492637,low_connectivity,partial_correlation,60,residual,30,80,0.1839080459770115,0.02,0,5.333333333333333,0.48702794313430786,0.4153847098350525,1.2923007011413574,0.09131772816181183,0.032059162855148315,0.01679406501352787,-0.0023484835401177406,0.4375,0.5625,0.04466148093342781,0.01679406501352787,-0.0023484835401177406,0.06939579314211654,0.22869955156950672,-0.02595799488641419,1.0,1,0.6888484358787537,0.05747559294104576,3.1316428184509277,0.37344837188720703,0.05667639523744583,0.28141733527772794,5,0.3,0.22666666666666668,greedy,0.5333333333333333,0.8620689655172413,0.0808381512761116,0.03889079764485359,0.0,1.3137205017024074,38.09789454936981,5.0,1.9333333333333333,11.0,0.4095231756368131,0.13953488372093026,0.5933014354066986,0.7975638568876617,0.7158068783068784,0.20243614311233826
2023-08-03,-0.44933018835796884,28.93258681482281,0.09045226130653267,-2.106565757986143,-1.2135481728807385,-9.001732259093043,-0.1532049786690132,-0.0993904774248185,0.2704716264338715,-0.30000000000000004,-0.30000000000000004,0.035972840505078714,-0.043433923716107305,0.0,0.001170078250243061,0.13908464626277692,low_connectivity,partial_correlation,60,residual,30,79,0.18160919540229886,0.02,0,5.266666666666667,0.4843975603580475,0.4225408732891083,1.3572317361831665,0.09197421371936798,0.03476400673389435,0.01670336164534092,-0.002560045337304473,0.43037974683544306,0.569620253164557,0.04589366540312767,0.01670336164534092,-0.002560045337304473,0.07472430061292658,0.23755656108597284,-0.03704401785470004,0.9666666666666667,2,0.7052873969078064,1.2845824404195127e-09,3.107013702392578,0.38494613766670227,0.05895581841468811,0.2947370574785909,6,0.3,0.21111111111111114,greedy,0.4666666666666667,0.8275862068965517,0.08063288778066635,0.0388450026512146,0.0,1.3142939271598026,38.11452388763428,5.0,1.9333333333333333,12.0,0.3980565091573644,0.15116279069767447,0.8,0.8807142553259,0.8678571428571429,0.11928574467410002
2023-08-04,-0.3040922966125304,35.24734278844519,0.18550412630068175,6.314755973622379,5.469258718497386,1.1285963165091815,-0.16206409746429606,-0.14172058715488953,0.25701616425134877,-0.30000000000000004,-0.30000000000000004,0.0674490759470226,-0.05381033775851388,0.0,0.14762272957187136,0.18141475599492637,low_connectivity,partial_correlation,60,residual,30,76,0.17471264367816092,0.02,0,5.066666666666666,0.47042718529701233,0.38862764835357666,1.20029878616333,0.09284748136997223,0.03586934134364128,0.016221627593040466,-0.001004403573460877,0.5,0.5,0.04490264132618904,0.016221627593040466,-0.001004403573460877,0.06919996834626058,0.2436548223350254,0.12310840267525332,1.0,1,0.6927832365036011,0.04319704324007034,3.1179001331329346,0.35021770000457764,0.05764990299940109,0.31768875470307306,5,0.3,0.21555555555555556,greedy,0.4666666666666667,0.8620689655172413,0.07827124744653702,0.03870519995689392,0.0,1.312576803667792,38.06472730636597,5.0,1.9333333333333333,11.0,0.4065384283347833,0.29670329670329665,0.3931996512641674,0.6307320071096265,0.5086640211640212,0.3692679928903735
2023-08-07,-0.34899153055517246,33.2259560742933,0.1492109038737446,-2.0213867141518875,1.3433324698442206,-8.079812745416739,-0.18197603988257838,-0.1558306237315798,0.21246231549480288,-0.30000000000000004,-0.30000000000000004,0.0674490759470226,0.012404392664421747,0.0,0.11508459295781222,0.18141475599492637,low_connectivity,partial_correlation,60,residual,30,75,0.1724137931034483,0.02,0,5.0,0.4390272796154022,0.3858749270439148,1.206792950630188,0.08780546486377716,0.032560430467128754,0.015138871967792511,-0.0006809578626416624,0.5066666666666667,0.49333333333333335,0.04503811150789261,0.015138871967792511,-0.0006809578626416624,0.10445224050011699,0.27851458885941643,0.10792931662350665,1.0,1,0.6513793468475342,0.08097370713949203,3.1226675510406494,0.3145178556442261,0.058127403259277344,0.3207184111439474,5,0.3,0.2288888888888889,greedy,0.4666666666666667,0.8620689655172413,0.07637608796358109,0.038152504712343216,0.0,1.3198321605550831,38.27513265609741,5.0,1.9333333333333333,11.0,0.40581730153711365,0.26436781609195403,0.4299203602271582,0.6559606495176465,0.5314574314574314,0.34403935048235346
2023-08-08,-0.36913486063372175,32.33826238962399,0.13589100035855145,-0.8876936846693084,-1.4973209602337718,-6.165841281954727,-0.16986657822796575,-0.14172058715488953,0.24389307189998566,-0.30000000000000004,-0.30000000000000004,0.0674490759470226,0.01877995990981371,0.0,0.030915440997385298,0.18141475599492637,low_connectivity,partial_correlation,60,residual,30,76,0.17471264367816092,0.02,0,5.066666666666666,0.45812320709228516,0.3732147216796875,1.233862042427063,0.09041904658079147,0.03158656135201454,0.01579735055565834,-0.0015914298128336668,0.47368421052631576,0.5263157894736842,0.046131860464811325,0.01579735055565834,-0.0015914298128336668,0.10784654914162616,0.27403846153846156,0.00959922584204218,1.0,1,0.6805879473686218,0.049045827239751816,3.1069254875183105,0.3228439688682556,0.05923581123352051,0.31514603884441866,5,0.3333333333333333,0.22888888888888892,greedy,0.4666666666666667,0.8620689655172413,0.07802863419055939,0.03846871852874756,0.0,1.318088490387489,38.22456622123718,5.0,1.9333333333333333,10.0,0.40694816804765743,0.1807228915662651,0.35895336651820803,0.6253188585126432,0.4785281385281386,0.37468114148735676
2023-08-09,-0.43487524410368555,29.530622286808217,0.1,-2.8076401028157747,-1.5085302860007346,-11.558340701472886,-0.17033315412282113,-0.12761055057819914,0.24024027486131821,-0.30000000000000004,-0.30000000000000004,0.0674490759470226,-0.010082628111155251,0.0,-0.015953018094777026,0.18141475599492637,low_connectivity,partial_correlation,60,residual,30,77,0.17701149425287357,0.02,0,5.133333333333334,0.45738741755485535,0.3929952085018158,1.2009928226470947,0.08910144120454788,0.03126639127731323,0.015771979466080666,-0.0014894017949700356,0.4805194805194805,0.5194805194805194,0.04579818621277809,0.015771979466080666,-0.0014894017949700356,0.09248030357238649,0.2583732057416268,0.07726116066078212,1.0,1,0.6771934032440186,0.04821689799427986,3.111337423324585,0.3316558599472046,0.05973135307431221,0.32104607242989647,5,0.26666666666666666,0.21111111111111114,greedy,0.4666666666666667,0.8620689655172413,0.07673527300357819,0.03830268979072571,0.0,1.3184994335832267,38.236483573913574,5.0,1.9333333333333333,10.0,0.4076032268218839,0.13414634146341464,0.42491525423728815,0.6907921329186276,0.68009768009768,0.3092078670813724
2023-08-10,-0.4451371736742696,29.10532150166102,0.09315657470440702,-0.42530078514719705,0.17273468683821136,-5.595216805344403,-0.1760127162776068,-0.14172058715488953,0.23155279965462486,-0.30000000000000004,-0.30000000000000004,0.0674490759470226,0.005759113744973565,0.0,0.02875049414882891,0.13908464626277692,low_connectivity,partial_correlation,60,residual,30,76,0.17471264367816092,0.02,0,5.066666666666666,0.44843098521232605,0.4068823754787445,1.2428696155548096,0.08850612491369247,0.03128282353281975,0.015463140793144703,-0.0017504141433164477,0.4605263157894737,0.5394736842105263,0.04683084413409233,0.015463140793144703,-0.0017504141433164477,0.1009143391976369,0.27078384798099764,-0.003548074940864678,1.0,1,0.6691201329231262,0.02344449982047081,3.09212327003479,0.3282615542411804,0.05952989310026169,0.33836147787196247,6,0.23333333333333334,0.18000000000000005,greedy,0.5333333333333333,0.8275862068965517,0.07648132741451263,0.0381864458322525,0.0,1.3190885083428745,38.25356674194336,5.0,1.9333333333333333,10.0,0.40718116260408443,0.1785714285714286,0.8028328611898017,0.8949826471121662,0.8711111111111111,0.10501735288783376
2023-08-11,-0.4583695136088008,28.56228056580914,0.08524355300859598,-0.5430409358518808,-6.6850622226360485,-6.7582235380663676,-0.18134759596106279,-0.14172058715488953,0.1977210528481238,-0.30000000000000004,-0.30000000000000004,0.0674490759470226,-0.0017079090783871744,0.0,0.062151803527615415,0.13908464626277692,low_connectivity,partial_correlation,60,residual,30,76,0.17471264367816092,0.02,0,5.066666666666666,0.44001829624176025,0.38192713260650635,1.2482706308364868,0.08684571832418442,0.03057541511952877,0.015173044987022877,-0.0022497070021927357,0.4342105263157895,0.5657894736842105,0.046465445309877396,0.015173044987022877,-0.0022497070021927357,0.09693894702935599,0.24170616113744076,-0.1266660027204943,1.0,1,0.6376802921295166,0.05457117781043053,3.1047799587249756,0.2966980040073395,0.06027338653802872,0.3283084533019745,6,0.23333333333333334,0.18000000000000005,greedy,0.5333333333333333,0.8275862068965517,0.07461961358785629,0.03796923905611038,0.0,1.321236593969937,38.315861225128174,5.0,1.9333333333333333,11.0,0.4070593629960128,0.21176470588235297,1.0,1.0,1.0,0.0
2023-08-14,-0.5952802570441255,23.31587032611758,0.03866809881847476,-5.24641023969156,-9.910085748175721,-15.332494467014815,-0.1780997022740759,-0.12761055057819914,0.1946880979646719,-0.30000000000000004,-0.30000000000000004,0.035972840505078714,-0.003405863608907766,0.0,0.02875049414882891,0.054424426798477865,low_connectivity,partial_correlation,60,residual,30,77,0.17701149425287357,0.02,0,5.133333333333334,0.4451400339603424,0.3945310115814209,1.1173582077026367,0.08671558648347855,0.030207335948944092,0.015349656343460083,-0.0019707768224179745,0.44155844155844154,0.5584415584415584,0.04531094431877136,0.015349656343460083,-0.0019707768224179745,0.09603496758501694,0.2605633802816901,-0.0471825458134365,0.9666666666666667,2,0.6348617672920227,1.6933880034530012e-16,3.1070616245269775,0.3253859579563141,0.05854341387748718,0.3105695442652761,8,0.2,0.14222222222222222,greedy,0.6,0.7586206896551724,0.07358922809362411,0.03789437562227249,0.0,1.321291311033841,38.317448019981384,6.0,1.9333333333333333,10.0,0.3963297017461039,0.1785714285714286,0.6904056753219918,0.8490607877048845,0.8154761904761904,0.15093921229511553
2023-08-15,-0.45565196976067074,28.673308501531412,0.08768790264853257,5.357438175413833,-3.6649538880925796,-4.42272519114675,-0.18226975216584962,-0.12761055057819914,0.1876038485973586,-0.30000000000000004,-0.30000000000000004,0.0674490759470226,0.0009895308572537736,0.0,0.0167711215868168,0.18141475599492637,low_connectivity,partial_correlation,60,residual,30,77,0.17701149425287357,0.02,0,5.133333333333334,0.43856409192085266,0.39161568880081177,1.1751357316970825,0.08543456345796585,0.029256606474518776,0.01512290071696043,-0.0017457065405324101,0.45454545454545453,0.5454545454545454,0.0455884225666523,0.01512290071696043,-0.0017457065405324101,0.09837504570592717,0.28169014084507044,-0.04477313414768941,1.0,1,0.628278374671936,0.05163668841123581,3.110358715057373,0.3025831878185272,0.057514041662216187,0.3112824146203798,5,0.26666666666666666,0.2177777777777778,greedy,0.5,0.8620689655172413,0.07228732854127884,0.037653837352991104,0.0,1.3237559219886517,38.3889217376709,5.0,1.9333333333333333,12.0,0.40753330560650863,0.16666666666666663,0.6293064967739318,0.8308218759204374,0.5868055555555556,0.16917812407956256
2023-08-16,-0.38289095602163,31.739226892644478,0.12844364937388192,3.0659183911130654,2.2086046058362605,-1.5209101995068544,-0.16458085326216026,-0.11350051400150891,0.22922313215030574,-0.30000000000000004,-0.30000000000000004,0.0674490759470226,-0.007647294172087062,0.0,-0.01757936841027795,0.22374486572707597,low_connectivity,partial_correlation,60,residual,30,78,0.1793103448275862,0.02,0,5.2,0.4664584696292877,0.4154083728790283,1.2082840204238892,0.08970354497432709,0.03115023858845234,0.01608477346599102,-0.0019672568887472153,0.44871794871794873,0.5512820512820513,0.045417867600917816,0.01608477346599102,-0.0019672568887472153,0.09377685879895307,0.27586206896551724,-0.05076479212559693,1.0,1,0.6669551730155945,0.05361892655491829,3.115870475769043,0.33130785822868347,0.059071943163871765,0.30888475322348047,4,0.3333333333333333,0.2822222222222222,greedy,0.5,0.896551724137931,0.07339140772819519,0.038194045424461365,0.0,1.3184516142154563,38.23509681224823,5.0,1.9333333333333333,11.0,0.40824273747616796,0.1325301204819277,0.7044524632735948,0.7967509765429835,0.6986868686868687,0.20324902345701645
2023-08-17,-0.2981890933621651,35.51727440244192,0.1917024320457797,3.7780475097974424,6.4119529007809,2.4211222573514632,-0.13841399871347093,-0.08528044084812827,0.28488616350742685,-0.30000000000000004,-0.30000000000000004,0.0674490759470226,0.0033757164839342355,0.0,-0.05395047546602536,0.22374486572707597,low_connectivity,partial_correlation,60,residual,30,80,0.1839080459770115,0.02,0,5.333333333333333,0.5077219605445862,0.4995027184486389,1.322996735572815,0.09519787132740021,0.032500363886356354,0.017507653683423996,-0.0026340249460190535,0.4375,0.5625,0.04497861489653587,0.017507653683423996,-0.0026340249460190535,0.09964543470523393,0.28227571115973743,-0.015332108037768721,1.0,1,0.7186828255653381,0.05649605765938759,3.1210732460021973,0.3685985505580902,0.05726122856140137,0.29479069143041914,4,0.3,0.26222222222222225,greedy,0.4666666666666667,0.896551724137931,0.07725013047456741,0.03887617960572243,0.0,1.3113833295887913,38.03011655807495,6.0,1.9333333333333333,10.0,0.4096288869578491,0.09638554216867468,0.7715498275446042,0.8187399934966805,0.7972222222222222,0.18126000650331953
2023-08-18,-0.33798966638962497,33.715926381411194,0.16052913836253127,-1.8013480210307264,5.153645815602054,-1.9759179210565705,-0.14864814794493938,-0.11350051400150891,0.2520837241209278,-0.30000000000000004,-0.30000000000000004,0.0674490759470226,-0.021039034470146725,0.010799193307317538,-0.0088788290753736,0.22374486572707597,low_connectivity,partial_correlation,60,residual,30,78,0.1793103448275862,0.02,0,5.2,0.49158334732055664,0.47037506103515625,1.2590045928955078,0.09453526884317398,0.03200015798211098,0.016951149329543114,-0.0025616700295358896,0.4358974358974359,0.5641025641025641,0.04408053681254387,0.016951149329543114,-0.0025616700295358896,0.08664718734087157,0.26555023923444976,0.006281232358836445,1.0,1,0.688199520111084,0.06403134763240814,3.135453701019287,0.3377852737903595,0.05623791366815567,0.2932022695903144,4,0.4,0.30000000000000004,greedy,0.5,0.896551724137931,0.07543166726827621,0.038586344569921494,0.001262267416688223,1.312835615256737,38.07223284244537,5.0,1.9333333333333333,10.0,0.40779696054671,0.14117647058823535,0.36812616725461716,0.5162015743971273,0.483495670995671,0.4837984256028727
2023-08-21,-0.4020622759833041,30.91439292407594,0.11758398856325947,-2.8015334573352533,7.598522597958361,3.6316641488327157,-0.16300324373176905,-0.14172058715488953,0.2094580950158974,-0.30000000000000004,-0.30000000000000004,0.0674490759470226,-0.06504601239261716,0.008758910817224375,0.10062672952090113,0.18141475599492637,low_connectivity,partial_correlation,60,residual,30,76,0.17471264367816092,0.02,0,5.066666666666666,0.4689461588859558,0.48292601108551025,1.2388736009597778,0.09255516529083252,0.032281845808029175,0.016170559450984,-0.002621251391246915,0.4342105263157895,0.5657894736842105,0.04410400614142418,0.016170559450984,-0.002621251391246915,0.06321817158436674,0.17557251908396945,0.0028562355993015233,1.0,1,0.6485875248908997,0.03678601607680321,3.132934093475342,0.3429897427558899,0.05677780881524086,0.2955401653939742,5,0.3,0.22666666666666668,greedy,0.5,0.8620689655172413,0.07390453666448593,0.038415584713220596,0.0010237882974803991,1.3140513033702457,38.10748779773712,6.0,1.9333333333333333,11.0,0.4062722166065284,0.25,0.3522012578616352,0.5611205419166133,0.47007575757575754,0.4388794580833867
2023-08-22,-0.5257040075563865,25.8954814944639,0.05894962486602358,-5.018911429612039,-2.7778270070675113,-2.0870069535826765,-0.1664578783932365,-0.14172058715488953,0.2122018458143051,-0.30000000000000004,-0.30000000000000004,0.004496605063134826,-0.034430487526096176,0.0,0.018791738645469458,0.18141475599492637,low_connectivity,partial_correlation,60,residual,30,76,0.17471264367816092,0.02,0,5.066666666666666,0.4634985029697418,0.4362250566482544,1.2169663906097412,0.09147996455430984,0.03147449716925621,0.01598270609974861,-0.003602625336498022,0.40789473684210525,0.5921052631578947,0.04462287947535515,0.01598270609974861,-0.003602625336498022,0.07951766880853602,0.22388059701492538,0.05591233650832311,0.9333333333333333,2,0.6511372923851013,6.65230315277654e-09,3.1209750175476074,0.34319862723350525,0.055695030838251114,0.3199929479220413,5,0.3333333333333333,0.24444444444444446,greedy,0.4666666666666667,0.8620689655172413,0.07386483997106552,0.03830205649137497,0.0,1.3171813282473335,38.19825851917267,5.0,1.9333333333333333,12.0,0.38422295216228314,0.1686746987951807,0.5277777777777778,0.7171762106007155,0.5553968253968253,0.28282378939928454
2023-08-23,-0.611059886138198,22.756362517995584,0.03464285714285714,-3.1391189764683176,-8.982864374648894,-13.77954643608583,-0.16212287760052482,-0.14172058715488953,0.21863091227438258,-0.30000000000000004,-0.30000000000000004,0.004496605063134826,-0.037243964626965,0.0,-0.0745147300882623,0.18141475599492637,low_connectivity,partial_correlation,60,residual,30,76,0.17471264367816092,0.02,0,5.066666666666666,0.470334529876709,0.4423573613166809,1.208746075630188,0.09282918274402618,0.031283024698495865,0.016218431293964386,-0.0036532559897750616,0.40789473684210525,0.5921052631578947,0.04429919645190239,0.016218431293964386,-0.0036532559897750616,0.0780197927343609,0.21641791044776118,0.0656552669910341,0.9333333333333333,2,0.6571118235588074,3.459196928901065e-09,3.1243834495544434,0.34435418248176575,0.05546819791197777,0.3193088289516841,5,0.3,0.23777777777777778,greedy,0.4666666666666667,0.8620689655172413,0.07326360791921616,0.03832976892590523,0.0,1.3162628124500144,38.171621561050415,5.0,1.9333333333333333,12.0,0.38411505782113226,0.07594936708860756,0.8978313630313943,0.9318036918640614,0.9514285714285714,0.06819630813593858
2023-08-24,-0.5078689024056512,26.585845553049577,0.06640485540878258,3.8294830350539932,-8.931428849392343,-3.5602894346539706,-0.16507195513460293,-0.1558306237315798,0.21131454279534273,-0.30000000000000004,-0.30000000000000004,0.0674490759470226,-0.032858187295397585,0.0,-0.014286510981362483,0.18141475599492637,low_connectivity,partial_correlation,60,residual,30,75,0.1724137931034483,0.02,0,5.0,0.4656839966773987,0.45894211530685425,1.193835973739624,0.09313678741455078,0.03270184248685837,0.016058068722486496,-0.0038383868522942066,0.4,0.6,0.044119205325841904,0.016058068722486496,-0.0038383868522942066,0.0803547507582189,0.21761658031088082,0.060582978286877406,1.0,1,0.6503127217292786,0.023005720227956772,3.127592086791992,0.3297715187072754,0.05548635125160217,0.32786288944989583,5,0.26666666666666666,0.20888888888888893,greedy,0.4666666666666667,0.8620689655172413,0.0716492310166359,0.03830748051404953,0.0,1.3175007557046825,38.20752191543579,4.0,1.9333333333333333,11.0,0.4055109994764301,0.13580246913580252,0.6293171147387592,0.7593117808981196,0.6603174603174603,0.24068821910188043
2023-08-25,-0.4259287717647949,29.90433406103058,0.10742326909350464,3.3184885079810016,-3.8115923203806155,0.12624999108277635,-0.16101708485126112,-0.1558306237315798,0.24812562403395463,-0.30000000000000004,-0.30000000000000004,0.0674490759470226,-0.006779552775008996,0.0,0.04303914334930103,0.13908464626277692,low_connectivity,partial_correlation,60,residual,30,75,0.1724137931034483,0.02,0,5.0,0.47207826375961304,0.42458152770996094,1.2564064264297485,0.09441564977169037,0.034437887370586395,0.01627856120467186,-0.004219033755362034,0.4,0.6,0.045850805938243866,0.01627856120467186,-0.004219033755362034,0.09423883841728839,0.2787286063569682,0.020835075366096488,1.0,1,0.6845212578773499,0.03962979465723038,3.10280704498291,0.3596373200416565,0.056266386061906815,0.2900652189196963,6,0.23333333333333334,0.17555555555555558,greedy,0.4666666666666667,0.8275862068965517,0.07116680592298508,0.03835145756602287,0.0,1.3180090970006482,38.2222638130188,5.0,1.9333333333333333,12.0,0.4060881996805641,0.19277108433734935,0.4405198395177855,0.6564694800316726,0.5067460317460317,0.3435305199683274
2023-08-28,-0.4245930179633533,29.9603632936584,0.10774170531573314,0.05602923262782156,-0.9540296304175406,-1.92226031079068,-0.15279307241134962,-0.11350051400150891,0.25008687542283936,-0.30000000000000004,-0.30000000000000004,0.0674490759470226,-0.018117521879376847,0.0,-0.039132617035905974,0.18141475599492637,low_connectivity,partial_correlation,60,residual,30,78,0.1793103448275862,0.02,0,5.2,0.48504701256752014,0.4551771879196167,1.3227051496505737,0.09327826648950577,0.03501303493976593,0.016725759953260422,-0.004037122242152691,0.41025641025641024,0.5897435897435898,0.04526560753583908,0.016725759953260422,-0.004037122242152691,0.08820258077512565,0.26146788990825687,-0.01827405930155732,1.0,1,0.6863438487052917,0.04559152573347092,3.11807918548584,0.36420318484306335,0.055633414536714554,0.2906505901410035,5,0.3,0.2288888888888889,greedy,0.4666666666666667,0.8620689655172413,0.07157906889915466,0.038578301668167114,0.0,1.3164362208596592,38.176650404930115,5.0,1.9333333333333333,11.0,0.4081919841211417,0.11111111111111116,0.5242088376841184,0.7106178042997336,0.6244047619047619,0.28938219570026635
2023-08-29,-0.4421385508371379,29.229224305069547,0.09771754636233952,-0.7311389885888531,3.3337428106056457,-4.606359044788217,-0.14813748694791248,-0.11350051400150891,0.2514578528719011,-0.30000000000000004,-0.30000000000000004,0.0674490759470226,-0.031304501432209766,0.0,-0.007187623537207199,0.13908464626277692,low_connectivity,partial_correlation,60,residual,30,78,0.1793103448275862,0.02,0,5.2,0.49238860607147217,0.4720681607723236,1.3163450956344604,0.09469010680913925,0.03416331112384796,0.01697891764342785,-0.003590100910514593,0.4358974358974359,0.5641025641025641,0.04497673362493515,0.01697891764342785,-0.003590100910514593,0.08118192254523451,0.2318181818181818,-0.011766255282634506,1.0,1,0.6876178979873657,0.03111557848751545,3.1193761825561523,0.3775060474872589,0.054100483655929565,0.2743674438383373,6,0.23333333333333334,0.18000000000000005,greedy,0.4666666666666667,0.8275862068965517,0.07213443517684937,0.0386224202811718,0.0,1.3160057067871094,38.16416549682617,5.0,1.9333333333333333,11.0,0.40809569281750707,0.1428571428571429,0.7329071405352693,0.8428302881664357,0.8083333333333332,0.15716971183356432
2023-08-30,-0.297202622621268,35.56247260781538,0.1946524064171123,6.333248302745833,12.806110089819796,4.523320035006428,-0.1355678206719518,-0.08528044084812827,0.28754614838543807,-0.30000000000000004,-0.30000000000000004,0.0674490759470226,-0.004554789407535581,0.0,0.03412055771111013,0.13908464626277692,low_connectivity,partial_correlation,60,residual,30,80,0.1839080459770115,0.02,0,5.333333333333333,0.5122102499008179,0.46973925828933716,1.4140793085098267,0.09603941440582275,0.035850055515766144,0.017662420868873596,-0.005033840890973806,0.375,0.625,0.04549567028880119,0.017662420868873596,-0.005033840890973806,0.09542328730361863,0.2622601279317697,-0.058470944749230605,1.0,1,0.7211547493934631,0.0477035753428936,3.120737075805664,0.38510873913764954,0.054288916289806366,0.27931234790134385,6,0.23333333333333334,0.17555555555555558,greedy,0.4666666666666667,0.8275862068965517,0.07358327507972717,0.03899429365992546,0.0,1.3113998010240753,38.03059422969818,5.0,1.9333333333333333,12.0,0.4098012387552709,0.1839080459770115,0.6020955469627043,0.7986557044992094,0.6873015873015872,0.20134429550079058
2023-08-31,-0.34852812112970993,33.246521964611965,0.154312188168211,-2.315950643203415,6.660676411562388,4.313935149789156,-0.1392691195297964,-0.07117040427143786,0.26365041231889047,-0.30000000000000004,-0.30000000000000004,0.0674490759470226,-0.02584846497419718,0.0,-0.06708448634726742,0.22374486572707597,low_connectivity,partial_correlation,60,residual,30,81,0.18620689655172415,0.02,0,5.4,0.5063734650611877,0.4665111005306244,1.3390508890151978,0.09377287328243256,0.03456145524978638,0.017461154609918594,-0.004999254830181599,0.37037037037037035,0.6296296296296297,0.04422448202967644,0.017461154609918594,-0.004999254830181599,0.08408667924922919,0.22466960352422907,-0.03554294313442041,1.0,1,0.6989484429359436,0.08928796648979187,3.1454503536224365,0.37733468413352966,0.05427058786153793,0.30307899077549166,4,0.3,0.26222222222222225,greedy,0.4666666666666667,0.896551724137931,0.0720595270395279,0.03868504613637924,0.0,1.3146147316899792,38.1238272190094,5.0,1.9333333333333333,12.0,0.4101437928604668,0.08333333333333337,0.495215351238627,0.6818077775241798,0.5088744588744588,0.31819222247582024
2023-09-05,-0.4242588138703081,29.9743911361247,0.10830067687923049,-3.2721308284872634,0.07005707509412318,-5.2729516523204865,-0.16021533201409904,-0.11350051400150891,0.23180948511666677,-0.30000000000000004,-0.30000000000000004,0.0674490759470226,-0.03238636316355876,0.0,0.001170078250243061,0.18141475599492637,low_connectivity,partial_correlation,60,residual,30,78,0.1793103448275862,0.02,0,5.2,0.47334256768226624,0.45014727115631104,1.2448310852050781,0.0910274088382721,0.03491853550076485,0.01632215827703476,-0.004687275271862745,0.3717948717948718,0.6282051282051282,0.0449921190738678,0.01632215827703476,-0.004687275271862745,0.08060594671715583,0.22195704057279236,-0.0026807808514299238,1.0,1,0.6693586707115173,0.0854920893907547,3.1326937675476074,0.36725327372550964,0.053898051381111145,0.3082261546892332,5,0.23333333333333334,0.20444444444444448,greedy,0.4666666666666667,0.8620689655172413,0.07034924626350403,0.03838907182216644,0.0,1.3180180582506904,38.22252368927002,5.0,1.9333333333333333,12.0,0.40810082130048464,0.15116279069767447,0.6516544412056761,0.7772433496928856,0.7261904761904763,0.22275665030711445
2023-09-06,-0.3154635738764569,34.73003396021115,0.18269230769230768,4.755642824086451,4.769670666552752,1.5040778859178516,-0.1523108423659951,-0.08528044084812827,0.2579908891305718,-0.30000000000000004,-0.30000000000000004,0.0674490759470226,-0.039927982219676916,0.0,0.012870860752673336,0.22374486572707597,low_connectivity,partial_correlation,60,residual,30,80,0.1839080459770115,0.02,0,5.333333333333333,0.48580753803253174,0.4373745024204254,1.4043116569519043,0.0910889059305191,0.035449910908937454,0.016751982271671295,-0.005105759482830763,0.35,0.65,0.04597196355462074,0.016751982271671295,-0.005105759482830763,0.0765908400218804,0.2292576419213974,-0.055758651824874446,1.0,1,0.6936890482902527,0.053573112934827805,3.1205029487609863,0.4077518582344055,0.05544397234916687,0.29208573753667794,4,0.3,0.25333333333333335,greedy,0.4666666666666667,0.896551724137931,0.07047200202941895,0.03838913142681122,0.0,1.3178578204122082,38.21787679195404,5.0,1.9333333333333333,12.0,0.40996000317721076,0.16279069767441856,0.7871611703689206,0.8706645410009745,0.7625396825396826,0.12933545899902554
2023-09-07,-0.4080122536798458,30.660819766367847,0.11747953008187967,-4.069214193843305,1.4315954612983006,-1.6774426232561446,-0.1546624588650488,-0.08528044084812827,0.24346660972179565,-0.30000000000000004,-0.30000000000000004,0.0674490759470226,-0.049869091378225816,0.0,-0.010530704252187325,0.18141475599492637,low_connectivity,partial_correlation,60,residual,30,80,0.1839080459770115,0.02,0,5.333333333333333,0.48209911584854126,0.44304603338241577,1.3289614915847778,0.09039358794689178,0.03468778356909752,0.01662410795688629,-0.004847145173698664,0.3625,0.6375,0.045282620936632156,0.01662410795688629,-0.004847145173698664,0.07129826111489188,0.22,-0.04303771795291387,1.0,1,0.6801916360855103,0.06442127376794815,3.1237456798553467,0.38171884417533875,0.056072548031806946,0.30670220087156436,5,0.3,0.22444444444444445,greedy,0.4666666666666667,0.8620689655172413,0.06930949538946152,0.038293734192848206,0.0,1.3190772204563534,38.25323939323425,5.0,1.9333333333333333,12.0,0.40973022230454786,0.13953488372093026,0.47207905811149464,0.6288261125998477,0.6223214285714286,0.37117388740015234
2023-09-08,-0.43971564652024814,29.329564282104702,0.099644128113879,-1.3312554842631457,-6.232908325710678,-0.20105800470351554,-0.14652716469601865,-0.07117040427143786,0.25617132144624744,-0.30000000000000004,-0.30000000000000004,0.0674490759470226,-0.03673164841921516,0.0,-0.09032158252177276,0.18141475599492637,low_connectivity,partial_correlation,60,residual,30,81,0.18620689655172415,0.02,0,5.4,0.4949280321598053,0.4594707787036896,1.2957898378372192,0.09165333211421967,0.03557465970516205,0.017066482454538345,-0.004487420432269573,0.38271604938271603,0.6172839506172839,0.04518942907452583,0.017066482454538345,-0.004487420432269573,0.07829254639912811,0.22580645161290322,-0.06625809051757008,1.0,1,0.6919981241226196,0.061446089297533035,3.1212916374206543,0.3858947157859802,0.05655673146247864,0.29731681107374625,5,0.3,0.21555555555555556,greedy,0.4666666666666667,0.8620689655172413,0.07019279152154922,0.038494035601615906,0.0,1.317329081995734,38.20254337787628,5.0,1.9333333333333333,12.0,0.4104654418754166,0.06024096385542166,0.5279435702658709,0.7296446220599732,0.6515873015873016,0.27035537794002684
2023-09-11,-0.4359243710588812,29.48697628886448,0.10245464247598719,0.1574120067597775,-3.7595456757474857,0.381654787203459,-0.14506101819784678,-0.08528044084812827,0.2496664423384604,-0.30000000000000004,-0.30000000000000004,0.0674490759470226,-0.059719040916447086,0.0,-0.04439414537686822,0.18141475599492637,low_connectivity,partial_correlation,60,residual,30,80,0.1839080459770115,0.02,0,5.333333333333333,0.4972400367259979,0.4207865297794342,1.3432044982910156,0.09323249757289886,0.035295162349939346,0.01714620739221573,-0.00426940293982625,0.3875,0.6125,0.04454952850937843,0.01714620739221573,-0.00426940293982625,0.06605421496979343,0.18161434977578475,-0.07739962163577328,1.0,1,0.6859531402587891,0.06418032944202423,3.1327476501464844,0.3960264325141907,0.05605638772249222,0.3067700023445153,5,0.3333333333333333,0.22444444444444445,greedy,0.4666666666666667,0.8620689655172413,0.07006602734327316,0.038531072437763214,0.0,1.3158712140445052,38.16026520729065,5.0,1.9333333333333333,9.0,0.40948585816212996,0.10588235294117643,0.8967376559956592,0.9365138764586094,0.9466666666666667,0.0634861235413906
2023-09-12,-0.3511231829595807,33.131436789588506,0.15433854907539118,3.6444605007240263,3.157045653463804,4.569156223779366,-0.14896777349922288,-0.07117040427143786,0.24626212093196442,-0.30000000000000004,-0.30000000000000004,0.0674490759470226,-0.004363588459958862,0.0,0.020582740129275173,0.13908464626277692,low_connectivity,partial_correlation,60,residual,30,81,0.18620689655172415,0.02,0,5.4,0.49107927083969116,0.45179283618927,1.4006316661834717,0.09094060212373734,0.03571021556854248,0.01693376898765564,-0.004013720899820328,0.3950617283950617,0.6049382716049383,0.04512472450733185,0.01693376898765564,-0.004013720899820328,0.09552508138775968,0.2203023758099352,-0.09917759988899245,1.0,1,0.6827895045280457,0.06520848721265793,3.1289193630218506,0.36392951011657715,0.05667737126350403,0.3003641707470818,6,0.23333333333333334,0.18666666666666668,greedy,0.4666666666666667,0.8275862068965517,0.06971057504415512,0.03840804845094681,0.0,1.3168121165242688,38.187551379203796,5.0,1.9333333333333333,12.0,0.410443873686352,0.17045454545454541,0.5537016037583022,0.7533339995233825,0.7186147186147186,0.24666600047661746
2023-09-13,-0.3396862997515752,33.640134626808646,0.16281549946676147,0.5086978372201401,-1.0898993334025064,10.324264300691066,-0.156279049627974,-0.07117040427143786,0.2214879972085794,-0.30000000000000004,-0.30000000000000004,0.0674490759470226,-0.012550566376892539,0.0,0.029961891374200873,0.18141475599492637,low_connectivity,partial_correlation,60,residual,30,81,0.18620689655172415,0.02,0,5.4,0.4795498847961426,0.4216846823692322,1.3199998140335083,0.08880554139614105,0.034375641494989395,0.016536202281713486,-0.004069031216204166,0.3950617283950617,0.6049382716049383,0.04398452490568161,0.016536202281713486,-0.004069031216204166,0.09116639002404178,0.21476510067114093,-0.0423182966311271,1.0,1,0.6597669124603271,0.06751927733421326,3.14509654045105,0.33801209926605225,0.05588636174798012,0.2994464657666933,5,0.26666666666666666,0.22444444444444445,greedy,0.4666666666666667,0.8620689655172413,0.06970575451850891,0.0383356437087059,0.0,1.3195590849580436,38.267213463783264,5.0,1.9333333333333333,13.0,0.41006380715246854,0.1797752808988764,0.585020789459474,0.7532383868996942,0.6981721981721982,0.24676161310030575
2023-09-14,-0.32891333816949136,34.122798740873,0.17448471926083867,0.48266411406435594,3.461978974505154,5.449490239341589,-0.15038387467161962,-0.08528044084812827,0.26648767821066577,-0.30000000000000004,-0.30000000000000004,0.0674490759470226,-0.008022218264881717,0.0,-0.0005783145374764259,0.18141475599492637,low_connectivity,partial_correlation,60,residual,30,80,0.1839080459770115,0.02,0,5.333333333333333,0.48884615302085876,0.4444690942764282,1.3358036279678345,0.09165865182876587,0.03354937955737114,0.016856765374541283,-0.004451853223145008,0.3875,0.6125,0.045867111533880234,0.016856765374541283,-0.004451853223145008,0.09357725176179059,0.25806451612903225,-0.025144018058436073,1.0,1,0.7015851140022278,0.06618350744247437,3.1173789501190186,0.398332804441452,0.057496652007102966,0.2769313680645588,5,0.3333333333333333,0.23777777777777778,greedy,0.4666666666666667,0.8620689655172413,0.07253862172365189,0.03863334655761719,0.0,1.3161593716720055,38.16862177848816,6.0,1.9333333333333333,13.0,0.4099250525036306,0.14942528735632188,0.40687595364087914,0.6424729415852418,0.6023754023754024,0.3575270584147582
2023-09-15,-0.2444580567745731,38.01489368253155,0.24120781527531082,3.8920949416585486,8.685329400426848,6.275666789887072,-0.16342244612522328,-0.11350051400150891,0.21161317535687874,-0.30000000000000004,-0.30000000000000004,0.0674490759470226,0.019965793927669076,0.0,0.15202210212566242,0.18141475599492637,low_connectivity,partial_correlation,60,residual,30,78,0.1793103448275862,0.02,0,5.2,0.46828514337539673,0.376251757144928,1.3948601484298706,0.09005483239889145,0.03169415146112442,0.016147764399647713,-0.005205655470490456,0.34615384615384615,0.6538461538461539,0.045012328773736954,0.016147764399647713,-0.005205655470490456,0.10847787910793012,0.22119815668202766,-0.05783738420536557,1.0,1,0.6505902409553528,0.07301502674818039,3.1289725303649902,0.3504888713359833,0.05614851042628288,0.31202191753851705,5,0.3333333333333333,0.22888888888888892,greedy,0.4666666666666667,0.8620689655172413,0.07050881534814835,0.03820337355136871,0.0,1.322341511989462,38.3479038476944,7.0,1.9333333333333333,10.0,0.4081075578671077,0.30107526881720426,0.14552070586719906,0.40779641602538585,0.346993006993007,0.5922035839746141
2023-09-18,-0.3819794802836151,31.778735082232707,0.13245738636363635,-6.236158600298843,2.2917587933682277,-3.738539320209213,-0.15970107433041478,-0.0993904774248185,0.23621957482158323,-0.30000000000000004,-0.30000000000000004,0.0674490759470226,0.033855437822195716,0.0,-0.04182677311410952,0.18141475599492637,low_connectivity,partial_correlation,60,residual,30,79,0.18160919540229886,0.02,0,5.266666666666667,0.4741535186767578,0.3797611594200134,1.4624650478363037,0.09002915024757385,0.03202712908387184,0.016350122168660164,-0.005739022511988878,0.3291139240506329,0.6708860759493671,0.045964185148477554,0.016350122168660164,-0.005739022511988878,0.11587263105455135,0.2565789473684211,-0.044423340849239636,1.0,1,0.6734569668769836,0.07229910790920258,3.123185396194458,0.37310653924942017,0.05634994059801102,0.2994049867529647,5,0.26666666666666666,0.20666666666666672,greedy,0.4666666666666667,0.8620689655172413,0.07068875432014465,0.03826140984892845,0.0,1.3220310334501595,38.33889997005463,7.0,1.9333333333333333,10.0,0.4091911268502588,0.10843373493975905,0.7024725556581513,0.8001524308421121,0.760952380952381,0.19984756915788793
2023-09-19,-0.3562926796897921,32.90278221557881,0.1508697195598154,1.124047133346103,-0.22865457400969547,-0.8131441658323837,-0.14745141040448262,-0.08528044084812827,0.2718000795297765,-0.30000000000000004,-0.30000000000000004,0.0674490759470226,0.018822637665781402,0.0,-0.02071726784253851,0.13908464626277692,low_connectivity,partial_correlation,60,residual,30,80,0.1839080459770115,0.02,0,5.333333333333333,0.4934704899787903,0.40863972902297974,1.5151761770248413,0.09252572059631348,0.032753244042396545,0.017016224563121796,-0.005706470925360918,0.35,0.65,0.047187209129333496,0.017016224563121796,-0.005706470925360918,0.10786927048865391,0.2793522267206478,-0.10341147734346387,1.0,1,0.7065219283103943,0.0668707862496376,3.1103179454803467,0.3814394474029541,0.056761059910058975,0.30050545967319786,6,0.3,0.19333333333333336,greedy,0.5,0.8275862068965517,0.07232547551393509,0.0387616902589798,0.0,1.3185815030130847,38.238863587379456,7.0,1.9333333333333333,8.0,0.41036508503544833,0.12941176470588234,0.38798178384982784,0.6158164009349733,0.5355555555555556,0.38418359906502675
2023-09-20,-0.17717490638387048,41.232800175403575,0.3076650106458481,8.330017959824765,7.59266554859493,10.318407251327635,-0.1418492455211473,-0.08528044084812827,0.2772059318029588,-0.30000000000000004,-0.30000000000000004,0.0674490759470226,0.07056693029629534,0.0,0.010987976212052428,0.22374486572707597,low_connectivity,partial_correlation,60,residual,30,80,0.1839080459770115,0.02,0,5.333333333333333,0.5023048520088196,0.41448304057121277,1.509799838066101,0.09418214857578278,0.032724253833293915,0.01732085458934307,-0.005315112881362438,0.3625,0.6375,0.04676247388124466,0.01732085458934307,-0.005315112881362438,0.13541757997460216,0.29878048780487804,-0.10573646299424766,1.0,1,0.7115455865859985,0.07702312618494034,3.114819288253784,0.36242106556892395,0.05651894956827164,0.31412764822545614,4,0.26666666666666666,0.2533333333333333,greedy,0.4666666666666667,0.896551724137931,0.07252327352762222,0.03890584036707878,0.0,1.3164827207039143,38.17799890041351,7.0,1.9333333333333333,9.0,0.4102235066194187,0.16091954022988508,0.45741655440802276,0.602681810799512,0.4787037037037037,0.397318189200488
2023-09-21,-0.35725342735633075,32.860375593133476,0.15040794608017027,-8.3724245822701,-1.2624231477395256,6.964894098669575,-0.14626683309034355,-0.11350051400150891,0.2795614474435106,-0.30000000000000004,-0.30000000000000004,0.0674490759470226,0.003547889329538394,0.0,0.012870860752673336,0.13908464626277692,low_connectivity,partial_correlation,60,residual,30,78,0.1793103448275862,0.02,0,5.2,0.4953385293483734,0.44000476598739624,1.4378175735473633,0.09525740146636963,0.03256336599588394,0.0170806385576725,-0.005362923257052898,0.34615384615384615,0.6538461538461539,0.04736395180225372,0.0170806385576725,-0.005362923257052898,0.09973709835729404,0.2923728813559322,-0.08312269352898885,1.0,1,0.7137345671653748,0.07093162834644318,3.101269006729126,0.38034483790397644,0.056707631796598434,0.29457522540961756,6,0.26666666666666666,0.19111111111111112,greedy,0.5,0.8275862068965517,0.07226712256669998,0.03888469189405441,0.0,1.3169459433391177,38.19143235683441,6.0,1.9333333333333333,14.0,0.4088914322099466,0.16279069767441856,0.4334802644760569,0.6031610789955273,0.5684974747474747,0.3968389210044727
2023-09-22,-0.23238693702175942,38.58539410608497,0.25354609929078015,5.725018512951493,0.570500423553419,15.829031588089386,-0.1387204021625188,-0.11350051400150891,0.28698871376509677,-0.30000000000000004,-0.30000000000000004,0.0674490759470226,0.005378897945538963,0.0,0.03627242575753411,0.22374486572707597,low_connectivity,partial_correlation,60,residual,30,78,0.1793103448275862,0.02,0,5.2,0.5072387456893921,0.4161609411239624,1.5185739994049072,0.09754590690135956,0.03276750445365906,0.017490992322564125,-0.004482942167669535,0.38461538461538464,0.6153846153846154,0.046622712165117264,0.017490992322564125,-0.004482942167669535,0.10071191489184796,0.2662337662337662,-0.07291452118678658,1.0,1,0.7206367254257202,0.07901442795991898,3.1092445850372314,0.39083656668663025,0.05596527084708214,0.2969463299566027,4,0.3333333333333333,0.26222222222222225,greedy,0.4666666666666667,0.896551724137931,0.07126203179359436,0.038930296897888184,0.0,1.3157154979376957,38.155749440193176,5.0,1.9333333333333333,12.0,0.40864435233090113,0.18604651162790697,0.5868269356740469,0.6989216891541704,0.5607804232804233,0.3010783108458296
2023-09-25,-0.14800768560251648,42.65318465483951,0.3303792981212336,4.067790548754537,10.8744495726068,16.06733910178993,-0.14053457091248797,-0.08528044084812827,0.2837467289164288,-0.30000000000000004,-0.30000000000000004,0.0674490759470226,0.011756971804614031,0.0,0.13343979349510804,0.18141475599492637,low_connectivity,partial_correlation,60,residual,30,80,0.1839080459770115,0.02,0,5.333333333333333,0.5043779611587524,0.4269030690193176,1.3609217405319214,0.09457086026668549,0.03157980740070343,0.017392342910170555,-0.00601424602791667,0.325,0.675,0.04626409709453583,0.017392342910170555,-0.00601424602791667,0.10410755803743464,0.25571725571725573,-0.08694773955318179,1.0,1,0.7176239490509033,0.04978746920824051,3.1066110134124756,0.3777685761451721,0.05722782015800476,0.28788797986586395,5,0.3333333333333333,0.22444444444444445,greedy,0.5,0.8620689655172413,0.07370135933160782,0.03894094005227089,0.0,1.3134699196651065,38.090627670288086,6.0,1.9333333333333333,11.0,0.4100573810238491,0.28260869565217395,0.372780973348424,0.5903427486664532,0.5383928571428571,0.4096572513335468
2023-09-26,-0.168280648515405,41.6645020200002,0.3143160878809355,-0.9886826348393072,8.76171980442139,11.760167958969621,-0.14625768722998628,-0.08528044084812827,0.2793231058200854,-0.30000000000000004,-0.30000000000000004,0.0674490759470226,0.02006557185898602,0.0,0.07267486020953969,0.22374486572707597,low_connectivity,partial_correlation,60,residual,30,80,0.1839080459770115,0.02,0,5.333333333333333,0.4953528940677643,0.44866353273391724,1.2965574264526367,0.09287867695093155,0.03134450688958168,0.017081135883927345,-0.0051773288287222385,0.3625,0.6375,0.04690394923090935,0.017081135883927345,-0.0051773288287222385,0.10853100019997818,0.25,-0.03389886784042191,1.0,1,0.7135130763053894,0.05882149189710617,3.0990147590637207,0.3874207139015198,0.058569248765707016,0.28599559807689867,4,0.36666666666666664,0.2733333333333333,greedy,0.4666666666666667,0.896551724137931,0.07380429655313492,0.038872964680194855,0.0,1.3163527907996342,38.17423093318939,5.0,1.9333333333333333,11.0,0.41027066506930693,0.2222222222222222,0.3654845473607439,0.5950688991829661,0.4953535353535353,0.4049311008170339
2023-09-27,-0.2650335630974783,37.05012320494293,0.2267091746369111,-4.614378815057272,-4.182676970460648,7.089759911284528,-0.15277450665736592,-0.08528044084812827,0.2586896226196983,-0.30000000000000004,-0.30000000000000004,0.0674490759470226,0.012149843902166776,0.0,0.010987976212052428,0.22374486572707597,low_connectivity,partial_correlation,60,residual,30,80,0.1839080459770115,0.02,0,5.333333333333333,0.485076367855072,0.4536628723144531,1.281888723373413,0.0909518152475357,0.029874658212065697,0.016726769506931305,-0.00472809374332428,0.3875,0.6125,0.04654497280716896,0.016726769506931305,-0.00472809374332428,0.10431672047026679,0.2389937106918239,-0.04970930263953862,1.0,1,0.6943383812904358,0.06983431428670883,3.1052138805389404,0.38356322050094604,0.05818404257297516,0.28139882976096897,4,0.3333333333333333,0.2688888888888889,greedy,0.4666666666666667,0.896551724137931,0.07388577610254288,0.0387069471180439,0.0,1.3181871792365765,38.22742819786072,4.0,1.9333333333333333,11.0,0.4101510062613935,0.16091954022988508,0.7025386785195316,0.7985710972484711,0.8625,0.20142890275152892
2023-09-28,-0.32023668742342765,34.513954020308844,0.18094900849858356,-2.5361691846340833,1.6535784271753684,5.284729715239298,-0.16475900914125452,-0.11350051400150891,0.21546332900891524,-0.30000000000000004,-0.30000000000000004,0.0674490759470226,-0.0035217419750784846,0.0,0.05488730701140065,0.22374486572707597,low_connectivity,partial_correlation,60,residual,30,78,0.1793103448275862,0.02,0,5.2,0.46617746353149414,0.43367356061935425,1.2493976354599,0.0896495133638382,0.02770490013062954,0.01607508584856987,-0.004901267122477293,0.3717948717948718,0.6282051282051282,0.045878633856773376,0.01607508584856987,-0.004901267122477293,0.09597327473095105,0.21670428893905191,-0.12716834973100843,1.0,1,0.6541681885719299,0.07240442931652069,3.114177942276001,0.32856109738349915,0.058179594576358795,0.2919387384032389,4,0.3333333333333333,0.2733333333333333,greedy,0.4666666666666667,0.896551724137931,0.07292024791240692,0.03845378756523132,0.0,1.3212597452361008,38.316532611846924,5.0,1.9333333333333333,11.0,0.40839632622811983,0.20454545454545459,0.3431062483972989,0.5031503632320902,0.5006868131868132,0.49684963676790983
2023-09-29,-0.33747802297327595,33.738798901068584,0.16566371681415928,-0.7751551192402601,-4.846595205016385,-1.8236737067467956,-0.14050874327687232,-0.08528044084812827,0.24642009601767387,-0.30000000000000004,-0.30000000000000004,0.0674490759470226,-0.019843627560571345,0.0,0.012870860752673336,0.18141475599492637,low_connectivity,partial_correlation,60,residual,30,80,0.1839080459770115,0.02,0,5.333333333333333,0.5044187307357788,0.4790419936180115,1.3315147161483765,0.09457850456237793,0.028825294226408005,0.017393747344613075,-0.0058336155489087105,0.35,0.65,0.04430093243718147,0.017393747344613075,-0.0058336155489087105,0.08728361384962248,0.20134228187919462,-0.15318984250932718,1.0,1,0.6829363107681274,0.08594885468482971,3.1391687393188477,0.332124799489975,0.05665632709860802,0.28833158185422164,5,0.23333333333333334,0.2088888888888889,greedy,0.4666666666666667,0.8620689655172413,0.07594643533229828,0.03924635425209999,0.0,1.3130137344886517,38.0773983001709,4.0,1.9333333333333333,12.0,0.40940299280473097,0.16279069767441856,0.6142717132589723,0.7284389110649607,0.7749999999999999,0.2715610889350393
2023-10-02,-0.4128120394583961,30.457112990254636,0.11571125265392782,-3.2816859108139482,-12.19607166458487,-2.789408974357329,-0.1450731099158472,-0.0993904774248185,0.24898278158386158,-0.30000000000000004,-0.30000000000000004,0.0674490759470226,-0.023069324420297445,0.0,-0.04312574122324342,0.18141475599492637,low_connectivity,partial_correlation,60,residual,30,79,0.18160919540229886,0.02,0,5.266666666666667,0.497220903635025,0.45804059505462646,1.3446877002716064,0.0944090336561203,0.027938369661569595,0.01714554987847805,-0.005626908503472805,0.35443037974683544,0.6455696202531646,0.04465421289205551,0.01714554987847805,-0.005626908503472805,0.08556627477931923,0.2073732718894009,-0.09327330361062597,1.0,1,0.6853178143501282,0.08183140307664871,3.137702226638794,0.34390580654144287,0.05667028948664665,0.28104829514552593,5,0.26666666666666666,0.2177777777777778,greedy,0.4666666666666667,0.8620689655172413,0.07568477839231491,0.039123550057411194,0.0,1.3149290290372124,38.13294184207916,5.0,1.9333333333333333,12.0,0.4087544694314515,0.1071428571428571,0.18090522351628427,0.3943173206894972,0.3962121212121212,0.6056826793105028
2023-10-03,-0.2994303014519309,35.46044131142958,0.19773611602405378,5.003328321174941,-6.204060708570623,5.486050175304875,-0.14127661875113798,-0.08528044084812827,0.2608898570249668,-0.30000000000000004,-0.30000000000000004,0.0674490759470226,0.016202990930176547,0.0,0.001170078250243061,0.18141475599492637,low_connectivity,partial_correlation,60,residual,30,80,0.1839080459770115,0.02,0,5.333333333333333,0.5032078623771667,0.4582308530807495,1.3423852920532227,0.09435145556926727,0.027922404929995537,0.017351992428302765,-0.004874841310083866,0.375,0.625,0.04528815299272537,0.017351992428302765,-0.004874841310083866,0.106474588382714,0.20394736842105263,-0.15654329522432883,1.0,1,0.6963830590248108,0.07765979319810867,3.1264114379882812,0.3653774559497833,0.057754844427108765,0.26957214710160865,5,0.26666666666666666,0.2177777777777778,greedy,0.4666666666666667,0.8620689655172413,0.07708939164876938,0.0393216647207737,0.0,1.3122506388302506,38.05526852607727,5.0,1.9333333333333333,10.0,0.4097320663232456,0.15116279069767447,0.4639923329682366,0.6220191612149047,0.6795238095238095,0.37798083878509525
2023-10-04,-0.25444962591479486,37.54516020271234,0.23585572842998587,2.084718891282762,0.4950369977694109,2.8151262425011865,-0.13556970465067705,-0.08528044084812827,0.25571990908196685,-0.30000000000000004,-0.30000000000000004,0.0674490759470226,0.029799182803444447,0.0,0.032017595756650294,0.18141475599492637,low_connectivity,partial_correlation,60,residual,30,80,0.1839080459770115,0.02,0,5.333333333333333,0.5122072100639343,0.46570974588394165,1.2978450059890747,0.09603885561227798,0.026841970160603523,0.01766231842339039,-0.004443960264325142,0.3875,0.6125,0.044536150991916656,0.01766231842339039,-0.004443960264325142,0.11371310846897068,0.22566371681415928,-0.16464695632839235,1.0,1,0.6915786266326904,0.07174862176179886,3.1342737674713135,0.3526695966720581,0.055993981659412384,0.27754514422134774,5,0.3,0.22666666666666668,greedy,0.4666666666666667,0.8620689655172413,0.07677479088306427,0.03940509259700775,0.0,1.3117691072924385,38.04130411148071,4.0,1.9333333333333333,11.0,0.4094813989896427,0.18181818181818177,0.3128654970760234,0.46262178642972596,0.42333333333333334,0.537378213570274
2023-10-05,-0.18656574025299924,40.77845627452878,0.30010604453870626,3.23329607181644,6.264502254219934,10.117636508160931,-0.12792780738271856,-0.08528044084812827,0.2670837246871164,-0.30000000000000004,-0.30000000000000004,0.0674490759470226,0.05737686540458029,0.0,0.010987976212052428,0.22374486572707597,low_connectivity,partial_correlation,60,residual,30,80,0.1839080459770115,0.02,0,5.333333333333333,0.524258017539978,0.47891294956207275,1.3784499168395996,0.09829838573932648,0.02917383424937725,0.01807786338031292,-0.005084794480353594,0.3625,0.6375,0.044549498707056046,0.01807786338031292,-0.005084794480353594,0.12839527913127344,0.21476510067114093,-0.17848606264732317,1.0,1,0.7021390199661255,0.101439468562603,3.140723705291748,0.34236520528793335,0.056426845490932465,0.28160000706360877,4,0.3,0.26,greedy,0.4666666666666667,0.896551724137931,0.07733754068613052,0.03959065303206444,0.0,1.3099281335699147,37.98791587352753,5.0,1.9333333333333333,15.0,0.40948584822802253,0.16091954022988508,0.7233468286099866,0.7695272027612288,0.660952380952381,0.23047279723877123
2023-10-06,-0.2209145660213214,39.130521011335624,0.2678445229681979,-1.6479352631931548,5.39172211026704,9.800956729230922,-0.12469078939110034,-0.07117040427143786,0.267719858223481,-0.30000000000000004,-0.30000000000000004,0.0674490759470226,0.038264314498255084,0.0,-0.02223148675461771,0.22374486572707597,low_connectivity,partial_correlation,60,residual,30,81,0.18620689655172415,0.02,0,5.4,0.5293625593185425,0.4722314476966858,1.4381822347640991,0.09803011268377304,0.028037618845701218,0.018253883346915245,-0.005463846027851105,0.345679012345679,0.654320987654321,0.044871777296066284,0.018253883346915245,-0.005463846027851105,0.11821988701231931,0.2033898305084746,-0.2332683306705343,1.0,1,0.7027301788330078,0.09855083376169205,3.139864206314087,0.34724709391593933,0.05615147575736046,0.28484282129111316,4,0.26666666666666666,0.2511111111111111,greedy,0.4666666666666667,0.896551724137931,0.07625580579042435,0.03953336179256439,0.0,1.309713236216841,37.98168385028839,5.0,1.9333333333333333,12.0,0.41035955794926343,0.12790697674418605,0.14308739255014327,0.33100019745073955,0.3353896103896104,0.6689998025492605
2023-10-09,-0.19715156258727184,40.26818415268731,0.29070999646767925,1.1376631413516876,9.811071162432675,10.781207863822832,-0.12864008835750915,-0.08528044084812827,0.27150869470867295,-0.30000000000000004,-0.30000000000000004,0.0674490759470226,0.055128174490070896,0.0,0.04126826547767294,0.18141475599492637,low_connectivity,partial_correlation,60,residual,30,80,0.1839080459770115,0.02,0,5.333333333333333,0.5231348276138306,0.485894113779068,1.4040733575820923,0.09808777272701263,0.027703367173671722,0.01803913153707981,-0.0046658823266625404,0.375,0.625,0.04455364868044853,0.01803913153707981,-0.0046658823266625404,0.12719809138163138,0.2292576419213974,-0.1165096941356915,1.0,1,0.7062511444091797,0.11067165434360504,3.1418497562408447,0.38687586784362793,0.05499572306871414,0.2760564535104936,5,0.23333333333333334,0.20444444444444448,greedy,0.4666666666666667,0.8620689655172413,0.07589316368103027,0.03949175029993057,0.0,1.309559468565316,37.977224588394165,5.0,1.9333333333333333,13.0,0.4094872315524867,0.1910112359550562,0.4654531155276654,0.6407834944861868,0.6160714285714286,0.35921650551381323
2023-10-10,-0.24572532395170224,37.955189167316306,0.24187853107344634,-2.312994985371006,2.494747855886729,4.8237523777278,-0.125404783073823,-0.08528044084812827,0.2681434982726531,-0.30000000000000004,-0.30000000000000004,0.0674490759470226,0.016153164275684827,0.0,-0.010530704252187325,0.22374486572707597,low_connectivity,partial_correlation,60,residual,30,80,0.1839080459770115,0.02,0,5.333333333333333,0.5282366871833801,0.446538507938385,1.3656262159347534,0.09904437512159348,0.02684507705271244,0.018215058371424675,-0.0051817395724356174,0.35,0.65,0.04418402165174484,0.018215058371424675,-0.0051817395724356174,0.10644806101073137,0.19290465631929046,-0.1302755815256561,1.0,1,0.7031238675117493,0.09419774264097214,3.1457808017730713,0.37284061312675476,0.05598442256450653,0.2759373250861536,4,0.3,0.26,greedy,0.4666666666666667,0.896551724137931,0.07538075745105743,0.03940209746360779,0.0,1.310004608384494,37.99013364315033,5.0,1.9333333333333333,10.0,0.40936402254291876,0.13953488372093026,0.4471258265360297,0.6258350942623653,0.5716666666666667,0.3741649057376347
2023-10-11,-0.324798668396825,34.3080282295693,0.17790328273914577,-3.647160937747003,-3.237131973143036,0.6678936027606568,-0.1392877195379387,-0.0993904774248185,0.23023306950295727,-0.30000000000000004,-0.30000000000000004,0.0674490759470226,0.033612548870783056,0.0,0.001170078250243061,0.18141475599492637,low_connectivity,partial_correlation,60,residual,30,79,0.18160919540229886,0.02,0,5.266666666666667,0.5063441395759583,0.4900117516517639,1.3058421611785889,0.09614130109548569,0.02544429339468479,0.017460143193602562,-0.004742293618619442,0.35443037974683544,0.6455696202531646,0.0433761291205883,0.017460143193602562,-0.004742293618619442,0.11574331862869576,0.1958041958041958,-0.09098161606951835,1.0,1,0.6678937077522278,0.0929231345653534,3.1542551517486572,0.34158623218536377,0.05407359078526497,0.2835838462659292,5,0.26666666666666666,0.21111111111111114,greedy,0.4666666666666667,0.8620689655172413,0.07439324259757996,0.03905050829052925,0.0,1.3127630003567399,38.07012701034546,4.0,1.9333333333333333,10.0,0.4083284415076291,0.15116279069767447,0.46014319809069215,0.5768820156840855,0.654265873015873,0.4231179843159145
2023-10-12,-0.3224770323906487,34.41275264700802,0.1803105151729005,0.10472441743871741,-6.365703627520759,0.28995390613501826,-0.13206098267271477,-0.08528044084812827,0.2579134730004657,-0.30000000000000004,-0.30000000000000004,0.0674490759470226,0.054161264005720834,0.0,-0.06607417781794109,0.18141475599492637,low_connectivity,partial_correlation,60,residual,30,80,0.1839080459770115,0.02,0,5.333333333333333,0.5177403092384338,0.4814298450946808,1.426863193511963,0.09707631170749664,0.027340855449438095,0.017853112891316414,-0.005161270033568144,0.35,0.65,0.044217441231012344,0.017853112891316414,-0.005161270033568144,0.12668331481567682,0.21428571428571427,-0.10963602421426392,1.0,1,0.6936171054840088,0.09109674394130707,3.1463639736175537,0.37135767936706543,0.054691459983587265,0.2722504776150715,5,0.23333333333333334,0.20444444444444448,greedy,0.4666666666666667,0.8620689655172413,0.07485595345497131,0.039264705032110214,0.0,1.3123553128078067,38.05830407142639,5.0,1.9333333333333333,12.0,0.40937516240267463,0.08433734939759041,0.8212594908441269,0.8819743142505306,0.8778571428571429,0.11802568574946937
2023-10-13,-0.2660927737344363,37.000728819912645,0.2271604938271605,2.587976172904625,-2.129792191422979,-1.0141648626189053,-0.13307778311782792,-0.07117040427143786,0.25018058293409456,-0.30000000000000004,-0.30000000000000004,0.0674490759470226,0.019012375801254245,0.0,-0.02223148675461771,0.22374486572707597,low_connectivity,partial_correlation,60,residual,30,81,0.18620689655172415,0.02,0,5.4,0.516136884689331,0.47143906354904175,1.3519212007522583,0.09558089822530746,0.0280236154794693,0.017797822132706642,-0.005701584741473198,0.3333333333333333,0.6666666666666666,0.04391732066869736,0.017797822132706642,-0.005701584741473198,0.10797028578157938,0.19693654266958424,-0.11175070521573108,1.0,1,0.6864309310913086,0.08632449060678482,3.1476099491119385,0.36607232689857483,0.05617614835500717,0.2784261672193331,4,0.3,0.25555555555555554,greedy,0.4666666666666667,0.896551724137931,0.07372256368398666,0.039063937962055206,0.0,1.314143702901643,38.110167384147644,5.0,1.9333333333333333,11.0,0.4100414057401405,0.12790697674418605,0.6398246610926211,0.7423183890750861,0.6669191919191919,0.25768161092491393
2023-10-16,-0.1648484039051122,41.831439631658235,0.3198166431593794,4.83071081174559,1.5632554789709232,10.052704549425528,-0.12927694167497122,-0.07117040427143786,0.2558965487027723,-0.30000000000000004,-0.30000000000000004,0.0674490759470226,0.05854656029022523,0.0,0.029961891374200873,0.22374486572707597,low_connectivity,partial_correlation,60,residual,30,81,0.18620689655172415,0.02,0,5.4,0.52213054895401,0.4594407081604004,1.3457603454589844,0.096690833568573,0.026840541511774063,0.01800450123846531,-0.006050663534551859,0.3333333333333333,0.6666666666666666,0.04439361393451691,0.01800450123846531,-0.006050663534551859,0.12901801673335006,0.1962025316455696,-0.16914338224353917,1.0,1,0.6917427778244019,0.0745655745267868,3.1389684677124023,0.3546217083930969,0.05706822872161865,0.2772863307421959,4,0.3333333333333333,0.28,greedy,0.4666666666666667,0.896551724137931,0.07381167262792587,0.039213523268699646,0.0,1.3132389866072556,38.08393061161041,5.0,1.9333333333333333,10.0,0.4102001701620803,0.1797752808988764,0.41862470359991377,0.5478966203648244,0.5683170995670995,0.45210337963517555
2023-10-17,-0.17877026062847642,41.155506650074095,0.30842439196334154,-0.6759329815841397,3.2003174827577894,8.252724434495285,-0.12370920222107058,-0.07117040427143786,0.28851619109606313,-0.30000000000000004,-0.30000000000000004,0.0674490759470226,0.027251328591970325,0.0,0.009147884501900051,0.22374486572707597,low_connectivity,partial_correlation,60,residual,30,81,0.18620689655172415,0.02,0,5.4,0.5309104323387146,0.5058127045631409,1.3913778066635132,0.0983167514204979,0.027232803404331207,0.018307259306311607,-0.006641786079853773,0.32098765432098764,0.6790123456790124,0.04546499252319336,0.018307259306311607,-0.006641786079853773,0.11235664821462032,0.21818181818181817,-0.12495423109117863,1.0,1,0.7220562100410461,0.06808612495660782,3.1202096939086914,0.3976692259311676,0.0575878843665123,0.28289981457398694,4,0.3,0.26222222222222225,greedy,0.5,0.896551724137931,0.07403208315372467,0.039287127554416656,0.0,1.3122718663051212,38.05588412284851,5.0,1.9333333333333333,12.0,0.4105572963583058,0.15909090909090906,0.34338687628161313,0.5515881117069581,0.508982683982684,0.4484118882930419
2023-10-18,-0.27839645757280657,36.42898415116421,0.2142353770260747,-4.726522498909887,2.1209559215949056,-4.803816024239367,-0.12279441066039168,-0.05706036769474763,0.29352604735659016,-0.30000000000000004,-0.30000000000000004,0.0674490759470226,0.05011167295508528,0.0,-0.09104323147129152,0.18141475599492637,low_connectivity,partial_correlation,60,residual,30,82,0.18850574712643678,0.02,0,5.466666666666667,0.5323531031608582,0.4963342547416687,1.4135621786117554,0.09738165885210037,0.02803025394678116,0.01835700310766697,-0.0064467210322618484,0.32926829268292684,0.6707317073170732,0.045979224145412445,0.01835700310766697,-0.0064467210322618484,0.12452734008139961,0.23529411764705882,-0.14670045022868475,1.0,1,0.7267118692398071,0.07544378936290741,3.117985248565674,0.3915448784828186,0.057976312935352325,0.2693982293287447,5,0.3,0.2177777777777778,greedy,0.5,0.8620689655172413,0.07386237382888794,0.03926127776503563,0.0,1.3146593406282623,38.125120878219604,5.0,1.9333333333333333,10.0,0.41149499042394977,0.059523809523809534,0.8091268100043879,0.8726141710201691,0.8388888888888888,0.12738582897983086
2023-10-19,-0.19286186219359785,40.47471494514511,0.29517435716801693,4.045730793980901,6.0619622981370895,7.614339352011633,-0.11333810486335355,-0.05706036769474763,0.30000000000000004,-0.30000000000000004,-0.30000000000000004,0.0674490759470226,0.02132363525529754,0.0,0.007349143167256854,0.18141475599492637,low_connectivity,partial_correlation,60,residual,30,82,0.18850574712643678,0.02,0,5.466666666666667,0.5472651720046997,0.5049611330032349,1.4386967420578003,0.10010948777198792,0.02898966521024704,0.018871210515499115,-0.006103393621742725,0.34146341463414637,0.6585365853658537,0.04572411626577377,0.018871210515499115,-0.006103393621742725,0.10920078459614355,0.2134387351778656,-0.18772921377500038,1.0,1,0.7397220134735107,0.0629095584154129,3.1163556575775146,0.38372349739074707,0.058233924210071564,0.26186424807856196,5,0.26666666666666666,0.21555555555555556,greedy,0.5,0.8620689655172413,0.07411804050207138,0.03963816910982132,0.0,1.3098275373721946,37.98499858379364,4.0,1.9333333333333333,12.0,0.4114099544640702,0.1573033707865169,0.5886560184309613,0.7628714154486005,0.6917460317460318,0.2371285845513995
2023-10-20,-0.321208893607368,34.47001999750658,0.18098591549295776,-6.0046949476385265,-2.530708822406062,-4.115374108578386,-0.12400697362214082,-0.0993904774248185,0.27867491409609857,-0.30000000000000004,-0.30000000000000004,0.0674490759470226,-0.0036028189955818607,0.0,0.020582740129275173,0.13908464626277692,low_connectivity,partial_correlation,60,residual,30,79,0.18160919540229886,0.02,0,5.266666666666667,0.5304409861564636,0.4805280566215515,1.2989764213562012,0.10071664303541183,0.027061689645051956,0.018291067332029343,-0.004525543190538883,0.3924050632911392,0.6075949367088608,0.04535729065537453,0.018291067332029343,-0.004525543190538883,0.09593010987663611,0.1895424836601307,-0.19913770884069945,1.0,1,0.7129107117652893,0.0716104507446289,3.119993209838867,0.3581731915473938,0.05809938535094261,0.2658993672538265,6,0.23333333333333334,0.18222222222222223,greedy,0.5,0.8275862068965517,0.07355774194002151,0.03949688747525215,0.0,1.3107036722117458,38.010406494140625,5.0,1.9333333333333333,11.0,0.40898882868589115,0.17045454545454541,0.6040091403942259,0.6938233296395123,0.6628571428571429,0.3061766703604877
2023-10-23,-0.20957911643857424,39.67181951502674,0.2815909890883492,5.201799517520158,-2.159620116631494,-2.981365139812766,-0.11978343586164847,-0.08528044084812827,0.2847800129727744,-0.30000000000000004,-0.30000000000000004,0.0674490759470226,0.08255818319901774,0.0,-0.02071726784253851,0.18141475599492637,low_connectivity,partial_correlation,60,residual,30,80,0.1839080459770115,0.02,0,5.333333333333333,0.537101149559021,0.5087620615959167,1.4345014095306396,0.10070648044347763,0.025253623723983765,0.01852073147892952,-0.005376670975238085,0.3625,0.6375,0.045566461980342865,0.01852073147892952,-0.005376670975238085,0.14180164146805602,0.1858974358974359,-0.19544594688817607,1.0,1,0.7185841798782349,0.060863375663757324,3.1230111122131348,0.3791005611419678,0.05777376890182495,0.2601041045154755,5,0.23333333333333334,0.20444444444444448,greedy,0.4666666666666667,0.8620689655172413,0.07392487674951553,0.03951244056224823,0.0,1.3105553964088703,38.00610649585724,5.0,1.9333333333333333,11.0,0.4098248359857848,0.12941176470588234,0.3182600053514774,0.5324539302060237,0.4425925925925926,0.4675460697939763
2023-10-24,-0.16563329273717803,41.79324753529072,0.32054890921886,2.121428020263977,0.6377408852166226,0.12874551529051814,-0.12771347911209893,-0.08528044084812827,0.29101422425202145,-0.30000000000000004,-0.30000000000000004,0.0674490759470226,0.11801327528126626,0.0,-0.010530704252187325,0.18141475599492637,low_connectivity,partial_correlation,60,residual,30,80,0.1839080459770115,0.02,0,5.333333333333333,0.5245960354804993,0.4535815715789795,1.4835193157196045,0.09836175292730331,0.026087254285812378,0.018089517951011658,-0.004952473100274801,0.375,0.625,0.04714392125606537,0.018089517951011658,-0.004952473100274801,0.16067769136420618,0.22699386503067484,-0.16975476909167975,1.0,1,0.7243776321411133,0.05931326001882553,3.102764368057251,0.3812655806541443,0.05928748846054077,0.27112473670544124,5,0.26666666666666666,0.22444444444444445,greedy,0.4666666666666667,0.8620689655172413,0.07281707227230072,0.03925254940986633,0.0,1.31330590001468,38.08587110042572,4.0,1.9333333333333333,12.0,0.41035065574435897,0.13953488372093026,0.4492811432337282,0.6350385092708815,0.5972222222222222,0.36496149072911854
2023-10-25,-0.06507695216065452,46.75073798284534,0.4083714386211748,4.957490447554619,10.321753831681129,9.700614777902409,-0.13914285870104398,-0.08528044084812827,0.2621382001403394,-0.30000000000000004,-0.30000000000000004,0.0674490759470226,0.07135077809472995,0.0,0.09233331774720051,0.2660749754592254,low_connectivity,partial_correlation,60,residual,30,80,0.1839080459770115,0.02,0,5.333333333333333,0.5065726637840271,0.4363110065460205,1.5869498252868652,0.09498236328363419,0.026542387902736664,0.01746802031993866,-0.003543265163898468,0.4125,0.5875,0.04777700826525688,0.01746802031993866,-0.003543265163898468,0.13583489521157618,0.21774193548387097,-0.22378535866802118,1.0,1,0.6975431442260742,0.06971830129623413,3.1026699542999268,0.3345855176448822,0.0609920434653759,0.26206817419669065,3,0.36666666666666664,0.3355555555555555,greedy,0.4666666666666667,0.9310344827586207,0.06927981227636337,0.03889193385839462,0.0,1.316937068413044,38.19117498397827,4.0,1.9333333333333333,11.0,0.4105616847474228,0.2417582417582418,0.2747820383175271,0.37410926605352457,0.3621978021978022,0.6258907339464754
2023-10-26,-0.33404055763367174,33.8926644257567,0.16842475386779185,-12.858073557088638,-6.58205051938841,-0.6212895945521453,-0.1594445106821902,-0.0993904774248185,0.21097582317389266,-0.30000000000000004,-0.30000000000000004,0.0674490759470226,0.042400508395914166,0.0,0.02255426696158128,0.18141475599492637,low_connectivity,partial_correlation,60,residual,30,79,0.18160919540229886,0.02,0,5.266666666666667,0.4745582044124603,0.42121049761772156,1.4432275295257568,0.09010596573352814,0.026451600715517998,0.016364073380827904,-0.003500760067254305,0.4050632911392405,0.5949367088607594,0.046873271465301514,0.016364073380827904,-0.003500760067254305,0.12042196851336989,0.2129032258064516,-0.142059489892405,1.0,1,0.6499979496002197,0.08942046761512756,3.1127407550811768,0.30967995524406433,0.05754029005765915,0.2658503032424087,5,0.36666666666666664,0.25999999999999995,greedy,0.4666666666666667,0.8620689655172413,0.06749102473258972,0.03817262127995491,0.0,1.3231127673181995,38.37027025222778,4.0,1.9333333333333333,14.0,0.4094941556225335,0.1724137931034483,0.4948935159528145,0.604765770834738,0.6793650793650793,0.39523422916526196
2023-10-27,-0.10129276506536868,44.95261239340335,0.3771528998242531,11.05994796764665,10.482592395896766,11.213813492334765,-0.188370571963608,-0.14172058715488953,0.1878632279098267,-0.30000000000000004,-0.30000000000000004,0.0674490759470226,0.07051902232326618,0.0,0.23689209241378806,0.2660749754592254,low_connectivity,partial_correlation,60,residual,30,76,0.17471264367816092,0.02,0,5.066666666666666,0.4289435148239136,0.3652985692024231,1.2074012756347656,0.08465990424156189,0.024558963254094124,0.014791155233979225,-0.002238212153315544,0.4342105263157895,0.5657894736842105,0.050138238817453384,0.014791155233979225,-0.002238212153315544,0.13539207409558135,0.26865671641791045,-0.1766226512051188,1.0,1,0.6285194158554077,0.05293478071689606,3.0551867485046387,0.30583253502845764,0.06368859857320786,0.3066679575686697,3,0.4666666666666667,0.3622222222222223,greedy,0.4666666666666667,0.9310344827586207,0.07033788412809372,0.03766249492764473,0.0,1.3286739300037254,38.53154397010803,5.0,1.9333333333333333,10.0,0.40828362749853814,0.38541666666666663,0.20262735813029864,0.39260530968536855,0.3516955266955267,0.6073946903146314
2023-10-30,-0.1721691266718025,41.47560498656553,0.3158819395643008,-3.4770074068378207,1.803785471538788,11.018491996310892,-0.16740747217909513,-0.12761055057819914,0.2626673493312054,-0.30000000000000004,-0.30000000000000004,0.0674490759470226,0.09925612966406124,0.0,0.11206158514827624,0.18141475599492637,low_connectivity,partial_correlation,60,residual,30,77,0.17701149425287357,0.02,0,5.133333333333334,0.4620010256767273,0.38804295659065247,1.292253017425537,0.0900001972913742,0.02487117610871792,0.01593106985092163,-0.002957909367978573,0.4155844155844156,0.5844155844155844,0.050808582454919815,0.01593106985092163,-0.002957909367978573,0.15069151460408473,0.3148148148148148,-0.0761042202238752,1.0,1,0.6980348825454712,0.03512796387076378,3.0484068393707275,0.3806050419807434,0.06183313578367233,0.2813608719290956,5,0.26666666666666666,0.22444444444444445,greedy,0.5,0.8620689655172413,0.07471521198749542,0.038270145654678345,0.0,1.3222528367206967,38.34533226490021,5.0,1.9333333333333333,11.0,0.4092733589025978,0.26136363636363635,0.39594414022584956,0.599679467267723,0.6064814814814815,0.40032053273227697
2023-10-31,-0.12544121957417367,43.76063126943078,0.3544081489286969,2.2850262828652532,1.9673837341400642,8.300189958001205,-0.16515690544803374,-0.1558306237315798,0.24018607715631438,-0.30000000000000004,-0.30000000000000004,0.0674490759470226,0.08336991410835304,0.0,0.18079637666667406,0.22374486572707597,low_connectivity,partial_correlation,60,residual,30,75,0.1724137931034483,0.02,0,5.0,0.46554994583129883,0.47406089305877686,1.1787464618682861,0.09311000257730484,0.025007041171193123,0.016053449362516403,-0.001223924569785595,0.4533333333333333,0.5466666666666666,0.048531319946050644,0.016053449362516403,-0.001223924569785595,0.14223380148364181,0.3013392857142857,-0.0651897772334296,1.0,1,0.6771430373191833,0.03323959559202194,3.0612618923187256,0.33180665969848633,0.06048184633255005,0.2916991201101314,4,0.3,0.25555555555555554,greedy,0.4666666666666667,0.896551724137931,0.07342119514942169,0.0382913276553154,0.0,1.318715864214404,38.24276006221771,6.0,1.9333333333333333,12.0,0.406981704349833,0.3296703296703297,0.6176424423167478,0.6987102821469366,0.6027777777777776,0.30128971785306335
2023-11-01,-0.3420827507798531,33.53322408198886,0.15976123595505617,-10.22740718744192,-13.217513900856474,-4.011936120723476,-0.16327364606008476,-0.14172058715488953,0.22913577442934097,-0.30000000000000004,-0.30000000000000004,0.035972840505078714,0.043633628280112496,0.0,0.11508459295781222,0.13908464626277692,low_connectivity,partial_correlation,60,residual,30,76,0.17471264367816092,0.02,0,5.066666666666666,0.46851980686187744,0.46426868438720703,1.1665853261947632,0.09247101843357086,0.02534255012869835,0.016155855730175972,-0.00204656645655632,0.4342105263157895,0.5657894736842105,0.0477912537753582,0.016155855730175972,-0.00204656645655632,0.12107847315332587,0.23024830699774265,-0.12033819985210076,0.9666666666666667,2,0.6668739914894104,1.2331994092562581e-08,3.06520938873291,0.3677850067615509,0.06213495135307312,0.24204664200882567,6,0.26666666666666666,0.19777777777777783,greedy,0.5,0.8275862068965517,0.07357513904571533,0.03838948905467987,0.0,1.3178280222004857,38.21701264381409,6.0,1.9333333333333333,14.0,0.39639018804006193,0.26436781609195403,0.28559697815733287,0.49754259470173057,0.48863636363636365,0.5024574052982694
2023-11-02,-0.5781787454488743,23.932977794517882,0.04282204282204282,-9.60024628747098,-9.959686631238817,-16.845478480010897,-0.17086474441077798,-0.16994066030827018,0.2059495472536248,-0.30000000000000004,-0.30000000000000004,0.035972840505078714,-0.016516916797215536,0.0,-0.0018634579540907925,0.13908464626277692,low_connectivity,partial_correlation,60,residual,30,74,0.17011494252873563,0.02,0,4.933333333333334,0.45654913783073425,0.47950080037117004,1.130582332611084,0.09254373610019684,0.027019741013646126,0.01574307307600975,-0.00208604265935719,0.44594594594594594,0.5540540540540541,0.047273579984903336,0.01574307307600975,-0.00208604265935719,0.0890547320352273,0.22355769230769232,-0.11708697692299988,0.9666666666666667,2,0.6453270316123962,1.386050833569047e-16,3.0580337047576904,0.3488500416278839,0.06316043436527252,0.25411345672818114,6,0.23333333333333334,0.19333333333333336,greedy,0.5666666666666667,0.8275862068965517,0.07224123179912567,0.038187626749277115,0.0,1.3193734678728828,38.2618305683136,7.0,1.9333333333333333,11.0,0.3946850630601019,0.14814814814814814,0.4568055397888523,0.6819651907276847,0.6901455026455027,0.3180348092723153
2023-11-03,-0.30064035772639724,35.405074095081254,0.1975438596491228,11.472096300563372,-9.547538298322095,-3.72544691625437,-0.16382921425909067,-0.14172058715488953,0.19093870714643546,-0.30000000000000004,-0.30000000000000004,0.0674490759470226,-0.0005314760166666753,0.0,0.16563838061586533,0.18141475599492637,low_connectivity,partial_correlation,60,residual,30,76,0.17471264367816092,0.02,0,5.066666666666666,0.46764373779296875,0.4767697751522064,1.1371148824691772,0.09229809790849686,0.028584152460098267,0.016125645488500595,-0.003495382145047188,0.3815789473684211,0.618421052631579,0.046248435974121094,0.016125645488500595,-0.003495382145047188,0.09756527199054922,0.19134396355353075,-0.28096971266406257,1.0,1,0.6313774585723877,0.05502528324723244,3.0973033905029297,0.3338795304298401,0.06163692846894264,0.2797350233851981,5,0.3,0.23777777777777778,greedy,0.5,0.8620689655172413,0.0725000873208046,0.03836792707443237,0.0,1.3174710808129146,38.206661343574524,5.0,1.9333333333333333,9.0,0.4069870265507607,0.3146067415730337,0.3560214831646354,0.6027929357442394,0.4273388648388648,0.3972070642557606
2023-11-06,-0.3965614543589447,31.149851400279438,0.12276394247632409,-4.255222694801816,-10.32575358628609,-9.118332752407873,-0.15802611448116452,-0.11350051400150891,0.22745968634986108,-0.30000000000000004,-0.30000000000000004,0.035972840505078714,0.033973075012726436,0.0,0.038474925993285704,0.13908464626277692,low_connectivity,partial_correlation,60,residual,30,78,0.1793103448275862,0.02,0,5.2,0.47679489850997925,0.4544864594936371,1.198196291923523,0.09169132262468338,0.028237922117114067,0.01644120179116726,-0.003676618216559291,0.3974358974358974,0.6025641025641025,0.047529593110084534,0.01644120179116726,-0.003676618216559291,0.11593526029474482,0.25894736842105265,-0.1849809354749445,0.9666666666666667,2,0.6653164029121399,1.2845808861072783e-09,3.0741889476776123,0.36786359548568726,0.061963051557540894,0.23711072259008736,6,0.26666666666666666,0.20444444444444448,greedy,0.4666666666666667,0.8275862068965517,0.07309303432703018,0.03851822018623352,0.0,1.319069870587053,38.253026247024536,6.0,1.9333333333333333,10.0,0.39783553486811246,0.18823529411764706,0.5382243415842418,0.7170072307714248,0.49404761904761907,0.2829927692285752
2023-11-07,-0.41393143826230466,30.409714323053734,0.11395511921458626,-0.7401370772257039,-13.350916946377048,-7.545474844262571,-0.15587759088869604,-0.11350051400150891,0.2360744275950463,-0.30000000000000004,-0.30000000000000004,0.004496605063134826,0.06099293924798628,0.0,0.014798048458956,0.13908464626277692,low_connectivity,partial_correlation,60,residual,30,78,0.1793103448275862,0.02,0,5.2,0.4801829755306244,0.43447345495224,1.2144067287445068,0.09234286844730377,0.02890586480498314,0.016558032482862473,-0.003921914845705032,0.38461538461538464,0.6153846153846154,0.04816248267889023,0.016558032482862473,-0.003921914845705032,0.13032045225275207,0.24273858921161826,-0.26604140120071074,0.9333333333333333,3,0.6733220815658569,2.2088289923787204e-16,3.0545055866241455,0.3587822914123535,0.06514804810285568,0.2409535327089888,6,0.3,0.22888888888888892,greedy,0.5,0.8275862068965517,0.07340677827596664,0.038600340485572815,0.0,1.3179826448703635,38.22149670124054,6.0,1.9333333333333333,10.0,0.38693538694660323,0.16470588235294115,0.544252271439122,0.743868671036978,0.6667568542568544,0.25613132896302204
2023-11-08,-0.5946021230728286,23.34012859231713,0.03925692253767964,-7.0695857307366055,-10.193095489671734,-10.967899637252174,-0.16876808161449267,-0.14172058715488953,0.20431643250237286,-0.30000000000000004,-0.30000000000000004,0.004496605063134826,0.01954453193144691,0.0,-0.05155567006317777,0.13908464626277692,low_connectivity,partial_correlation,60,residual,30,76,0.17471264367816092,0.02,0,5.066666666666666,0.45985540747642517,0.4292159676551819,1.1232091188430786,0.09076095372438431,0.02837284654378891,0.015857083722949028,-0.003754923352971673,0.3815789473684211,0.618421052631579,0.047584597021341324,0.015857083722949028,-0.003754923352971673,0.10825360208612476,0.234375,-0.21510917450846048,0.9333333333333333,3,0.6438093781471252,0.0,3.0574517250061035,0.33097872138023376,0.06483852118253708,0.25557788767210543,6,0.3,0.22666666666666668,greedy,0.5,0.8275862068965517,0.07232239842414856,0.03837166726589203,0.0,1.3205727051044334,38.296608448028564,5.0,1.9333333333333333,12.0,0.38521019134427853,0.09876543209876543,0.5207439198855508,0.7041219027775913,0.7800925925925926,0.29587809722240865
2023-11-09,-0.36732868188300055,32.41735342290592,0.14190609670637702,9.07722483058879,8.484375628388037,-1.9953992241021012,-0.14844594564647884,-0.14172058715488953,0.260126855961386,-0.30000000000000004,-0.30000000000000004,0.035972840505078714,0.004593531746135916,0.0,0.04072986671084091,0.18141475599492637,low_connectivity,partial_correlation,60,residual,30,76,0.17471264367816092,0.02,0,5.066666666666666,0.4919021427631378,0.4474656581878662,1.2137174606323242,0.09708594530820847,0.028604641556739807,0.016962144523859024,-0.0031243651174008846,0.39473684210526316,0.6052631578947368,0.04770172759890556,0.016962144523859024,-0.0031243651174008846,0.10029379126852492,0.20945945945945946,-0.20867534309094976,0.9666666666666667,2,0.6956740021705627,5.652163181935066e-09,3.064180612564087,0.3636968731880188,0.06397482752799988,0.2372949034602646,5,0.3333333333333333,0.2555555555555556,greedy,0.5333333333333333,0.8620689655172413,0.0753568708896637,0.03910009562969208,0.0,1.312016540560229,38.04847967624664,5.0,1.9333333333333333,12.0,0.39636034598124437,0.19047619047619047,0.29931972789115646,0.5030918544825508,0.49202279202279203,0.4969081455174492
2023-11-10,-0.41923623530657167,30.185659684024742,0.11103327495621716,-2.2316937388811766,-5.219414411056512,-6.815069135887903,-0.14821332565514467,-0.14172058715488953,0.2690766608881572,-0.30000000000000004,-0.30000000000000004,0.035972840505078714,-0.012085114170520423,0.0,-0.0036814657141793134,0.18141475599492637,low_connectivity,partial_correlation,60,residual,30,76,0.17471264367816092,0.02,0,5.066666666666666,0.49226900935173035,0.46464240550994873,1.2217082977294922,0.09715833514928818,0.02879374288022518,0.01697479374706745,-0.0028761529829353094,0.40789473684210525,0.5921052631578947,0.04798469692468643,0.01697479374706745,-0.0028761529829353094,0.0914141936131954,0.20945945945945946,-0.20180408417711415,0.9666666666666667,2,0.7039910554885864,6.422913312320588e-09,3.059377908706665,0.3792698085308075,0.06488144397735596,0.24636351290198485,5,0.3,0.25333333333333335,greedy,0.4666666666666667,0.8620689655172413,0.07596943527460098,0.03917045146226883,0.0,1.3123218766574203,38.057334423065186,5.0,1.9333333333333333,12.0,0.396454669089838,0.14634146341463417,0.32891485059537184,0.5053484611204823,0.4104273504273504,0.49465153887951774
2023-11-13,-0.3727039945038934,32.18226992125757,0.13865546218487396,1.9966102372328294,1.0324185209781334,-9.649169710400663,-0.15677737912789,-0.1558306237315798,0.2473201627565129,-0.30000000000000004,-0.30000000000000004,0.0674490759470226,-0.003205182236846493,0.0,-0.03773502357033791,0.2660749754592254,low_connectivity,partial_correlation,60,residual,30,75,0.1724137931034483,0.02,0,5.0,0.47876402735710144,0.4506379961967468,1.1968774795532227,0.09575280547142029,0.02899865433573723,0.016509104520082474,-0.002781869610771537,0.41333333333333333,0.5866666666666667,0.04811713844537735,0.016509104520082474,-0.002781869610771537,0.09614180898267764,0.21577726218097448,-0.21177903587825397,1.0,1,0.6837727427482605,0.05539964884519577,3.0647828578948975,0.3528676927089691,0.06454238295555115,0.2653122107651562,3,0.4,0.34222222222222226,greedy,0.5333333333333333,0.9310344827586207,0.07452750205993652,0.038929082453250885,0.0,1.3142516489686638,38.11329782009125,5.0,1.9333333333333333,11.0,0.4068436438496086,0.11250000000000004,0.5078149668455952,0.5900883155888889,0.4674708624708625,0.40991168441111114
2023-11-14,-0.49893122714131616,26.93618958774136,0.06860343017150858,-5.246080333516211,-3.473524735312374,-14.219317062332735,-0.1577846226627422,-0.16994066030827018,0.24087365040796077,-0.30000000000000004,-0.30000000000000004,0.035972840505078714,0.025441259843992554,0.0,-0.01257834119011271,0.13908464626277692,low_connectivity,partial_correlation,60,residual,30,74,0.17011494252873563,0.02,0,4.933333333333334,0.47717568278312683,0.45880788564682007,1.1931360960006714,0.09672479331493378,0.026864998042583466,0.016454333439469337,-0.003671022830531001,0.3783783783783784,0.6216216216216216,0.04759805649518967,0.016454333439469337,-0.003671022830531001,0.11139297992339067,0.2357142857142857,-0.18752660803158577,0.9666666666666667,2,0.6777819991111755,2.7755575615628914e-17,3.0616211891174316,0.3634430468082428,0.06422363221645355,0.2541071486304305,6,0.3,0.20444444444444448,greedy,0.4666666666666667,0.8275862068965517,0.07467160373926163,0.0389719195663929,0.0,1.314356150298283,38.11632835865021,5.0,1.9333333333333333,11.0,0.394793221896864,0.13749999999999996,0.05270557102296221,0.2559664352078954,0.33769063180827885,0.7440335647921046
2023-11-15,-0.28871430464448117,35.95244850102179,0.20888733379986005,9.016258913280431,12.612319908704663,-0.4765356501424165,-0.1561638186383041,-0.16994066030827018,0.24217574225326619,-0.30000000000000004,-0.30000000000000004,0.035972840505078714,0.008590972263669968,0.0,0.16923586328515194,0.18141475599492637,low_connectivity,partial_correlation,60,residual,30,74,0.17011494252873563,0.02,0,4.933333333333334,0.4797315001487732,0.44581830501556396,1.2998276948928833,0.09724287688732147,0.030516942963004112,0.0165424682199955,-0.0036484594456851482,0.3783783783783784,0.6216216216216216,0.04733024910092354,0.0165424682199955,-0.0036484594456851482,0.10242200141365225,0.21588089330024815,-0.1751200520165131,0.9666666666666667,2,0.6789920330047607,0.0,3.0766243934631348,0.3481330871582031,0.062271907925605774,0.27535336440122343,5,0.26666666666666666,0.23777777777777778,greedy,0.4666666666666667,0.8620689655172413,0.07489143311977386,0.03891798108816147,0.0,1.3141840984081399,38.11133885383606,4.0,1.9333333333333333,12.0,0.39470395276544196,0.31818181818181823,0.09843800023590071,0.35732295568338424,0.29255050505050506,0.6426770443166158
2023-11-16,-0.4081101993027882,30.65665528388421,0.11787338230150403,-5.295793217137582,-1.7606981390217094,-9.8180596612609,-0.1469373582457502,-0.12761055057819914,0.2693625938691124,-0.30000000000000004,-0.30000000000000004,0.035972840505078714,0.013427542217774736,0.0,0.008590086666418398,0.13908464626277692,low_connectivity,partial_correlation,60,residual,30,77,0.17701149425287357,0.02,0,5.133333333333334,0.4942811131477356,0.49568653106689453,1.3588486909866333,0.0962885320186615,0.031835515052080154,0.017044177278876305,-0.003591046202927828,0.38961038961038963,0.6103896103896104,0.04780050367116928,0.017044177278876305,-0.003591046202927828,0.1049969583639294,0.2582781456953642,-0.15702103976965345,0.9666666666666667,2,0.7042567729949951,1.0276648421125856e-09,3.0694565773010254,0.338715523481369,0.0632571280002594,0.2515284021911507,6,0.23333333333333334,0.2,greedy,0.4666666666666667,0.8275862068965517,0.07464780658483505,0.03902328014373779,0.0,1.3124952727350696,38.06236290931702,4.0,1.9333333333333333,12.0,0.39715955486356985,0.1585365853658537,0.3864389497833291,0.6261999549110198,0.6361111111111111,0.37380004508898024
2023-11-17,-0.3371742137526184,33.752383998816356,0.16888111888111887,3.0957287149321466,3.566724314791614,-0.717635998690227,-0.13361303860075943,-0.11350051400150891,0.2912031786176325,-0.30000000000000004,-0.30000000000000004,0.0674490759470226,0.05792071662085712,0.0,-0.08804838833078853,0.18141475599492637,low_connectivity,partial_correlation,60,residual,30,78,0.1793103448275862,0.02,0,5.2,0.5152928829193115,0.5126027464866638,1.3967539072036743,0.09909477829933167,0.03264768794178963,0.01776871643960476,-0.003694226499646902,0.38461538461538464,0.6153846153846154,0.047292858362197876,0.01776871643960476,-0.003694226499646902,0.1286848218201123,0.2668112798264642,-0.1962086363531014,1.0,1,0.7245532274246216,0.06418205797672272,3.0871994495391846,0.33538302779197693,0.062258630990982056,0.27180091208223506,5,0.26666666666666666,0.21555555555555556,greedy,0.4666666666666667,0.8620689655172413,0.07540389150381088,0.03941628336906433,0.0,1.3086963604236472,37.95219445228577,4.0,1.9333333333333333,12.0,0.4088677343965947,0.0625,0.9456201446557728,0.9689737497656612,0.8333333333333334,0.031026250234338804
2023-11-20,-0.29814801918941597,35.51915582784913,0.20167773505767214,1.766771829032777,3.3368859065915615,-4.152663687177608,-0.14192159030419807,-0.11350051400150891,0.2733318541935656,-0.30000000000000004,-0.30000000000000004,0.0674490759470226,0.04551596448519715,0.0,-0.05276767523657016,0.22374486572707597,low_connectivity,partial_correlation,60,residual,30,78,0.1793103448275862,0.02,0,5.2,0.5021907091140747,0.4836219251155853,1.381319284439087,0.09657514095306396,0.03447915241122246,0.017316920682787895,-0.0032008341513574123,0.3974358974358974,0.6025641025641025,0.0469830259680748,0.017316920682787895,-0.0032008341513574123,0.1220806161472316,0.25942350332594233,-0.15711285335074962,1.0,1,0.7079454064369202,0.06701909005641937,3.093186140060425,0.3251095116138458,0.06087152287364006,0.26601792599899404,4,0.36666666666666664,0.2822222222222222,greedy,0.4666666666666667,0.896551724137931,0.07518086582422256,0.03913189843297005,0.0,1.310777758729869,38.0125550031662,4.0,1.9333333333333333,12.0,0.40876445693188695,0.09756097560975607,0.23570930901820605,0.42298184576819586,0.398030303030303,0.5770181542318041
2023-11-21,-0.43432709070138104,29.553441600111753,0.103424178895877,-5.965714227737379,2.6172520123703933,-12.239805935178964,-0.1466566454156834,-0.12761055057819914,0.2617238602890674,-0.30000000000000004,-0.30000000000000004,0.0674490759470226,0.042079825246292196,0.0,-0.11272741218480703,0.18141475599492637,low_connectivity,partial_correlation,60,residual,30,77,0.17701149425287357,0.02,0,5.133333333333334,0.49472376704216003,0.48219984769821167,1.3768686056137085,0.0963747575879097,0.03411560505628586,0.017059441655874252,-0.0032642215956002474,0.38961038961038963,0.6103896103896104,0.0470535010099411,0.017059441655874252,-0.0032642215956002474,0.1202512389854624,0.2540045766590389,-0.15714703046823808,1.0,1,0.6971580982208252,0.06801100075244904,3.0938632488250732,0.31605130434036255,0.06057870388031006,0.2808646712244602,5,0.3333333333333333,0.24222222222222226,greedy,0.4666666666666667,0.8620689655172413,0.0748346671462059,0.039023976773023605,0.0,1.311265567253376,38.0267014503479,4.0,1.9333333333333333,12.0,0.4080216650876049,0.03797468354430378,0.23855646643521894,0.4760998077257547,0.4047619047619047,0.5239001922742452
2023-11-22,-0.35921161579382704,32.7740292538782,0.15089067411805798,3.2205876537664437,-3.1784192471435944,-13.97670872896714,-0.1469093725981401,-0.1558306237315798,0.2734084365128255,-0.30000000000000004,-0.30000000000000004,0.0674490759470226,0.029239367109419608,0.0,-0.05031336476045062,0.22374486572707597,low_connectivity,partial_correlation,60,residual,30,75,0.1724137931034483,0.02,0,5.0,0.49432528018951416,0.4611492156982422,1.386817216873169,0.09886505454778671,0.03551732376217842,0.017045699059963226,-0.003357543610036373,0.38666666666666666,0.6133333333333333,0.04833167791366577,0.017045699059963226,-0.003357543610036373,0.11341506640075245,0.24647887323943662,-0.21595404915778665,1.0,1,0.708016574382782,0.0640811175107956,3.0715012550354004,0.3177889585494995,0.062039025127887726,0.28825906300640153,4,0.3333333333333333,0.2644444444444445,greedy,0.4666666666666667,0.896551724137931,0.0758192241191864,0.03922325000166893,0.0,1.3095026057342003,37.97557556629181,4.0,1.9333333333333333,12.0,0.40691515700570474,0.09999999999999998,0.7647871669320195,0.8166635544535762,0.696969696969697,0.1833364455464238
2023-11-23,-0.16687186025497366,41.73299980802726,0.3240223463687151,8.958970554149062,11.07634452414305,7.84033538227056,-0.13373902539624272,-0.11350051400150891,0.30000000000000004,-0.30000000000000004,-0.30000000000000004,0.0674490759470226,0.06042324331985051,0.0,0.02875049414882891,0.22374486572707597,low_connectivity,partial_correlation,60,residual,30,78,0.1793103448275862,0.02,0,5.2,0.5150941014289856,0.47121626138687134,1.4108455181121826,0.09905656427145004,0.03609396517276764,0.017761865630745888,-0.0034046610817313194,0.38461538461538464,0.6153846153846154,0.04853542894124985,0.017761865630745888,-0.0034046610817313194,0.1300171500150882,0.2564102564102564,-0.2613873538385576,1.0,1,0.7371487617492676,0.06820965558290482,3.069952964782715,0.33780941367149353,0.06297636032104492,0.28244620761692163,4,0.3333333333333333,0.26222222222222225,greedy,0.4666666666666667,0.896551724137931,0.0765489935874939,0.03946899250149727,0.0,1.307045106230111,37.90430808067322,4.0,1.9333333333333333,13.0,0.409281924589612,0.1785714285714286,0.3724224362804389,0.5050847822639933,0.579229797979798,0.49491521773600666
2023-11-24,-0.10041470994339742,44.996071601674956,0.38219895287958117,3.263071793647697,11.2436876028586,0.04345920827160654,-0.12548277979304961,-0.11350051400150891,0.30000000000000004,-0.30000000000000004,-0.30000000000000004,0.0674490759470226,0.09012150296689476,0.0,0.057253139210167836,0.22374486572707597,low_connectivity,partial_correlation,60,residual,30,78,0.1793103448275862,0.02,0,5.2,0.5281137228012085,0.480292409658432,1.3873823881149292,0.10156033933162689,0.036119356751441956,0.018210817128419876,-0.002429993124678731,0.4230769230769231,0.5769230769230769,0.04833005741238594,0.018210817128419876,-0.002429993124678731,0.14582830147468634,0.23870967741935484,-0.2648719508802217,1.0,1,0.7542749047279358,0.06109582632780075,3.077455997467041,0.37296879291534424,0.06281957030296326,0.2870532566749602,4,0.3,0.25555555555555554,greedy,0.4666666666666667,0.896551724137931,0.07684063166379929,0.03963161259889603,0.0,1.304569412922037,37.832512974739075,4.0,1.9333333333333333,12.0,0.40921346741332404,0.2068965517241379,0.5181301233291485,0.6077842108807568,0.6711850649350649,0.39221578911924315
2023-11-27,-0.23751821614275906,38.34248824766664,0.2564549895324494,-6.653583354008319,2.823332419817504,-3.1331167388988916,-0.11510746917381964,-0.11350051400150891,0.30000000000000004,-0.30000000000000004,-0.30000000000000004,0.0674490759470226,0.052663500595041116,0.0,-0.05276767523657016,0.22374486572707597,low_connectivity,partial_correlation,60,residual,30,78,0.1793103448275862,0.02,0,5.2,0.5444748997688293,0.49992311000823975,1.3279802799224854,0.10470670461654663,0.03754803165793419,0.01877499744296074,-0.00281484704464674,0.41025641025641024,0.5897435897435898,0.04833642393350601,0.01877499744296074,-0.00281484704464674,0.12588591576205052,0.25,-0.2739623989701408,1.0,1,0.7750694751739502,0.06390056759119034,3.0747129917144775,0.37101414799690247,0.06249234825372696,0.2786351841603369,4,0.3333333333333333,0.26,greedy,0.4666666666666667,0.896551724137931,0.07962153106927872,0.04018845409154892,0.0,1.2995312666070873,37.68640673160553,5.0,1.9333333333333333,12.0,0.4092155895870307,0.09756097560975607,0.8323699421965318,0.8581293849608449,0.8723214285714286,0.1418706150391551
2023-11-28,-0.2617023663927056,37.20564385602906,0.2357865364492501,-1.136844391637574,7.6522022559173095,-6.554987413401719,-0.11454326892683614,-0.11350051400150891,0.30000000000000004,-0.30000000000000004,-0.30000000000000004,0.0674490759470226,0.05154925097926223,0.0,-0.07640177611772127,0.22374486572707597,low_connectivity,partial_correlation,60,residual,30,78,0.1793103448275862,0.02,0,5.2,0.5453646183013916,0.5000066161155701,1.3994771242141724,0.10487781465053558,0.037884484976530075,0.018805677071213722,-0.0036002779379487038,0.38461538461538464,0.6153846153846154,0.04878632351756096,0.018805677071213722,-0.0036002779379487038,0.12529269684456987,0.267515923566879,-0.21874904339587625,1.0,1,0.7895578145980835,0.0610722079873085,3.0663082599639893,0.406322717666626,0.06287094950675964,0.28146946870776546,4,0.3333333333333333,0.26,greedy,0.4666666666666667,0.896551724137931,0.07952400296926498,0.040202077478170395,0.0,1.2999765996275277,37.6993213891983,5.0,1.9333333333333333,12.0,0.40936555611504905,0.07407407407407407,1.0,1.0,1.0,0.0
2023-11-29,-0.3087751683482585,35.033879391447456,0.19386331938633194,-2.1717644645816065,2.2598501375692592,1.500655309458594,-0.11796477981689726,-0.12761055057819914,0.30000000000000004,-0.30000000000000004,-0.30000000000000004,0.0674490759470226,0.03365460870352791,0.0,-0.08804838833078853,0.22374486572707597,low_connectivity,partial_correlation,60,residual,30,77,0.17701149425287357,0.02,0,5.133333333333334,0.5399692058563232,0.47609472274780273,1.3304362297058105,0.10518880188465118,0.03794997185468674,0.01861962489783764,-0.0034758064430207014,0.38961038961038963,0.6103896103896104,0.048696354031562805,0.01861962489783764,-0.0034758064430207014,0.11576571099760215,0.26143790849673204,-0.25077718806385435,1.0,1,0.7765485048294067,0.0598263181746006,3.0658674240112305,0.3924750089645386,0.06179191917181015,0.2875853757706826,4,0.3,0.25555555555555554,greedy,0.4666666666666667,0.896551724137931,0.07988054305315018,0.040151890367269516,0.0,1.2998824736167645,37.69659173488617,5.0,1.9333333333333333,12.0,0.4085692827614788,0.0625,0.8968430413517119,0.9238486094046027,0.94375,0.07615139059539733
2023-11-30,-0.19404729639746707,40.41760727236831,0.298710352039038,5.383727880920851,-1.315392535658951,16.484629477850426,-0.1121474303089763,-0.0993904774248185,0.30000000000000004,-0.30000000000000004,-0.30000000000000004,0.0674490759470226,0.055999740424422906,0.0,-0.02970307076219368,0.22374486572707597,low_connectivity,partial_correlation,60,residual,30,79,0.18160919540229886,0.02,0,5.266666666666667,0.5491426587104797,0.4862505793571472,1.5123498439788818,0.10426760464906693,0.037887945771217346,0.018935956060886383,-0.0029477234929800034,0.4050632911392405,0.5949367088607594,0.04897613450884819,0.018935956060886383,-0.0029477234929800034,0.12766210715760085,0.24691358024691357,-0.2772187081236571,1.0,1,0.7893224954605103,0.060098081827163696,3.0714893341064453,0.39482319355010986,0.06311215460300446,0.2748273448836574,4,0.3,0.25555555555555554,greedy,0.4666666666666667,0.896551724137931,0.07958956807851791,0.040135666728019714,0.0,1.3001968449559704,37.705708503723145,5.0,1.9333333333333333,12.0,0.4101951099703824,0.12048192771084343,0.8052238805970149,0.8508330422034264,0.8875,0.14916695779657363
2023-12-01,-0.3362597953657052,33.79328920620363,0.16933797909407666,-6.624318066164676,-11.202782395471324,-1.6117848888776223,-0.11370414480259622,-0.11350051400150891,0.30000000000000004,-0.30000000000000004,-0.30000000000000004,0.035972840505078714,0.057714149784653904,0.0,-0.04182677311410952,0.13908464626277692,low_connectivity,partial_correlation,60,residual,30,78,0.1793103448275862,0.02,0,5.2,0.54668790102005,0.48438528180122375,1.5130723714828491,0.10513228923082352,0.03718665987253189,0.018851306289434433,-0.0027430010959506035,0.41025641025641024,0.5897435897435898,0.04863761365413666,0.018851306289434433,-0.0027430010959506035,0.12857484704136918,0.25806451612903225,-0.24097520602667497,0.9666666666666667,2,0.7859377861022949,4.881413939727963e-09,3.0651917457580566,0.37104934453964233,0.06301615387201309,0.27166347159147175,6,0.26666666666666666,0.20444444444444448,greedy,0.5333333333333333,0.8275862068965517,0.07978502660989761,0.04023313522338867,0.0,1.300199767638897,37.705793261528015,5.0,1.9333333333333333,11.0,0.39820487504946317,0.10843373493975905,0.555077522526179,0.7032064606048007,0.7263888888888889,0.29679353939519926
2023-12-04,-0.324506775711731,34.32118656756023,0.18251480320445837,0.5278973613566009,-4.021301680106404,3.1713351672807946,-0.11122780891192895,-0.12761055057819914,0.30000000000000004,-0.30000000000000004,-0.30000000000000004,0.035972840505078714,0.0374401101343645,0.0,-0.04049612285597245,0.18141475599492637,low_connectivity,partial_correlation,60,residual,30,77,0.17701149425287357,0.02,0,5.133333333333334,0.550592839717865,0.4759446382522583,1.5256011486053467,0.10725836455821991,0.037964578717947006,0.018985962495207787,-0.0020713889971375465,0.42857142857142855,0.5714285714285714,0.04864702746272087,0.018985962495207787,-0.0020713889971375465,0.11778108621435966,0.25054945054945055,-0.23951298989563463,0.9666666666666667,2,0.7900628447532654,6.679828690181466e-09,3.0655486583709717,0.384003609418869,0.06258507817983627,0.28439441030309126,5,0.3333333333333333,0.24888888888888894,greedy,0.5,0.8620689655172413,0.08035890012979507,0.04037157818675041,0.0,1.2969317025151745,37.61101937294006,4.0,1.9333333333333333,11.0,0.39744172946075373,0.1097560975609756,0.4414998683170924,0.6259952260233937,0.6199494949494949,0.37400477397660625
2023-12-05,-0.3861570387609304,31.597873754607686,0.12952646239554316,-2.723312812952546,-5.6077701014213766,1.1881594315539523,-0.12344592475775229,-0.14172058715488953,0.30000000000000004,-0.30000000000000004,-0.30000000000000004,0.035972840505078714,0.0738593826557885,0.0,-0.1122375060040821,0.18141475599492637,low_connectivity,partial_correlation,60,residual,30,76,0.17471264367816092,0.02,0,5.066666666666666,0.53132563829422,0.4425344467163086,1.499701976776123,0.10486691445112228,0.03750073164701462,0.018321575596928596,-0.0018879296258091927,0.4342105263157895,0.5657894736842105,0.04885317012667656,0.018321575596928596,-0.0018879296258091927,0.13717045921898033,0.24943820224719102,-0.26746007991579585,0.9666666666666667,2,0.7622843980789185,1.4901159417490817e-08,3.065289258956909,0.3574426770210266,0.06308118253946304,0.2883417650904734,5,0.36666666666666664,0.2644444444444444,greedy,0.5,0.8620689655172413,0.07876438647508621,0.03997223824262619,0.0,1.3004539835041966,37.713165521621704,4.0,1.9333333333333333,11.0,0.396744160157168,0.038461538461538436,0.5925452355818552,0.774932886754253,0.688939393939394,0.22506711324574702
2023-12-06,-0.32975833579656116,34.08481929267573,0.17751479289940827,2.4869455380680456,-0.9490600987717244,10.744690700358603,-0.12427470412608249,-0.11350051400150891,0.30000000000000004,-0.30000000000000004,-0.30000000000000004,0.035972840505078714,0.01885385630639988,0.0,-0.028224570475374734,0.18141475599492637,low_connectivity,partial_correlation,60,residual,30,78,0.1793103448275862,0.02,0,5.2,0.5300187468528748,0.4404643774032593,1.560312271118164,0.10192668437957764,0.03737584501504898,0.018276508897542953,-0.0018563236808404326,0.4358974358974359,0.5641025641025641,0.04882638156414032,0.018276508897542953,-0.0018563236808404326,0.10788589108060266,0.24050632911392406,-0.27843106545185997,0.9666666666666667,2,0.7538521885871887,2.5691648808390255e-09,3.0715866088867188,0.3607155680656433,0.06255878508090973,0.2748758670664078,5,0.3333333333333333,0.24888888888888894,greedy,0.5333333333333333,0.8620689655172413,0.0781991109251976,0.03967362269759178,0.0,1.3017412547407479,37.75049638748169,5.0,1.9333333333333333,11.0,0.3982677976861311,0.12195121951219512,0.4114542291737909,0.5939332807157545,0.6068181818181818,0.40606671928424554
2023-12-07,-0.2878482988862136,35.99234064246444,0.21224773834377175,1.9075213497887091,-4.4252666299038665,3.5749872195585226,-0.12717592860053847,-0.11350051400150891,0.30000000000000004,-0.30000000000000004,-0.30000000000000004,0.035972840505078714,0.02051751773781028,0.0,0.057253139210167836,0.13908464626277692,low_connectivity,partial_correlation,60,residual,30,78,0.1793103448275862,0.02,0,5.2,0.5254437327384949,0.4237573742866516,1.4570002555847168,0.10104688256978989,0.03667480871081352,0.01811874844133854,-0.0020284445490688086,0.4230769230769231,0.5769230769230769,0.0490700826048851,0.01811874844133854,-0.0020284445490688086,0.10877161311220122,0.26394849785407726,-0.24253404557102268,0.9666666666666667,2,0.7558073401451111,-2.155077638122167e-17,3.059375524520874,0.35786107182502747,0.06355316936969757,0.294718077470508,6,0.36666666666666664,0.23555555555555557,greedy,0.5333333333333333,0.8275862068965517,0.07876434922218323,0.039640240371227264,0.0,1.302387989800552,37.769251704216,5.0,1.9333333333333333,11.0,0.39834903136637934,0.2068965517241379,0.3759161650500577,0.6011510668353082,0.6128321678321679,0.39884893316469183
2023-12-08,-0.2985545988109856,35.50053419357583,0.20278260869565218,-0.49180644888861025,1.7072449873721993,5.314874509551089,-0.1256053754268274,-0.11350051400150891,0.30000000000000004,-0.30000000000000004,-0.30000000000000004,0.035972840505078714,0.008365645658389723,0.0,0.014798048458956,0.18141475599492637,low_connectivity,partial_correlation,60,residual,30,78,0.1793103448275862,0.02,0,5.2,0.5279204249382019,0.42191678285598755,1.4596291780471802,0.10152315348386765,0.03847016021609306,0.01820415072143078,-0.0017654098337516189,0.4230769230769231,0.5769230769230769,0.04917966201901436,0.01820415072143078,-0.0017654098337516189,0.10230203906143685,0.22245762711864406,-0.3217057711409467,0.9666666666666667,2,0.7511425018310547,-4.032832718846336e-17,3.0630924701690674,0.3581504821777344,0.06424771994352341,0.2856307651380088,5,0.3333333333333333,0.26666666666666666,greedy,0.5333333333333333,0.8620689655172413,0.08012426644563675,0.03982781991362572,0.0,1.2987394127352485,37.663442969322205,5.0,1.9333333333333333,11.0,0.39838555783775575,0.16470588235294115,0.7764172335600907,0.867046172157575,0.7943722943722943,0.13295382784242504
2023-12-11,-0.31919171927080187,34.561205668157456,0.18671766342141863,-0.9393285254183752,0.2400191005972232,2.3789357468998844,-0.12286678969760108,-0.11350051400150891,0.30000000000000004,-0.30000000000000004,-0.30000000000000004,0.035972840505078714,0.029491058690496664,0.0,-0.02970307076219368,0.18141475599492637,low_connectivity,partial_correlation,60,residual,30,78,0.1793103448275862,0.02,0,5.2,0.5322389006614685,0.4207894504070282,1.5114184617996216,0.10235363990068436,0.03870566934347153,0.018353067338466644,-0.002851729281246662,0.38461538461538464,0.6153846153846154,0.05010480806231499,0.018353067338466644,-0.002851729281246662,0.1135490652867751,0.24539877300613497,-0.3505443293635491,0.9666666666666667,2,0.7699519395828247,-1.1272246964122245e-16,3.045471668243408,0.3631359040737152,0.06668556481599808,0.2946168335163448,5,0.3333333333333333,0.2466666666666667,greedy,0.5,0.8620689655172413,0.08163081854581833,0.04004279896616936,0.0,1.2983523525040725,37.6522182226181,5.0,1.9333333333333333,9.0,0.3986939398521893,0.12048192771084343,0.8254180602006689,0.8853029221912383,0.8333333333333333,0.1146970778087617
2023-12-12,-0.3799955315184657,31.86482065255283,0.13555787278415016,-2.6963850156046263,0.26694689794514304,4.928631064811469,-0.12642826307987126,-0.12761055057819914,0.30000000000000004,-0.30000000000000004,-0.30000000000000004,0.035972840505078714,-0.0028481915044277803,0.0,-0.04049612285597245,0.18141475599492637,low_connectivity,partial_correlation,60,residual,30,77,0.17701149425287357,0.02,0,5.133333333333334,0.5266227126121521,0.413996160030365,1.5163830518722534,0.10258885473012924,0.039990562945604324,0.018159404397010803,-0.002278817119076848,0.4025974025974026,0.5974025974025974,0.051328644156455994,0.018159404397010803,-0.002278817119076848,0.09633186842073993,0.2545454545454545,-0.39725386519030753,0.9666666666666667,2,0.7766662836074829,2.0553319046712204e-09,3.0263710021972656,0.3774527609348297,0.06894093751907349,0.2763557088188375,5,0.36666666666666664,0.26222222222222225,greedy,0.5,0.8620689655172413,0.08238021284341812,0.04014359042048454,0.0,1.2980227675931206,37.6426602602005,4.0,1.9333333333333333,9.0,0.3983356016919988,0.1097560975609756,0.824147688990702,0.8644052770857449,0.8901515151515152,0.13559472291425512
2023-12-13,-0.44204448004825586,29.23311630656239,0.0965948575399583,-2.631704345990439,-4.851702986113342,-6.719332194459401,-0.14458313843063972,-0.18405069688496042,0.295923061121565,-0.30000000000000004,-0.30000000000000004,0.035972840505078714,-0.020011803395809564,0.0,-0.049039608690565784,0.22374486572707597,low_connectivity,partial_correlation,60,residual,30,73,0.167816091954023,0.02,0,4.866666666666666,0.4979936182498932,0.4246452748775482,1.3920257091522217,0.10232745110988617,0.03939543664455414,0.01717219315469265,-0.0020013973116874695,0.410958904109589,0.589041095890411,0.050463154911994934,0.01717219315469265,-0.0020013973116874695,0.08719407817869772,0.24475524475524477,-0.3299081969278846,0.9666666666666667,2,0.728939414024353,-2.2640033950738854e-16,3.0338170528411865,0.31260427832603455,0.06751379370689392,0.292943222479477,4,0.3333333333333333,0.3133333333333333,greedy,0.5333333333333333,0.896551724137931,0.08066119253635406,0.039743516594171524,0.0,1.3013349771499634,37.73871433734894,4.0,1.9333333333333333,9.0,0.3949819711775615,0.10126582278481011,0.6515700729035149,0.7832779400391536,0.7236363636363636,0.21672205996084637
2023-12-14,-0.39469100929942597,31.23013774074438,0.12573810350816256,1.9970214341819883,-4.762202901720062,0.5734824568601695,-0.13674427975049283,-0.14172058715488953,0.2991639556022032,-0.30000000000000004,-0.30000000000000004,0.035972840505078714,-0.06591088592386567,0.0,0.03313319142761382,0.18141475599492637,low_connectivity,partial_correlation,60,residual,30,76,0.17471264367816092,0.02,0,5.066666666666666,0.5103550553321838,0.4397677481174469,1.4997674226760864,0.10072797536849976,0.04084151238203049,0.01759844832122326,-0.0020484288688749075,0.39473684210526316,0.6052631578947368,0.04903635010123253,0.01759844832122326,-0.0020484288688749075,0.06275771879829486,0.21286031042128603,-0.31173991465579565,0.9666666666666667,2,0.7319511771202087,3.8383076320424456e-17,3.0552966594696045,0.36753883957862854,0.06562302261590958,0.2739030794961622,5,0.26666666666666666,0.23777777777777778,greedy,0.5333333333333333,0.8620689655172413,0.08021131157875061,0.03974495455622673,0.0,1.299851997145291,37.69570791721344,4.0,1.9333333333333333,12.0,0.3968052201486867,0.18292682926829273,0.29570387739720294,0.4231587786801871,0.6575174825174825,0.5768412213198129
2023-12-15,-0.3317764954349372,33.99419336401528,0.17430555555555555,2.7640556232709024,-1.5063408295605498,0.24180936519892526,-0.13376512706512753,-0.14172058715488953,0.30000000000000004,-0.30000000000000004,-0.30000000000000004,0.035972840505078714,-0.03583018124254057,0.0,0.062151803527615415,0.18141475599492637,low_connectivity,partial_correlation,60,residual,30,76,0.17471264367816092,0.02,0,5.066666666666666,0.5150529146194458,0.4671713709831238,1.5221190452575684,0.10165518522262573,0.04101981222629547,0.017760446295142174,-0.001751799718476832,0.40789473684210525,0.5921052631578947,0.048867110162973404,0.017760446295142174,-0.001751799718476832,0.07877248139315315,0.19550561797752808,-0.24639203107037475,0.9666666666666667,2,0.7431395649909973,6.679830022449096e-09,3.0538387298583984,0.3826589584350586,0.06451261788606644,0.27660948030542976,5,0.3333333333333333,0.2555555555555556,greedy,0.5,0.8620689655172413,0.08157631009817123,0.0400509387254715,0.0,1.2950504072781266,37.556461811065674,4.0,1.9333333333333333,11.0,0.39674880683593367,0.21176470588235297,0.2785626535626536,0.4561774909962981,0.5971139971139972,0.5438225090037019
2023-12-18,-0.15738438038706526,42.19511672824397,0.3349531412703922,8.200923364228686,7.633911060086511,6.675960900394834,-0.1186558574674888,-0.08528044084812827,0.30000000000000004,-0.30000000000000004,-0.30000000000000004,0.035972840505078714,-0.02615084804936578,0.0,0.15531516947791263,0.18141475599492637,low_connectivity,partial_correlation,60,residual,30,80,0.1839080459770115,0.02,0,5.333333333333333,0.5388793349266052,0.48041707277297974,1.5643479824066162,0.10103987157344818,0.044545624405145645,0.018582046031951904,-0.002868331503123045,0.375,0.625,0.04769038408994675,0.018582046031951904,-0.002868331503123045,0.08392569255650272,0.21108742004264391,-0.29683077781320233,0.9666666666666667,2,0.7542831897735596,-2.1190013137585243e-17,3.0742602348327637,0.32583728432655334,0.06395042687654495,0.3086139938758525,5,0.3,0.24222222222222223,greedy,0.5333333333333333,0.8620689655172413,0.08319319039583206,0.04023341089487076,0.0,1.2952319671367776,37.56172704696655,4.0,1.9333333333333333,13.0,0.39942169891120827,0.30434782608695654,0.5622808354932154,0.6636299406427829,0.7621212121212121,0.3363700593572171
2023-12-19,-0.24848218289328225,37.825431885267065,0.24843858431644691,-4.369684842976902,5.9606112327142355,8.271990285155312,-0.1125888293972302,-0.08528044084812827,0.30000000000000004,-0.30000000000000004,-0.30000000000000004,0.035972840505078714,-0.08300547908961797,0.0,0.07267486020953969,0.22374486572707597,low_connectivity,partial_correlation,60,residual,30,80,0.1839080459770115,0.02,0,5.333333333333333,0.5484466552734375,0.4903855621814728,1.6035542488098145,0.10283374786376953,0.049173012375831604,0.018911954015493393,-0.003324805526062846,0.35,0.65,0.04709495231509209,0.018911954015493393,-0.003324805526062846,0.05365667365638463,0.17381974248927037,-0.26647556780503223,0.9666666666666667,2,0.7588878870010376,1.7984154165873178e-09,3.0849826335906982,0.31793126463890076,0.0630093365907669,0.2897405474330604,4,0.36666666666666664,0.31777777777777777,greedy,0.5666666666666667,0.896551724137931,0.08524040877819061,0.04067571461200714,0.0,1.2886558894453377,37.371020793914795,5.0,1.9333333333333333,13.0,0.3992232216529234,0.2222222222222222,0.3400546161696963,0.5175223655338532,0.5833333333333334,0.4824776344661468
2023-12-20,-0.2899058744118313,35.89759114086091,0.21123829344432882,-1.9278407444061543,6.66447483429852,3.1235618869827135,-0.11554869699128034,-0.0993904774248185,0.30000000000000004,-0.30000000000000004,-0.30000000000000004,0.035972840505078714,-0.0358067478797629,0.0,0.04345245138402552,0.18141475599492637,low_connectivity,partial_correlation,60,residual,30,79,0.18160919540229886,0.02,0,5.266666666666667,0.5437791347503662,0.4880393147468567,1.5494550466537476,0.1032491996884346,0.047849882394075394,0.018751004710793495,-0.002299992134794593,0.4050632911392405,0.5949367088607594,0.047123707830905914,0.018751004710793495,-0.002299992134794593,0.07878495715612677,0.22077922077922077,-0.2319820846607983,0.9666666666666667,2,0.7634999752044678,7.342094159945586e-17,3.0784730911254883,0.32945749163627625,0.06348830461502075,0.30777192910887297,5,0.36666666666666664,0.26222222222222225,greedy,0.5666666666666667,0.8620689655172413,0.08586034923791885,0.040826138108968735,0.0,1.2893071585688098,37.38990759849548,5.0,1.9333333333333333,11.0,0.39846652329995713,0.19318181818181823,0.688937760567751,0.7638637590554485,0.8333333333333334,0.23613624094455155
2023-12-21,-0.299962571621517,35.436082000721555,0.2035367545076283,-0.4615091401393556,4.205944259977176,-6.296917807305704,-0.11879756692178851,-0.11350051400150891,0.30000000000000004,-0.30000000000000004,-0.30000000000000004,0.035972840505078714,-0.05137424983700041,0.0,0.06632216263877576,0.18141475599492637,low_connectivity,partial_correlation,60,residual,30,78,0.1793103448275862,0.02,0,5.2,0.5386559367179871,0.5140184164047241,1.4358868598937988,0.10358767956495285,0.045441120862960815,0.018574340268969536,-0.0008638346334919333,0.4358974358974359,0.5641025641025641,0.045643400400877,0.018574340268969536,-0.0008638346334919333,0.07049692498795324,0.2505800464037123,-0.11910326431976936,0.9666666666666667,2,0.7444124817848206,9.83379774599376e-17,3.092817783355713,0.2869734466075897,0.062201015651226044,0.31747275776380635,5,0.3,0.26222222222222225,greedy,0.5666666666666667,0.8620689655172413,0.08790639042854309,0.041051335632801056,0.0,1.28455964861245,37.25222980976105,4.0,1.9333333333333333,11.0,0.3972068039650433,0.21590909090909094,0.3003567668733185,0.5572018927546007,0.5412975912975913,0.44279810724539925
2023-12-22,-0.4302465832958055,29.72363193196336,0.10502599653379549,-5.712450068758194,-4.27056143205192,-15.272439669711595,-0.13027024376725635,-0.14172058715488953,0.30000000000000004,-0.30000000000000004,-0.30000000000000004,0.035972840505078714,-0.024087678810486905,0.0,-0.05155567006317777,0.18141475599492637,low_connectivity,partial_correlation,60,residual,30,76,0.17471264367816092,0.02,0,5.066666666666666,0.5205641984939575,0.511046826839447,1.4196888208389282,0.10274291783571243,0.04552307352423668,0.01795048825442791,-0.001458482351154089,0.40789473684210525,0.5921052631578947,0.0471775121986866,0.01795048825442791,-0.001458482351154089,0.0850241098277634,0.271461716937355,-0.17649663566553345,0.9666666666666667,2,0.7399499416351318,1.1047410986009254e-08,3.0642995834350586,0.309639573097229,0.06476212292909622,0.31194177940261814,5,0.3,0.2511111111111111,greedy,0.5666666666666667,0.8620689655172413,0.087959885597229,0.04093628749251366,0.0,1.2870018358888298,37.32305324077606,4.0,1.9333333333333333,12.0,0.3961856075145047,0.09876543209876543,0.9288444094160334,0.9373385863336587,0.9277777777777778,0.06266141366634126
2023-12-25,-0.3319209923950876,33.98770917750398,0.1742896742896743,4.264077245540619,-8.207407550739987,-4.354779070162657,-0.11653874493849455,-0.0993904774248185,0.30000000000000004,-0.30000000000000004,-0.30000000000000004,0.035972840505078714,-0.017685744025751036,0.0,0.02663648722612091,0.13908464626277692,low_connectivity,partial_correlation,60,residual,30,79,0.18160919540229886,0.02,0,5.266666666666667,0.5422178506851196,0.5097342729568481,1.4314502477645874,0.1029527485370636,0.04500497132539749,0.018697168678045273,-0.0018893068190664053,0.3924050632911392,0.6075949367088608,0.047723785042762756,0.018697168678045273,-0.0018893068190664053,0.08843245636789485,0.2645161290322581,-0.23964735731752967,0.9666666666666667,2,0.7718899250030518,6.936745400309974e-09,3.064393997192383,0.3374997079372406,0.06545501947402954,0.28598562826393265,6,0.26666666666666666,0.20444444444444448,greedy,0.6,0.8275862068965517,0.08964889496564865,0.04152332991361618,0.0,1.2834436564609921,37.219866037368774,5.0,1.9333333333333333,12.0,0.39866654903724275,0.17647058823529416,0.6935264529025281,0.8026671371515556,0.8166666666666668,0.19733286284844442
2023-12-26,-0.30776586326624517,35.079837134873735,0.19778316591617595,1.0921279573697547,-2.7455947503933302,-2.125806721155328,-0.11648924767925761,-0.08528044084812827,0.30000000000000004,-0.30000000000000004,-0.30000000000000004,0.0674490759470226,-0.03414273883826965,0.0,-0.02071726784253851,0.18141475599492637,low_connectivity,partial_correlation,60,residual,30,80,0.1839080459770115,0.02,0,5.333333333333333,0.5422959923744202,0.4797130227088928,1.4862148761749268,0.10168049484491348,0.044200167059898376,0.01869986020028591,-0.0013077143812552094,0.425,0.575,0.04720919579267502,0.01869986020028591,-0.0013077143812552094,0.07967086425296936,0.26170212765957446,-0.22869812661922218,1.0,1,0.7699938416481018,0.04968919977545738,3.080112934112549,0.34547287225723267,0.065266914665699,0.3055484401447204,5,0.23333333333333334,0.2088888888888889,greedy,0.5666666666666667,0.8620689655172413,0.08927682787179947,0.041283030062913895,0.0,1.2855230528732826,37.280168533325195,5.0,1.9333333333333333,12.0,0.4103724139232288,0.12941176470588234,0.7656839156821201,0.8215169103051381,0.6738095238095237,0.17848308969486193
2023-12-27,-0.29591834316369653,35.62135442320241,0.20740997229916897,0.5415172883286772,-0.2762367176584988,0.5874750317549555,-0.12008274869985756,-0.08528044084812827,0.30000000000000004,-0.30000000000000004,-0.30000000000000004,0.0674490759470226,-0.026643981504553715,0.0,-0.055105113785255413,0.22374486572707597,low_connectivity,partial_correlation,60,residual,30,80,0.1839080459770115,0.02,0,5.333333333333333,0.5366292595863342,0.4544296860694885,1.4609395265579224,0.10061798244714737,0.044606201350688934,0.01850445568561554,-0.0008866815478540957,0.45,0.55,0.048322007060050964,0.01850445568561554,-0.0008866815478540957,0.08366315165873844,0.27385892116182575,-0.20168112621790188,1.0,1,0.7763554453849792,0.04801032692193985,3.0649619102478027,0.3492000699043274,0.06587536633014679,0.29225710905922386,4,0.3333333333333333,0.26,greedy,0.5,0.896551724137931,0.08959760516881943,0.04114194214344025,0.0,1.288193575267134,37.35761368274689,4.0,1.9333333333333333,11.0,0.41074335101235415,0.09523809523809523,0.7151822929142911,0.8103420140387095,0.7112121212121213,0.18965798596129047
2023-12-28,-0.15065282635149657,42.523833659804644,0.34337140879196953,6.9024792366022325,7.087751659083089,2.1062263874363367,-0.11463308333079403,-0.08528044084812827,0.30000000000000004,-0.30000000000000004,-0.30000000000000004,0.0674490759470226,0.008063548138276316,0.0,0.09233331774720051,0.18141475599492637,low_connectivity,partial_correlation,60,residual,30,80,0.1839080459770115,0.02,0,5.333333333333333,0.5452229976654053,0.460548996925354,1.5488395690917969,0.10222931206226349,0.04312340170145035,0.01880079321563244,-0.0005909378523938358,0.4625,0.5375,0.04842983931303024,0.01880079321563244,-0.0005909378523938358,0.10214120439627972,0.2625,-0.2445058759194613,1.0,1,0.7785301804542542,0.054807472974061966,3.0701797008514404,0.3482603132724762,0.06563819199800491,0.28899186280473615,5,0.3333333333333333,0.25111111111111106,greedy,0.4666666666666667,0.8620689655172413,0.09019581228494644,0.041479747742414474,0.0,1.2858013079084198,37.28823792934418,4.0,1.9333333333333333,13.0,0.4107792950966806,0.2417582417582418,0.5325931232091691,0.6741483396842286,0.6468253968253967,0.3258516603157714
2023-12-29,-0.2156790444334641,39.38020791597036,0.284083044982699,-3.143625743834285,9.656575984006999,5.586918709766728,-0.11799807485909677,-0.11350051400150891,0.30000000000000004,-0.30000000000000004,-0.30000000000000004,0.0674490759470226,-0.009494954958067042,0.0,0.03412055771111013,0.22374486572707597,low_connectivity,partial_correlation,60,residual,30,78,0.1793103448275862,0.02,0,5.2,0.5399166345596313,0.45388129353523254,1.4266818761825562,0.10383011400699615,0.043094418942928314,0.018617814406752586,-0.0016689116600900888,0.4230769230769231,0.5769230769230769,0.046854615211486816,0.018617814406752586,-0.0016689116600900888,0.09279317676235276,0.24770642201834864,-0.12177116695215467,1.0,1,0.7635092735290527,0.056350622326135635,3.086426258087158,0.3510768711566925,0.0628509446978569,0.29009477770171516,4,0.3333333333333333,0.2688888888888889,greedy,0.5,0.896551724137931,0.08970531076192856,0.04131866991519928,0.0,1.2872475878945713,37.330180048942566,4.0,1.9333333333333333,12.0,0.4087216533463576,0.1839080459770115,0.5903713730798658,0.7035182293566621,0.6,0.2964817706433379
2024-01-02,-0.169575172921035,41.60158829702706,0.3261847111726046,2.221380381056697,7.613879119523077,7.280401729466824,-0.12184992074417063,-0.0993904774248185,0.30000000000000004,-0.30000000000000004,-0.30000000000000004,0.0674490759470226,-0.005850879064920129,0.0,0.06632216263877576,0.22374486572707597,low_connectivity,partial_correlation,60,residual,30,79,0.18160919540229886,0.02,0,5.266666666666667,0.5338423848152161,0.43340161442756653,1.3590859174728394,0.10136249661445618,0.0435757152736187,0.018408361822366714,-0.0022678696550428867,0.4050632911392405,0.5949367088607594,0.04731522127985954,0.018408361822366714,-0.0022678696550428867,0.09473325798467282,0.28820960698689957,-0.1376320661847285,1.0,1,0.7615779638290405,0.0502188615500927,3.0792391300201416,0.3380485773086548,0.06432302296161652,0.2960795018346337,4,0.3333333333333333,0.2822222222222222,greedy,0.4666666666666667,0.896551724137931,0.08854233473539352,0.0411558523774147,0.0,1.2897292334457924,37.40214776992798,4.0,1.9333333333333333,11.0,0.40964147222738617,0.21590909090909094,0.36358776693019723,0.434562674920563,0.4721861471861472,0.565437325079437
2024-01-03,-0.3013294935227117,35.37355953163725,0.20262793914246197,-6.2280287653898085,0.2937223967635134,3.7756857770295618,-0.12142239459016653,-0.08528044084812827,0.30000000000000004,-0.30000000000000004,-0.30000000000000004,0.0674490759470226,-0.022773222183827265,0.0,-0.02071726784253851,0.18141475599492637,low_connectivity,partial_correlation,60,residual,30,80,0.1839080459770115,0.02,0,5.333333333333333,0.5345165729522705,0.47070831060409546,1.3965009450912476,0.10022187232971191,0.04286349564790726,0.018431609496474266,-0.0018744970439001918,0.425,0.575,0.0474996455013752,0.018431609496474266,-0.0018744970439001918,0.08572391759623836,0.28085106382978725,-0.10068047027761277,1.0,1,0.7739135026931763,0.045457880944013596,3.0789623260498047,0.3682442903518677,0.06435129046440125,0.27832108046795195,5,0.3,0.24666666666666667,greedy,0.5,0.8620689655172413,0.08868387341499329,0.041092731058597565,0.0,1.29038248390987,37.42109203338623,4.0,1.9333333333333333,12.0,0.41046923049279554,0.12941176470588234,0.19276270006958943,0.43354047092429554,0.3942307692307693,0.5664595290757044
2024-01-04,-0.21260613212464072,39.52701762815144,0.28689941237469757,4.153458096514193,3.905663204949029,5.442198335475709,-0.12311982516748557,-0.08528044084812827,0.30000000000000004,-0.30000000000000004,-0.30000000000000004,0.0674490759470226,-0.006387783995177743,0.0,0.010987976212052428,0.22374486572707597,low_connectivity,partial_correlation,60,residual,30,80,0.1839080459770115,0.02,0,5.333333333333333,0.5318399667739868,0.46542444825172424,1.3878651857376099,0.09971998631954193,0.042103640735149384,0.018339307978749275,-0.0018779513193294406,0.4375,0.5625,0.0472659133374691,0.018339307978749275,-0.0018779513193294406,0.09444741345126922,0.29809725158562367,-0.10590872259685022,1.0,1,0.7643599510192871,0.04623044654726982,3.083310127258301,0.35119667649269104,0.06344691663980484,0.29028485452268876,4,0.36666666666666664,0.28888888888888886,greedy,0.5,0.896551724137931,0.08915149420499802,0.04106894135475159,0.0,1.2905699919010032,37.42652976512909,5.0,1.9333333333333333,11.0,0.4103913197714935,0.16091954022988508,0.1949644932214332,0.42554183788447164,0.34076479076479077,0.5744581621155284
2024-01-05,-0.33395218880097505,33.896624440852214,0.17242570836212853,-5.6303931872992266,-8.62720921895243,-2.095716201612227,-0.12101908612632194,-0.0993904774248185,0.30000000000000004,-0.30000000000000004,-0.30000000000000004,0.0674490759470226,-0.019280715968540058,0.0,-0.04312574122324342,0.18141475599492637,low_connectivity,partial_correlation,60,residual,30,79,0.18160919540229886,0.02,0,5.266666666666667,0.5351526737213135,0.47194212675094604,1.454485297203064,0.10161127150058746,0.04273514449596405,0.01845354028046131,-0.0015242710942402482,0.45569620253164556,0.5443037974683544,0.047474611550569534,0.01845354028046131,-0.0015242710942402482,0.08758330415288428,0.2814498933901919,-0.10420757026953908,1.0,1,0.7695845365524292,0.03977206349372864,3.08101487159729,0.35761240124702454,0.06206641346216202,0.2787482366130291,5,0.3,0.23111111111111113,greedy,0.5333333333333333,0.8620689655172413,0.0907420814037323,0.041460826992988586,0.0,1.2869000270448883,37.32010078430176,5.0,1.9333333333333333,12.0,0.40969460231762284,0.1071428571428571,0.4520287095356672,0.6367034005123303,0.5590909090909091,0.3632965994876697
2024-01-08,-0.29806897253454206,35.52277672995401,0.20621761658031088,1.626152289101796,-3.857431186016349,0.022242536378179523,-0.12285993886587279,-0.08528044084812827,0.30000000000000004,-0.30000000000000004,-0.30000000000000004,0.0674490759470226,-0.015048356676698273,0.0,-0.06607417781794109,0.22374486572707597,low_connectivity,partial_correlation,60,residual,30,80,0.1839080459770115,0.02,0,5.333333333333333,0.5322497487068176,0.4479522109031677,1.4600049257278442,0.099796824157238,0.04353346675634384,0.01835343986749649,-0.002342374762520194,0.425,0.575,0.046812232583761215,0.01835343986749649,-0.002342374762520194,0.08983658345578134,0.2802547770700637,-0.12531089493662192,1.0,1,0.75201416015625,0.03974401578307152,3.0899569988250732,0.3416752517223358,0.06259074807167053,0.28241609480214114,4,0.3,0.25555555555555554,greedy,0.5,0.896551724137931,0.09048063308000565,0.0413953959941864,0.0,1.2891587224499932,37.385602951049805,4.0,1.9333333333333333,12.0,0.4102400928535909,0.08433734939759041,0.6555926414654971,0.7341955520561773,0.6394444444444445,0.26580444794382274
2024-01-09,-0.24873508707246567,37.81353711874,0.25,2.2907603887859906,-3.7880511782870556,3.2523314505825454,-0.11967200708358779,-0.0993904774248185,0.30000000000000004,-0.28846104580666837,-0.30000000000000004,0.0674490759470226,0.00875453305041703,0.0,0.001170078250243061,0.18141475599492637,low_connectivity,partial_correlation,60,residual,30,79,0.18160919540229886,0.02,0,5.266666666666667,0.5372768640518188,0.4836418926715851,1.4766149520874023,0.10201458632946014,0.04309508204460144,0.018526790663599968,-0.0034160322975367308,0.379746835443038,0.620253164556962,0.046676844358444214,0.018526790663599968,-0.0034160322975367308,0.10250908006414705,0.265658747300216,-0.12791337867879424,1.0,1,0.7576002478599548,0.05079955980181694,3.0928783416748047,0.3247896134853363,0.06113401800394058,0.29341735403317776,5,0.3,0.22000000000000003,greedy,0.5,0.8620689655172413,0.09217165410518646,0.041834134608507156,0.0,1.2857156950851967,37.2857551574707,5.0,1.9333333333333333,11.0,0.40942867992024773,0.15116279069767447,0.6010436432637571,0.724663453800158,0.7479166666666667,0.27533654619984205
2024-01-10,-0.19970578949454487,40.145372256443686,0.3006558508802209,2.331835137703685,4.771812724806438,8.280551603890856,-0.12810705939488934,-0.08528044084812827,0.30000000000000004,-0.28901371970643697,-0.30000000000000004,0.0674490759470226,0.03127733155137938,0.0,0.02255426696158128,0.18141475599492637,low_connectivity,partial_correlation,60,residual,30,80,0.1839080459770115,0.02,0,5.333333333333333,0.5239754319190979,0.45181941986083984,1.4619911909103394,0.09824538230895996,0.04354054853320122,0.018068116158246994,-0.002949437592178583,0.4,0.6,0.045812737196683884,0.018068116158246994,-0.002949437592178583,0.11450006480955006,0.2920353982300885,-0.1062829665750973,1.0,1,0.735676646232605,0.042108941823244095,3.109823703765869,0.33512672781944275,0.061105698347091675,0.3084917201802215,5,0.3,0.22,greedy,0.5333333333333333,0.8620689655172413,0.09211545437574387,0.04152661934494972,0.0,1.2894842871304215,37.39504432678223,5.0,1.9333333333333333,13.0,0.4099069277245651,0.1724137931034483,0.645909645909646,0.7764271995883533,0.712034632034632,0.22357280041164673
2024-01-11,-0.2670412120606363,36.956523179198015,0.23429951690821257,-3.1888490772456706,-2.5704944489534256,7.723406872635625,-0.13997444691038277,-0.11350051400150891,0.27881813714375964,-0.2987594787885022,-0.30000000000000004,0.0674490759470226,-0.018939408889210474,0.0,0.03412055771111013,0.22374486572707597,low_connectivity,partial_correlation,60,residual,30,78,0.1793103448275862,0.02,0,5.2,0.505261242389679,0.4082895517349243,1.37471342086792,0.09716562926769257,0.041222888976335526,0.01742280088365078,-0.0022316519170999527,0.4230769230769231,0.5769230769230769,0.046161144971847534,0.01742280088365078,-0.0022316519170999527,0.0877650137207057,0.24249422632794457,-0.11833567938453518,1.0,1,0.7130438089370728,0.05087190493941307,3.0986123085021973,0.29895341396331787,0.061458371579647064,0.30825085358044096,4,0.4,0.288888888888889,greedy,0.4666666666666667,0.896551724137931,0.09112443774938583,0.0412958562374115,0.0,1.291159806580379,37.443634390830994,5.0,1.9333333333333333,12.0,0.40849049659981124,0.1839080459770115,0.46308275708231095,0.6287713373298587,0.5878205128205127,0.3712286626701413
2024-01-12,-0.2024596330467799,40.01310092312866,0.3001034839599862,3.056577743930646,6.116476482276447,8.782963182384282,-0.12920031512209026,-0.11350051400150891,0.29143966020147766,-0.25954593575353674,-0.30000000000000004,0.0674490759470226,-0.01911889580275419,0.0,0.03627242575753411,0.22374486572707597,low_connectivity,partial_correlation,60,residual,30,78,0.1793103448275862,0.02,0,5.2,0.522251307964325,0.41094374656677246,1.4305557012557983,0.10043295472860336,0.043205857276916504,0.01800866797566414,-0.002420402830466628,0.4230769230769231,0.5769230769230769,0.045763008296489716,0.01800866797566414,-0.002420402830466628,0.08766945610861722,0.24249422632794457,-0.1271689763082645,1.0,1,0.7247729897499084,0.053947579115629196,3.105353593826294,0.30072396993637085,0.059823520481586456,0.29306401378907043,4,0.4,0.29555555555555557,greedy,0.4666666666666667,0.896551724137931,0.09511194378137589,0.04211500287055969,0.0,1.2837951553278957,37.23005950450897,5.0,1.9333333333333333,12.0,0.40835778437469195,0.18604651162790697,0.8065754901300276,0.8195106307322289,0.8178571428571428,0.18048936926777115
2024-01-15,-0.18720709355800155,40.747483050739596,0.3120689655172414,0.7343821276109352,5.224706320785586,6.753289686724315,-0.1244385417668646,-0.07117040427143786,0.2657955510690131,-0.2527351439793106,-0.30000000000000004,0.0674490759470226,-0.03930494766752561,0.0,0.04345245138402552,0.22374486572707597,low_connectivity,partial_correlation,60,residual,30,81,0.18620689655172415,0.02,0,5.4,0.5297604203224182,0.4538787603378296,1.2741889953613281,0.09810376912355423,0.04363744333386421,0.018267599865794182,-0.0017359670018777251,0.4444444444444444,0.5555555555555556,0.04302861541509628,0.018267599865794182,-0.0017359670018777251,0.07692253938021662,0.25754060324825984,-0.04618190134835854,1.0,1,0.7009419202804565,0.08900821208953857,3.1457953453063965,0.26397353410720825,0.057633720338344574,0.3057892453219374,4,0.3333333333333333,0.28,greedy,0.4666666666666667,0.896551724137931,0.09580451250076294,0.04220610857009888,0.0,1.2819078502983883,37.17532765865326,5.0,1.9333333333333333,13.0,0.4097451706556068,0.19318181818181823,0.5200833571691251,0.5892698729703972,0.6607142857142857,0.41073012702960277
2024-01-16,-0.20941609166998795,39.6796232148569,0.29196828679765596,-1.0678598358826932,1.8660860961169021,-2.5154935133870637,-0.12318367491919327,-0.08528044084812827,0.2756648569412696,-0.24527554836278675,-0.30000000000000004,0.0674490759470226,-0.021956911617771302,0.0,-0.0005783145374764259,0.22374486572707597,low_connectivity,partial_correlation,60,residual,30,80,0.1839080459770115,0.02,0,5.333333333333333,0.5317392349243164,0.5061239004135132,1.2665812969207764,0.09970110654830933,0.04221893474459648,0.01833583600819111,-0.0022273047361522913,0.425,0.575,0.043537262827157974,0.01833583600819111,-0.0022273047361522913,0.0861585157899162,0.25813953488372093,-0.07056194486761445,1.0,1,0.7101134657859802,0.07425016909837723,3.137730360031128,0.26970961689949036,0.05781380832195282,0.3028556497443369,4,0.4,0.32222222222222224,greedy,0.5,0.896551724137931,0.09656305611133575,0.042275529354810715,0.0,1.2809379964039243,37.147201895713806,4.0,1.9333333333333333,13.0,0.40914843626805647,0.14942528735632188,0.547680157946693,0.6234600113010982,0.6820054945054945,0.3765399886989018
2024-01-17,-0.12647197778699468,43.70990244439839,0.36560992419021365,4.030279229541485,3.564530187954702,5.884470559131323,-0.11378488185451414,-0.05706036769474763,0.30000000000000004,-0.23422001881376364,-0.30000000000000004,0.0674490759470226,-0.00045604581106253335,0.0,-0.012144605287005278,0.22374486572707597,low_connectivity,partial_correlation,60,residual,30,82,0.18850574712643678,0.02,0,5.466666666666667,0.5465604662895203,0.5015431642532349,1.4987423419952393,0.09998057782649994,0.04235328361392021,0.018846916034817696,-0.0023573862854391336,0.4146341463414634,0.5853658536585366,0.04492485523223877,0.018846916034817696,-0.0023573862854391336,0.09760543051901553,0.25625,-0.1260559047525417,1.0,1,0.7451177835464478,0.07514437288045883,3.129305362701416,0.334218293428421,0.05843735858798027,0.3032515632484634,4,0.36666666666666664,0.30666666666666664,greedy,0.5,0.896551724137931,0.0976872593164444,0.042665839195251465,0.0,1.2770896369013294,37.03559947013855,4.0,1.9333333333333333,14.0,0.41114353411955856,0.13793103448275867,0.9164265129682997,0.9206809108450497,0.9291666666666667,0.07931908915495034
2024-01-18,-0.18183236530410293,41.00727283782472,0.3169135377196004,-2.702629606573666,4.050749658626707,5.109681696963811,-0.11419596601237032,-0.05706036769474763,0.29804812427208266,-0.23940187698867194,-0.30000000000000004,0.0674490759470226,-0.0030823862925854523,0.0,-0.05733383426190876,0.22374486572707597,low_connectivity,partial_correlation,60,residual,30,82,0.18850574712643678,0.02,0,5.466666666666667,0.5459123253822327,0.4680359959602356,1.5024412870407104,0.09986201673746109,0.04175782948732376,0.018824562430381775,-0.0015716615598648787,0.43902439024390244,0.5609756097560976,0.04457550495862961,0.018824562430381775,-0.0015716615598648787,0.09620718470827269,0.24425887265135698,-0.127607178906466,1.0,1,0.7309142351150513,0.0751931220293045,3.134296417236328,0.3228164613246918,0.05726834759116173,0.28020418631227273,4,0.36666666666666664,0.27999999999999997,greedy,0.5,0.896551724137931,0.09716033190488815,0.0426299087703228,0.0,1.2770962139655804,37.03579020500183,4.0,1.9333333333333333,14.0,0.41102708402835547,0.09302325581395354,0.7196713388110199,0.8287929726754057,0.696969696969697,0.17120702732459425
2024-01-19,-0.21441970102325655,39.44035056701007,0.28546831955922863,-1.5669222708146506,-0.5727503561185898,4.004268566288516,-0.1200677453783726,-0.05706036769474763,0.30000000000000004,-0.2516204909185682,-0.30000000000000004,0.035972840505078714,-0.010111616477659627,0.0,-0.0352771867860631,0.22374486572707597,low_connectivity,partial_correlation,60,residual,30,82,0.18850574712643678,0.02,0,5.466666666666667,0.5366529822349548,0.47375985980033875,1.4120920896530151,0.09816820919513702,0.041779760271310806,0.018505271524190903,-0.0022363117896020412,0.4268292682926829,0.573170731707317,0.04533940181136131,0.018505271524190903,-0.0022363117896020412,0.0924648703632081,0.2693877551020408,-0.14253263555782278,0.9666666666666667,2,0.7342808246612549,7.707484095398343e-10,3.1092114448547363,0.3160214126110077,0.05905478447675705,0.2756479868238283,4,0.4,0.33555555555555555,greedy,0.5,0.896551724137931,0.09591785818338394,0.04232487827539444,0.0,1.2814198362416234,37.16117525100708,3.0,1.9333333333333333,14.0,0.4001706052014882,0.11494252873563215,0.7240883849170906,0.7865493383887997,0.6891025641025641,0.2134506616112003
2024-01-22,-0.20517499707867798,39.88282020882513,0.2967297762478485,0.4424696418150589,-0.8646628419144662,10.15918827686177,-0.1313580530832333,-0.08528044084812827,0.26697930591345215,-0.30000000000000004,-0.30000000000000004,0.035972840505078714,-0.02874634478305186,0.0,0.19817304895442778,0.13908464626277692,low_connectivity,partial_correlation,60,residual,30,80,0.1839080459770115,0.02,0,5.333333333333333,0.518848717212677,0.48430895805358887,1.2388434410095215,0.09728413820266724,0.04313705116510391,0.017891336232423782,-0.001777474069967866,0.4375,0.5625,0.044823840260505676,0.017891336232423782,-0.001777474069967866,0.0825438677473413,0.28125,-0.0388501510548394,0.9666666666666667,2,0.7020419836044312,9.505911613416629e-09,3.101771831512451,0.2797943651676178,0.05960622429847717,0.27859996718572144,6,0.23333333333333334,0.2,greedy,0.6,0.8275862068965517,0.08843125402927399,0.04120570421218872,0.0,1.2879625517746498,37.350914001464844,4.0,1.9333333333333333,15.0,0.3984661843013946,0.34693877551020413,0.23828535406598025,0.4180673691208214,0.6030982905982907,0.5819326308791786
2024-01-23,-0.4097510092704129,30.586937775736082,0.11631108052305575,-9.295882433089048,-9.092685439120821,-3.400771401767898,-0.14959188426967035,-0.11350051400150891,0.21734293107416694,-0.30000000000000004,-0.30000000000000004,0.035972840505078714,-0.05657652636149463,0.0,0.07518738778808903,0.18141475599492637,low_connectivity,partial_correlation,60,residual,30,78,0.1793103448275862,0.02,0,5.2,0.49009519815444946,0.4534846842288971,1.150278925895691,0.09424907714128494,0.04079132527112961,0.01689983159303665,-0.0018298581708222628,0.4230769230769231,0.5769230769230769,0.04472704604268074,0.01689983159303665,-0.0018298581708222628,0.06772726834675419,0.20993227990970656,-0.15400703058915619,0.9666666666666667,2,0.6559149026870728,1.1689701651107498e-08,3.0998990535736084,0.24671870470046997,0.060033708810806274,0.28120037250906826,5,0.3333333333333333,0.24888888888888894,greedy,0.6,0.8620689655172413,0.08851463347673416,0.04029267281293869,0.0,1.2966829949411853,37.60380685329437,4.0,1.9333333333333333,14.0,0.39690135251231123,0.2247191011235955,0.5958188153310104,0.7174137540135128,0.6940476190476191,0.2825862459864872
2024-01-24,-0.6253010203534443,22.25959400956701,0.029239766081871343,-8.327343766169072,-21.450308434831378,-12.820243125306725,-0.17470100465366997,-0.12761055057819914,0.17601644340683228,-0.30000000000000004,-0.30000000000000004,-0.02697963037880906,-0.055029303780338545,0.0,0.12857859883226255,0.054424426798477865,low_connectivity,partial_correlation,60,residual,30,77,0.17701149425287357,0.02,0,5.133333333333334,0.45049959421157837,0.4560110569000244,1.020827054977417,0.08775965869426727,0.037634238600730896,0.015534467995166779,-0.0031833138782531023,0.36363636363636365,0.6363636363636364,0.04614224657416344,0.015534467995166779,-0.0031833138782531023,0.06855099912637258,0.23841059602649006,-0.20922003621226684,0.9,4,0.617510199546814,0.0,3.0563671588897705,0.24487465620040894,0.06170458719134331,0.26114148645561913,8,0.23333333333333334,0.17333333333333337,greedy,0.6,0.7586206896551724,0.07732736319303513,0.0386408194899559,0.0,1.3143006563186646,38.11471903324127,4.0,1.9333333333333333,16.0,0.37438458027567906,0.2777777777777778,0.3783331590505072,0.5998840510181616,0.5788888888888889,0.40011594898183844
2024-01-25,-0.6040588536793728,23.003427038633724,0.03679504814305364,0.7438330290667139,-18.003845799190998,-12.617927384568688,-0.1721023129083354,-0.11350051400150891,0.1947295319497991,-0.30000000000000004,-0.30000000000000004,-0.02697963037880906,-0.030933673131110524,0.0,0.0479732082599645,0.09675453653062746,low_connectivity,partial_correlation,60,residual,30,78,0.1793103448275862,0.02,0,5.2,0.4545975923538208,0.47691452503204346,1.1478391885757446,0.08742262423038483,0.03513096272945404,0.015675777569413185,-0.0029594777151942253,0.3717948717948718,0.6282051282051282,0.0470467209815979,0.015675777569413185,-0.0029594777151942253,0.08137934901075365,0.28336755646817247,-0.12789302317520784,0.9,4,0.6349002718925476,2.690407010280254e-18,3.0492048263549805,0.2513507306575775,0.06203547492623329,0.2742406688952294,7,0.23333333333333334,0.2066666666666667,greedy,0.6,0.7931034482758621,0.08123070746660233,0.03888766095042229,0.0,1.3108966720515285,38.016003489494324,5.0,1.9333333333333333,12.0,0.37545235526972803,0.19767441860465118,0.5523909371541732,0.7630287585711552,0.7428571428571429,0.23697124142884485
2024-01-26,-0.5907704806692993,23.47752404153787,0.04022000687521485,0.4740970029041449,-15.962826525472202,-19.046309618266775,-0.16642146622260062,-0.11350051400150891,0.19384569245281333,-0.30000000000000004,-0.30000000000000004,0.035972840505078714,-0.05004860890366491,0.0,-0.02970307076219368,0.13908464626277692,low_connectivity,partial_correlation,60,residual,30,78,0.1793103448275862,0.02,0,5.2,0.46355587244033813,0.469179630279541,1.093409776687622,0.08914536237716675,0.035483136773109436,0.015984686091542244,-0.0038094904739409685,0.3333333333333333,0.6666666666666666,0.04527318477630615,0.015984686091542244,-0.0038094904739409685,0.07120268720523848,0.26143790849673204,0.01796383417713149,0.9666666666666667,2,0.6340789198875427,7.632783294297951e-17,3.0815441608428955,0.23972779512405396,0.06033318489789963,0.3038285595490062,6,0.26666666666666666,0.20222222222222225,greedy,0.6,0.8275862068965517,0.08240778744220734,0.03913995251059532,0.0,1.3088941204136815,37.957929491996765,4.0,1.9333333333333333,11.0,0.397083398756853,0.12048192771084343,0.4477092175427141,0.6298485907301969,0.5341836734693878,0.37015140926980306
2024-01-29,-0.2165921676167491,39.33661986290143,0.2838487972508591,15.85909582136356,-0.546200345923701,-0.04358805306893032,-0.13577656551471287,-0.05706036769474763,0.21502153753901407,-0.30000000000000004,-0.30000000000000004,0.035972840505078714,-0.057936521970176486,0.0,0.20177215352386876,0.18141475599492637,low_connectivity,partial_correlation,60,residual,30,82,0.18850574712643678,0.02,0,5.466666666666667,0.5118809938430786,0.500548243522644,1.0984227657318115,0.09363676607608795,0.03540055453777313,0.017651069909334183,-0.0034647136926651,0.3780487804878049,0.6219512195121951,0.042824238538742065,0.017651069909334183,-0.0034647136926651,0.06700321593395911,0.1987179487179487,-0.08441835317305642,0.9666666666666667,2,0.653757631778717,-1.3877787807814457e-16,3.1370606422424316,0.2311401665210724,0.05870217829942703,0.27546432871678456,5,0.3333333333333333,0.26,greedy,0.6,0.8620689655172413,0.0804726630449295,0.03949889913201332,0.0,1.3042709210823322,37.823856711387634,4.0,1.9333333333333333,12.0,0.3993322174439485,0.35051546391752575,0.24135258211413624,0.5060904923733069,0.5326210826210827,0.49390950762669306
2024-01-30,-0.29883194749304215,35.48783394653414,0.2054276880796977,-3.848785916367291,4.900896170798056,-6.113754350492918,-0.13644928293627254,-0.05706036769474763,0.20578400373100358,-0.30000000000000004,-0.30000000000000004,0.035972840505078714,-0.08877049205157928,0.0,0.16027659495854873,0.18141475599492637,low_connectivity,partial_correlation,60,residual,30,82,0.18850574712643678,0.02,0,5.466666666666667,0.510820209980011,0.4663234353065491,1.0769386291503906,0.09344271570444107,0.035389117896556854,0.017614489421248436,-0.004097294062376022,0.36585365853658536,0.6341463414634146,0.04176342859864235,0.017614489421248436,-0.004097294062376022,0.050587419963022545,0.17647058823529413,-0.054667143203325996,0.9666666666666667,2,0.645173192024231,6.936746732577603e-09,3.1487185955047607,0.25287389755249023,0.05651623755693436,0.27879329322522284,5,0.4,0.2800000000000001,greedy,0.5666666666666667,0.8620689655172413,0.07861185073852539,0.03937486186623573,0.0,1.3078626723125064,37.92801749706268,4.0,1.9333333333333333,17.0,0.39897861413058194,0.30927835051546393,0.3724557569524789,0.5846061892193622,0.656031746031746,0.41539381078063775
2024-01-31,-0.38515965562915927,31.641003687431407,0.1308379120879121,-3.846830259102731,9.381409677864397,-3.732555844205841,-0.14233017390847344,-0.05706036769474763,0.1950717792325216,-0.30000000000000004,-0.30000000000000004,0.035972840505078714,-0.08533012122548135,0.0,0.08710163146701658,0.18141475599492637,low_connectivity,partial_correlation,60,residual,30,82,0.18850574712643678,0.02,0,5.466666666666667,0.5015463829040527,0.4786539077758789,1.0378919839859009,0.09174628555774689,0.03649863228201866,0.01729470305144787,-0.0027435815427452326,0.4024390243902439,0.5975609756097561,0.04182349890470505,0.01729470305144787,-0.0027435815427452326,0.05241904999303445,0.21568627450980393,-0.10342818630720976,0.9666666666666667,2,0.6352183222770691,5.138321990116879e-10,3.1434810161590576,0.2262190282344818,0.05901002883911133,0.30688060105681575,5,0.36666666666666664,0.2822222222222222,greedy,0.5,0.8620689655172413,0.07892412692308426,0.03933485224843025,0.0,1.3070341019794858,37.90398895740509,4.0,1.9333333333333333,10.0,0.3989986375659362,0.23655913978494625,0.547760635422298,0.6245475263429905,0.6154761904761904,0.3754524736570095
2024-02-01,-0.3821625399931748,31.770798195866917,0.13422588396841745,0.12979450843550921,8.767371157233192,-7.756219432284524,-0.14438614276429268,-0.07117040427143786,0.1969965995013564,-0.30000000000000004,-0.30000000000000004,0.035972840505078714,-0.05974154249690207,0.0,0.07875135353809654,0.18141475599492637,low_connectivity,partial_correlation,60,residual,30,81,0.18620689655172415,0.02,0,5.4,0.49830424785614014,0.5134214162826538,1.0782837867736816,0.09227855503559113,0.03643220663070679,0.017182905226945877,-0.003594533307477832,0.35802469135802467,0.6419753086419753,0.042326923459768295,0.017182905226945877,-0.003594533307477832,0.0660422352813914,0.21568627450980393,-0.07463640880477963,0.9666666666666667,2,0.6370070576667786,6.938893903907228e-18,3.129155158996582,0.2324931025505066,0.0585259273648262,0.30677793911430795,5,0.3,0.24444444444444446,greedy,0.5333333333333333,0.8620689655172413,0.08025961369276047,0.039447009563446045,0.0,1.3051907070751847,37.85053050518036,5.0,1.9333333333333333,14.0,0.39840016222605307,0.2282608695652174,0.34843306914854943,0.5709127934663453,0.5988095238095238,0.42908720653365473
2024-02-02,-0.2553091576910776,37.5048589161405,0.24571036376115304,5.7340607202735825,14.02733487460263,3.6082344752882847,-0.1324403817338276,-0.05706036769474763,0.21516129706469853,-0.30000000000000004,-0.30000000000000004,0.035972840505078714,-0.015041488186548702,0.0,0.1166841863593428,0.18141475599492637,low_connectivity,partial_correlation,60,residual,30,82,0.18850574712643678,0.02,0,5.466666666666667,0.5171419382095337,0.5547274351119995,1.152793526649475,0.094599150121212,0.02915424294769764,0.017832482233643532,-0.004558510147035122,0.35365853658536583,0.6463414634146342,0.042212583124637604,0.017832482233643532,-0.004558510147035122,0.08984024019322469,0.21656050955414013,-0.08082829119150133,0.9666666666666667,2,0.6538875102996826,1.1102230246251565e-16,3.1393401622772217,0.3161276876926422,0.05654148384928703,0.2739209413471372,5,0.26666666666666666,0.23777777777777778,greedy,0.4666666666666667,0.8620689655172413,0.08450295031070709,0.04028526321053505,0.0,1.3015518270689865,37.74500298500061,4.0,1.9333333333333333,14.0,0.39912833230591366,0.26595744680851063,0.42104439051123466,0.5807217120583844,0.5822222222222222,0.4192782879416156
2024-02-05,0.024413543646177458,51.22043472365515,0.5084048027444253,13.715575807514654,11.883814860753724,15.697657993701142,-0.10505072222995532,-0.042950331118057225,0.26732104008180774,-0.17121893099858243,-0.30000000000000004,0.0674490759470226,-0.028748542431521962,0.0,0.11386708866838816,0.22374486572707597,normal,partial_correlation,60,residual,30,83,0.19080459770114944,0.02,0,5.533333333333333,0.5603338479995728,0.5334802865982056,1.297865629196167,0.10126514732837677,0.03002678044140339,0.019321855157613754,-0.005216304212808609,0.3373493975903614,0.6626506024096386,0.0423913337290287,0.019321855157613754,-0.005216304212808609,0.08254269773424193,0.18329938900203666,-0.15541617985081632,1.0,1,0.7023595571517944,0.08249158412218094,3.157670497894287,0.3388175368309021,0.05387724190950394,0.2730103253853071,4,0.3333333333333333,0.2688888888888889,greedy,0.5,0.896551724137931,0.10409364849328995,0.043079957365989685,0.0,1.2787942804139236,37.085034132003784,5.0,1.9333333333333333,14.0,0.41106531047672606,0.26315789473684215,0.3732176627742923,0.5284784859717399,0.47770007770007766,0.47152151402826015
2024-02-06,0.04435724459595037,52.21640877754936,0.5277777777777778,0.9959740538942086,16.728574831015223,14.40287165880936,-0.1027095875034459,-0.042950331118057225,0.282498963054719,-0.15482826290897217,-0.30000000000000004,0.0674490759470226,0.02521423183371852,0.0,0.045938289563889616,0.22374486572707597,normal,partial_correlation,60,residual,30,83,0.19080459770114944,0.02,0,5.533333333333333,0.5640256404876709,0.6072251796722412,1.2532727718353271,0.1019323393702507,0.030993876978754997,0.019449159502983093,-0.004549935460090637,0.3614457831325301,0.6385542168674698,0.042559295892715454,0.019449159502983093,-0.004549935460090637,0.11127211175472776,0.22560975609756098,-0.07598536125312869,1.0,1,0.7164644002914429,0.08230716735124588,3.1513478755950928,0.32971706986427307,0.05533033236861229,0.30869364942892064,4,0.3,0.25555555555555554,greedy,0.5,0.896551724137931,0.1057603657245636,0.04332973435521126,0.0,1.2767489038664719,37.025718212127686,5.0,1.9333333333333333,14.0,0.41112129786462165,0.19565217391304346,0.6439117088145008,0.7288945992930617,0.717063492063492,0.27110540070693834
2024-02-07,0.033629198146954205,51.68082632674884,0.5166266712375729,-0.5355824508005185,20.039822639317435,11.535454070305157,-0.10223201602366663,-0.07117040427143786,0.29420964397189314,-0.14376049730781312,-0.30000000000000004,0.0674490759470226,0.03743666079251872,0.0,0.02795186931136144,0.22374486572707597,normal,partial_correlation,60,residual,30,81,0.18620689655172415,0.02,0,5.4,0.5647786855697632,0.5237808227539062,1.3679835796356201,0.10458863526582718,0.032425615936517715,0.01947512850165367,-0.004345006309449673,0.37037037037037035,0.6296296296296297,0.04341554641723633,0.01947512850165367,-0.004345006309449673,0.11777924980821979,0.21153846153846154,-0.11266642761478696,1.0,1,0.7273471355438232,0.07963858544826508,3.1458046436309814,0.3389911651611328,0.05555414780974388,0.3209704431775428,4,0.3,0.25555555555555554,greedy,0.5,0.896551724137931,0.10688581317663193,0.043645456433296204,0.0,1.2732901696501107,36.92541491985321,5.0,1.9333333333333333,14.0,0.40987414765632013,0.1777777777777778,1.0,1.0,1.0,0.0
2024-02-15,-0.031060161006715246,48.44749117003591,0.453050034270048,-3.2333351567129327,16.676692974168994,11.490967990837895,-0.10455910654513303,-0.08528044084812827,0.2689644812596936,-0.16563255040545563,-0.30000000000000004,0.0674490759470226,0.005956894069458072,0.0,0.10062672952090113,0.18141475599492637,low_connectivity,partial_correlation,60,residual,30,80,0.1839080459770115,0.02,0,5.333333333333333,0.5611090064048767,0.5840378999710083,1.402625322341919,0.10520794242620468,0.031006762757897377,0.019348587840795517,-0.0030013700015842915,0.425,0.575,0.042027607560157776,0.019348587840795517,-0.0030013700015842915,0.10101963609729762,0.19772727272727272,-0.14724406132129506,1.0,1,0.7038868069648743,0.07439690083265305,3.1564877033233643,0.31163427233695984,0.055925361812114716,0.2961382028814426,5,0.26666666666666666,0.21555555555555556,greedy,0.5,0.8620689655172413,0.10466171056032181,0.04311645030975342,0.0,1.2771063631978528,37.03608453273773,4.0,1.9333333333333333,14.0,0.4086452178457231,0.25,0.48717540226222716,0.6064360445511701,0.6111111111111112,0.39356395544882994
2024-02-16,0.011721663282166258,50.58605632348441,0.49640287769784175,2.1385651534484964,13.081197407343907,10.572955400355745,-0.09391541459294724,-0.05706036769474763,0.2833541322864543,-0.11652392449050256,-0.30000000000000004,0.0674490759470226,0.037855521330060406,0.0,0.009147884501900051,0.18141475599492637,normal,partial_correlation,60,residual,30,82,0.18850574712643678,0.02,0,5.466666666666667,0.5778935551643372,0.604688286781311,1.4359591007232666,0.10571222752332687,0.03088545799255371,0.019927361980080605,-0.0037549170665442944,0.4024390243902439,0.5975609756097561,0.041507184505462646,0.019927361980080605,-0.0037549170665442944,0.11800224830975586,0.21615720524017468,-0.1467760508302503,1.0,1,0.7172591090202332,0.08694187551736832,3.169853925704956,0.3094347417354584,0.05511067062616348,0.29971973012887276,5,0.26666666666666666,0.2177777777777778,greedy,0.5,0.8620689655172413,0.10965541750192642,0.044083401560783386,0.0,1.2721948582550575,36.89365088939667,4.0,1.9333333333333333,11.0,0.4100043105439665,0.15909090909090906,0.6335299073294018,0.7644825644075228,0.6845238095238095,0.23551743559247718
2024-02-19,0.31762701876159577,65.36798427955821,0.7356164383561644,14.781927956073808,14.147549555903062,24.62050122881862,-0.07492477202548571,-0.05706036769474763,0.30000000000000004,0.046069542259298685,-0.30000000000000004,0.0674490759470226,0.006369459414716776,0.0,0.10597921513371505,0.22374486572707597,normal,partial_correlation,60,residual,30,82,0.18850574712643678,0.02,0,5.466666666666667,0.6078406572341919,0.5752581357955933,1.4099762439727783,0.11119035631418228,0.03592218831181526,0.020960019901394844,-0.004563532304018736,0.3902439024390244,0.6097560975609756,0.04146255925297737,0.020960019901394844,-0.004563532304018736,0.10123928308127556,0.21244635193133046,-0.1803777205757098,1.0,1,0.7470572590827942,0.14173322916030884,3.1742806434631348,0.3256166875362396,0.053787488490343094,0.33473231499610834,4,0.26666666666666666,0.2511111111111111,greedy,0.4666666666666667,0.896551724137931,0.12618905305862427,0.047679126262664795,0.0,1.2550486244004349,36.39641010761261,5.0,1.9333333333333333,12.0,0.40998943545980476,0.25531914893617025,0.42201482382698063,0.5651263400588385,0.4836940836940837,0.43487365994116145
2024-02-20,0.237788028857315,61.670268247379475,0.6894899007189319,-3.6977160321787395,9.453859469830114,21.990645032522572,-0.0726257699141053,-0.05706036769474763,0.30000000000000004,0.04609665207540824,-0.30000000000000004,0.0674490759470226,0.024411894161347054,0.0,0.04810178828746367,0.18141475599492637,normal,partial_correlation,60,residual,30,82,0.18850574712643678,0.02,0,5.466666666666667,0.6114660501480103,0.6246050596237183,1.4780023097991943,0.11185353994369507,0.038962945342063904,0.02108503319323063,-0.0034926754888147116,0.4146341463414634,0.5853658536585366,0.04165463522076607,0.02108503319323063,-0.0034926754888147116,0.11084495263461853,0.20734341252699784,-0.09572631327620476,1.0,1,0.7650722861289978,0.11370022594928741,3.1668851375579834,0.34742307662963867,0.05374857783317566,0.31086609108473356,5,0.3,0.2222222222222222,greedy,0.5333333333333333,0.8620689655172413,0.12619180977344513,0.047510065138339996,0.0,1.2547633976771915,36.38813853263855,4.0,1.9333333333333333,11.0,0.41005346078240096,0.19780219780219777,0.3158312812773056,0.4993562002485754,0.46622474747474746,0.5006437997514246
2024-02-21,0.2801701271699873,63.65312649145424,0.7145790554414785,1.9828582440747624,11.972300164705395,19.94322404705585,-0.06985642395041895,-0.042950331118057225,0.30000000000000004,0.06502369990627382,-0.30000000000000004,0.0674490759470226,-0.00028466526443848,0.0,0.03704390592252952,0.22374486572707597,normal,partial_correlation,60,residual,30,83,0.19080459770114944,0.02,0,5.533333333333333,0.615833044052124,0.6402637958526611,1.2701959609985352,0.11129512637853622,0.03817692771553993,0.021235622465610504,-0.003904376644641161,0.39759036144578314,0.6024096385542169,0.040725868195295334,0.021235622465610504,-0.003904376644641161,0.09769667235648702,0.22629310344827586,-0.04065130474951652,1.0,1,0.7585442662239075,0.11288488656282425,3.176924705505371,0.2901279032230377,0.054142069071531296,0.32711689183381637,4,0.36666666666666664,0.29555555555555557,greedy,0.5,0.896551724137931,0.1281164437532425,0.04777613282203674,0.0,1.25457737363618,36.38274383544922,4.0,1.9333333333333333,11.0,0.4105101552988149,0.18681318681318682,0.6749212396512565,0.7842208724775755,0.7167965367965368,0.21577912752242445
2024-02-22,0.24313857057903865,61.92290306305198,0.6931235032500855,-1.7302234284022546,13.475411893016073,20.91563022522726,-0.06532223522520718,-0.028840294541366992,0.30000000000000004,0.0601588800403008,-0.30000000000000004,0.0674490759470226,-0.02897986256144766,0.0,0.014928141192661105,0.22374486572707597,normal,partial_correlation,60,residual,30,84,0.19310344827586207,0.02,0,5.6,0.6229831576347351,0.6418278217315674,1.2892403602600098,0.1112469956278801,0.03828216344118118,0.021482178941369057,-0.0049688066355884075,0.36904761904761907,0.6309523809523809,0.04062744975090027,0.021482178941369057,-0.0049688066355884075,0.08241954447026698,0.20734341252699784,0.03670230344731951,1.0,1,0.7728974223136902,0.11196988075971603,3.1810266971588135,0.32695573568344116,0.05444491282105446,0.2896582840662581,4,0.3333333333333333,0.2866666666666667,greedy,0.5,0.896551724137931,0.12762175500392914,0.04793868958950043,0.0,1.2542255006987473,36.37253952026367,5.0,1.9333333333333333,11.0,0.41124363267558744,0.1648351648351648,0.8001783398184177,0.8361514294495079,0.8961038961038961,0.16384857055049207
2024-02-23,0.3113897958501815,65.08504590514661,0.7305061559507524,3.1621428420946316,14.498989581662208,25.644695338136543,-0.07518311688995963,-0.042950331118057225,0.30000000000000004,0.06076511414432907,-0.30000000000000004,0.0674490759470226,-0.05744843572478767,0.0,0.0926825140324089,0.2660749754592254,normal,partial_correlation,60,residual,30,83,0.19080459770114944,0.02,0,5.533333333333333,0.6074332594871521,0.5653856992721558,1.235827922821045,0.109777070581913,0.04038352146744728,0.020945971831679344,-0.003031298751011491,0.42168674698795183,0.5783132530120482,0.04042966663837433,0.020945971831679344,-0.003031298751011491,0.06726306973155216,0.18502202643171806,-0.10333269361515737,1.0,1,0.740156352519989,0.07378046959638596,3.179480791091919,0.2764414846897125,0.055334579199552536,0.3397622019807615,3,0.3333333333333333,0.3333333333333333,greedy,0.4666666666666667,0.9310344827586207,0.12768340110778809,0.04741824418306351,0.0,1.258017297448783,36.48250162601471,4.0,1.9333333333333333,11.0,0.41041142144650794,0.2421052631578947,0.4782356355194428,0.5755771529294255,0.5616883116883117,0.42442284707057454
2024-02-26,0.30168342572361095,64.64262104861248,0.7251282051282051,-0.44242485653413155,-0.7253632309457316,24.759800839787353,-0.061811869047630065,-0.028840294541366992,0.30000000000000004,0.07405390638259336,-0.30000000000000004,0.0674490759470226,-0.0655947727764929,0.0,0.0926825140324089,0.22374486572707597,normal,partial_correlation,60,residual,30,84,0.19310344827586207,0.02,0,5.6,0.62851881980896,0.5996527671813965,1.3196663856506348,0.11223548650741577,0.04071949049830437,0.021673062816262245,-0.0033729190472513437,0.40476190476190477,0.5952380952380952,0.039866432547569275,0.021673062816262245,-0.0033729190472513437,0.06292601528808525,0.1826086956521739,-0.004854204467091726,1.0,1,0.7595327496528625,0.1136765331029892,3.1906847953796387,0.2770763635635376,0.05288933217525482,0.3184474800064986,4,0.26666666666666666,0.2511111111111111,greedy,0.4666666666666667,0.896551724137931,0.12903469800949097,0.04792952910065651,0.0,1.252594729949688,36.325247168540955,4.0,1.9333333333333333,11.0,0.4109899602744771,0.2421052631578947,0.5527738834368116,0.6601083481766854,0.6722222222222222,0.3398916518233146
2024-02-27,0.26885426228507053,63.127920132737245,0.7071086807928914,-1.5147009158752383,1.4576518853577696,32.54098235700116,-0.06675440159800673,-0.014730257964676585,0.30000000000000004,0.03589031919857363,-0.30000000000000004,0.0674490759470226,-0.048243278421348144,0.0,0.07149793939642976,0.22374486572707597,normal,partial_correlation,60,residual,30,85,0.19540229885057472,0.02,0,5.666666666666667,0.6207247376441956,0.573589563369751,1.3219109773635864,0.10953965783119202,0.040427688509225845,0.02140430174767971,-0.002753670560196042,0.4117647058823529,0.5882352941176471,0.03977205976843834,0.02140430174767971,-0.002753670560196042,0.07216383287605493,0.19027484143763213,-0.04265643040277835,1.0,1,0.7452852129936218,0.13126803934574127,3.1945366859436035,0.3078087270259857,0.05415361374616623,0.304284054090165,4,0.3333333333333333,0.26,greedy,0.4666666666666667,0.896551724137931,0.12515395879745483,0.04699961096048355,0.0,1.2569402127430356,36.451266169548035,4.0,1.9333333333333333,11.0,0.41172478620633773,0.2210526315789474,0.7143624641833811,0.7782425046899163,0.8267857142857142,0.2217574953100837
2024-02-28,0.18582473120359028,59.185748649404744,0.6487871540826785,-3.9421714833325012,-4.467377842049494,36.92615463983773,-0.07452533428156762,-0.028840294541366992,0.28509583486560147,-0.006329995522034573,-0.30000000000000004,0.0674490759470226,-0.02858408978813162,0.0,0.09014477852914063,0.18141475599492637,normal,partial_correlation,60,residual,30,84,0.19310344827586207,0.02,0,5.6,0.6084705591201782,0.5964170694351196,1.1959924697875977,0.10865543782711029,0.03887532651424408,0.020981740206480026,-0.001936401124112308,0.42857142857142855,0.5714285714285714,0.039208099246025085,0.020981740206480026,-0.001936401124112308,0.08263025120314814,0.18543046357615894,-0.12235018759845075,1.0,1,0.7188776731491089,0.07102830708026886,3.1955225467681885,0.2909151017665863,0.05210404098033905,0.31393802003759647,5,0.3333333333333333,0.23777777777777778,greedy,0.5,0.8620689655172413,0.12086070328950882,0.04597045108675957,0.0,1.2602125735118472,36.54616463184357,4.0,1.9333333333333333,13.0,0.410770515840629,0.23958333333333337,0.9337112553716741,0.9514286981459027,0.9285714285714286,0.048571301854097304
2024-02-29,0.0830755800628938,54.144249469110825,0.5594262295081968,-5.041499180293918,-7.778653593941158,31.1408224304771,-0.08768468589854109,-0.07117040427143786,0.27674509096218647,-0.047023734516581754,-0.30000000000000004,0.0674490759470226,-0.012936071178589826,0.0,0.07628155302390893,0.18141475599492637,normal,partial_correlation,60,residual,30,81,0.18620689655172415,0.02,0,5.4,0.5877189636230469,0.5939445495605469,1.1565278768539429,0.10883685946464539,0.03890113905072212,0.020266171544790268,-0.0033979760482907295,0.38271604938271603,0.6172839506172839,0.03980928659439087,0.020266171544790268,-0.0033979760482907295,0.09096114988941845,0.23294117647058823,-0.05516034881446442,1.0,1,0.7111173272132874,0.07389583438634872,3.182779312133789,0.24767744541168213,0.053159307688474655,0.33281170296697865,5,0.26666666666666666,0.2288888888888889,greedy,0.5,0.8620689655172413,0.11672268062829971,0.0452650748193264,0.0,1.2647353945107296,36.67732644081116,5.0,1.9333333333333333,12.0,0.40867206104870496,0.22580645161290325,0.42567785148451087,0.6188463478517353,0.55,0.3811536521482647
2024-03-01,0.060518179835834955,53.02222031531449,0.5404574940252646,-1.1220291537963334,-12.062825589832123,29.544696273776623,-0.08543514679223894,-0.05706036769474763,0.30000000000000004,-0.041366868401570105,-0.30000000000000004,0.0674490759470226,-0.0021962980920822634,0.0,-0.0022869711254750688,0.18141475599492637,normal,partial_correlation,60,residual,30,82,0.18850574712643678,0.02,0,5.466666666666667,0.5912663340568542,0.5996541976928711,1.1504595279693604,0.10815846920013428,0.03894231095910072,0.020388495177030563,-0.0026803170330822468,0.4146341463414634,0.5853658536585366,0.04075762256979942,0.020388495177030563,-0.0026803170330822468,0.09667893203997578,0.2394678492239468,5.5451669782518e-06,1.0,1,0.7372371554374695,0.07252981513738632,3.163846254348755,0.25736507773399353,0.05430597439408302,0.35326632890904947,5,0.26666666666666666,0.2177777777777778,greedy,0.5,0.8620689655172413,0.11729791015386581,0.04535821080207825,0.0,1.2645481167168453,36.67189538478851,5.0,1.9333333333333333,12.0,0.4097544565654121,0.1477272727272727,0.5561001723070746,0.6755950529833467,0.6076984126984126,0.32440494701665334
2024-03-04,0.11958507430865563,55.950913531648126,0.5914675767918088,2.9286932163336346,-8.691707516964357,16.614293668746697,-0.081048867524041,-0.07117040427143786,0.29148282594759317,-0.02546022043417529,-0.30000000000000004,0.0674490759470226,0.017785291612861687,0.0,0.039132617035905974,0.18141475599492637,normal,partial_correlation,60,residual,30,81,0.18620689655172415,0.02,0,5.4,0.5981833338737488,0.6037863492965698,1.1859873533248901,0.1107746884226799,0.03889865428209305,0.020627008751034737,-0.002461314434185624,0.41975308641975306,0.5802469135802469,0.0397748239338398,0.020627008751034737,-0.002461314434185624,0.10731699450502191,0.23185011709601874,-0.02762635656506485,1.0,1,0.7248131036758423,0.07602877914905548,3.180812358856201,0.24654865264892578,0.053361594676971436,0.3649816543355092,5,0.23333333333333334,0.20444444444444448,greedy,0.5333333333333333,0.8620689655172413,0.11891540884971619,0.0458371639251709,0.0,1.2613665852053413,36.579630970954895,5.0,1.9333333333333333,13.0,0.408660573495188,0.18888888888888888,0.8468795100144321,0.887758476659734,0.8664285714285714,0.11224152334026605
2024-03-05,0.11446131893342124,55.69820285527921,0.5861480723302627,-0.2527106763689133,-7.429717277458032,20.210368908745075,-0.07527940532990078,-0.08528044084812827,0.30000000000000004,-0.03303155245493441,-0.30000000000000004,0.0674490759470226,0.017920620146762767,0.0,0.04126826547767294,0.18141475599492637,normal,partial_correlation,60,residual,30,80,0.1839080459770115,0.02,0,5.333333333333333,0.6072813868522644,0.6157019138336182,1.2989999055862427,0.11386524140834808,0.0425361730158329,0.020940735936164856,-0.0014387235278263688,0.4375,0.5625,0.04066462442278862,0.020940735936164856,-0.0014387235278263688,0.10738904249610776,0.2350230414746544,-0.08656313476302292,1.0,1,0.7455562353134155,0.0771406888961792,3.1672914028167725,0.23058485984802246,0.05316219478845596,0.36910530330477165,5,0.3333333333333333,0.23777777777777778,greedy,0.5,0.8620689655172413,0.11814550310373306,0.04598646238446236,0.0,1.255732799398488,36.41625118255615,5.0,1.9333333333333333,13.0,0.4081908901332667,0.1910112359550562,0.39162889446812815,0.6422841814553719,0.5448717948717949,0.3577158185446281
2024-03-06,0.03929417495862945,51.963698180885345,0.5211459754433834,-3.734504674393868,-7.222050468519399,20.322694493453938,-0.07167901922341391,-0.07117040427143786,0.30000000000000004,-0.04415383076740564,-0.30000000000000004,0.0674490759470226,-0.0008190331181878364,0.0,0.020582740129275173,0.13908464626277692,normal,partial_correlation,60,residual,30,81,0.18620689655172415,0.02,0,5.4,0.6129588484764099,0.6252393126487732,1.2418956756591797,0.11351089924573898,0.041873324662446976,0.021136514842510223,-0.0020570983178913593,0.41975308641975306,0.5802469135802469,0.041240181773900986,0.021136514842510223,-0.0020570983178913593,0.09741217854536188,0.2267818574514039,-0.0264092304862562,1.0,1,0.7676421999931335,0.07259535044431686,3.1581833362579346,0.29751020669937134,0.05273689702153206,0.3478292601496952,6,0.23333333333333334,0.18222222222222226,greedy,0.5333333333333333,0.8275862068965517,0.11701451241970062,0.04591573774814606,0.0,1.2569698383068215,36.45212531089783,5.0,1.9333333333333333,14.0,0.4091490261085417,0.17045454545454541,0.5943663458662491,0.7913385495317201,0.7857142857142858,0.20866145046827989
2024-03-07,0.06996425132459376,53.49251580750195,0.5479031708148653,1.5288176266166076,-0.6517336616088727,21.721717611635036,-0.05838415815485481,-0.07117040427143786,0.30000000000000004,0.02650336219620701,-0.30000000000000004,0.0674490759470226,-0.04266615515702013,0.0,0.009147884501900051,0.13908464626277692,normal,partial_correlation,60,residual,30,81,0.18620689655172415,0.02,0,5.4,0.633924126625061,0.6735010743141174,1.2598674297332764,0.11739335209131241,0.04028042033314705,0.02185945212841034,-0.002221908885985613,0.41975308641975306,0.5802469135802469,0.04041823744773865,0.02185945212841034,-0.002221908885985613,0.07513305537222618,0.18080357142857142,-0.09887159532047744,1.0,1,0.7719541192054749,0.07792206853628159,3.1684625148773193,0.291951447725296,0.05299753695726395,0.3261504917048684,6,0.3,0.2,greedy,0.5666666666666667,0.8275862068965517,0.12419942766427994,0.04739301651716232,0.0,1.2485255455148632,36.20724081993103,5.0,1.9333333333333333,14.0,0.40887504466648755,0.15909090909090906,0.4280742459396752,0.6656253913569068,0.5910353535353535,0.3343746086430932
2024-03-08,0.06000048383818666,52.99642928148353,0.5395364689843217,-0.4960865260184235,-0.025791033830962817,15.49157036534303,-0.06159336176965618,-0.05706036769474763,0.30000000000000004,-0.012772240336717361,-0.30000000000000004,0.035972840505078714,-0.022763650164453766,0.0,0.039132617035905974,0.13908464626277692,normal,partial_correlation,60,residual,30,82,0.18850574712643678,0.02,0,5.466666666666667,0.6288633942604065,0.675713300704956,1.2094305753707886,0.11503598839044571,0.04061013087630272,0.02168494462966919,-0.0013855338329449296,0.43902439024390244,0.5609756097560976,0.04040359705686569,0.02168494462966919,-0.0013855338329449296,0.08572901367425395,0.19162995594713655,-0.06001097362767784,0.9666666666666667,2,0.7647299766540527,-1.7347236414129296e-17,3.1630475521087646,0.2910611629486084,0.05515317991375923,0.31988552652836233,6,0.3333333333333333,0.21333333333333337,greedy,0.5333333333333333,0.8275862068965517,0.12020561099052429,0.04662218689918518,0.0,1.2515140319692677,36.293906927108765,5.0,1.9333333333333333,13.0,0.3985253369499897,0.18888888888888888,0.4534194938072159,0.6826915200866907,0.5926767676767678,0.31730847991330935
2024-03-11,0.11676182067340447,55.81170406137641,0.5884156729131176,2.8152747798928814,-0.13920947027171593,4.591269337721258,-0.058528916229273635,-0.042950331118057225,0.30000000000000004,-0.01935487003698368,-0.30000000000000004,0.0674490759470226,-0.04831179980675948,0.0,0.03704390592252952,0.18141475599492637,normal,partial_correlation,60,residual,30,83,0.19080459770114944,0.02,0,5.533333333333333,0.6336958408355713,0.6711626052856445,1.3101133108139038,0.11452335119247437,0.0388973206281662,0.02185158059000969,-0.0013091524597257376,0.43373493975903615,0.5662650602409639,0.040676575154066086,0.02185158059000969,-0.0013091524597257376,0.0721273525564727,0.17872340425531916,-0.1161401336806685,1.0,1,0.7740811705589294,0.06806464493274689,3.164323091506958,0.31190866231918335,0.053976014256477356,0.3274958380062406,5,0.26666666666666666,0.21111111111111114,greedy,0.5,0.8620689655172413,0.11953624337911606,0.04653383046388626,0.0,1.25219386199425,36.31362199783325,5.0,1.9333333333333333,11.0,0.41049372428507186,0.18681318681318682,0.4893561103810775,0.686466303044645,0.5042748917748918,0.31353369695535505
2024-03-12,0.05674915768426506,52.834415823165855,0.5361035422343324,-2.977288238210555,-2.8637870321133576,0.6180070456164941,-0.061657177267205224,-0.042950331118057225,0.30000000000000004,-0.0550024464767169,-0.30000000000000004,0.0674490759470226,-0.03824329112025373,0.0,-0.03659153800760043,0.22374486572707597,normal,partial_correlation,60,residual,30,83,0.19080459770114944,0.02,0,5.533333333333333,0.6287629008293152,0.621364414691925,1.1826316118240356,0.11363182216882706,0.03795602545142174,0.021681474521756172,-0.0018139212625101209,0.40963855421686746,0.5903614457831325,0.04021325707435608,0.021681474521756172,-0.0018139212625101209,0.07748775810570717,0.18995633187772926,-0.07680130474099581,1.0,1,0.7638351917266846,0.07398780435323715,3.17352294921875,0.32724887132644653,0.05414354056119919,0.3246226075834811,4,0.3333333333333333,0.27111111111111114,greedy,0.5333333333333333,0.896551724137931,0.11591134965419769,0.04564395919442177,0.0,1.2568136289201934,36.44759523868561,5.0,1.9333333333333333,13.0,0.4103392849251685,0.11363636363636365,0.35655897236278705,0.5438524183627197,0.4945454545454545,0.4561475816372803
2024-03-13,-0.00907946428022652,49.546039260257594,0.47156962887299964,-3.2883765629082617,-2.4176589206277512,-2.134787066491249,-0.06368447539224155,-0.042950331118057225,0.30000000000000004,-0.06335058463367467,-0.30000000000000004,0.0674490759470226,-0.029548136793081284,0.0,-0.0584097682851208,0.18141475599492637,low_connectivity,partial_correlation,60,residual,30,83,0.19080459770114944,0.02,0,5.533333333333333,0.625565767288208,0.6412744522094727,1.1823471784591675,0.1130540668964386,0.03748844936490059,0.021571235731244087,-0.0008404296240769327,0.4457831325301205,0.5542168674698795,0.04054378718137741,0.021571235731244087,-0.0008404296240769327,0.08211699913415196,0.2064516129032258,-0.06290681528422541,1.0,1,0.7672638893127441,0.07331078499555588,3.1650583744049072,0.3191632330417633,0.054561812430620193,0.3272017146316219,5,0.23333333333333334,0.2066666666666667,greedy,0.5,0.8620689655172413,0.11506245285272598,0.045447103679180145,0.0,1.257131449107466,36.456812024116516,5.0,1.9333333333333333,13.0,0.41044946162750895,0.09195402298850575,0.5294200649075772,0.692756779527669,0.6504960317460318,0.307243220472331
2024-03-14,-0.005649984899111866,49.71750376101734,0.4765146358066712,0.17146450075974684,-3.775012046484612,1.2700125909814304,-0.059047695461898586,-0.042950331118057225,0.30000000000000004,-0.04991576573728513,-0.30000000000000004,0.0674490759470226,-0.02186462525705034,0.0,-0.08073539926676954,0.18141475599492637,low_connectivity,partial_correlation,60,residual,30,83,0.19080459770114944,0.02,0,5.533333333333333,0.632877767086029,0.6304852366447449,1.182923674583435,0.11437550187110901,0.038973160088062286,0.021823370829224586,-0.0006815101369284093,0.4457831325301205,0.5542168674698795,0.04048629105091095,0.021823370829224586,-0.0006815101369284093,0.08620764842072878,0.21982758620689655,-0.0498609472666514,1.0,1,0.7782788276672363,0.06917205452919006,3.164243698120117,0.32988646626472473,0.05407149717211723,0.3200373925637266,5,0.3,0.22,greedy,0.5333333333333333,0.8620689655172413,0.11642859876155853,0.045858561992645264,0.0,1.252285254412684,36.316272377967834,5.0,1.9333333333333333,14.0,0.4104302962506868,0.06976744186046513,0.7725133354251648,0.8888473422475068,0.8476190476190475,0.11115265775249317
2024-03-15,0.0412671983666641,52.062189427622755,0.5226267437904049,2.3446856666054146,-0.9342398538607739,1.4761331041383485,-0.06103416262983429,-0.042950331118057225,0.30000000000000004,-0.05368095284603598,-0.30000000000000004,0.0674490759470226,-0.03385152842838617,0.0,-0.0584097682851208,0.22374486572707597,normal,partial_correlation,60,residual,30,83,0.19080459770114944,0.02,0,5.533333333333333,0.6297451853752136,0.6117675304412842,1.1097580194473267,0.11380936950445175,0.03827374428510666,0.021715352311730385,7.855809963075444e-05,0.46987951807228917,0.5301204819277109,0.03952746093273163,0.021715352311730385,7.855809963075444e-05,0.07982590269468282,0.19290465631929046,-0.105638915551917,1.0,1,0.7539655566215515,0.08445624262094498,3.185988426208496,0.3152211010456085,0.052325159311294556,0.33347419933885153,4,0.3,0.25555555555555554,greedy,0.4666666666666667,0.896551724137931,0.11604572832584381,0.045643940567970276,0.0,1.2539614644543877,36.364882469177246,5.0,1.9333333333333333,14.0,0.4101106862112937,0.09195402298850575,0.6010436432637571,0.7558136149835166,0.6599999999999999,0.24418638501648338
2024-03-18,0.084188111028733,54.19948875086318,0.5605442176870749,2.137299323240427,-1.6122153105132284,-11.168495528695033,-0.06492403063100016,-0.042950331118057225,0.30000000000000004,-0.10225009342040892,-0.30000000000000004,0.0674490759470226,-0.057826067094148205,0.0,0.10327480135039853,0.18141475599492637,normal,partial_correlation,60,residual,30,83,0.19080459770114944,0.02,0,5.533333333333333,0.6236111521720886,0.5799994468688965,1.2734884023666382,0.11270081996917725,0.04304903745651245,0.021503832191228867,-0.00065112195443362,0.4457831325301205,0.5542168674698795,0.04020470753312111,0.021503832191228867,-0.00065112195443362,0.06706202135875806,0.20305676855895197,0.06031965720866383,1.0,1,0.7834733128547668,0.0840843915939331,3.1750333309173584,0.3349786400794983,0.05298851430416107,0.3184471745133481,5,0.26666666666666666,0.22444444444444445,greedy,0.5,0.8620689655172413,0.11110688000917435,0.0450524166226387,0.0,1.2560979785590336,36.426841378211975,5.0,1.9333333333333333,14.0,0.4103364350780902,0.25263157894736843,0.6722649505572124,0.7778205051314996,0.7490530303030303,0.22217949486850042
2024-03-19,0.03835877512379288,51.916998627272214,0.5192111526691602,-2.282490123590968,-0.9174171958936412,-9.753269620107261,-0.0676504903880674,-0.042950331118057225,0.30000000000000004,-0.10777111737577971,-0.30000000000000004,0.0674490759470226,-0.04005360153067361,0.0,0.005590373862272267,0.22374486572707597,normal,partial_correlation,60,residual,30,83,0.19080459770114944,0.02,0,5.533333333333333,0.6193115711212158,0.5825772285461426,1.170616626739502,0.11192379146814346,0.04253396764397621,0.02135557495057583,-0.0009731387253850698,0.43373493975903615,0.5662650602409639,0.0400850847363472,0.02135557495057583,-0.0009731387253850698,0.07652396115503687,0.19078947368421054,0.02864312085029848,1.0,1,0.7695006132125854,0.07184495031833649,3.176440477371216,0.317565381526947,0.053131669759750366,0.31507605390586396,4,0.3333333333333333,0.2822222222222222,greedy,0.4666666666666667,0.896551724137931,0.11054546386003494,0.04489932209253311,0.0,1.2562932063793313,36.43250298500061,4.0,1.9333333333333333,14.0,0.4102965608124989,0.15555555555555556,0.4795561271797326,0.6829139484910898,0.5179365079365079,0.3170860515089102
2024-03-20,0.11414524338121945,55.682603772692694,0.5866757307953773,3.76560514542048,6.1365645124351005,-7.9705227187615435,-0.05847674714566268,-0.05706036769474763,0.30000000000000004,-0.054687020102793554,-0.30000000000000004,0.0674490759470226,-0.023595684936492084,0.0,0.0167711215868168,0.22374486572707597,normal,partial_correlation,60,residual,30,82,0.18850574712643678,0.02,0,5.466666666666667,0.6337781548500061,0.6144894361495972,1.1835335493087769,0.11593502014875412,0.04294988885521889,0.021854417398571968,-0.0006185479578562081,0.43902439024390244,0.5609756097560976,0.03980381786823273,0.021854417398571968,-0.0006185479578562081,0.0852860440202507,0.21232876712328766,0.01746439338799015,1.0,1,0.7778742909431458,0.07035596668720245,3.1802046298980713,0.28767719864845276,0.05405619367957115,0.3211515151672314,4,0.3,0.2688888888888889,greedy,0.4666666666666667,0.896551724137931,0.11594342440366745,0.04617574065923691,0.0,1.2489253981360073,36.218836545944214,4.0,1.9333333333333333,12.0,0.40943652166488986,0.16666666666666663,0.38806516050980505,0.5471250914905086,0.5419191919191919,0.4528749085094914
2024-03-21,0.10028178857729803,54.99734880769098,0.5756031260618416,-0.685254965001711,5.279845046673643,-6.925554255361,-0.0694684270954871,-0.05706036769474763,0.30000000000000004,-0.09044728545381459,-0.30000000000000004,0.0674490759470226,-0.0018879421641126678,0.0,0.02795186931136144,0.22374486572707597,normal,partial_correlation,60,residual,30,82,0.18850574712643678,0.02,0,5.466666666666667,0.6164448857307434,0.6401418447494507,1.1567106246948242,0.11276431381702423,0.042649462819099426,0.021256720647215843,-0.001669052173383534,0.4024390243902439,0.5975609756097561,0.039978135377168655,0.021256720647215843,-0.001669052173383534,0.09684309863891241,0.2402745995423341,0.1203733495158644,1.0,1,0.764733612537384,0.06493087112903595,3.176137924194336,0.27703267335891724,0.05399097874760628,0.34011622508199074,4,0.3,0.2688888888888889,greedy,0.4666666666666667,0.896551724137931,0.11230707168579102,0.04526078328490257,0.0,1.253291183504565,36.345444321632385,4.0,1.9333333333333333,12.0,0.40949462750120186,0.1777777777777778,1.0,1.0,1.0,0.0
2024-03-22,-0.05252749244817393,47.37603822421352,0.4296875,-7.621310583477467,-4.6861512034092385,-17.709007680933098,-0.06783347610353009,-0.05706036769474763,0.30000000000000004,-0.09016028775191964,-0.30000000000000004,0.0674490759470226,-0.0064277311615628125,0.0,-0.07990946167836273,0.18141475599492637,low_connectivity,partial_correlation,60,residual,30,82,0.18850574712643678,0.02,0,5.466666666666667,0.6190232038497925,0.638411283493042,1.0944366455078125,0.11323593556880951,0.04369790479540825,0.021345624700188637,-0.0013180377427488565,0.4146341463414634,0.5853658536585366,0.0394304096698761,0.021345624700188637,-0.0013180377427488565,0.09442614585156464,0.22916666666666666,0.045227109305843456,1.0,1,0.7516055107116699,0.06537750363349915,3.183579921722412,0.2631898820400238,0.05395660549402237,0.3361323514951527,5,0.3,0.2177777777777778,greedy,0.5333333333333333,0.8620689655172413,0.11233625560998917,0.045277081429958344,0.0,1.2528102932305172,36.331498503685,4.0,1.9333333333333333,12.0,0.40931205226543765,0.07058823529411762,0.6836069886565871,0.8138080247077037,0.7951388888888888,0.18619197529229625
2024-03-25,-0.03718795371070847,48.14145898813808,0.44278438030560274,0.7654207639245669,-6.0580297627250985,-16.5011620604744,-0.0688355130062688,-0.08528044084812827,0.30000000000000004,-0.10021480565854075,-0.30000000000000004,0.0674490759470226,-0.019576420852714316,0.0,-0.012144605287005278,0.18141475599492637,low_connectivity,partial_correlation,60,residual,30,80,0.1839080459770115,0.02,0,5.333333333333333,0.6174430251121521,0.6331601738929749,1.2092067003250122,0.11577055603265762,0.042977236211299896,0.021291136741638184,-0.0013736895052716136,0.4125,0.5875,0.039843760430812836,0.021291136741638184,-0.0013736895052716136,0.08742587288362512,0.22355769230769232,0.12138569555856737,1.0,1,0.7642374038696289,0.07951349020004272,3.1796886920928955,0.26675525307655334,0.053045012056827545,0.34197006425971244,5,0.26666666666666666,0.21111111111111114,greedy,0.5333333333333333,0.8620689655172413,0.1113138422369957,0.045177213847637177,0.0,1.2533034209547371,36.34579920768738,5.0,1.9333333333333333,11.0,0.4079172688026081,0.13793103448275867,0.6904989154013015,0.7964479544323712,0.7656349206349207,0.20355204556762885
2024-03-26,0.006728156881953441,50.33640276800884,0.48778004073319753,2.194943779870755,-1.5805958592633758,-12.791517364728406,-0.0594783729984977,-0.042950331118057225,0.30000000000000004,-0.09930684662819046,-0.30000000000000004,0.0674490759470226,-0.059055641585978993,0.0,0.018655517270728807,0.18141475599492637,low_connectivity,partial_correlation,60,residual,30,83,0.19080459770114944,0.02,0,5.533333333333333,0.6321985125541687,0.640866219997406,1.1618356704711914,0.11425274610519409,0.04356149956583977,0.021799951791763306,-0.0018496012780815363,0.39759036144578314,0.6024096385542169,0.03880240023136139,0.021799951791763306,-0.0018496012780815363,0.06640740426158652,0.1875,0.028002972421940255,1.0,1,0.7534713745117188,0.08150165528059006,3.2013094425201416,0.27378544211387634,0.05198751017451286,0.3356626429862457,5,0.3,0.21555555555555556,greedy,0.5333333333333333,0.8620689655172413,0.11140616983175278,0.04524603858590126,0.0,1.2522594147715076,36.31552302837372,5.0,1.9333333333333333,11.0,0.4098689993108369,0.1685393258426966,0.7724498692240628,0.8557297445709711,0.834920634920635,0.14427025542902894
2024-03-27,-0.09014238602124007,45.50504890824369,0.39667458432304037,-4.8313538597651515,-10.177554864449007,-13.680699741161057,-0.06018311805838716,-0.05706036769474763,0.30000000000000004,-0.09495198438417014,-0.30000000000000004,0.0674490759470226,-0.05777613106154496,0.0,-0.06903461676433914,0.18141475599492637,low_connectivity,partial_correlation,60,residual,30,82,0.18850574712643678,0.02,0,5.466666666666667,0.6310873031616211,0.6271234750747681,1.1710267066955566,0.11544279754161835,0.04501700773835182,0.021761629730463028,-0.001785319414921105,0.4024390243902439,0.5975609756097561,0.03901076316833496,0.021761629730463028,-0.001785319414921105,0.06708860696290339,0.18660287081339713,0.08043868471250519,1.0,1,0.7592059969902039,0.08080009371042252,3.1974785327911377,0.28006264567375183,0.05110394209623337,0.3400967357620685,5,0.3,0.21555555555555556,greedy,0.5333333333333333,0.8620689655172413,0.11184900254011154,0.04548642039299011,0.0,1.2504795707505325,36.26390755176544,5.0,1.9333333333333333,13.0,0.4091721700982573,0.08139534883720934,1.0,1.0,1.0,0.0
2024-03-28,-0.019542385016993295,49.02300511899937,0.46031207598371776,3.5179562107556848,-5.9743436886916115,-5.1212443501114535,-0.06618201460710789,-0.08528044084812827,0.30000000000000004,-0.10676387780264984,-0.30000000000000004,0.0674490759470226,-0.040141775075257125,0.0,0.029961891374200873,0.18141475599492637,low_connectivity,partial_correlation,60,residual,30,80,0.1839080459770115,0.02,0,5.333333333333333,0.6216273903846741,0.6128755807876587,1.1601924896240234,0.11655513197183609,0.04654771462082863,0.02143542654812336,-0.0019693290814757347,0.3875,0.6125,0.03963179513812065,0.02143542654812336,-0.0019693290814757347,0.0764770181595648,0.2285012285012285,0.17556794126610376,1.0,1,0.7759972810745239,0.07930697500705719,3.1802656650543213,0.302428662776947,0.052572231739759445,0.3428742358983197,5,0.26666666666666666,0.21111111111111114,greedy,0.5333333333333333,0.8620689655172413,0.11064788699150085,0.04521242901682854,0.0,1.251984612695102,36.30755376815796,5.0,1.9333333333333333,12.0,0.40784661370504405,0.1797752808988764,0.7117698343504795,0.8309137476545477,0.7912698412698412,0.16908625234545227
2024-03-29,0.04747100798247395,52.371769075538566,0.5306883689386233,3.3487639565391945,4.99573085132505,-0.6504512397759257,-0.060663566887492304,-0.05706036769474763,0.30000000000000004,-0.10000774527928236,-0.30000000000000004,0.0674490759470226,-0.013623035472153634,0.0,0.029961891374200873,0.18141475599492637,normal,partial_correlation,60,residual,30,82,0.18850574712643678,0.02,0,5.466666666666667,0.6303296685218811,0.6401585340499878,1.2121036052703857,0.11530420184135437,0.04679281637072563,0.021735504269599915,-0.0021892369259148836,0.3902439024390244,0.6097560975609756,0.04021236300468445,0.021735504269599915,-0.0021892369259148836,0.09059541477153742,0.272108843537415,0.11161271054358689,1.0,1,0.790952205657959,0.06625611335039139,3.1736514568328857,0.2720380425453186,0.05380716174840927,0.3446444559159038,5,0.3,0.21333333333333337,greedy,0.5,0.8620689655172413,0.1113348975777626,0.04518526419997215,0.0,1.2537808418273926,36.359644412994385,4.0,1.9333333333333333,14.0,0.40957270337704044,0.1797752808988764,0.5960578186596583,0.7596201257831879,0.6822222222222223,0.24037987421681206
2024-04-01,-0.015145726805498918,49.242771559817676,0.46644067796610167,-3.12899751572089,1.1013125716795926,-6.70814197183045,-0.059058348505236086,-0.05706036769474763,0.30000000000000004,-0.09675991603958439,-0.30000000000000004,0.035972840505078714,-0.025426369621250118,0.0,0.04810178828746367,0.13908464626277692,low_connectivity,partial_correlation,60,residual,30,82,0.18850574712643678,0.02,0,5.466666666666667,0.6328609585762024,0.6414933800697327,1.2601161003112793,0.11576724797487259,0.04808368533849716,0.021822791546583176,-0.0017031258903443813,0.4024390243902439,0.5975609756097561,0.04023773968219757,0.021822791546583176,-0.0017031258903443813,0.08431139994448726,0.2255125284738041,0.0631421503720956,0.9666666666666667,2,0.7936428189277649,2.732218591421033e-17,3.1686511039733887,0.2908453345298767,0.053716182708740234,0.3274659338246963,6,0.26666666666666666,0.2177777777777778,greedy,0.4666666666666667,0.8275862068965517,0.11166515946388245,0.04535827040672302,0.0,1.2533649411694756,36.347583293914795,4.0,1.9333333333333333,16.0,0.39847005115843365,0.19780219780219777,0.3688465125919784,0.6109228465997214,0.5056349206349207,0.3890771534002786
2024-04-02,0.08112295503348582,54.047273364985706,0.5574381565570993,4.80450180516803,3.710870596976868,-1.6509294902935068,-0.04019239107522948,-0.05706036769474763,0.30000000000000004,-0.04444639697206903,-0.30000000000000004,0.035972840505078714,-0.020049041539017876,0.0,0.0678136655466942,0.13908464626277692,normal,partial_correlation,60,residual,30,82,0.18850574712643678,0.02,0,5.466666666666667,0.6626113057136536,0.6635883450508118,1.263719916343689,0.12120939791202545,0.04724448174238205,0.022848669439554214,-0.0011156413238495588,0.4268292682926829,0.573170731707317,0.040265075862407684,0.022848669439554214,-0.0011156413238495588,0.0871742528445085,0.2292134831460674,-0.052168251436432445,0.9666666666666667,2,0.8171249032020569,4.624497229599456e-09,3.169675350189209,0.29263198375701904,0.0535145066678524,0.32837455075850774,6,0.26666666666666666,0.2,greedy,0.4666666666666667,0.8275862068965517,0.1169847622513771,0.04682648926973343,0.0,1.243574779609154,36.063668608665466,4.0,1.9333333333333333,15.0,0.3984791632185037,0.21739130434782605,0.5517057569296375,0.6958664151251178,0.6626984126984127,0.3041335848748822
2024-04-03,-0.04958557950062085,47.522750987486226,0.4305555555555556,-6.52452237749948,2.0177020792425395,-4.4409471933991185,-0.036002833440109454,-0.05706036769474763,0.30000000000000004,-0.04461066780373828,-0.30000000000000004,0.035972840505078714,-0.02627670302872705,0.0,-0.10302260403330353,0.18141475599492637,low_connectivity,partial_correlation,60,residual,30,82,0.18850574712643678,0.02,0,5.466666666666667,0.6692180633544922,0.6457845568656921,1.2694439888000488,0.12241794168949127,0.046969376504421234,0.023076485842466354,-0.001545578590594232,0.4146341463414634,0.5853658536585366,0.04032981023192406,0.023076485842466354,-0.001545578590594232,0.08385868822142466,0.21428571428571427,-0.0980859231723108,0.9666666666666667,2,0.8215122222900391,4.161135711042701e-17,3.1689612865448,0.3006407618522644,0.053279563784599304,0.33651902670723044,5,0.3,0.24222222222222223,greedy,0.4666666666666667,0.8620689655172413,0.1169680580496788,0.046966128051280975,0.0,1.2426185361270248,36.035937547683716,4.0,1.9333333333333333,14.0,0.39850074134167585,0.04761904761904767,0.6558949760161575,0.7691064482441178,0.7103174603174603,0.23089355175588222
2024-04-04,-0.05189120139386184,47.40776621260011,0.42939383677615983,-0.11498477488611769,-1.615238906399263,-6.084749594901844,-0.040169817584684755,-0.07117040427143786,0.30000000000000004,-0.08064305709268063,-0.30000000000000004,0.035972840505078714,-0.03166246718558516,0.0,-0.04563305175947849,0.18141475599492637,low_connectivity,partial_correlation,60,residual,30,81,0.18620689655172415,0.02,0,5.4,0.662647008895874,0.6400147080421448,1.2188374996185303,0.1227124035358429,0.046823397278785706,0.022849896922707558,-0.0008625607588328421,0.43209876543209874,0.5679012345679012,0.040888674557209015,0.022849896922707558,-0.0008625607588328421,0.08099134401264596,0.21768707482993196,-0.013268397066631814,0.9666666666666667,2,0.8324548602104187,1.5414978182803907e-09,3.1557629108428955,0.32093340158462524,0.054416537284851074,0.33284640468371957,5,0.3,0.2511111111111111,greedy,0.5,0.8620689655172413,0.1133040338754654,0.046301838010549545,0.0,1.245898674274313,36.13106155395508,5.0,1.9333333333333333,12.0,0.39792074592519994,0.10465116279069764,0.8663512350989309,0.9050146229329434,0.8833333333333332,0.09498537706705656
2024-04-05,-0.11970738138620272,44.04305782838252,0.37034529451591064,-3.364708384217586,-8.328711247156043,-8.953371453101006,-0.03779984085659923,-0.08528044084812827,0.30000000000000004,-0.08466278339376823,-0.30000000000000004,0.035972840505078714,-0.03903033026593927,0.0,-0.09032158252177276,0.18141475599492637,low_connectivity,partial_correlation,60,residual,30,80,0.1839080459770115,0.02,0,5.333333333333333,0.6663843393325806,0.6709660887718201,1.260816216468811,0.12494704872369766,0.047034282237291336,0.02297876961529255,-0.00116964231710881,0.425,0.575,0.04088061302900314,0.02297876961529255,-0.00116964231710881,0.07706874381716096,0.21728971962616822,0.0491626025352049,0.9666666666666667,2,0.8404384255409241,-3.819814189651475e-17,3.1502280235290527,0.31650710105895996,0.054071150720119476,0.3263940518863467,5,0.3,0.2511111111111111,greedy,0.5,0.8620689655172413,0.11289528012275696,0.04630843177437782,0.0,1.246018882455497,36.13454759120941,4.0,1.9333333333333333,12.0,0.39715177522422707,0.06024096385542166,0.8946284745352147,0.9277359059359848,0.9555555555555555,0.07226409406401524
2024-04-08,-0.1355466644955286,43.26387040756536,0.3580372250423012,-0.7791874208171592,-5.978901152252313,-12.547833653811047,-0.04107244891904594,-0.07117040427143786,0.30000000000000004,-0.08089510511272623,-0.30000000000000004,0.035972840505078714,-0.05038170661290675,0.0,-0.06708448634726742,0.13908464626277692,low_connectivity,partial_correlation,60,residual,30,81,0.18620689655172415,0.02,0,5.4,0.6612235307693481,0.6649037599563599,1.1719956398010254,0.12244880199432373,0.04590093716979027,0.022800814360380173,-0.0019273411016911268,0.4074074074074074,0.5925925925925926,0.039979878813028336,0.022800814360380173,-0.0019273411016911268,0.07102534825022021,0.21830985915492956,0.0937925767248676,0.9666666666666667,2,0.8182083964347839,-4.8697327035968616e-17,3.1664786338806152,0.31273216009140015,0.053660180419683456,0.3211659086025365,6,0.3,0.2177777777777778,greedy,0.4666666666666667,0.8275862068965517,0.11327840387821198,0.04609306901693344,0.0,1.248572172789738,36.208593010902405,4.0,1.9333333333333333,14.0,0.3976178140104731,0.08333333333333337,0.6448524821105543,0.7848681957842016,0.788888888888889,0.21513180421579836
2024-04-09,-0.07274156174440514,46.36932336352388,0.41136671177266576,3.105452955958519,-7.677950001461824,-6.465092459641973,-0.04707494215442403,-0.08528044084812827,0.30000000000000004,-0.10090214940157788,-0.30000000000000004,0.035972840505078714,-0.05629331130280363,0.0,-0.0005783145374764259,0.18141475599492637,low_connectivity,partial_correlation,60,residual,30,80,0.1839080459770115,0.02,0,5.333333333333333,0.651758074760437,0.6541545391082764,1.1951446533203125,0.12220463901758194,0.048359550535678864,0.022474415600299835,-0.0018210185226053,0.4,0.6,0.04052509367465973,0.022474415600299835,-0.0018210185226053,0.06787805011786878,0.22482435597189696,0.0813296515059571,0.9666666666666667,2,0.8184619545936584,-1.3716671842848063e-18,3.155694007873535,0.31549787521362305,0.05399509146809578,0.3242920786621093,5,0.36666666666666664,0.2644444444444444,greedy,0.5,0.8620689655172413,0.11124394834041595,0.045745816081762314,0.0,1.2472726476603542,36.17090678215027,4.0,1.9333333333333333,15.0,0.3970332687727793,0.14942528735632188,0.6130678360200371,0.775344672311336,0.7129759129759129,0.22465532768866403
2024-04-10,-0.12825589984021388,43.622137760261545,0.3621914102130538,-2.747185603262338,-3.9006132272246816,-5.923901499996049,-0.03928743045808067,-0.05706036769474763,0.30000000000000004,-0.11899399508694937,-0.30000000000000004,0.004496605063134826,-0.04412713956839934,0.0,0.029961891374200873,0.09675453653062746,low_connectivity,partial_correlation,60,residual,30,82,0.18850574712643678,0.02,0,5.466666666666667,0.6640384793281555,0.6452971696853638,1.2883671522140503,0.12147045135498047,0.04943820834159851,0.022897878661751747,-0.002466520294547081,0.3902439024390244,0.6097560975609756,0.04117383807897568,0.022897878661751747,-0.002466520294547081,0.0743552372076952,0.227765726681128,0.02038035917193076,0.9333333333333333,3,0.8444633483886719,-2.5543059382951677e-16,3.143254518508911,0.37744569778442383,0.055740874260663986,0.3080761532873196,7,0.26666666666666666,0.1955555555555556,greedy,0.6,0.7931034482758621,0.10940424352884293,0.04551204293966293,0.0,1.2491855744657845,36.22638165950775,4.0,1.9333333333333333,14.0,0.38767097284624863,0.1797752808988764,0.500331656177703,0.7250687178375403,0.7339743589743589,0.27493128216245966
2024-04-11,-0.20518969238463125,39.8821155290676,0.2944557133198107,-3.7400222311939473,-7.525650683532511,-9.835388231949743,-0.04508857774896424,-0.08528044084812827,0.30000000000000004,-0.12084632822496466,-0.30000000000000004,0.004496605063134826,-0.06437337165823644,0.0,0.009147884501900051,0.09675453653062746,low_connectivity,partial_correlation,60,residual,30,80,0.1839080459770115,0.02,0,5.333333333333333,0.6548902988433838,0.671649158000946,1.2323368787765503,0.12279194593429565,0.049020618200302124,0.02258242852985859,-0.002839155262336135,0.375,0.625,0.04114444553852081,0.02258242852985859,-0.002839155262336135,0.06357628093675256,0.18055555555555555,-0.0037962275124835783,0.9333333333333333,3,0.826180100440979,1.7951951350429556e-18,3.1418445110321045,0.34655410051345825,0.05540041998028755,0.2965650710555076,7,0.23333333333333334,0.19333333333333336,greedy,0.5,0.7931034482758621,0.1092158854007721,0.045349910855293274,0.0,1.2497901382117436,36.243914008140564,4.0,1.9333333333333333,15.0,0.3861286082829552,0.15909090909090906,0.2138005821585526,0.5585400642236427,0.5922490208204493,0.44145993577635734
2024-04-12,0.003247927651936267,50.16239581155757,0.4859749915511997,10.280280282489976,6.1193379831750505,-1.8997936160651818,-0.0547069057163765,-0.07117040427143786,0.30000000000000004,-0.14571042578382284,-0.30000000000000004,0.0674490759470226,-0.057626543728198004,0.0,0.04126826547767294,0.22374486572707597,low_connectivity,partial_correlation,60,residual,30,81,0.18620689655172415,0.02,0,5.4,0.6397228240966797,0.5994621515274048,1.271583080291748,0.11846720427274704,0.046807799488306046,0.02205941081047058,-0.002015288919210434,0.3950617283950617,0.6049382716049383,0.04009024798870087,0.02205941081047058,-0.002015288919210434,0.06716824624184078,0.20518867924528303,0.022858824774023352,1.0,1,0.7939748764038086,0.12529626488685608,3.184546709060669,0.353475421667099,0.05115140601992607,0.32026483228378616,4,0.36666666666666664,0.2688888888888889,greedy,0.4666666666666667,0.896551724137931,0.106687530875206,0.04469572380185127,0.0,1.2545149079684554,36.380932331085205,4.0,1.9333333333333333,14.0,0.4087657148468083,0.1910112359550562,0.21629186371971817,0.4559962527368912,0.2875109017966161,0.5440037472631087
2024-04-15,-0.026351036965190425,48.68275302636032,0.4540540540540541,-1.4796427851972567,5.418882618794953,-5.516735724502865,-0.05740524280919909,-0.08528044084812827,0.30000000000000004,-0.13156144640737968,-0.30000000000000004,0.0674490759470226,-0.06388058870385716,0.0,0.020582740129275173,0.22374486572707597,low_connectivity,partial_correlation,60,residual,30,80,0.1839080459770115,0.02,0,5.333333333333333,0.6354677677154541,0.5732257962226868,1.1996958255767822,0.11915020644664764,0.045577965676784515,0.02191268280148506,-0.0007559177465736866,0.425,0.575,0.040361687541007996,0.02191268280148506,-0.0007559177465736866,0.06383863523027004,0.2014388489208633,0.05494483985294558,1.0,1,0.7994125485420227,0.12440663576126099,3.1804447174072266,0.37538227438926697,0.051995012909173965,0.31159599056395765,4,0.4,0.28,greedy,0.4666666666666667,0.896551724137931,0.10812629759311676,0.04483044147491455,0.0,1.2523864261035262,36.31920635700226,5.0,1.9333333333333333,15.0,0.4080899111726732,0.17045454545454541,0.46594132339867067,0.6661226163458505,0.5718031968031968,0.33387738365414954
2024-04-16,-0.09703537325274485,45.16340206580217,0.39142181695373185,-3.5193509605581497,-1.2059212977217157,-6.753596561470047,-0.05243376549477039,-0.0993904774248185,0.30000000000000004,-0.09929446403650799,-0.30000000000000004,0.0674490759470226,-0.0740632303960584,0.0,-0.02071726784253851,0.18141475599492637,low_connectivity,partial_correlation,60,residual,30,79,0.18160919540229886,0.02,0,5.266666666666667,0.643307626247406,0.6136746406555176,1.2535905838012695,0.12214700132608414,0.04569400101900101,0.022183017805218697,-0.00029221552540548146,0.4430379746835443,0.5569620253164557,0.04017992690205574,0.022183017805218697,-0.00029221552540548146,0.05841746604501658,0.19117647058823528,0.02698504151650082,1.0,1,0.8025550842285156,0.07174444198608398,3.1799368858337402,0.3801709711551666,0.05164633318781853,0.30258790448778694,5,0.26666666666666666,0.21555555555555558,greedy,0.5666666666666667,0.8620689655172413,0.11140742897987366,0.04541020840406418,0.0,1.2476672468514278,36.182350158691406,5.0,1.9333333333333333,15.0,0.4072630407681182,0.12941176470588234,0.437651138385728,0.6254155774023635,0.606456043956044,0.37458442259763647
2024-04-17,0.017127402486824598,50.85628639603541,0.5020256583389602,5.692884330233241,7.234148635773863,-4.826317376657286,-0.07037259986698716,-0.0993904774248185,0.30000000000000004,-0.12260817319299266,-0.30000000000000004,0.0674490759470226,-0.07673164436110447,0.0,0.09503635565862885,0.22374486572707597,normal,partial_correlation,60,residual,30,79,0.18160919540229886,0.02,0,5.266666666666667,0.6150190830230713,0.6018648147583008,1.1460665464401245,0.11677578091621399,0.047081947326660156,0.021207554265856743,0.00018096916028298438,0.45569620253164556,0.5443037974683544,0.04025375843048096,0.021207554265856743,0.00018096916028298438,0.05699682059778584,0.1902439024390244,-0.012328010322995563,1.0,1,0.7552699446678162,0.06767212599515915,3.1768345832824707,0.30197495222091675,0.05119432881474495,0.3154604261403524,4,0.43333333333333335,0.3088888888888889,greedy,0.4666666666666667,0.896551724137931,0.10903672873973846,0.04476866126060486,0.0,1.2517130128268539,36.29967737197876,5.0,1.9333333333333333,12.0,0.4072876512775933,0.24444444444444446,0.38461760545081847,0.5821550473982404,0.4991208791208791,0.4178449526017596
2024-04-19,0.047859100586445553,52.39112968569185,0.5325683428957138,1.5348432896564432,12.509014156624254,-2.606219121999132,-0.07011487157736879,-0.0993904774248185,0.30000000000000004,-0.1313488907951261,-0.30000000000000004,0.0674490759470226,-0.0569296837674084,0.0,0.11444908247706881,0.22374486572707597,normal,partial_correlation,60,residual,30,79,0.18160919540229886,0.02,0,5.266666666666667,0.6154254674911499,0.5831109285354614,1.2960174083709717,0.11685296893119812,0.045746542513370514,0.021221568807959557,-0.0015041409060359001,0.4177215189873418,0.5822784810126582,0.04044366627931595,0.021221568807959557,-0.0015041409060359001,0.06753924974565285,0.19852941176470587,-0.041672624968406645,1.0,1,0.7649261951446533,0.06582418084144592,3.1762442588806152,0.3046504557132721,0.05312707647681236,0.31852335394821857,4,0.43333333333333335,0.32666666666666666,greedy,0.4666666666666667,0.896551724137931,0.10814791172742844,0.04446028545498848,0.0,1.2574559984536007,36.46622395515442,5.0,1.9333333333333333,11.0,0.4073509538938716,0.2637362637362637,0.7786935286935287,0.8359671580699438,0.775,0.16403284193005618
2024-04-22,0.09494210989690459,54.73289325996509,0.5742240215924427,2.3417635742732372,4.570497448407515,7.356855035751572,-0.06112582675835885,-0.042950331118057225,0.30000000000000004,-0.15819779324207006,-0.30000000000000004,0.0674490759470226,-0.046525543408189374,0.0,0.0702175530173321,0.2660749754592254,normal,partial_correlation,60,residual,30,83,0.19080459770114944,0.02,0,5.533333333333333,0.6296006441116333,0.6271469593048096,1.1809144020080566,0.11378324776887894,0.04333764314651489,0.021710367873311043,-0.0018260640790686011,0.42168674698795183,0.5783132530120482,0.039850056171417236,0.021710367873311043,-0.0018260640790686011,0.0730783433148244,0.2185430463576159,0.06322054899328276,1.0,1,0.7736279964447021,0.06616010516881943,3.186460494995117,0.34045305848121643,0.05128861963748932,0.3155925096081413,3,0.4666666666666667,0.38,greedy,0.5333333333333333,0.9310344827586207,0.10541772842407227,0.04395143315196037,0.0,1.2644183553498367,36.668132305145264,5.0,1.9333333333333333,12.0,0.4102182179575222,0.21978021978021978,0.575841894977169,0.5860465652399248,0.5063852813852815,0.4139534347600752
2024-04-23,-0.009138253520304037,49.543100042132096,0.4715008431703204,-5.189793217832992,0.8603470157717794,1.4016410539940125,-0.05894856392679019,-0.05706036769474763,0.30000000000000004,-0.16553686008156623,-0.30000000000000004,0.0674490759470226,-0.05583030941382808,0.0,0.03704390592252952,0.22374486572707597,low_connectivity,partial_correlation,60,residual,30,82,0.18850574712643678,0.02,0,5.466666666666667,0.6330341100692749,0.6473368406295776,1.2136359214782715,0.11579890549182892,0.041400980204343796,0.02182876132428646,-0.0012607465032488108,0.43902439024390244,0.5609756097560976,0.04089556634426117,0.02182876132428646,-0.0012607465032488108,0.06812454917470497,0.2185430463576159,0.03671987298095509,1.0,1,0.795202374458313,0.06627549231052399,3.172739267349243,0.34258848428726196,0.05261659622192383,0.31425923193802935,4,0.3333333333333333,0.28,greedy,0.5,0.896551724137931,0.10467144101858139,0.04382231831550598,0.0,1.266236161363536,36.72084867954254,5.0,1.9333333333333333,12.0,0.409800437823566,0.18681318681318682,0.7064885355710132,0.7948911581728717,0.8189033189033189,0.2051088418271283
2024-04-24,-0.04540888333758953,47.731115073836996,0.4339177343223196,-1.8119849682951,2.567713008034829,-2.6052876941718424,-0.05527100320088411,-0.05706036769474763,0.30000000000000004,-0.16354465494638026,-0.30000000000000004,0.0674490759470226,-0.025449612383613002,0.0,-0.0352771867860631,0.22374486572707597,low_connectivity,partial_correlation,60,residual,30,82,0.18850574712643678,0.02,0,5.466666666666667,0.6388334035873413,0.552386999130249,1.22105872631073,0.11685976386070251,0.04176413267850876,0.022028736770153046,-0.0015739197842776775,0.43902439024390244,0.5609756097560976,0.04127895087003708,0.022028736770153046,-0.0015739197842776775,0.08429902565587821,0.24395604395604395,0.027426663417665635,1.0,1,0.8094726204872131,0.06617455184459686,3.1681222915649414,0.3606624901294708,0.053760774433612823,0.30544072949255974,4,0.3,0.25555555555555554,greedy,0.4666666666666667,0.896551724137931,0.10487402230501175,0.043904200196266174,0.0,1.266156788530021,36.718546867370605,5.0,1.9333333333333333,13.0,0.40992823266549133,0.11494252873563215,0.60616512179349,0.7042062515180004,0.715530303030303,0.2957937484819996
2024-04-25,-0.10154105479732266,44.94032472422818,0.38591169531513314,-2.7907903496088196,-5.915961671807231,-0.5647241840155104,-0.05263761199284574,-0.07117040427143786,0.30000000000000004,-0.14448051936972825,-0.30000000000000004,0.0674490759470226,-0.05840545506872549,0.0,-0.023710896036534243,0.18141475599492637,low_connectivity,partial_correlation,60,residual,30,81,0.18620689655172415,0.02,0,5.4,0.6429860591888428,0.564136266708374,1.2202634811401367,0.11907149106264114,0.04242084175348282,0.022171933203935623,-0.0019666345324367285,0.43209876543209874,0.5679012345679012,0.04079870134592056,0.022171933203935623,-0.0019666345324367285,0.0667535591414839,0.19954128440366972,0.04559623560952551,1.0,1,0.8082326054573059,0.06540431827306747,3.17362904548645,0.37044426798820496,0.054196733981370926,0.29587350410067276,5,0.3,0.22,greedy,0.5333333333333333,0.8620689655172413,0.10681259632110596,0.0443052276968956,0.0,1.2642998284307019,36.664695024490356,5.0,1.9333333333333333,11.0,0.40900186596588156,0.12643678160919536,0.5597722960151803,0.7336159549746069,0.6830808080808081,0.26638404502539315
2024-04-26,-0.05950749580557214,47.02813231707412,0.42149595687331537,2.087807592845941,-5.362997368617734,-1.9948728019252542,-0.0571596404917398,-0.05706036769474763,0.30000000000000004,-0.16052953050658486,-0.30000000000000004,0.0674490759470226,-0.031334817928973746,0.0,-0.0022869711254750688,0.18141475599492637,low_connectivity,partial_correlation,60,residual,30,82,0.18850574712643678,0.02,0,5.466666666666667,0.6358551383018494,0.5455396175384521,1.2702161073684692,0.11631495505571365,0.03967260196805,0.021926037967205048,-0.0016512152506038547,0.45121951219512196,0.5487804878048781,0.041495658457279205,0.021926037967205048,-0.0016512152506038547,0.08116578224853846,0.21521739130434783,-0.00938631306122225,1.0,1,0.8084842562675476,0.06335663795471191,3.166572332382202,0.382697731256485,0.05409356206655502,0.2996050464930482,5,0.3333333333333333,0.22222222222222227,greedy,0.4666666666666667,0.8620689655172413,0.10518062114715576,0.04396524280309677,0.0,1.2686236726826634,36.79008650779724,6.0,1.9333333333333333,10.0,0.41000046852790534,0.1477272727272727,0.3611040769815143,0.5481738081862981,0.49142857142857144,0.45182619181370187
2024-05-02,0.030474089834880595,51.523232993929355,0.5129673290670259,4.4951006768552375,-3.2096602660357334,-0.8485360816092111,-0.06472782281030186,-0.05706036769474763,0.30000000000000004,-0.16232932921716625,-0.30000000000000004,0.0674490759470226,0.017625989327683726,0.0,0.04810178828746367,0.18141475599492637,normal,partial_correlation,60,residual,30,82,0.18850574712643678,0.02,0,5.466666666666667,0.6239205002784729,0.5060797333717346,1.2739161252975464,0.11413180083036423,0.0386747308075428,0.02151450142264366,-0.001296392292715609,0.45121951219512196,0.5487804878048781,0.04279189556837082,0.02151450142264366,-0.001296392292715609,0.10723218305180063,0.26141078838174275,0.03647907631804081,1.0,1,0.8266054391860962,0.0627884715795517,3.1474416255950928,0.420188844203949,0.053182948380708694,0.29426473422492194,5,0.26666666666666666,0.20666666666666672,greedy,0.4666666666666667,0.8620689655172413,0.10499760508537292,0.04364268109202385,0.0,1.2696179727028156,36.81892120838165,6.0,1.9333333333333333,10.0,0.4104325475649359,0.19780219780219777,0.5547749154306532,0.727364754173455,0.745,0.27263524582654497
2024-05-03,-0.10458467463513031,44.78974892628791,0.3835016835016835,-6.733484067641442,-4.753351115844183,-4.453022633529763,-0.0709317647526504,-0.07117040427143786,0.30000000000000004,-0.17139836867331837,-0.30000000000000004,0.0674490759470226,-0.016237072843138398,0.0,-0.023710896036534243,0.18141475599492637,low_connectivity,partial_correlation,60,residual,30,81,0.18620689655172415,0.02,0,5.4,0.6141372919082642,0.5008909702301025,1.1580777168273926,0.11372912675142288,0.0390557162463665,0.021177148446440697,-0.0020476696081459522,0.43209876543209874,0.5679012345679012,0.04131538048386574,0.021177148446440697,-0.0020476696081459522,0.0892037190531722,0.23595505617977527,0.07649891424797602,1.0,1,0.7802175879478455,0.059241894632577896,3.16678786277771,0.36288392543792725,0.05204591155052185,0.2930784777174132,5,0.23333333333333334,0.20444444444444448,greedy,0.5,0.8620689655172413,0.10407540202140808,0.0433836504817009,0.0,1.2708808142563393,36.85554361343384,6.0,1.9333333333333333,12.0,0.4091740923451966,0.12643678160919536,0.7252449786151264,0.8221119587430988,0.830952380952381,0.17788804125690116
2024-05-06,-0.10872481915383235,44.5850789958122,0.37899697071693034,-0.2046699304757169,-3.1460360780247996,-9.46219436917351,-0.07449135415619527,-0.07117040427143786,0.30000000000000004,-0.180852587327546,-0.30000000000000004,0.0674490759470226,-0.018929700053596895,0.0,-0.012144605287005278,0.18141475599492637,low_connectivity,partial_correlation,60,residual,30,81,0.18620689655172415,0.02,0,5.4,0.6085240840911865,0.5277895927429199,1.1365306377410889,0.11268964409828186,0.039867062121629715,0.020983587950468063,-0.0011791109573096037,0.4567901234567901,0.5432098765432098,0.0418495312333107,0.020983587950468063,-0.0011791109573096037,0.08777018263875704,0.25,0.009750629383759533,1.0,1,0.7768328189849854,0.06122170388698578,3.159731864929199,0.3475582003593445,0.051999226212501526,0.28974392859626513,5,0.3,0.22666666666666668,greedy,0.5333333333333333,0.8620689655172413,0.10311403125524521,0.04331541806459427,0.0,1.2710734400255927,36.86112976074219,6.0,1.9333333333333333,13.0,0.40935214259501157,0.13793103448275867,0.5195195195195195,0.6925590389745446,0.5829365079365079,0.3074409610254554
2024-05-07,0.04796104077375055,52.39621501338547,0.5336473755047106,7.811136017573276,7.455890289157296,4.873464025899246,-0.06801625629404094,-0.042950331118057225,0.30000000000000004,-0.16468729706051138,-0.30000000000000004,0.0674490759470226,-0.031228121829303963,0.0,0.10597921513371505,0.18141475599492637,normal,partial_correlation,60,residual,30,83,0.19080459770114944,0.02,0,5.533333333333333,0.6187347769737244,0.5418818593025208,1.0430264472961426,0.1118195429444313,0.03996891900897026,0.02133568562567234,-0.0004753221001010388,0.4819277108433735,0.5180722891566265,0.040472179651260376,0.02133568562567234,-0.0004753221001010388,0.08122258652636742,0.22270742358078602,-0.02851157364018236,1.0,1,0.7634479403495789,0.05343287065625191,3.1771275997161865,0.3103167414665222,0.05182928219437599,0.3021735292077608,5,0.36666666666666664,0.2511111111111111,greedy,0.5,0.8620689655172413,0.10475783050060272,0.04348025843501091,0.0,1.270288113890023,36.83835530281067,5.0,1.9333333333333333,10.0,0.4104255924508033,0.25531914893617025,0.5267489711934157,0.6910093956262318,0.6093589743589743,0.30899060437376824
2024-05-08,-0.16302967116206918,41.91997536507351,0.33064244870501175,-10.47623964831196,-5.108156952000606,-5.487790847526597,-0.08783927491649002,-0.08528044084812827,0.30000000000000004,-0.17419661458423735,-0.30000000000000004,0.0674490759470226,-0.01894412099568399,0.0,-0.04563305175947849,0.18141475599492637,low_connectivity,partial_correlation,60,residual,30,80,0.1839080459770115,0.02,0,5.333333333333333,0.5874751806259155,0.5124948024749756,1.0724462270736694,0.11015160381793976,0.03886561840772629,0.02025776542723179,7.595741772092879e-05,0.5,0.5,0.04145168513059616,0.02025776542723179,7.595741772092879e-05,0.08776250502726603,0.21867881548974943,-0.06257365088010342,1.0,1,0.7395763397216797,0.051190417259931564,3.1613147258758545,0.2950344681739807,0.052618253976106644,0.3194823987616791,5,0.3,0.2222222222222222,greedy,0.4666666666666667,0.8620689655172413,0.10379085689783096,0.04303794726729393,0.0,1.2763932902237465,37.01540541648865,5.0,1.9333333333333333,9.0,0.4084532437025359,0.10465116279069764,0.49551195488124555,0.6286376144958861,0.5337373737373737,0.37136238550411393
2024-05-09,-0.13117475499147446,43.47862345649076,0.359448554135844,1.558648091417247,-8.044609537438596,-0.5644343718917639,-0.09349977463199173,-0.05706036769474763,0.2814511835175086,-0.1865034453211496,-0.30000000000000004,0.0674490759470226,-0.03357406730494308,0.0,0.009147884501900051,0.18141475599492637,low_connectivity,partial_correlation,60,residual,30,82,0.18850574712643678,0.02,0,5.466666666666667,0.5785488486289978,0.5289513468742371,1.0397177934646606,0.10583212226629257,0.03885037824511528,0.019949963316321373,-0.0002903421700466424,0.4878048780487805,0.5121951219512195,0.04058248922228813,0.019949963316321373,-0.0002903421700466424,0.07997362110980367,0.18791946308724833,-0.061548787130083674,1.0,1,0.7154906988143921,0.050717808306217194,3.1759495735168457,0.3015075922012329,0.05268983542919159,0.31747781052122254,5,0.26666666666666666,0.2177777777777778,greedy,0.4666666666666667,0.8620689655172413,0.10253941267728806,0.04256926849484444,0.0,1.2806911345185905,37.14004290103912,5.0,1.9333333333333333,11.0,0.4096960787829083,0.15909090909090906,0.8082075631677124,0.9007499923248417,0.9055555555555556,0.09925000767515835
2024-05-10,-0.34130787162642867,33.567774607244885,0.16134453781512606,-9.910848849245873,-11.221974319043028,-9.696095800320478,-0.11359528508643364,-0.05706036769474763,0.25009733012806495,-0.30000000000000004,-0.30000000000000004,0.0674490759470226,-0.055891554162411,0.0,-0.01372182675285019,0.18141475599492637,low_connectivity,partial_correlation,60,residual,30,82,0.18850574712643678,0.02,0,5.466666666666667,0.5468595623970032,0.505958616733551,1.0299608707427979,0.10003527998924255,0.03815538436174393,0.01885722577571869,-9.98006435111165e-05,0.5,0.5,0.04116770997643471,0.01885722577571869,-9.98006435111165e-05,0.06809194288708212,0.19823788546255505,-0.09228104496543543,1.0,1,0.6863535642623901,0.05971187725663185,3.166753053665161,0.2815285325050354,0.05280379578471184,0.3165061809255967,5,0.26666666666666666,0.2177777777777778,greedy,0.4666666666666667,0.8620689655172413,0.0901876762509346,0.040735874325037,0.0,1.2958550905359203,37.57979762554169,5.0,1.9333333333333333,12.0,0.40989115236762386,0.13636363636363635,0.7468852683461117,0.846158137829251,0.8428571428571429,0.15384186217074902
2024-05-13,-0.39728507062490964,31.11882148141974,0.12163978494623656,-2.4489531258251453,-13.466257514392456,-15.250501882104142,-0.110194360945716,-0.05706036769474763,0.2528000317771206,-0.30000000000000004,-0.30000000000000004,0.0674490759470226,-0.05178474402515274,0.0,-0.07990946167836273,0.18141475599492637,low_connectivity,partial_correlation,60,residual,30,82,0.18850574712643678,0.02,0,5.466666666666667,0.5522225499153137,0.5288007259368896,1.045534372329712,0.1010163202881813,0.0378941111266613,0.019042158499360085,0.00015616609016433358,0.5121951219512195,0.4878048780487805,0.040475405752658844,0.019042158499360085,0.00015616609016433358,0.0702783806739329,0.20993227990970656,-0.02331640982686236,1.0,1,0.6888651847839355,0.05735485628247261,3.1734795570373535,0.28121405839920044,0.05236802250146866,0.32571807162085525,5,0.26666666666666666,0.21555555555555558,greedy,0.4666666666666667,0.8620689655172413,0.09031102061271667,0.040761493146419525,0.0,1.2957946226514618,37.578044056892395,6.0,1.9333333333333333,11.0,0.4096603842930319,0.07058823529411762,0.9177312036861922,0.9405716599433462,0.9380952380952381,0.05942834005665376
2024-05-14,-0.3587865326442989,32.79276342078848,0.15015115888478334,1.673941939368742,-19.60345159259699,-10.829374339473063,-0.11244975751314584,-0.05706036769474763,0.25486012182092954,-0.30000000000000004,-0.30000000000000004,0.0674490759470226,-0.05772317441322083,0.0,-0.0352771867860631,0.18141475599492637,low_connectivity,partial_correlation,60,residual,30,82,0.18850574712643678,0.02,0,5.466666666666667,0.5486660599708557,0.5115039348602295,1.0536408424377441,0.10036575794219971,0.03732205927371979,0.01891951635479927,-0.0004166610015090555,0.4878048780487805,0.5121951219512195,0.040591996163129807,0.01891951635479927,-0.0004166610015090555,0.06711680072231545,0.20993227990970656,-0.0028827294401542023,1.0,1,0.6907796263694763,0.06115937978029251,3.1772942543029785,0.31070882081985474,0.05146673694252968,0.3114594892180551,5,0.26666666666666666,0.2177777777777778,greedy,0.4666666666666667,0.8620689655172413,0.0888279601931572,0.040428001433610916,0.0,1.2978557307144691,37.637816190719604,5.0,1.9333333333333333,11.0,0.4096992477631889,0.11494252873563215,0.9177312036861922,0.9405716599433462,0.9380952380952381,0.05942834005665376
2024-05-15,-0.3763682694540746,32.02253152974885,0.13700470114170585,-0.7702318910396286,-9.897443835324658,-7.859583999318744,-0.11030335767851314,-0.042950331118057225,0.2584054855390272,-0.30000000000000004,-0.30000000000000004,0.0674490759470226,-0.06289710602610556,0.0,-0.02515668238022531,0.13908464626277692,low_connectivity,partial_correlation,60,residual,30,83,0.19080459770114944,0.02,0,5.533333333333333,0.5520507097244263,0.5449975728988647,1.0656133890151978,0.09976821392774582,0.03644298017024994,0.01903623156249523,0.00023574054648634046,0.5180722891566265,0.4819277108433735,0.04101966693997383,0.01903623156249523,0.00023574054648634046,0.06436223471928486,0.20600858369098712,-0.06886569248622167,1.0,1,0.6940743327140808,0.050466421991586685,3.1671946048736572,0.3118525743484497,0.05336446315050125,0.31207253301886145,6,0.26666666666666666,0.18444444444444447,greedy,0.4666666666666667,0.8275862068965517,0.09018875658512115,0.04060649499297142,0.0,1.297481240897343,37.62695598602295,5.0,1.9333333333333333,12.0,0.41060808821370776,0.125,0.6241520672095887,0.7177710000178052,0.6726190476190476,0.28222899998219475
2024-05-16,-0.140746068346232,43.00879968969452,0.3517959046659953,10.986268159945666,-0.46982376679623883,-7.153596121863053,-0.10132791176048386,-0.0006202213879863503,0.2730517578885339,-0.30000000000000004,-0.30000000000000004,0.0674490759470226,-0.013167884033820663,0.0,0.05245435900557613,0.18141475599492637,low_connectivity,partial_correlation,60,residual,30,86,0.19770114942528735,0.02,0,5.733333333333333,0.5662046074867249,0.5776195526123047,1.182875394821167,0.09875661134719849,0.03607998788356781,0.019524291157722473,-0.0006822849391028285,0.46511627906976744,0.5348837209302325,0.0415487065911293,0.019524291157722473,-0.0006822849391028285,0.09083773430184204,0.22574257425742575,-0.18275667817724736,1.0,1,0.707685112953186,0.07107759267091751,3.1680288314819336,0.28958430886268616,0.055001381784677505,0.3025198594563688,5,0.3333333333333333,0.23333333333333336,greedy,0.4666666666666667,0.8620689655172413,0.09053793549537659,0.04080885276198387,0.0,1.2944393157958984,37.538740158081055,4.0,1.9333333333333333,12.0,0.41308328533880556,0.2021276595744681,0.4917684545937334,0.7526894298030031,0.6320346320346321,0.24731057019699687
2024-05-17,-0.2345847804905794,38.481281621148895,0.2614093959731544,-4.527518068545625,4.91350701390401,-10.201471405211421,-0.13795163608012848,-0.042950331118057225,0.22212490041649438,-0.30000000000000004,-0.30000000000000004,0.0674490759470226,0.009251417329413893,0.0,0.10840714675189861,0.13908464626277692,low_connectivity,partial_correlation,60,residual,30,83,0.19080459770114944,0.02,0,5.533333333333333,0.5084510445594788,0.4320482015609741,1.0645928382873535,0.09188874810934067,0.031968604773283005,0.017532795667648315,-6.357410893542692e-05,0.4939759036144578,0.5060240963855421,0.043477613478899,0.017532795667648315,-6.357410893542692e-05,0.10277361787499802,0.24096385542168675,-0.18612151267252844,1.0,1,0.6603587865829468,0.059094320982694626,3.1392853260040283,0.31099092960357666,0.05808161199092865,0.28978346005633876,6,0.23333333333333334,0.1777777777777778,greedy,0.4666666666666667,0.8275862068965517,0.0781991183757782,0.038996003568172455,0.0,1.3087802138821831,37.95462620258331,5.0,1.9333333333333333,11.0,0.4114274037266828,0.25773195876288657,0.5238223418573351,0.7430590476195645,0.550952380952381,0.25694095238043546
2024-05-20,-0.4752680921231229,27.877700377923908,0.0754780275075478,-10.603581243224987,-3.241121103495832,-17.28570168787826,-0.1521380986439662,-0.0993904774248185,0.19814520601166274,-0.30000000000000004,-0.30000000000000004,0.035972840505078714,-0.006090093335756497,0.0,0.009147884501900051,0.13908464626277692,low_connectivity,partial_correlation,60,residual,30,79,0.18160919540229886,0.02,0,5.266666666666667,0.4860798716545105,0.38872742652893066,1.0747497081756592,0.0922936499118805,0.03201897442340851,0.016761375591158867,-0.0008199415751732886,0.46835443037974683,0.5316455696202531,0.04421733692288399,0.016761375591158867,-0.0008199415751732886,0.09460590193376471,0.24395604395604395,-0.12451821663577796,0.9666666666666667,2,0.6380744576454163,0.0,3.1151585578918457,0.2842719256877899,0.05901318043470383,0.3128068659158682,6,0.23333333333333334,0.19333333333333336,greedy,0.5,0.8275862068965517,0.07609269767999649,0.038670219480991364,0.0,1.3117266646746932,38.0400732755661,5.0,1.9333333333333333,9.0,0.39749773299728314,0.15909090909090906,0.5756942370856972,0.7383204609012858,0.6313492063492063,0.2616795390987142
2024-05-21,-0.4340520952575712,29.56489335828015,0.10194500335345406,1.6871929803562402,-3.227870062508334,-21.29139303775526,-0.15109190813073864,-0.08528044084812827,0.20444997051635863,-0.30000000000000004,-0.30000000000000004,0.035972840505078714,0.00025852947550019853,0.0,0.02255426696158128,0.13908464626277692,low_connectivity,partial_correlation,60,residual,30,80,0.1839080459770115,0.02,0,5.333333333333333,0.48772963881492615,0.4197748899459839,1.1110332012176514,0.0914493054151535,0.032714542001485825,0.01681826449930668,-0.00047706879558973014,0.4875,0.5125,0.04409227520227432,0.01681826449930668,-0.00047706879558973014,0.0979858655417881,0.25161290322580643,-0.037903858915374546,0.9666666666666667,2,0.6439334750175476,0.0,3.1217732429504395,0.2893049716949463,0.05716502666473389,0.3121847038749156,6,0.23333333333333334,0.19111111111111118,greedy,0.5333333333333333,0.8275862068965517,0.0744938850402832,0.038612645119428635,0.0,1.3117432964259181,38.04055559635162,5.0,1.9333333333333333,11.0,0.39822232928198414,0.1724137931034483,0.9079471345299244,0.9450660809368128,0.9484126984126985,0.05493391906318723
2024-05-22,-0.3505311274949557,33.15767543172906,0.1562185719074757,3.5927820734489124,1.1351439019802072,-19.23345425396279,-0.15496125789087828,-0.11350051400150891,0.20408598001233874,-0.30000000000000004,-0.30000000000000004,0.035972840505078714,0.062336510173977705,0.0,0.03412055771111013,0.18141475599492637,low_connectivity,partial_correlation,60,residual,30,78,0.1793103448275862,0.02,0,5.2,0.4816279113292694,0.42539218068122864,1.1175532341003418,0.09262075275182724,0.031133275479078293,0.01660786010324955,0.0003465748450253159,0.5128205128205128,0.48717948717948717,0.04538901895284653,0.01660786010324955,0.0003465748450253159,0.13103576027618627,0.27450980392156865,-0.12723782528656644,0.9666666666666667,2,0.6435952186584473,2.6976227918140694e-09,3.101655960083008,0.25510284304618835,0.05932106822729111,0.33399309768682106,5,0.36666666666666664,0.2577777777777778,greedy,0.4666666666666667,0.8620689655172413,0.07444917410612106,0.038640063256025314,0.0,1.3106465462980599,38.00874984264374,4.0,1.9333333333333333,11.0,0.39712201014903314,0.1839080459770115,0.6115942987532657,0.7609102983092506,0.7397602397602397,0.2390897016907494
2024-05-23,-0.39899190153945735,31.045696805398553,0.12064343163538874,-2.111978626330508,-11.963102884295967,-23.687196454566536,-0.14985320924594606,-0.11350051400150891,0.1877879283764841,-0.30000000000000004,-0.30000000000000004,0.004496605063134826,0.0579249006300333,0.0,0.11739785110771804,0.09675453653062746,low_connectivity,partial_correlation,60,residual,30,78,0.1793103448275862,0.02,0,5.2,0.48968306183815,0.45521634817123413,1.109727144241333,0.09416981786489487,0.030469484627246857,0.01688562147319317,0.0009838915430009365,0.5128205128205128,0.48717948717948717,0.043631572276353836,0.01688562147319317,0.0009838915430009365,0.12868704935814243,0.2611607142857143,-0.17946328366331543,0.9333333333333333,3,0.6284494400024414,0.0,3.1123249530792236,0.23633596301078796,0.0569671094417572,0.3397572495691373,7,0.26666666666666666,0.20000000000000004,greedy,0.5,0.7931034482758621,0.07755053788423538,0.03909357637166977,0.0,1.3033586863813729,37.797401905059814,5.0,1.9333333333333333,10.0,0.3854250834790911,0.2666666666666667,0.7308255984367367,0.8513559374964464,0.8954545454545455,0.14864406250355355
2024-05-24,-0.29923583609035437,35.46934288801709,0.20368509212730318,4.423646082618536,-3.0119387331318066,-14.073757154115007,-0.15770970881779334,-0.11350051400150891,0.1748505834259389,-0.30000000000000004,-0.30000000000000004,0.035972840505078714,0.10197918853685305,0.0,0.07775701826615089,0.18141475599492637,low_connectivity,partial_correlation,60,residual,30,78,0.1793103448275862,0.02,0,5.2,0.47729378938674927,0.44746822118759155,1.0449724197387695,0.09178727120161057,0.028771227225661278,0.016458407044410706,0.0008649203809909523,0.5,0.5,0.04382864758372307,0.016458407044410706,0.0008649203809909523,0.15214125262856182,0.2739420935412027,-0.17721773896250873,0.9666666666666667,2,0.6164267659187317,4.1231922746004035e-17,3.1202797889709473,0.22045257687568665,0.056472547352313995,0.34890442883531286,5,0.3,0.24000000000000002,greedy,0.5,0.8620689655172413,0.07917416095733643,0.03913072496652603,0.0,1.3031371133080845,37.79097628593445,4.0,1.9333333333333333,12.0,0.3966018863593253,0.2272727272727273,0.7645865043125317,0.834746849311883,0.6601473922902494,0.16525315068811697
2024-05-27,-0.36027628529217676,32.72713147298392,0.14869390488948425,-2.742211415033168,4.849431095060012,-15.003983600853076,-0.14348645728757467,-0.0993904774248185,0.17961581241204627,-0.30000000000000004,-0.30000000000000004,0.035972840505078714,0.10476423660738453,0.0,-0.01916699609921931,0.18141475599492637,low_connectivity,partial_correlation,60,residual,30,79,0.18160919540229886,0.02,0,5.266666666666667,0.49972301721572876,0.4662525951862335,1.0159305334091187,0.09488411247730255,0.02835570089519024,0.017231827601790428,0.0007007754174992442,0.4936708860759494,0.5063291139240507,0.042165860533714294,0.017231827601790428,0.0007007754174992442,0.15362399328032986,0.2850678733031674,-0.1806433993337291,0.9666666666666667,2,0.6208550930023193,1.0276662187891361e-08,3.1442718505859375,0.1962493658065796,0.05494051054120064,0.3465447817523025,5,0.3,0.2511111111111111,greedy,0.5,0.8620689655172413,0.0798579603433609,0.03944634646177292,0.0,1.3002633103008927,37.70763599872589,4.0,1.9333333333333333,15.0,0.3968139075342266,0.13095238095238093,0.8457375456774134,0.8719255208362582,0.8833333333333332,0.12807447916374182
2024-05-28,-0.37724461351292243,31.984390856006385,0.13726146635420153,-0.7427406169775352,2.419497497726237,-12.955933868221791,-0.13968955507296174,-0.11350051400150891,0.20431085238363278,-0.30000000000000004,-0.30000000000000004,0.035972840505078714,0.07341400277712971,0.0,-0.01916699609921931,0.18141475599492637,low_connectivity,partial_correlation,60,residual,30,78,0.1793103448275862,0.02,0,5.2,0.5057104229927063,0.4677272439002991,1.1062506437301636,0.0972520112991333,0.029529383406043053,0.017438292503356934,0.0003898616705555469,0.48717948717948717,0.5128205128205128,0.043293118476867676,0.017438292503356934,0.0003898616705555469,0.13693334200059032,0.2739420935412027,-0.18450617372553574,0.9666666666666667,2,0.6438041925430298,5.909080336152783e-09,3.1279428005218506,0.21721750497817993,0.056017689406871796,0.32704890634641787,5,0.3333333333333333,0.24888888888888894,greedy,0.4666666666666667,0.8620689655172413,0.08106331527233124,0.03963577747344971,0.0,1.2993449671515103,37.6810040473938,4.0,1.9333333333333333,14.0,0.3964233766570402,0.13095238095238093,0.6629085439046997,0.7330984280248931,0.8066666666666666,0.2669015719751069
2024-05-29,-0.4934941959466413,27.150733687376878,0.06860776439089693,-4.833657168629507,-6.006941744352183,-19.87739862969724,-0.14500604027322725,-0.12761055057819914,0.20103243641491494,-0.30000000000000004,-0.30000000000000004,0.035972840505078714,-0.0017592773027901916,0.0,0.004791749024804799,0.13908464626277692,low_connectivity,partial_correlation,60,residual,30,77,0.17701149425287357,0.02,0,5.133333333333334,0.49732673168182373,0.47725188732147217,1.1065505743026733,0.09688182920217514,0.029587622731924057,0.017149196937680244,-0.0009743674308992922,0.44155844155844154,0.5584415584415584,0.04334752634167671,0.017149196937680244,-0.0009743674308992922,0.09691159893603674,0.23665893271461716,-0.13371652927079838,0.9666666666666667,2,0.6407575607299805,1.3876673430093225e-16,3.125274658203125,0.24606448411941528,0.055857688188552856,0.310931843773874,6,0.26666666666666666,0.20222222222222225,greedy,0.5,0.8275862068965517,0.08119162172079086,0.039582859724760056,0.0,1.3002304126476418,37.706681966781616,4.0,1.9333333333333333,13.0,0.39567522908707237,0.15476190476190477,0.41770917684387965,0.6170502866607291,0.6857142857142857,0.38294971333927086
2024-05-30,-0.42573882279151704,29.912297953714447,0.10605553696888592,2.761564266337569,-1.133398851684106,-21.61093504021491,-0.14779398624505588,-0.14172058715488953,0.19494856764516966,-0.30000000000000004,-0.30000000000000004,0.035972840505078714,0.02268909231442468,0.0,0.02875049414882891,0.18141475599492637,low_connectivity,partial_correlation,60,residual,30,76,0.17471264367816092,0.02,0,5.066666666666666,0.49293026328086853,0.42859700322151184,1.0098991394042969,0.09728886932134628,0.029265083372592926,0.016997596248984337,-0.0008695911383256316,0.4473684210526316,0.5526315789473685,0.04406356438994408,0.016997596248984337,-0.0008695911383256316,0.10992774464801262,0.23972602739726026,-0.2855218990432365,0.9666666666666667,2,0.6351038217544556,6.165996602192081e-09,3.116004467010498,0.22486037015914917,0.05659663304686546,0.31726349471696635,5,0.3333333333333333,0.2511111111111111,greedy,0.5,0.8620689655172413,0.08137798309326172,0.039580993354320526,0.0,1.2990423605359833,37.67222845554352,4.0,1.9333333333333333,13.0,0.39514762491159056,0.1785714285714286,0.513438826199954,0.716547412736938,0.6854497354497355,0.283452587263062
2024-05-31,-0.5285997016506141,25.784501602442727,0.056856187290969896,-4.127796351271719,-9.684841285574361,-19.005247323845186,-0.14988653854230422,-0.14172058715488953,0.18491461620043406,-0.30000000000000004,-0.30000000000000004,0.035972840505078714,0.029744885086924463,0.0,-0.026709564008634286,0.13908464626277692,low_connectivity,partial_correlation,60,residual,30,76,0.17471264367816092,0.02,0,5.066666666666666,0.48963043093681335,0.45842474699020386,1.0650871992111206,0.09663758426904678,0.02832982875406742,0.016883809119462967,-0.001208005822263658,0.4342105263157895,0.5657894736842105,0.044192902743816376,0.016883809119462967,-0.001208005822263658,0.11368420073397169,0.2128146453089245,-0.33508812067399407,0.9666666666666667,2,0.6257792711257935,6.422913312320588e-09,3.115065097808838,0.23356592655181885,0.05691760405898094,0.31374472015032373,6,0.26666666666666666,0.19777777777777783,greedy,0.5333333333333333,0.8275862068965517,0.08091112971305847,0.03949379175901413,0.0,1.300318532976611,37.709237456321716,4.0,1.9333333333333333,13.0,0.39519073769621466,0.12345679012345678,0.6538231978247895,0.8324791317795331,0.85,0.16752086822046686
2024-06-03,-0.3610316378163195,32.693879748407085,0.14944834503510532,6.909378145964357,-0.033251724576835784,-11.891199247405112,-0.15483277054181416,-0.16994066030827018,0.18583507923535736,-0.30000000000000004,-0.30000000000000004,0.035972840505078714,0.09637210625843556,0.0,0.10647712077211631,0.13908464626277692,low_connectivity,partial_correlation,60,residual,30,74,0.17011494252873563,0.02,0,4.933333333333334,0.48183053731918335,0.44075125455856323,1.0888222455978394,0.09766835719347,0.027805045247077942,0.016614846885204315,-0.000745785771869123,0.44594594594594594,0.5540540540540541,0.045066043734550476,0.016614846885204315,-0.000745785771869123,0.1491560801570392,0.2383177570093458,-0.3508862992176069,0.9666666666666667,2,0.6266346573829651,5.138330205767261e-09,3.100543975830078,0.2355533242225647,0.05605234578251839,0.2868153986688641,6,0.3,0.2088888888888889,greedy,0.4666666666666667,0.8275862068965517,0.08105351030826569,0.03947809711098671,0.0,1.2997447087846954,37.692596554756165,5.0,1.9333333333333333,12.0,0.39394921764331764,0.2558139534883721,0.1991870659643111,0.5170394336600912,0.49076617826617824,0.4829605663399088
2024-06-04,-0.4292806683980706,29.764001123979057,0.10427807486631016,-2.929878624428028,-2.2203897320273285,-22.632213889406415,-0.1581551498967669,-0.18405069688496042,0.19715463872636171,-0.30000000000000004,-0.30000000000000004,0.035972840505078714,0.04070664696848093,0.0,0.05767629618880913,0.18141475599492637,low_connectivity,partial_correlation,60,residual,30,73,0.167816091954023,0.02,0,4.866666666666666,0.47659146785736084,0.4394623041152954,1.0902118682861328,0.09792974591255188,0.027175989001989365,0.016434185206890106,-0.0004515242180787027,0.4520547945205479,0.547945205479452,0.04574993625283241,0.016434185206890106,-0.0004515242180787027,0.11952016820927755,0.24401913875598086,-0.3241077675262743,0.9666666666666667,2,0.6371539235115051,-1.2148551517149081e-16,3.0860278606414795,0.2290823757648468,0.057364705950021744,0.30808485667693697,5,0.3333333333333333,0.26,greedy,0.4666666666666667,0.8620689655172413,0.08176527917385101,0.03952895849943161,0.0,1.2986227479474297,37.660059690475464,5.0,1.9333333333333333,12.0,0.393410898291174,0.20731707317073167,0.3261629856752743,0.574889246732542,0.5892857142857143,0.42511075326745795
2024-06-05,-0.3181696375716118,34.60745193838524,0.19011025726695624,4.843450814406182,7.456718251008361,-7.312523426688273,-0.15921017798292397,-0.18405069688496042,0.18886732858655475,-0.30000000000000004,-0.30000000000000004,0.0674490759470226,0.07508211846621247,0.0,0.06994784856940685,0.22374486572707597,low_connectivity,partial_correlation,60,residual,30,73,0.167816091954023,0.02,0,4.866666666666666,0.474927693605423,0.4252230226993561,1.0286295413970947,0.09758787602186203,0.02754097245633602,0.016376815736293793,0.0003761211992241442,0.4657534246575342,0.5342465753424658,0.044158563017845154,0.016376815736293793,0.0003761211992241442,0.13782143544868045,0.2706766917293233,-0.20358899436599523,1.0,1,0.6294525265693665,0.059777528047561646,3.109225273132324,0.2463723123073578,0.05649513751268387,0.33116939443952864,4,0.3333333333333333,0.2733333333333333,greedy,0.4666666666666667,0.896551724137931,0.0807059109210968,0.03930668160319328,0.0,1.2981940096822278,37.64762628078461,5.0,1.9333333333333333,10.0,0.4039915516572894,0.2195121951219512,0.636025274820393,0.7180281617816545,0.6,0.2819718382183455
2024-06-06,-0.47560156353609734,27.86429277842083,0.07548430193720775,-6.74315915996441,-2.0480051752936177,-15.61433067806993,-0.1565462320653774,-0.16994066030827018,0.17448800398642797,-0.30000000000000004,-0.30000000000000004,0.0674490759470226,0.08699474217152417,0.0,-0.05946124926235067,0.18141475599492637,low_connectivity,partial_correlation,60,residual,30,74,0.17011494252873563,0.02,0,4.933333333333334,0.47912850975990295,0.4582277536392212,1.0222090482711792,0.09712064266204834,0.027344906702637672,0.016521673649549484,-7.258544064825401e-05,0.44594594594594594,0.5540540540540541,0.043155744671821594,0.016521673649549484,-7.258544064825401e-05,0.14416363529218637,0.255,-0.2045183635420781,1.0,1,0.6160898208618164,0.05770287662744522,3.127762794494629,0.2324981391429901,0.055216871201992035,0.3366388801838447,5,0.26666666666666666,0.2288888888888889,greedy,0.5,0.8620689655172413,0.08071162551641464,0.03927195817232132,0.0,1.29950160815798,37.68554663658142,5.0,1.9333333333333333,13.0,0.40442356240018573,0.09090909090909094,0.6585763448650607,0.7644370319290574,0.6900793650793651,0.23556296807094257
2024-06-07,-0.44342909120911406,29.175861355306743,0.09382303839732888,1.3115685768859144,3.391359752864016,-4.391913251938142,-0.15169361668143458,-0.16994066030827018,0.19599666787885942,-0.30000000000000004,-0.30000000000000004,0.035972840505078714,0.08838540869459556,0.0,-0.02356448729286927,0.18141475599492637,low_connectivity,partial_correlation,60,residual,30,74,0.17011494252873563,0.02,0,4.933333333333334,0.4867808520793915,0.42763835191726685,0.9626904726028442,0.0986718013882637,0.02793855406343937,0.016785545274615288,-2.240449612145312e-05,0.44594594594594594,0.5540540540540541,0.043708596378564835,0.016785545274615288,-2.240449612145312e-05,0.14490401669121097,0.26732673267326734,-0.1982714976003444,0.9666666666666667,2,0.6360778212547302,5.138323655451416e-10,3.1108200550079346,0.2514861226081848,0.05586966127157211,0.32737157335401407,5,0.36666666666666664,0.2555555555555556,greedy,0.4666666666666667,0.8620689655172413,0.0809767097234726,0.03941074013710022,0.0,1.2979770241112545,37.64133369922638,5.0,1.9333333333333333,12.0,0.3934967351913224,0.12658227848101267,0.36288563415394204,0.5738278943477261,0.4583333333333333,0.4261721056522739
2024-06-10,-0.44312637954084827,29.188373129233767,0.09412550066755675,0.01251177392702374,-3.5055066191733175,-1.930448352185973,-0.16056311448678584,-0.16994066030827018,0.17112146062519504,-0.30000000000000004,-0.30000000000000004,0.035972840505078714,0.075885690028555,0.0,0.022982648100452696,0.18141475599492637,low_connectivity,partial_correlation,60,residual,30,74,0.17011494252873563,0.02,0,4.933333333333334,0.47279414534568787,0.46539315581321716,0.9002983570098877,0.09583665430545807,0.026840124279260635,0.016303246840834618,-0.00013988059072289616,0.44594594594594594,0.5540540540540541,0.043465156108140945,0.016303246840834618,-0.00013988059072289616,0.13824925148341863,0.23880597014925373,-0.24369835739472315,0.9666666666666667,2,0.6129612922668457,-2.0817035745023858e-17,3.111112117767334,0.253846138715744,0.05557277053594589,0.33138583527744925,5,0.36666666666666664,0.2644444444444444,greedy,0.4666666666666667,0.8620689655172413,0.08038058876991272,0.03919849172234535,0.0,1.2994820331705028,37.68497896194458,4.0,1.9333333333333333,13.0,0.39341558843451446,0.1728395061728395,0.8719458345599058,0.9034336111753012,0.8833333333333332,0.09656638882469881
2024-06-11,-0.5372082129007869,25.456410976552867,0.05238571905238572,-3.7319621526809,-4.30759014742619,-7.336352444235615,-0.1598350765990202,-0.14172058715488953,0.17362154623862092,-0.30000000000000004,-0.30000000000000004,0.035972840505078714,0.0371368885317798,0.0,0.02086163904701611,0.09675453653062746,low_connectivity,partial_correlation,60,residual,30,76,0.17471264367816092,0.02,0,5.066666666666666,0.47394225001335144,0.4406353235244751,0.9679616093635559,0.0935412347316742,0.0270927082747221,0.016342835500836372,-0.0010002471972256899,0.42105263157894735,0.5789473684210527,0.04302792251110077,0.016342835500836372,-0.0010002471972256899,0.11761965309533964,0.23741007194244604,-0.14550341430119892,0.9666666666666667,2,0.6152846217155457,2.0792231907175843e-17,3.122194528579712,0.2694871723651886,0.054940588772296906,0.3033167968202707,7,0.2,0.16,greedy,0.5333333333333333,0.7931034482758621,0.07987771183252335,0.03900079056620598,0.0,1.3032087950870908,37.793055057525635,4.0,1.9333333333333333,12.0,0.3948024109519761,0.1707317073170732,0.5139998968700047,0.7302380242421234,0.8007575757575758,0.26976197575787664
2024-06-12,-0.4782987110507156,27.755996459263905,0.07538358905937291,2.299585482711038,-6.851455479121334,-4.266535070484949,-0.16652326958208308,-0.12761055057819914,0.14915015999170708,-0.30000000000000004,-0.30000000000000004,0.035972840505078714,0.020546858469025625,0.0,0.02875049414882891,0.18141475599492637,low_connectivity,partial_correlation,60,residual,30,77,0.17701149425287357,0.02,0,5.133333333333334,0.4633953273296356,0.4319213032722473,0.879806637763977,0.09027183800935745,0.026341071352362633,0.01597915031015873,-0.0002071050403174013,0.45454545454545453,0.5454545454545454,0.04309763386845589,0.01597915031015873,-0.0002071050403174013,0.10878723391795532,0.2413793103448276,-0.2691614289895898,0.9666666666666667,2,0.592543363571167,8.371390730347781e-17,3.1202542781829834,0.24285519123077393,0.05600937083363533,0.315265300780383,5,0.36666666666666664,0.2555555555555556,greedy,0.4666666666666667,0.8620689655172413,0.07816518098115921,0.03880365192890167,0.0,1.3058987280418133,37.871063113212585,4.0,1.9333333333333333,10.0,0.39559193159599876,0.1785714285714286,0.44186659636171893,0.6712480631286599,0.571969696969697,0.3287519368713401
2024-06-13,-0.4169245630761154,30.283180835500083,0.11337112370790263,2.5271843762361783,2.418888057079254,-12.725618854194437,-0.1714188739351209,-0.12761055057819914,0.1384031719948676,-0.30000000000000004,-0.30000000000000004,0.0674490759470226,0.014032821774952778,0.0,0.038474925993285704,0.22374486572707597,low_connectivity,partial_correlation,60,residual,30,77,0.17701149425287357,0.02,0,5.133333333333334,0.455675333738327,0.4137917757034302,0.8606998920440674,0.08876792341470718,0.02565751224756241,0.01571294106543064,-0.0003700188535731286,0.45454545454545453,0.5454545454545454,0.042399145662784576,0.01571294106543064,-0.0003700188535731286,0.10531920508369276,0.2357142857142857,-0.08981963344457551,1.0,1,0.5825561881065369,0.053300321102142334,3.1406397819519043,0.26089560985565186,0.05484919250011444,0.3178143156138914,4,0.3333333333333333,0.26222222222222225,greedy,0.5,0.896551724137931,0.076959528028965,0.0385008305311203,0.0,1.3091812709282185,37.966256856918335,4.0,1.9333333333333333,12.0,0.4064702133052194,0.18823529411764706,0.6723284838638209,0.8169816730957127,0.6854545454545454,0.18301832690428732
2024-06-14,-0.24473297043038592,38.00193864097023,0.25533333333333336,7.718757805470148,8.826077285663487,-0.4793429801786644,-0.14683754162746895,-0.12761055057819914,0.18476048947247636,-0.30000000000000004,-0.30000000000000004,0.0674490759470226,0.01400134407190028,0.0,0.13975934655680708,0.22374486572707597,low_connectivity,partial_correlation,60,residual,30,77,0.17701149425287357,0.02,0,5.133333333333334,0.4944385588169098,0.46646982431411743,0.93876051902771,0.09631919860839844,0.02599801868200302,0.017049605026841164,-0.00013784649490844458,0.4675324675324675,0.5324675324675324,0.042189374566078186,0.017049605026841164,-0.00013784649490844458,0.10530244656866601,0.2158273381294964,-0.11582518198369794,1.0,1,0.6256360411643982,0.06015564128756523,3.1509926319122314,0.291598916053772,0.05361238494515419,0.2964334301071087,4,0.3333333333333333,0.2644444444444445,greedy,0.5333333333333333,0.896551724137931,0.08162011206150055,0.03954871743917465,0.0,1.2996588411002323,37.69010639190674,4.0,1.9333333333333333,11.0,0.40640028960631724,0.28888888888888886,0.15689074773028663,0.3393782306149487,0.3542395104895105,0.6606217693850513
2024-06-17,-0.3861862065025404,31.596612927322195,0.13095634788403865,-6.405325713648036,2.4082397980884274,3.7189125493982864,-0.14969029646744728,-0.12761055057819914,0.18259931589838813,-0.30000000000000004,-0.30000000000000004,0.0674490759470226,0.02117656670948341,0.0,0.038474925993285704,0.18141475599492637,low_connectivity,partial_correlation,60,residual,30,77,0.17701149425287357,0.02,0,5.133333333333334,0.4899398982524872,0.43239855766296387,1.057733178138733,0.09544285386800766,0.026085807010531425,0.01689448021352291,-0.0011609342182055116,0.42857142857142855,0.5714285714285714,0.04245831072330475,0.01689448021352291,-0.0011609342182055116,0.10912248630255847,0.2188235294117647,-0.1675930216878503,1.0,1,0.6236276626586914,0.06719309091567993,3.1474215984344482,0.28683048486709595,0.05469953268766403,0.29742946636663276,5,0.3,0.2222222222222222,greedy,0.5,0.8620689655172413,0.08111868053674698,0.039430152624845505,0.0,1.3019477046769241,37.7564834356308,5.0,1.9333333333333333,11.0,0.40648993499205943,0.18823529411764706,0.26528240489656774,0.5051023352622781,0.47970085470085466,0.4948976647377219
2024-06-18,-0.36784802045815296,32.394601716076316,0.14556962025316456,0.7979887887541217,6.938190739523449,2.829708357796168,-0.14799933992611145,-0.11350051400150891,0.20097329998412972,-0.30000000000000004,-0.30000000000000004,0.0674490759470226,0.039022952518584064,0.0,0.004791749024804799,0.18141475599492637,low_connectivity,partial_correlation,60,residual,30,78,0.1793103448275862,0.02,0,5.2,0.49260643124580383,0.4418218731880188,1.078165888786316,0.09473202377557755,0.028993820771574974,0.016986429691314697,-0.0002692622074391693,0.46153846153846156,0.5384615384615384,0.043690603226423264,0.016986429691314697,-0.0002692622074391693,0.11862378073488042,0.22247191011235956,-0.192773147164845,1.0,1,0.6407026052474976,0.07256746292114258,3.1311557292938232,0.2990471124649048,0.05710604041814804,0.31113515212965054,5,0.3333333333333333,0.23555555555555557,greedy,0.4666666666666667,0.8620689655172413,0.07800611853599548,0.03921077400445938,0.0,1.303645499821367,37.80571949481964,5.0,1.9333333333333333,10.0,0.4076669826846698,0.15476190476190477,0.25945326567359633,0.5492230424938535,0.46176767676767677,0.45077695750614655
2024-06-19,-0.39327133648962037,31.29115062244945,0.12787212787212787,-1.103451093626866,3.5351541631855454,-1.8665248092796105,-0.14421689296644521,-0.12761055057819914,0.20919698394244102,-0.30000000000000004,-0.30000000000000004,0.0674490759470226,0.05803365187797878,0.0,0.004791749024804799,0.13908464626277692,low_connectivity,partial_correlation,60,residual,30,77,0.17701149425287357,0.02,0,5.133333333333334,0.4985711872577667,0.43794453144073486,1.0914943218231201,0.09712424874305725,0.030041612684726715,0.017192108556628227,0.0001129272350226529,0.4675324675324675,0.5324675324675324,0.0439533069729805,0.017192108556628227,0.0001129272350226529,0.1287449477829364,0.21524663677130046,-0.22351295872376856,1.0,1,0.648344874382019,0.0751352608203888,3.1234545707702637,0.3121945559978485,0.05634681507945061,0.3148710913432098,6,0.26666666666666666,0.1888888888888889,greedy,0.5666666666666667,0.8275862068965517,0.07860688120126724,0.03929948806762695,0.0,1.3014146212873787,37.741024017333984,5.0,1.9333333333333333,8.0,0.4069882670752847,0.15476190476190477,0.41539401343921806,0.6727217592517065,0.6342857142857142,0.3272782407482935
2024-06-20,-0.4060457585842849,30.744498523627428,0.12017310252996005,-0.5466520988220225,0.46131768812734464,-0.30119828177112495,-0.1382931157876252,-0.0993904774248185,0.2059918150495982,-0.30000000000000004,-0.30000000000000004,0.0674490759470226,0.026299920905968367,0.0,-0.007187623537207199,0.13908464626277692,low_connectivity,partial_correlation,60,residual,30,79,0.18160919540229886,0.02,0,5.266666666666667,0.5079125761985779,0.4524822533130646,1.0419234037399292,0.09643909335136414,0.03084356151521206,0.017514226958155632,0.0001017998656607233,0.46835443037974683,0.5316455696202531,0.04294847697019577,0.017514226958155632,0.0001017998656607233,0.11185012523307249,0.1895424836601307,-0.22453291754463503,1.0,1,0.6453663110733032,0.07532260566949844,3.1406893730163574,0.30217480659484863,0.05576490983366966,0.300396859551333,6,0.3333333333333333,0.20444444444444448,greedy,0.5333333333333333,0.8275862068965517,0.0779685378074646,0.03925771266222,0.0,1.3012326791368682,37.73574769496918,5.0,1.9333333333333333,10.0,0.40818589079083156,0.1428571428571429,0.5827141916674504,0.7938492679190011,0.7015151515151515,0.20615073208099888
2024-06-21,-0.2987225541725225,35.4928430004311,0.20898502495840265,4.748344476803673,-2.5090956405391296,0.02350011241401262,-0.13219008659663442,-0.08528044084812827,0.20620385956171977,-0.30000000000000004,-0.30000000000000004,0.0674490759470226,0.06251020351832846,0.0,0.001170078250243061,0.18141475599492637,low_connectivity,partial_correlation,60,residual,30,80,0.1839080459770115,0.02,0,5.333333333333333,0.5175366997718811,0.48562508821487427,1.0157614946365356,0.097038134932518,0.03214005008339882,0.017846092581748962,-0.0004627741582226008,0.45,0.55,0.041933003813028336,0.017846092581748962,-0.0004627741582226008,0.13112823343143823,0.210989010989011,-0.22421617446648495,1.0,1,0.6455633640289307,0.10227403044700623,3.155883550643921,0.2912323772907257,0.054643578827381134,0.3135822731213313,5,0.3333333333333333,0.2377777777777778,greedy,0.5,0.8620689655172413,0.07842236012220383,0.03938582167029381,0.0,1.2999319783572494,37.69802737236023,5.0,1.9333333333333333,10.0,0.4086136832633466,0.15116279069767447,0.6994793334119669,0.8255008658117673,0.7488636363636364,0.1744991341882327
2024-06-24,-0.33685871397467265,33.76649468956718,0.17365269461077845,-1.7263483108639193,2.1698817622449873,1.0393632165832614,-0.1376750680032573,-0.08528044084812827,0.19662292396366127,-0.30000000000000004,-0.30000000000000004,0.0674490759470226,0.051140743223290125,0.0,-0.010530704252187325,0.18141475599492637,low_connectivity,partial_correlation,60,residual,30,80,0.1839080459770115,0.02,0,5.333333333333333,0.5088872313499451,0.47320088744163513,0.9787560105323792,0.0954163521528244,0.03076562099158764,0.017547834664583206,0.00010584914707578719,0.475,0.525,0.04261539503931999,0.017547834664583206,0.00010584914707578719,0.12507521009353265,0.2012987012987013,-0.2639768402072528,1.0,1,0.6366598010063171,0.0818374752998352,3.146211862564087,0.28201359510421753,0.05600326508283615,0.31168951797287303,5,0.3,0.22444444444444445,greedy,0.5333333333333333,0.8620689655172413,0.07692714780569077,0.03916514664888382,0.0,1.3027019624052376,37.77835690975189,4.0,1.9333333333333333,13.0,0.40884114700544383,0.13953488372093026,0.35038794922572475,0.6218731680831133,0.5212121212121212,0.3781268319168867
2024-06-25,-0.3486302030970329,33.24199106658271,0.16228799467908214,-0.5245036229844686,0.847389350506397,1.257600210576328,-0.15094307381144148,-0.12761055057819914,0.1804008773934037,-0.30000000000000004,-0.30000000000000004,0.0674490759470226,0.054971863496616175,0.0,0.04568684846063899,0.18141475599492637,low_connectivity,partial_correlation,60,residual,30,77,0.17701149425287357,0.02,0,5.133333333333334,0.48796430230140686,0.4297946095466614,1.0404276847839355,0.09505798667669296,0.03299757465720177,0.016826357692480087,0.00040370863280259073,0.4935064935064935,0.5064935064935064,0.04343612119555473,0.016826357692480087,0.00040370863280259073,0.1271148724717799,0.24489795918367346,-0.23030504532104343,1.0,1,0.6215846538543701,0.0791441798210144,3.128882646560669,0.24263697862625122,0.05561869218945503,0.3419711343577644,5,0.26666666666666666,0.21111111111111114,greedy,0.4666666666666667,0.8620689655172413,0.07450811564922333,0.038801684975624084,0.0,1.3056720454117348,37.86448931694031,5.0,1.9333333333333333,13.0,0.40681587181614276,0.1954022988505747,0.2855431993156544,0.5450194831718249,0.4651948051948052,0.4549805168281751
2024-06-26,-0.28782059905033314,35.993616941962074,0.2204122340425532,2.7516258753793608,4.702466319512624,8.842883254585196,-0.13355018221965234,-0.12761055057819914,0.21208344467414286,-0.30000000000000004,-0.30000000000000004,0.0674490759470226,-0.010322973309948684,0.0,0.08038572070922566,0.22374486572707597,low_connectivity,partial_correlation,60,residual,30,77,0.17701149425287357,0.02,0,5.133333333333334,0.5153919458389282,0.45931705832481384,1.0870792865753174,0.10040102154016495,0.03509557992219925,0.017772134393453598,-0.0009053874528035522,0.44155844155844154,0.5584415584415584,0.04345306009054184,0.017772134393453598,-0.0009053874528035522,0.09235234542312543,0.19727891156462585,-0.32069986425841823,1.0,1,0.651027262210846,0.06658966839313507,3.1266870498657227,0.22314202785491943,0.05735844001173973,0.3273328821136097,4,0.3333333333333333,0.2822222222222222,greedy,0.4666666666666667,0.896551724137931,0.07661566138267517,0.03932173177599907,0.0,1.2987129277196423,37.66267490386963,5.0,1.9333333333333333,14.0,0.4068215181144718,0.22988505747126442,0.4429878048780488,0.5706734095833302,0.5066666666666666,0.42932659041666976
2024-06-27,-0.37689018628442,31.999813512899756,0.1409106015287471,-3.993803429062318,1.2553149892723283,2.0875155591853094,-0.13117537565519838,-0.11350051400150891,0.22475005765685224,-0.30000000000000004,-0.30000000000000004,0.0674490759470226,0.01175118218376409,0.0,-0.01757936841027795,0.18141475599492637,low_connectivity,partial_correlation,60,residual,30,78,0.1793103448275862,0.02,0,5.2,0.5191368460655212,0.4769045114517212,1.0267385244369507,0.09983402490615845,0.033072251826524734,0.01790126971900463,-0.0003145548689644784,0.46153846153846156,0.5384615384615384,0.043638668954372406,0.01790126971900463,-0.0003145548689644784,0.10410447568266908,0.23529411764705882,-0.2962154415300609,1.0,1,0.6627983450889587,0.06544855237007141,3.1235735416412354,0.2520681619644165,0.0569775328040123,0.31009219713267616,5,0.3333333333333333,0.22888888888888892,greedy,0.5,0.8620689655172413,0.07578165084123611,0.03915230929851532,0.0,1.2983475841324905,37.652079939842224,4.0,1.9333333333333333,14.0,0.4076496712606528,0.1325301204819277,0.2500891689454286,0.47822172437390764,0.42544955044955046,0.5217782756260924
2024-06-28,-0.3436809232707551,33.462020035183684,0.16578073089700995,1.4622065222839282,-2.030822965247417,7.677518432740957,-0.1277966482092804,-0.11350051400150891,0.22940894369041953,-0.30000000000000004,-0.30000000000000004,0.0674490759470226,0.029781028812086316,0.0,-0.05276767523657016,0.22374486572707597,low_connectivity,partial_correlation,60,residual,30,78,0.1793103448275862,0.02,0,5.2,0.5244648456573486,0.48083117604255676,1.1329641342163086,0.10085862129926682,0.03332117199897766,0.018084995448589325,-0.0004108286229893565,0.46153846153846156,0.5384615384615384,0.04350552335381508,0.018084995448589325,-0.0004108286229893565,0.11370344340743606,0.2549019607843137,-0.3163742234848831,1.0,1,0.6671278476715088,0.06023460626602173,3.1237258911132812,0.23451176285743713,0.05761583894491196,0.31824613409904945,4,0.4,0.29555555555555557,greedy,0.5,0.896551724137931,0.07612605392932892,0.039303023368120193,0.0,1.2965049044839267,37.598642230033875,4.0,1.9333333333333333,13.0,0.4076052893938004,0.09756097560975607,0.5324075419075565,0.6807676236194148,0.6017948717948719,0.3192323763805852
2024-07-01,-0.3386698259119508,33.68553231507747,0.17170375290601128,0.2235122798937823,-0.08096237448971522,0.9916525666703819,-0.1505492537495406,-0.11350051400150891,0.17654488706544375,-0.30000000000000004,-0.30000000000000004,0.0674490759470226,0.10602890680632163,0.0,0.03627242575753411,0.13908464626277692,low_connectivity,partial_correlation,60,residual,30,78,0.1793103448275862,0.02,0,5.2,0.4885854125022888,0.4263176918029785,1.047334909439087,0.09395873546600342,0.030798356980085373,0.016847772523760796,0.00027572258841246367,0.48717948717948717,0.5128205128205128,0.04347497969865799,0.016847772523760796,0.00027572258841246367,0.15429729509328052,0.22270742358078602,-0.29742757362990185,1.0,1,0.6180012822151184,0.059972651302814484,3.1283247470855713,0.26342126727104187,0.05674642324447632,0.31532029010094104,6,0.26666666666666666,0.18,greedy,0.5,0.8275862068965517,0.07258351147174835,0.03854215890169144,0.0,1.306033837384191,37.87498128414154,4.0,1.9333333333333333,14.0,0.4075951081754147,0.18604651162790697,0.4331720029784066,0.6604250426689519,0.7291666666666667,0.33957495733104814
2024-07-02,-0.48020094746475345,27.679773603107204,0.07403718459495352,-6.0057587119702625,-5.562217463475509,-2.0842275208718526,-0.15280906910343517,-0.12761055057819914,0.17733643011568334,-0.30000000000000004,-0.30000000000000004,0.035972840505078714,0.11180347842379146,0.0,-0.06397872309044947,0.13908464626277692,low_connectivity,partial_correlation,60,residual,30,77,0.17701149425287357,0.02,0,5.133333333333334,0.4850217401981354,0.4118531346321106,1.0507954359054565,0.09448476880788803,0.03155862167477608,0.01672489009797573,0.00014457799261435866,0.4805194805194805,0.5194805194805194,0.04389328509569168,0.01672489009797573,0.00014457799261435866,0.15737163774982738,0.2185430463576159,-0.3005601240191051,0.9666666666666667,2,0.6187368631362915,4.1106646975208605e-09,3.117276668548584,0.27082884311676025,0.05725829303264618,0.31633069778474837,6,0.3,0.21555555555555556,greedy,0.5,0.8275862068965517,0.07221010327339172,0.03858233243227005,0.0,1.3049255815045586,37.8428418636322,4.0,1.9333333333333333,13.0,0.395857148671744,0.0864197530864198,0.7563298229890209,0.8703196257897924,0.8023148148148148,0.12968037421020762
2024-07-03,-0.47914272181538037,27.722160891597486,0.07467640225688682,0.04238728849028206,-8.271456050364588,-6.885291046787753,-0.1539063668213558,-0.14172058715488953,0.19285082783468946,-0.30000000000000004,-0.30000000000000004,0.035972840505078714,0.08770853459422585,0.0,-0.039132617035905974,0.13908464626277692,low_connectivity,partial_correlation,60,residual,30,76,0.17471264367816092,0.02,0,5.066666666666666,0.4832914471626282,0.4243713915348053,1.0953744649887085,0.09538646787405014,0.030860820785164833,0.016665222123265266,0.0001761774910846725,0.4868421052631579,0.5131578947368421,0.0450858473777771,0.016665222123265266,0.0001761774910846725,0.14454365352356355,0.2251655629139073,-0.2624954072598539,0.9666666666666667,2,0.6331543922424316,1.109636983704775e-16,3.098287582397461,0.30114445090293884,0.058802396059036255,0.2956627347641043,6,0.26666666666666666,0.19777777777777783,greedy,0.5,0.8275862068965517,0.07223594933748245,0.03857165202498436,0.0,1.3053632399131512,37.855533957481384,4.0,1.9333333333333333,13.0,0.3954883859075349,0.11111111111111116,0.39110616610437154,0.6465797447088415,0.5752525252525252,0.3534202552911585
2024-07-04,-0.45819343951639685,28.569466424945123,0.0856005308560053,0.8473055333476367,-3.430347087954633,0.7051736465242939,-0.1510512484444312,-0.12761055057819914,0.18637340034553163,-0.30000000000000004,-0.30000000000000004,0.0674490759470226,0.04812283316931615,0.0,-0.06289170595056322,0.18141475599492637,low_connectivity,partial_correlation,60,residual,30,77,0.17701149425287357,0.02,0,5.133333333333334,0.48779380321502686,0.39781516790390015,1.0697166919708252,0.09502476453781128,0.0306988712400198,0.016820475459098816,-0.0007734100217930973,0.45454545454545453,0.5454545454545454,0.04429774358868599,0.016820475459098816,-0.0007734100217930973,0.12346849530546339,0.19376391982182628,-0.2805852742198232,1.0,1,0.6271349191665649,0.055777404457330704,3.1163783073425293,0.29793238639831543,0.056525006890296936,0.3069294814366831,5,0.3333333333333333,0.24000000000000005,greedy,0.5,0.8620689655172413,0.07177840173244476,0.038480598479509354,0.0,1.3062760295539066,37.88200485706329,4.0,1.9333333333333333,12.0,0.40710307928051986,0.08750000000000002,0.41636521118866865,0.6778034920660413,0.47600732600732604,0.3221965079339587
2024-07-05,-0.445339722791737,29.096963361987306,0.09286898839137644,0.5274969370421836,-4.365056673196378,-0.07889799331943692,-0.15329952014686365,-0.12761055057819914,0.19109353940664764,-0.30000000000000004,-0.30000000000000004,0.0674490759470226,0.07108302372540536,0.0,-0.07547004714067593,0.18141475599492637,low_connectivity,partial_correlation,60,residual,30,77,0.17701149425287357,0.02,0,5.133333333333334,0.48424842953681946,0.39709627628326416,1.0855600833892822,0.09433411061763763,0.030652804300189018,0.016698220744729042,-0.00018219849152956158,0.4805194805194805,0.5194805194805194,0.04483482986688614,0.016698220744729042,-0.00018219849152956158,0.13569234460633284,0.21145374449339208,-0.2534099310856822,1.0,1,0.6315213441848755,0.05237146466970444,3.1095876693725586,0.3058200776576996,0.057192616164684296,0.2982652244573489,5,0.3333333333333333,0.24666666666666667,greedy,0.5333333333333333,0.8620689655172413,0.07058826833963394,0.03838319331407547,0.0,1.3069091624227063,37.900365710258484,4.0,1.9333333333333333,12.0,0.4072821080399199,0.07499999999999996,0.37141658509299397,0.6482567991046695,0.5962637362637363,0.3517432008953305
2024-07-08,-0.42151912444480416,30.089527976961083,0.11107427055702918,0.9925646149737766,-3.5960043381163835,0.9011548477273159,-0.1488259270282886,-0.14172058715488953,0.2025293193017549,-0.30000000000000004,-0.30000000000000004,0.035972840505078714,0.042442437643060466,0.0,0.006668036293553618,0.18141475599492637,low_connectivity,partial_correlation,60,residual,30,76,0.17471264367816092,0.02,0,5.066666666666666,0.4913029670715332,0.45351719856262207,1.1041041612625122,0.09696768969297409,0.03130953758955002,0.016941482201218605,-0.0008305091760121286,0.4473684210526316,0.5526315789473685,0.044760990887880325,0.016941482201218605,-0.0008305091760121286,0.12044429135939172,0.1935483870967742,-0.2534096160819847,0.9666666666666667,2,0.6421486139297485,2.312248614799728e-09,3.1071205139160156,0.30476924777030945,0.05750187486410141,0.3007931871412045,5,0.3,0.24444444444444446,greedy,0.5,0.8620689655172413,0.07084774971008301,0.03866727650165558,0.0,1.3037063294443592,37.807483553886414,4.0,1.9333333333333333,14.0,0.3953801004109026,0.15662650602409633,0.5505436039787185,0.6880144952087897,0.5866666666666667,0.31198550479121034
2024-07-09,-0.26156446602207845,37.21208762836259,0.2469340404375207,7.122559651401506,9.532314025255385,11.755676651809722,-0.13145043654908933,-0.08528044084812827,0.25460722057734353,-0.30000000000000004,-0.30000000000000004,0.035972840505078714,0.1552047747921338,0.0,-0.02970307076219368,0.13908464626277692,low_connectivity,partial_correlation,60,residual,30,80,0.1839080459770115,0.02,0,5.333333333333333,0.5187031030654907,0.47189268469810486,1.2420716285705566,0.09725682437419891,0.031700920313596725,0.017886312678456306,-0.0012414511293172836,0.4375,0.5625,0.045648541301488876,0.017886312678456306,-0.0012414511293172836,0.1804781927661266,0.24649298597194388,-0.22591003162993492,0.9666666666666667,2,0.690544605255127,-8.326672684688674e-17,3.098505973815918,0.35387226939201355,0.060002006590366364,0.2727736533839738,6,0.3,0.2088888888888889,greedy,0.5333333333333333,0.8275862068965517,0.07251665741205215,0.039097800850868225,0.0,1.3005425354530071,37.71573352813721,4.0,1.9333333333333333,14.0,0.398741084648389,0.12048192771084343,0.5268622280817403,0.709430448432077,0.7338888888888888,0.29056955156792297
2024-07-10,-0.24861858491868696,37.81901634757491,0.2567925778661365,0.6069287192123198,10.096855455977423,10.063019888311004,-0.13308251019172046,-0.08528044084812827,0.23933296038204677,-0.30000000000000004,-0.30000000000000004,0.0674490759470226,0.028229487852964155,0.0,0.010987976212052428,0.22374486572707597,low_connectivity,partial_correlation,60,residual,30,80,0.1839080459770115,0.02,0,5.333333333333333,0.5161293745040894,0.4519609212875366,1.2987086772918701,0.09677425771951675,0.03132318705320358,0.01779756508767605,-0.0008242918411269784,0.45,0.55,0.044900014996528625,0.01779756508767605,-0.0008242918411269784,0.11287741355275761,0.21604938271604937,-0.18868852770201863,1.0,1,0.6763502359390259,0.05814195051789284,3.1212117671966553,0.359837144613266,0.05798688530921936,0.2602339911054172,4,0.4,0.28666666666666674,greedy,0.5,0.896551724137931,0.07235951721668243,0.039115894585847855,0.0,1.2994221490004967,37.683242321014404,4.0,1.9333333333333333,12.0,0.40960268699118,0.16091954022988508,0.5580273872890223,0.7164806857278455,0.5388888888888889,0.2835193142721545
2024-07-11,-0.26877009900715704,36.87599801989567,0.23815833057303742,-0.9430183276792405,8.306531594950545,6.592817184395585,-0.12549178863677232,-0.08528044084812827,0.24997123227239917,-0.30000000000000004,-0.30000000000000004,0.035972840505078714,0.042625705948689085,0.0,0.032017595756650294,0.18141475599492637,low_connectivity,partial_correlation,60,residual,30,80,0.1839080459770115,0.02,0,5.333333333333333,0.5280994772911072,0.48169437050819397,1.3645801544189453,0.0990186557173729,0.03181552514433861,0.01821032725274563,-0.0008650447707623243,0.45,0.55,0.044544119387865067,0.01821032725274563,-0.0008650447707623243,0.12054186215890914,0.22653061224489796,-0.16915758093037706,0.9666666666666667,2,0.6862363815307617,-2.7755575615628914e-17,3.1220483779907227,0.3559705317020416,0.055493198335170746,0.2896455041044084,5,0.3333333333333333,0.26,greedy,0.5333333333333333,0.8620689655172413,0.07217402011156082,0.039344802498817444,0.0,1.297338555599081,37.62281811237335,4.0,1.9333333333333333,12.0,0.3983729440105144,0.18181818181818177,0.33553971486761713,0.4539955540832585,0.4473824786324786,0.5460044459167415
2024-07-12,-0.2028698732535727,39.99340885948391,0.3066225165562914,3.1174108395882385,10.8964454974966,1.9914702185136761,-0.11900141341986387,-0.042950331118057225,0.2671737121192115,-0.30000000000000004,-0.30000000000000004,0.035972840505078714,0.14056156843381568,0.0,-0.023710896036534243,0.13908464626277692,low_connectivity,partial_correlation,60,residual,30,83,0.19080459770114944,0.02,0,5.533333333333333,0.538334310054779,0.4853331744670868,1.3579171895980835,0.09728934615850449,0.03157448023557663,0.018563255667686462,-0.0008987286128103733,0.4578313253012048,0.5421686746987951,0.045063309371471405,0.018563255667686462,-0.0008987286128103733,0.1726822492887262,0.23290203327171904,-0.23632444402588215,0.9666666666666667,2,0.7022226452827454,-3.469446951953614e-17,3.115626335144043,0.3571355938911438,0.057280972599983215,0.28224089141869546,6,0.3333333333333333,0.22444444444444447,greedy,0.5,0.8275862068965517,0.07163462042808533,0.03933214396238327,0.0,1.2992417524600852,37.67801082134247,4.0,1.9333333333333333,15.0,0.4008448579130959,0.12643678160919536,0.7020362413599851,0.7857002690039843,0.7298701298701299,0.21429973099601574
2024-07-15,-0.2615571003080798,37.21243182430319,0.24726911618669314,-2.780977035180719,7.122903847342105,5.6158188969809935,-0.12694978264518753,-0.08528044084812827,0.24657845593915845,-0.30000000000000004,-0.30000000000000004,0.0674490759470226,0.05751780642960378,0.0,-0.0022869711254750688,0.18141475599492637,low_connectivity,partial_correlation,60,residual,30,80,0.1839080459770115,0.02,0,5.333333333333333,0.5258004069328308,0.47389960289001465,1.300812005996704,0.09858756512403488,0.033104587346315384,0.018131045624613762,0.0001274384994758293,0.5,0.5,0.04486677050590515,0.018131045624613762,0.0001274384994758293,0.12847031517446256,0.1894093686354379,-0.2193721120298445,1.0,1,0.6830834746360779,0.05706382915377617,3.1256353855133057,0.3406614363193512,0.05659117177128792,0.31949357520935506,5,0.23333333333333334,0.20444444444444448,greedy,0.4666666666666667,0.8620689655172413,0.07157261669635773,0.03930703178048134,0.0,1.2992429363316502,37.67804515361786,4.0,1.9333333333333333,15.0,0.40959160549430557,0.1477272727272727,0.6152512096564402,0.797998782077168,0.5955988455988456,0.202001217922832
2024-07-16,-0.3290646188656187,34.11599774628505,0.18497683653209795,-3.0964340780181345,-3.0960898820775355,1.7213960302087372,-0.14010961382038198,-0.12761055057819914,0.2295625573040103,-0.30000000000000004,-0.30000000000000004,0.0674490759470226,0.057269546595212086,0.0,0.0029596096917911996,0.18141475599492637,low_connectivity,partial_correlation,60,residual,30,77,0.17701149425287357,0.02,0,5.133333333333334,0.5050480365753174,0.42917150259017944,1.288019061088562,0.09838597476482391,0.03338497877120972,0.017415450885891914,-0.0004535894840955734,0.4675324675324675,0.5324675324675324,0.04566299170255661,0.017415450885891914,-0.0004535894840955734,0.12833814332703605,0.2064516129032258,-0.24099579725308223,1.0,1,0.6672706007957458,0.057591505348682404,3.1135873794555664,0.33657506108283997,0.05588646978139877,0.32431832042303,5,0.23333333333333334,0.20444444444444448,greedy,0.4666666666666667,0.8620689655172413,0.06980918347835541,0.038995616137981415,0.0,1.3005733037817067,37.716625809669495,5.0,1.9333333333333333,14.0,0.4075581619851434,0.15294117647058825,0.8421969092360154,0.9126581742918519,0.8857142857142858,0.08734182570814808
2024-07-17,-0.2034894195286624,39.96367596263813,0.30565663248428715,5.847678216353074,2.144659615063219,8.672525340188677,-0.11416852843129853,-0.14172058715488953,0.27526084351663144,-0.30000000000000004,-0.30000000000000004,0.0674490759470226,0.0038409846889863038,0.012372450761682753,0.11206158514827624,0.18141475599492637,low_connectivity,partial_correlation,60,residual,30,76,0.17471264367816092,0.02,0,5.066666666666666,0.5459555983543396,0.49708813428878784,1.3665763139724731,0.10775439441204071,0.038628268986940384,0.01882605440914631,0.0010001698974519968,0.5131578947368421,0.4868421052631579,0.043980516493320465,0.01882605440914631,0.0010001698974519968,0.09989314033333614,0.22377622377622378,-0.14638564667154036,1.0,1,0.70973801612854,0.0739845484495163,3.128840684890747,0.3373405933380127,0.054864853620529175,0.32438421591434213,5,0.3,0.2222222222222222,greedy,0.5,0.8620689655172413,0.08392196148633957,0.04075154662132263,0.0014461581542826174,1.2829681059409832,37.20607507228851,5.0,1.9333333333333333,14.0,0.4062310533904938,0.26136363636363635,0.7119205298013245,0.8363741497864142,0.7825396825396826,0.16362585021358578
2024-07-18,-0.045416897390474754,47.73071519643923,0.4437830687830688,7.7670392338011,10.85471717654356,16.9862166728118,-0.1047693243167157,-0.11350051400150891,0.30000000000000004,-0.30000000000000004,-0.30000000000000004,0.035972840505078714,-0.02402084766330642,0.19910047138182566,0.08038572070922566,0.18141475599492637,low_connectivity,partial_correlation,60,residual,30,78,0.1793103448275862,0.02,0,5.2,0.5607775449752808,0.5271607041358948,1.3232228755950928,0.107841856777668,0.04064524546265602,0.019337156787514687,0.00033120025182142854,0.48717948717948717,0.5128205128205128,0.0445600263774395,0.019337156787514687,0.00033120025182142854,0.08505969027600675,0.20484581497797358,-0.15904249082257618,0.9666666666666667,2,0.7377718687057495,-1.110231230256833e-16,3.109337329864502,0.36403003334999084,0.05655352771282196,0.29364244125997985,5,0.3,0.24000000000000002,greedy,0.5,0.8620689655172413,0.08568550646305084,0.04122506454586983,0.023271926941269894,1.278139747422317,37.06605267524719,4.0,1.9333333333333333,15.0,0.39684567929056414,0.22988505747126442,0.5199610516066212,0.6845730577757235,0.590018315018315,0.3154269422242765
2024-07-19,-0.18534575909705997,40.83739369658794,0.3219834710743802,-6.8933214998512895,0.8439848371040313,5.344550696156837,-0.10643616593036792,-0.11350051400150891,0.30000000000000004,-0.30000000000000004,-0.30000000000000004,0.035972840505078714,0.02296858686002409,0.0,0.13656484720693723,0.13908464626277692,low_connectivity,partial_correlation,60,residual,30,78,0.1793103448275862,0.02,0,5.2,0.5581490397453308,0.4999113976955414,1.3709816932678223,0.10733634978532791,0.041534990072250366,0.01924651861190796,0.0015483126044273376,0.5384615384615384,0.46153846153846156,0.04481950402259827,0.01924651861190796,0.0015483126044273376,0.11007654564326029,0.2564102564102564,-0.181181466235635,0.9666666666666667,2,0.7344179153442383,2.5691644367498156e-09,3.102579116821289,0.2926670014858246,0.056589409708976746,0.3139886749273754,6,0.26666666666666666,0.2,greedy,0.5,0.8275862068965517,0.0865246132016182,0.0408928245306015,0.0,1.2803572046345677,37.130358934402466,4.0,1.9333333333333333,16.0,0.3969321718389504,0.2857142857142857,0.5291730086250634,0.7139401139496461,0.7317460317460317,0.28605988605035393
2024-07-22,-0.3394539509464451,33.65050911476226,0.17151354923992068,-7.18688458182568,-3.56192270954093,-0.11598557480492389,-0.09915797931886448,-0.12761055057819914,0.30000000000000004,-0.30000000000000004,-0.30000000000000004,0.035972840505078714,-0.012493649139108448,0.0,-0.01757936841027795,0.18141475599492637,low_connectivity,partial_correlation,60,residual,30,77,0.17701149425287357,0.02,0,5.133333333333334,0.5696262717247009,0.49497753381729126,1.4516772031784058,0.11096616089344025,0.04121655225753784,0.019642286002635956,0.0016961985966190696,0.5454545454545454,0.45454545454545453,0.04437045007944107,0.019642286002635956,0.0016961985966190696,0.09119669237434654,0.24161073825503357,-0.1858768908264108,0.9666666666666667,2,0.74056476354599,-2.800466947657068e-17,3.1120266914367676,0.29053235054016113,0.05585566908121109,0.3284898243272246,5,0.3,0.24000000000000002,greedy,0.5,0.8620689655172413,0.08728204667568207,0.04119858145713806,0.0,1.2773128008020336,37.04207122325897,4.0,1.9333333333333333,16.0,0.3960162036663271,0.1325301204819277,0.5291730086250634,0.7139401139496461,0.6552429052429053,0.28605988605035393
2024-07-23,-0.27051817845920056,36.79465321816875,0.23620746613809052,3.1441441034064894,2.678655471883694,3.552662151586034,-0.09605869729914357,-0.14172058715488953,0.30000000000000004,-0.30000000000000004,-0.30000000000000004,0.0674490759470226,-0.007979817584488944,0.0,-0.015953018094777026,0.22374486572707597,low_connectivity,partial_correlation,60,residual,30,76,0.17471264367816092,0.02,0,5.066666666666666,0.5745136737823486,0.5174171924591064,1.4894821643829346,0.11339087039232254,0.0395951010286808,0.019810816273093224,0.0018727214774116874,0.5394736842105263,0.4605263157894737,0.043983276933431625,0.019810816273093224,0.0018727214774116874,0.09359982559566664,0.22695035460992907,-0.13045754577571822,1.0,1,0.7466604113578796,0.05868583172559738,3.1266419887542725,0.2892071008682251,0.05580122023820877,0.34979453366220314,4,0.26666666666666666,0.2533333333333333,greedy,0.4666666666666667,0.896551724137931,0.0881275162100792,0.04151890054345131,0.0,1.2724536122946903,36.90115475654602,4.0,1.9333333333333333,14.0,0.40623197353719753,0.13414634146341464,0.6926550548336559,0.7879049167911973,0.6733333333333333,0.21209508320880266
2024-07-24,-0.14247408524743047,42.924108593401606,0.35931307793923384,6.129455375232858,2.960432630763478,6.930491651439532,-0.09553001861467124,-0.14172058715488953,0.30000000000000004,-0.30000000000000004,-0.30000000000000004,0.0674490759470226,0.02050702308077619,0.0,0.08307555576725555,0.22374486572707597,low_connectivity,partial_correlation,60,residual,30,76,0.17471264367816092,0.02,0,5.066666666666666,0.575347363948822,0.5585423707962036,1.5232865810394287,0.113555409014225,0.0410245843231678,0.019839564338326454,0.0008147803600877523,0.5131578947368421,0.4868421052631579,0.044022899121046066,0.019839564338326454,0.0008147803600877523,0.10876602582816995,0.24170616113744076,-0.19309344687241833,1.0,1,0.7436476945877075,0.06585606932640076,3.127129554748535,0.3000462055206299,0.05439694598317146,0.3443778926554966,4,0.3,0.25555555555555554,greedy,0.5333333333333333,0.896551724137931,0.0897672101855278,0.04192867502570152,0.0,1.2723768908402016,36.898929834365845,5.0,1.9333333333333333,13.0,0.406245180933069,0.2325581395348837,0.32891485059537184,0.4701224345892055,0.514520202020202,0.5298775654107946
2024-07-25,-0.27488569702326165,36.5917448943889,0.23374050841862,-6.332363699012703,-11.138970302050325,4.591931381489147,-0.08686042807915156,-0.14172058715488953,0.30000000000000004,-0.30000000000000004,-0.30000000000000004,0.0674490759470226,0.00851295198300986,0.0,-0.0036814657141793134,0.18141475599492637,low_connectivity,partial_correlation,60,residual,30,76,0.17471264367816092,0.02,0,5.066666666666666,0.5890187621116638,0.5745766162872314,1.4287337064743042,0.11625368893146515,0.04132233187556267,0.020310992375016212,0.0016513813752681017,0.5394736842105263,0.4605263157894737,0.043772343546152115,0.020310992375016212,0.0016513813752681017,0.10238046394684112,0.24285714285714285,-0.14981811373944362,1.0,1,0.7623012065887451,0.06629760563373566,3.129523754119873,0.2914544939994812,0.05393081158399582,0.3400540807852428,5,0.23333333333333334,0.2066666666666667,greedy,0.5333333333333333,0.8620689655172413,0.08899731189012527,0.04216735437512398,0.0,1.2697113546831855,36.82162928581238,5.0,1.9333333333333333,12.0,0.40616166240810436,0.14634146341463417,0.6622998544395924,0.7477606562941616,0.7524801587301587,0.25223934370583845
2024-07-26,-0.28147713924117906,36.28641726254722,0.22706270627062705,-0.3053276318416849,-4.55097643404072,2.8243972273635336,-0.08512107041165537,-0.08528044084812827,0.30000000000000004,-0.30000000000000004,-0.30000000000000004,0.035972840505078714,-0.0010561442272693628,0.0,0.057253139210167836,0.09675453653062746,low_connectivity,partial_correlation,60,residual,30,80,0.1839080459770115,0.02,0,5.333333333333333,0.5917616486549377,0.5245617628097534,1.3100011348724365,0.11095531284809113,0.039736129343509674,0.020405573770403862,0.0004440369375515729,0.5,0.5,0.042708463966846466,0.020405573770403862,0.0004440369375515729,0.09728594220346855,0.22566371681415928,-0.133975058729088,0.9666666666666667,2,0.7529292106628418,1.0276657302910053e-09,3.13930082321167,0.28817152976989746,0.0548851378262043,0.3366300455476433,7,0.26666666666666666,0.1844444444444445,greedy,0.5666666666666667,0.7931034482758621,0.08911806344985962,0.04195336997509003,0.0,1.2744501459187474,36.95905423164368,5.0,1.9333333333333333,12.0,0.3977610588701748,0.2068965517241379,0.5230804128388341,0.7041740430074124,0.5472222222222223,0.2958259569925876
2024-07-29,-0.18376135266083332,40.913975864934365,0.32365555922137906,4.627558602387147,7.263466750172107,7.228443549856898,-0.07969277963758413,-0.07117040427143786,0.30000000000000004,-0.30000000000000004,-0.30000000000000004,0.0674490759470226,0.01881631384371619,0.0,-0.0005783145374764259,0.18141475599492637,low_connectivity,partial_correlation,60,residual,30,81,0.18620689655172415,0.02,0,5.4,0.6003218293190002,0.5429964065551758,1.3140010833740234,0.1111707016825676,0.03867657110095024,0.02070074900984764,0.0002897658559959382,0.5061728395061729,0.49382716049382713,0.04244997724890709,0.02070074900984764,0.0002897658559959382,0.10786590372879441,0.21336206896551724,-0.1742314114249893,1.0,1,0.7562020421028137,0.05642912909388542,3.1521174907684326,0.29392382502555847,0.05478530749678612,0.34972866332966057,5,0.26666666666666666,0.23555555555555555,greedy,0.6,0.8620689655172413,0.08872384577989578,0.04194912686944008,0.0,1.2762738671796074,37.01194214820862,5.0,1.9333333333333333,13.0,0.40955229126687703,0.14942528735632188,0.6246632270334044,0.7823499748049649,0.6031746031746031,0.21765002519503507
2024-07-30,-0.4610106096385052,28.45462360057997,0.08311345646437995,-12.459352264354393,-8.340029617588776,0.7748499974727672,-0.10634888633414948,-0.16994066030827018,0.2794443290892656,-0.30000000000000004,-0.30000000000000004,0.035972840505078714,-0.04356714676793994,0.021923636325011292,-0.01757936841027795,0.13908464626277692,low_connectivity,partial_correlation,60,residual,30,74,0.17011494252873563,0.02,0,4.933333333333334,0.5582866668701172,0.5325785875320435,1.2900536060333252,0.1131662130355835,0.04070137068629265,0.0192512646317482,0.0003532150585670024,0.5135135135135135,0.4864864864864865,0.04297873377799988,0.0192512646317482,0.0003532150585670024,0.07465337356617469,0.20418848167539266,-0.18899442813711376,0.9666666666666667,2,0.7136257290840149,5.551115123125783e-17,3.127398729324341,0.26732656359672546,0.05662697181105614,0.3426166625226559,6,0.26666666666666666,0.20666666666666667,greedy,0.6,0.8275862068965517,0.08159257471561432,0.04118369519710541,0.0025625517574199286,1.2799298927701752,37.11796689033508,5.0,1.9333333333333333,14.0,0.39325344765780074,0.1325301204819277,0.7140039447731755,0.8187411649377114,0.7355555555555555,0.18125883506228857
2024-07-31,-0.3540779362646757,33.000645292288,0.15990768216287504,4.546021691708027,-9.923463301113607,5.2784844006905125,-0.09411655501248992,-0.11350051400150891,0.28964029639535,-0.30000000000000004,-0.30000000000000004,0.0674490759470226,-0.03895342014164685,0.0,-0.0036814657141793134,0.13908464626277692,low_connectivity,partial_correlation,60,residual,30,78,0.1793103448275862,0.02,0,5.2,0.5775763392448425,0.5365291833877563,1.2657572031021118,0.1110723540186882,0.04021958261728287,0.01991642452776432,0.0005938475951552391,0.5128205128205128,0.48717948717948717,0.041780781000852585,0.01991642452776432,0.0005938475951552391,0.07710969024427206,0.2111650485436893,-0.10227820764152248,1.0,1,0.7231008410453796,0.05612332746386528,3.1572587490081787,0.2692652940750122,0.05419261008501053,0.3279994203510627,6,0.26666666666666666,0.18444444444444447,greedy,0.6,0.8275862068965517,0.07720477133989334,0.04096844047307968,0.0,1.2821951940141876,37.18366062641144,5.0,1.9333333333333333,15.0,0.4070303752761462,0.14634146341463417,0.7697629579221957,0.8723545068387201,0.7097222222222223,0.12764549316127993
2024-08-01,-0.3361723537162065,33.7972020555129,0.17666446934739619,0.7965567632248991,-2.794542838876005,5.227735630567775,-0.09025477542141004,-0.11350051400150891,0.30000000000000004,-0.30000000000000004,-0.30000000000000004,0.0674490759470226,-0.031763162965879714,0.0,-0.007187623537207199,0.13908464626277692,low_connectivity,partial_correlation,60,residual,30,78,0.1793103448275862,0.02,0,5.2,0.5836661458015442,0.5241140127182007,1.266817331314087,0.11224348098039627,0.0391509048640728,0.02012641727924347,-5.031632099417038e-05,0.48717948717948717,0.5128205128205128,0.04223967343568802,0.02012641727924347,-5.031632099417038e-05,0.08093773426404448,0.2198581560283688,-0.11577763183640376,1.0,1,0.7406787276268005,0.05633855611085892,3.151862382888794,0.2902931571006775,0.054278526455163956,0.3252437268766734,6,0.2,0.17555555555555558,greedy,0.5666666666666667,0.8275862068965517,0.07749362289905548,0.041002750396728516,0.0,1.2827390720104348,37.19943308830261,4.0,1.9333333333333333,13.0,0.40718333942109136,0.1428571428571429,0.6785450365383037,0.8482013416825478,0.8194444444444443,0.1517986583174522
2024-08-02,-0.31259973491283105,34.85998387588385,0.2,1.062781820370951,-1.4264333866633692,5.763020513896542,-0.08497326371711746,-0.08528044084812827,0.30000000000000004,-0.30000000000000004,-0.30000000000000004,0.0674490759470226,0.005070722908640714,0.0,-0.05395047546602536,0.13908464626277692,low_connectivity,partial_correlation,60,residual,30,80,0.1839080459770115,0.02,0,5.333333333333333,0.5919947028160095,0.5457814931869507,1.2624554634094238,0.11099901050329208,0.04005715250968933,0.020413611084222794,-0.00011541596904862672,0.4875,0.5125,0.04149838909506798,0.020413611084222794,-0.00011541596904862672,0.10054784459808748,0.23665893271461716,-0.12216614445816636,1.0,1,0.7388867735862732,0.05339459702372551,3.163548707962036,0.27317938208580017,0.053990334272384644,0.3409552529686818,6,0.2,0.17555555555555558,greedy,0.5666666666666667,0.8275862068965517,0.07671527564525604,0.04098610207438469,0.0,1.2828987466877904,37.20406365394592,4.0,1.9333333333333333,12.0,0.40846881169069316,0.09638554216867468,1.0,1.0,1.0,0.0
2024-08-05,-0.31847614808950725,34.59358015588498,0.1953227931488801,-0.2664037199988698,-6.320395709049386,4.504052178923896,-0.08637597151348536,-0.11350051400150891,0.30000000000000004,-0.30000000000000004,-0.30000000000000004,0.0674490759470226,-0.03631712585523057,0.0,-0.031146368661231306,0.18141475599492637,low_connectivity,partial_correlation,60,residual,30,78,0.1793103448275862,0.02,0,5.2,0.5897826552391052,0.5443242788314819,1.274142861366272,0.11341975629329681,0.040824711322784424,0.020337335765361786,-0.00036399479722604156,0.47435897435897434,0.5256410256410257,0.04174784943461418,0.020337335765361786,-0.00036399479722604156,0.07851323539304475,0.22682926829268293,-0.1479519099634832,1.0,1,0.7358995079994202,0.057429488748311996,3.1568405628204346,0.2549743354320526,0.05540580302476883,0.3448190141305867,5,0.26666666666666666,0.21111111111111114,greedy,0.5,0.8620689655172413,0.07652121037244797,0.04117538779973984,0.0,1.2798711184797615,37.116262435913086,4.0,1.9333333333333333,16.0,0.4070193980874001,0.11904761904761907,0.41889312977099236,0.6514961587679606,0.5433201058201058,0.34850384123203937
2024-08-06,-0.3260030544911397,34.253760775247095,0.18834376028975963,-0.3398193806378842,5.799137174667123,-2.9583268531154943,-0.08837316023307584,-0.12761055057819914,0.30000000000000004,-0.30000000000000004,-0.30000000000000004,0.0674490759470226,-0.04728439232037829,0.028897339554537167,-0.04049612285597245,0.18141475599492637,low_connectivity,partial_correlation,60,residual,30,77,0.17701149425287357,0.02,0,5.133333333333334,0.5866331458091736,0.5352053642272949,1.2820569276809692,0.11427920311689377,0.042040225118398666,0.020228734239935875,1.6573791072005406e-05,0.4805194805194805,0.5194805194805194,0.04170272871851921,0.020228734239935875,1.6573791072005406e-05,0.07267433731487133,0.20300751879699247,-0.12229666484040663,1.0,1,0.7328243851661682,0.0601532906293869,3.1610329151153564,0.2606486976146698,0.05365399643778801,0.3274979248003072,5,0.26666666666666666,0.2088888888888889,greedy,0.5,0.8620689655172413,0.07759573310613632,0.04134079068899155,0.0033776754532166553,1.2788089801525246,37.08546042442322,4.0,1.9333333333333333,15.0,0.4062380743237976,0.1097560975609756,0.9307386112339673,0.9452489181350657,0.9266666666666667,0.05475108186493427
2024-08-07,-0.3700244624563473,32.29934453227718,0.1458196181698486,-1.9544162429699128,-0.7013007600108168,-5.519671815297727,-0.08320663973934267,-0.11350051400150891,0.2884583374511951,-0.30000000000000004,-0.30000000000000004,0.035972840505078714,-0.041624881959351136,0.0,0.004791749024804799,0.13908464626277692,low_connectivity,partial_correlation,60,residual,30,78,0.1793103448275862,0.02,0,5.2,0.5947806239128113,0.5865415334701538,1.249401330947876,0.11438088864088058,0.046683281660079956,0.02050967514514923,0.000123862293548882,0.47435897435897434,0.5256410256410257,0.041003141552209854,0.02050967514514923,0.000123862293548882,0.07568742214101437,0.1902439024390244,-0.19201651644135218,0.9666666666666667,2,0.7220024466514587,3.0829978570068306e-09,3.158823013305664,0.21219688653945923,0.054738521575927734,0.33261124807132386,6,0.26666666666666666,0.19777777777777783,greedy,0.5,0.8275862068965517,0.08276095241308212,0.04163912311196327,0.0,1.2775973410441959,37.05032289028168,5.0,1.9333333333333333,15.0,0.39566005101548757,0.15476190476190477,0.8810673860343037,0.9175430440823081,0.8980952380952381,0.08245695591769187
2024-08-08,-0.2740362556468802,36.63117166118646,0.23626192826587694,4.331827128909275,2.833969605673559,-0.24482635870921143,-0.0950833786401452,-0.12761055057819914,0.27791832696210406,-0.30000000000000004,-0.30000000000000004,0.035972840505078714,-0.015467679850341635,0.0,0.06881942995969668,0.18141475599492637,low_connectivity,partial_correlation,60,residual,30,77,0.17701149425287357,0.02,0,5.133333333333334,0.5760517716407776,0.5054193139076233,1.2076416015625,0.11221786588430405,0.04620940610766411,0.019863851368427277,0.00027526705525815487,0.4805194805194805,0.5194805194805194,0.04149501770734787,0.019863851368427277,0.00027526705525815487,0.0896133386499311,0.23134328358208955,-0.10750505597487156,0.9666666666666667,2,0.7122076153755188,1.5414980403249956e-09,3.150707960128784,0.21643272042274475,0.054495904594659805,0.3432812715807868,5,0.36666666666666664,0.27111111111111114,greedy,0.4666666666666667,0.8620689655172413,0.07905805855989456,0.04084644094109535,0.0,1.2815237004181435,37.16418731212616,4.0,1.9333333333333333,14.0,0.39505772620896273,0.2183908045977011,0.3291626257969125,0.5925632058431718,0.5292022792022792,0.4074367941568282
2024-08-09,-0.3916138320036939,31.362466782675234,0.13026315789473683,-5.2687048785112225,-3.4975170932086144,-8.630942076808672,-0.09854784424514273,-0.1558306237315798,0.27632048882357646,-0.30000000000000004,-0.30000000000000004,0.035972840505078714,-0.040211928954560196,0.01086872262531588,0.04072986671084091,0.13908464626277692,low_connectivity,partial_correlation,60,residual,30,75,0.1724137931034483,0.02,0,5.0,0.5705884695053101,0.5173009037971497,1.2265222072601318,0.11411769688129425,0.04716644808650017,0.019675463438034058,9.643415251048282e-05,0.4666666666666667,0.5333333333333333,0.041452642530202866,0.019675463438034058,9.643415251048282e-05,0.07643966871133713,0.224,-0.05366250389040467,0.9666666666666667,2,0.7107227444648743,5.1383310939456805e-09,3.1490323543548584,0.22571831941604614,0.0542740598320961,0.3651601759388183,6,0.26666666666666666,0.20222222222222225,greedy,0.5666666666666667,0.8275862068965517,0.07959065586328506,0.040902648121118546,0.0012703943748892943,1.2789848919572502,37.090561866760254,4.0,1.9333333333333333,16.0,0.39351103410010596,0.19047619047619047,0.5810770275177215,0.7621674064581901,0.7090909090909091,0.23783259354180986
2024-08-12,-0.3615446254860087,32.671307189397965,0.15291022689904638,1.3088404067227302,-1.9222729664870144,-4.5411246349052234,-0.09608856692547892,-0.14172058715488953,0.27592917497951913,-0.30000000000000004,-0.30000000000000004,0.035972840505078714,-0.023268216155675342,0.03995599633624201,0.008590086666418398,0.13908464626277692,low_connectivity,partial_correlation,60,residual,30,76,0.17471264367816092,0.02,0,5.066666666666666,0.5744666457176208,0.48417890071868896,1.2216700315475464,0.11338156461715698,0.04667799174785614,0.019809192046523094,-0.0009482877212576568,0.4342105263157895,0.5657894736842105,0.041294164955616,0.019809192046523094,-0.0009482877212576568,0.08546038617205752,0.23195876288659795,-0.08814967820905908,0.9666666666666667,2,0.7103590965270996,4.110664253431651e-09,3.152392864227295,0.2273883819580078,0.05277636647224426,0.3501161821577736,6,0.23333333333333334,0.19333333333333338,greedy,0.5666666666666667,0.8275862068965517,0.08167736977338791,0.04111914709210396,0.004670270347172822,1.2792612478650849,37.09857618808746,4.0,1.9333333333333333,15.0,0.3942244917668145,0.1585365853658537,0.8371884123063104,0.9172820918156538,0.9027777777777777,0.08271790818434621
2024-08-13,-0.39084837276387135,31.39543138149775,0.13083497698882315,-1.2758758079002135,-2.8583293937493437,-2.7205663647873024,-0.08982163158538875,-0.12761055057819914,0.2944996818677835,-0.30000000000000004,-0.30000000000000004,0.035972840505078714,-0.02702034114114544,0.0,-0.015953018094777026,0.13908464626277692,low_connectivity,partial_correlation,60,residual,30,77,0.17701149425287357,0.02,0,5.133333333333334,0.5843490958213806,0.4889293909072876,1.4992866516113281,0.11383426934480667,0.04766438156366348,0.020149970427155495,4.595840073307045e-05,0.4675324675324675,0.5324675324675324,0.04237984120845795,0.020149970427155495,4.595840073307045e-05,0.08346278034782147,0.2446043165467626,-0.19007229630366837,0.9666666666666667,2,0.7276166677474976,3.9193901917906085e-17,3.144153118133545,0.22352999448776245,0.05435314029455185,0.344716940021448,6,0.26666666666666666,0.19777777777777783,greedy,0.5333333333333333,0.8275862068965517,0.08221697062253952,0.041277624666690826,0.0,1.2767890486223945,37.02688241004944,4.0,1.9333333333333333,15.0,0.39535266737599944,0.13414634146341464,0.5555681689181519,0.7625662553475082,0.6968253968253967,0.23743374465249178
2024-08-14,-0.32568380225001864,34.26814169880806,0.18994413407821228,2.8727103173103075,1.9687971665308766,-5.695534263830069,-0.09062064408985951,-0.12761055057819914,0.30000000000000004,-0.30000000000000004,-0.30000000000000004,0.035972840505078714,0.0007187840633676769,0.0,0.0167711215868168,0.13908464626277692,low_connectivity,partial_correlation,60,residual,30,77,0.17701149425287357,0.02,0,5.133333333333334,0.5830890536308289,0.45798540115356445,1.475070834159851,0.11358878016471863,0.048787672072649,0.020106522366404533,0.0004383742343634367,0.4805194805194805,0.5194805194805194,0.04402903467416763,0.020106522366404533,0.0004383742343634367,0.09823090195419862,0.2626728110599078,-0.24779995242901168,0.9666666666666667,2,0.749742329120636,6.165996158102871e-09,3.117464303970337,0.2433205246925354,0.05639597773551941,0.3459573811090215,6,0.23333333333333334,0.1955555555555556,greedy,0.6,0.8275862068965517,0.08306493610143661,0.041294097900390625,0.0,1.2765156852787938,37.01895487308502,4.0,1.9333333333333333,15.0,0.395902398531236,0.16666666666666663,0.5661541935605277,0.7655252364209373,0.6944444444444443,0.23447476357906272
2024-08-15,-0.18130729971747694,41.03267928202201,0.328515111695138,6.764537583213951,4.401507620835552,-6.698035914417218,-0.08533892686061507,-0.0993904774248185,0.30000000000000004,-0.30000000000000004,-0.30000000000000004,0.0674490759470226,-0.0628395784817103,0.0,0.11739785110771804,0.18141475599492637,low_connectivity,partial_correlation,60,residual,30,79,0.18160919540229886,0.02,0,5.266666666666667,0.5914182066917419,0.47969043254852295,1.4854453802108765,0.11229456961154938,0.049427665770053864,0.020393727347254753,-0.0003739846288226545,0.46835443037974683,0.5316455696202531,0.04238344728946686,0.020393727347254753,-0.0003739846288226545,0.06439286199267873,0.1990521327014218,-0.19740696543631214,1.0,1,0.7411240935325623,0.07522644847631454,3.1526947021484375,0.2098274827003479,0.053884357213974,0.34868185289541986,5,0.36666666666666664,0.24666666666666667,greedy,0.5,0.8620689655172413,0.08111702650785446,0.041211772710084915,0.0,1.2796524557574043,37.10992121696472,4.0,1.9333333333333333,15.0,0.4079975475639219,0.2666666666666667,0.36393888972923916,0.6004133295908535,0.47696007696007686,0.3995866704091465
2024-08-16,-0.20958409781243403,39.671581073972824,0.30114942528735633,-1.3610982080491851,8.30911429129759,-1.165812622615114,-0.08581139447075677,-0.08528044084812827,0.30000000000000004,-0.30000000000000004,-0.30000000000000004,0.0674490759470226,-0.009910361397079208,0.0,0.02255426696158128,0.18141475599492637,low_connectivity,partial_correlation,60,residual,30,80,0.1839080459770115,0.02,0,5.333333333333333,0.5906729102134705,0.494319885969162,1.5124868154525757,0.1107511967420578,0.04882266744971275,0.02036803588271141,-0.0006497422000393271,0.45,0.55,0.04350953549146652,0.02036803588271141,-0.0006497422000393271,0.09257201719938263,0.2222222222222222,-0.1720163270883197,1.0,1,0.7607883810997009,0.1129002496600151,3.139347553253174,0.2317138910293579,0.05565120279788971,0.3261247196708629,5,0.3,0.2288888888888889,greedy,0.4666666666666667,0.8620689655172413,0.08038490265607834,0.04110950976610184,0.0,1.2807072565473359,37.14051043987274,4.0,1.9333333333333333,12.0,0.409139193822826,0.1724137931034483,0.6142151273280122,0.7561562408890745,0.6692640692640692,0.24384375911092548
2024-08-19,-0.30190169704363107,35.34740199843043,0.21076822061720288,-4.324179075542396,2.676094809032463,1.6968928836681698,-0.09371893273897981,-0.11350051400150891,0.30000000000000004,-0.30000000000000004,-0.30000000000000004,0.0674490759470226,-0.008565411979475253,0.0,-0.07731077999776559,0.22374486572707597,low_connectivity,partial_correlation,60,residual,30,78,0.1793103448275862,0.02,0,5.2,0.5782033205032349,0.4692373275756836,1.4865643978118896,0.11119295656681061,0.04903041198849678,0.019938046112656593,-0.00016710867930669338,0.46153846153846156,0.5384615384615384,0.0436573326587677,0.019938046112656593,-0.00016710867930669338,0.09328805912237628,0.21967963386727687,-0.16430568371630128,1.0,1,0.7488017678260803,0.06373188644647598,3.1337759494781494,0.2171134352684021,0.05590323731303215,0.3395678867577954,4,0.3333333333333333,0.2688888888888889,greedy,0.5333333333333333,0.896551724137931,0.07941537350416183,0.04104773327708244,0.0,1.2809089792185817,37.14636039733887,4.0,1.9333333333333333,13.0,0.40765589249545126,0.07317073170731703,0.6161803632823196,0.7503415565455226,0.6188888888888888,0.2496584434544774
2024-08-20,-0.22851691128431625,38.76897190389542,0.2812602559894979,3.4215699054649917,7.373540522397668,1.9743186857266721,-0.0856592374980714,-0.08528044084812827,0.30000000000000004,-0.30000000000000004,-0.30000000000000004,0.0674490759470226,0.005179300853810319,0.0,-0.05395047546602536,0.22374486572707597,low_connectivity,partial_correlation,60,residual,30,80,0.1839080459770115,0.02,0,5.333333333333333,0.5909129977226257,0.48222815990448,1.4582995176315308,0.11079619079828262,0.04893752560019493,0.020376309752464294,3.22152154694777e-05,0.475,0.525,0.043147917836904526,0.020376309752464294,3.22152154694777e-05,0.1006056507576622,0.2423580786026201,-0.12342697403604054,1.0,1,0.7604564428329468,0.0637345090508461,3.137357711791992,0.22579455375671387,0.05688854306936264,0.33210789354755277,4,0.3333333333333333,0.26222222222222225,greedy,0.5333333333333333,0.896551724137931,0.0791115090250969,0.041003644466400146,0.0,1.2823906068144173,37.1893275976181,4.0,1.9333333333333333,14.0,0.40901865460463865,0.09638554216867468,0.376583332126985,0.5093371937149708,0.5104166666666666,0.49066280628502923
2024-08-21,-0.21322128351446867,39.4976132885243,0.2979002624671916,0.7286413846288795,5.2294715897162405,-3.4264953048773066,-0.07321360553055144,-0.07117040427143786,0.30000000000000004,-0.30000000000000004,-0.30000000000000004,0.0674490759470226,0.004530381100189449,0.0,-0.02223148675461771,0.18141475599492637,low_connectivity,partial_correlation,60,residual,30,81,0.18620689655172415,0.02,0,5.4,0.6105390191078186,0.5165787935256958,1.413387656211853,0.1130627915263176,0.049258776009082794,0.021053068339824677,-0.0005734352162107825,0.4567901234567901,0.5432098765432098,0.0424218475818634,0.021053068339824677,-0.0005734352162107825,0.10026017029410764,0.24025974025974026,-0.15346756853535157,1.0,1,0.771470308303833,0.07156459242105484,3.1463205814361572,0.21997427940368652,0.05596986413002014,0.34632943859214677,5,0.3,0.24666666666666667,greedy,0.5666666666666667,0.8620689655172413,0.07980699837207794,0.041330866515636444,0.0,1.2797830844747609,37.113709449768066,4.0,1.9333333333333333,13.0,0.4095429147111958,0.12790697674418605,0.5636257467547051,0.719551766319397,0.6488636363636364,0.280448233680603
2024-08-22,-0.1520396413143014,42.45605727603199,0.35552640209904884,2.9584439875076924,1.4233779940099822,5.864312381643089,-0.08834606519359045,-0.0993904774248185,0.30000000000000004,-0.30000000000000004,-0.30000000000000004,0.0674490759470226,-0.028171900579530597,0.0,0.07267486020953969,0.22374486572707597,low_connectivity,partial_correlation,60,residual,30,79,0.18160919540229886,0.02,0,5.266666666666667,0.5866760015487671,0.5326251983642578,1.3379020690917969,0.11139418184757233,0.05101624131202698,0.020230207592248917,-0.0006665789405815303,0.45569620253164556,0.5443037974683544,0.04234330728650093,0.020230207592248917,-0.0006665789405815303,0.08284969793452761,0.24475524475524477,-0.20978113964211328,1.0,1,0.7410708665847778,0.06755959987640381,3.1427674293518066,0.2066822052001953,0.05513567477464676,0.3680862082736264,4,0.3333333333333333,0.2822222222222222,greedy,0.5666666666666667,0.896551724137931,0.07853249460458755,0.04090912267565727,0.0,1.2821199935058067,37.181479811668396,4.0,1.9333333333333333,13.0,0.40798416756293326,0.2222222222222222,0.7477383437717467,0.8325421037381198,0.7300000000000001,0.16745789626188023
2024-08-23,-0.24880365511930733,37.8103124309389,0.26,-4.645744845093091,-1.8612686430339238,1.5238951683916824,-0.08825422979427269,-0.08528044084812827,0.30000000000000004,-0.30000000000000004,-0.30000000000000004,0.0674490759470226,-0.0457456583084663,0.0,-0.02071726784253851,0.22374486572707597,low_connectivity,partial_correlation,60,residual,30,80,0.1839080459770115,0.02,0,5.333333333333333,0.5868208408355713,0.4961320459842682,1.4877523183822632,0.11002890765666962,0.05029655992984772,0.020235201343894005,-0.0008445176645182073,0.45,0.55,0.04243696108460426,0.020235201343894005,-0.0008445176645182073,0.07349354883795453,0.1845102505694761,-0.2226253420244734,1.0,1,0.7377152442932129,0.0842779353260994,3.1531119346618652,0.2273666262626648,0.054552413523197174,0.3393804764120587,4,0.36666666666666664,0.28888888888888886,greedy,0.5666666666666667,0.896551724137931,0.0781761109828949,0.04090411216020584,0.0,1.2820651613432785,37.17988967895508,4.0,1.9333333333333333,12.0,0.4087816690205386,0.12941176470588234,0.8033157498116051,0.8384559682972657,0.8939393939393939,0.16154403170273435
2024-08-26,-0.16501430349511534,41.82336626530503,0.3444772205834153,4.013053834366133,6.475964266874605,0.9093904003706683,-0.08042883299847188,-0.07117040427143786,0.30000000000000004,-0.30000000000000004,-0.30000000000000004,0.0674490759470226,-0.02519174802857928,0.0,0.020582740129275173,0.22374486572707597,low_connectivity,partial_correlation,60,residual,30,81,0.18620689655172415,0.02,0,5.4,0.5991610288619995,0.5408722162246704,1.5841912031173706,0.11095575988292694,0.05200060456991196,0.020660724490880966,-0.0010235941736027598,0.4444444444444444,0.5555555555555556,0.042907536029815674,0.020660724490880966,-0.0010235941736027598,0.08443631088477463,0.20350109409190373,-0.22361827812182208,1.0,1,0.7643606662750244,0.0774988904595375,3.147141218185425,0.21168559789657593,0.055151790380477905,0.3470087383866521,4,0.3333333333333333,0.2644444444444445,greedy,0.5,0.896551724137931,0.07860341668128967,0.04110128805041313,0.0,1.2804665072210903,37.13352870941162,4.0,1.9333333333333333,15.0,0.40970481086051325,0.17045454545454541,0.7744060550844488,0.818036161676567,0.8022727272727272,0.181963838323433
2024-08-27,-0.28902419358643644,35.93817832744317,0.22280471821756226,-5.885187937861865,-2.830793576452251,7.483554726863197,-0.09250811673932138,-0.0993904774248185,0.29527172657208095,-0.30000000000000004,-0.30000000000000004,0.0674490759470226,-0.05224913414837874,0.0,0.010987976212052428,0.18141475599492637,low_connectivity,partial_correlation,60,residual,30,79,0.18160919540229886,0.02,0,5.266666666666667,0.580112636089325,0.5114338397979736,1.4176301956176758,0.11014798283576965,0.05212699994444847,0.02000388689339161,0.00027420136029832065,0.4936708860759494,0.5063291139240507,0.04171331599354744,0.02000388689339161,0.00027420136029832065,0.07003114253062309,0.1820388349514563,-0.1643618520533878,1.0,1,0.7283341288566589,0.07549747079610825,3.1574623584747314,0.1900966763496399,0.05462801456451416,0.3534205570356134,5,0.3,0.21555555555555556,greedy,0.4666666666666667,0.8620689655172413,0.07785537838935852,0.040851760655641556,0.0,1.2820184724084263,37.17853569984436,5.0,1.9333333333333333,12.0,0.40777417046528214,0.16091954022988508,0.2778839226986563,0.44326135499221886,0.4738636363636364,0.5567386450077811
2024-08-28,-0.2840602402966533,36.1670627156902,0.22666229937766133,0.22888438824703172,-3.330550572834099,3.1664174234022013,-0.0835920675323764,-0.07117040427143786,0.30000000000000004,-0.30000000000000004,-0.30000000000000004,0.0674490759470226,-0.046819466914690834,0.0,0.010987976212052428,0.13908464626277692,low_connectivity,partial_correlation,60,residual,30,81,0.18620689655172415,0.02,0,5.4,0.5941727757453918,0.5314936637878418,1.547277569770813,0.11003199964761734,0.053161244839429855,0.020488716661930084,-0.0006528018275275826,0.4691358024691358,0.5308641975308642,0.04130813851952553,0.020488716661930084,-0.0006528018275275826,0.07292186043892318,0.18969555035128804,-0.17814339524954295,1.0,1,0.7366030216217041,0.13309246301651,3.171013116836548,0.20378857851028442,0.053784504532814026,0.3448234683778853,6,0.23333333333333334,0.19555555555555557,greedy,0.5333333333333333,0.8275862068965517,0.0760989859700203,0.04092460498213768,0.0,1.2830019079405686,37.20705533027649,5.0,1.9333333333333333,9.0,0.4091716783570832,0.16091954022988508,0.3645970461471877,0.585794020111625,0.5156709956709957,0.41420597988837504
2024-08-29,-0.3451851223563766,33.395071552998516,0.16633922724296005,-2.771991162691684,-9.060985723033475,-0.40213050251438176,-0.09098322435907939,-0.0993904774248185,0.30000000000000004,-0.30000000000000004,-0.30000000000000004,0.0674490759470226,-0.028789436172574824,0.0,-0.032555706609703305,0.13908464626277692,low_connectivity,partial_correlation,60,residual,30,79,0.18160919540229886,0.02,0,5.266666666666667,0.5825173258781433,0.5138536095619202,1.559673547744751,0.11060455441474915,0.05329988896846771,0.020086806267499924,-0.0014344678493216634,0.4430379746835443,0.5569620253164557,0.04285445436835289,0.020086806267499924,-0.0014344678493216634,0.08252092618462183,0.19331742243436753,-0.24085090410075535,1.0,1,0.7386974096298218,0.14023326337337494,3.1488096714019775,0.20686453580856323,0.055051784962415695,0.3374090115568135,6,0.26666666666666666,0.18444444444444447,greedy,0.5333333333333333,0.8275862068965517,0.07586225867271423,0.0408390611410141,0.0,1.2839575389335895,37.2347686290741,5.0,1.9333333333333333,9.0,0.4081545499235506,0.11764705882352944,0.5853677514735347,0.7578317921283266,0.611904761904762,0.24216820787167337
2024-08-30,-0.3043832417567583,35.2340631028241,0.2078559738134206,1.838991549825586,-2.5762493281147982,0.3740792269402533,-0.09084589943708576,-0.0993904774248185,0.30000000000000004,-0.30000000000000004,-0.30000000000000004,0.0674490759470226,-0.0318643281755716,0.0,-0.031146368661231306,0.18141475599492637,low_connectivity,partial_correlation,60,residual,30,79,0.18160919540229886,0.02,0,5.266666666666667,0.5827338695526123,0.5135806798934937,1.5620779991149902,0.11064565926790237,0.05300113931298256,0.02009427361190319,-0.0001619194372324273,0.4936708860759494,0.5063291139240507,0.042675189673900604,0.02009427361190319,-0.0001619194372324273,0.08088387459442442,0.18352941176470589,-0.23070982723032865,1.0,1,0.7368748784065247,0.16287735104560852,3.152750015258789,0.21805834770202637,0.054214056581258774,0.33388509214583,5,0.26666666666666666,0.21111111111111114,greedy,0.4666666666666667,0.8620689655172413,0.0761883333325386,0.04087955877184868,0.0,1.2836801718021262,37.22672498226166,5.0,1.9333333333333333,13.0,0.40809479502539986,0.11904761904761907,0.9024299065420561,0.9520297577785597,0.8333333333333334,0.04797024222144031
2024-09-04,-0.2973351915881927,35.556397051408084,0.2156413612565445,0.32233394858398157,-6.2669692138969495,0.9628168955231047,-0.08920255617626159,-0.11350051400150891,0.30000000000000004,-0.30000000000000004,-0.30000000000000004,0.0674490759470226,-0.02573748687532533,0.0,0.02457164325510372,0.13908464626277692,low_connectivity,partial_correlation,60,residual,30,78,0.1793103448275862,0.02,0,5.2,0.585325300693512,0.5558039546012878,1.5705645084381104,0.11256255954504013,0.05378164350986481,0.020183634012937546,-0.0015045448672026396,0.4358974358974359,0.5641025641025641,0.0426100455224514,0.020183634012937546,-0.0015045448672026396,0.08414576323431165,0.1658653846153846,-0.2381156211216329,1.0,1,0.7397552132606506,0.1334397941827774,3.1504220962524414,0.22049188613891602,0.05509120970964432,0.32177383309479,6,0.3,0.1955555555555556,greedy,0.5666666666666667,0.8275862068965517,0.07707097381353378,0.041129108518362045,0.0,1.2807636260986328,37.14214515686035,5.0,1.9333333333333333,9.0,0.40730679678334586,0.17441860465116277,0.4054669703872437,0.6163005904440598,0.5354112554112553,0.3836994095559402
2024-09-05,-0.3411236003497718,33.57599353737382,0.17010140660778542,-1.9804035140342648,-2.3621847900693496,-0.677767237873276,-0.08121945323407548,-0.0993904774248185,0.30000000000000004,-0.30000000000000004,-0.30000000000000004,0.0674490759470226,-0.04788039580145799,0.0,-0.01916699609921931,0.13908464626277692,low_connectivity,partial_correlation,60,residual,30,79,0.18160919540229886,0.02,0,5.266666666666667,0.5979142785072327,0.5624006986618042,1.5352963209152222,0.11352802067995071,0.05386173352599144,0.020617732778191566,-0.0014020950766280293,0.4430379746835443,0.5569620253164557,0.04243428260087967,0.020617732778191566,-0.0014020950766280293,0.07235702911493656,0.17061611374407584,-0.18942576859045773,1.0,1,0.7534647583961487,0.13638518750667572,3.1536099910736084,0.1937771439552307,0.056249070912599564,0.31004817824607916,6,0.23333333333333334,0.1866666666666667,greedy,0.5,0.8275862068965517,0.0768313854932785,0.04119757190346718,0.0,1.2797741643313705,37.11345076560974,5.0,1.9333333333333333,12.0,0.4080144926677262,0.13095238095238093,0.4782961931290622,0.6512563143693567,0.5421296296296296,0.3487436856306433
2024-09-06,-0.3639931014536327,32.563679679697714,0.1510791366906475,-1.012313857676105,-3.6033830359924863,0.26433514742053177,-0.08267936547537463,-0.11350051400150891,0.30000000000000004,-0.30000000000000004,-0.30000000000000004,0.0674490759470226,-0.11963666361048929,0.0,0.0029596096917911996,0.18141475599492637,low_connectivity,partial_correlation,60,residual,30,78,0.1793103448275862,0.02,0,5.2,0.5956119894981384,0.5454416275024414,1.5071786642074585,0.11454078555107117,0.05366009473800659,0.020538346841931343,-0.0013987930724397302,0.44871794871794873,0.5512820512820513,0.04174158349633217,0.020538346841931343,-0.0013987930724397302,0.0341544801444619,0.13466334164588528,-0.1432501851594075,1.0,1,0.7419919371604919,0.11932005733251572,3.1639585494995117,0.21425575017929077,0.05626964941620827,0.3052234383132889,5,0.3,0.22666666666666668,greedy,0.4666666666666667,0.8620689655172413,0.07734353840351105,0.041205551475286484,0.0,1.2801758749731655,37.1251003742218,5.0,1.9333333333333333,12.0,0.4070173094413061,0.15294117647058825,0.5015576323987538,0.6739199552431,0.5991702741702742,0.3260800447569
2024-09-09,-0.3305201583896478,34.05059575478836,0.18502778685845048,1.4869160750906474,0.655524201789845,-2.5805759063980958,-0.08592905750569019,-0.11350051400150891,0.30000000000000004,-0.30000000000000004,-0.30000000000000004,0.0674490759470226,-0.07276679528719047,0.0,-0.007187623537207199,0.18141475599492637,low_connectivity,partial_correlation,60,residual,30,78,0.1793103448275862,0.02,0,5.2,0.590487539768219,0.553866446018219,1.4983595609664917,0.11355528235435486,0.0530351884663105,0.020361637696623802,-0.0019157135393470526,0.4230769230769231,0.5769230769230769,0.04261772707104683,0.020361637696623802,-0.0019157135393470526,0.05910767927998275,0.16911764705882354,-0.18335544478483243,1.0,1,0.747643232345581,0.14921057224273682,3.150778293609619,0.2120264172554016,0.057251594960689545,0.30219384878149136,5,0.3,0.2177777777777778,greedy,0.5333333333333333,0.8620689655172413,0.07627943903207779,0.041021667420864105,0.0,1.2820916669122104,37.1806583404541,4.0,1.9333333333333333,14.0,0.4073093572995443,0.1428571428571429,0.48830409356725146,0.6530050284699291,0.5855555555555555,0.34699497153007086
2024-09-10,-0.3107230249078102,34.94526414543763,0.20359477124183006,0.8946683906492723,-0.28879895738646866,3.582797362762399,-0.09878789738890212,-0.12761055057819914,0.297126891565609,-0.30000000000000004,-0.30000000000000004,0.0674490759470226,-0.0774371592052212,0.0,0.004791749024804799,0.22374486572707597,low_connectivity,partial_correlation,60,residual,30,77,0.17701149425287357,0.02,0,5.133333333333334,0.5702098608016968,0.5150294899940491,1.42781400680542,0.11107984930276871,0.0501868836581707,0.019662410020828247,-0.0016365995397791266,0.4155844155844156,0.5844155844155844,0.04298286885023117,0.019662410020828247,-0.0016365995397791266,0.056621209292951856,0.12121212121212122,-0.24765322947713872,1.0,1,0.7300581336021423,0.1401810348033905,3.1453897953033447,0.21589243412017822,0.05902881547808647,0.3112747195780816,4,0.36666666666666664,0.27111111111111114,greedy,0.5,0.896551724137931,0.07402677834033966,0.04048343747854233,0.0,1.2858966794507256,37.291003704071045,4.0,1.9333333333333333,15.0,0.4066647877010349,0.15476190476190477,0.42346812970040687,0.5767697555772536,0.4966666666666667,0.42323024442274637
2024-09-11,-0.2852460698869043,36.112327392350394,0.22835674616138515,1.167063246912761,0.5559303409423109,3.44102020295243,-0.09211011767006623,-0.11350051400150891,0.30000000000000004,-0.30000000000000004,-0.30000000000000004,0.0674490759470226,-0.07647247841724257,0.0,0.0479732082599645,0.18141475599492637,low_connectivity,partial_correlation,60,residual,30,78,0.1793103448275862,0.02,0,5.2,0.5807403326034546,0.5421926975250244,1.385977029800415,0.11168083548545837,0.052416812628507614,0.020025528967380524,-0.0011927146697416902,0.4230769230769231,0.5769230769230769,0.043960750102996826,0.020025528967380524,-0.0011927146697416902,0.05713479878372233,0.16273584905660377,-0.21704342914926938,1.0,1,0.7670539617538452,0.11718396842479706,3.126836061477661,0.25565028190612793,0.05890686810016632,0.3112675335670864,5,0.3,0.23111111111111113,greedy,0.5,0.8620689655172413,0.07451420277357101,0.04065307229757309,0.0,1.2827301477563793,37.199174284935,4.0,1.9333333333333333,13.0,0.40775703164352767,0.19767441860465118,0.5664058960340713,0.6968226767653194,0.6833333333333332,0.3031773232346806
2024-09-12,-0.41493777969236306,30.36713831328095,0.11495754408883083,-5.745189079069444,-3.2088552240928685,-1.0282930682168008,-0.09850612267991744,-0.12761055057819914,0.30000000000000004,-0.30000000000000004,-0.30000000000000004,0.0674490759470226,-0.07370621528574586,0.0,-0.06397872309044947,0.18141475599492637,low_connectivity,partial_correlation,60,residual,30,77,0.17701149425287357,0.02,0,5.133333333333334,0.5706542134284973,0.5118832588195801,1.3394311666488647,0.11116639524698257,0.052284128963947296,0.01967773213982582,-0.0013878103345632553,0.4155844155844156,0.5844155844155844,0.043506041169166565,0.01967773213982582,-0.0013878103345632553,0.05860753846170375,0.17121588089330025,-0.15404093738311697,1.0,1,0.7516526579856873,0.07008063048124313,3.129603147506714,0.22072100639343262,0.05773104354739189,0.32290988070249416,5,0.26666666666666666,0.21111111111111114,greedy,0.5333333333333333,0.8620689655172413,0.07397470623254776,0.04042457789182663,0.0,1.2842657730497162,37.24370741844177,4.0,1.9333333333333333,13.0,0.40683917847401335,0.0864197530864198,0.5963728384647828,0.752897832714401,0.6786147186147187,0.24710216728559897
2024-09-13,-0.3345341525444679,33.87054942558289,0.1792360430950049,3.5034111123019365,1.306869745885173,-0.39759227322517177,-0.10697251754637593,-0.14172058715488953,0.29873993071725596,-0.30000000000000004,-0.30000000000000004,0.0674490759470226,-0.08244295652811043,0.0,0.006668036293553618,0.22374486572707597,low_connectivity,partial_correlation,60,residual,30,76,0.17471264367816092,0.02,0,5.066666666666666,0.557303249835968,0.5154486894607544,1.2007735967636108,0.109994076192379,0.05251897871494293,0.0192173533141613,-0.0010186817962676287,0.42105263157894735,0.5789473684210527,0.04287106543779373,0.0192173533141613,-0.0010186817962676287,0.05395615684244136,0.16535433070866143,-0.08861762563950708,1.0,1,0.7315571308135986,0.06868766248226166,3.136653184890747,0.2133030891418457,0.057743389159440994,0.32330584497917786,4,0.3333333333333333,0.2644444444444445,greedy,0.5,0.896551724137931,0.07386013865470886,0.04023614153265953,0.0,1.2848554972944588,37.26080942153931,4.0,1.9333333333333333,13.0,0.4058612363719849,0.15662650602409633,0.34132492113564666,0.5327302875168575,0.4734265734265735,0.46726971248314253
2024-09-16,-0.3273177185576354,34.194571374289,0.18929503916449086,0.3240219487061111,0.14397561950063675,-6.838107907733011,-0.09770553448414918,-0.11350051400150891,0.30000000000000004,-0.30000000000000004,-0.30000000000000004,0.0674490759470226,-0.081746623600743,0.0,0.0167711215868168,0.18141475599492637,low_connectivity,partial_correlation,60,residual,30,78,0.1793103448275862,0.02,0,5.2,0.5719167590141296,0.5088238716125488,1.2246718406677246,0.10998398065567017,0.05251099914312363,0.019721265882253647,-0.0011730189435184002,0.4230769230769231,0.5769230769230769,0.0430869422852993,0.019721265882253647,-0.0011730189435184002,0.05432687975724379,0.1769041769041769,-0.13874244165257715,1.0,1,0.7467674612998962,0.11495045572519302,3.1372878551483154,0.20541733503341675,0.05881185829639435,0.31192070285583684,5,0.3,0.2222222222222222,greedy,0.4666666666666667,0.8620689655172413,0.07539908587932587,0.04034752398729324,0.0,1.284979668156854,37.26441037654877,4.0,1.9333333333333333,13.0,0.4074657623709618,0.16666666666666663,0.4000929728054544,0.59489543909913,0.5652777777777778,0.40510456090087
2024-09-17,-0.2830579098312244,36.21335613900972,0.23099510603588908,2.0187847647207207,1.2680919935720851,-3.4582249349631056,-0.09356523432915557,-0.08528044084812827,0.30000000000000004,-0.30000000000000004,-0.30000000000000004,0.0674490759470226,-0.06425980766680776,0.0,-0.031146368661231306,0.22374486572707597,low_connectivity,partial_correlation,60,residual,30,80,0.1839080459770115,0.02,0,5.333333333333333,0.5784456133842468,0.5711864233016968,1.2091618776321411,0.10845856368541718,0.05319295451045036,0.019946403801441193,-0.0012818295508623123,0.425,0.575,0.04268654063344002,0.019946403801441193,-0.0012818295508623123,0.06363674163344574,0.20279720279720279,-0.11876307751652182,1.0,1,0.7535988092422485,0.11493463069200516,3.139418840408325,0.20863932371139526,0.05778173357248306,0.3251237549288662,4,0.3,0.26,greedy,0.4666666666666667,0.896551724137931,0.07568056136369705,0.0405455157160759,0.0,1.285887936065937,37.29075014591217,4.0,1.9333333333333333,13.0,0.40886486220348384,0.11904761904761907,0.34075462854464494,0.539548473145045,0.4814468864468865,0.46045152685495505
2024-09-18,-0.3963559686819444,31.15866607015361,0.12557077625570776,-5.054690068856107,-4.953661322196783,-4.188735928276817,-0.09455158282723648,-0.0993904774248185,0.30000000000000004,-0.30000000000000004,-0.30000000000000004,0.0674490759470226,-0.08520356255389717,0.0,-0.06607417781794109,0.18141475599492637,low_connectivity,partial_correlation,60,residual,30,79,0.18160919540229886,0.02,0,5.266666666666667,0.576890230178833,0.5689771175384521,1.214558482170105,0.10953613370656967,0.05320054665207863,0.019892768934369087,-0.001906112884171307,0.4050632911392405,0.5949367088607594,0.04285741224884987,0.019892768934369087,-0.001906112884171307,0.052486428969066204,0.18615751789976134,-0.13740197996568582,1.0,1,0.7514309287071228,0.09485729038715363,3.1353588104248047,0.20599567890167236,0.05730171874165535,0.30603505398565267,5,0.23333333333333334,0.20444444444444448,greedy,0.4666666666666667,0.8620689655172413,0.07710012793540955,0.04068730026483536,0.0,1.2842803741323536,37.24413084983826,5.0,1.9333333333333333,12.0,0.4081555358837163,0.08433734939759041,0.5730971571987065,0.7385188195835504,0.6770833333333334,0.26148118041644963
2024-09-19,-0.2648493306743413,37.05871732307614,0.25105966742745356,5.900051252922527,6.691579009795188,-1.7102545808192815,-0.08359754819775904,-0.0993904774248185,0.30000000000000004,-0.30000000000000004,-0.30000000000000004,0.0674490759470226,-0.08561244400511335,0.0,0.05488730701140065,0.18141475599492637,low_connectivity,partial_correlation,60,residual,30,79,0.18160919540229886,0.02,0,5.266666666666667,0.5941641330718994,0.5864182710647583,1.2861902713775635,0.1128159761428833,0.05151781067252159,0.020488418638706207,-0.002426319755613804,0.3924050632911392,0.6075949367088608,0.044201742857694626,0.020488418638706207,-0.002426319755613804,0.052268743265222524,0.21232876712328766,-0.013926923299974137,1.0,1,0.8118724822998047,0.08870771527290344,3.1199517250061035,0.3081640601158142,0.059301577508449554,0.2918949484949287,5,0.3,0.22444444444444445,greedy,0.5333333333333333,0.8620689655172413,0.0779491737484932,0.04097578302025795,0.0,1.2814039814061131,37.16071546077728,5.0,1.9333333333333333,12.0,0.4086036460866645,0.20454545454545459,0.47945751894694855,0.631987187656792,0.6222222222222221,0.36801281234320804
2024-09-20,-0.36736836065918194,32.415614841801585,0.14765319426336376,-4.643102481274553,-1.4549345837813021,-7.081998446722714,-0.11708033744077471,-0.12761055057819914,0.30000000000000004,-0.30000000000000004,-0.30000000000000004,0.0674490759470226,-0.08633935304111302,0.0,0.014798048458956,0.18141475599492637,low_connectivity,partial_correlation,60,residual,30,77,0.17701149425287357,0.02,0,5.133333333333334,0.5413638353347778,0.4725806713104248,1.183891773223877,0.10546047985553741,0.04874875769019127,0.018667718395590782,-0.0015032184310257435,0.4025974025974026,0.5974025974025974,0.044658441096544266,0.018667718395590782,-0.0015032184310257435,0.051881741838130976,0.20763723150357996,-0.01077451187586718,1.0,1,0.7492120265960693,0.10456767678260803,3.1136765480041504,0.28507065773010254,0.05942930281162262,0.30085529859371485,5,0.3,0.24000000000000002,greedy,0.5,0.8620689655172413,0.07555657625198364,0.0398067981004715,0.0,1.2927087257648338,37.488553047180176,4.0,1.9333333333333333,12.0,0.40722331178313925,0.16470588235294115,0.3883043204189497,0.5407783410287351,0.46280830280830276,0.4592216589712649
2024-09-23,-0.36209331755578983,32.64717244239059,0.15281850765721733,0.23155760058900654,-1.5473989318984067,-9.8088848336414,-0.1135958331529719,-0.12761055057819914,0.30000000000000004,-0.30000000000000004,-0.30000000000000004,0.0674490759470226,-0.08385630502334247,0.0,-0.028224570475374734,0.22374486572707597,low_connectivity,partial_correlation,60,residual,30,77,0.17701149425287357,0.02,0,5.133333333333334,0.5468587279319763,0.5103945732116699,1.2088080644607544,0.10653090476989746,0.049654774367809296,0.0188571959733963,-0.0014343998627737164,0.4025974025974026,0.5974025974025974,0.04440772160887718,0.0188571959733963,-0.0014343998627737164,0.05320369971569747,0.2033898305084746,-0.012461894407977462,1.0,1,0.7525468468666077,0.10848000645637512,3.1169450283050537,0.28356772661209106,0.05942114442586899,0.2993600175329398,4,0.3,0.26222222222222225,greedy,0.5,0.896551724137931,0.07637837529182434,0.040011726319789886,0.0,1.2908993548360364,37.436081290245056,4.0,1.9333333333333333,14.0,0.40713973862058356,0.12195121951219512,0.4867023690659889,0.6949039669207859,0.5333333333333334,0.30509603307921407
2024-09-24,-0.4544282827803788,28.72338762762867,0.08664495114006515,-3.9237848147619196,-7.489968511381047,-9.086924803310229,-0.12402639573009051,-0.14172058715488953,0.2813713942334556,-0.30000000000000004,-0.30000000000000004,0.0674490759470226,-0.09835492985238947,0.0,-0.06289170595056322,0.22374486572707597,low_connectivity,partial_correlation,60,residual,30,76,0.17471264367816092,0.02,0,5.066666666666666,0.5304102301597595,0.49113941192626953,1.1496938467025757,0.10468623787164688,0.04896290600299835,0.01829001121222973,-0.00019106890249531716,0.4473684210526316,0.5526315789473685,0.04352513328194618,0.01829001121222973,-0.00019106890249531716,0.04548473046118872,0.17783505154639176,-0.005022011099905236,1.0,1,0.7154165506362915,0.10208951681852341,3.1309666633605957,0.2470693290233612,0.058425016701221466,0.31911191365988867,4,0.3,0.26222222222222225,greedy,0.5333333333333333,0.896551724137931,0.07538280636072159,0.03969208523631096,0.0,1.2932981992590016,37.50564777851105,4.0,1.9333333333333333,14.0,0.4060792589867024,0.08750000000000002,0.6947011346356299,0.7893187972960264,0.8,0.2106812027039736
2024-09-25,-0.233334375049829,38.54050082337522,0.28036470205144903,9.817113195746547,7.381834753221607,-3.2828654419298147,-0.1130010096881629,-0.08528044084812827,0.30000000000000004,-0.30000000000000004,-0.30000000000000004,0.0674490759470226,-0.0817168924505199,0.0,0.09780013599503316,0.18141475599492637,low_connectivity,partial_correlation,60,residual,30,80,0.1839080459770115,0.02,0,5.333333333333333,0.5477966070175171,0.42905062437057495,1.2005428075790405,0.10271187871694565,0.05085277557373047,0.018889540806412697,0.0007044312078505754,0.4625,0.5375,0.04424299672245979,0.018889540806412697,0.0007044312078505754,0.054342708419422396,0.20945945945945946,-0.1477353218999593,1.0,1,0.7377707362174988,0.0942656621336937,3.1220040321350098,0.2580696642398834,0.05977071449160576,0.32806796462015864,5,0.3333333333333333,0.2377777777777778,greedy,0.5333333333333333,0.8620689655172413,0.07887744158506393,0.03999967873096466,0.0,1.289235493232464,37.387829303741455,4.0,1.9333333333333333,12.0,0.40938368089982374,0.2471910112359551,0.7160445098902434,0.7604576392870683,0.7543650793650793,0.23954236071293167
2024-09-26,-0.4580708783872734,28.57446897663779,0.08463541666666667,-9.96603184673743,-8.48424834643835,-7.3637093508053795,-0.13204950752956987,-0.16994066030827018,0.30000000000000004,-0.30000000000000004,-0.30000000000000004,0.0674490759470226,-0.0793855543460495,0.0,0.0167711215868168,0.13908464626277692,low_connectivity,partial_correlation,60,residual,30,74,0.17011494252873563,0.02,0,4.933333333333334,0.5177583694458008,0.3654078245162964,1.1863033771514893,0.10495101660490036,0.05269954726099968,0.017853736877441406,0.00046185351675376296,0.44594594594594594,0.5540540540540541,0.04578566551208496,0.017853736877441406,0.00046185351675376296,0.05558389697091997,0.2236503856041131,-0.09110046591777181,1.0,1,0.7350243330001831,0.07554730772972107,3.090493679046631,0.2688325345516205,0.060103192925453186,0.32789618747340443,6,0.3333333333333333,0.2066666666666667,greedy,0.5666666666666667,0.8275862068965517,0.07823234796524048,0.03983653336763382,0.0,1.2895265324362393,37.39626944065094,4.0,1.9333333333333333,14.0,0.4053002026802735,0.16666666666666663,0.48907681465821,0.7219432411984292,0.7276923076923076,0.27805675880157077
2024-09-27,-0.5047739677812739,26.706832981828548,0.06313049137650505,-1.8676359948092411,-5.708781859973037,-9.460229733861652,-0.13030288798044168,-0.14172058715488953,0.2968871388776748,-0.30000000000000004,-0.30000000000000004,0.0674490759470226,-0.08713174504285105,0.0,-0.049039608690565784,0.13908464626277692,low_connectivity,partial_correlation,60,residual,30,76,0.17471264367816092,0.02,0,5.066666666666666,0.5205127596855164,0.4235728979110718,1.0997601747512817,0.10273277014493942,0.0512053444981575,0.017948713153600693,0.00038708257488906384,0.4473684210526316,0.5526315789473685,0.04451796039938927,0.017948713153600693,0.00038708257488906384,0.05145987772542695,0.23192019950124687,0.03629347700113205,1.0,1,0.7298353314399719,0.07847170531749725,3.110821485519409,0.27629080414772034,0.05800136178731918,0.3149807680359899,6,0.26666666666666666,0.19333333333333333,greedy,0.5333333333333333,0.8275862068965517,0.0778944194316864,0.039761703461408615,0.0,1.2915992407963193,37.45637798309326,4.0,1.9333333333333333,11.0,0.40641020135918343,0.10126582278481011,0.5168277240919693,0.7679710031752599,0.667063492063492,0.2320289968247401
2024-09-30,-0.48537151639641024,27.473242478946414,0.07059206245933637,0.7664094971178663,-5.173929963444177,-5.921829074052102,-0.12972104684175778,-0.1558306237315798,0.28515362437117364,-0.30000000000000004,-0.30000000000000004,0.0674490759470226,-0.09610227856585718,0.0,-0.03773502357033791,0.18141475599492637,low_connectivity,partial_correlation,60,residual,30,75,0.1724137931034483,0.02,0,5.0,0.5214301943778992,0.39124560356140137,1.1104474067687988,0.10428602993488312,0.05178248882293701,0.01798035204410553,0.000702829216606915,0.4533333333333333,0.5466666666666666,0.043851062655448914,0.01798035204410553,0.000702829216606915,0.046684026685961465,0.19946808510638298,0.021473484798093447,1.0,1,0.7189313769340515,0.05186777561903,3.1207916736602783,0.2615254521369934,0.057576753199100494,0.3121026525068741,5,0.3,0.2222222222222222,greedy,0.4666666666666667,0.8620689655172413,0.07838445156812668,0.0399368479847908,0.0,1.2900651446704208,37.4118891954422,4.0,1.9333333333333333,11.0,0.4054216185862991,0.11250000000000004,0.6973508161626973,0.8202097506538171,0.6779100529100529,0.17979024934618293
2024-10-01,-0.5233215167524453,25.987025137875868,0.056910569105691054,-1.486217341070546,-2.7363624897528034,-9.247037964948234,-0.120589538976958,-0.11350051400150891,0.2909185925618904,-0.30000000000000004,-0.30000000000000004,0.0674490759470226,-0.09943148775855766,0.0,-0.0872522907871105,0.13908464626277692,low_connectivity,partial_correlation,60,residual,30,78,0.1793103448275862,0.02,0,5.2,0.5358299612998962,0.4435449242591858,1.1035232543945312,0.10304424166679382,0.051719289273023605,0.018476897850632668,0.0006989112007431686,0.46153846153846156,0.5384615384615384,0.04299798980355263,0.018476897850632668,0.0006989112007431686,0.04491157835356523,0.19306930693069307,0.0059151962648659765,1.0,1,0.7242887616157532,0.0855383351445198,3.1362202167510986,0.26458364725112915,0.056907445192337036,0.3117658527050668,6,0.23333333333333334,0.17333333333333334,greedy,0.5333333333333333,0.8275862068965517,0.07911184430122375,0.04006259888410568,0.0,1.288886312780709,37.377703070640564,4.0,1.9333333333333333,13.0,0.4074361115437129,0.06329113924050633,0.5623253214086081,0.7819825235196869,0.673015873015873,0.2180174764803131
2024-10-02,-0.46925008753445546,28.120339976184333,0.07932379713914174,2.133314838308465,-10.420160847190886,-7.436057075223751,-0.1399700966322353,-0.11350051400150891,0.2512787759578529,-0.30000000000000004,-0.30000000000000004,0.0674490759470226,-0.0883900235273195,0.0,0.014798048458956,0.13908464626277692,low_connectivity,partial_correlation,60,residual,30,78,0.1793103448275862,0.02,0,5.2,0.5052680373191833,0.4076698422431946,1.0687984228134155,0.09716694056987762,0.04981229826807976,0.017423037439584732,-0.00015841872664168477,0.4230769230769231,0.5769230769230769,0.04355919733643532,0.017423037439584732,-0.00015841872664168477,0.050789978817789634,0.19070904645476772,0.025838456985584637,1.0,1,0.6874514818191528,0.07740864902734756,3.1270339488983154,0.24123439192771912,0.05784310773015022,0.3061296491454931,6,0.26666666666666666,0.19333333333333333,greedy,0.5666666666666667,0.8275862068965517,0.07812385261058807,0.03939040005207062,0.0,1.2970420492106471,37.614219427108765,4.0,1.9333333333333333,12.0,0.40762318072134046,0.16470588235294115,0.5356776025617788,0.7776446785842354,0.6619047619047619,0.22235532141576464
2024-10-03,-0.37467309945807975,32.09637774933635,0.14462138446538836,3.976037773152015,3.521908772698559,-1.4796157880374707,-0.1310881645672972,-0.08528044084812827,0.2901760519336897,-0.30000000000000004,-0.30000000000000004,0.0674490759470226,-0.08913482589725352,0.0,0.03412055771111013,0.13908464626277692,low_connectivity,partial_correlation,60,residual,30,80,0.1839080459770115,0.02,0,5.333333333333333,0.5192743539810181,0.3958902359008789,1.1839947700500488,0.09736393392086029,0.052602022886276245,0.017906012013554573,-0.00011061607801821083,0.4375,0.5625,0.044838812202215195,0.017906012013554573,-0.00011061607801821083,0.05039345110140319,0.22975929978118162,-0.033843785796476546,1.0,1,0.7235987186431885,0.08180441707372665,3.111630439758301,0.2325764000415802,0.059147775173187256,0.3243300039754192,6,0.26666666666666666,0.1866666666666667,greedy,0.5,0.8275862068965517,0.07926507294178009,0.039705466479063034,0.0,1.2947855160154145,37.54877996444702,4.0,1.9333333333333333,11.0,0.40958228605974223,0.1839080459770115,0.48374481993813107,0.731106653203848,0.6037698412698413,0.26889334679615196
2024-10-04,-0.2833123607118649,36.20160169738887,0.23294346978557504,4.105223948052519,9.494768715560319,3.637922017691153,-0.13056524058147664,-0.08528044084812827,0.26676591447611747,-0.30000000000000004,-0.30000000000000004,0.0674490759470226,-0.07800117501362092,0.0,0.05257463958114501,0.22374486572707597,low_connectivity,partial_correlation,60,residual,30,80,0.1839080459770115,0.02,0,5.333333333333333,0.5200989246368408,0.4216005206108093,1.1862914562225342,0.09751855581998825,0.05181752145290375,0.017934447154402733,-0.00022461147455032915,0.425,0.575,0.04366559907793999,0.017934447154402733,-0.00022461147455032915,0.056320931112405236,0.23076923076923078,-0.07097868262926624,1.0,1,0.7018436789512634,0.09473114460706711,3.1285600662231445,0.21391388773918152,0.05822567641735077,0.3257576708307395,4,0.3333333333333333,0.2688888888888889,greedy,0.5,0.896551724137931,0.07960044592618942,0.03981446847319603,0.0,1.2931146662810753,37.500325322151184,4.0,1.9333333333333333,14.0,0.4091912150183172,0.202247191011236,0.46948631640567834,0.6780377723011389,0.5432900432900433,0.32196222769886107
2024-10-07,-0.4036449205608253,30.846831461334663,0.12244235141279636,-5.354770236054204,3.373588982388249,-3.2037642934536983,-0.1301133939748371,-0.08528044084812827,0.2741586097172337,-0.30000000000000004,-0.30000000000000004,0.0674490759470226,-0.07871782078733917,0.0,-0.032555706609703305,0.18141475599492637,low_connectivity,partial_correlation,60,residual,30,80,0.1839080459770115,0.02,0,5.333333333333333,0.5208115577697754,0.4609227180480957,1.179145097732544,0.09765215963125229,0.05185920372605324,0.01795901730656624,0.00030544723267666996,0.45,0.55,0.04415168613195419,0.01795901730656624,0.00030544723267666996,0.055939393776352354,0.2323008849557522,-0.06897921679182474,1.0,1,0.708713710308075,0.08434576541185379,3.118957996368408,0.2257993221282959,0.05866256728768349,0.33824789081278295,5,0.3,0.21555555555555556,greedy,0.5,0.8620689655172413,0.08028822392225266,0.03996255248785019,0.0,1.292147422658986,37.472275257110596,4.0,1.9333333333333333,12.0,0.4093532440363219,0.11764705882352944,0.5676750108702404,0.7820274468062697,0.7611111111111111,0.21797255319373032
2024-10-08,-0.5101737192174465,26.4959729263449,0.06201298701298701,-4.3508585349897615,0.5089477884690332,-8.449291219092732,-0.14052415764826096,-0.12761055057819914,0.2634463210794559,-0.30000000000000004,-0.30000000000000004,0.0674490759470226,-0.09285205818102216,0.0,-0.01916699609921931,0.13908464626277692,low_connectivity,partial_correlation,60,residual,30,77,0.17701149425287357,0.02,0,5.133333333333334,0.5043943524360657,0.3873891234397888,1.1707619428634644,0.09825864434242249,0.05265640467405319,0.01739290915429592,0.00036830909084528685,0.44155844155844154,0.5584415584415584,0.044751014560461044,0.01739290915429592,0.00036830909084528685,0.04841442191424934,0.21226415094339623,-0.041491694697619985,1.0,1,0.6987587809562683,0.07775561511516571,3.107844114303589,0.22042793035507202,0.059143826365470886,0.34013187841614195,6,0.3,0.20000000000000004,greedy,0.5333333333333333,0.8275862068965517,0.0795324370265007,0.039753854274749756,0.0,1.2929655601238381,37.49600124359131,4.0,1.9333333333333333,12.0,0.4072541696044449,0.13095238095238093,0.8834717385480847,0.9124583448191934,0.86,0.08754165518080659
2024-10-09,-0.415381759158222,30.34836524507706,0.11619604024667315,3.852392318732157,2.2280252688927256,-5.763962147273336,-0.14449746877987743,-0.14172058715488953,0.23387945261203846,-0.30000000000000004,-0.30000000000000004,0.0674490759470226,-0.08328176104226752,0.0,0.07137477326482515,0.18141475599492637,low_connectivity,partial_correlation,60,residual,30,76,0.17471264367816092,0.02,0,5.066666666666666,0.4981286823749542,0.4670601487159729,1.1619155406951904,0.09831485897302628,0.051394373178482056,0.017176851630210876,0.0006933458498679101,0.4605263157894737,0.5394736842105263,0.043684981763362885,0.017176851630210876,0.0006933458498679101,0.05350958302377477,0.20149253731343283,-0.09756491640132761,1.0,1,0.6712822914123535,0.08659179508686066,3.118974208831787,0.2056226134300232,0.05869853124022484,0.3483391706097939,5,0.3,0.2333333333333333,greedy,0.5333333333333333,0.8620689655172413,0.07936163246631622,0.03953544795513153,0.0,1.2940475200784618,37.52737808227539,5.0,1.9333333333333333,11.0,0.4061325418138413,0.22093023255813948,0.7685971685971686,0.8796832404739048,0.7962962962962964,0.12031675952609522
2024-10-10,-0.4316532823614692,29.66489727763833,0.10609993510707333,-0.6834679674387267,-2.4314804716980163,-0.7022410356426185,-0.14200469089306228,-0.11350051400150891,0.21942296843898906,-0.30000000000000004,-0.30000000000000004,0.0674490759470226,-0.1041088686102307,0.0,0.05967399076239488,0.18141475599492637,low_connectivity,partial_correlation,60,residual,30,78,0.1793103448275862,0.02,0,5.2,0.5020596385002136,0.4738597869873047,1.0807111263275146,0.09654993563890457,0.05043981596827507,0.01731240190565586,0.0012738171499222517,0.48717948717948717,0.5128205128205128,0.04217704385519028,0.01731240190565586,0.0012738171499222517,0.04242137259878503,0.17733990147783252,-0.026661525989653687,1.0,1,0.6578478813171387,0.08402112871408463,3.1424524784088135,0.19938093423843384,0.05802983418107033,0.33320066786135605,5,0.23333333333333334,0.2066666666666667,greedy,0.5333333333333333,0.8620689655172413,0.07774482667446136,0.039375342428684235,0.0,1.2945799786469032,37.54281938076019,4.0,1.9333333333333333,12.0,0.4071624628942588,0.2093023255813954,0.3958333333333333,0.6173675865601422,0.5638095238095238,0.38263241343985777
2024-10-11,-0.4369157100370878,29.445768907214852,0.10184884852416477,-0.21912837042347988,-6.755832790174015,-4.424780518368035,-0.1538435104402487,-0.16994066030827018,0.20582941435247426,-0.30000000000000004,-0.30000000000000004,0.0674490759470226,-0.10629105251751657,0.0,0.18079637666667406,0.13908464626277692,low_connectivity,partial_correlation,60,residual,30,74,0.17011494252873563,0.02,0,4.933333333333334,0.48339053988456726,0.46950602531433105,1.1826845407485962,0.09798457473516464,0.049218133091926575,0.016668640077114105,0.0011729804100468755,0.4864864864864865,0.5135135135135135,0.04282747581601143,0.016668640077114105,0.0011729804100468755,0.04125959272747771,0.1953125,-0.08649485156074681,1.0,1,0.6452153921127319,0.05061110854148865,3.1243133544921875,0.20937266945838928,0.0585193932056427,0.31959977860007693,6,0.3,0.1955555555555556,greedy,0.5333333333333333,0.8275862068965517,0.07613452523946762,0.03906932845711708,0.0,1.2975801023943672,37.629822969436646,5.0,1.9333333333333333,11.0,0.404314139448249,0.3296703296703297,0.2869771810597271,0.5609674371975822,0.48662337662337657,0.43903256280241776
2024-10-14,-0.45421685638095105,28.73204549616976,0.08852140077821012,-0.7137234110450912,-2.114785965164902,-5.462525878119237,-0.1392606930067706,-0.16994066030827018,0.23465072764478553,-0.30000000000000004,-0.30000000000000004,0.0674490759470226,-0.11626491619300564,0.0,0.04540474380821142,0.22374486572707597,low_connectivity,partial_correlation,60,residual,30,74,0.17011494252873563,0.02,0,4.933333333333334,0.5063868165016174,0.4918539226055145,1.1673222780227661,0.10264597833156586,0.04978115111589432,0.017461612820625305,0.00011307754903100431,0.44594594594594594,0.5540540540540541,0.04280118644237518,0.017461612820625305,0.00011307754903100431,0.03594957553843219,0.18157894736842106,-0.0942147748538486,1.0,1,0.6719990372657776,0.050836142152547836,3.126251697540283,0.2033000886440277,0.05826816335320473,0.3154978112660111,4,0.3,0.25555555555555554,greedy,0.5,0.896551724137931,0.07604845613241196,0.039374805986881256,0.0,1.2944250682304645,37.53832697868347,5.0,1.9333333333333333,12.0,0.4043053763237036,0.19512195121951215,0.4334350012365015,0.6564860462713685,0.4483618233618234,0.34351395372863147
2024-10-15,-0.3507354632737773,33.14861851996515,0.166612641815235,4.416573023795387,6.652645593620246,-3.064737619044571,-0.12584738105762933,-0.14172058715488953,0.28234958263465515,-0.30000000000000004,-0.30000000000000004,0.035972840505078714,-0.08938179496803506,0.0,0.10647712077211631,0.18141475599492637,low_connectivity,partial_correlation,60,residual,30,76,0.17471264367816092,0.02,0,5.066666666666666,0.5275387167930603,0.5693199634552002,1.254134178161621,0.10411949455738068,0.0501241460442543,0.018190991133451462,-0.0013374050613492727,0.3815789473684211,0.618421052631579,0.04384853318333626,0.018190991133451462,-0.0013374050613492727,0.05026196644774431,0.2285012285012285,-0.07822766710278567,0.9666666666666667,2,0.716325581073761,-4.2607906592994965e-16,3.0941402912139893,0.21268153190612793,0.06010858714580536,0.33734724153598344,5,0.4,0.26888888888888896,greedy,0.5666666666666667,0.8620689655172413,0.07814578711986542,0.039978817105293274,0.0,1.2903040072013592,37.41881620883942,5.0,1.9333333333333333,11.0,0.39507594784272126,0.2558139534883721,0.31325829557082296,0.4963604883046743,0.49761904761904757,0.5036395116953257
2024-10-16,-0.349384854383956,33.20850556549916,0.16720674011665587,0.05988704553401192,2.8601403204221008,2.049839495345548,-0.11954204680570207,-0.14172058715488953,0.29491825491258244,-0.30000000000000004,-0.30000000000000004,0.0674490759470226,-0.09302615565551475,0.0,0.018791738645469458,0.22374486572707597,low_connectivity,partial_correlation,60,residual,30,76,0.17471264367816092,0.02,0,5.066666666666666,0.537481963634491,0.5655007362365723,1.2682645320892334,0.10608194768428802,0.04942682385444641,0.01853385753929615,0.0005875249044038355,0.4605263157894737,0.5394736842105263,0.043671444058418274,0.01853385753929615,0.0005875249044038355,0.048321733602858345,0.21641791044776118,-0.10721602475267143,1.0,1,0.7280056476593018,0.05170479044318199,3.109497308731079,0.25636887550354004,0.06004780903458595,0.3318177987886353,4,0.3333333333333333,0.26,greedy,0.5333333333333333,0.896551724137931,0.0787103921175003,0.04015251621603966,0.0,1.2889975556011857,37.38092911243439,4.0,1.9333333333333333,14.0,0.40612802924552643,0.1686746987951807,0.5704078075984663,0.6380985503273605,0.5,0.3619014496726395
2024-10-17,-0.2753305977014929,36.57110202116557,0.24392614188532555,3.362596455666413,6.9062047435272405,-0.4876153019105658,-0.10991762159805163,-0.08528044084812827,0.30000000000000004,-0.30000000000000004,-0.30000000000000004,0.035972840505078714,-0.09532026775035109,0.0,0.09780013599503316,0.18141475599492637,low_connectivity,partial_correlation,60,residual,30,80,0.1839080459770115,0.02,0,5.333333333333333,0.5526590347290039,0.5958361029624939,1.2881391048431396,0.10362355411052704,0.04815180227160454,0.01905720680952072,-0.0005856071948073804,0.4125,0.5875,0.04390011727809906,0.01905720680952072,-0.0005856071948073804,0.04710036392571757,0.23178807947019867,-0.0018073042139564043,0.9666666666666667,2,0.757187008857727,2.0553312385374056e-09,3.1012966632843018,0.2864086329936981,0.061033979058265686,0.29443818438413283,5,0.3,0.24000000000000002,greedy,0.5,0.8620689655172413,0.07615415006875992,0.03999636322259903,0.0,1.2915827488077098,37.455899715423584,4.0,1.9333333333333333,15.0,0.3981582766405924,0.2471910112359551,0.47815589267003783,0.6404497109868815,0.5708333333333333,0.3595502890131185
2024-10-18,-0.28780603714025327,35.99428790545189,0.23154145077720206,-0.576814115713681,6.548518998237039,3.5786730636503066,-0.10243408130549261,-0.08528044084812827,0.30000000000000004,-0.30000000000000004,-0.30000000000000004,0.035972840505078714,-0.04949670724328764,0.0,0.032017595756650294,0.18141475599492637,low_connectivity,partial_correlation,60,residual,30,80,0.1839080459770115,0.02,0,5.333333333333333,0.5644600987434387,0.5809937715530396,1.3030624389648438,0.10583627223968506,0.04685672000050545,0.019464140757918358,-0.00013142618990968913,0.4375,0.5625,0.04445340856909752,0.019464140757918358,-0.00013142618990968913,0.07149651589576571,0.27741935483870966,-0.010211012198377323,0.9666666666666667,2,0.7733328342437744,1.156124351808785e-08,3.098475456237793,0.2727523446083069,0.059050239622592926,0.2973789073588023,5,0.36666666666666664,0.2555555555555556,greedy,0.5,0.8620689655172413,0.07696876674890518,0.040398452430963516,0.0,1.2895560881187176,37.39712655544281,5.0,1.9333333333333333,11.0,0.3983427070709252,0.18181818181818177,0.38099609823272895,0.5797477845911303,0.6293650793650793,0.4202522154088697
2024-10-21,-0.2483996282218633,37.829314971636904,0.2699902881191324,1.8350270661850132,9.097269475467144,5.182142529246313,-0.07742864825970072,-0.05706036769474763,0.30000000000000004,-0.30000000000000004,-0.30000000000000004,0.035972840505078714,-0.05918565205260265,0.0,0.0702175530173321,0.13908464626277692,low_connectivity,partial_correlation,60,residual,30,82,0.18850574712643678,0.02,0,5.466666666666667,0.6038922071456909,0.602497935295105,1.5225212574005127,0.11046808212995529,0.04746408388018608,0.02082386612892151,-0.0003340897092130035,0.4268292682926829,0.573170731707317,0.04451065883040428,0.02082386612892151,-0.0003340897092130035,0.06633818757335125,0.2587268993839836,0.010557800979931484,0.9666666666666667,2,0.8360372185707092,6.9367462884883935e-09,3.100947141647339,0.32172220945358276,0.06042489409446716,0.30304568557317335,6,0.3333333333333333,0.21555555555555556,greedy,0.5666666666666667,0.8275862068965517,0.08129363507032394,0.04133673012256622,0.0,1.2798829366420876,37.116605162620544,4.0,1.9333333333333333,12.0,0.39989435754116925,0.21978021978021978,0.5287557750517763,0.6469138148808301,0.531904761904762,0.3530861851191699
2024-10-22,-0.19288979959989433,40.473368777802406,0.32588996763754047,2.644053806165502,7.324750257837259,11.749981150173735,-0.07597897801183537,-0.07117040427143786,0.30000000000000004,-0.30000000000000004,-0.30000000000000004,0.0674490759470226,-0.053763919910967954,0.0,0.05915967065239794,0.18141475599492637,low_connectivity,partial_correlation,60,residual,30,81,0.18620689655172415,0.02,0,5.4,0.6061781644821167,0.6218700408935547,1.5401486158370972,0.11225522309541702,0.04650693014264107,0.020902695134282112,-0.0008053331403061748,0.43209876543209874,0.5679012345679012,0.04330991581082344,0.020902695134282112,-0.0008053331403061748,0.0692246808926084,0.25942350332594233,0.034229410757742225,1.0,1,0.8294491767883301,0.05066009610891342,3.1280510425567627,0.3371922969818115,0.05829104036092758,0.3090193424400914,5,0.3,0.22,greedy,0.5333333333333333,0.8620689655172413,0.08168604969978333,0.04140624403953552,0.0,1.2804829478263855,37.13400548696518,4.0,1.9333333333333333,11.0,0.4098389374541825,0.20879120879120883,0.5235650477461752,0.6691062644006991,0.5421115921115921,0.3308937355993009
2024-10-23,-0.2666375191274138,36.97533618201271,0.2526690391459075,-3.498032595789695,3.766830616513552,-1.5651646413625073,-0.06855781454216246,-0.05706036769474763,0.30000000000000004,-0.30000000000000004,-0.30000000000000004,0.035972840505078714,-0.05520944069426517,0.0,0.039132617035905974,0.13908464626277692,low_connectivity,partial_correlation,60,residual,30,82,0.18850574712643678,0.02,0,5.466666666666667,0.6178808808326721,0.668454110622406,1.6302095651626587,0.11302699148654938,0.04206200689077377,0.021306237205863,-0.002138970885425806,0.4024390243902439,0.5975609756097561,0.04388415068387985,0.021306237205863,-0.002138970885425806,0.06845509545850086,0.25949367088607594,-0.028437417137909933,0.9666666666666667,2,0.8460512161254883,7.193662554527691e-09,3.116323471069336,0.40831923484802246,0.05911564081907272,0.28223590210484706,6,0.23333333333333334,0.19333333333333338,greedy,0.5666666666666667,0.8275862068965517,0.08052714914083481,0.041247300803661346,0.0,1.2820870835205604,37.18052542209625,6.0,1.9333333333333333,12.0,0.3996855214923278,0.18888888888888888,0.7035721971164192,0.8268874298280731,0.8138888888888889,0.17311257017192694
2024-10-24,-0.17607752801808185,41.285992334241634,0.34411384217335056,4.310656152228923,4.7148903130760615,12.711523357603845,-0.07626109526240646,-0.07117040427143786,0.30000000000000004,-0.30000000000000004,-0.30000000000000004,0.0674490759470226,-0.05626121396428298,0.0,0.07875135353809654,0.18141475599492637,low_connectivity,partial_correlation,60,residual,30,81,0.18620689655172415,0.02,0,5.4,0.6057332754135132,0.6804109811782837,1.4679521322250366,0.11217284202575684,0.04240688309073448,0.020887354388833046,-0.0015171144623309374,0.4074074074074074,0.5925925925925926,0.0433352068066597,0.020887354388833046,-0.0015171144623309374,0.06789513852260466,0.2554585152838428,0.00690285043632378,1.0,1,0.822852611541748,0.05020036920905113,3.1241557598114014,0.3635339140892029,0.060360170900821686,0.2924987119100568,5,0.26666666666666666,0.21555555555555556,greedy,0.5333333333333333,0.8620689655172413,0.07899849116802216,0.041185412555933,0.0,1.281946955056026,37.176461696624756,4.0,1.9333333333333333,11.0,0.4098473677861279,0.2282608695652174,0.322061541807111,0.545690611408411,0.4375,0.454309388591589
2024-10-25,-0.020948724990129123,48.952716945746126,0.48140963465890724,7.666724611504492,12.958429040294234,22.245883963917578,-0.05877033953937866,-0.042950331118057225,0.30000000000000004,-0.30000000000000004,-0.30000000000000004,0.0674490759470226,-0.058731320872656236,0.0,0.10597921513371505,0.2660749754592254,low_connectivity,partial_correlation,60,residual,30,83,0.19080459770114944,0.02,0,5.533333333333333,0.6333150267601013,0.6323330998420715,1.6354583501815796,0.11445454508066177,0.043963104486465454,0.02183845266699791,-0.0013217417290434241,0.43373493975903615,0.5662650602409639,0.042190007865428925,0.02183845266699791,-0.0013217417290434241,0.06658007040366941,0.25862068965517243,0.061815867434970105,1.0,1,0.8533680438995361,0.07418327033519745,3.155123472213745,0.39001744985580444,0.058198511600494385,0.29612891857510554,3,0.36666666666666664,0.33999999999999997,greedy,0.4666666666666667,0.9310344827586207,0.08082058280706406,0.041606780141592026,0.0,1.278740040187178,37.08346116542816,5.0,1.9333333333333333,11.0,0.4109982018555261,0.25531914893617025,0.4046641484644441,0.5670983439347457,0.45606060606060606,0.4329016560652543
2024-10-28,-0.29685454999482147,35.578426781525316,0.2220426632191338,-13.37429016422081,-2.2508881901115885,8.105184302578902,-0.055673592327397214,-0.07117040427143786,0.30000000000000004,-0.30000000000000004,-0.30000000000000004,0.0674490759470226,-0.03896492365957262,0.0,-0.07990946167836273,0.18141475599492637,low_connectivity,partial_correlation,60,residual,30,81,0.18620689655172415,0.02,0,5.4,0.6381986141204834,0.6324964761734009,1.762338399887085,0.11818491667509079,0.04435158148407936,0.022006845101714134,-0.0022858534939587116,0.4074074074074074,0.5925925925925926,0.04315657913684845,0.022006845101714134,-0.0022858534939587116,0.07710356584956327,0.2660753880266075,0.016414925451639712,1.0,1,0.8739440441131592,0.07668537646532059,3.143014430999756,0.40647047758102417,0.05766505002975464,0.31398324779500997,5,0.3,0.22444444444444445,greedy,0.4666666666666667,0.8620689655172413,0.08151276409626007,0.0417601577937603,0.0,1.2786217188013012,37.08002984523773,4.0,1.9333333333333333,13.0,0.40978782522952417,0.07058823529411762,0.25634972321719307,0.4833174802280475,0.4724025974025974,0.5166825197719525
2024-10-29,-0.09468564920981347,45.2798151868045,0.41550888529886915,9.701388405279182,4.806446409002092,19.29279004892863,-0.04877031748222459,-0.028840294541366992,0.30000000000000004,-0.30000000000000004,-0.30000000000000004,0.0674490759470226,-0.018883003304108522,0.0,0.0952742439080872,0.13908464626277692,low_connectivity,partial_correlation,60,residual,30,84,0.19310344827586207,0.02,0,5.6,0.6490844488143921,0.6533828973770142,1.7425891160964966,0.1159079521894455,0.044587258249521255,0.022382225841283798,-0.0025104335509240627,0.40476190476190477,0.5952380952380952,0.042009275406599045,0.022382225841283798,-0.0025104335509240627,0.08779504367060222,0.23799582463465555,-0.07969512314200457,1.0,1,0.8561010956764221,0.10699643939733505,3.164987564086914,0.38738301396369934,0.05715126544237137,0.3065690158949455,6,0.23333333333333334,0.1777777777777778,greedy,0.5,0.8275862068965517,0.08184448629617691,0.04182128608226776,0.0,1.2782257466480649,37.068546652793884,5.0,1.9333333333333333,11.0,0.411704241227487,0.24468085106382975,0.3854692230070636,0.6106895961798671,0.5860606060606062,0.38931040382013293
2024-10-30,-0.1464436398017791,42.729716061341044,0.36983204134366926,-2.550099125463454,5.754379879328333,14.609376085156711,-0.0502084783327864,-0.028840294541366992,0.30000000000000004,-0.30000000000000004,-0.30000000000000004,0.0674490759470226,-0.020128957697301563,0.0,0.003870258827726953,0.18141475599492637,low_connectivity,partial_correlation,60,residual,30,84,0.19310344827586207,0.02,0,5.6,0.6468164920806885,0.6933655738830566,1.6637353897094727,0.1155029833316803,0.04286683350801468,0.022304022684693336,-0.0030979039147496223,0.38095238095238093,0.6190476190476191,0.0409759059548378,0.022304022684693336,-0.0030979039147496223,0.08713170602534435,0.21615720524017468,-0.06982247116927534,1.0,1,0.8353104591369629,0.14180158078670502,3.1797163486480713,0.3497955799102783,0.05553894490003586,0.32563909952737774,5,0.26666666666666666,0.21111111111111114,greedy,0.5333333333333333,0.8620689655172413,0.08177359402179718,0.04202429950237274,0.0,1.2764306191740364,37.01648795604706,4.0,1.9333333333333333,11.0,0.4113597847435666,0.15384615384615385,0.44670147128618887,0.6647347203695121,0.5939814814814816,0.3352652796304879
2024-10-31,-0.11271298717998186,44.38809548943985,0.4000645786244753,1.6583794280988045,3.102103155198215,12.2917177401035,-0.05614242899672292,-0.028840294541366992,0.30000000000000004,-0.30000000000000004,-0.30000000000000004,0.0674490759470226,-0.042987118897075495,0.0,0.02406291358108503,0.22374486572707597,low_connectivity,partial_correlation,60,residual,30,84,0.19310344827586207,0.02,0,5.6,0.6374590992927551,0.6780399084091187,1.7443947792053223,0.11383198201656342,0.040522608906030655,0.02198135107755661,-0.0036354174371808767,0.38095238095238093,0.6190476190476191,0.04141247272491455,0.02198135107755661,-0.0036354174371808767,0.07496217645988024,0.19189765458422176,-0.04922313189067517,1.0,1,0.8310739994049072,0.08197721093893051,3.175079107284546,0.3985162079334259,0.055982235819101334,0.2916285780726357,4,0.3,0.25555555555555554,greedy,0.5,0.896551724137931,0.08128251880407333,0.04178471490740776,0.0,1.2807484700761993,37.14170563220978,4.0,1.9333333333333333,14.0,0.41150530700025884,0.17391304347826086,0.5810593900481541,0.7427183861133864,0.6559829059829059,0.25728161388661364
2024-11-01,0.009738847750905557,50.486926993420475,0.5142027114267269,6.098831503980627,1.5342100476743497,14.285325296031608,-0.06997223726078575,-0.028840294541366992,0.30000000000000004,-0.30000000000000004,-0.30000000000000004,0.0674490759470226,-0.019207409327977404,0.0,0.13656484720693723,0.22374486572707597,normal,partial_correlation,60,residual,30,84,0.19310344827586207,0.02,0,5.6,0.6156505346298218,0.6464776992797852,1.5826458930969238,0.10993760079145432,0.036497969180345535,0.021229324862360954,-0.004048021975904703,0.36904761904761907,0.6309523809523809,0.039628759026527405,0.021229324862360954,-0.004048021975904703,0.08762233210976476,0.21476510067114093,-0.07866251050707919,1.0,1,0.7577654719352722,0.14555636048316956,3.2037031650543213,0.2939697504043579,0.05444147437810898,0.3358386318613862,4,0.36666666666666664,0.2866666666666667,greedy,0.5,0.896551724137931,0.08031806349754333,0.041093286126852036,0.0,1.285623180455175,37.28307223320007,4.0,1.9333333333333333,15.0,0.4109107357674631,0.2857142857142857,0.14596670934699105,0.35512125756554197,0.3738095238095238,0.644878742434458
2024-11-04,-0.12445082330550454,43.80938597543499,0.38818973862536305,-6.677541017985483,8.230959193909676,12.96255451410033,-0.06617828090381597,-0.028840294541366992,0.30000000000000004,-0.30000000000000004,-0.30000000000000004,0.0674490759470226,-0.0023589933833555177,0.0,0.02406291358108503,0.18141475599492637,low_connectivity,partial_correlation,60,residual,30,84,0.19310344827586207,0.02,0,5.6,0.6216331720352173,0.6152758598327637,1.6328045129776,0.11100593209266663,0.03724496066570282,0.021435629576444626,-0.0027808542363345623,0.40476190476190477,0.5952380952380952,0.040214717388153076,0.021435629576444626,-0.0027808542363345623,0.09659231417338504,0.2363238512035011,-0.062163588987346634,1.0,1,0.7816745638847351,0.13069821894168854,3.1961562633514404,0.28448185324668884,0.055494703352451324,0.3386783184028014,5,0.3,0.2288888888888889,greedy,0.4666666666666667,0.8620689655172413,0.08040793985128403,0.041311077773571014,0.0,1.280839624076054,37.144349098205566,4.0,1.9333333333333333,13.0,0.41110605522133836,0.17391304347826086,0.6022475887089638,0.7027552222932733,0.6420454545454546,0.29724477770672675
2024-11-05,-0.19447294186814013,40.3971083467525,0.3241935483870968,-3.4122776286824887,-4.882706840051995,13.901135420407602,-0.07686290657557832,-0.07117040427143786,0.30000000000000004,-0.30000000000000004,-0.30000000000000004,0.0674490759470226,-0.03234736888560235,0.0,0.03704390592252952,0.18141475599492637,low_connectivity,partial_correlation,60,residual,30,81,0.18620689655172415,0.02,0,5.4,0.6047843098640442,0.5777636766433716,1.5442852973937988,0.1119970828294754,0.037254080176353455,0.020854629576206207,-0.003147763665765524,0.3950617283950617,0.6049382716049383,0.03983181715011597,0.020854629576206207,-0.003147763665765524,0.08062670700554155,0.17391304347826086,-0.12564702919138424,1.0,1,0.736724317073822,0.14287768304347992,3.201824426651001,0.2520815134048462,0.05406499654054642,0.3160506004446162,5,0.3333333333333333,0.23111111111111116,greedy,0.5333333333333333,0.8620689655172413,0.08040265738964081,0.04117175191640854,0.0,1.2844150148589035,37.2480354309082,4.0,1.9333333333333333,12.0,0.40867957123394666,0.18681318681318682,0.4538650926937438,0.6697316830334917,0.6023076923076923,0.33026831696650827
2024-11-06,-0.2549334785995488,37.522471438767674,0.26281844566268947,-2.8746369079848293,-5.20724462257337,7.174106193690616,-0.07680453748925327,-0.05706036769474763,0.30000000000000004,-0.30000000000000004,-0.30000000000000004,0.0674490759470226,-0.02429935359801828,0.0,-0.04563305175947849,0.18141475599492637,low_connectivity,partial_correlation,60,residual,30,82,0.18850574712643678,0.02,0,5.466666666666667,0.6048763394355774,0.5698134899139404,1.61637282371521,0.11064811050891876,0.03683892637491226,0.020857803523540497,-0.0027999719604849815,0.4024390243902439,0.5975609756097561,0.040309809148311615,0.020857803523540497,-0.0027999719604849815,0.08491141561047212,0.19718309859154928,-0.0911519261688536,1.0,1,0.7497158646583557,0.1402355283498764,3.196836471557617,0.2585495710372925,0.053518425673246384,0.3236119000568918,5,0.3,0.2222222222222222,greedy,0.5333333333333333,0.8620689655172413,0.07990891486406326,0.040961720049381256,0.0,1.2858106596716519,37.288509130477905,5.0,1.9333333333333333,12.0,0.40960518542491614,0.10465116279069764,0.6408520475561427,0.8118584541574944,0.8225396825396825,0.18814154584250564
2024-11-07,-0.14758746097036426,42.67374351633213,0.36911669890393295,5.151272077564457,-1.7143519731077177,13.008846238693799,-0.07519037877159163,-0.042950331118057225,0.30000000000000004,-0.30000000000000004,-0.30000000000000004,0.0674490759470226,-0.01668346181859871,0.0,-0.003957230936215212,0.22374486572707597,low_connectivity,partial_correlation,60,residual,30,83,0.19080459770114944,0.02,0,5.533333333333333,0.6074217557907104,0.6130208969116211,1.6335334777832031,0.10977502912282944,0.03827649727463722,0.020945576950907707,-0.0019140923395752907,0.43373493975903615,0.5662650602409639,0.04079710319638252,0.020945576950907707,-0.0019140923395752907,0.08896606459850788,0.2191780821917808,-0.06158459550525656,1.0,1,0.7685601115226746,0.1342041790485382,3.189174175262451,0.2771952748298645,0.054957274347543716,0.322620257770072,4,0.3,0.25555555555555554,greedy,0.4666666666666667,0.896551724137931,0.08018547296524048,0.04085342958569527,0.0,1.286402911975466,37.30568444728851,5.0,1.9333333333333333,12.0,0.4105339002991773,0.1460674157303371,0.7053170539582513,0.7915520696855529,0.6861111111111111,0.20844793031444708
2024-11-08,-0.2659906743681523,37.00548885739754,0.25394779245891075,-5.668254658934593,-13.481438136022938,7.559719950182686,-0.09005411456008836,-0.05706036769474763,0.30000000000000004,-0.30000000000000004,-0.30000000000000004,0.0674490759470226,-0.020896546519673317,0.0,-0.046843477535591954,0.18141475599492637,low_connectivity,partial_correlation,60,residual,30,82,0.18850574712643678,0.02,0,5.466666666666667,0.583982527256012,0.553054690361023,1.5967516899108887,0.10682607442140579,0.03852881118655205,0.020137328654527664,-0.0020422940142452717,0.4268292682926829,0.573170731707317,0.040840357542037964,0.020137328654527664,-0.0020422940142452717,0.08672304695664966,0.2127659574468085,-0.0651446656214869,1.0,1,0.7405384182929993,0.1261378675699234,3.189772605895996,0.27452021837234497,0.05469799041748047,0.3217951003714383,5,0.23333333333333334,0.2066666666666667,greedy,0.5,0.8620689655172413,0.08111000061035156,0.04053202271461487,0.0,1.2898312437123265,37.40510606765747,5.0,1.9333333333333333,13.0,0.4097820348894916,0.10344827586206895,0.6482290150412421,0.7401247726992977,0.7390873015873015,0.25987522730070234
2024-11-11,-0.037354026835985744,48.133166856050124,0.46585051546391754,11.127677998652587,4.323780880615132,19.401121359880364,-0.07954970001693873,-0.028840294541366992,0.30000000000000004,-0.30000000000000004,-0.30000000000000004,0.0674490759470226,-0.017356679895517618,0.0,0.13952881567588865,0.18141475599492637,low_connectivity,partial_correlation,60,residual,30,84,0.19310344827586207,0.02,0,5.6,0.6005473732948303,0.6424444913864136,1.5711373090744019,0.10724059492349625,0.03936322405934334,0.02070852927863598,-0.0029768669046461582,0.40476190476190477,0.5952380952380952,0.040618542581796646,0.02070852927863598,-0.0029768669046461582,0.08860764787288121,0.21524663677130046,0.007878619856873626,1.0,1,0.7627555131912231,0.08690612763166428,3.1886966228485107,0.3603512942790985,0.05371679365634918,0.33046409091342516,5,0.23333333333333334,0.2088888888888889,greedy,0.4666666666666667,0.8620689655172413,0.07957487553358078,0.04084787517786026,0.0,1.286068398376991,37.29598355293274,5.0,1.9333333333333333,13.0,0.41124066361921957,0.28865979381443296,0.5570027335584499,0.7139117152870397,0.655,0.28608828471296033
2024-11-12,-0.030905739202504282,48.45520485316385,0.4731078904991948,0.3220379971137248,8.058096506411346,15.306586333198702,-0.07267560971492863,-0.028840294541366992,0.30000000000000004,-0.30000000000000004,-0.30000000000000004,0.0674490759470226,-0.0026740033347265805,0.0,0.08209022671441939,0.22374486572707597,low_connectivity,partial_correlation,60,residual,30,84,0.19310344827586207,0.02,0,5.6,0.611387312412262,0.6193570494651794,1.563594937324524,0.10917630791664124,0.03958016633987427,0.021082323044538498,-0.004046184476464987,0.38095238095238093,0.6190476190476191,0.04136281833052635,0.021082323044538498,-0.004046184476464987,0.09642460501764318,0.23126338329764454,-0.02810195497595727,1.0,1,0.78623366355896,0.08854933828115463,3.1757125854492188,0.3721507787704468,0.05388617515563965,0.31110008912324905,4,0.3333333333333333,0.2644444444444445,greedy,0.4666666666666667,0.896551724137931,0.0798887386918068,0.04100416973233223,0.0,1.2857267363318081,37.28607535362244,4.0,1.9333333333333333,13.0,0.41148875553546277,0.2315789473684211,0.6212780776597597,0.7330589305201233,0.6705555555555556,0.2669410694798767
2024-11-13,-0.1183449742855459,44.1102221389954,0.3943979394719897,-4.344982714168452,6.587750700227723,10.901716573496238,-0.07591875920094368,-0.042950331118057225,0.30000000000000004,-0.30000000000000004,-0.30000000000000004,0.0674490759470226,-0.002981112046187559,0.0,0.05464139613769364,0.18141475599492637,low_connectivity,partial_correlation,60,residual,30,83,0.19080459770114944,0.02,0,5.533333333333333,0.6062730550765991,0.5768289566040039,1.4928407669067383,0.10956743359565735,0.04017123207449913,0.02090596966445446,-0.0035993095953017473,0.39759036144578314,0.6024096385542169,0.04119522124528885,0.02090596966445446,-0.0035993095953017473,0.09626110242829347,0.24776785714285715,0.039564070323290755,1.0,1,0.779934287071228,0.10782157629728317,3.1757688522338867,0.37378498911857605,0.05291302129626274,0.3336762137698799,5,0.3,0.21555555555555556,greedy,0.5333333333333333,0.8620689655172413,0.08084035664796829,0.04115232080221176,0.0,1.2844777353878678,37.24985432624817,4.0,1.9333333333333333,12.0,0.4106666063154794,0.20430107526881724,0.3596329125818273,0.5529777041708043,0.5707417582417582,0.4470222958291957
2024-11-14,-0.023765867859745163,48.81193027904129,0.48020598648213714,4.701708140045895,6.138186762709161,12.24082825787572,-0.07641263566023629,-0.028840294541366992,0.30000000000000004,-0.30000000000000004,-0.30000000000000004,0.0674490759470226,-0.02081555984490197,0.0,0.11110868051266161,0.22374486572707597,low_connectivity,partial_correlation,60,residual,30,84,0.19310344827586207,0.02,0,5.6,0.6054944396018982,0.5703303217887878,1.6167371273040771,0.10812399536371231,0.040944311767816544,0.020879114046692848,-0.0052950032986700535,0.3333333333333333,0.6666666666666666,0.042481083422899246,0.020879114046692848,-0.0052950032986700535,0.0867661637115113,0.2542372881355932,0.035941614944361155,1.0,1,0.8013176918029785,0.06755182892084122,3.159803628921509,0.3749224841594696,0.05600500479340553,0.32686874904171576,4,0.3,0.26,greedy,0.4666666666666667,0.896551724137931,0.0804428905248642,0.04089948534965515,0.0,1.2867648889278542,37.316181778907776,4.0,1.9333333333333333,12.0,0.41186151056625375,0.26041666666666663,0.7389120545868082,0.8117640201095422,0.7133333333333333,0.18823597989045782
2024-11-15,-0.09402371019355939,45.31261922079247,0.416988416988417,-3.4993110582488214,8.307130363394933,9.31833131534058,-0.07187950881394238,-0.05706036769474763,0.30000000000000004,-0.30000000000000004,-0.30000000000000004,0.0674490759470226,-0.0022160649228575423,0.0,0.045938289563889616,0.22374486572707597,low_connectivity,partial_correlation,60,residual,30,82,0.18850574712643678,0.02,0,5.466666666666667,0.6126427054405212,0.623366117477417,1.6420764923095703,0.11206880211830139,0.041675567626953125,0.021125612780451775,-0.005782757885754108,0.32926829268292684,0.6707317073170732,0.04343856871128082,0.021125612780451775,-0.005782757885754108,0.09666840831370432,0.24782608695652175,-0.018124974072567832,1.0,1,0.8199869990348816,0.08412996679544449,3.141439914703369,0.3856583535671234,0.05662625655531883,0.3196916189686799,4,0.3333333333333333,0.2688888888888889,greedy,0.4666666666666667,0.896551724137931,0.08238589763641357,0.041215114295482635,0.0,1.2861817253047023,37.299270033836365,6.0,1.9333333333333333,12.0,0.41064810527923923,0.19565217391304346,0.9115545486232136,0.9268724424955176,0.9333333333333333,0.07312755750448241
2024-11-18,-0.06991288368881478,46.510040052149314,0.4377613380508202,1.197420831356844,-1.62312680390081,8.68072508051241,-0.08755215655875727,-0.08528044084812827,0.30000000000000004,-0.30000000000000004,-0.30000000000000004,0.0674490759470226,0.0029839836907404305,0.0,0.10874178835323185,0.22374486572707597,low_connectivity,partial_correlation,60,residual,30,80,0.1839080459770115,0.02,0,5.333333333333333,0.5879279971122742,0.5769897699356079,1.4188401699066162,0.1102365031838417,0.039851609617471695,0.020273378118872643,-0.005429738666862249,0.35,0.65,0.04380267485976219,0.020273378118872643,-0.005429738666862249,0.09943687883029413,0.22818791946308725,-0.12972444231462285,1.0,1,0.780362069606781,0.0748540386557579,3.1329619884490967,0.33447787165641785,0.05770907178521156,0.30999151883454695,4,0.3333333333333333,0.2644444444444445,greedy,0.5,0.896551724137931,0.08062758296728134,0.04093834012746811,0.0,1.2915905960674943,37.456127285957336,6.0,1.9333333333333333,13.0,0.40923690694559123,0.25806451612903225,0.8368012467172664,0.8858064785123726,0.8819444444444444,0.1141935214876274
2024-11-19,-0.10360210330475479,44.83834898156897,0.4086816720257235,-1.6716910705803443,-3.616855871594879,4.364980203766564,-0.09277410028117233,-0.07117040427143786,0.30000000000000004,-0.30000000000000004,-0.30000000000000004,0.0674490759470226,-0.012126975808509285,0.0,0.08127543538226624,0.22374486572707597,low_connectivity,partial_correlation,60,residual,30,81,0.18620689655172415,0.02,0,5.4,0.5796931982040405,0.5203077793121338,1.2892141342163086,0.10735061019659042,0.04031459987163544,0.01998942345380783,-0.004986410960555077,0.35802469135802467,0.6419753086419753,0.04380137100815773,0.01998942345380783,-0.004986410960555077,0.09139190676182919,0.25,0.0030395591464335604,1.0,1,0.7960124015808105,0.0776263177394867,3.1302945613861084,0.3634164035320282,0.05771641433238983,0.29703060343819154,4,0.3,0.25555555555555554,greedy,0.5,0.896551724137931,0.07975553721189499,0.04061204567551613,0.0,1.2955278528147731,37.57030773162842,6.0,1.9333333333333333,13.0,0.41000275585329393,0.23076923076923073,0.3725345893435384,0.47033241508103507,0.5817460317460317,0.5296675849189649
2024-11-20,-0.15757186482252025,42.185971191028756,0.35840565734490515,-2.652377790540214,-1.924250947966641,5.210635009016045,-0.09744273657905188,-0.07117040427143786,0.30000000000000004,-0.30000000000000004,-0.30000000000000004,0.0674490759470226,0.010699449851970895,0.0,0.009147884501900051,0.22374486572707597,low_connectivity,partial_correlation,60,residual,30,81,0.18620689655172415,0.02,0,5.4,0.5723311305046082,0.5467165112495422,1.3583253622055054,0.10598722845315933,0.03795333579182625,0.019735556095838547,-0.005483113694936037,0.345679012345679,0.654320987654321,0.04469216987490654,0.019735556095838547,-0.005483113694936037,0.10354454054200525,0.2680851063829787,0.05234343012138295,1.0,1,0.8030933141708374,0.08274803310632706,3.11875057220459,0.3926054537296295,0.05858013033866882,0.2802977326523555,4,0.3333333333333333,0.26,greedy,0.5,0.896551724137931,0.07823069393634796,0.040381934493780136,0.0,1.2988495908934494,37.666638135910034,5.0,1.9333333333333333,13.0,0.41029968880887685,0.15909090909090906,0.5357936860827034,0.6064091571226699,0.617361111111111,0.39359084287733015
2024-11-21,-0.13647008904687946,43.21854284785008,0.37853470437017994,1.0325716568213252,-5.593387431191211,1.9325505136084473,-0.09235465810860763,-0.042950331118057225,0.30000000000000004,-0.30000000000000004,-0.30000000000000004,0.0674490759470226,0.0018692799503728565,0.0,0.04810178828746367,0.18141475599492637,low_connectivity,partial_correlation,60,residual,30,83,0.19080459770114944,0.02,0,5.533333333333333,0.5803547501564026,0.5025135278701782,1.442681074142456,0.10488338023424149,0.03795723617076874,0.020012231543660164,-0.005160666070878506,0.3493975903614458,0.6506024096385542,0.04553716257214546,0.020012231543660164,-0.005160666070878506,0.09884341813997094,0.30648330058939094,0.01566124381312948,1.0,1,0.8211262226104736,0.07532954961061478,3.113048553466797,0.39173606038093567,0.05908871069550514,0.27316621482950587,5,0.3,0.23111111111111113,greedy,0.5666666666666667,0.8620689655172413,0.07606425136327744,0.04024967923760414,0.0,1.298065185546875,37.643890380859375,6.0,1.9333333333333333,13.0,0.4121139200910983,0.19780219780219777,0.7253153444531719,0.8084499786097823,0.8276515151515152,0.1915500213902177
2024-11-22,-0.15120737585563052,42.49672834430642,0.3646000642467074,-0.7218145035436621,-2.8158908764860513,-6.4559886014397065,-0.08643406656654129,-0.042950331118057225,0.30000000000000004,-0.30000000000000004,-0.30000000000000004,0.0674490759470226,0.02357461816246989,0.0,-0.03659153800760043,0.22374486572707597,low_connectivity,partial_correlation,60,residual,30,83,0.19080459770114944,0.02,0,5.533333333333333,0.5896911025047302,0.5412254333496094,1.3479732275009155,0.10657068341970444,0.03685511276125908,0.02033417671918869,-0.005037007853388786,0.3614457831325301,0.6385542168674698,0.04509136080741882,0.02033417671918869,-0.005037007853388786,0.11039919258709162,0.2916666666666667,-0.03446827597505497,1.0,1,0.815910279750824,0.07736048847436905,3.1175851821899414,0.38770368695259094,0.05891323834657669,0.28128248206398004,4,0.3,0.26222222222222225,greedy,0.4666666666666667,0.896551724137931,0.07591594010591507,0.040351901203393936,0.0,1.296973623078445,37.6122350692749,5.0,1.9333333333333333,14.0,0.4119653195028561,0.11363636363636365,0.33267879606050377,0.5168947014944522,0.46505050505050505,0.48310529850554784
2024-11-25,-0.20534686541036717,39.87457891858499,0.3147077713551702,-2.6221494257214317,-6.635461133564327,4.296152137059671,-0.07493991236360524,-0.028840294541366992,0.30000000000000004,-0.30000000000000004,-0.30000000000000004,0.0674490759470226,0.01954556858730581,0.0,-0.06997605903464965,0.18141475599492637,low_connectivity,partial_correlation,60,residual,30,84,0.19310344827586207,0.02,0,5.6,0.6078166961669922,0.5559312105178833,1.4963628053665161,0.10853869467973709,0.0387549065053463,0.020959196612238884,-0.004979921970516443,0.36904761904761907,0.6309523809523809,0.04478668048977852,0.020959196612238884,-0.004979921970516443,0.1082541539946538,0.2964426877470356,0.0001559584715666308,1.0,1,0.8422476053237915,0.07760433852672577,3.1233580112457275,0.4154267907142639,0.05807901918888092,0.24977730919953176,5,0.23333333333333334,0.20222222222222225,greedy,0.5,0.8620689655172413,0.07684479653835297,0.040715884417295456,0.0,1.2929074024331981,37.494314670562744,5.0,1.9333333333333333,13.0,0.41263004292188016,0.08045977011494254,0.3496921667282869,0.5196335105091043,0.5719246031746031,0.48036648949089567
2024-11-26,-0.22854573562607955,38.76760341140689,0.28892455858747995,-1.106975507178099,-6.070745570162082,-6.51221177539761,-0.0704274065208135,-0.014730257964676585,0.30000000000000004,-0.30000000000000004,-0.30000000000000004,0.0674490759470226,0.0008567374511690193,0.0,-0.09310864053370736,0.18141475599492637,low_connectivity,partial_correlation,60,residual,30,85,0.19540229885057472,0.02,0,5.666666666666667,0.614932656288147,0.5189306735992432,1.5079388618469238,0.10851753503084183,0.03918451815843582,0.021204574033617973,-0.004825158044695854,0.3764705882352941,0.6235294117647059,0.04498469829559326,0.021204574033617973,-0.004825158044695854,0.09830434739964945,0.27533460803059273,-0.028847328587905466,1.0,1,0.8516622185707092,0.07835361361503601,3.1235387325286865,0.43803057074546814,0.05820959433913231,0.2425676786912138,5,0.23333333333333334,0.2066666666666667,greedy,0.5,0.8620689655172413,0.0780908539891243,0.040925756096839905,0.0,1.2913039347221111,37.44781410694122,5.0,1.9333333333333333,13.0,0.41346233238205604,0.05747126436781613,0.9211013167918163,0.9439528289416836,0.9314285714285715,0.05604717105831636
2024-11-27,-0.10316382575618223,44.860030301144725,0.41014120667522463,6.092426889737837,2.6740591101159694,2.130314239803681,-0.07785785286747825,-0.042950331118057225,0.30000000000000004,-0.30000000000000004,-0.30000000000000004,0.0674490759470226,0.002387502974169741,0.0,0.02406291358108503,0.22374486572707597,low_connectivity,partial_correlation,60,residual,30,83,0.19080459770114944,0.02,0,5.533333333333333,0.6032153367996216,0.5137333869934082,1.6200164556503296,0.10901480913162231,0.03917998448014259,0.020800527185201645,-0.005106023978441954,0.3614457831325301,0.6385542168674698,0.047349657863378525,0.020800527185201645,-0.005106023978441954,0.09911931655342962,0.2819548872180451,-0.028653405486151414,1.0,1,0.8711097836494446,0.09263250976800919,3.0930349826812744,0.4825482666492462,0.05953593924641609,0.25541285448581136,4,0.36666666666666664,0.2777777777777778,greedy,0.4666666666666667,0.896551724137931,0.07951081544160843,0.04096514731645584,0.0,1.2911534473813813,37.44344997406006,5.0,1.9333333333333333,13.0,0.412718085188176,0.17391304347826086,0.43454038997214484,0.6253503038213476,0.6055555555555555,0.3746496961786524
2024-11-28,-0.1313601305324801,43.46951257415371,0.38402309913378246,-1.390517726991014,0.2509697263036301,-0.9185829152861373,-0.08980217522328039,-0.05706036769474763,0.30000000000000004,-0.30000000000000004,-0.30000000000000004,0.0674490759470226,0.04946515309167468,0.0,-0.02515668238022531,0.22374486572707597,low_connectivity,partial_correlation,60,residual,30,82,0.18850574712643678,0.02,0,5.466666666666667,0.5843797326087952,0.49324530363082886,1.666185975074768,0.10689873993396759,0.0372808538377285,0.020151028409600258,-0.005712550133466721,0.34146341463414637,0.6585365853658537,0.04762623459100723,0.020151028409600258,-0.005712550133466721,0.12418313730307146,0.2912621359223301,-0.03292710848402466,1.0,1,0.8466418981552124,0.09073503315448761,3.0888636112213135,0.4660421311855316,0.060649290680885315,0.26324611794009994,4,0.36666666666666664,0.28888888888888886,greedy,0.5,0.896551724137931,0.07920442521572113,0.04065766558051109,0.0,1.2954343434037834,37.56759595870972,6.0,1.9333333333333333,10.0,0.4120439939058147,0.125,0.8501550120564932,0.8551560992228538,0.8506944444444444,0.14484390077714615
2024-11-29,-0.016941908739130266,49.15298560051923,0.4900577293136626,5.683473026365519,6.656257256212811,-1.3339413929012451,-0.07988436314686582,-0.042950331118057225,0.30000000000000004,-0.30000000000000004,-0.30000000000000004,0.0674490759470226,0.03532482819701529,0.0,0.03704390592252952,0.2660749754592254,low_connectivity,partial_correlation,60,residual,30,83,0.19080459770114944,0.02,0,5.533333333333333,0.6000195145606995,0.49587148427963257,1.5791078805923462,0.10843726247549057,0.03822608292102814,0.020690331235527992,-0.004908457398414612,0.3614457831325301,0.6385542168674698,0.046400442719459534,0.020690331235527992,-0.004908457398414612,0.11665492449684942,0.26848249027237353,-0.017810149961738728,1.0,1,0.8478496670722961,0.09109227359294891,3.106724977493286,0.44551482796669006,0.058640580624341965,0.24885368233652463,3,0.4,0.3488888888888889,greedy,0.4666666666666667,0.9310344827586207,0.0830157920718193,0.04112483933568001,0.0,1.2895311446025455,37.396403193473816,5.0,1.9333333333333333,13.0,0.412401680140203,0.18681318681318682,0.25791369179250645,0.4506603626587171,0.4100274725274725,0.5493396373412829
2024-12-02,-0.22755189626330524,38.81479811156978,0.29079833279897405,-10.338187488949451,-1.0597808070152084,-4.994587863865213,-0.08528425722342331,-0.042950331118057225,0.30000000000000004,-0.30000000000000004,-0.30000000000000004,0.0674490759470226,0.0307405078759763,0.0,-0.03659153800760043,0.13908464626277692,low_connectivity,partial_correlation,60,residual,30,83,0.19080459770114944,0.02,0,5.533333333333333,0.5915042161941528,0.49719560146331787,1.5568865537643433,0.10689835250377655,0.03820601850748062,0.020396700128912926,-0.0045427558943629265,0.37349397590361444,0.6265060240963856,0.04584464058279991,0.020396700128912926,-0.0045427558943629265,0.11421426353567841,0.2603550295857988,-0.01844474224770066,1.0,1,0.8232547044754028,0.08847600221633911,3.114603042602539,0.41674691438674927,0.05903784930706024,0.26732662970178916,6,0.23333333333333334,0.1777777777777778,greedy,0.5,0.8275862068965517,0.0831059068441391,0.04105303809046745,0.0,1.290481970227998,37.42397713661194,5.0,1.9333333333333333,13.0,0.41221641276131643,0.11363636363636365,0.1553398058252427,0.3446819960054972,0.373015873015873,0.6553180039945028
2024-12-03,-0.039743296968986964,48.01388075286745,0.46442307692307694,9.199082641297672,9.246277341460562,7.616772406114947,-0.08730079954264622,-0.014730257964676585,0.30000000000000004,-0.30000000000000004,-0.30000000000000004,0.035972840505078714,-0.009089225076987582,0.0,0.15398938911531834,0.18141475599492637,low_connectivity,partial_correlation,60,residual,30,85,0.19540229885057472,0.02,0,5.666666666666667,0.5883243680000305,0.5250513553619385,1.5337003469467163,0.10382194817066193,0.03670046478509903,0.0202870462089777,-0.003902888623997569,0.38823529411764707,0.611764705882353,0.046251438558101654,0.0202870462089777,-0.003902888623997569,0.09300918459168933,0.225140712945591,-0.05054244234883064,0.9666666666666667,2,0.8259792327880859,-1.1102230246251565e-16,3.1041250228881836,0.45429539680480957,0.060558609664440155,0.24586850182450823,5,0.3333333333333333,0.26666666666666666,greedy,0.5333333333333333,0.8620689655172413,0.08186065405607224,0.04070916026830673,0.0,1.2919165389291172,37.4655796289444,5.0,1.9333333333333333,14.0,0.4027734680251143,0.303030303030303,0.2064676616915423,0.4402028538420697,0.3707070707070707,0.5597971461579303
2024-12-04,-0.1847953252356702,40.863993854701064,0.3345081704581865,-7.149886898166386,-3.996036446443661,3.3415224159333903,-0.10486842159766546,-0.05706036769474763,0.30000000000000004,-0.30000000000000004,-0.30000000000000004,0.0674490759470226,-0.008470103755083362,0.0,-0.005590373862272267,0.22374486572707597,low_connectivity,partial_correlation,60,residual,30,82,0.18850574712643678,0.02,0,5.466666666666667,0.5606212615966797,0.5001314878463745,1.5771586894989014,0.10255268216133118,0.03732955828309059,0.01933176815509796,-0.003975873347371817,0.3780487804878049,0.6219512195121951,0.047496333718299866,0.01933176815509796,-0.003975873347371817,0.0933388005728557,0.23952095808383234,-0.03668103076645983,1.0,1,0.8108054995536804,0.05007952079176903,3.0919129848480225,0.44312453269958496,0.06298191100358963,0.2665895194843923,4,0.3333333333333333,0.26,greedy,0.4666666666666667,0.896551724137931,0.08055313676595688,0.04027005657553673,0.0,1.2955210743279293,37.57011115550995,5.0,1.9333333333333333,14.0,0.41200069361491226,0.1444444444444445,0.2456830601092896,0.4360632490413056,0.3300865800865801,0.5639367509586943
2024-12-05,-0.09874977711902465,45.07849812594637,0.4147982062780269,4.214504271245303,1.6089855517926566,2.404754609614237,-0.09197916402157992,-0.028840294541366992,0.30000000000000004,-0.30000000000000004,-0.30000000000000004,0.0674490759470226,0.047219825944377965,0.0,0.02598602355759537,0.18141475599492637,low_connectivity,partial_correlation,60,residual,30,84,0.19310344827586207,0.02,0,5.6,0.5809468626976013,0.5553666353225708,1.5823851823806763,0.10374049842357635,0.03707839921116829,0.020032649859786034,-0.006354143377393484,0.30952380952380953,0.6904761904761905,0.04774967208504677,0.020032649859786034,-0.006354143377393484,0.12298774040021661,0.26716141001855287,-0.08726110422871293,1.0,1,0.8370002508163452,0.05184641107916832,3.086568832397461,0.47117316722869873,0.06284497678279877,0.24944210439679187,5,0.26666666666666666,0.20666666666666672,greedy,0.5,0.8620689655172413,0.0807759240269661,0.04031119868159294,0.0,1.296338726734293,37.593823075294495,5.0,1.9333333333333333,10.0,0.4136177067869696,0.17582417582417587,0.21908059242161954,0.42609396569054875,0.4497474747474748,0.5739060343094513
2024-12-06,-0.1201238990144811,44.02252857078188,0.39385206532180594,-1.0559695551644879,-5.13045702973735,7.017039713384342,-0.09772971792015005,-0.028840294541366992,0.30000000000000004,-0.30000000000000004,-0.30000000000000004,0.0674490759470226,0.0743534030919039,0.0,-0.01677112158681691,0.18141475599492637,low_connectivity,partial_correlation,60,residual,30,84,0.19310344827586207,0.02,0,5.6,0.5718784928321838,0.5184946656227112,1.506903052330017,0.10212115943431854,0.03662361949682236,0.01971995085477829,-0.006388294976204634,0.32142857142857145,0.6785714285714286,0.04793880507349968,0.01971995085477829,-0.006388294976204634,0.13743347233935807,0.287292817679558,-0.10044658810780785,1.0,1,0.8265894055366516,0.05180935189127922,3.084972858428955,0.4662773311138153,0.06320396810770035,0.234240561280164,5,0.3,0.23333333333333334,greedy,0.5333333333333333,0.8620689655172413,0.0802462175488472,0.04021064192056656,0.0,1.2986527969097268,37.66093111038208,5.0,1.9333333333333333,12.0,0.4136807511164539,0.1333333333333333,0.23373983739837398,0.47046316512051706,0.4962193362193362,0.5295368348794829
2024-12-09,-0.1942227933910255,40.40915499763547,0.323943661971831,-3.6133735731464114,1.5943568860656896,-7.724011858414656,-0.10586713584701596,-0.05706036769474763,0.30000000000000004,-0.30000000000000004,-0.30000000000000004,0.0674490759470226,0.03510448324847645,0.0,-0.015263605039687279,0.18141475599492637,low_connectivity,partial_correlation,60,residual,30,82,0.18850574712643678,0.02,0,5.466666666666667,0.5590463876724243,0.5292783379554749,1.4852243661880493,0.10226457566022873,0.036329641938209534,0.019277460873126984,-0.006678159348666668,0.3048780487804878,0.6951219512195121,0.04778489097952843,0.019277460873126984,-0.006678159348666668,0.11653761434480313,0.2970873786407767,0.008817355870815518,1.0,1,0.8200609087944031,0.05135068669915199,3.075819969177246,0.4831959903240204,0.06178900972008705,0.24387200812061555,5,0.26666666666666666,0.20666666666666672,greedy,0.5,0.8620689655172413,0.08039651811122894,0.04007886350154877,0.0,1.300009583604747,37.70027792453766,5.0,1.9333333333333333,11.0,0.4120968793686551,0.1348314606741573,0.33689024390243905,0.571927910491308,0.45111111111111113,0.428072089508692
2024-12-10,-0.1012165583085436,44.95638393119921,0.41248,4.547228933563744,-3.057496821668238,-3.4988209219646365,-0.11310747161322057,-0.028840294541366992,0.30000000000000004,-0.30000000000000004,-0.30000000000000004,0.0674490759470226,0.02355124261435012,0.0,0.02598602355759537,0.22374486572707597,low_connectivity,partial_correlation,60,residual,30,84,0.19310344827586207,0.02,0,5.6,0.5476287603378296,0.5278594493865967,1.3713122606277466,0.09779086709022522,0.034173838794231415,0.018883751705288887,-0.006443158723413944,0.32142857142857145,0.6785714285714286,0.047156453132629395,0.018883751705288887,-0.006443158723413944,0.11038674760424867,0.2932330827067669,0.005295145036634276,1.0,1,0.7948111295700073,0.04710885509848595,3.086041212081909,0.4629468023777008,0.06167988479137421,0.2570647607961965,4,0.3,0.25555555555555554,greedy,0.4666666666666667,0.896551724137931,0.08094122260808945,0.0397876538336277,0.0,1.3030820756122983,37.78938019275665,5.0,1.9333333333333333,11.0,0.4134199671361638,0.17582417582417587,0.21203299369238235,0.4716049883124031,0.3539393939393939,0.5283950116875968
2024-12-11,-0.15234052267899578,42.441356345232805,0.36340371081253997,-2.5150275859664077,1.5773624905317405,-1.668865793762592,-0.12271846919068355,-0.042950331118057225,0.30000000000000004,-0.30000000000000004,-0.30000000000000004,0.035972840505078714,0.0644064894050577,0.0,0.07386430145683172,0.13908464626277692,low_connectivity,partial_correlation,60,residual,30,83,0.19080459770114944,0.02,0,5.533333333333333,0.5324727892875671,0.5215561985969543,1.3583004474639893,0.09623001515865326,0.03429889678955078,0.018361132591962814,-0.006263269577175379,0.3132530120481928,0.6867469879518072,0.04737946763634682,0.018361132591962814,-0.006263269577175379,0.1321378031409804,0.29714285714285715,-0.028422267767407007,0.9666666666666667,2,0.7738366723060608,4.624496785510246e-09,3.081596851348877,0.4416312575340271,0.06303922086954117,0.2502484747703064,6,0.26666666666666666,0.19777777777777783,greedy,0.6,0.8275862068965517,0.08083584159612656,0.039596766233444214,0.0,1.3042340607478702,37.82278776168823,5.0,1.9333333333333333,11.0,0.4016169106680543,0.22340425531914898,0.32846115946789295,0.5219137941205553,0.5570436507936508,0.4780862058794447
2024-12-12,-0.21440730017450849,39.44094295556943,0.30316597377678284,-3.000413389663372,-5.637555170376935,-9.370987323471859,-0.1210919104675937,-0.028840294541366992,0.30000000000000004,-0.30000000000000004,-0.30000000000000004,0.004496605063134826,0.07701551231587936,0.0,0.014928141192661105,0.13908464626277692,low_connectivity,partial_correlation,60,residual,30,84,0.19310344827586207,0.02,0,5.6,0.5350378155708313,0.46463096141815186,1.300852656364441,0.09554246813058853,0.03527422994375229,0.018449580296874046,-0.006507646758109331,0.30952380952380953,0.6904761904761905,0.04789392650127411,0.018449580296874046,-0.006507646758109331,0.13885076118532108,0.30978260869565216,-0.06614801417710922,0.9333333333333333,3,0.7778327465057373,1.180193769419874e-16,3.066037893295288,0.4629427194595337,0.0634298101067543,0.2362978851648449,6,0.26666666666666666,0.22444444444444447,greedy,0.5,0.8275862068965517,0.08036886900663376,0.03955645114183426,0.0,1.3055365003388504,37.86055850982666,5.0,1.9333333333333333,15.0,0.3914435693701565,0.1648351648351648,0.6022647348431566,0.7500924953460716,0.7023809523809524,0.24990750465392841
2024-12-13,-0.18307110178515512,40.94735290524825,0.33535805626598464,1.5064099496788188,-3.075175665533628,-4.365266315544218,-0.12225089992522759,-0.042950331118057225,0.30000000000000004,-0.30000000000000004,-0.30000000000000004,0.035972840505078714,0.0524312463525805,0.0,0.05464139613769364,0.13908464626277692,low_connectivity,partial_correlation,60,residual,30,83,0.19080459770114944,0.02,0,5.533333333333333,0.5332101583480835,0.5286118984222412,1.3711719512939453,0.09636328369379044,0.0365133062005043,0.018386557698249817,-0.006019135005772114,0.3373493975903614,0.6626506024096386,0.047726478427648544,0.018386557698249817,-0.006019135005772114,0.12576226518291483,0.28846153846153844,0.005119083940291307,0.9666666666666667,2,0.7849155068397522,8.326620406873961e-17,3.0726194381713867,0.4500233829021454,0.062033820897340775,0.2277291517547481,6,0.23333333333333334,0.20222222222222225,greedy,0.5333333333333333,0.8275862068965517,0.0814264789223671,0.03967989981174469,0.0,1.305910320117556,37.87139928340912,4.0,1.9333333333333333,12.0,0.40173258093182157,0.20430107526881724,0.28760583992473604,0.5601676427021678,0.5052910052910052,0.4398323572978322
2024-12-16,-0.25799156736118284,37.37919898380518,0.2595078299776286,-3.56815392144307,-3.0299560138302866,-9.130841068344132,-0.12243124807047488,-0.05706036769474763,0.30000000000000004,-0.30000000000000004,-0.30000000000000004,0.035972840505078714,0.02967144004936731,0.0,0.0167711215868168,0.13908464626277692,low_connectivity,partial_correlation,60,residual,30,82,0.18850574712643678,0.02,0,5.466666666666667,0.5329257845878601,0.3978378176689148,1.3791306018829346,0.09748641401529312,0.03568027913570404,0.018376750871539116,-0.006417071912437677,0.3170731707317073,0.6829268292682927,0.04886367917060852,0.018376750871539116,-0.006417071912437677,0.11364509909547256,0.2925430210325048,-0.02671871229991366,0.9666666666666667,2,0.7974968552589417,-8.673731199936323e-17,3.0548641681671143,0.45243778824806213,0.06455689668655396,0.2593915441209068,6,0.3,0.2088888888888889,greedy,0.5,0.8275862068965517,0.08167942613363266,0.03970824554562569,0.0,1.3060258339191306,37.874749183654785,4.0,1.9333333333333333,11.0,0.4013453643212373,0.16666666666666663,0.17579443131169137,0.478261553498661,0.47962962962962963,0.521738446501339
2024-12-17,-0.16993137527618474,41.584281698154946,0.3485623003194888,4.205082714349764,-3.3721022330442665,-3.254067283414024,-0.11386616697297032,-0.014730257964676585,0.30000000000000004,-0.30000000000000004,-0.30000000000000004,0.0674490759470226,0.0797772767541629,0.0,-0.06997605903464965,0.18141475599492637,low_connectivity,partial_correlation,60,residual,30,85,0.19540229885057472,0.02,0,5.666666666666667,0.5464324355125427,0.40736332535743713,1.383434772491455,0.096429243683815,0.036245256662368774,0.01884249597787857,-0.00724784703925252,0.29411764705882354,0.7058823529411765,0.04847189411520958,0.01884249597787857,-0.00724784703925252,0.14032110578963122,0.29294755877034356,-0.08608661813377705,1.0,1,0.8051026463508606,0.03615669161081314,3.0816268920898438,0.4671657681465149,0.0635618045926094,0.2655288792802193,5,0.26666666666666666,0.2088888888888889,greedy,0.5333333333333333,0.8620689655172413,0.08050966262817383,0.03962292522192001,0.0,1.3076352086560479,37.92142105102539,4.0,1.9333333333333333,15.0,0.4146247309885948,0.08045977011494254,0.6597212345327834,0.7473621401482382,0.5767195767195766,0.2526378598517618
2024-12-18,-0.2927111844080598,35.768586337481054,0.22293197061641648,-5.815695360673892,-6.672770007751751,-6.417384853547702,-0.1183476385480329,-0.042950331118057225,0.30000000000000004,-0.30000000000000004,-0.30000000000000004,0.004496605063134826,0.06346538483654111,0.0,0.003870258827726953,0.09675453653062746,low_connectivity,partial_correlation,60,residual,30,83,0.19080459770114944,0.02,0,5.533333333333333,0.5393654108047485,0.45938020944595337,1.3685678243637085,0.09747566282749176,0.035622116178274155,0.018598806113004684,-0.006715412717312574,0.3132530120481928,0.6867469879518072,0.04871498793363571,0.018598806113004684,-0.006715412717312574,0.13163676546911074,0.30393996247654786,-0.09577917339527132,0.9333333333333333,3,0.802638828754425,2.860017996060476e-17,3.0567104816436768,0.4640006721019745,0.06629915535449982,0.23744027074125196,7,0.23333333333333334,0.18888888888888894,greedy,0.5333333333333333,0.7931034482758621,0.08006704598665237,0.039561402052640915,0.0,1.3080094230586086,37.932273268699646,4.0,1.9333333333333333,14.0,0.3909509729893728,0.15384615384615385,0.44163333643382013,0.6447889359889315,0.5571428571428572,0.3552110640110685
2024-12-19,-0.15810272572185063,42.16007857383398,0.35919540229885055,6.391492236352924,2.719135618264545,-1.058464274016103,-0.11751515973056943,-0.05706036769474763,0.30000000000000004,-0.30000000000000004,-0.30000000000000004,0.035972840505078714,-0.014781883464926752,0.0,0.11386708866838816,0.18141475599492637,low_connectivity,partial_correlation,60,residual,30,82,0.18850574712643678,0.02,0,5.466666666666667,0.540678083896637,0.4845716953277588,1.3963847160339355,0.09890454262495041,0.038841843605041504,0.018644073978066444,-0.0060046338476240635,0.32926829268292684,0.6707317073170732,0.04665238410234451,0.018644073978066444,-0.0060046338476240635,0.08997845198145653,0.2236024844720497,-0.059658100142070764,0.9666666666666667,2,0.7749127149581909,2.0816681711721685e-17,3.0929200649261475,0.4490554630756378,0.06391151994466782,0.2327418921243827,5,0.3333333333333333,0.2555555555555556,greedy,0.5,0.8620689655172413,0.0829022079706192,0.04007410630583763,0.0,1.3037480691383625,37.80869400501251,4.0,1.9333333333333333,12.0,0.4006082659651493,0.26315789473684215,0.1292743953294412,0.3798362357875048,0.40182436611008043,0.6201637642124952
2024-12-20,-0.1663876819009398,41.75654880222687,0.3523779125438877,-0.40352977160711134,0.8091958969786148,-0.7401795420795523,-0.1105791721638942,-0.042950331118057225,0.30000000000000004,-0.30000000000000004,-0.30000000000000004,0.0674490759470226,-0.020823241879903722,0.0,0.0167711215868168,0.22374486572707597,low_connectivity,partial_correlation,60,residual,30,83,0.19080459770114944,0.02,0,5.533333333333333,0.5516157746315002,0.5307460427284241,1.2789232730865479,0.09968959540128708,0.03892520070075989,0.019021233543753624,-0.006179966498166323,0.3253012048192771,0.6746987951807228,0.04489241912961006,0.019021233543753624,-0.006179966498166323,0.08676207384832153,0.20041753653444677,-0.08124185681373391,1.0,1,0.7592781782150269,0.05131850764155388,3.1155362129211426,0.4225444495677948,0.06256741285324097,0.26420636689771293,4,0.3333333333333333,0.2644444444444445,greedy,0.5333333333333333,0.896551724137931,0.08291956037282944,0.04011325538158417,0.0,1.3028097892629689,37.7814838886261,4.0,1.9333333333333333,14.0,0.41189900561025317,0.16666666666666663,0.20606417427141596,0.4044982502264634,0.31660561660561654,0.5955017497735366
2024-12-23,-0.23490758993513483,38.46599889876143,0.28047223994894704,-3.2905499034654397,1.086799914956245,-1.4085800198235603,-0.1130655445230434,-0.042950331118057225,0.30000000000000004,-0.30000000000000004,-0.30000000000000004,0.0674490759470226,-0.03136372606772324,0.0,0.045938289563889616,0.13908464626277692,low_connectivity,partial_correlation,60,residual,30,83,0.19080459770114944,0.02,0,5.533333333333333,0.5476949214935303,0.49989086389541626,1.3291326761245728,0.09898100793361664,0.04030221700668335,0.018886031582951546,-0.006339354440569878,0.3253012048192771,0.6746987951807228,0.04579327628016472,0.018886031582951546,-0.006339354440569878,0.08115039175207114,0.20773930753564154,-0.12618935545170185,1.0,1,0.763222336769104,0.05557685345411301,3.108574390411377,0.42419636249542236,0.06297725439071655,0.2737398894879711,6,0.23333333333333334,0.17333333333333334,greedy,0.5666666666666667,0.8275862068965517,0.08328571170568466,0.04007865488529205,0.0,1.3041421298323006,37.82012176513672,4.0,1.9333333333333333,14.0,0.4121992913271047,0.19565217391304346,0.20365798357434373,0.47279030383519577,0.4090909090909091,0.5272096961648043
2024-12-24,-0.2019616624669945,40.037008494756606,0.3196172248803828,1.5710095959951786,-1.5472732033983405,1.2694050833497172,-0.11808740970483372,-0.05706036769474763,0.30000000000000004,-0.30000000000000004,-0.30000000000000004,0.0674490759470226,-0.014050595805296502,0.0,-0.003957230936215212,0.22374486572707597,low_connectivity,partial_correlation,60,residual,30,82,0.18850574712643678,0.02,0,5.466666666666667,0.5397757291793823,0.4653675854206085,1.3133803606033325,0.09873947501182556,0.040351856499910355,0.018612956628203392,-0.006235948298126459,0.3170731707317073,0.6829268292682927,0.0463486909866333,0.018612956628203392,-0.006235948298126459,0.09036778455799017,0.22176591375770022,-0.13562210716514445,1.0,1,0.7601415514945984,0.05680045858025551,3.1019532680511475,0.4280163049697876,0.06274539977312088,0.2774100372803457,4,0.3333333333333333,0.26,greedy,0.5,0.896551724137931,0.0835672914981842,0.03985163941979408,0.0,1.3056028218104923,37.86248183250427,4.0,1.9333333333333333,13.0,0.41161814603769004,0.1460674157303371,0.49060638460363526,0.6802021010066392,0.5208333333333334,0.31979789899336075
2024-12-25,-0.12818051846850817,43.6258455385395,0.38807397959183676,3.5888370437828954,7.857259201058447,-1.2341847626052243,-0.11360258122222427,-0.07117040427143786,0.30000000000000004,-0.30000000000000004,-0.30000000000000004,0.0674490759470226,-0.013352828187041012,0.0,0.07875135353809654,0.22374486572707597,low_connectivity,partial_correlation,60,residual,30,81,0.18620689655172415,0.02,0,5.4,0.5468481183052063,0.477960467338562,1.4029382467269897,0.10126816481351852,0.04154112562537193,0.018856829032301903,-0.006598134990781546,0.30864197530864196,0.691358024691358,0.04766806960105896,0.018856829032301903,-0.006598134990781546,0.09073927129246415,0.219959266802444,-0.11766938371538416,1.0,1,0.793036699295044,0.06529124081134796,3.0875890254974365,0.449273020029068,0.062474824488162994,0.2718103869664471,4,0.3,0.26,greedy,0.5,0.896551724137931,0.082952119410038,0.03993738442659378,0.0,1.3042427753580028,37.82304048538208,4.0,1.9333333333333333,13.0,0.411291655384261,0.2282608695652174,0.20597067655891185,0.38750941634805175,0.421969696969697,0.6124905836519483
2024-12-26,-0.0937944087055007,45.323983777164266,0.42174051641695887,1.6981382386247645,3.1639052033302875,1.8544712030105543,-0.10864021551399419,-0.05706036769474763,0.30000000000000004,-0.30000000000000004,-0.30000000000000004,0.0674490759470226,-0.01200932074307508,0.0,0.1350516633043673,0.18141475599492637,low_connectivity,partial_correlation,60,residual,30,82,0.18850574712643678,0.02,0,5.466666666666667,0.554673433303833,0.4700506627559662,1.4682797193527222,0.10146464407444,0.040310245007276535,0.019126668572425842,-0.005243753548711538,0.36585365853658536,0.6341463414634146,0.0482085719704628,0.019126668572425842,-0.005243753548711538,0.09145454551849971,0.1875,-0.3175734261763681,1.0,1,0.7902053594589233,0.06128568574786186,3.0864362716674805,0.4410972595214844,0.06543624401092529,0.25278130431674006,5,0.26666666666666666,0.20666666666666672,greedy,0.5,0.8620689655172413,0.08421334624290466,0.04013551026582718,0.0,1.3014336413350598,37.741575598716736,5.0,1.9333333333333333,14.0,0.41223810636563324,0.28421052631578947,0.24697057126370456,0.4442288421427136,0.4797979797979798,0.5557711578572864
2024-12-27,-0.12025677939299136,44.01597961268634,0.39579349904397704,-1.3080041644779286,2.2594308104594703,-5.137005987832893,-0.1058687457924721,-0.042950331118057225,0.30000000000000004,-0.30000000000000004,-0.30000000000000004,0.0674490759470226,0.0003244499209099122,0.0,0.03704390592252952,0.22374486572707597,low_connectivity,partial_correlation,60,residual,30,83,0.19080459770114944,0.02,0,5.533333333333333,0.5590438842773438,0.48362016677856445,1.4944158792495728,0.10103202611207962,0.039590369910001755,0.01927737332880497,-0.0055075096897780895,0.3614457831325301,0.6385542168674698,0.04808327928185463,0.01927737332880497,-0.0055075096897780895,0.09802096113860234,0.18714555765595464,-0.33646236955089687,1.0,1,0.7879042625427246,0.06109258532524109,3.0882034301757812,0.43664172291755676,0.06604748964309692,0.24634386463866784,4,0.3333333333333333,0.2644444444444445,greedy,0.5,0.896551724137931,0.08292875438928604,0.04005022346973419,0.0,1.3022499372219216,37.76524817943573,4.0,1.9333333333333333,16.0,0.41296262566100134,0.18681318681318682,0.7097512153274235,0.8334996803944194,0.7295238095238095,0.16650031960558065
2024-12-30,-0.15666955489011666,42.22999099941297,0.36094297546989484,-1.7859886132733678,3.763992100651542,3.4151928878431903,-0.12255017850927806,-0.05706036769474763,0.30000000000000004,-0.30000000000000004,-0.30000000000000004,0.0674490759470226,-0.005296856282718977,0.0,0.03704390592252952,0.22374486572707597,low_connectivity,partial_correlation,60,residual,30,82,0.18850574712643678,0.02,0,5.466666666666667,0.532738208770752,0.43478119373321533,1.4890036582946777,0.09745212644338608,0.03888693079352379,0.018370283767580986,-0.005541215185075998,0.34146341463414637,0.6585365853658537,0.0483195036649704,0.018370283767580986,-0.005541215185075998,0.09502821594603343,0.2172211350293542,-0.3005919388357731,1.0,1,0.7613090872764587,0.06183360144495964,3.0886709690093994,0.4050268232822418,0.06572367250919342,0.2797772074902214,4,0.3,0.25555555555555554,greedy,0.5,0.896551724137931,0.0806361511349678,0.03949368745088577,0.0,1.3053226018774098,37.854355454444885,4.0,1.9333333333333333,15.0,0.41227508359713577,0.18681318681318682,0.6286429202237268,0.7265051790685548,0.6743055555555556,0.27349482093144517
2024-12-31,-0.16951642699761343,41.60444275046174,0.3490445859872611,-0.6255482489512261,1.5674342557051375,-6.409438002405707,-0.10877894485649214,-0.042950331118057225,0.30000000000000004,-0.30000000000000004,-0.30000000000000004,0.035972840505078714,-0.011456300546977995,0.0,0.07628155302390893,0.18141475599492637,low_connectivity,partial_correlation,60,residual,30,83,0.19080459770114944,0.02,0,5.533333333333333,0.5544546246528625,0.4917086958885193,1.447089433670044,0.10020264983177185,0.040330540388822556,0.019119124859571457,-0.0038672699593007565,0.40963855421686746,0.5903614457831325,0.04773174598813057,0.019119124859571457,-0.0038672699593007565,0.09174896970983706,0.22770398481973433,-0.29581660816659244,0.9666666666666667,2,0.7860247492790222,1.0276648421125856e-09,3.08060884475708,0.39586031436920166,0.06940110772848129,0.28737011656175665,5,0.3,0.24222222222222223,greedy,0.4666666666666667,0.8620689655172413,0.08019185066223145,0.0398278534412384,0.0,1.3019946032556995,37.75784349441528,4.0,1.9333333333333333,15.0,0.4017343367853156,0.22580645161290325,0.602073486812014,0.7168408325982506,0.7434523809523809,0.2831591674017494
2025-01-02,-0.2867808563983589,36.041538506343215,0.22986310092327283,-5.562904244118528,-7.5843070321962855,-4.822455348357849,-0.12244337404263397,-0.07117040427143786,0.30000000000000004,-0.30000000000000004,-0.30000000000000004,0.035972840505078714,-0.03603823039883679,0.0,0.0678136655466942,0.13908464626277692,low_connectivity,partial_correlation,60,residual,30,81,0.18620689655172415,0.02,0,5.4,0.5329066514968872,0.4886381924152374,1.490915298461914,0.09868641942739487,0.03950046747922897,0.018376091495156288,-0.0035323488991707563,0.41975308641975306,0.5802469135802469,0.04753857105970383,0.018376091495156288,-0.0035323488991707563,0.07866171743727372,0.1721311475409836,-0.27823716725862424,0.9666666666666667,2,0.7553707957267761,1.1561244406266269e-08,3.0876855850219727,0.38438618183135986,0.06738804280757904,0.28885142335673336,6,0.26666666666666666,0.1955555555555556,greedy,0.5666666666666667,0.8275862068965517,0.07943931221961975,0.03949904814362526,0.0,1.306199180668798,37.87977623939514,5.0,1.9333333333333333,12.0,0.4001373780926982,0.21739130434782605,0.4758235603604827,0.6333641410086762,0.68,0.3666358589913238
2025-01-03,-0.24189199615423537,38.13589895582513,0.2737110120942075,2.0943604494819112,-7.188084821339139,-6.942599170121241,-0.12219314741375809,-0.0993904774248185,0.30000000000000004,-0.30000000000000004,-0.30000000000000004,0.0674490759470226,-0.08417717319929698,0.0,0.07267486020953969,0.22374486572707597,low_connectivity,partial_correlation,60,residual,30,79,0.18160919540229886,0.02,0,5.266666666666667,0.5333012342453003,0.5066794157028198,1.4819873571395874,0.10125972330570221,0.03868519514799118,0.01838969811797142,-0.004024894908070564,0.3924050632911392,0.6075949367088608,0.047972582280635834,0.01838969811797142,-0.004024894908070564,0.05303287168102889,0.13807531380753138,-0.3812029725739453,1.0,1,0.7417080402374268,0.060154471546411514,3.081247568130493,0.3738524615764618,0.06895674765110016,0.2748406860159514,4,0.3333333333333333,0.2644444444444445,greedy,0.5,0.896551724137931,0.07658277451992035,0.0393969751894474,0.0,1.3067789488825305,37.896589517593384,4.0,1.9333333333333333,13.0,0.40986059256097823,0.2222222222222222,0.4581061623335652,0.5951398434121207,0.4602272727272727,0.4048601565878793
2025-01-06,-0.2227053680622226,39.045245704953466,0.2936684696150175,0.9093467491283391,-4.970733907732871,-4.977282865828414,-0.14377641874047464,-0.0993904774248185,0.2709672307730014,-0.30000000000000004,-0.30000000000000004,0.0674490759470226,-0.05614872682109802,0.0,0.11444908247706881,0.22374486572707597,low_connectivity,partial_correlation,60,residual,30,79,0.18160919540229886,0.02,0,5.266666666666667,0.49926576018333435,0.49312692880630493,1.372666358947754,0.0947972983121872,0.03802494704723358,0.017216060310602188,-0.003056187415495515,0.4050632911392405,0.5949367088607594,0.04752584919333458,0.017216060310602188,-0.003056187415495515,0.06795502591261648,0.18181818181818182,-0.2285525431496784,1.0,1,0.7057479619979858,0.055171817541122437,3.0883078575134277,0.36266565322875977,0.06619544327259064,0.27891955766299825,4,0.3,0.25555555555555554,greedy,0.5666666666666667,0.896551724137931,0.07611016929149628,0.03880465403199196,0.0,1.311821616929153,38.042826890945435,5.0,1.9333333333333333,13.0,0.4097116815318778,0.2637362637362637,0.3469237562555196,0.48479004862329084,0.5441919191919191,0.5152099513767092
2025-01-07,-0.3862679486655614,31.59307962181121,0.13263358778625955,-7.452166083142256,-10.63691137760176,-8.816075375824258,-0.17286765357486159,-0.14172058715488953,0.2185332922660798,-0.30000000000000004,-0.30000000000000004,0.035972840505078714,-0.03617919553415763,0.0,0.12857859883226255,0.18141475599492637,low_connectivity,partial_correlation,60,residual,30,76,0.17471264367816092,0.02,0,5.066666666666666,0.4533906579017639,0.46140938997268677,1.1708630323410034,0.08948499709367752,0.03445759415626526,0.015634160488843918,-0.0026983078569173813,0.39473684210526316,0.6052631578947368,0.04876936227083206,0.015634160488843918,-0.0026983078569173813,0.07858666855792626,0.18834080717488788,-0.22886624010159937,0.9666666666666667,2,0.6570211052894592,5.551115123125783e-17,3.0548715591430664,0.3380386531352997,0.06958472728729248,0.2690218610641592,5,0.3333333333333333,0.2555555555555556,greedy,0.5666666666666667,0.8620689655172413,0.07276123762130737,0.03801393881440163,0.0,1.3191793334895168,38.256200671195984,5.0,1.9333333333333333,13.0,0.39671622420521985,0.2777777777777778,0.5325373134328358,0.6476394987812126,0.6833333333333332,0.35236050121878737
2025-01-08,-0.3949216879536465,31.22023006363261,0.12782193958664548,-0.37284955817860066,-10.384212686829134,-13.736153867566603,-0.16014161706470262,-0.12761055057819914,0.2589150081053592,-0.30000000000000004,-0.30000000000000004,0.004496605063134826,-0.0016177912007701988,0.0,0.0919520114587545,0.13908464626277692,low_connectivity,partial_correlation,60,residual,30,77,0.17701149425287357,0.02,0,5.133333333333334,0.47345876693725586,0.45438337326049805,1.2067095041275024,0.09223224222660065,0.03241976723074913,0.016326166689395905,-0.0028566003311425447,0.4025974025974026,0.5974025974025974,0.049793168902397156,0.016326166689395905,-0.0028566003311425447,0.09698692517451175,0.24101479915433405,-0.2715219931279574,0.9333333333333333,3,0.6945478320121765,3.062976023773222e-17,3.0280885696411133,0.3912595212459564,0.06848140805959702,0.26804205681380033,6,0.26666666666666666,0.22666666666666668,greedy,0.5,0.8275862068965517,0.07322148978710175,0.038163576275110245,0.0,1.3168022344852317,38.187264800071716,5.0,1.9333333333333333,10.0,0.38671266549620137,0.24137931034482762,0.35374149659863946,0.5869762578603734,0.5793939393939394,0.41302374213962656
2025-01-09,-0.3299380610021196,34.07674395709893,0.18785759694850604,2.8565138934663175,-1.9647945492442886,-8.364612388133878,-0.14233133854986724,-0.11350051400150891,0.2622084326693089,-0.30000000000000004,-0.30000000000000004,0.0674490759470226,-0.03315168132196563,0.0,0.0479732082599645,0.18141475599492637,low_connectivity,partial_correlation,60,residual,30,78,0.1793103448275862,0.02,0,5.2,0.5015445351600647,0.4471578001976013,1.1933890581130981,0.09645087271928787,0.03449880704283714,0.017294639721512794,-0.0029550569597631693,0.41025641025641024,0.5897435897435898,0.04708448797464371,0.017294639721512794,-0.0029550569597631693,0.08019849653451336,0.18666666666666668,-0.23375485247321237,1.0,1,0.6976084113121033,0.022186359390616417,3.0867788791656494,0.3667237162590027,0.06240013241767883,0.2690202054271213,5,0.36666666666666664,0.2488888888888889,greedy,0.5333333333333333,0.8620689655172413,0.07539468258619308,0.03873021900653839,0.0,1.311198723727259,38.024762988090515,5.0,1.9333333333333333,12.0,0.4087982776007433,0.19767441860465118,0.6143250688705234,0.7524913306816012,0.5473484848484849,0.24750866931839877
2025-01-10,-0.2824333441889549,36.24221514409376,0.2338735303463616,2.1654711869948358,-1.8936838117313641,-3.1987278114756705,-0.14575195883180372,-0.11350051400150891,0.2629624542314689,-0.30000000000000004,-0.30000000000000004,0.0674490759470226,-0.013609693018743582,0.0,0.03627242575753411,0.22374486572707597,low_connectivity,partial_correlation,60,residual,30,78,0.1793103448275862,0.02,0,5.2,0.49615052342414856,0.43988490104675293,1.2391637563705444,0.09541354328393936,0.03341354802250862,0.01710863597691059,-0.0032498715445399284,0.3974358974358974,0.6025641025641025,0.048098426312208176,0.01710863597691059,-0.0032498715445399284,0.09060251820299152,0.21888412017167383,-0.21566078350172893,1.0,1,0.6983091235160828,0.021685782819986343,3.0736751556396484,0.368256539106369,0.06304462999105453,0.27986588856915945,4,0.3333333333333333,0.26222222222222225,greedy,0.5,0.896551724137931,0.07368043810129166,0.03853192552924156,0.0,1.3128424430715626,38.07243084907532,6.0,1.9333333333333333,12.0,0.4091362570465981,0.18604651162790697,0.46775493151093733,0.6623000943118449,0.5634848484848486,0.3376999056881551
2025-01-13,-0.5144354764284931,26.33030520481971,0.058132147395171536,-9.911909939274054,-12.714940500133757,-14.617047700428543,-0.15322981293402826,-0.14172058715488953,0.2385469974505472,-0.30000000000000004,-0.30000000000000004,0.035972840505078714,-0.004864990082603191,0.0,-0.028224570475374734,0.13908464626277692,low_connectivity,partial_correlation,60,residual,30,76,0.17471264367816092,0.02,0,5.066666666666666,0.4843583106994629,0.449279248714447,1.1701784133911133,0.095597043633461,0.03294152021408081,0.016702011227607727,-0.0024388714227825403,0.4342105263157895,0.5657894736842105,0.047795411199331284,0.016702011227607727,-0.0024388714227825403,0.09525813857387305,0.20642201834862386,-0.25581966491056424,0.9666666666666667,2,0.6756198406219482,-2.355036043422705e-28,3.0685718059539795,0.33345431089401245,0.06351292878389359,0.28734479542762137,6,0.23333333333333334,0.1955555555555556,greedy,0.5,0.8275862068965517,0.07361990958452225,0.038491297513246536,0.0,1.3143780560329044,38.116963624954224,6.0,1.9333333333333333,11.0,0.39639157384805296,0.12195121951219512,0.5191963850329964,0.6894193933356217,0.6833333333333333,0.31058060666437826
2025-01-14,-0.5409094107530124,25.31619759160726,0.048904414099714195,-1.014107613212449,-6.27688203020395,-12.063001392197922,-0.17560901389093786,-0.14172058715488953,0.20036942851358389,-0.30000000000000004,-0.30000000000000004,0.004496605063134826,-0.029682293074295804,0.0,0.062151803527615415,0.13908464626277692,low_connectivity,partial_correlation,60,residual,30,76,0.17471264367816092,0.02,0,5.066666666666666,0.44906771183013916,0.4139084815979004,1.1214107275009155,0.0886317789554596,0.0315718874335289,0.015485092997550964,-0.002534979023039341,0.42105263157894735,0.5789473684210527,0.04883881285786629,0.015485092997550964,-0.002534979023039341,0.08204557524242401,0.19205298013245034,-0.26412423526153417,0.9333333333333333,3,0.6401414275169373,1.5265566588595902e-16,3.046114444732666,0.3459215462207794,0.06365978717803955,0.2559333960547248,6,0.3333333333333333,0.24222222222222226,greedy,0.5666666666666667,0.8275862068965517,0.07119759172201157,0.03765268996357918,0.0,1.323957874857146,38.39477837085724,6.0,1.9333333333333333,10.0,0.3856282632897869,0.21176470588235297,0.22480949067395326,0.5051585381394648,0.5342365967365968,0.49484146186053524
2025-01-15,-0.5257310330222787,25.894444285629564,0.05523809523809524,0.5782466940223046,-5.325785778003045,-15.689837412525382,-0.17816773103313785,-0.19816073346165083,0.20893369213292529,-0.30000000000000004,-0.30000000000000004,0.004496605063134826,-0.011423070582601735,0.0,0.10950555859627471,0.13908464626277692,low_connectivity,partial_correlation,60,residual,30,72,0.16551724137931034,0.02,0,4.8,0.4450327455997467,0.41210663318634033,1.2161141633987427,0.09271515905857086,0.03159789368510246,0.01534595713019371,-0.0027372832410037518,0.4166666666666667,0.5833333333333334,0.05042454972863197,0.01534595713019371,-0.0027372832410037518,0.09176666111687554,0.20422535211267606,-0.3306887600909574,0.9333333333333333,3,0.6481001973152161,-4.019808263793321e-17,3.018099784851074,0.3088666796684265,0.06613743305206299,0.2490463942729151,6,0.3333333333333333,0.25333333333333335,greedy,0.5666666666666667,0.8275862068965517,0.07173033058643341,0.037849608808755875,0.0,1.3222128235060593,38.34417188167572,5.0,1.9333333333333333,11.0,0.3830917081470919,0.2588235294117647,0.46076855975391395,0.6604933006352116,0.5834656084656085,0.3395066993647884
2025-01-16,-0.42893154171551223,29.77860020318274,0.10758489368454459,3.8841559175531764,-4.298143753916186,-5.989986134298313,-0.15977797491656487,-0.1558306237315798,0.242541656936162,-0.30000000000000004,-0.30000000000000004,0.035972840505078714,0.06158013294600816,0.0,-0.0348323294495427,0.18141475599492637,low_connectivity,partial_correlation,60,residual,30,75,0.1724137931034483,0.02,0,5.0,0.47403234243392944,0.43669262528419495,1.3095604181289673,0.09480646997690201,0.03332095593214035,0.01634594053030014,-0.0029121870175004005,0.41333333333333333,0.5866666666666667,0.049590036273002625,0.01634594053030014,-0.0029121870175004005,0.13063307018410178,0.22629310344827586,-0.27834651863783555,0.9666666666666667,2,0.6793320775032043,1.1561241963775615e-09,3.0439858436584473,0.3097122013568878,0.06537552177906036,0.26581605344586323,5,0.3333333333333333,0.26666666666666666,greedy,0.5333333333333333,0.8620689655172413,0.07297330349683762,0.03814142942428589,0.0,1.3182873561464508,38.23033332824707,6.0,1.9333333333333333,10.0,0.3962234986810392,0.11538461538461542,0.9615894039735099,0.9671931305152369,0.8333333333333334,0.03280686948476308
2025-01-17,-0.5289691828218922,25.770363278442467,0.05456852791878172,-4.008236924740274,-10.471851865651296,-16.38971529539151,-0.1710446815061216,-0.18405069688496042,0.21444428387625122,-0.30000000000000004,-0.30000000000000004,0.035972840505078714,0.03662442492508312,0.0,0.0,0.13908464626277692,low_connectivity,partial_correlation,60,residual,30,73,0.167816091954023,0.02,0,4.866666666666666,0.45626533031463623,0.4169846475124359,1.2935888767242432,0.0937531515955925,0.029202185571193695,0.01573328860104084,-0.0029436927288770676,0.410958904109589,0.589041095890411,0.049778856337070465,0.01573328860104084,-0.0029436927288770676,0.11734682095637558,0.21428571428571427,-0.3196182490592353,0.9666666666666667,2,0.6532211899757385,5.909080336152783e-09,3.0350844860076904,0.32950523495674133,0.06433852016925812,0.25034953827459516,6,0.3333333333333333,0.22000000000000003,greedy,0.5333333333333333,0.8275862068965517,0.06645327061414719,0.037718139588832855,0.0,1.3223493633599117,38.34813153743744,5.0,1.9333333333333333,13.0,0.3947538716525867,0.15000000000000002,0.3061556329849013,0.5819839686462919,0.5432167832167832,0.41801603135370813
2025-01-20,-0.4756720189607479,27.86146054394908,0.0754836663495084,2.091097265506612,1.53115533912937,-13.895088258277788,-0.16197808527194735,-0.14172058715488953,0.2223298254667752,-0.30000000000000004,-0.30000000000000004,0.035972840505078714,0.06694138922317572,0.0,-0.03630204799171747,0.13908464626277692,low_connectivity,partial_correlation,60,residual,30,76,0.17471264367816092,0.02,0,5.066666666666666,0.4705628454685211,0.40559035539627075,1.3153305053710938,0.09287423640489578,0.028971513733267784,0.016226304695010185,-0.0025121611542999744,0.4342105263157895,0.5657894736842105,0.04855923354625702,0.016226304695010185,-0.0025121611542999744,0.13348736656441018,0.21145374449339208,-0.2669603414882684,0.9666666666666667,2,0.6605492234230042,-5.551115123125783e-17,3.0630581378936768,0.3404259979724884,0.06337553262710571,0.2523893856404543,6,0.36666666666666664,0.23777777777777778,greedy,0.6,0.8275862068965517,0.06667255610227585,0.037756241858005524,0.0,1.3219906050583412,38.337727546691895,5.0,1.9333333333333333,13.0,0.39664618129702817,0.11392405063291144,0.4020031421838178,0.6711256321658285,0.6007215007215007,0.32887436783417145
2025-01-21,-0.6257748150952251,22.243200569501784,0.026949904882688648,-5.6182599744472945,-3.0729970221054757,-16.222798329259643,-0.16548612216673686,-0.1558306237315798,0.2124401874377303,-0.30000000000000004,-0.30000000000000004,0.035972840505078714,0.06210924131714929,0.0,-0.11173487498749413,0.09675453653062746,low_connectivity,partial_correlation,60,residual,30,75,0.1724137931034483,0.02,0,5.0,0.46503087878227234,0.4015612304210663,1.3255802392959595,0.09300616383552551,0.02937677688896656,0.016035547479987144,-0.002147634280845523,0.4533333333333333,0.5466666666666666,0.04829677939414978,0.016035547479987144,-0.002147634280845523,0.1309147638824558,0.21428571428571427,-0.2536675707204391,0.9666666666666667,2,0.6513587832450867,3.2114562120710843e-09,3.0657567977905273,0.2994233965873718,0.06254714727401733,0.2511075828255332,7,0.23333333333333334,0.1755555555555556,greedy,0.5666666666666667,0.7931034482758621,0.06676071137189865,0.037777360528707504,0.0,1.32196765521477,38.33706200122833,6.0,1.9333333333333333,12.0,0.39579241305475493,0.038961038961038974,0.5346266314813494,0.7429231421616304,0.6626984126984127,0.25707685783836964
2025-01-22,-0.31064496749031506,34.94881327313956,0.2076069730586371,12.705612703637772,9.054368987509992,-5.088195221617049,-0.16738691968391026,-0.12761055057819914,0.21891370242984054,-0.30000000000000004,-0.30000000000000004,0.035972840505078714,0.044532901633665564,0.0,0.10351830220828336,0.18141475599492637,low_connectivity,partial_correlation,60,residual,30,77,0.17701149425287357,0.02,0,5.133333333333334,0.4620334506034851,0.3779181241989136,1.2345504760742188,0.0900065153837204,0.028472652658820152,0.01593218743801117,-0.0037108275573700666,0.38961038961038963,0.6103896103896104,0.048572905361652374,0.01593218743801117,-0.0037108275573700666,0.1215572401708411,0.2422360248447205,-0.24644284198249714,0.9666666666666667,2,0.6573746204376221,-1.1404152672129584e-29,3.0592105388641357,0.3440552055835724,0.06375011056661606,0.2504048229968392,5,0.3333333333333333,0.24888888888888894,greedy,0.5,0.8620689655172413,0.06721652299165726,0.03770781308412552,0.0,1.3243755184370896,38.4068900346756,5.0,1.9333333333333333,16.0,0.3974170220937309,0.25287356321839083,0.37338377965601627,0.630863560658659,0.528968253968254,0.369136439341341
2025-01-23,-0.41262205595527085,30.465161576141085,0.11913814955640051,-4.483651696998471,0.6865613729583444,-13.160683962398416,-0.16665634698840515,-0.11350051400150891,0.20295295935092694,-0.30000000000000004,-0.30000000000000004,0.035972840505078714,0.0628878716897399,0.0,0.02663648722612091,0.13908464626277692,low_connectivity,partial_correlation,60,residual,30,78,0.1793103448275862,0.02,0,5.2,0.46318548917770386,0.3931575417518616,1.242875099182129,0.08907413482666016,0.03034515120089054,0.015971913933753967,-0.0034502996131777763,0.41025641025641024,0.5897435897435898,0.04720083251595497,0.015971913933753967,-0.0034502996131777763,0.13132930139739393,0.2587268993839836,-0.24417529835503426,0.9666666666666667,2,0.64254230260849,2.569159052168146e-10,3.075523614883423,0.279746949672699,0.06176896020770073,0.28213316501273356,6,0.23333333333333334,0.2088888888888889,greedy,0.5333333333333333,0.8275862068965517,0.06675335019826889,0.03769444301724434,0.0,1.3260316561008323,38.45491802692413,4.0,1.9333333333333333,17.0,0.3977259480034026,0.17647058823529416,0.5027272430349152,0.6746499658059929,0.6890909090909091,0.3253500341940071
2025-01-24,-0.4269273098600053,29.862488872131042,0.10896420652518214,-0.6026727040100432,4.092125593688575,-15.461494905033224,-0.17680073319715367,-0.14172058715488953,0.18838756665350298,-0.30000000000000004,-0.30000000000000004,0.035972840505078714,0.09127451339689197,0.0,-0.005455666058362112,0.18141475599492637,low_connectivity,partial_correlation,60,residual,30,76,0.17471264367816092,0.02,0,5.066666666666666,0.44718843698501587,0.375868022441864,1.231038212776184,0.08826086670160294,0.03021283447742462,0.015420290641486645,-0.0037327990867197514,0.39473684210526316,0.6052631578947368,0.04815114289522171,0.015420290641486645,-0.0037327990867197514,0.14644215638604632,0.2569593147751606,-0.2920497864939265,0.9666666666666667,2,0.6290066838264465,4.881413939727963e-09,3.069167137145996,0.24990877509117126,0.06255999952554703,0.29966222375939894,5,0.26666666666666666,0.23555555555555557,greedy,0.5333333333333333,0.8620689655172413,0.06528787314891815,0.0375390499830246,0.0,1.326911342555079,38.48042893409729,5.0,1.9333333333333333,13.0,0.3965101510800164,0.14457831325301207,0.766333176660176,0.8624101129528875,0.7652116402116401,0.1375898870471125
2025-02-03,-0.422933498718235,30.030056718246218,0.11146295123495883,0.16756784611517617,2.1685961742971394,-13.985922894440119,-0.18067398793137843,-0.1558306237315798,0.19677910314908653,-0.30000000000000004,-0.30000000000000004,0.035972840505078714,0.06774428073300086,0.0,0.07399024229478021,0.13908464626277692,low_connectivity,partial_correlation,60,residual,30,75,0.1724137931034483,0.02,0,5.0,0.4410805404186249,0.3744863271713257,1.1914949417114258,0.08821611106395721,0.031199848279356956,0.015209673903882504,-0.004387533757835627,0.37333333333333335,0.6266666666666667,0.04880873113870621,0.015209673903882504,-0.004387533757835627,0.13391482054381312,0.25389755011135856,-0.1735459730701976,0.9666666666666667,2,0.6368049383163452,8.735162815298736e-09,3.064473867416382,0.28119954466819763,0.06284267455339432,0.29779230294909176,6,0.23333333333333334,0.2088888888888889,greedy,0.5,0.8275862068965517,0.06301416456699371,0.03732927143573761,0.0,1.3299719424083316,38.569186329841614,5.0,1.9333333333333333,12.0,0.3959630636362737,0.22352941176470587,0.5764788826965689,0.7306035547238198,0.741111111111111,0.26939644527618023
2025-02-04,-0.5054296422958805,26.681172105810525,0.06362773029439696,-3.3488846124356932,4.437971536308741,-15.548818893602444,-0.17616829866615635,-0.14172058715488953,0.21516950689456893,-0.30000000000000004,-0.30000000000000004,0.035972840505078714,0.036518760844103396,0.0,-0.014286510981362483,0.13908464626277692,low_connectivity,partial_correlation,60,residual,30,76,0.17471264367816092,0.02,0,5.066666666666666,0.44818565249443054,0.37831395864486694,1.2127007246017456,0.08845771849155426,0.031073827296495438,0.015454680658876896,-0.005130578298121691,0.34210526315789475,0.6578947368421053,0.04963698610663414,0.015454680658876896,-0.005130578298121691,0.1172905661182785,0.24411134903640258,-0.18335890433781807,0.9666666666666667,2,0.6538951396942139,-2.7755575615628914e-17,3.052236318588257,0.30945515632629395,0.06354982405900955,0.2868518150452328,6,0.3,0.20444444444444448,greedy,0.5,0.8275862068965517,0.06378133594989777,0.03750285506248474,0.0,1.3297443554319184,38.562586307525635,5.0,1.9333333333333333,12.0,0.3970054321504872,0.13580246913580252,0.6875785542428269,0.811049321121721,0.7804232804232805,0.188950678878279
2025-02-05,-0.49857295641821325,26.950293888277898,0.06677215189873417,0.26912178246737284,-7.998519384861659,-14.654148862183845,-0.17916231765637203,-0.11350051400150891,0.21143845991494917,-0.30000000000000004,-0.30000000000000004,0.035972840505078714,0.03315291670219553,0.0,0.0167711215868168,0.09675453653062746,low_connectivity,partial_correlation,60,residual,30,78,0.1793103448275862,0.02,0,5.2,0.4434643089771271,0.35891100764274597,1.1953027248382568,0.08528159558773041,0.03010777197778225,0.015291874296963215,-0.004958455916494131,0.34615384615384615,0.6538461538461539,0.04918542131781578,0.015291874296963215,-0.004958455916494131,0.11549861358807685,0.2766393442622951,-0.13056367115903425,0.9666666666666667,2,0.6504278779029846,5.551115123125783e-17,3.055727005004883,0.31214508414268494,0.06259903311729431,0.27113212105583506,7,0.2,0.16222222222222224,greedy,0.5,0.7931034482758621,0.061856865882873535,0.037313081324100494,0.0,1.3321606496284748,38.63265883922577,5.0,1.9333333333333333,11.0,0.3983874776040229,0.16666666666666663,0.5195107746068724,0.7138272863050652,0.6494708994708994,0.2861727136949348
2025-02-06,-0.5680926896549202,24.30214182005769,0.042708003796267005,-2.648152068220206,-6.1630197560833935,-11.739396686285524,-0.18027004576559896,-0.11350051400150891,0.19942901815764735,-0.30000000000000004,-0.30000000000000004,0.035972840505078714,0.02759314130440603,0.0,-0.07640177611772127,0.13908464626277692,low_connectivity,partial_correlation,60,residual,30,78,0.1793103448275862,0.02,0,5.2,0.4417175352573395,0.3432825803756714,1.2284268140792847,0.0849456861615181,0.03102307766675949,0.01523163914680481,-0.004544710740447044,0.34615384615384615,0.6538461538461539,0.04858113452792168,0.01523163914680481,-0.004544710740447044,0.11253862697806867,0.2422360248447205,-0.1435484607274239,0.9666666666666667,2,0.6392675042152405,-1.3986660910660137e-30,3.0696215629577637,0.29471275210380554,0.06183980405330658,0.28238331074608697,6,0.23333333333333334,0.19111111111111118,greedy,0.5,0.8275862068965517,0.06222471222281456,0.03735503554344177,0.0,1.3299996071848377,38.56998860836029,5.0,1.9333333333333333,12.0,0.3981860486740582,0.07407407407407407,0.663840096910963,0.8130472074967416,0.7435374149659865,0.18695279250325836
2025-02-07,-0.4012623150292089,30.94857351979706,0.1265022137887413,6.646431699739367,1.0860846476660164,-7.187325436028068,-0.17783892536433843,-0.08528044084812827,0.1971758688332922,-0.30000000000000004,-0.30000000000000004,0.035972840505078714,0.03442272509728732,0.0,0.012870860752673336,0.18141475599492637,low_connectivity,partial_correlation,60,residual,30,80,0.1839080459770115,0.02,0,5.333333333333333,0.4455512762069702,0.3759201169013977,1.1630299091339111,0.08354086428880692,0.03051336482167244,0.015363836660981178,-0.004058270715177059,0.375,0.625,0.047930873930454254,0.015363836660981178,-0.004058270715177059,0.11617465094171564,0.25595238095238093,-0.13952682140755132,0.9666666666666667,2,0.6371736526489258,-1.2604903788613187e-29,3.073249340057373,0.30385035276412964,0.061060309410095215,0.2778126526402353,5,0.26666666666666666,0.23777777777777778,greedy,0.5,0.8620689655172413,0.06193884089589119,0.03729759901762009,0.0,1.3310471814254234,38.60036826133728,5.0,1.9333333333333333,12.0,0.39950186219137745,0.16279069767441856,0.5863660725091199,0.7447316327090009,0.712121212121212,0.2552683672909991
2025-02-10,-0.5439179034288258,25.20260290986021,0.04900411002213089,-5.7459706099368475,-4.827453808386007,-13.842642795093255,-0.2102428284997033,-0.1558306237315798,0.13376192426766254,-0.30000000000000004,-0.30000000000000004,0.035972840505078714,-0.03428659180493223,0.0,0.14762272957187136,0.13908464626277692,low_connectivity,partial_correlation,60,residual,30,75,0.1724137931034483,0.02,0,5.0,0.3944522440433502,0.39229005575180054,1.075755000114441,0.07889045774936676,0.030899541452527046,0.013601803220808506,-0.0039415257051587105,0.3466666666666667,0.6533333333333333,0.04755883663892746,0.013601803220808506,-0.0039415257051587105,0.07959427791185557,0.22195704057279236,-0.0912444902520892,0.9666666666666667,2,0.5782430768013,-9.03099365802285e-28,3.074767827987671,0.28333088755607605,0.06020645052194595,0.2801518303904787,6,0.26666666666666666,0.2,greedy,0.5333333333333333,0.8275862068965517,0.06291479617357254,0.03685984015464783,0.0,1.3364724907381782,38.757702231407166,6.0,1.9333333333333333,10.0,0.3955464321363475,0.29670329670329665,0.3716543461636503,0.5486601689170577,0.6527777777777778,0.4513398310829423
2025-02-11,-0.5638182376814422,24.45975447110323,0.04424778761061947,-0.7428484387569796,-2.2214176347072936,-7.133325150707979,-0.2132290375417487,-0.1558306237315798,0.09800817932134462,-0.30000000000000004,-0.30000000000000004,0.035972840505078714,-0.014190394527715443,0.0,0.1463661520304016,0.13908464626277692,low_connectivity,partial_correlation,60,residual,30,75,0.1724137931034483,0.02,0,5.0,0.3897431790828705,0.3654553294181824,0.9298549294471741,0.07794864475727081,0.02696148119866848,0.01343942154198885,-0.0024755981285125017,0.4266666666666667,0.5733333333333334,0.046119511127471924,0.01343942154198885,-0.0024755981285125017,0.09029335666893896,0.18840579710144928,-0.10126089442449529,0.9666666666666667,2,0.5450171232223511,4.85722573273506e-17,3.0834105014801025,0.2721485495567322,0.05810625106096268,0.28330074871058425,6,0.23333333333333334,0.1955555555555556,greedy,0.6,0.8275862068965517,0.05946478992700577,0.03667435050010681,0.0,1.3389379238260204,38.82919979095459,5.0,1.9333333333333333,11.0,0.3950666569658623,0.2954545454545454,0.3323975294778215,0.6206297522461263,0.5171957671957672,0.37937024775387373
2025-02-12,-0.7151084652099864,19.306488621149143,0.015165876777251185,-5.153265849954089,-7.643805267128755,-11.913741442483467,-0.20396732961995273,-0.14172058715488953,0.1214095938346796,-0.30000000000000004,-0.30000000000000004,0.035972840505078714,-0.009271008324167418,0.0,-0.014286510981362483,0.09675453653062746,low_connectivity,partial_correlation,60,residual,30,76,0.17471264367816092,0.02,0,5.066666666666666,0.4043484032154083,0.41292044520378113,0.9578278660774231,0.07980561256408691,0.027558451518416405,0.013943047262728214,-0.0026687434874475002,0.40789473684210525,0.5921052631578947,0.04581468179821968,0.013943047262728214,-0.0026687434874475002,0.09291240442719023,0.22170900692840648,-0.04039271019564788,0.9666666666666667,2,0.5667640566825867,2.0553321267158253e-09,3.086599349975586,0.2926369309425354,0.05778908729553223,0.28244813880012204,7,0.23333333333333334,0.17111111111111116,greedy,0.6,0.7931034482758621,0.06057945638895035,0.0368700735270977,0.0,1.3350745357316116,38.717161536216736,5.0,1.9333333333333333,12.0,0.39573133071434907,0.13580246913580252,0.8336118213113765,0.9095905102641452,0.8595238095238096,0.09040948973585483
2025-02-13,-0.6530030123296291,21.315594817624937,0.021794061907770057,2.009106196475795,-2.9865470024327543,-12.76114913947399,-0.1950479406325402,-0.14172058715488953,0.12781896953092728,-0.30000000000000004,-0.30000000000000004,0.035972840505078714,0.007598623167652147,0.0,-0.026709564008634286,0.13908464626277692,low_connectivity,partial_correlation,60,residual,30,76,0.17471264367816092,0.02,0,5.066666666666666,0.4184136390686035,0.41146934032440186,1.0047968626022339,0.08258166164159775,0.02809937298297882,0.01442805863916874,-0.0023966713342815638,0.4342105263157895,0.5657894736842105,0.045296527445316315,0.01442805863916874,-0.0023966713342815638,0.1018936815038526,0.19239904988123516,-0.13584158714595548,0.9666666666666667,2,0.5727202892303467,6.591949208711867e-17,3.098912239074707,0.27775484323501587,0.057801373302936554,0.28681203355994517,6,0.23333333333333334,0.19111111111111118,greedy,0.6,0.8275862068965517,0.061961956322193146,0.037051551043987274,0.0,1.3328644324993264,38.65306854248047,5.0,1.9333333333333333,11.0,0.3955586125967146,0.12345679012345678,0.423559152718599,0.7018812576033902,0.5964285714285714,0.29811874239660985
2025-02-14,-0.556916760035803,24.715689290170992,0.04578465424692137,3.400094472546055,-6.232884229626066,-11.52652585392277,-0.1995154536379564,-0.14172058715488953,0.12658922681135482,-0.30000000000000004,-0.30000000000000004,0.035972840505078714,0.021550718800213656,0.0,0.018791738645469458,0.18141475599492637,low_connectivity,partial_correlation,60,residual,30,76,0.17471264367816092,0.02,0,5.066666666666666,0.4113686978816986,0.35132795572280884,1.0130232572555542,0.08119119703769684,0.028186257928609848,0.014185127802193165,-0.002195908920839429,0.4473684210526316,0.5526315789473685,0.04648379236459732,0.014185127802193165,-0.002195908920839429,0.10932168233107221,0.20930232558139536,-0.15136131748688236,0.9666666666666667,2,0.5715774893760681,3.0829980790514355e-09,3.088813543319702,0.2686142027378082,0.05813068896532059,0.3027596372847238,5,0.26666666666666666,0.24222222222222223,greedy,0.6,0.8620689655172413,0.06119304522871971,0.03692447766661644,0.0,1.3346324131406586,38.7043399810791,5.0,1.9333333333333333,12.0,0.3959543675698083,0.1686746987951807,0.650076163417598,0.7957969072830904,0.7449074074074074,0.20420309271690962
2025-02-17,-0.637467346204932,21.84136844956141,0.024936868686868688,-2.874320840609581,-3.3612344602987996,-4.4889367552582975,-0.19722892004032144,-0.16994066030827018,0.13358336046798122,-0.30000000000000004,-0.30000000000000004,0.035972840505078714,0.0001997478608067385,0.0,0.02086163904701611,0.13908464626277692,low_connectivity,partial_correlation,60,residual,30,74,0.17011494252873563,0.02,0,4.933333333333334,0.4149744212627411,0.4029075503349304,1.0750013589859009,0.08411644399166107,0.027941782027482986,0.01430946309119463,-0.0026690438389778137,0.4189189189189189,0.581081081081081,0.04746240749955177,0.01430946309119463,-0.0026690438389778137,0.09795457060989635,0.19014084507042253,-0.2138328897622019,0.9666666666666667,2,0.5780771374702454,-2.7755575615628914e-17,3.071429967880249,0.25866299867630005,0.060728833079338074,0.28057458885584113,6,0.3,0.20444444444444448,greedy,0.6333333333333333,0.8275862068965517,0.061127565801143646,0.03706914559006691,0.0,1.3321907972467357,38.633533120155334,6.0,1.9333333333333333,10.0,0.39474800556498474,0.1707317073170732,0.48446810996678297,0.6998728891542503,0.7452020202020202,0.3001271108457497
2025-02-18,-0.3598493736459308,32.74593242815476,0.16251183338592615,10.904563978593348,8.286177957051528,7.4297348365474996,-0.1697411394990207,-0.14172058715488953,0.1616008159652473,-0.30000000000000004,-0.30000000000000004,0.0674490759470226,0.014496821393442064,0.0,0.12665088370734107,0.18141475599492637,low_connectivity,partial_correlation,60,residual,30,76,0.17471264367816092,0.02,0,5.066666666666666,0.4583210349082947,0.401721715927124,1.0478384494781494,0.09045808017253876,0.02894832193851471,0.015804171562194824,-0.001766413333825767,0.47368421052631576,0.5263157894736842,0.04437777027487755,0.015804171562194824,-0.001766413333825767,0.10556623532493654,0.18337408312958436,-0.1767357263582606,1.0,1,0.604113757610321,0.05732683092355728,3.1219754219055176,0.2381572723388672,0.05750047788023949,0.32032676171740937,5,0.23333333333333334,0.20444444444444448,greedy,0.5666666666666667,0.8620689655172413,0.06288328766822815,0.03769991174340248,0.0,1.3249907164738095,38.42473077774048,7.0,1.9333333333333333,12.0,0.4063634713176795,0.27586206896551724,0.5739316549372415,0.7567900934400489,0.6280423280423281,0.24320990655995112
2025-02-19,-0.25403972553865933,37.564385483634446,0.26813880126182965,4.8184530554796865,18.257896862485303,11.669941198004881,-0.15709936821911974,-0.11350051400150891,0.21446577054036517,-0.30000000000000004,-0.30000000000000004,0.0674490759470226,0.05122645370511077,0.0,0.05967399076239488,0.22374486572707597,low_connectivity,partial_correlation,60,residual,30,78,0.1793103448275862,0.02,0,5.2,0.4782562553882599,0.44231757521629333,1.2078858613967896,0.09197234362363815,0.029123986139893532,0.016491595655679703,-0.0016304748132824898,0.47435897435897434,0.5256410256410257,0.045433130115270615,0.016491595655679703,-0.0016304748132824898,0.12512084177114094,0.2348993288590604,-0.1552465525926662,1.0,1,0.6532411575317383,0.050787996500730515,3.1077072620391846,0.2906479239463806,0.05782760679721832,0.3120439771934705,4,0.3333333333333333,0.2644444444444445,greedy,0.4666666666666667,0.896551724137931,0.06531671434640884,0.038128770887851715,0.0,1.3197759554303925,38.273502707481384,6.0,1.9333333333333333,11.0,0.40824782498095225,0.2093023255813954,0.4382085173551874,0.6171208281387967,0.5292857142857142,0.38287917186120335
2025-02-20,-0.2318358493244507,38.61151571474222,0.28949858088930935,1.0471302311077721,17.29592089711728,8.832915511559477,-0.1419899273506878,-0.0993904774248185,0.25591790708829454,-0.30000000000000004,-0.30000000000000004,0.0674490759470226,0.03786106343355895,0.0,0.02457164325510372,0.22374486572707597,low_connectivity,partial_correlation,60,residual,30,79,0.18160919540229886,0.02,0,5.266666666666667,0.5020829439163208,0.42648330330848694,1.3166823387145996,0.09533219784498215,0.03094407171010971,0.01731320470571518,-0.0011012435425072908,0.4936708860759494,0.5063291139240507,0.04608011245727539,0.01731320470571518,-0.0011012435425072908,0.1180051988879669,0.24411134903640258,-0.09726914526683325,1.0,1,0.6917626261711121,0.0548984669148922,3.1033437252044678,0.3287562429904938,0.05837058648467064,0.30343537523183545,4,0.3333333333333333,0.2688888888888889,greedy,0.4666666666666667,0.896551724137931,0.06676340848207474,0.038448482751846313,0.0,1.3146503875995506,38.12486124038696,6.0,1.9333333333333333,10.0,0.40922976928652477,0.17441860465116277,0.7363712446971228,0.7791721391051598,0.8136724386724388,0.2208278608948402
2025-02-21,-0.3260989593407945,34.249441243975824,0.19703656998738966,-4.3620744707663945,9.533751953804831,8.479077965533357,-0.13682642122291505,-0.08528044084812827,0.26984671727428283,-0.30000000000000004,-0.30000000000000004,0.035972840505078714,0.00760351070571786,0.0,0.001170078250243061,0.18141475599492637,low_connectivity,partial_correlation,60,residual,30,80,0.1839080459770115,0.02,0,5.333333333333333,0.5102254152297974,0.4749901294708252,1.3479374647140503,0.0956672728061676,0.03381284698843956,0.017593981698155403,-0.0019365721382200718,0.45,0.55,0.04616638645529747,0.017593981698155403,-0.0019365721382200718,0.10189628359587886,0.23076923076923078,-0.09116331841762239,0.9666666666666667,2,0.7047066688537598,5.551115123125783e-17,3.089533805847168,0.33413299918174744,0.0606069341301918,0.3032452239245743,5,0.3333333333333333,0.2511111111111111,greedy,0.4666666666666667,0.8620689655172413,0.06658173352479935,0.03852391242980957,0.0,1.3135172251997322,38.091999530792236,8.0,1.9333333333333333,11.0,0.3989136996996585,0.15116279069767447,0.7695838973574245,0.8208885916031188,0.8416666666666668,0.17911140839688122
2025-02-24,-0.3769233676341062,31.998369482266785,0.14749448471478097,-2.2510717617090386,10.157001032705374,4.136908938317706,-0.14350882525316752,-0.08528044084812827,0.2620675186362989,-0.30000000000000004,-0.30000000000000004,0.035972840505078714,-0.017058512416927057,0.0,-0.010530704252187325,0.18141475599492637,low_connectivity,partial_correlation,60,residual,30,80,0.1839080459770115,0.02,0,5.333333333333333,0.49968770146369934,0.48032957315444946,1.3234235048294067,0.09369144588708878,0.03391507267951965,0.01723061129450798,-0.0024047084152698517,0.425,0.575,0.04709094390273094,0.01723061129450798,-0.0024047084152698517,0.08876639021065962,0.23214285714285715,-0.15091022403912538,0.9666666666666667,2,0.6974774599075317,-2.42861286636753e-17,3.074460983276367,0.3278290331363678,0.062094494700431824,0.32146387852655955,5,0.3,0.24222222222222223,greedy,0.4666666666666667,0.8620689655172413,0.06574168056249619,0.03825647011399269,0.0,1.3157575541529163,38.15696907043457,8.0,1.9333333333333333,11.0,0.39922188551546967,0.13953488372093026,0.9064458645692516,0.9321080277603817,0.9466666666666667,0.06789197223961829
2025-02-25,-0.22162931833781765,39.09647758741191,0.30151228733459357,7.098108105145126,6.350545159257152,16.853277017910127,-0.13198000584168632,-0.07117040427143786,0.26834374115433596,-0.30000000000000004,-0.30000000000000004,0.0674490759470226,0.022561723484348477,0.0,-0.0005783145374764259,0.22374486572707597,low_connectivity,partial_correlation,60,residual,30,81,0.18620689655172415,0.02,0,5.4,0.517867922782898,0.5036892890930176,1.4093385934829712,0.0959014743566513,0.03370792791247368,0.017857516184449196,-0.002754365326836705,0.41975308641975306,0.5802469135802469,0.04585195705294609,0.017857516184449196,-0.002754365326836705,0.10985993434910957,0.24,-0.1401832298352495,1.0,1,0.703309953212738,0.07078642398118973,3.1063754558563232,0.31394967436790466,0.05989255756139755,0.32505884987861444,4,0.3,0.26,greedy,0.4666666666666667,0.896551724137931,0.06716659665107727,0.03852089121937752,0.0,1.3130697381907497,38.07902240753174,9.0,1.9333333333333333,10.0,0.41068628453489003,0.14942528735632188,0.7893589976393681,0.8287543905734894,0.7050793650793652,0.17124560942651057
2025-02-26,-0.2400673531678548,38.22203167957425,0.2837795275590551,-0.8744459078376607,0.6576461959398046,3.273218406434694,-0.1294980865231605,-0.07117040427143786,0.30000000000000004,-0.30000000000000004,-0.30000000000000004,0.0674490759470226,-0.01844819876034966,0.0,-0.012144605287005278,0.22374486572707597,low_connectivity,partial_correlation,60,residual,30,81,0.18620689655172415,0.02,0,5.4,0.5217818021774292,0.45670485496520996,1.4846938848495483,0.09662625193595886,0.035012174397706985,0.017992476001381874,-0.002248331205919385,0.4444444444444444,0.5555555555555556,0.04718341678380966,0.017992476001381874,-0.002248331205919385,0.08802653065261387,0.2446601941747573,-0.10669778293005633,1.0,1,0.7339971661567688,0.06322494149208069,3.0968070030212402,0.36699435114860535,0.06069105863571167,0.3127215622930955,4,0.3,0.26,greedy,0.4666666666666667,0.896551724137931,0.06796716153621674,0.03869038075208664,0.0,1.3112174642497096,38.02530646324158,8.0,1.9333333333333333,9.0,0.4111301044451779,0.13793103448275867,1.0,1.0,1.0,0.0
2025-02-27,-0.27871547765320764,36.414209521290076,0.24307304785894207,-1.807822158284175,-2.1973061934521425,5.94904794514899,-0.1411875921928288,-0.08528044084812827,0.26247473902573015,-0.30000000000000004,-0.30000000000000004,0.0674490759470226,-0.005337810774602686,0.0,-0.0005783145374764259,0.22374486572707597,low_connectivity,partial_correlation,60,residual,30,80,0.1839080459770115,0.02,0,5.333333333333333,0.503348171710968,0.4354609251022339,1.3983805179595947,0.0943777784705162,0.03509807959198952,0.017356833443045616,-0.0018494913820177317,0.4625,0.5375,0.04600289836525917,0.017356833443045616,-0.0018494913820177317,0.09500641205308415,0.23949579831932774,-0.05715342075980502,1.0,1,0.6978558897972107,0.08096729218959808,3.1106796264648438,0.33407264947891235,0.059560175985097885,0.330668642708724,4,0.3,0.25555555555555554,greedy,0.4666666666666667,0.896551724137931,0.06803494691848755,0.03840870037674904,0.0,1.314902901649475,38.13218414783478,8.0,1.9333333333333333,9.0,0.4099703147807569,0.14942528735632188,0.7678968430413518,0.8215820570540358,0.83125,0.17841794294596425
2025-02-28,-0.20845348120067195,39.72571232530577,0.31885426502990244,3.3115028040156957,5.476271081329948,9.86322345317473,-0.12086997777375566,-0.05706036769474763,0.28632455135644014,-0.30000000000000004,-0.30000000000000004,0.0674490759470226,0.025890640494340856,0.0,-0.0339322692570481,0.22374486572707597,low_connectivity,partial_correlation,60,residual,30,82,0.18850574712643678,0.02,0,5.466666666666667,0.5353878140449524,0.4450479745864868,1.4026820659637451,0.09793679416179657,0.036301787942647934,0.018461648374795914,-0.0020583781879395247,0.45121951219512196,0.5487804878048781,0.04498341307044029,0.018461648374795914,-0.0020583781879395247,0.11163222712541912,0.2392638036809816,-0.08991558863165511,1.0,1,0.720019519329071,0.07499759644269943,3.1241230964660645,0.33789077401161194,0.05947696417570114,0.3385825586972501,4,0.3,0.25555555555555554,greedy,0.4666666666666667,0.896551724137931,0.06906486302614212,0.03883906826376915,0.0,1.3086920277825718,37.95206880569458,8.0,1.9333333333333333,9.0,0.41116305339895903,0.11627906976744184,0.8961194029850746,0.9238975256876519,0.9444444444444444,0.07610247431234807
2025-03-03,-0.2835814440592486,36.189173100007984,0.23757079924480806,-3.536539225297787,4.190803617741199,6.159116381761766,-0.15387159885033472,-0.08528044084812827,0.2076134488668908,-0.30000000000000004,-0.30000000000000004,0.035972840505078714,0.02182776191908671,0.0,0.10874178835323185,0.18141475599492637,low_connectivity,partial_correlation,60,residual,30,80,0.1839080459770115,0.02,0,5.333333333333333,0.48334625363349915,0.4687003493309021,1.2034542560577393,0.09062742441892624,0.03355233743786812,0.016667112708091736,-0.0024088514037430286,0.45,0.55,0.04476298391819,0.016667112708091736,-0.0024088514037430286,0.10946917820340281,0.23651452282157676,-0.13326282768953418,0.9666666666666667,2,0.6468732953071594,5.395247359984978e-09,3.101902723312378,0.28877365589141846,0.06014896184206009,0.31012368646657645,5,0.3333333333333333,0.24888888888888894,greedy,0.5,0.8620689655172413,0.06727483868598938,0.03793082386255264,0.0,1.321608933909186,38.326659083366394,7.0,1.9333333333333333,13.0,0.39844589885395604,0.25806451612903225,0.46851195414435476,0.6503684878370714,0.6448863636363636,0.34963151216292865
2025-03-04,-0.5012875491385407,26.843542766458047,0.06668763762189368,-9.345630333549938,-12.252934820953865,0.1623706606475217,-0.16860804618531977,-0.0993904774248185,0.16702321617676222,-0.30000000000000004,-0.30000000000000004,0.035972840505078714,0.025425903018073782,0.0,-0.04312574122324342,0.18141475599492637,low_connectivity,partial_correlation,60,residual,30,79,0.18160919540229886,0.02,0,5.266666666666667,0.46010786294937134,0.44295352697372437,1.1281577348709106,0.08736224472522736,0.03263388201594353,0.015865786001086235,-0.0022858656011521816,0.45569620253164556,0.5443037974683544,0.043981101363897324,0.015865786001086235,-0.0022858656011521816,0.11138480405371258,0.23076923076923078,-0.08475386838826228,0.9666666666666667,2,0.6091527938842773,2.5691562766105847e-10,3.1147279739379883,0.26795732975006104,0.05802840739488602,0.3132493542661381,5,0.26666666666666666,0.23777777777777778,greedy,0.5,0.8620689655172413,0.0655701532959938,0.037514492869377136,0.0,1.3261086817445427,38.457151770591736,7.0,1.9333333333333333,13.0,0.39741898781095425,0.1071428571428571,0.5607221091553125,0.6953137760214396,0.7711904761904762,0.3046862239785604
2025-03-05,-0.5058238624313832,26.665751218840295,0.06540880503144654,-0.17779154761775118,-11.556280460733955,-0.2845426694376023,-0.19387855503775864,-0.12761055057819914,0.12551752331678764,-0.30000000000000004,-0.30000000000000004,0.004496605063134826,0.029168617434157197,0.0,0.11739785110771804,0.13908464626277692,low_connectivity,partial_correlation,60,residual,30,77,0.17701149425287357,0.02,0,5.133333333333334,0.4202577769756317,0.449738085269928,1.0662636756896973,0.08186838030815125,0.03084218129515648,0.01449164655059576,-0.002744116820394993,0.4155844155844156,0.5844155844155844,0.045108113437891006,0.01449164655059576,-0.002744116820394993,0.11337739975480801,0.2219730941704036,-0.09387725873618007,0.9333333333333333,3,0.5705815553665161,-3.350394485983552e-17,3.0818631649017334,0.27195221185684204,0.05918099731206894,0.30422766367516274,6,0.3333333333333333,0.25333333333333335,greedy,0.5333333333333333,0.8275862068965517,0.06388010829687119,0.03699100762605667,0.0,1.3335090176812534,38.67176151275635,7.0,1.9333333333333333,12.0,0.38515098034136597,0.2666666666666667,0.28247699209175414,0.5480743922512298,0.5638888888888889,0.4519256077487702
2025-03-06,-0.6556097819309372,21.228283851623328,0.02169129204652625,-5.437467367216968,-15.185925669666748,-3.073857968434364,-0.1912832201999709,-0.1558306237315798,0.1369878742923648,-0.30000000000000004,-0.30000000000000004,0.004496605063134826,0.03764450039097145,0.0,-0.026709564008634286,0.13908464626277692,low_connectivity,partial_correlation,60,residual,30,75,0.1724137931034483,0.02,0,5.0,0.42435041069984436,0.43955355882644653,1.0484648942947388,0.08487008512020111,0.0308694951236248,0.014632773585617542,-0.003097227308899164,0.41333333333333333,0.5866666666666667,0.045544326305389404,0.014632773585617542,-0.003097227308899164,0.11788990219692853,0.23185011709601874,-0.10090371073778122,0.9333333333333333,3,0.5812409520149231,-3.554868570322985e-17,3.0759575366973877,0.2643663287162781,0.06038965284824371,0.3105073883091724,6,0.36666666666666664,0.2577777777777778,greedy,0.5333333333333333,0.8275862068965517,0.06518455594778061,0.037174470722675323,0.0,1.3328746886088931,38.6533659696579,7.0,1.9333333333333333,11.0,0.38376381758072364,0.12345679012345678,0.428673770932211,0.6673397579623749,0.7490287490287489,0.3326602420376251
2025-03-07,-0.5656733864773797,24.3912644372032,0.04494028912633564,3.1629805855798736,-15.33444788810257,-6.557309082593857,-0.19379970196456597,-0.16994066030827018,0.12611260770380026,-0.30000000000000004,-0.30000000000000004,0.035972840505078714,-0.0005960741095657842,0.0,0.05516284570121686,0.18141475599492637,low_connectivity,partial_correlation,60,residual,30,74,0.17011494252873563,0.02,0,4.933333333333334,0.4203820824623108,0.45303964614868164,1.0709534883499146,0.0852125808596611,0.031669095158576965,0.01449593435972929,-0.0024704975076019764,0.4189189189189189,0.581081081081081,0.04497932642698288,0.01449593435972929,-0.0024704975076019764,0.09753088040521837,0.23366834170854273,-0.06069036100636367,0.9666666666666667,2,0.5711345672607422,4.624497673688666e-09,3.090397357940674,0.24931371212005615,0.0585295632481575,0.31522103663984974,5,0.4,0.29111111111111115,greedy,0.5,0.8620689655172413,0.06291989982128143,0.03713475540280342,0.0,1.3310682609163482,38.6009795665741,6.0,1.9333333333333333,12.0,0.3939203118741284,0.20481927710843373,0.3808745402533715,0.5848389084379968,0.47751322751322745,0.4151610915620032
2025-03-10,-0.53482523320597,25.546956147872834,0.05403707194470625,1.1556917106696325,-10.64221695213515,0.34435323801262285,-0.18613314170238562,-0.1558306237315798,0.15327931958074562,-0.30000000000000004,-0.30000000000000004,0.035972840505078714,-0.018691229553971976,0.0,0.05516284570121686,0.18141475599492637,low_connectivity,partial_correlation,60,residual,30,75,0.1724137931034483,0.02,0,5.0,0.4324718117713928,0.40763944387435913,1.2587069272994995,0.08649436384439468,0.030552741140127182,0.014912820421159267,-0.002388702007010579,0.4266666666666667,0.5733333333333334,0.045804060995578766,0.014912820421159267,-0.002388702007010579,0.08789714271093052,0.22627737226277372,-0.08567091367337425,0.9666666666666667,2,0.5963805913925171,0.0,3.094228982925415,0.24666044116020203,0.05973745137453079,0.29837390113379736,5,0.3,0.24000000000000002,greedy,0.5,0.8620689655172413,0.062341030687093735,0.037268657237291336,0.0,1.3303864289974343,38.5812064409256,8.0,1.9333333333333333,11.0,0.3949615069218979,0.20481927710843373,0.6424090338770388,0.7457346818870886,0.5785714285714285,0.2542653181129114
2025-03-11,-0.7175660042431837,19.230031706679416,0.01507537688442211,-6.316924441193418,-7.613511059778631,-5.229722764423816,-0.1947726742136974,-0.16994066030827018,0.1395385016709304,-0.30000000000000004,-0.30000000000000004,0.035972840505078714,-0.024180705767229038,0.0,-0.08559806212492241,0.18141475599492637,low_connectivity,partial_correlation,60,residual,30,74,0.17011494252873563,0.02,0,4.933333333333334,0.41884782910346985,0.38358473777770996,1.191817283630371,0.0849015936255455,0.029710642993450165,0.01444302685558796,-0.002148495288565755,0.43243243243243246,0.5675675675675675,0.0461142398416996,0.01444302685558796,-0.002148495288565755,0.08497458290866591,0.25061425061425063,-0.03516339680097993,0.9666666666666667,2,0.583611249923706,0.0,3.0864548683166504,0.230980783700943,0.059924133121967316,0.29498058587306447,5,0.4,0.2822222222222223,greedy,0.4666666666666667,0.8620689655172413,0.06200220063328743,0.03712289407849312,0.0,1.3319412880930408,38.62629735469818,8.0,1.9333333333333333,11.0,0.3942986163457007,0.06493506493506496,0.6881172907247267,0.8042966362131507,0.7964285714285715,0.19570336378684927
2025-03-12,-0.7024244167196265,19.704780206658263,0.01695447409733124,0.4747484999788476,-6.960971012182032,0.3982915855091207,-0.20318630054876874,-0.16994066030827018,0.12469993971242786,-0.30000000000000004,-0.30000000000000004,0.035972840505078714,-0.0054903950500017,0.0,-0.02356448729286927,0.13908464626277692,low_connectivity,partial_correlation,60,residual,30,74,0.17011494252873563,0.02,0,4.933333333333334,0.4055800139904022,0.35852134227752686,1.151485800743103,0.0822121724486351,0.029061611741781235,0.01398551743477583,-0.0018877502297982574,0.43243243243243246,0.5675675675675675,0.04594448581337929,0.01398551743477583,-0.0018877502297982574,0.0949251772225803,0.2430379746835443,-0.014340454291700624,0.9666666666666667,2,0.5698217749595642,5.652163626024276e-09,3.0858378410339355,0.22077995538711548,0.06056273728609085,0.2914784187745735,6,0.3,0.21333333333333335,greedy,0.5,0.8275862068965517,0.06224588677287102,0.0369817391037941,0.0,1.3322356117182765,38.63483273983002,7.0,1.9333333333333333,10.0,0.3942420316695939,0.12658227848101267,0.6893376487213384,0.8477439591587077,0.898076923076923,0.1522560408412923
2025-03-13,-0.45916124083967763,28.529982348594856,0.08882611424984306,8.825202141936593,7.301698496971529,7.214387530969919,-0.20631077650217045,-0.19816073346165083,0.1478961084790027,-0.30000000000000004,-0.30000000000000004,0.035972840505078714,0.007110517439679347,0.0,0.1729160467054566,0.18141475599492637,low_connectivity,partial_correlation,60,residual,30,72,0.16551724137931034,0.02,0,4.8,0.4006529450416565,0.3667771816253662,1.1310930252075195,0.08346936106681824,0.029685093089938164,0.013815617188811302,-0.002063352381810546,0.4166666666666667,0.5833333333333334,0.04811554774641991,0.013815617188811302,-0.002063352381810546,0.10163381733386433,0.2602040816326531,0.02006472029898715,0.9666666666666667,2,0.5913779735565186,5.138325875897465e-10,3.051393747329712,0.25748398900032043,0.06152896583080292,0.2973238505381283,5,0.3,0.2511111111111111,greedy,0.5666666666666667,0.8620689655172413,0.06755489856004715,0.03717699646949768,0.0,1.3290574550628662,38.54266619682312,6.0,1.9333333333333333,12.0,0.393433151930799,0.32183908045977017,0.16493248802206842,0.4325750267677309,0.3253968253968254,0.5674249732322691
2025-03-14,-0.7143534790450936,19.330023509387722,0.016002510197678066,-9.199958839207135,-5.061240927815479,-5.38566578078327,-0.22118167140982326,-0.19816073346165083,0.0976162882236245,-0.30000000000000004,-0.30000000000000004,0.035972840505078714,-0.04035970937463929,0.0,0.07267486020953969,0.13908464626277692,low_connectivity,partial_correlation,60,residual,30,72,0.16551724137931034,0.02,0,4.8,0.37720242142677307,0.3442634344100952,1.0075254440307617,0.07858384400606155,0.028320739045739174,0.01300697959959507,-0.0013836208963766694,0.4444444444444444,0.5555555555555556,0.04791299253702164,0.01300697959959507,-0.0013836208963766694,0.07636099142073481,0.22250639386189258,-0.08818571295366091,0.9666666666666667,2,0.5446529388427734,1.093992218994539e-16,3.052168130874634,0.2295607328414917,0.06298017501831055,0.27781801529333716,6,0.26666666666666666,0.20444444444444448,greedy,0.5333333333333333,0.8275862068965517,0.06454234570264816,0.036677807569503784,0.0,1.33442353791204,38.69828259944916,6.0,1.9333333333333333,12.0,0.39336563352766624,0.2222222222222222,0.5937443678010257,0.7355892320929956,0.5969047619047619,0.26441076790700435
2025-03-17,-0.7170157085302381,19.2471319816333,0.015370138017565873,-0.08289152775442332,-6.299824166239535,-2.5942364679281127,-0.21650604726358083,-0.21227077003834105,0.09820694699922262,-0.30000000000000004,-0.30000000000000004,0.0674490759470226,-0.055871266387901575,0.0,0.06289170595056322,0.13908464626277692,low_connectivity,partial_correlation,60,residual,30,71,0.1632183908045977,0.02,0,4.733333333333333,0.38457557559013367,0.3292226791381836,0.9660853743553162,0.08124835789203644,0.028265181928873062,0.013261226937174797,-0.001623861026018858,0.4225352112676056,0.5774647887323944,0.04674015939235687,0.013261226937174797,-0.001623861026018858,0.06810274396025472,0.216,-0.09621196680884482,1.0,1,0.54520183801651,0.0285871010273695,3.077488422393799,0.23497912287712097,0.06030388921499252,0.2949366872908063,6,0.26666666666666666,0.18222222222222223,greedy,0.5333333333333333,0.8275862068965517,0.0648072138428688,0.036843132227659225,0.0,1.3306822119088009,38.589784145355225,6.0,1.9333333333333333,10.0,0.4033195167323182,0.21250000000000002,0.46791024807920184,0.7225410717297486,0.6041666666666666,0.2774589282702514
2025-03-18,-0.6717114817381218,20.694771702374286,0.01975540921919097,1.4476397207409875,1.4647399956948703,-12.051160725780473,-0.21113437861374396,-0.19816073346165083,0.10907945559806508,-0.30000000000000004,-0.30000000000000004,0.0674490759470226,-0.03713077878955756,0.0,0.0167711215868168,0.18141475599492637,low_connectivity,partial_correlation,60,residual,30,72,0.16551724137931034,0.02,0,4.8,0.3930463194847107,0.3516208827495575,1.038299560546875,0.08188465982675552,0.027811774984002113,0.013553323224186897,-0.0018760313978418708,0.4166666666666667,0.5833333333333334,0.047105759382247925,0.013553323224186897,-0.0018760313978418708,0.07808005210442498,0.2236503856041131,-0.191465199987835,1.0,1,0.5553056597709656,0.03377723693847656,3.073615312576294,0.2325921356678009,0.06241750344634056,0.30181309599190825,5,0.26666666666666666,0.21555555555555556,greedy,0.5333333333333333,0.8620689655172413,0.06487423181533813,0.036936309188604355,0.0,1.3301258251584809,38.57364892959595,5.0,1.9333333333333333,10.0,0.4042076669205194,0.16666666666666663,0.4262173258773478,0.6784031443655429,0.5275132275132275,0.32159685563445706
2025-03-19,-0.7440461840322019,18.42082251900041,0.013166144200626959,-2.273949183373876,-1.2839576876578533,-19.143562964634036,-0.22251410679973818,-0.19816073346165083,0.0767329824658528,-0.30000000000000004,-0.30000000000000004,0.0674490759470226,-0.052838417006341426,0.0,0.003870258827726953,0.18141475599492637,low_connectivity,partial_correlation,60,residual,30,72,0.16551724137931034,0.02,0,4.8,0.3751012682914734,0.35062867403030396,0.80144864320755,0.07814610004425049,0.026138773187994957,0.01293452549725771,-0.0015736137283965945,0.4305555555555556,0.5694444444444444,0.046078816056251526,0.01293452549725771,-0.0015736137283965945,0.06971741234472918,0.2265625,-0.047929146955678924,1.0,1,0.5252460837364197,0.03272803872823715,3.077167510986328,0.20284852385520935,0.0615670382976532,0.29985516656919214,5,0.26666666666666666,0.20666666666666672,greedy,0.5333333333333333,0.8620689655172413,0.06388195604085922,0.03667629882693291,0.0,1.3340180536796307,38.68652355670929,4.0,1.9333333333333333,11.0,0.40386535247852057,0.15384615384615385,0.3414659907055344,0.6016541373890314,0.5127272727272727,0.3983458626109686
2025-03-20,-0.9539913410128685,12.920765699255684,0.002820432466311501,-5.500056819744726,-15.609216649339173,-25.690750015486536,-0.24521289905677263,-0.2404908431917217,0.038612625780798895,-0.30000000000000004,-0.30000000000000004,0.035972840505078714,-0.05857679090624349,0.0,0.018949189325364425,0.09675453653062746,low_connectivity,partial_correlation,60,residual,30,69,0.15862068965517243,0.02,0,4.6,0.33930665254592896,0.29608380794525146,0.8189198970794678,0.07376231253147125,0.02493096888065338,0.011700228787958622,-0.0007955650216899812,0.463768115942029,0.5362318840579711,0.04794422537088394,0.011700228787958622,-0.0007955650216899812,0.06666234110683641,0.23770491803278687,-0.1165195618433879,0.9666666666666667,2,0.48982083797454834,9.398634569341864e-18,3.0472514629364014,0.18888869881629944,0.06200738251209259,0.28753815303048896,7,0.2,0.16444444444444448,greedy,0.5666666666666667,0.7931034482758621,0.061314646154642105,0.03624340146780014,0.0,1.3396975418616985,38.85122871398926,5.0,1.9333333333333333,13.0,0.39107719389757434,0.16883116883116878,0.5424778234208489,0.7421627234176326,0.6583333333333333,0.25783727658236744
2025-03-21,-0.877084417109145,14.75221573192016,0.005012531328320802,1.8314500326644758,-4.577807777467562,-19.497225512055664,-0.22332296737481838,-0.22638080661503146,0.08279158035302825,-0.30000000000000004,-0.30000000000000004,0.035972840505078714,-0.03078100043092411,0.0,-0.0544487098092547,0.13908464626277692,low_connectivity,partial_correlation,60,residual,30,70,0.16091954022988506,0.02,0,4.666666666666667,0.37382572889328003,0.3476291298866272,0.8965890407562256,0.08010551333427429,0.025971079245209694,0.012890541926026344,-0.00119408022146672,0.45714285714285713,0.5428571428571428,0.046899862587451935,0.012890541926026344,-0.00119408022146672,0.08146063091801294,0.23901098901098902,-0.0839320809229791,0.9666666666666667,2,0.5308763384819031,0.0,3.0686898231506348,0.19601595401763916,0.05982084199786186,0.3212252649675007,6,0.3333333333333333,0.2177777777777778,greedy,0.5333333333333333,0.8275862068965517,0.06552831828594208,0.03677468001842499,0.0,1.333989089932935,38.685683608055115,5.0,1.9333333333333333,12.0,0.3914953564946679,0.09589041095890416,0.4811066646144374,0.6983866129048534,0.5551020408163265,0.3016133870951466
2025-03-24,-0.47009168409912433,28.086330455018416,0.08549953022236141,13.334114723098256,8.839198473385117,-3.912039027248369,-0.1874705610723829,-0.14172058715488953,0.16649239936420385,-0.30000000000000004,-0.30000000000000004,0.035972840505078714,-0.05536646870936775,0.0,0.1729160467054566,0.13908464626277692,low_connectivity,partial_correlation,60,residual,30,76,0.17471264367816092,0.02,0,5.066666666666666,0.4303627610206604,0.38238346576690674,0.9549081325531006,0.08494001626968384,0.03298797085881233,0.014840095303952694,-0.0015849595656618476,0.4342105263157895,0.5657894736842105,0.04532669857144356,0.014840095303952694,-0.0015849595656618476,0.0683714948112005,0.26303317535545023,0.06008377574959971,0.9666666666666667,2,0.6086595058441162,5.909080780241993e-09,3.092123031616211,0.21158188581466675,0.06057731434702873,0.3147886089168922,6,0.3333333333333333,0.22222222222222227,greedy,0.5333333333333333,0.8275862068965517,0.07708059996366501,0.03801511228084564,0.0,1.3208607188586532,38.30496084690094,4.0,1.9333333333333333,13.0,0.39556866963875703,0.32183908045977017,0.26233678141427846,0.5642676805003957,0.44810606060606056,0.43573231949960434
2025-03-25,-0.694633729120095,19.952472871914402,0.019411396368190358,-8.133857583104014,-0.7422988304598839,-19.14400471549751,-0.18903112915884998,-0.14172058715488953,0.16869051717270891,-0.30000000000000004,-0.30000000000000004,0.035972840505078714,-0.05731665198646935,0.0,-0.05031336476045062,0.13908464626277692,low_connectivity,partial_correlation,60,residual,30,76,0.17471264367816092,0.02,0,5.066666666666666,0.42790183424949646,0.374736487865448,0.9609901309013367,0.08445431292057037,0.032594192773103714,0.014755235984921455,-0.001989910611882806,0.42105263157894735,0.5789473684210527,0.045447953045368195,0.014755235984921455,-0.001989910611882806,0.06733323049757774,0.2571428571428571,0.07190813457354106,0.9666666666666667,2,0.6107022166252136,-8.326672684688674e-17,3.0912423133850098,0.2232542634010315,0.06185462325811386,0.32522913966128103,6,0.26666666666666666,0.21111111111111114,greedy,0.5666666666666667,0.8275862068965517,0.07633374631404877,0.037983331829309464,0.0,1.3217841674541604,38.331740856170654,4.0,1.9333333333333333,12.0,0.39560908779673193,0.09999999999999998,0.48405672539750755,0.7057206232614495,0.7602272727272728,0.29427937673855054
2025-03-26,-0.7366668656175251,18.64364319906506,0.014710485133020344,-1.3088296728493418,0.2228206800646504,-19.57838848050919,-0.1907949785497748,-0.14172058715488953,0.16766781610018075,-0.30000000000000004,-0.30000000000000004,0.035972840505078714,-0.0475399595359049,0.0,-0.09933664324499214,0.13908464626277692,low_connectivity,partial_correlation,60,residual,30,76,0.17471264367816092,0.02,0,5.066666666666666,0.42512035369873047,0.3772614598274231,0.9390593767166138,0.08390533924102783,0.031709980219602585,0.014659322798252106,-0.0019313653465360403,0.42105263157894735,0.5789473684210527,0.04568716883659363,0.014659322798252106,-0.0019313653465360403,0.07253827506742576,0.2676056338028169,0.06111819089547336,0.9666666666666667,2,0.60975182056427,-7.979727989493313e-17,3.087749719619751,0.22059762477874756,0.06204311177134514,0.3204610065622702,6,0.3,0.2177777777777778,greedy,0.5666666666666667,0.8275862068965517,0.07613927125930786,0.03793865069746971,0.0,1.3221661797885238,38.34281921386719,5.0,1.9333333333333333,11.0,0.39568882639380704,0.05128205128205132,0.841475054229935,0.8892163156857986,0.8925925925925925,0.11078368431420138
2025-03-27,-0.707927215854241,19.531230065964454,0.018147684605757195,0.8875868668993938,6.61046436670877,-16.88297945532562,-0.20833983871637682,-0.16994066030827018,0.14631257340345247,-0.30000000000000004,-0.30000000000000004,0.0674490759470226,-0.07578351348442952,0.0,-0.049039608690565784,0.18141475599492637,low_connectivity,partial_correlation,60,residual,30,74,0.17011494252873563,0.02,0,4.933333333333334,0.3974531888961792,0.31006187200546265,1.0541962385177612,0.08056481927633286,0.032457202672958374,0.013705282472074032,-0.0017198171699419618,0.4189189189189189,0.581081081081081,0.04683072119951248,0.013705282472074032,-0.0017198171699419618,0.0575015990283334,0.2438423645320197,-0.006384645883248842,1.0,1,0.5899063944816589,0.030362868681550026,3.0826122760772705,0.21182873845100403,0.06279201805591583,0.3345669868077903,5,0.26666666666666666,0.21555555555555558,greedy,0.5,0.8620689655172413,0.07329543679952621,0.03751496970653534,0.0,1.3270190419821903,38.48355221748352,4.0,1.9333333333333333,13.0,0.4056485545760827,0.10126582278481011,0.723277685126283,0.8008088793796998,0.6947751322751322,0.1991911206203002
2025-03-28,-0.6319277489315881,22.03109037876162,0.029715358148264,2.499860312797164,7.278874646841459,-17.694621946544153,-0.2071050619327487,-0.1558306237315798,0.14381601545129902,-0.30000000000000004,-0.30000000000000004,0.0674490759470226,-0.07223150573368851,0.0,0.010559595073181008,0.18141475599492637,low_connectivity,partial_correlation,60,residual,30,75,0.1724137931034483,0.02,0,5.0,0.39940038323402405,0.3355702757835388,1.0537991523742676,0.07988008111715317,0.03251734748482704,0.013772426173090935,-0.0018846680177375674,0.41333333333333333,0.5866666666666667,0.04631853103637695,0.013772426173090935,-0.0018846680177375674,0.05939266379778773,0.24938875305623473,-0.03956720928951531,1.0,1,0.5875863432884216,0.04509231448173523,3.0946362018585205,0.2096400260925293,0.06227676570415497,0.3391983158030724,5,0.23333333333333334,0.21333333333333335,greedy,0.4666666666666667,0.8620689655172413,0.07225381582975388,0.03741375356912613,0.0,1.3282199933611114,38.51837980747223,5.0,1.9333333333333333,11.0,0.40624410804660843,0.16049382716049387,0.9018586973499245,0.9374653812897822,0.9464285714285715,0.06253461871021782
2025-03-31,-0.7042010243147458,19.64862175917203,0.01876172607879925,-2.382468619589588,-8.437708695846386,-16.540551340835954,-0.22323568777859992,-0.18405069688496042,0.09627295481107948,-0.30000000000000004,-0.30000000000000004,0.0674490759470226,-0.06503407450466635,0.0,0.022982648100452696,0.18141475599492637,low_connectivity,partial_correlation,60,residual,30,73,0.167816091954023,0.02,0,4.866666666666666,0.3739633560180664,0.32670751214027405,0.96138596534729,0.07684178650379181,0.032401617616415024,0.012895287945866585,-0.0009340433753095567,0.4383561643835616,0.5616438356164384,0.0457417257130146,0.012895287945866585,-0.0009340433753095567,0.06322452723472273,0.2546419098143236,-0.1033290227697724,1.0,1,0.5434045791625977,0.029159121215343475,3.092982530593872,0.17399725317955017,0.061976805329322815,0.35227256082643926,5,0.26666666666666666,0.2177777777777778,greedy,0.5,0.8620689655172413,0.06938015669584274,0.036947280168533325,0.0,1.3310625059851284,38.600812673568726,7.0,1.9333333333333333,9.0,0.4045192725556792,0.1728395061728395,0.669395792310084,0.7636278330743339,0.7892857142857143,0.2363721669256661
2025-04-01,-0.561799758302859,24.534422075428708,0.05001562988433886,4.885800316256677,4.581949203514306,-2.3091206910293387,-0.20940548559171274,-0.18405069688496042,0.13771739464350535,-0.30000000000000004,-0.30000000000000004,0.035972840505078714,-0.036054669052609255,0.0,0.1126061020829131,0.18141475599492637,low_connectivity,partial_correlation,60,residual,30,73,0.167816091954023,0.02,0,4.866666666666666,0.3957727551460266,0.2990826964378357,1.103445053100586,0.08132316172122955,0.034464094787836075,0.013647335581481457,-0.0013110048603266478,0.4246575342465753,0.5753424657534246,0.04810265451669693,0.013647335581481457,-0.0013110048603266478,0.07865296560980378,0.25063291139240507,-0.18001104701554665,0.9666666666666667,2,0.5819188952445984,0.0,3.06374454498291,0.17099112272262573,0.06543141603469849,0.34048892225986593,5,0.4,0.2711111111111112,greedy,0.5,0.8620689655172413,0.07074698805809021,0.03736378625035286,0.0,1.3268487083500828,38.478612542152405,6.0,1.9333333333333333,10.0,0.3941951377124622,0.26190476190476186,0.517322155098015,0.7204932817852154,0.6478632478632479,0.27950671821478457
2025-04-02,-0.6045464904700311,22.9861576870051,0.0384375,-1.5482643884236076,4.34251448794004,-3.679593531835195,-0.20204789784047839,-0.18405069688496042,0.16298449299488985,-0.30000000000000004,-0.30000000000000004,0.035972840505078714,-0.023976667619712254,0.0,0.02515668238022531,0.18141475599492637,low_connectivity,partial_correlation,60,residual,30,73,0.167816091954023,0.02,0,4.866666666666666,0.4073752164840698,0.33937758207321167,1.0895613431930542,0.08370723575353622,0.035056330263614655,0.014047420583665371,-0.0015239838976413012,0.410958904109589,0.589041095890411,0.04749194532632828,0.014047420583665371,-0.0015239838976413012,0.08508321143074986,0.28756476683937826,-0.041297988506686145,0.9666666666666667,2,0.6053996086120605,3.7252889661942845e-09,3.061539649963379,0.1836169958114624,0.0639565959572792,0.3322692177769045,5,0.3,0.24888888888888888,greedy,0.4666666666666667,0.8620689655172413,0.07234258949756622,0.03758423775434494,0.0,1.3239882115660042,38.39565813541412,7.0,1.9333333333333333,9.0,0.3939915679823393,0.17500000000000004,0.30893471801359185,0.5237724807632683,0.5651010101010101,0.4762275192367317
2025-04-03,-0.5500687980515045,24.971411392742205,0.05435801312089972,1.9852537057371045,5.440181326777751,3.743127541118877,-0.19528646946624004,-0.16994066030827018,0.1702584022600687,-0.30000000000000004,-0.30000000000000004,0.035972840505078714,-0.02739611795933021,0.0,0.012578341190112599,0.22374486572707597,low_connectivity,partial_correlation,60,residual,30,74,0.17011494252873563,0.02,0,4.933333333333334,0.4180375635623932,0.32414671778678894,1.1598870754241943,0.08473734557628632,0.03453177958726883,0.01441508810967207,-0.0013725504977628589,0.4189189189189189,0.581081081081081,0.04717452824115753,0.01441508810967207,-0.0013725504977628589,0.08326271932546063,0.2727272727272727,-0.1389352953991013,0.9666666666666667,2,0.612159252166748,4.110663365253231e-09,3.0752573013305664,0.1818721890449524,0.06245524808764458,0.33083282033549893,4,0.4666666666666667,0.34888888888888897,greedy,0.4666666666666667,0.896551724137931,0.07231533527374268,0.03770705312490463,0.0,1.3220390451365505,38.33913230895996,7.0,1.9333333333333333,10.0,0.39465204581218666,0.16249999999999998,0.7438397215279323,0.8833942911657284,0.8,0.11660570883427157
2025-04-04,-0.14874616241732602,42.61706193630459,0.38132417239225486,17.645650543562382,20.58597155754297,18.225797499101386,-0.20863403055786903,-0.16994066030827018,0.15250855766236548,-0.2847687621223202,-0.30000000000000004,0.004496605063134826,0.018432090085240684,0.20007539149761544,0.30000000000000004,0.13908464626277692,low_connectivity,partial_correlation,60,residual,30,74,0.17011494252873563,0.02,0,4.933333333333334,0.3969893157482147,0.3652573823928833,0.9979477524757385,0.08047080039978027,0.032060280442237854,0.013689285144209862,0.0016696234233677387,0.5135135135135135,0.4864864864864865,0.051036786288022995,0.013689285144209862,0.0016696234233677387,0.10766134561287004,0.3098901098901099,-0.13338980814688023,0.9333333333333333,3,0.5956643223762512,-7.617138006455159e-33,3.0096938610076904,0.21012800931930542,0.06733469665050507,0.2947079186915016,6,0.3,0.23555555555555557,greedy,0.5,0.8275862068965517,0.09254711121320724,0.03936978429555893,0.02338588081365789,1.3083715151096214,37.942773938179016,7.0,1.9333333333333333,11.0,0.38482835405003063,0.5346534653465347,0.2453417382897856,0.43133726937601363,0.5775568181818183,0.5686627306239864
2025-04-08,-0.4144925622561259,30.385970301407127,0.12644395878863565,-12.23109163489746,10.737348542235097,4.839014153534293,-0.22308733301752373,-0.19816073346165083,0.13420121430502507,-0.30000000000000004,-0.30000000000000004,0.004496605063134826,0.05439025011236345,0.2070959963673738,0.02515668238022531,0.18141475599492637,low_connectivity,partial_correlation,60,residual,30,72,0.16551724137931034,0.02,0,4.8,0.3741973042488098,0.3257911205291748,1.0117889642715454,0.07795777916908264,0.031064389273524284,0.012903355062007904,0.0017081588739529252,0.5277777777777778,0.4722222222222222,0.053055860102176666,0.012903355062007904,0.0017081588739529252,0.12680522546152945,0.3288590604026846,-0.18387959280375518,0.9333333333333333,3,0.5786513090133667,-1.3877787807814457e-17,2.9818813800811768,0.20401129126548767,0.06938503682613373,0.2873617343273562,5,0.4,0.3066666666666667,greedy,0.5,0.8620689655172413,0.08915700018405914,0.03870275616645813,0.024206486623772783,1.314477332707109,38.119842648506165,7.0,1.9333333333333333,11.0,0.3839688116049402,0.17500000000000004,0.1509674134419552,0.4257432230437454,0.5707671957671958,0.5742567769562545
2025-04-09,0.43675098700712905,70.5473863097599,0.8117977528089888,40.161416008352774,46.01296423433119,51.31735460308049,-0.1681803830146811,-0.11350051400150891,0.2109635725683829,-0.04563212171288235,-0.30000000000000004,0.035972840505078714,-0.006617273064336227,0.30000000000000004,0.30000000000000004,0.22374486572707597,elevated,partial_correlation,60,residual,30,78,0.1793103448275862,0.02,0,5.2,0.46078214049339294,0.4094550609588623,1.1251095533370972,0.08861195296049118,0.036199748516082764,0.015889041125774384,0.0013818916631862521,0.5128205128205128,0.48717948717948717,0.046857669949531555,0.015889041125774384,0.0013818916631862521,0.09432523503159378,0.2757847533632287,-0.1217119382640281,0.9666666666666667,2,0.6499865651130676,0.0,3.076570749282837,0.21381044387817383,0.0657183974981308,0.3411069035380122,4,0.4,0.3266666666666667,greedy,0.4666666666666667,0.896551724137931,0.11686418950557709,0.04358416050672531,0.0493298811333146,1.2834756703212344,37.220794439315796,7.0,1.9333333333333333,13.0,0.3976115604812615,0.45360824742268047,0.1183893541355971,0.345772038127477,0.45243464052287585,0.6542279618725231
2025-04-10,0.043379059014812295,52.16759350347879,0.5606864274570983,-18.37979280628111,29.18143581647369,32.46281329682053,-0.16663123869012095,-0.11350051400150891,0.2073026298391409,-0.05413581159849036,-0.30000000000000004,0.035972840505078714,0.005724072202356689,0.30000000000000004,-0.05276767523657016,0.18141475599492637,normal,partial_correlation,60,residual,30,78,0.1793103448275862,0.02,0,5.2,0.4632250666618347,0.4156286120414734,1.1396063566207886,0.08908174932003021,0.03624633327126503,0.015973279252648354,0.0010320846922695637,0.5,0.5,0.046930331736803055,0.015973279252648354,0.0010320846922695637,0.10089568331866358,0.25165562913907286,-0.20122244186333874,0.9666666666666667,2,0.6465844511985779,0.0,3.0723512172698975,0.2120017111301422,0.06750185787677765,0.32764322760327813,5,0.3333333333333333,0.2577777777777778,greedy,0.5,0.8620689655172413,0.11599947512149811,0.043436162173748016,0.04825416124426407,1.2842875513537177,37.24433898925781,7.0,1.9333333333333333,13.0,0.39763578107701864,0.09756097560975607,0.6796802827649918,0.7604658221527657,0.8324175824175825,0.2395341778472343
2025-04-11,-0.023077165272326703,48.846346523969565,0.49563318777292575,-3.321246979509226,23.87493513122736,20.31636417537471,-0.17511589102313535,-0.1558306237315798,0.20992804363668222,-0.09257987547458407,-0.30000000000000004,0.004496605063134826,-0.06167005455482373,0.30000000000000004,0.15094009428135174,0.09675453653062746,low_connectivity,partial_correlation,60,residual,30,75,0.1724137931034483,0.02,0,5.0,0.4498453140258789,0.416843980550766,1.0550925731658936,0.08996906876564026,0.03560313582420349,0.015511907637119293,-0.00016602003597654402,0.44,0.56,0.04738825187087059,0.015511907637119293,-0.00016602003597654402,0.06501550857747508,0.24228028503562946,-0.07802398591125784,0.9333333333333333,3,0.649024248123169,-8.490418711771711e-17,3.0542707443237305,0.2716417610645294,0.06671225279569626,0.33228590676653796,7,0.26666666666666666,0.1866666666666667,greedy,0.5,0.7931034482758621,0.11209021508693695,0.04267728328704834,0.040818510679006326,1.2885994294594074,37.369383454322815,5.0,1.9333333333333333,11.0,0.38437845943588406,0.30000000000000004,0.6085782843431313,0.7711259468546615,0.7777777777777778,0.22887405314533849
2025-04-14,-0.02393741581477606,48.803357759149236,0.4945431867789211,-0.042988764820329095,6.186295822844649,29.473334249761514,-0.15993088548074033,-0.14172058715488953,0.23665322060090987,-0.12158137059039996,-0.30000000000000004,0.004496605063134826,-0.049357680320640515,0.29566415257941,0.11508459295781222,0.09675453653062746,low_connectivity,partial_correlation,60,residual,30,76,0.17471264367816092,0.02,0,5.066666666666666,0.47379109263420105,0.502037763595581,1.0363095998764038,0.09351140260696411,0.03889845684170723,0.016337625682353973,0.0003782179264817387,0.4605263157894737,0.5394736842105263,0.0465841181576252,0.016337625682353973,0.0003782179264817387,0.07157053288386737,0.2676056338028169,-0.058858896127872436,0.9333333333333333,3,0.6738599538803101,-3.61869759833117e-16,3.061162233352661,0.2201772928237915,0.06453540176153183,0.31956942442908914,7,0.26666666666666666,0.2,greedy,0.5,0.7931034482758621,0.10914114117622375,0.043117862194776535,0.03455880596477878,1.2836064634651974,37.22458744049072,4.0,1.9333333333333333,16.0,0.3848766983897065,0.26436781609195403,0.6006884681583476,0.7505184246948057,0.6456349206349206,0.24948157530519433
2025-04-15,-0.06396018763631066,46.80634441210486,0.45698254364089774,-1.9970133470443727,16.420374110697736,27.559212430471565,-0.14332186605530242,-0.14172058715488953,0.27376081780429423,-0.11694844955682354,-0.30000000000000004,0.004496605063134826,-0.055772982912821116,0.30000000000000004,0.018791738645469458,0.09675453653062746,low_connectivity,partial_correlation,60,residual,30,76,0.17471264367816092,0.02,0,5.066666666666666,0.4999825656414032,0.513439416885376,1.1647061109542847,0.0986807644367218,0.04172311723232269,0.017240777611732483,-3.0032519134692848e-05,0.4473684210526316,0.5526315789473685,0.04616222158074379,0.017240777611732483,-3.0032519134692848e-05,0.0681550694139662,0.24878048780487805,0.009491489154986163,0.9333333333333333,3,0.708344042301178,1.1180145035125895e-17,3.0708627700805664,0.23393166065216064,0.063979372382164,0.31193363556295994,7,0.26666666666666666,0.19111111111111118,greedy,0.5333333333333333,0.7931034482758621,0.10961224883794785,0.04367179423570633,0.03950444153809318,1.2775899007402618,37.05010712146759,4.0,1.9333333333333333,13.0,0.3847360661974127,0.1686746987951807,0.5885357548240636,0.8189959522233058,0.7494588744588745,0.1810040477766942
2025-04-16,0.0630257912436042,53.14712361096758,0.579931442817077,6.34077919886272,-17.400262698792318,32.4523519085933,-0.1470810201870925,-0.12761055057819914,0.25686857973156907,-0.13258876189838528,-0.30000000000000004,0.004496605063134826,-0.022095718608954203,0.30000000000000004,0.0919520114587545,0.13908464626277692,normal,partial_correlation,60,residual,30,77,0.17701149425287357,0.02,0,5.133333333333334,0.49405452609062195,0.4383416473865509,1.107467770576477,0.09624440222978592,0.04175805673003197,0.01703636534512043,-0.0012161266058683395,0.4155844155844156,0.5844155844155844,0.0461958684027195,0.01703636534512043,-0.0012161266058683395,0.08608461589183035,0.2647058823529412,-0.1683851381321962,0.9333333333333333,3,0.6926460862159729,-4.6196164474179776e-17,3.0665817260742188,0.22172194719314575,0.06488952785730362,0.3448908098208184,6,0.26666666666666666,0.22666666666666668,greedy,0.5,0.8275862068965517,0.10802183300256729,0.043412838131189346,0.038693007556123704,1.2784531691978718,37.07514190673828,4.0,1.9333333333333333,13.0,0.38551356532964215,0.24137931034482762,0.36728395061728397,0.6246193682753219,0.671897546897547,0.37538063172467806
2025-04-17,0.10349325497773465,55.15626654173583,0.6130841121495327,2.009142930768249,2.9886730382570406,36.73544402273542,-0.14389312265896612,-0.11350051400150891,0.2753546151671825,-0.14811404069591458,-0.30000000000000004,0.035972840505078714,-0.023578433674365937,0.29186394608133814,0.0479732082599645,0.18141475599492637,normal,partial_correlation,60,residual,30,78,0.1793103448275862,0.02,0,5.2,0.49908173084259033,0.41097158193588257,1.1474668979644775,0.09597725421190262,0.040596287697553635,0.017209714278578758,-0.0006134273717179894,0.4230769230769231,0.5769230769230769,0.047190144658088684,0.017209714278578758,-0.0006134273717179894,0.08529522847488162,0.2679738562091503,-0.22719876947300038,0.9666666666666667,2,0.7098251581192017,8.992079081338034e-09,3.0642757415771484,0.24007189273834229,0.06801136583089828,0.3539612757956919,5,0.26666666666666666,0.24222222222222223,greedy,0.5,0.8620689655172413,0.10644311457872391,0.043170586228370667,0.034114617523781754,1.2785438463605683,37.07777154445648,4.0,1.9333333333333333,13.0,0.39772238538411386,0.19767441860465118,0.797768479776848,0.8459448364980924,0.7532407407407408,0.15405516350190762
2025-04-18,0.14395112947692182,57.14824938052786,0.6455932731236375,1.9919828387920262,8.301902856558293,44.227483681272176,-0.12594240209370075,-0.08528044084812827,0.29487406293773316,-0.13177605357328478,-0.30000000000000004,0.035972840505078714,-0.059432191156812836,0.30000000000000004,0.03412055771111013,0.18141475599492637,normal,partial_correlation,60,residual,30,80,0.1839080459770115,0.02,0,5.333333333333333,0.527388870716095,0.5254492163658142,1.1800293922424316,0.0988854169845581,0.0448320247232914,0.018185824155807495,-0.0006062348838895559,0.425,0.575,0.04563396796584129,0.018185824155807495,-0.0006062348838895559,0.06620693183097077,0.27741935483870966,-0.17623127724217974,0.9666666666666667,2,0.7279645800590515,2.0553314605820105e-09,3.078300952911377,0.20414882898330688,0.06641710549592972,0.34781290324852737,5,0.26666666666666666,0.23777777777777778,greedy,0.5,0.8620689655172413,0.10810447484254837,0.043975621461868286,0.04061121825654157,1.272627090585643,36.90618562698364,4.0,1.9333333333333333,13.0,0.3987362268698398,0.1839080459770115,0.6444178954318232,0.7342098310370787,0.8055555555555556,0.2657901689629213
2025-04-21,0.21737011695108874,60.70050226112726,0.7017434620174346,3.5522528805994043,11.897144501978026,45.9482865292071,-0.12122961218533237,-0.08528044084812827,0.30000000000000004,-0.13264144286536575,-0.30000000000000004,0.035972840505078714,-0.01344062323123503,0.30000000000000004,0.05257463958114501,0.18141475599492637,normal,partial_correlation,60,residual,30,80,0.1839080459770115,0.02,0,5.333333333333333,0.5348207354545593,0.5343030691146851,1.2932928800582886,0.10027887672185898,0.04324161633849144,0.018442092463374138,-0.00029933371115475893,0.4625,0.5375,0.04590845853090286,0.018442092463374138,-0.00029933371115475893,0.09069252980802528,0.296137339055794,-0.09348295054858947,0.9666666666666667,2,0.7412431240081787,-1.915204756515221e-16,3.0773744583129883,0.23585891723632812,0.0638146623969078,0.3453228021748627,5,0.3333333333333333,0.2466666666666667,greedy,0.5,0.8620689655172413,0.1080164760351181,0.043980672955513,0.04108355096170779,1.2737328677341855,36.93825316429138,4.0,1.9333333333333333,12.0,0.3988277237248603,0.202247191011236,0.5929253228523301,0.7667315337372496,0.78,0.23326846626275044
2025-04-22,0.1484741347211537,57.36963269726086,0.6492374727668845,-3.3308695638664005,10.563288285155998,29.283302242242446,-0.11470494855562384,-0.07117040427143786,0.30000000000000004,-0.14201733613196874,-0.30000000000000004,0.035972840505078714,-0.018789286065203317,0.30000000000000004,-0.02223148675461771,0.18141475599492637,normal,partial_correlation,60,residual,30,81,0.18620689655172415,0.02,0,5.4,0.5451096296310425,0.5254350900650024,1.344595193862915,0.10094622522592545,0.04188630357384682,0.018796885386109352,-0.000808942480944097,0.4444444444444444,0.5555555555555556,0.0461612232029438,0.018796885386109352,-0.000808942480944097,0.08784493809122874,0.31742738589211617,-0.022540485654576902,0.9666666666666667,2,0.7645978331565857,3.339914567135338e-09,3.0778188705444336,0.3021482229232788,0.06347264349460602,0.30164225316826665,5,0.36666666666666664,0.28444444444444444,greedy,0.4666666666666667,0.8620689655172413,0.10706306993961334,0.043792374432086945,0.039294980377774236,1.2737775753284324,36.939549684524536,5.0,1.9333333333333333,10.0,0.3996782621404449,0.12790697674418605,0.5412386772417977,0.6610140606840073,0.7042857142857143,0.33898593931599275
2025-04-23,0.14908642069577732,57.39957920645959,0.6505911636589919,0.029946509198730098,4.252455595492009,37.44710633454519,-0.10993026138259032,-0.08528044084812827,0.30000000000000004,-0.13086611625905623,-0.30000000000000004,0.035972840505078714,-0.04164604277697661,0.30000000000000004,-0.0005783145374764259,0.18141475599492637,normal,partial_correlation,60,residual,30,80,0.1839080459770115,0.02,0,5.333333333333333,0.5526390671730042,0.5565615892410278,1.2397714853286743,0.10361982882022858,0.04149480164051056,0.019056519493460655,-0.0017476523062214255,0.4125,0.5875,0.04451825097203255,0.019056519493460655,-0.0017476523062214255,0.07567615626562431,0.2660753880266075,-0.015453414197400513,0.9666666666666667,2,0.7492232322692871,3.0829974129176207e-09,3.1004867553710938,0.3222685158252716,0.06165318936109543,0.3145125967453936,5,0.3333333333333333,0.24888888888888894,greedy,0.4666666666666667,0.8620689655172413,0.10819700360298157,0.044314898550510406,0.04112140612089543,1.26889195524413,36.79786670207977,5.0,1.9333333333333333,10.0,0.39836432120523685,0.14942528735632188,0.4611684046782278,0.5908362687299512,0.6257575757575757,0.4091637312700488
2025-04-24,0.15848533963122216,57.85858065885356,0.6603421461897356,0.45900145239397006,2.70231411711773,39.2149374597885,-0.10874301224407723,-0.08528044084812827,0.30000000000000004,-0.1448518505806559,-0.30000000000000004,0.035972840505078714,-0.031014929407974037,0.30000000000000004,0.010987976212052428,0.18141475599492637,normal,partial_correlation,60,residual,30,80,0.1839080459770115,0.02,0,5.333333333333333,0.554511308670044,0.5330902934074402,1.2610546350479126,0.10397087037563324,0.042005665600299835,0.019121078774333,-0.0017684714403003454,0.4125,0.5875,0.04369684308767319,0.019121078774333,-0.0017684714403003454,0.08133608872157169,0.24305555555555555,-0.04557412503892691,0.9666666666666667,2,0.7361726760864258,2.0307637409734512e-16,3.124148368835449,0.2963103950023651,0.05987918749451637,0.32410996818159044,5,0.4,0.2711111111111112,greedy,0.4666666666666667,0.8620689655172413,0.10677483677864075,0.04436493664979935,0.03942106672758938,1.266980430175518,36.74243247509003,6.0,1.9333333333333333,10.0,0.3980905185771171,0.16091954022988508,0.8080374216704421,0.8887211498705713,0.9095238095238095,0.11127885012942873
2025-04-25,0.27821965600784176,63.56282661731436,0.7384950248756219,5.704245958460795,6.414577236786499,44.03159655134991,-0.10354079891703966,-0.07117040427143786,0.30000000000000004,-0.1544311407378538,-0.30000000000000004,0.0674490759470226,-0.022426382734100275,0.2613626839299849,0.1195618667963395,0.18141475599492637,normal,partial_correlation,60,residual,30,81,0.18620689655172415,0.02,0,5.4,0.5627147555351257,0.5750961303710938,1.3761067390441895,0.10420643538236618,0.04287144914269447,0.019403960555791855,-0.0020918925292789936,0.4074074074074074,0.5925925925925926,0.04394488036632538,0.019403960555791855,-0.0020918925292789936,0.08590857256043398,0.2483221476510067,-0.03988422104808793,1.0,1,0.7481026649475098,0.056782323867082596,3.127262830734253,0.29468658566474915,0.05969858914613724,0.3510528063170093,5,0.26666666666666666,0.22000000000000003,greedy,0.5,0.8620689655172413,0.10580074787139893,0.04431617632508278,0.030549467027269128,1.267159914148265,36.74763751029968,5.0,1.9333333333333333,10.0,0.4100505923060165,0.26881720430107525,0.5390038243560799,0.6999816917180987,0.5928571428571429,0.30001830828190135
2025-04-28,0.13049854357676507,56.48813820947415,0.6356854211998757,-7.074688407840206,-4.212364051653111,34.45704783071253,-0.10877521115320021,-0.07117040427143786,0.29227520280867897,-0.17536372880264034,-0.30000000000000004,0.035972840505078714,0.009327313725608776,0.30000000000000004,0.009147884501900051,0.13908464626277692,normal,partial_correlation,60,residual,30,81,0.18620689655172415,0.02,0,5.4,0.5544605851173401,0.5305922627449036,1.2197777032852173,0.10267787426710129,0.03877994418144226,0.019119327887892723,-0.0010081662330776453,0.4567901234567901,0.5432098765432098,0.043107666075229645,0.019119327887892723,-0.0010081662330776453,0.1028140246001643,0.2635135135135135,0.007354804771552837,0.9666666666666667,2,0.7255494594573975,1.622086788273829e-17,3.127854824066162,0.2797832787036896,0.05758222937583923,0.35777179008515353,6,0.26666666666666666,0.20444444444444448,greedy,0.5,0.8275862068965517,0.10367217659950256,0.043715909123420715,0.03584105355776224,1.2723628159227043,36.89852166175842,5.0,1.9333333333333333,10.0,0.39866040976454015,0.15909090909090906,0.9466715704303053,0.9687187187994158,0.975,0.031281281200584155
2025-04-29,0.06686666790543082,53.33835944100998,0.5814170292106898,-3.1497787684641736,-4.031273256250884,33.68973768183795,-0.12394624099886951,-0.08528044084812827,0.283165755174506,-0.20837256762786135,-0.30000000000000004,0.035972840505078714,0.0216854216044158,0.24306314134851742,0.061494112484995145,0.13908464626277692,normal,partial_correlation,60,residual,30,80,0.1839080459770115,0.02,0,5.333333333333333,0.5305366516113281,0.5186712741851807,1.2018499374389648,0.09947562962770462,0.03838011622428894,0.01829436980187893,-0.0007839523605071008,0.475,0.525,0.0446091927587986,0.01829436980187893,-0.0007839523605071008,0.1093933971879219,0.2913907284768212,-0.005748173101942019,0.9666666666666667,2,0.7170840501785278,-4.111469140087057e-17,3.1054940223693848,0.28577297925949097,0.05753699690103531,0.3191022328485917,6,0.26666666666666666,0.20444444444444448,greedy,0.5333333333333333,0.8275862068965517,0.10031560808420181,0.042935729026794434,0.028410518711080246,1.2783188860991905,37.071247696876526,5.0,1.9333333333333333,10.0,0.3983946351341589,0.21111111111111114,0.4476891823260538,0.6700449574027931,0.63997113997114,0.32995504259720687
2025-05-05,-0.06617293673419265,46.696174083817084,0.4541783162472818,-6.6421853571928935,-10.703405122642508,22.161752008388376,-0.120322699081141,-0.08528044084812827,0.28794759623824173,-0.21550655237197738,-0.30000000000000004,0.035972840505078714,0.0009845766982411737,0.2037220999158215,-0.055105113785255413,0.18141475599492637,low_connectivity,partial_correlation,60,residual,30,80,0.1839080459770115,0.02,0,5.333333333333333,0.5362507700920105,0.4957283139228821,1.2397271394729614,0.10054703056812286,0.03921620175242424,0.018491407856345177,-0.0013398770242929459,0.45,0.55,0.044965699315071106,0.018491407856345177,-0.0013398770242929459,0.09837240814536187,0.2588495575221239,-0.11330172763274049,0.9666666666666667,2,0.7215278148651123,3.613686339656977e-16,3.1072072982788086,0.28214964270591736,0.059268079698085785,0.3332600026744708,5,0.3,0.26222222222222225,greedy,0.4666666666666667,0.8620689655172413,0.09959017485380173,0.04301247373223305,0.02381212757889961,1.2768940884491493,37.02992856502533,5.0,1.9333333333333333,11.0,0.39851347065291637,0.09523809523809523,0.4147794612255357,0.6294748857233611,0.5582264957264957,0.3705251142766389
2025-05-06,-0.09845292851474634,45.093197184744,0.42732919254658386,-1.6029768990730844,-12.765383474109562,22.1070394977389,-0.11764381835042677,-0.08528044084812827,0.2856766803289327,-0.21558986010418432,-0.30000000000000004,0.035972840505078714,-0.004544555387459389,0.19973934951637168,-0.07819788016985693,0.18141475599492637,low_connectivity,partial_correlation,60,residual,30,80,0.1839080459770115,0.02,0,5.333333333333333,0.5404752492904663,0.5072506666183472,1.2197681665420532,0.10133911669254303,0.040097493678331375,0.018637077882885933,-0.001087050884962082,0.4625,0.5375,0.04403803125023842,0.018637077882885933,-0.001087050884962082,0.0954287358263061,0.26590909090909093,-0.053874789486886135,0.9666666666666667,2,0.7194174528121948,2.2966084063661126e-17,3.118945360183716,0.2817307114601135,0.05842070281505585,0.34225589021532826,5,0.3333333333333333,0.26,greedy,0.5,0.8620689655172413,0.09958170354366302,0.04300432652235031,0.023346602431329466,1.2764669697860191,37.017542123794556,4.0,1.9333333333333333,11.0,0.3982042479646388,0.07228915662650603,0.8276924431142996,0.8545901750299503,0.8099999999999999,0.14540982497004973
2025-05-07,-0.15373684005448834,42.373150436685115,0.37410742005588327,-2.720046748058884,-21.18967618062924,17.40173904394291,-0.12163281788670102,-0.08528044084812827,0.2786872929802,-0.22901354199503696,-0.30000000000000004,0.035972840505078714,0.001623416533954163,0.15937747100307145,-0.032555706609703305,0.13908464626277692,low_connectivity,partial_correlation,60,residual,30,80,0.1839080459770115,0.02,0,5.333333333333333,0.5341848134994507,0.48218125104904175,1.222520351409912,0.1001596599817276,0.04153887555003166,0.01842016726732254,-0.0018162691267207265,0.4375,0.5625,0.04445835202932358,0.01842016726732254,-0.0018162691267207265,0.09871252212917533,0.28125,-0.08794348048990755,0.9666666666666667,2,0.712922215461731,1.5414990395257178e-09,3.113004446029663,0.2707304358482361,0.05897596478462219,0.31631110715233357,6,0.26666666666666666,0.20444444444444448,greedy,0.5,0.8275862068965517,0.09821669012308121,0.04273475706577301,0.0186288904065669,1.278549469750503,37.07793462276459,4.0,1.9333333333333333,12.0,0.39834435489100056,0.11764705882352944,0.2371736087649018,0.5246117209033578,0.5603479853479854,0.47538827909664216
2025-05-08,-0.09786725988058749,45.122200260571205,0.4276846679081316,2.7490498238860894,-11.365937948902946,2.5051383242666176,-0.10176807769902665,-0.028840294541366992,0.30000000000000004,-0.241165920049898,-0.30000000000000004,0.035972840505078714,-0.020439720089198574,0.13301109248389736,-0.01372182675285019,0.13908464626277692,low_connectivity,partial_correlation,60,residual,30,84,0.19310344827586207,0.02,0,5.6,0.5655103921890259,0.5156130790710449,1.3521286249160767,0.10098398476839066,0.04290486127138138,0.019500356167554855,-0.0016779581783339381,0.4523809523809524,0.5476190476190477,0.043650105595588684,0.019500356167554855,-0.0016779581783339381,0.08696625824137902,0.2641509433962264,-0.12709401227458547,0.9666666666666667,2,0.7412949800491333,1.2845827734864201e-09,3.1305336952209473,0.28868481516838074,0.05929955840110779,0.31295084424096226,6,0.36666666666666664,0.24000000000000002,greedy,0.4666666666666667,0.8275862068965517,0.09698095172643661,0.04282134026288986,0.015547047202753683,1.2778916358947754,37.058857440948486,4.0,1.9333333333333333,14.0,0.4011400735127058,0.13636363636363635,0.547695713423224,0.7485752213160094,0.6962121212121213,0.2514247786839906
2025-05-09,-0.09713446174213473,45.15849404729785,0.42941358982314615,0.036293786726645294,-8.179865393712127,14.772523745890723,-0.11319132579357488,-0.08528044084812827,0.30000000000000004,-0.23719631027372645,-0.30000000000000004,0.035972840505078714,-0.036931976906085344,0.15072885241211834,0.007349143167256854,0.18141475599492637,low_connectivity,partial_correlation,60,residual,30,80,0.1839080459770115,0.02,0,5.333333333333333,0.5474965572357178,0.5495165586471558,1.437942385673523,0.10265560448169708,0.04355790093541145,0.01887919194996357,-0.002512920880690217,0.4125,0.5875,0.0457472950220108,0.01887919194996357,-0.002512920880690217,0.07818589287514319,0.26200873362445415,-0.12616586701982882,0.9666666666666667,2,0.7497411966323853,-2.2143806316034822e-16,3.098381519317627,0.33341893553733826,0.061389245092868805,0.31155548688499257,5,0.3,0.24444444444444446,greedy,0.4666666666666667,0.8620689655172413,0.09738460928201675,0.04280143976211548,0.017617993653813446,1.2773032558375392,37.041794419288635,4.0,1.9333333333333333,14.0,0.3987740025552296,0.1573033707865169,0.3214787084698175,0.5609775403401012,0.4806267806267806,0.43902245965989883
2025-05-12,-0.18473403064556237,40.866956296350516,0.34522332506203474,-4.2915377509473345,-5.829217787466568,-29.680430013409385,-0.10654362122602619,-0.07117040427143786,0.30000000000000004,-0.24000833090202,-0.30000000000000004,0.035972840505078714,-0.04737933781766712,0.1300645534188512,-0.06708448634726742,0.18141475599492637,low_connectivity,partial_correlation,60,residual,30,81,0.18620689655172415,0.02,0,5.4,0.5579796433448792,0.575939416885376,1.4378032684326172,0.10332955420017242,0.04327688366174698,0.01924067549407482,-0.00328112137503922,0.38271604938271603,0.6172839506172839,0.04482898488640785,0.01924067549407482,-0.00328112137503922,0.07262378897783468,0.23819742489270387,-0.15003944579214307,0.9666666666666667,2,0.7435653209686279,-1.3370018025715105e-16,3.1098856925964355,0.3135693669319153,0.061826422810554504,0.31356427397799425,5,0.4,0.2733333333333334,greedy,0.4666666666666667,0.8620689655172413,0.09709866344928741,0.043080125004053116,0.015202639972698218,1.2754653692245483,36.9884957075119,4.0,1.9333333333333333,14.0,0.39923418270159955,0.08333333333333337,0.36468245186988274,0.5669228796445945,0.598021978021978,0.43307712035540546
2025-05-13,-0.13419350179835887,43.33031260728269,0.3953488372093023,2.463356310932177,-1.762884577461307,-8.837280896196098,-0.10016313335003955,-0.05706036769474763,0.30000000000000004,-0.23632271476703937,-0.30000000000000004,0.035972840505078714,-0.06013938420828531,0.104391472847223,-0.0022869711254750688,0.18141475599492637,low_connectivity,partial_correlation,60,residual,30,82,0.18850574712643678,0.02,0,5.466666666666667,0.568041205406189,0.5855883359909058,1.3694617748260498,0.10390998423099518,0.04401734098792076,0.019587628543376923,-0.0031966292299330235,0.3902439024390244,0.6097560975609756,0.04418651759624481,0.019587628543376923,-0.0031966292299330235,0.06583042705995401,0.2336842105263158,-0.19345972056760155,0.9666666666666667,2,0.7444949746131897,1.897617465669884e-18,3.1160295009613037,0.28794166445732117,0.061540454626083374,0.32535914137924077,5,0.3333333333333333,0.2466666666666667,greedy,0.4666666666666667,0.8620689655172413,0.09747344255447388,0.04314471036195755,0.012201833137467366,1.2746252684757626,36.96413278579712,4.0,1.9333333333333333,14.0,0.3997863104631161,0.1477272727272727,0.41150520557614256,0.6218539796750722,0.6252014652014652,0.37814602032492783
2025-05-14,-0.10541790148835732,44.74854355833622,0.4203347799132052,1.4182309510535305,2.3753931216511077,-4.097802965633342,-0.10008219077316978,-0.07117040427143786,0.30000000000000004,-0.25205673914861226,-0.30000000000000004,0.035972840505078714,-0.05539078760547986,0.05797291390021314,0.09792170991012422,0.18141475599492637,low_connectivity,partial_correlation,60,residual,30,81,0.18620689655172415,0.02,0,5.4,0.5681688785552979,0.5827449560165405,1.2720210552215576,0.10521645098924637,0.044332973659038544,0.019592029973864555,-0.0033575857523828745,0.38271604938271603,0.6172839506172839,0.04449597746133804,0.019592029973864555,-0.0033575857523828745,0.0683585475963021,0.25157232704402516,-0.1756502156984901,0.9666666666666667,2,0.7521734237670898,2.5691644367498156e-09,3.106456995010376,0.29866090416908264,0.05975005775690079,0.307271721361881,5,0.4,0.30000000000000004,greedy,0.5,0.8620689655172413,0.09587349742650986,0.04301585257053375,0.006776183941176961,1.2744735849314723,36.959733963012695,4.0,1.9333333333333333,17.0,0.3991231802265763,0.24731182795698925,0.19035532994923857,0.46239216315222614,0.31534798534798536,0.5376078368477739
2025-05-15,0.020854048846376986,51.042551314516395,0.5392004958165478,6.2940077561801715,5.92035105394519,2.2391935553671587,-0.080841835389212,-0.028840294541366992,0.30000000000000004,-0.24433615659970404,-0.30000000000000004,0.0674490759470226,-0.048835147790704976,0.1364707724294816,-0.003957230936215212,0.22374486572707597,normal,partial_correlation,60,residual,30,84,0.19310344827586207,0.02,0,5.6,0.5985097885131836,0.6335461139678955,1.4520585536956787,0.10687672346830368,0.04602007195353508,0.02063826657831669,-0.0031081808265298605,0.38095238095238093,0.6190476190476191,0.0432610809803009,0.02063826657831669,-0.0031081808265298605,0.07184872564908552,0.22131147540983606,-0.14129887611519895,1.0,1,0.7786198854446411,0.08667242527008057,3.144165515899658,0.3348841071128845,0.05660034716129303,0.2904932944273739,4,0.4666666666666667,0.3488888888888889,greedy,0.5333333333333333,0.896551724137931,0.09665858000516891,0.04395204782485962,0.01595143308077307,1.265769913278777,36.707327485084534,4.0,1.9333333333333333,17.0,0.4121215097520543,0.1460674157303371,0.586180998873451,0.7576602924503649,0.5773109243697478,0.24233970754963507
2025-05-16,-0.07023182750857714,46.494170908547616,0.45229244114002476,-4.5483804059687785,1.335676861249766,-0.31217350355724705,-0.07927542696869655,-0.028840294541366992,0.30000000000000004,-0.23307298051323638,-0.30000000000000004,0.0674490759470226,-0.05184807267449035,0.13340236450961482,-0.05946124926235067,0.18141475599492637,low_connectivity,partial_correlation,60,residual,30,84,0.19310344827586207,0.02,0,5.6,0.6009798049926758,0.5731418132781982,1.461251139640808,0.10731782019138336,0.04609500989317894,0.02072344347834587,-0.0029978875536471605,0.38095238095238093,0.6190476190476191,0.04329070448875427,0.02072344347834587,-0.0029978875536471605,0.07024466493172077,0.22040816326530613,-0.15322757495829217,1.0,1,0.7817320227622986,0.08470062911510468,3.1429665088653564,0.3460816740989685,0.05628542974591255,0.2980187090768878,5,0.23333333333333334,0.20222222222222225,greedy,0.5,0.8620689655172413,0.09780389815568924,0.044175807386636734,0.015592781167788838,1.2639356522724545,36.654133915901184,4.0,1.9333333333333333,17.0,0.4121313842548721,0.09090909090909094,0.40611091390656145,0.6230160576095158,0.5571428571428572,0.37698394239048416
2025-05-19,-0.009016087747087455,49.54920782752036,0.5103747290182719,3.055036918972746,8.682251531169847,-3.5979157834472204,-0.06847923550223894,-0.0006202213879863503,0.30000000000000004,-0.23526316057579538,-0.30000000000000004,0.0674490759470226,-0.03803603235740102,0.14500783158796068,-0.06048910145357544,0.18141475599492637,low_connectivity,partial_correlation,60,residual,30,86,0.19770114942528735,0.02,0,5.733333333333333,0.6180047988891602,0.5697174668312073,1.3993407487869263,0.10779152065515518,0.04621238261461258,0.021310510113835335,-0.0026666871272027493,0.3953488372093023,0.6046511627906976,0.04305317997932434,0.021310510113835335,-0.0026666871272027493,0.0775981012614927,0.234375,-0.11415249837222477,1.0,1,0.8045378923416138,0.08750350028276443,3.147831916809082,0.36074304580688477,0.05571109801530838,0.3030462687821378,5,0.23333333333333334,0.2066666666666667,greedy,0.4666666666666667,0.8620689655172413,0.09758118540048599,0.044304437935352325,0.01694929017096758,1.261464657454655,36.582475066185,4.0,1.9333333333333333,16.0,0.4135847764682039,0.0898876404494382,0.6055065839590815,0.7334668213295125,0.6916666666666667,0.26653317867048754
2025-05-20,0.1774746583319243,58.781725856647796,0.6755417956656347,9.232518029127434,15.451413249365103,3.6254593149119643,-0.05835466532426451,0.013489815188704055,0.30000000000000004,-0.2092968658176506,-0.30000000000000004,0.0674490759470226,-0.044552597447273884,0.30000000000000004,-0.0726748602095398,0.18141475599492637,normal,partial_correlation,60,residual,30,87,0.2,0.02,0,5.8,0.6339706182479858,0.6095311641693115,1.55703866481781,0.10930529236793518,0.046599823981523514,0.021861055865883827,-0.002662358805537224,0.39080459770114945,0.6091954022988506,0.042877886444330215,0.021861055865883827,-0.002662358805537224,0.07412872632650172,0.22813688212927757,-0.12875744007378204,1.0,1,0.8215005993843079,0.09444130957126617,3.1529715061187744,0.37397459149360657,0.05549709126353264,0.2999471859253751,5,0.23333333333333334,0.2088888888888889,greedy,0.5,0.8620689655172413,0.10022161900997162,0.04511940851807594,0.04065171552136848,1.2561963549975692,36.429694294929504,4.0,1.9333333333333333,16.0,0.41429262881477674,0.07777777777777772,0.7746154258455271,0.8542695632351197,0.7666666666666666,0.1457304367648803
2025-05-21,0.21077075506700876,60.38520607947808,0.6973073351903436,1.6034802228302851,15.636662521141858,3.236956698950223,-0.06917014188203725,-0.014730257964676585,0.30000000000000004,-0.21959698400426964,-0.30000000000000004,0.0674490759470226,-0.035136696946112184,0.30000000000000004,0.0005410039221553373,0.18141475599492637,normal,partial_correlation,60,residual,30,85,0.19540229885057472,0.02,0,5.666666666666667,0.6169153451919556,0.5933017730712891,1.792663335800171,0.10886738449335098,0.044632233679294586,0.021272940561175346,-0.003318708622828126,0.3764705882352941,0.6235294117647059,0.04448067769408226,0.021272940561175346,-0.003318708622828126,0.07914168771621705,0.21714285714285714,-0.18560691348867975,1.0,1,0.8091692328453064,0.09249468892812729,3.1415023803710938,0.37524840235710144,0.0562911331653595,0.2978774474210804,5,0.3,0.22,greedy,0.4666666666666667,0.8620689655172413,0.09917423129081726,0.04463622719049454,0.04028114290570595,1.2611831385513832,36.57431101799011,4.0,1.9333333333333333,16.0,0.4132943255148857,0.15053763440860213,0.5395866951225861,0.6995227471495403,0.5755555555555556,0.3004772528504597
2025-05-22,0.16626028409844282,58.23725432257088,0.6680074257425742,-2.1479517569072044,7.194703008054482,-2.4632479385563855,-0.07266677214199913,-0.028840294541366992,0.30000000000000004,-0.22234210932956852,-0.30000000000000004,0.0674490759470226,-0.03080250251921018,0.30000000000000004,-0.02795186931136144,0.18141475599492637,normal,partial_correlation,60,residual,30,84,0.19310344827586207,0.02,0,5.6,0.611401379108429,0.5575593709945679,1.7873108386993408,0.10917879641056061,0.04415102303028107,0.021082803606987,-0.0029222858138382435,0.39285714285714285,0.6071428571428571,0.04473071172833443,0.021082803606987,-0.0029222858138382435,0.08144918335244414,0.21511627906976744,-0.20304101765932925,1.0,1,0.8080995678901672,0.06737953424453735,3.1335253715515137,0.3697224259376526,0.056793130934238434,0.30336761891463504,5,0.3,0.22666666666666668,greedy,0.4666666666666667,0.8620689655172413,0.09889508783817291,0.04456375166773796,0.03850019894314882,1.2619592937929878,36.59681951999664,5.0,1.9333333333333333,15.0,0.41261138666806546,0.12222222222222223,0.9344978165938864,0.9449302191081818,0.9214285714285715,0.05506978089181824
2025-05-23,0.15998358555745837,57.93162514770521,0.6628518403959172,-0.30562917486566477,11.437454239157596,0.5619924504443503,-0.07646874397209101,-0.042950331118057225,0.30000000000000004,-0.2237598061725517,-0.30000000000000004,0.0674490759470226,-0.018055415819290693,0.30000000000000004,-0.06997605903464965,0.22374486572707597,normal,partial_correlation,60,residual,30,83,0.19080459770114944,0.02,0,5.533333333333333,0.6054058074951172,0.5370756387710571,1.7837069034576416,0.10941068828105927,0.04433486610651016,0.020876063033938408,-0.002471793908625841,0.40963855421686746,0.5903614457831325,0.044656943529844284,0.020876063033938408,-0.002471793908625841,0.08823564561913508,0.24193548387096775,-0.15093521915938962,1.0,1,0.8058123588562012,0.09225081652402878,3.138803720474243,0.35134458541870117,0.056417711079120636,0.31428392002658817,4,0.26666666666666666,0.2533333333333333,greedy,0.4666666666666667,0.896551724137931,0.09875092655420303,0.044544488191604614,0.041914581281502716,1.26248155791184,36.61196517944336,4.0,1.9333333333333333,16.0,0.4118205137436646,0.08045977011494254,0.453551912568306,0.6531012763068176,0.5555194805194805,0.3468987236931824
2025-05-26,0.19290672515437787,59.527446775141414,0.686456400742115,1.5958216274362016,9.978238947621051,2.127867568681822,-0.06863344772444281,-0.0006202213879863503,0.30000000000000004,-0.22547043556906465,-0.30000000000000004,0.0674490759470226,-0.03328113279471597,0.30000000000000004,-0.02795186931136144,0.18141475599492637,normal,partial_correlation,60,residual,30,86,0.19770114942528735,0.02,0,5.733333333333333,0.6177615523338318,0.5501424074172974,1.5743099451065063,0.10774911940097809,0.045065123587846756,0.021302124485373497,-0.002599921077489853,0.4069767441860465,0.5930232558139535,0.043013960123062134,0.021302124485373497,-0.002599921077489853,0.08012957745081455,0.2533589251439539,-0.18487207583805482,1.0,1,0.7865583896636963,0.09479478746652603,3.1566758155822754,0.290865033864975,0.05586724355816841,0.31512788336620007,5,0.26666666666666666,0.21111111111111114,greedy,0.4666666666666667,0.8620689655172413,0.09857697784900665,0.04452905431389809,0.04075123155718674,1.2624281315967953,36.61041581630707,4.0,1.9333333333333333,17.0,0.4135717031827832,0.12222222222222223,0.6984280532043531,0.791374198533118,0.7767857142857143,0.20862580146688203
2025-05-27,0.09192449083219625,54.58332194712921,0.6024729520865533,-4.944124828012207,-4.198403909518589,-3.275258711724355,-0.06946438510476742,-0.014730257964676585,0.30000000000000004,-0.2138001726223141,-0.30000000000000004,0.0674490759470226,-0.04270330338522946,0.30000000000000004,-0.11624122203276517,0.18141475599492637,normal,partial_correlation,60,residual,30,85,0.19540229885057472,0.02,0,5.666666666666667,0.6164512038230896,0.5830323696136475,1.517228126525879,0.10878552496433258,0.04532705247402191,0.021256940439343452,-0.0028065363876521587,0.4,0.6,0.04310911148786545,0.021256940439343452,-0.0028065363876521587,0.07511327790817092,0.23715415019762845,-0.18437708149776352,1.0,1,0.7882301807403564,0.09256366640329361,3.1529908180236816,0.2903468906879425,0.0564277283847332,0.3047268897310654,5,0.26666666666666666,0.21111111111111114,greedy,0.4666666666666667,0.8620689655172413,0.09976369142532349,0.044749218970537186,0.04373077414402382,1.261579756079049,36.58581292629242,4.0,1.9333333333333333,17.0,0.4128371367794801,0.03448275862068961,1.0,1.0,1.0,0.0
2025-05-28,0.12461528346553591,56.198710813181975,0.6310259579728059,1.6153888660527684,-4.186495266296106,-7.364115804132382,-0.0739813097340239,-0.028840294541366992,0.30000000000000004,-0.21510202995375885,-0.30000000000000004,0.0674490759470226,-0.035428809357537595,0.30000000000000004,-0.0708961048897258,0.18141475599492637,normal,partial_correlation,60,residual,30,84,0.19310344827586207,0.02,0,5.6,0.6093282699584961,0.5351137518882751,1.5041378736495972,0.10880862176418304,0.04575271159410477,0.021011322736740112,-0.003224360290914774,0.38095238095238093,0.6190476190476191,0.04311027750372887,0.021011322736740112,-0.003224360290914774,0.07898616905501714,0.24439918533604887,-0.1907021757178998,1.0,1,0.7811060547828674,0.09080098569393158,3.151254415512085,0.2704453468322754,0.056490104645490646,0.30702757990005797,5,0.26666666666666666,0.20888888888888893,greedy,0.4666666666666667,0.8620689655172413,0.09963130950927734,0.044756706804037094,0.04366030704142676,1.2613557659346482,36.5793172121048,4.0,1.9333333333333333,15.0,0.4120712419265303,0.07954545454545459,0.6383016364440514,0.7758655074976979,0.6814285714285714,0.2241344925023021
2025-05-29,0.13681293189205793,56.79828317710819,0.6397899289465554,0.5995723639262138,-1.4389711454626877,0.310144967634038,-0.07514810913982806,-0.042950331118057225,0.30000000000000004,-0.21206961384747194,-0.30000000000000004,0.0674490759470226,-0.03177677390748356,0.30000000000000004,-0.09243618176919992,0.22374486572707597,normal,partial_correlation,60,residual,30,83,0.19080459770114944,0.02,0,5.533333333333333,0.6074883937835693,0.5382152795791626,1.5832905769348145,0.10978705435991287,0.046155113726854324,0.020947875455021858,-0.0031326934695243835,0.3855421686746988,0.6144578313253012,0.04400094598531723,0.020947875455021858,-0.0031326934695243835,0.08093048789130197,0.2505091649694501,-0.15282168326890738,1.0,1,0.7978290915489197,0.0912451222538948,3.140270709991455,0.29487407207489014,0.057392023503780365,0.304834311882289,4,0.4,0.288888888888889,greedy,0.4666666666666667,0.896551724137931,0.09993966668844223,0.044840455055236816,0.04373745384447314,1.2600061975676438,36.54017972946167,4.0,1.9333333333333333,15.0,0.41160184789548887,0.05813953488372092,0.44820295983086683,0.6867216211634868,0.6454545454545455,0.3132783788365132
2025-05-30,0.1483395015349395,57.363047149875136,0.6491661519456454,0.5647639727669471,-0.5685779978300758,4.024687708865159,-0.0777452937021824,-0.042950331118057225,0.30000000000000004,-0.21880874778344103,-0.30000000000000004,0.0674490759470226,-0.044940299250357696,0.30000000000000004,-0.0584097682851208,0.22374486572707597,normal,partial_correlation,60,residual,30,83,0.19080459770114944,0.02,0,5.533333333333333,0.6033927202224731,0.5619887113571167,1.4996856451034546,0.10904689133167267,0.045608848333358765,0.020806647837162018,-0.002689813729375601,0.39759036144578314,0.6024096385542169,0.04337553679943085,0.020806647837162018,-0.002689813729375601,0.0739223165232819,0.24273858921161826,-0.204646896445755,1.0,1,0.779521107673645,0.09059839695692062,3.1452136039733887,0.2712470293045044,0.05821013078093529,0.30846530509864467,4,0.36666666666666664,0.2777777777777778,greedy,0.4666666666666667,0.896551724137931,0.09925438463687897,0.04462915286421776,0.043993405024574495,1.2620776110681995,36.60025072097778,5.0,1.9333333333333333,13.0,0.4113933781668601,0.09195402298850575,0.8141922149500517,0.8440644803626364,0.8878968253968254,0.15593551963736363
2025-06-02,0.17032871791246687,58.43502131129047,0.6715035504785427,1.0719741614153335,-1.0924254638509439,11.738847227473386,-0.07196024586586032,-0.042950331118057225,0.30000000000000004,-0.19863091165309915,-0.30000000000000004,0.0674490759470226,-0.048913966839494255,0.30000000000000004,-0.0584097682851208,0.22374486572707597,normal,partial_correlation,60,residual,30,83,0.19080459770114944,0.02,0,5.533333333333333,0.6125155091285706,0.5371366143226624,1.438470721244812,0.11069556325674057,0.04526351019740105,0.021121222525835037,-0.0020125387236475945,0.42168674698795183,0.5783132530120482,0.04319135099649429,0.021121222525835037,-0.0020125387236475945,0.07180676292355481,0.23799582463465555,-0.12953995187314649,1.0,1,0.7994913458824158,0.06894627213478088,3.1440935134887695,0.29765671491622925,0.057413216680288315,0.29854190982187234,4,0.3333333333333333,0.28,greedy,0.4666666666666667,0.896551724137931,0.10130620747804642,0.04530134052038193,0.05629668967234047,1.2581770502287766,36.48713445663452,4.0,1.9333333333333333,15.0,0.4113319828992146,0.09195402298850575,0.7998326709893328,0.8414475565533058,0.8915584415584416,0.15855244344669417
2025-06-03,0.1525904962258449,57.570856235108906,0.6540123456790123,-0.864165076181564,2.987534287979699,12.477659050364906,-0.06932853311159537,-0.028840294541366992,0.30000000000000004,-0.19053086494843044,-0.30000000000000004,0.0674490759470226,-0.057467571077660984,0.30000000000000004,-0.09243618176919992,0.22374486572707597,normal,partial_correlation,60,residual,30,84,0.19310344827586207,0.02,0,5.6,0.6166656613349915,0.5571117997169495,1.443410038948059,0.11011882871389389,0.04528432339429855,0.021264327690005302,-0.00220620003528893,0.4166666666666667,0.5833333333333334,0.04256698489189148,0.021264327690005302,-0.00220620003528893,0.06725288219982106,0.2422360248447205,-0.09757068869993762,1.0,1,0.7942200303077698,0.06962011754512787,3.151663064956665,0.28834909200668335,0.05684644356369972,0.3059223363847935,4,0.3333333333333333,0.28,greedy,0.4666666666666667,0.896551724137931,0.10212987661361694,0.04541795700788498,0.05553767128503184,1.2571065261446197,36.45608925819397,4.0,1.9333333333333333,15.0,0.41189014438925114,0.05813953488372092,1.0,1.0,1.0,0.0
2025-06-04,0.12317411062372637,56.12774705420858,0.6278926257327985,-1.4431091809003291,-0.07096375897339868,13.754596617523461,-0.07772258319500311,-0.05706036769474763,0.30000000000000004,-0.1934205515363892,-0.30000000000000004,0.0674490759470226,-0.06089468088448228,0.30000000000000004,-0.03659153800760043,0.18141475599492637,normal,partial_correlation,60,residual,30,82,0.18850574712643678,0.02,0,5.466666666666667,0.6034286022186279,0.5419529676437378,1.5900771617889404,0.1103832870721817,0.04516243189573288,0.020807882770895958,-0.002450058003887534,0.4024390243902439,0.5975609756097561,0.04328883811831474,0.020807882770895958,-0.002450058003887534,0.06542831224628445,0.22151898734177214,-0.132828189446893,1.0,1,0.7818410396575928,0.07305511832237244,3.1482017040252686,0.288226455450058,0.056087687611579895,0.3180636038537159,5,0.3,0.21555555555555556,greedy,0.4666666666666667,0.8620689655172413,0.10183603316545486,0.04525994136929512,0.055683378520365756,1.2590023320296715,36.511067628860474,4.0,1.9333333333333333,15.0,0.41059819508158385,0.11363636363636365,0.437651138385728,0.6500704890056712,0.5528846153846154,0.3499295109943288
2025-06-05,0.04293626604502047,52.14549504114877,0.5582973473164713,-3.9822520130598065,-4.652788135959419,7.023294780577565,-0.08619117032761467,-0.05706036769474763,0.30000000000000004,-0.22004297711415846,-0.30000000000000004,0.0674490759470226,-0.06272358908204505,0.30000000000000004,-0.07990946167836273,0.18141475599492637,normal,partial_correlation,60,residual,30,82,0.18850574712643678,0.02,0,5.466666666666667,0.5900741219520569,0.5101883411407471,1.4026163816452026,0.10794040560722351,0.044730935245752335,0.020347384735941887,-0.0026577848475426435,0.3902439024390244,0.6097560975609756,0.04301614686846733,0.020347384735941887,-0.0026577848475426435,0.06445461396022198,0.21982758620689655,-0.08703480609668149,1.0,1,0.7681737542152405,0.0871691107749939,3.150430202484131,0.28187620639801025,0.05718565359711647,0.3152241170209101,5,0.23333333333333334,0.20444444444444448,greedy,0.5,0.8620689655172413,0.09912887960672379,0.04451613128185272,0.0510319973609642,1.2643239868098293,36.665395617485046,4.0,1.9333333333333333,16.0,0.4105072979983014,0.07058823529411762,0.8076480888621611,0.8788162103909061,0.886984126984127,0.12118378960909393
2025-06-06,0.14014742094439883,56.9618506873673,0.6419981498612396,4.816355646218533,-0.4011964625078335,11.803356640069453,-0.08535876001846848,-0.05706036769474763,0.30000000000000004,-0.20488529276912004,-0.30000000000000004,0.0674490759470226,-0.06876113368247096,0.30000000000000004,0.007349143167256854,0.18141475599492637,normal,partial_correlation,60,residual,30,82,0.18850574712643678,0.02,0,5.466666666666667,0.5913867950439453,0.5696222186088562,1.410491704940796,0.10818050801753998,0.04676876962184906,0.02039264887571335,-0.0026786448433995247,0.4024390243902439,0.5975609756097561,0.04378265514969826,0.02039264887571335,-0.0026786448433995247,0.061240266276016385,0.2229299363057325,-0.17654754175524653,1.0,1,0.7741662263870239,0.08365710079669952,3.139178514480591,0.255811870098114,0.05759621411561966,0.3166173657497006,5,0.26666666666666666,0.20666666666666672,greedy,0.5,0.8620689655172413,0.1006702184677124,0.044905420392751694,0.05181828370731034,1.2631560214634598,36.63152462244034,3.0,1.9333333333333333,18.0,0.4107628007587117,0.1573033707865169,0.5682421092523415,0.7518258387764523,0.6849999999999999,0.24817416122354774
2025-06-09,0.2828517851615206,63.777120655090194,0.7432182490752158,6.815269967722891,5.342099343799724,22.910164358739678,-0.05655365017121368,-0.05706036769474763,0.30000000000000004,-0.09382319025718688,-0.30000000000000004,0.0674490759470226,-0.044853011904430105,0.30000000000000004,-0.01372182675285019,0.18141475599492637,normal,partial_correlation,60,residual,30,82,0.18850574712643678,0.02,0,5.466666666666667,0.6368107199668884,0.5673190355300903,1.7750324010849,0.11648976802825928,0.047962382435798645,0.021958990022540092,-0.0036212620325386524,0.3780487804878049,0.6219512195121951,0.043804749846458435,0.021958990022540092,-0.0036212620325386524,0.07396878771261656,0.20944558521560575,-0.2217692151473533,1.0,1,0.8204457759857178,0.11809588223695755,3.1489689350128174,0.30365318059921265,0.05624416097998619,0.3064409238248663,5,0.26666666666666666,0.21111111111111114,greedy,0.4666666666666667,0.8620689655172413,0.11196378618478775,0.04785235971212387,0.09601782272890336,1.2451385691248138,36.1090185046196,5.0,1.9333333333333333,15.0,0.41077016565763175,0.13636363636363635,0.8608,0.8910463812443371,0.8647619047619048,0.1089536187556629
2025-06-10,0.3027705405717677,64.69229926912443,0.7522342064714946,0.9151786140342395,7.1214430340155275,21.36198666184174,-0.051717613800053325,-0.042950331118057225,0.30000000000000004,-0.09138894857986865,-0.30000000000000004,0.0674490759470226,-0.055523030068759784,0.30000000000000004,-0.046843477535591954,0.22374486572707597,normal,partial_correlation,60,residual,30,83,0.19080459770114944,0.02,0,5.533333333333333,0.6444368362426758,0.5978634357452393,1.6729093790054321,0.11646450310945511,0.04826958477497101,0.022221960127353668,-0.003680165857076645,0.37349397590361444,0.6265060240963856,0.043505311012268066,0.022221960127353668,-0.003680165857076645,0.06828814260822673,0.22334004024144868,-0.17045067963066893,1.0,1,0.8331952691078186,0.09555920213460922,3.148089647293091,0.31374144554138184,0.05562476068735123,0.30965092982427483,4,0.3333333333333333,0.2644444444444445,greedy,0.4666666666666667,0.896551724137931,0.11221131682395935,0.047932468354701996,0.09734394356896536,1.2435200173279335,36.06208050251007,5.0,1.9333333333333333,15.0,0.41143663623780585,0.10344827586206895,0.7804416403785489,0.8668724178863555,0.7527272727272727,0.1331275821136445
2025-06-11,0.24392698773734306,61.96007536614858,0.7218114602587801,-2.7322239029758535,5.832328311940003,17.211531807812356,-0.06013461416975085,-0.042950331118057225,0.30000000000000004,-0.1062591956043725,-0.30000000000000004,0.0674490759470226,-0.05718741377780548,0.30000000000000004,-0.08073539926676954,0.22374486572707597,normal,partial_correlation,60,residual,30,83,0.19080459770114944,0.02,0,5.533333333333333,0.6311637163162231,0.6129118204116821,1.6611847877502441,0.1140657439827919,0.04913929104804993,0.02176426723599434,-0.003444990376010537,0.37349397590361444,0.6265060240963856,0.04386034980416298,0.02176426723599434,-0.003444990376010537,0.06740203604092732,0.22709163346613545,-0.18596406441188312,1.0,1,0.8193730711936951,0.09289031475782394,3.1417932510375977,0.3052390217781067,0.056610822677612305,0.3220745682767781,4,0.3,0.25555555555555554,greedy,0.4666666666666667,0.896551724137931,0.11069920659065247,0.04744333773851395,0.09499826457829352,1.246284310160012,36.14224499464035,5.0,1.9333333333333333,18.0,0.4115549825017708,0.06976744186046513,0.5005887547836326,0.6191238487042541,0.5910353535353535,0.3808761512957459
2025-06-12,0.3468110892586345,66.67722134105617,0.7751770865414228,4.717145974907588,14.531726299907398,15.634670026539773,-0.04852426986070296,-0.05706036769474763,0.30000000000000004,-0.02594680499845517,-0.30000000000000004,0.0674490759470226,-0.06656406919319356,0.30000000000000004,-0.003957230936215212,0.18141475599492637,normal,partial_correlation,60,residual,30,82,0.18850574712643678,0.02,0,5.466666666666667,0.6494725346565247,0.6068121194839478,1.6464061737060547,0.11880595237016678,0.05163267254829407,0.022395605221390724,-0.002969007473438978,0.3902439024390244,0.6097560975609756,0.04311497136950493,0.022395605221390724,-0.002969007473438978,0.06240996846797385,0.23319327731092437,-0.13930551924936585,1.0,1,0.8314042091369629,0.1353512555360794,3.1493711471557617,0.28827571868896484,0.05550391972064972,0.3324673854372976,5,0.3,0.22666666666666668,greedy,0.5,0.8620689655172413,0.11886592954397202,0.04955102503299713,0.11768862600525842,1.2338738626447217,35.78234201669693,5.0,1.9333333333333333,18.0,0.41054023949864726,0.1460674157303371,0.6122448979591837,0.7549052894218116,0.6701388888888888,0.24509471057818843
2025-06-13,0.5541865512059585,75.18256830440177,0.8562192118226601,8.505346963345602,18.220717617034467,28.688397395854153,-0.038673801460177515,-0.028840294541366992,0.30000000000000004,-0.0025670797762550593,-0.30000000000000004,0.0674490759470226,-0.06412492063407972,0.30000000000000004,0.13952881567588865,0.18141475599492637,elevated,partial_correlation,60,residual,30,84,0.19310344827586207,0.02,0,5.6,0.6650060415267944,0.6249374151229858,1.694822907447815,0.11875108629465103,0.05232276767492294,0.02293124608695507,-0.0015260017244145274,0.42857142857142855,0.5714285714285714,0.04173830896615982,0.02293124608695507,-0.0015260017244145274,0.06370855457230969,0.1941544885177453,-0.17902107707959966,1.0,1,0.8177293539047241,0.15720684826374054,3.17588210105896,0.2977038025856018,0.0547247976064682,0.30955540504755985,5,0.23333333333333334,0.20444444444444448,greedy,0.4666666666666667,0.8620689655172413,0.12124334275722504,0.04996877163648605,0.12237581462892533,1.2287223811807304,35.63294905424118,4.0,1.9333333333333333,15.0,0.41161391908067396,0.28865979381443296,0.6996996996996997,0.7998164449853993,0.7505555555555555,0.20018355501460072
2025-06-16,0.504749477663959,73.29220825422459,0.8371806709756848,-1.8903600501771791,9.515087599134397,23.743000426704228,-0.03248349267296828,-0.042950331118057225,0.30000000000000004,0.03453775918402664,-0.30000000000000004,0.0674490759470226,-0.05785968580868494,0.30000000000000004,0.05464139613769364,0.18141475599492637,elevated,partial_correlation,60,residual,30,83,0.19080459770114944,0.02,0,5.533333333333333,0.6747678518295288,0.6569157242774963,1.7294236421585083,0.12194599956274033,0.05419141799211502,0.02326785773038864,-0.0017719147726893425,0.42168674698795183,0.5783132530120482,0.04188799858093262,0.02326785773038864,-0.0017719147726893425,0.06704412298377803,0.20253164556962025,-0.1705985934319118,1.0,1,0.8372979760169983,0.15470470488071442,3.168323278427124,0.30483490228652954,0.05518518015742302,0.3319667120574566,5,0.3,0.22666666666666668,greedy,0.4666666666666667,0.8620689655172413,0.12501642107963562,0.050906408578157425,0.1286301355118712,1.222258278008165,35.445490062236786,4.0,1.9333333333333333,18.0,0.41089753209402735,0.20430107526881724,0.5195195195195195,0.6983047779879549,0.595,0.30169522201204513
2025-06-17,0.40642727618808855,69.2717458303196,0.8033846153846154,-4.020462423904988,4.579446561195169,10.490019973671806,-0.030938082051700046,-0.028840294541366992,0.30000000000000004,0.0410004462654515,-0.30000000000000004,0.0674490759470226,-0.053682566391595334,0.30000000000000004,-0.06997605903464965,0.18141475599492637,elevated,partial_correlation,60,residual,30,84,0.19310344827586207,0.02,0,5.6,0.6772048473358154,0.6456131339073181,1.766850471496582,0.12092941999435425,0.05432051420211792,0.023351892828941345,-0.0025019757449626923,0.40476190476190477,0.5952380952380952,0.04222831130027771,0.023351892828941345,-0.0025019757449626923,0.06926799295304087,0.22606924643584522,-0.14961521958548862,1.0,1,0.8514283299446106,0.1322709619998932,3.1635565757751465,0.32341140508651733,0.055011339485645294,0.33419032714651303,5,0.3333333333333333,0.23333333333333336,greedy,0.4666666666666667,0.8620689655172413,0.1256735920906067,0.05108686909079552,0.13070392813622378,1.222315710166405,35.447155594825745,4.0,1.9333333333333333,16.0,0.41177725319204656,0.08045977011494254,0.6950354609929078,0.7828524131731784,0.73,0.21714758682682156
2025-06-18,0.4851357172725914,72.51735971461855,0.8295908951091971,3.2456138842989475,10.55728434846997,12.132153635140469,-0.031024368277317887,-0.042950331118057225,0.30000000000000004,0.04232941341300585,-0.30000000000000004,0.0674490759470226,-0.047842959275978654,0.30000000000000004,-0.026569979143159346,0.22374486572707597,elevated,partial_correlation,60,residual,30,83,0.19080459770114944,0.02,0,5.533333333333333,0.677068829536438,0.7026262283325195,1.7841657400131226,0.12236182391643524,0.05467503145337105,0.023347200825810432,-0.003721563844010234,0.37349397590361444,0.6265060240963856,0.04193400964140892,0.023347200825810432,-0.003721563844010234,0.07237696006649769,0.24,-0.13087944081774003,1.0,1,0.8489256501197815,0.13351689279079437,3.1657235622406006,0.31880372762680054,0.05615091696381569,0.3566446202296159,4,0.3333333333333333,0.2866666666666667,greedy,0.4666666666666667,0.896551724137931,0.1258087307214737,0.05112472176551819,0.13015887968112416,1.2225808295710334,35.45484405755997,4.0,1.9333333333333333,16.0,0.4109128691141861,0.1235955056179775,0.8469656992084432,0.9206954001111404,0.8,0.07930459988885963
2025-06-19,0.43694503342877405,70.55544947885383,0.8136531365313653,-1.9619102357647193,3.878228137797663,12.318195156282954,-0.02904170332099138,-0.028840294541366992,0.30000000000000004,0.028705631771355385,-0.30000000000000004,0.0674490759470226,-0.0347160387871965,0.30000000000000004,-0.048026393634975545,0.18141475599492637,elevated,partial_correlation,60,residual,30,84,0.19310344827586207,0.02,0,5.6,0.6801953911781311,0.6686937212944031,1.8538178205490112,0.12146345525979996,0.053560059517621994,0.02345501258969307,-0.003935492131859064,0.36904761904761907,0.6309523809523809,0.042770691215991974,0.02345501258969307,-0.003935492131859064,0.0793656432591471,0.23122529644268774,-0.21584816729169382,1.0,1,0.8536091446876526,0.1474330872297287,3.1587438583374023,0.3259690999984741,0.05689924210309982,0.3481969345294918,5,0.3333333333333333,0.26,greedy,0.4666666666666667,0.8620689655172413,0.12442336976528168,0.05070842057466507,0.1252247816818075,1.2255746948307957,35.54166615009308,4.0,1.9333333333333333,16.0,0.4119580464972847,0.10227272727272729,0.9261710794297352,0.9423458665737022,0.8928571428571428,0.05765413342629777
2025-06-20,0.43626009330330523,70.52698256829922,0.8127881955118352,-0.028466910554612923,-4.655585736102552,12.595357420594006,-0.036200651206263895,-0.042950331118057225,0.30000000000000004,-0.01566258635263555,-0.30000000000000004,0.0674490759470226,-0.0327183111543483,0.30000000000000004,0.014928141192661105,0.18141475599492637,elevated,partial_correlation,60,residual,30,83,0.19080459770114944,0.02,0,5.533333333333333,0.6689062118530273,0.6158803701400757,1.5829353332519531,0.1208866611123085,0.052458420395851135,0.023065729066729546,-0.002929951762780547,0.39759036144578314,0.6024096385542169,0.041084036231040955,0.023065729066729546,-0.002929951762780547,0.08042921986442239,0.23870967741935484,-0.09079099033377762,1.0,1,0.8234785199165344,0.1350342184305191,3.1728949546813965,0.31298863887786865,0.054038308560848236,0.33870862145180725,5,0.23333333333333334,0.2066666666666667,greedy,0.4666666666666667,0.8620689655172413,0.11991170048713684,0.04975122585892677,0.11728802687841533,1.2286994354478245,35.63228362798691,4.0,1.9333333333333333,16.0,0.4106295446440635,0.1648351648351648,0.3306405077899596,0.5571279908834167,0.4121428571428571,0.4428720091165833
2025-06-23,0.5183740771975388,73.82220731168101,0.8417332513829133,3.2952247433817945,0.529999057456422,14.294760536539599,-0.02426852333093811,-0.028840294541366992,0.30000000000000004,0.010752632306328776,-0.30000000000000004,0.0674490759470226,-0.02487330504831131,0.30000000000000004,-0.005590373862272267,0.22374486572707597,elevated,partial_correlation,60,residual,30,84,0.19310344827586207,0.02,0,5.6,0.687722384929657,0.6221675872802734,1.7773162126541138,0.1228075921535492,0.053283896297216415,0.023714564740657806,-0.00301523064263165,0.39285714285714285,0.6071428571428571,0.04176758974790573,0.023714564740657806,-0.00301523064263165,0.08460584776175334,0.27,-0.16071901857294568,1.0,1,0.8448807597160339,0.13786114752292633,3.1687004566192627,0.30010437965393066,0.05380480736494064,0.345130293023542,4,0.3,0.25333333333333335,greedy,0.4666666666666667,0.896551724137931,0.12259778380393982,0.0508120134472847,0.12759488611179448,1.222414645655402,35.45002472400665,4.0,1.9333333333333333,13.0,0.41162367934125593,0.1444444444444445,0.5830287079007652,0.7119505423495421,0.626984126984127,0.28804945765045786
2025-06-24,0.5041245680761445,73.26773626001129,0.8365591397849462,-0.5544710516697222,3.9959904296916875,18.684414312882083,-0.02703023061724741,-0.014730257964676585,0.30000000000000004,0.01025784152744276,-0.30000000000000004,0.0674490759470226,-0.026361842401006082,0.30000000000000004,0.013125225589682682,0.18141475599492637,elevated,partial_correlation,60,residual,30,85,0.19540229885057472,0.02,0,5.666666666666667,0.6833673119544983,0.6660265326499939,1.7150061130523682,0.12059424817562103,0.055660903453826904,0.02356439083814621,-0.00228961743414402,0.4235294117647059,0.5764705882352941,0.04165526479482651,0.02356439083814621,-0.00228961743414402,0.08381336059865223,0.252,-0.14213913693733715,1.0,1,0.8440433740615845,0.07013510167598724,3.1633846759796143,0.30373018980026245,0.05437425896525383,0.3320220219975759,5,0.3,0.24000000000000002,greedy,0.5,0.8620689655172413,0.12254747003316879,0.05050160735845566,0.125861526277821,1.223506865830257,35.481699109077454,4.0,1.9333333333333333,12.0,0.41235252121513377,0.1630434782608695,0.7728319970509631,0.8478839477932948,0.8015873015873016,0.1521160522067052
2025-06-25,0.4672737114421642,71.79969476185532,0.8237100737100738,-1.4680414981559693,-0.7176649527632293,15.600983948673345,-0.03081377370999018,-0.014730257964676585,0.30000000000000004,0.009494223950432536,-0.30000000000000004,0.0674490759470226,-0.006407695739644701,0.30000000000000004,-0.039132617035905974,0.18141475599492637,elevated,partial_correlation,60,residual,30,85,0.19540229885057472,0.02,0,5.666666666666667,0.6774008870124817,0.6651595830917358,1.72647225856781,0.11954133957624435,0.05621030926704407,0.023358652368187904,-0.002874848200008273,0.4,0.6,0.04233620688319206,0.023358652368187904,-0.002874848200008273,0.09443681257393387,0.26848249027237353,-0.15693218765729672,1.0,1,0.8452842831611633,0.0757531151175499,3.151667594909668,0.2948383688926697,0.054213471710681915,0.33708557827709973,5,0.3333333333333333,0.23777777777777778,greedy,0.5,0.8620689655172413,0.12246982008218765,0.05046171322464943,0.12487245027351512,1.2239218785845,35.4937344789505,4.0,1.9333333333333333,13.0,0.41257950191125564,0.11111111111111116,0.7047961744235595,0.8269120981161351,0.8676767676767678,0.17308790188386491
2025-06-26,0.4159376503486996,69.67513062234147,0.8044212465459011,-2.1245641395138506,-0.8803188565123605,12.876847445233281,-0.03852527542830813,-0.042950331118057225,0.30000000000000004,0.015613642144091808,-0.30000000000000004,0.0674490759470226,-0.007602967928625245,0.30000000000000004,-0.05946124926235067,0.18141475599492637,elevated,partial_correlation,60,residual,30,83,0.19080459770114944,0.02,0,5.533333333333333,0.6652401685714722,0.6401915550231934,1.7166361808776855,0.12022414803504944,0.05589171499013901,0.022939322516322136,-0.002195273758843541,0.42168674698795183,0.5783132530120482,0.04184451699256897,0.022939322516322136,-0.002195273758843541,0.09380045778951142,0.24375,-0.15807754749003933,1.0,1,0.819742739200592,0.13053558766841888,3.1597204208374023,0.2915509343147278,0.05364255607128143,0.35336574526602255,5,0.3333333333333333,0.23777777777777778,greedy,0.5,0.8620689655172413,0.12309208512306213,0.0505606047809124,0.12693428637721782,1.2237082205969712,35.487538397312164,4.0,1.9333333333333333,13.0,0.41088303823123945,0.09090909090909094,1.0,1.0,1.0,0.0
2025-06-27,0.44091946335882876,70.72031469045966,0.8149171270718232,1.0451840681181892,0.1933321221604416,13.357267540584523,-0.03839901459955569,-0.028840294541366992,0.30000000000000004,-0.00044108403507978815,-0.30000000000000004,0.0674490759470226,-0.013693996263958492,0.30000000000000004,-0.026569979143159346,0.18141475599492637,elevated,partial_correlation,60,residual,30,84,0.19310344827586207,0.02,0,5.6,0.6654394865036011,0.6967129111289978,1.7750961780548096,0.11882846802473068,0.054272379726171494,0.0229461882263422,-0.0025422435719519854,0.40476190476190477,0.5952380952380952,0.04199571907520294,0.0229461882263422,-0.0025422435719519854,0.09055763572858157,0.24649298597194388,-0.1490299828258623,1.0,1,0.8202749490737915,0.1232585608959198,3.1635468006134033,0.2972303628921509,0.054109521210193634,0.3481038306615429,5,0.26666666666666666,0.22444444444444445,greedy,0.5,0.8620689655172413,0.12145952880382538,0.04986335709691048,0.12308699051822414,1.2282719324375022,35.61988604068756,4.0,1.9333333333333333,14.0,0.41169972245035497,0.1235955056179775,0.8164139856507483,0.8992396212582828,0.9028571428571428,0.10076037874171717
2025-06-30,0.4114661875678579,69.48584471771922,0.8030070573795642,-1.2344699727404418,-4.336362593961795,11.050823406428748,-0.04220304167916606,-0.028840294541366992,0.30000000000000004,-0.001725869509352892,-0.30000000000000004,0.0674490759470226,-0.005167189381854556,0.30000000000000004,-0.05946124926235067,0.18141475599492637,elevated,partial_correlation,60,residual,30,84,0.19310344827586207,0.02,0,5.6,0.6594407558441162,0.6385971307754517,1.908765435218811,0.11775727570056915,0.05424973741173744,0.022739335894584656,-0.0030212390702217817,0.39285714285714285,0.6071428571428571,0.04276416823267937,0.022739335894584656,-0.0030212390702217817,0.09509724972219506,0.2553191489361702,-0.21118534068280836,1.0,1,0.8150399923324585,0.12761026620864868,3.162348747253418,0.32573583722114563,0.054533421993255615,0.3616772915933246,5,0.26666666666666666,0.21111111111111114,greedy,0.4666666666666667,0.8620689655172413,0.12132888287305832,0.04977540299296379,0.12452906925690232,1.2295743473644913,35.65765607357025,4.0,1.9333333333333333,14.0,0.4119558721695138,0.09090909090909094,0.8660393498716852,0.9128430760014672,0.7942857142857143,0.08715692399853281
2025-07-01,0.4015809793546083,69.06504481447007,0.799079754601227,-0.4207999032491472,-4.20269144554122,11.494188579361165,-0.046079893100048175,-0.042950331118057225,0.30000000000000004,-0.0062479333759732185,-0.30000000000000004,0.0674490759470226,-0.04641432113098991,0.30000000000000004,-0.005590373862272267,0.18141475599492637,elevated,partial_correlation,60,residual,30,83,0.19080459770114944,0.02,0,5.533333333333333,0.6533271670341492,0.6494026184082031,1.7464110851287842,0.11807119101285934,0.0542980320751667,0.022528523579239845,-0.0010809001978486776,0.4457831325301205,0.5542168674698795,0.04190026596188545,0.022528523579239845,-0.0010809001978486776,0.07313755729878785,0.22176591375770022,-0.15933412945476116,1.0,1,0.8042357563972473,0.13836441934108734,3.1661672592163086,0.30431026220321655,0.05477413162589073,0.33889985133479544,5,0.3,0.2333333333333333,greedy,0.5,0.8620689655172413,0.12086904793977737,0.04954754188656807,0.12448102695826535,1.2293352875216255,35.650723338127136,4.0,1.9333333333333333,16.0,0.41090162122101165,0.1444444444444445,0.6055415617128463,0.7494824561360529,0.6184126984126983,0.2505175438639471
2025-07-02,0.355186310452318,67.04834901790151,0.7755289788408464,-2.0166957965685555,-4.751345743953806,10.920601963692938,-0.048001688416468805,-0.042950331118057225,0.30000000000000004,-0.012492276533056252,-0.30000000000000004,0.0674490759470226,-0.031823457136927934,0.30000000000000004,-0.0584097682851208,0.18141475599492637,normal,partial_correlation,60,residual,30,83,0.19080459770114944,0.02,0,5.533333333333333,0.6502966284751892,0.6090638041496277,1.8226232528686523,0.11752349138259888,0.05249306187033653,0.02242402173578739,-0.001888092141598463,0.42168674698795183,0.5783132530120482,0.041968800127506256,0.02242402173578739,-0.001888092141598463,0.08090563405743627,0.22606924643584522,-0.1968366661662516,1.0,1,0.7942309975624084,0.1452968269586563,3.1715519428253174,0.30435073375701904,0.05397380143404007,0.35003016409686255,5,0.26666666666666666,0.22666666666666668,greedy,0.5,0.8620689655172413,0.12023407965898514,0.049281779676675797,0.11995297050105014,1.230875825059825,35.695398926734924,5.0,1.9333333333333333,12.0,0.41092446594288523,0.09195402298850575,0.9078014184397163,0.9360169247393234,0.9444444444444444,0.06398307526067659
2025-07-03,0.5536659764373846,75.16313704516908,0.8562231759656652,8.114788027267565,5.48800642282761,23.01764200402031,-0.04432851222286882,-0.0993904774248185,0.30000000000000004,0.044261976952750776,-0.30000000000000004,0.0674490759470226,-0.05925927828109234,0.30000000000000004,0.16351843547146433,0.18141475599492637,elevated,partial_correlation,60,residual,30,79,0.18160919540229886,0.02,0,5.266666666666667,0.6560890674591064,0.6101560592651367,1.6659622192382812,0.12457386404275894,0.054062370210886,0.022623758763074875,-0.0030575506389141083,0.3924050632911392,0.6075949367088608,0.04068182781338692,0.022623758763074875,-0.0030575506389141083,0.0662989894700319,0.16941176470588235,-0.1678157757839395,1.0,1,0.7891739010810852,0.13057854771614075,3.1779086589813232,0.31008461117744446,0.05077794939279556,0.3606157970374376,5,0.26666666666666666,0.22444444444444445,greedy,0.5,0.8620689655172413,0.12600524723529816,0.049509115517139435,0.09339772583157735,1.227762797783161,35.60512113571167,5.0,1.9333333333333333,10.0,0.4074303410718953,0.3125,0.5887445887445888,0.7212948646126658,0.595,0.2787051353873342
2025-07-04,0.32649782851565673,65.76852092679472,0.7621820410665032,-9.394616118374358,-4.951793763664938,8.806670239427419,-0.04561133046399161,-0.0993904774248185,0.30000000000000004,0.047266330735875633,-0.30000000000000004,0.0674490759470226,-0.04731974627559224,0.30000000000000004,-0.07731077999776559,0.18141475599492637,normal,partial_correlation,60,residual,30,79,0.18160919540229886,0.02,0,5.266666666666667,0.6540660262107849,0.65358567237854,1.6757385730743408,0.12418980151414871,0.05394163727760315,0.022554002702236176,-0.002252661157399416,0.4177215189873418,0.5822784810126582,0.04148927330970764,0.022554002702236176,-0.002252661157399416,0.07265551510955603,0.17123287671232876,-0.20382665060601757,1.0,1,0.7985141277313232,0.10336217284202576,3.164447546005249,0.3224475383758545,0.0510077103972435,0.34642036468581683,5,0.26666666666666666,0.22444444444444445,greedy,0.5,0.8620689655172413,0.12631075084209442,0.0495196171104908,0.0938125020873729,1.2278314088952953,35.60711085796356,5.0,1.9333333333333333,12.0,0.40769948957066887,0.07317073170731703,1.0,1.0,1.0,0.0
2025-07-07,0.7584932550524511,82.00943001744194,0.9227941176470589,16.24090909064722,12.523585299722725,18.23230936235175,-0.014679653939957514,-0.05706036769474763,0.30000000000000004,0.10633803388041002,-0.30000000000000004,0.0674490759470226,-0.05869696274989122,0.30000000000000004,0.19139826388253878,0.22374486572707597,high_stress,partial_correlation,60,residual,30,82,0.18850574712643678,0.02,0,5.466666666666667,0.702843427658081,0.6596383452415466,1.9170962572097778,0.12856891751289368,0.05329062417149544,0.024235980585217476,-0.004585213493555784,0.3902439024390244,0.6097560975609756,0.04135069251060486,0.024235980585217476,-0.004585213493555784,0.0665983624345615,0.15894039735099338,-0.20998459987863305,1.0,1,0.8534112572669983,0.12506741285324097,3.177304267883301,0.34053629636764526,0.053225889801979065,0.3207547014081148,4,0.3333333333333333,0.2733333333333333,greedy,0.5,0.896551724137931,0.13231757283210754,0.050269026309251785,0.07256115811273778,1.2310823284346482,35.7013875246048,4.0,1.9333333333333333,13.0,0.4099521465456806,0.3402061855670103,0.41836083508068195,0.5926801997346758,0.47777777777777775,0.4073198002653242
2025-07-08,0.5673780429214823,75.67155495361307,0.8627871362940276,-6.337875063828875,6.606510139142998,10.979255684488635,-0.010177732632185986,-0.042950331118057225,0.30000000000000004,0.09830986482331826,-0.30000000000000004,0.0674490759470226,-0.043841017445466236,0.30000000000000004,-0.02515668238022531,0.22374486572707597,elevated,partial_correlation,60,residual,30,83,0.19080459770114944,0.02,0,5.533333333333333,0.709942638874054,0.6709561347961426,1.918745994567871,0.12830288708209991,0.05269830673933029,0.024480782449245453,-0.004336437210440636,0.39759036144578314,0.6024096385542169,0.04090551286935806,0.024480782449245453,-0.004336437210440636,0.07450756668004148,0.16339869281045752,-0.21545144127742788,1.0,1,0.8525104522705078,0.13415944576263428,3.184253692626953,0.34150880575180054,0.05162270367145538,0.33648501176702267,4,0.3,0.25333333333333335,greedy,0.4666666666666667,0.896551724137931,0.1315012127161026,0.0500250980257988,0.07086812350672056,1.231710302418676,35.7195987701416,4.0,1.9333333333333333,13.0,0.41057003685683585,0.125,0.5881941713636563,0.6719008596931122,0.7053571428571428,0.3280991403068878
2025-07-09,0.7115500544339672,80.58239556832592,0.9148805878750765,4.910840614712853,13.534046550424407,18.62232020217734,-0.011111158455165845,-0.014730257964676585,0.30000000000000004,0.09381754848464517,-0.30000000000000004,0.0674490759470226,-0.024070945966013352,0.30000000000000004,0.1187810363932287,0.18141475599492637,elevated,partial_correlation,60,residual,30,85,0.19540229885057472,0.02,0,5.666666666666667,0.7084707021713257,0.7308849096298218,1.7958576679229736,0.1250242292881012,0.052059393376111984,0.02443002536892891,-0.005172249861061573,0.3764705882352941,0.6235294117647059,0.04004828631877899,0.02443002536892891,-0.005172249861061573,0.08503301828036182,0.17536534446764093,-0.16497875130095133,1.0,1,0.8417920470237732,0.14931340515613556,3.1914327144622803,0.34915581345558167,0.052554402500391006,0.3161523534462387,5,0.26666666666666666,0.21111111111111114,greedy,0.5,0.8620689655172413,0.131044402718544,0.04970381408929825,0.07703996109608735,1.235397873253658,35.82653832435608,5.0,1.9333333333333333,11.0,0.41181686172311793,0.2680412371134021,0.4880290205562273,0.6377743876460643,0.6227182539682539,0.3622256123539357
2025-07-10,0.6027409031090633,76.9498530555013,0.879400061218243,-3.632542512824628,1.7867160103322135,10.272631714445126,-0.02029062214206368,-0.028840294541366992,0.30000000000000004,0.05211019544669371,-0.30000000000000004,0.0674490759470226,-0.03924698612528953,0.30000000000000004,0.09014477852914063,0.18141475599492637,elevated,partial_correlation,60,residual,30,84,0.19310344827586207,0.02,0,5.6,0.6939952969551086,0.6499996185302734,1.8225924968719482,0.12392772734165192,0.05273059010505676,0.023930871859192848,-0.005427422001957893,0.36904761904761907,0.6309523809523809,0.040350541472435,0.023930871859192848,-0.005427422001957893,0.07695339771110934,0.1609442060085837,-0.19646982514819145,1.0,1,0.8274838924407959,0.18099349737167358,3.1946043968200684,0.33048227429389954,0.05174155905842781,0.3299706864445503,5,0.26666666666666666,0.21555555555555558,greedy,0.5,0.8620689655172413,0.12680330872535706,0.048670221120119095,0.10198271728487085,1.241899482135115,36.015084981918335,4.0,1.9333333333333333,12.0,0.411151329916099,0.23958333333333337,0.2870095902353967,0.48855359913587426,0.43,0.5114464008641257
2025-07-11,0.6504161650545967,78.59750295105606,0.8968788249694002,1.647649895554764,12.828982024261336,3.414934646654288,-0.0077096177395926686,-0.0006202213879863503,0.30000000000000004,0.060565527281944136,-0.30000000000000004,0.0674490759470226,-0.04871661215228626,0.30000000000000004,0.09803325711056864,0.18141475599492637,elevated,partial_correlation,60,residual,30,86,0.19770114942528735,0.02,0,5.733333333333333,0.7138347029685974,0.6181626915931702,1.8673499822616577,0.12450608611106873,0.05243498086929321,0.02461499162018299,-0.003970629535615444,0.4186046511627907,0.5813953488372093,0.04101813957095146,0.02461499162018299,-0.003970629535615444,0.07191183321682426,0.16135458167330677,-0.2378087345480834,1.0,1,0.8569979071617126,0.1534959226846695,3.190108060836792,0.34170788526535034,0.05146380141377449,0.3264101805491331,5,0.23333333333333334,0.20222222222222225,greedy,0.4666666666666667,0.8620689655172413,0.12766310572624207,0.048465125262737274,0.11559937668177722,1.2440818548202515,36.07837378978729,4.0,1.9333333333333333,12.0,0.41290642966541297,0.24742268041237114,0.39697152809867414,0.5921341945742108,0.5126984126984128,0.4078658054257892
2025-07-14,0.6575953086631566,78.8380437726358,0.8993576017130621,0.24054082157974221,-3.1713862448061434,5.545835518411209,-0.0036747861390561266,-0.014730257964676585,0.30000000000000004,0.06909618044411515,-0.30000000000000004,0.0674490759470226,-0.05347064589694405,0.30000000000000004,0.06918087654561951,0.22374486572707597,elevated,partial_correlation,60,residual,30,85,0.19540229885057472,0.02,0,5.666666666666667,0.7201973795890808,0.6314535140991211,1.9946645498275757,0.12709365785121918,0.0525079146027565,0.024834394454956055,-0.004603293724358082,0.4,0.6,0.04225767403841019,0.024834394454956055,-0.004603293724358082,0.06938081798313174,0.15851272015655576,-0.27425940766316226,1.0,1,0.8739026188850403,0.19263464212417603,3.1788556575775146,0.37335431575775146,0.052946269512176514,0.32490050900431705,4,0.3,0.26222222222222225,greedy,0.4666666666666667,0.896551724137931,0.1285305619239807,0.048695310950279236,0.12446929019310604,1.2414945322891762,36.00334143638611,5.0,1.9333333333333333,12.0,0.41255332429632835,0.21875,0.29375170795222555,0.48277507242136214,0.43002886002886004,0.5172249275786378
2025-07-15,0.46625458808947867,71.75840655524875,0.8211009174311926,-7.079637217387045,-3.9131483983643136,2.486660724929152,-0.01349535065908758,-0.042950331118057225,0.30000000000000004,0.0605085233983408,-0.30000000000000004,0.0674490759470226,-0.06990096388684941,0.30000000000000004,-0.01677112158681691,0.18141475599492637,elevated,partial_correlation,60,residual,30,83,0.19080459770114944,0.02,0,5.533333333333333,0.7047110199928284,0.6193504333496094,1.9153035879135132,0.12735742330551147,0.05285847187042236,0.024300379678606987,-0.0045433868654072285,0.39759036144578314,0.6024096385542169,0.04118023067712784,0.024300379678606987,-0.0045433868654072285,0.06063342842713772,0.16163793103448276,-0.24807238146401553,1.0,1,0.839523434638977,0.19125474989414215,3.1877923011779785,0.34067291021347046,0.05190099775791168,0.3296663125720033,5,0.23333333333333334,0.20444444444444448,greedy,0.4666666666666667,0.8620689655172413,0.12765730917453766,0.04843490570783615,0.12624945023302958,1.2425455553778286,36.03382110595703,5.0,1.9333333333333333,13.0,0.41066160945942576,0.1333333333333333,0.665588263557449,0.7562381835744434,0.7777777777777778,0.2437618164255566
2025-07-16,0.4151731321498011,69.64281406107816,0.8022011617242434,-2.115592494170599,-10.939581507247766,-2.8745456535403946,-0.03229348485498409,-0.05706036769474763,0.30000000000000004,-0.0002827480550453326,-0.30000000000000004,0.0674490759470226,-0.08109800510990042,0.30000000000000004,0.03704390592252952,0.18141475599492637,elevated,partial_correlation,60,residual,30,82,0.18850574712643678,0.02,0,5.466666666666667,0.6750676035881042,0.6145891547203064,1.8627865314483643,0.12348797172307968,0.05198856443166733,0.023278189823031425,-0.0032274986151605844,0.4268292682926829,0.573170731707317,0.042066577821969986,0.023278189823031425,-0.0032274986151605844,0.05467219983054407,0.15286624203821655,-0.25543487628310363,1.0,1,0.8182995915412903,0.17080524563789368,3.177554130554199,0.3554264307022095,0.0529106929898262,0.32977716021353326,5,0.23333333333333334,0.20444444444444448,greedy,0.4666666666666667,0.8620689655172413,0.12147562950849533,0.046954166144132614,0.1183571570603077,1.2514374009494125,36.29168462753296,5.0,1.9333333333333333,14.0,0.41019077498280226,0.18681318681318682,1.0,1.0,1.0,0.0
2025-07-17,0.5343204257815595,74.43383574606604,0.8493276283618582,4.791021684987882,-2.516017309435256,3.878386267212207,-0.019242753175062695,-0.014730257964676585,0.30000000000000004,0.04931568629421146,-0.30000000000000004,0.0674490759470226,-0.0802384856151213,0.30000000000000004,0.0926825140324089,0.13908464626277692,elevated,partial_correlation,60,residual,30,85,0.19540229885057472,0.02,0,5.666666666666667,0.6956475973129272,0.6315112113952637,1.702878713607788,0.12276135385036469,0.05266732722520828,0.023987852036952972,-0.004204086028039455,0.38823529411764707,0.611764705882353,0.040782660245895386,0.023987852036952972,-0.004204086028039455,0.055129802164012205,0.18329938900203666,-0.18502026926069293,1.0,1,0.838992714881897,0.17327949404716492,3.187654495239258,0.3831199109554291,0.05187571421265602,0.28389877454665924,6,0.3,0.19555555555555557,greedy,0.5,0.8275862068965517,0.12651914358139038,0.048414506018161774,0.1378409918057012,1.2439479992307465,36.07449197769165,4.0,1.9333333333333333,13.0,0.41206165303215675,0.2421052631578947,0.32343356539771884,0.5775342782764874,0.4494805194805195,0.4224657217235126
2025-07-18,0.5798902455180476,76.12928266320327,0.8677054689886954,1.6954469171372324,-2.4682202878527875,5.602300094904052,-0.00938118642713741,0.013489815188704055,0.30000000000000004,0.06985100564833309,-0.30000000000000004,0.0674490759470226,-0.06327266616249409,0.30000000000000004,0.020339445328692786,0.18141475599492637,elevated,partial_correlation,60,residual,30,87,0.2,0.02,0,5.8,0.7111988663673401,0.668064534664154,1.8055901527404785,0.12262051552534103,0.05003688111901283,0.02452409639954567,-0.004277586471289396,0.40229885057471265,0.5977011494252874,0.041702475398778915,0.02452409639954567,-0.004277586471289396,0.0641622890568387,0.21348314606741572,-0.2252708994938413,1.0,1,0.8741176724433899,0.15817631781101227,3.1787631511688232,0.4080818295478821,0.052856747061014175,0.29551927989263727,5,0.3,0.21333333333333337,greedy,0.5,0.8620689655172413,0.12860731780529022,0.04870491102337837,0.13543041345978335,1.243300828440436,36.055724024772644,4.0,1.9333333333333333,14.0,0.4139008251329263,0.17021276595744683,0.4480095714596476,0.6885940437427087,0.55,0.3114059562572913
2025-07-21,0.5902585943568069,76.50407829280341,0.8720219914477703,0.37479562960014334,-2.3339654798323863,2.681870981122401,-0.013039119520141938,-0.028840294541366992,0.30000000000000004,0.12329353865215154,-0.30000000000000004,0.0674490759470226,-0.08534861991287399,0.30000000000000004,0.08765936746923865,0.13908464626277692,elevated,partial_correlation,60,residual,30,84,0.19310344827586207,0.02,0,5.6,0.7054303884506226,0.6161871552467346,1.7033718824386597,0.12596972286701202,0.050518717616796494,0.024325188249349594,-0.002678683726117015,0.44047619047619047,0.5595238095238095,0.040937118232250214,0.024325188249349594,-0.002678683726117015,0.05240920141767533,0.1859504132231405,-0.19851332655308176,1.0,1,0.859994113445282,0.15847204625606537,3.1834282875061035,0.38771677017211914,0.051613420248031616,0.2974909485084676,6,0.2,0.18000000000000002,greedy,0.5,0.8275862068965517,0.13404172658920288,0.049949176609516144,0.15123298988485545,1.2368502452455719,35.86865711212158,5.0,1.9333333333333333,12.0,0.41134685550270406,0.23711340206185572,0.5343924285955721,0.7192024154587081,0.6276190476190475,0.2807975845412919
2025-07-22,0.5226848951791092,73.98847810938477,0.843969465648855,-2.5156001834186412,2.2300715541360177,0.7207418493734821,-0.01624321926530572,-0.014730257964676585,0.30000000000000004,0.10149328993231271,-0.30000000000000004,0.0674490759470226,-0.06874688015380892,0.30000000000000004,-0.02795186931136144,0.18141475599492637,elevated,partial_correlation,60,residual,30,85,0.19540229885057472,0.02,0,5.666666666666667,0.7003778219223022,0.6508024334907532,1.7209808826446533,0.12359606474637985,0.05108475685119629,0.02415095828473568,-0.0038600314874202013,0.4117647058823529,0.5882352941176471,0.04150168597698212,0.02415095828473568,-0.0038600314874202013,0.06124785475773847,0.19681908548707752,-0.20923031968199288,1.0,1,0.8628525137901306,0.17050321400165558,3.178500175476074,0.37870195508003235,0.05361532047390938,0.2754811672033865,5,0.23333333333333334,0.20444444444444448,greedy,0.4666666666666667,0.8620689655172413,0.13182492554187775,0.0493437796831131,0.14690611724534508,1.241683996956924,36.00883591175079,5.0,1.9333333333333333,12.0,0.4123013282758523,0.12222222222222223,0.23934974347149363,0.4776994063555836,0.4072871572871573,0.5223005936444164
2025-07-23,0.72541397621141,81.01258239627477,0.9172771672771672,7.024104286889994,11.36976833519661,9.212887634419445,-0.010459267562060169,-0.028840294541366992,0.30000000000000004,0.12558644293683374,-0.30000000000000004,0.0674490759470226,-0.03603355014630113,0.30000000000000004,0.12629681358235548,0.18141475599492637,high_stress,partial_correlation,60,residual,30,84,0.19310344827586207,0.02,0,5.6,0.7094987034797668,0.6220629215240479,1.8110032081604004,0.12669621407985687,0.05025704577565193,0.024465473368763924,-0.00316530535928905,0.44047619047619047,0.5595238095238095,0.04080348089337349,0.024465473368763924,-0.00316530535928905,0.07866420917189353,0.21205821205821207,-0.24123530776872354,1.0,1,0.8505986332893372,0.14685964584350586,3.1877496242523193,0.34800368547439575,0.052474673837423325,0.2969251492791215,5,0.36666666666666664,0.24222222222222223,greedy,0.5,0.8620689655172413,0.13427488505840302,0.049903739243745804,0.1667308724826101,1.2403539460280846,35.97026443481445,4.0,1.9333333333333333,13.0,0.4113023097230785,0.2755102040816326,0.3247258341818425,0.557184311594102,0.5,0.442815688405898
2025-07-24,0.7077238673287464,80.46237727126457,0.9133353677143728,-0.5502051250101943,6.028541525198534,10.787246648923102,-0.007946827788184797,-0.028840294541366992,0.30000000000000004,0.13646026344814954,-0.30000000000000004,0.0674490759470226,-0.04143983525270162,0.30000000000000004,0.10062672952090113,0.18141475599492637,elevated,partial_correlation,60,residual,30,84,0.19310344827586207,0.02,0,5.6,0.7134606242179871,0.649543285369873,1.7545907497406006,0.12740366160869598,0.05122149735689163,0.024602092802524567,-0.0032801374327391386,0.4166666666666667,0.5833333333333334,0.040331095457077026,0.024602092802524567,-0.0032801374327391386,0.0757859397491405,0.22736842105263158,-0.24925986729002028,1.0,1,0.8530985116958618,0.12724651396274567,3.1926143169403076,0.34250396490097046,0.052048210054636,0.3146180575604422,5,0.4,0.2733333333333334,greedy,0.5,0.8620689655172413,0.1353806108236313,0.050436172634363174,0.165585457653727,1.2295178257185837,35.65601694583893,4.0,1.9333333333333333,13.0,0.41114484791097966,0.25,0.25317467365242874,0.5068079941018429,0.4558119658119658,0.49319200589815715
2025-07-25,0.608318568429826,77.14712065953948,0.8804148871262966,-3.31525661172509,1.0178379963362119,6.4268059690798225,-0.005293295134865243,-0.028840294541366992,0.30000000000000004,0.1370833496000297,-0.30000000000000004,0.0674490759470226,-0.04498623139835718,0.30000000000000004,0.04382131769458601,0.13908464626277692,elevated,partial_correlation,60,residual,30,84,0.19310344827586207,0.02,0,5.6,0.7176452279090881,0.6580770015716553,1.7733662128448486,0.12815091013908386,0.05325153470039368,0.024746384471654892,-0.0033629541285336018,0.4166666666666667,0.5833333333333334,0.041034795343875885,0.024746384471654892,-0.0033629541285336018,0.07389786256006939,0.23780487804878048,-0.24634504792658712,1.0,1,0.8643618822097778,0.11096219718456268,3.180290460586548,0.3629258871078491,0.050818488001823425,0.3161767187471614,6,0.23333333333333334,0.18888888888888894,greedy,0.5666666666666667,0.8275862068965517,0.13544397056102753,0.050373297184705734,0.16652601435272196,1.2297168065761697,35.66178739070892,4.0,1.9333333333333333,13.0,0.4113794145399126,0.19354838709677424,0.4415021665864227,0.6910815409146763,0.625,0.30891845908532367
2025-07-28,0.5296864867845128,74.25707015039707,0.8459896309850564,-2.8900505091424122,-2.2470081424063437,4.771225432677852,-0.017682818790530477,-0.07117040427143786,0.30000000000000004,0.1120776948392157,-0.30000000000000004,0.0674490759470226,-0.05917293852150049,0.30000000000000004,0.0167711215868168,0.18141475599492637,elevated,partial_correlation,60,residual,30,81,0.18620689655172415,0.02,0,5.4,0.6981076598167419,0.6499881148338318,1.7573449611663818,0.12927919626235962,0.05132180452346802,0.02407267689704895,-0.0034238784573972225,0.4074074074074074,0.5925925925925926,0.04121839627623558,0.02407267689704895,-0.0034238784573972225,0.0663449561708459,0.1879049676025918,-0.3453237337159354,1.0,1,0.8340705037117004,0.089434914290905,3.175222158432007,0.33465147018432617,0.05218251049518585,0.3343251172471059,5,0.3333333333333333,0.22666666666666668,greedy,0.5333333333333333,0.8620689655172413,0.13290122151374817,0.04988003149628639,0.16442799301384858,1.2313103141455815,35.70799911022186,4.0,1.9333333333333333,13.0,0.40914176427598653,0.16666666666666663,0.5736434108527132,0.7563959358635876,0.6405122655122655,0.24360406413641245
2025-07-29,0.6392991859105207,78.22110938448475,0.8929878048780487,3.9640392340876787,4.232631275099976,9.156064570014678,0.005005080644055975,-0.07117040427143786,0.30000000000000004,0.25144032054609955,-0.30000000000000004,0.0674490759470226,-0.04036492793099136,0.30000000000000004,-0.012144605287005278,0.13908464626277692,elevated,partial_correlation,60,residual,30,81,0.18620689655172415,0.02,0,5.4,0.7338851094245911,0.7211004495620728,1.7139062881469727,0.13590462505817413,0.05282251909375191,0.025306381285190582,-0.003228650661185384,0.41975308641975306,0.5802469135802469,0.0407075434923172,0.025306381285190582,-0.003228650661185384,0.07635821309682413,0.20484581497797358,-0.29361354595351963,1.0,1,0.8816633224487305,0.07024700194597244,3.1758713722229004,0.3642413020133972,0.051960062235593796,0.3366395513497992,6,0.23333333333333334,0.1844444444444445,greedy,0.5333333333333333,0.8275862068965517,0.14707258343696594,0.053461529314517975,0.20707895978331503,1.2150804708743919,35.23733365535736,4.0,1.9333333333333333,13.0,0.4089714800146804,0.13793103448275867,0.3974960876369327,0.6576938206785429,0.6464646464646464,0.3423061793214571
2025-07-30,0.7220281840580647,80.90820174521085,0.916793660469369,2.6870923607260977,-0.10438065106392003,13.859852727309331,0.020052144689601818,-0.014730257964676585,0.30000000000000004,0.25856346136377184,-0.30000000000000004,0.0674490759470226,-0.053981260102704424,0.30000000000000004,0.005590373862272267,0.13908464626277692,high_stress,partial_correlation,60,residual,30,85,0.19540229885057472,0.02,0,5.666666666666667,0.7576134204864502,0.70906662940979,1.7325478792190552,0.13369648158550262,0.05181068927049637,0.02612459845840931,-0.002861834829673171,0.4235294117647059,0.5764705882352941,0.039933450520038605,0.02612459845840931,-0.002861834829673171,0.06910897045264848,0.1955193482688391,-0.19924308240380065,1.0,1,0.9044254422187805,0.06728343665599823,3.1865618228912354,0.39522385597229004,0.05298125743865967,0.35474794482540567,6,0.26666666666666666,0.20000000000000004,greedy,0.5666666666666667,0.8275862068965517,0.14779691398143768,0.05354135483503342,0.2084798073786588,1.216393803728038,35.2754203081131,5.0,1.9333333333333333,14.0,0.4117785831235378,0.15555555555555556,0.2722815113931353,0.5678254398204492,0.5447330447330447,0.4321745601795508
2025-07-31,0.7980440316550137,83.14709276696259,0.9329677026203534,2.2388910217517406,2.684715495698015,7.983955721793507,0.01730434459170096,-0.028840294541366992,0.30000000000000004,0.2611951650800502,-0.30000000000000004,0.0674490759470226,-0.052933374422895765,0.30000000000000004,0.05245435900557613,0.18141475599492637,high_stress,partial_correlation,60,residual,30,84,0.19310344827586207,0.02,0,5.6,0.7532803416252136,0.6606932878494263,1.6236680746078491,0.13451434671878815,0.05380529537796974,0.0259751807898283,-0.0022216313518583775,0.44047619047619047,0.5595238095238095,0.040274567902088165,0.0259751807898283,-0.0022216313518583775,0.06966685766195664,0.19591836734693877,-0.23960785272238597,1.0,1,0.9049172401428223,0.09010706841945648,3.181094169616699,0.3872057795524597,0.051441386342048645,0.3326098482487984,5,0.3333333333333333,0.24222222222222226,greedy,0.4666666666666667,0.8620689655172413,0.148064523935318,0.05372270196676254,0.21837487363567487,1.214351773262024,35.216201424598694,4.0,1.9333333333333333,12.0,0.41112600539265004,0.2021276595744681,0.4362534713456198,0.6891958872556062,0.500971250971251,0.3108041127443938
2025-08-01,0.8068837380247764,83.39337940975894,0.9339019189765458,0.24628664279634904,6.246258750219454,17.624858482964214,0.015066554661812835,-0.028840294541366992,0.30000000000000004,0.24922962494702527,-0.30000000000000004,0.0674490759470226,-0.059526205699063174,0.30000000000000004,0.08209022671441939,0.18141475599492637,high_stress,partial_correlation,60,residual,30,84,0.19310344827586207,0.02,0,5.6,0.7497514486312866,0.6872609257698059,1.6738715171813965,0.13388416171073914,0.05188426002860069,0.02585349604487419,-0.002324629109352827,0.42857142857142855,0.5714285714285714,0.04059720039367676,0.02585349604487419,-0.002324629109352827,0.06615687912806524,0.22244488977955912,-0.19454204357785698,1.0,1,0.9032857418060303,0.08481201529502869,3.1782007217407227,0.3884894847869873,0.05119671672582626,0.3300868424992273,5,0.26666666666666666,0.22444444444444445,greedy,0.4666666666666667,0.8620689655172413,0.14684778451919556,0.053203437477350235,0.2138471173659341,1.2157310987340992,35.25620186328888,5.0,1.9333333333333333,13.0,0.4112335495565129,0.2315789473684211,0.5939290542715508,0.7784967561413052,0.6916666666666667,0.2215032438586948
2025-08-04,0.8831601948596229,85.39994785257305,0.9476248477466505,2.006568442814114,11.14287770217598,3.3905178351311065,0.009097219451999683,-0.014730257964676585,0.30000000000000004,0.24812515638476734,-0.30000000000000004,0.0674490759470226,-0.052020827956512784,0.30000000000000004,0.14382507300209607,0.18141475599492637,high_stress,partial_correlation,60,residual,30,85,0.19540229885057472,0.02,0,5.666666666666667,0.7403380870819092,0.676718533039093,1.7628636360168457,0.13064789772033691,0.05298522114753723,0.02552890032529831,-0.0017555814702063799,0.4235294117647059,0.5764705882352941,0.04081478342413902,0.02552890032529831,-0.0017555814702063799,0.07015269119447269,0.2151394422310757,-0.22236047753811478,1.0,1,0.886812686920166,0.12804825603961945,3.1866402626037598,0.3661680817604065,0.05204661190509796,0.3308219291208394,5,0.23333333333333334,0.2066666666666667,greedy,0.5,0.8620689655172413,0.14673547446727753,0.05310861021280289,0.21593488477940825,1.2172731161117554,35.300920367240906,4.0,1.9333333333333333,11.0,0.41207236075823794,0.29292929292929293,0.5043505282784339,0.6612155783445511,0.5972222222222222,0.33878442165544886
2025-08-05,0.8936013882165648,85.65839862257116,0.9512937595129376,0.258450769998106,7.437289238086407,9.986843668958088,0.0018074549348754247,-0.028840294541366992,0.30000000000000004,0.2366590230263444,-0.30000000000000004,0.0674490759470226,-0.06822150411082874,0.30000000000000004,0.16100276723344187,0.22374486572707597,high_stress,partial_correlation,60,residual,30,84,0.19310344827586207,0.02,0,5.6,0.7288426160812378,0.6433314085006714,1.5954267978668213,0.1301504671573639,0.05225098878145218,0.025132503360509872,0.00019169840379618108,0.4880952380952381,0.5119047619047619,0.03944681957364082,0.025132503360509872,0.00019169840379618108,0.06152756138996298,0.1956521739130435,-0.27662007125586763,1.0,1,0.8492627739906311,0.12740549445152283,3.2030327320098877,0.30385875701904297,0.05191357433795929,0.33909753582707325,4,0.3,0.2688888888888889,greedy,0.5,0.896551724137931,0.14556951820850372,0.053205206990242004,0.21678825291334802,1.2180725212754875,35.324103116989136,4.0,1.9333333333333333,11.0,0.41085008928316763,0.31000000000000005,0.5616024187452758,0.6728709073213501,0.569949494949495,0.32712909267864987
2025-08-06,0.816270717166445,83.65174924226805,0.9348752282410225,-2.0066493803031022,2.7435474970572074,3.069353673942132,0.01699677650125926,-0.0006202213879863503,0.30000000000000004,0.2598258995571978,-0.30000000000000004,0.0674490759470226,-0.04612828725120538,0.30000000000000004,0.07966282753738002,0.13908464626277692,high_stress,partial_correlation,60,residual,30,86,0.19770114942528735,0.02,0,5.733333333333333,0.7527951598167419,0.6800780296325684,1.807143211364746,0.13130147755146027,0.055249981582164764,0.025958456099033356,-0.0011249074013903737,0.45348837209302323,0.5465116279069767,0.040078260004520416,0.025958456099033356,-0.0011249074013903737,0.07328983979108196,0.19760479041916168,-0.2502050005129188,1.0,1,0.8873400092124939,0.15016721189022064,3.19693922996521,0.3466085195541382,0.050792232155799866,0.33484095507343414,6,0.26666666666666666,0.19111111111111115,greedy,0.5333333333333333,0.8275862068965517,0.14792528748512268,0.05401945859193802,0.22947940564668978,1.2128142529520496,35.171613335609436,4.0,1.9333333333333333,13.0,0.4125931364766026,0.22916666666666663,0.5716222979190546,0.73658626214815,0.5972222222222222,0.26341373785184996
2025-08-07,0.97411205702021,87.52528703824606,0.9707940371159112,3.8735377959780095,4.378194271283476,10.57543398274477,0.008746217088400614,-0.0006202213879863503,0.30000000000000004,0.2167237831152964,-0.30000000000000004,0.0674490759470226,-0.03931486368367476,0.30000000000000004,0.1973832002140753,0.22374486572707597,high_stress,partial_correlation,60,residual,30,86,0.19770114942528735,0.02,0,5.733333333333333,0.7397845983505249,0.6368602514266968,1.8534654378890991,0.1290322095155716,0.05680523067712784,0.02550981380045414,-0.0013981907395645976,0.4418604651162791,0.5581395348837209,0.04147876799106598,0.02550981380045414,-0.0013981907395645976,0.07691726016065718,0.25882352941176473,-0.14481501496443155,1.0,1,0.9120903611183167,0.1265029013156891,3.177037477493286,0.3590737581253052,0.051866888999938965,0.332511635548195,4,0.36666666666666664,0.29999999999999993,greedy,0.5,0.896551724137931,0.1435423642396927,0.052929557859897614,0.22040177038843278,1.2168342697209324,35.28819382190704,4.0,1.9333333333333333,12.0,0.4130599724721178,0.34615384615384615,0.5587099704746764,0.7549621643066299,0.6073232323232324,0.24503783569337012
2025-08-08,0.7060135327863918,80.40854682307416,0.9108880778588808,-7.116740215171902,-2.9848325866847745,1.8110438720181037,0.007800082972564771,-0.0006202213879863503,0.30000000000000004,0.1941792600385904,-0.30000000000000004,0.0674490759470226,-0.04475042470088163,0.30000000000000004,0.0005410039221553373,0.18141475599492637,elevated,partial_correlation,60,residual,30,86,0.19770114942528735,0.02,0,5.733333333333333,0.7382925748825073,0.6310558915138245,2.0125930309295654,0.12877197563648224,0.0562618263065815,0.02545836567878723,-0.0022500588092952967,0.4186046511627907,0.5813953488372093,0.04170579835772514,0.02545836567878723,-0.0022500588092952967,0.07402340444209494,0.2437137330754352,-0.12892714289238918,1.0,1,0.9206839203834534,0.13489197194576263,3.177347183227539,0.40983349084854126,0.05134858936071396,0.3207410157878902,5,0.36666666666666664,0.2488888888888889,greedy,0.5333333333333333,0.8620689655172413,0.141249880194664,0.05231965333223343,0.21586239203691537,1.2192578850121334,35.35847866535187,4.0,1.9333333333333333,12.0,0.41313564926100416,0.15053763440860213,0.8103775574773254,0.8580571048463301,0.8576388888888888,0.14194289515366987
2025-08-11,0.663469456807518,79.03338444133314,0.8990574642748556,-1.3751623817410206,-6.366563411239909,0.1953406686973409,0.0016242979486195232,-0.0006202213879863503,0.30000000000000004,0.15857850298397613,-0.30000000000000004,0.0674490759470226,-0.06134577050074998,0.30000000000000004,0.05869892555385902,0.13908464626277692,elevated,partial_correlation,60,residual,30,86,0.19770114942528735,0.02,0,5.733333333333333,0.7285537719726562,0.6622862815856934,1.8658983707427979,0.12707334756851196,0.0540563240647316,0.025122543796896935,-0.0011708582751452923,0.45348837209302323,0.5465116279069767,0.041278544813394547,0.025122543796896935,-0.0011708582751452923,0.06518815520242312,0.23391812865497075,-0.1424926567004304,1.0,1,0.9026434421539307,0.09782381355762482,3.1749889850616455,0.3967524766921997,0.05193672329187393,0.3057991391455778,6,0.26666666666666666,0.18,greedy,0.5,0.8275862068965517,0.13762974739074707,0.05118914693593979,0.2057665384293461,1.2234229301584179,35.479264974594116,4.0,1.9333333333333333,12.0,0.41299323141289396,0.20833333333333337,0.1539732534724015,0.4682033952918614,0.3416666666666667,0.5317966047081386
2025-08-12,0.4350736358509892,70.47763412518474,0.8045592705167173,-8.555750316148405,-15.18076449738642,-1.2807724300640189,-0.02192927258315398,0.013489815188704055,0.30000000000000004,0.007872324249348452,-0.30000000000000004,0.0674490759470226,-0.060613878692756674,0.30000000000000004,-0.010279074520952303,0.13908464626277692,elevated,partial_correlation,60,residual,30,87,0.2,0.02,0,5.8,0.6914112567901611,0.6626832485198975,1.7705055475234985,0.11920884251594543,0.05115664750337601,0.023841766640543938,-0.0022367637138813734,0.41379310344827586,0.5862068965517241,0.04214891791343689,0.023841766640543938,-0.0022367637138813734,0.06557780942343647,0.2346368715083799,-0.18460686572445156,1.0,1,0.8640096187591553,0.12792928516864777,3.164059638977051,0.37758761644363403,0.05431414395570755,0.3139658367370968,6,0.26666666666666666,0.2,greedy,0.5666666666666667,0.8275862068965517,0.12230489403009415,0.04749011993408203,0.16149836878057844,1.242715753357986,36.03875684738159,5.0,1.9333333333333333,11.0,0.41404963930447897,0.13978494623655913,0.7039953339165937,0.8243917063807735,0.7407407407407406,0.17560829361922647
2025-08-13,0.3819857130421342,68.22153516775595,0.7836523852932239,-2.25609895742879,-15.430214074512108,-1.42127889332221,-0.03409792542389906,-0.014730257964676585,0.30000000000000004,-0.045122750249115794,-0.30000000000000004,0.035972840505078714,-0.0701228550183097,0.30000000000000004,0.11333212466242906,0.09675453653062746,elevated,partial_correlation,60,residual,30,85,0.19540229885057472,0.02,0,5.666666666666667,0.6722219586372375,0.6383128762245178,1.7469815015792847,0.11862742155790329,0.048527851700782776,0.023180069401860237,-0.0015508076176047325,0.4235294117647059,0.5764705882352941,0.042813025414943695,0.023180069401860237,-0.0015508076176047325,0.06051529509781957,0.2023121387283237,-0.22258091593190113,0.9666666666666667,2,0.856500506401062,4.624497229599456e-09,3.1447513103485107,0.40061965584754944,0.05672142654657364,0.29740957733539014,7,0.26666666666666666,0.18000000000000002,greedy,0.6,0.7931034482758621,0.1169159859418869,0.04638800770044327,0.14004245255564585,1.2485990400972038,36.20937216281891,5.0,1.9333333333333333,10.0,0.40162733031072834,0.26262626262626265,0.3995333916593759,0.6181121603205537,0.5879629629629629,0.3818878396794463
2025-08-14,0.36688794547055215,67.56333183268643,0.7746051032806804,-0.6582033350695156,-19.961955205559633,-6.870503913379608,-0.03604130086026381,-0.028840294541366992,0.30000000000000004,-0.05674875825281185,-0.30000000000000004,0.035972840505078714,-0.058037127039290703,0.30000000000000004,0.07149793939642976,0.13908464626277692,elevated,partial_correlation,60,residual,30,84,0.19310344827586207,0.02,0,5.6,0.6691573858261108,0.6608805060386658,1.698541522026062,0.11949239671230316,0.04664872959256172,0.023074394091963768,-0.0006198175833560526,0.4523809523809524,0.5476190476190477,0.041669223457574844,0.023074394091963768,-0.0006198175833560526,0.06694965447937311,0.21818181818181817,-0.2097479952291563,0.9666666666666667,2,0.8358983993530273,2.427848882353776e-17,3.157806873321533,0.33334237337112427,0.05691056698560715,0.3245721656142021,6,0.3333333333333333,0.25555555555555554,greedy,0.5,0.8275862068965517,0.11573377251625061,0.046281635761260986,0.1274816629325921,1.2477311101453057,36.18420219421387,5.0,1.9333333333333333,13.0,0.4004797794667012,0.2210526315789474,0.3807829181494662,0.6372410980041312,0.5428571428571428,0.3627589019958688
2025-08-15,0.2992878188664162,64.53303670197297,0.7406620103249316,-3.030295130713455,-15.875510121101186,-11.596245961230295,-0.025936358315190935,-0.014730257964676585,0.30000000000000004,-0.058159347927787944,-0.30000000000000004,0.035972840505078714,-0.06761483321311289,0.30000000000000004,0.033001239251478263,0.09675453653062746,normal,partial_correlation,60,residual,30,85,0.19540229885057472,0.02,0,5.666666666666667,0.6850922107696533,0.6948622465133667,1.7154345512390137,0.12089862674474716,0.0492837093770504,0.02362387254834175,-0.0020899551454931498,0.4,0.6,0.04133005067706108,0.02362387254834175,-0.0020899551454931498,0.06185054884996623,0.21176470588235294,-0.25978425298568814,0.9666666666666667,2,0.8406161069869995,2.0553314605820105e-09,3.1617379188537598,0.35670006275177,0.05465324595570564,0.31405422870541466,7,0.26666666666666666,0.18222222222222226,greedy,0.5666666666666667,0.7931034482758621,0.11559033393859863,0.04667343571782112,0.1239611368339808,1.2449959146565404,36.10488152503967,4.0,1.9333333333333333,12.0,0.4011330053981008,0.18279569892473113,0.21436408135707655,0.5621920178683647,0.48394383394383395,0.4378079821316353
2025-08-18,0.35678818148313,67.11909231530065,0.769277474195507,2.586055613327673,-11.914292126032493,-9.384985977502765,-0.02983472134769989,-0.028840294541366992,0.30000000000000004,-0.056679225237979504,-0.30000000000000004,0.035972840505078714,-0.07441300355410908,0.30000000000000004,0.07149793939642976,0.13908464626277692,normal,partial_correlation,60,residual,30,84,0.19310344827586207,0.02,0,5.6,0.6789448261260986,0.6085025072097778,1.7576634883880615,0.12124016135931015,0.049365073442459106,0.023411890491843224,-0.0004187252197880298,0.44047619047619047,0.5595238095238095,0.04271392151713371,0.023411890491843224,-0.0004187252197880298,0.058231249194461446,0.2180746561886051,-0.1396959358749309,0.9666666666666667,2,0.8740484714508057,3.596830389085426e-09,3.1421725749969482,0.39927828311920166,0.05515377223491669,0.2983189779163215,6,0.26666666666666666,0.1955555555555556,greedy,0.5666666666666667,0.8275862068965517,0.11574084311723709,0.04652564600110054,0.12142991441727669,1.2463263314345787,36.14346361160278,4.0,1.9333333333333333,11.0,0.40082801215322084,0.2210526315789474,0.31922219179154115,0.6276397000006949,0.4888888888888889,0.3723602999993051
2025-08-19,0.31696075960089426,65.33781222167416,0.7505311077389984,-1.781280093626492,-5.13982190351058,-8.650665887710616,-0.05111559696192961,-0.042950331118057225,0.30000000000000004,-0.09014922401615602,-0.30000000000000004,0.0674490759470226,-0.07922211196959425,0.30000000000000004,0.07386430145683172,0.13908464626277692,normal,partial_correlation,60,residual,30,83,0.19080459770114944,0.02,0,5.533333333333333,0.6453861594200134,0.5997451543807983,1.710227608680725,0.11663606762886047,0.04919837415218353,0.022254696115851402,-0.00037934808642603457,0.43373493975903615,0.5662650602409639,0.04300495237112045,0.022254696115851402,-0.00037934808642603457,0.05567091258058072,0.2151639344262295,-0.0672762173367445,1.0,1,0.847200334072113,0.05665011331439018,3.145944833755493,0.40077289938926697,0.05514480918645859,0.31392253977515605,6,0.2,0.17333333333333334,greedy,0.5,0.8275862068965517,0.1123373806476593,0.045444972813129425,0.1055889253093254,1.2519598747121876,36.30683636665344,4.0,1.9333333333333333,12.0,0.41126985002408994,0.22340425531914898,0.5298426804371322,0.7407203479020565,0.6,0.25927965209794346
2025-08-20,0.34070845278309947,66.40548626421821,0.7612257281553398,1.0676740425440556,-1.8160489035377338,-14.607096132056554,-0.06692875526549177,-0.028840294541366992,0.30000000000000004,-0.15272388175091126,-0.30000000000000004,0.035972840505078714,-0.07359972863825644,0.30000000000000004,0.23007373594341965,0.09675453653062746,normal,partial_correlation,60,residual,30,84,0.19310344827586207,0.02,0,5.6,0.6204498410224915,0.6011906862258911,1.5652055740356445,0.11079461127519608,0.049053072929382324,0.021394820883870125,-0.00037536965101026,0.44047619047619047,0.5595238095238095,0.0423879399895668,0.021394820883870125,-0.00037536965101026,0.058664231228616366,0.21774193548387097,0.016977168150308232,0.9666666666666667,2,0.8142682909965515,-5.555869757286738e-17,3.138355255126953,0.3698480427265167,0.05439378321170807,0.28836388236654414,7,0.23333333333333334,0.1755555555555556,greedy,0.6,0.7931034482758621,0.10597435384988785,0.04415637254714966,0.09084769341801469,1.2630686801055382,36.62899172306061,3.0,1.9333333333333333,14.0,0.4007193516440319,0.3786407766990292,0.2347555159916068,0.5537210212472308,0.4212962962962963,0.44627897875276923
2025-08-21,0.27514946630272746,63.42049428787221,0.7273278738246891,-2.984991976346002,-4.1428375448142205,-17.041882983392362,-0.06656572969220956,-0.042950331118057225,0.30000000000000004,-0.1601118195291779,-0.30000000000000004,0.0674490759470226,-0.058727881437470555,0.30000000000000004,0.05464139613769364,0.18141475599492637,normal,partial_correlation,60,residual,30,83,0.19080459770114944,0.02,0,5.533333333333333,0.6210222840309143,0.5748382806777954,1.6448081731796265,0.11223294585943222,0.0486612394452095,0.021414561197161674,-0.00038252357626333833,0.4457831325301205,0.5542168674698795,0.042991846799850464,0.021414561197161674,-0.00038252357626333833,0.06658190153557082,0.2336065573770492,-0.021947092814098602,1.0,1,0.8215214014053345,0.06004653126001358,3.138355255126953,0.3781740367412567,0.0540800467133522,0.30198982274552566,5,0.36666666666666664,0.24444444444444446,greedy,0.5333333333333333,0.8620689655172413,0.10522309690713882,0.04412584751844406,0.084136606755296,1.2637531099648311,36.6488401889801,4.0,1.9333333333333333,12.0,0.4112654815003333,0.20430107526881724,0.2598017717744058,0.551049084392243,0.4358534322820037,0.448950915607757
2025-08-22,0.25292894005244293,62.38349640253607,0.7158884172225591,-1.0369978853361417,-2.1495402994369073,-14.763624257003414,-0.05412318059896733,-0.05706036769474763,0.30000000000000004,-0.13224138990331663,-0.30000000000000004,0.0674490759470226,-0.08955385961500405,0.30000000000000004,0.03704390592252952,0.18141475599492637,normal,partial_correlation,60,residual,30,82,0.18850574712643678,0.02,0,5.466666666666667,0.6406434178352356,0.6029577255249023,1.641545057296753,0.117190882563591,0.04941515624523163,0.022091152146458626,0.000871779047884047,0.4878048780487805,0.5121951219512195,0.042418576776981354,0.022091152146458626,0.000871779047884047,0.05017036039990171,0.21161825726141079,-0.0035473461046476007,1.0,1,0.8403289914131165,0.06464295834302902,3.1423614025115967,0.38128527998924255,0.05478202924132347,0.30386819505689305,5,0.3333333333333333,0.23777777777777778,greedy,0.5333333333333333,0.8620689655172413,0.10805715620517731,0.045030031353235245,0.07917357956491455,1.257874192862675,36.47835159301758,4.0,1.9333333333333333,13.0,0.4103081079678061,0.18681318681318682,0.6934940890941831,0.746136041046031,0.6651515151515152,0.25386395895396896
2025-08-25,0.4814670660885387,72.37088825066411,0.8226735374355866,9.987391848128041,5.251795935363461,-1.8861818997329607,-0.02593015831247683,-0.028840294541366992,0.30000000000000004,-0.011430304439294384,-0.30000000000000004,0.0674490759470226,-0.06665748314107353,0.30000000000000004,0.0654614745808013,0.18141475599492637,elevated,partial_correlation,60,residual,30,84,0.19310344827586207,0.02,0,5.6,0.6851020455360413,0.6121299266815186,1.7012828588485718,0.1223396435379982,0.05099751800298691,0.023624209687113762,0.001104579889215529,0.4880952380952381,0.5119047619047619,0.041649531573057175,0.023624209687113762,0.001104579889215529,0.062360235517426484,0.21030927835051547,0.00251932710179215,1.0,1,0.8839324712753296,0.10174751281738281,3.1615476608276367,0.4194311201572418,0.05311630666255951,0.29112718115812936,5,0.3333333333333333,0.24666666666666667,greedy,0.5,0.8620689655172413,0.12034206837415695,0.04797365516424179,0.09478730012860048,1.237806108491174,35.89637714624405,4.0,1.9333333333333333,9.0,0.4115843266163064,0.21505376344086025,0.6472019464720195,0.7335102832977666,0.6725252525252525,0.2664897167022334
2025-08-26,0.4495511774816802,71.07650013697321,0.8121212121212121,-1.2943881136909,5.738687915299053,-7.144609247511539,-0.02786716247533427,-0.014730257964676585,0.30000000000000004,-0.019791338076347517,-0.30000000000000004,0.0674490759470226,-0.050049121533593144,0.30000000000000004,0.013125225589682682,0.18141475599492637,elevated,partial_correlation,60,residual,30,85,0.19540229885057472,0.02,0,5.666666666666667,0.6820476055145264,0.6704609990119934,1.589749813079834,0.1203613132238388,0.05024348944425583,0.02351888082921505,0.0003689430304802954,0.47058823529411764,0.5294117647058824,0.04131282493472099,0.02351888082921505,0.0003689430304802954,0.07120241428455105,0.23030303030303031,0.07928236735102222,1.0,1,0.8807069063186646,0.0968797355890274,3.163402557373047,0.4093349575996399,0.053828172385692596,0.29148993587292205,5,0.26666666666666666,0.2088888888888889,greedy,0.5333333333333333,0.8620689655172413,0.11949186027050018,0.04760807752609253,0.09156061870073118,1.2404957598653332,35.974377036094666,5.0,1.9333333333333333,11.0,0.4122383745950986,0.1630434782608695,0.3077907377331562,0.5695478986739249,0.46952380952380957,0.43045210132607514
2025-08-27,0.4148211068000663,69.62792724566305,0.7970312026658588,-1.4485728913101639,3.2224409814448336,-11.2802744995478,-0.03662759503957109,-0.028840294541366992,0.30000000000000004,-0.05379847756235957,-0.30000000000000004,0.0674490759470226,-0.09874306184879118,0.30000000000000004,0.12629681358235548,0.13908464626277692,elevated,partial_correlation,60,residual,30,84,0.19310344827586207,0.02,0,5.6,0.6682328581809998,0.630061149597168,1.6001365184783936,0.11932729184627533,0.05082752928137779,0.02304251305758953,0.0005041580297984183,0.47619047619047616,0.5238095238095238,0.041651979088783264,0.02304251305758953,0.0005041580297984183,0.04527809162597218,0.2085889570552147,0.023031719097492603,1.0,1,0.8670949935913086,0.06895942986011505,3.1575794219970703,0.4421917498111725,0.05377504974603653,0.2678310371232328,6,0.23333333333333334,0.1844444444444445,greedy,0.5,0.8275862068965517,0.11603377759456635,0.04696235433220863,0.08047136835197743,1.2420932527246147,36.020704329013824,5.0,1.9333333333333333,11.0,0.41158514245488176,0.2755102040816326,0.4194657995150467,0.6224791731960374,0.5876190476190475,0.3775208268039626
2025-08-28,0.15673523289139213,57.77321356432743,0.6465778316172017,-11.854713681335618,-5.647280723544782,-25.37387920263516,-0.03684654762160732,-0.028840294541366992,0.30000000000000004,-0.060933707892621196,-0.30000000000000004,0.0674490759470226,-0.09930547974648396,0.30000000000000004,-0.08154234978417851,0.09675453653062746,normal,partial_correlation,60,residual,30,84,0.19310344827586207,0.02,0,5.6,0.6678875684738159,0.6506847143173218,1.6622833013534546,0.11926563829183578,0.0501234233379364,0.023030607029795647,0.0006046572234481573,0.47619047619047616,0.5238095238095238,0.04189040884375572,0.023030607029795647,0.0006046572234481573,0.04497866416221862,0.20040485829959515,-0.006576869254052802,1.0,1,0.8684924244880676,0.07229553908109665,3.1555206775665283,0.43903639912605286,0.05425770953297615,0.28851875400090293,7,0.23333333333333334,0.16222222222222224,greedy,0.6333333333333333,0.7931034482758621,0.11530821770429611,0.04680098593235016,0.0777420849882483,1.2420740415310036,36.02014720439911,5.0,1.9333333333333333,11.0,0.41166461903987256,0.06896551724137934,0.2027194066749073,0.5436779266183123,0.48968253968253966,0.45632207338168773
2025-08-29,0.26749259627198446,63.06450765294128,0.7211625794732062,5.291294088613853,0.6810112504052128,-20.328871756817655,-0.03466606489912637,-0.014730257964676585,0.30000000000000004,-0.06080900273851724,-0.30000000000000004,0.0674490759470226,-0.1008839310241335,0.30000000000000004,-0.02795186931136144,0.13908464626277692,normal,partial_correlation,60,residual,30,85,0.19540229885057472,0.02,0,5.666666666666667,0.6713261008262634,0.6248710751533508,1.6700295209884644,0.11846932768821716,0.05111958831548691,0.023149175569415092,0.0007863767095841467,0.4823529411764706,0.5176470588235295,0.04103612154722214,0.023149175569415092,0.0007863767095841467,0.04413830743697203,0.18979591836734694,0.014718757135143761,1.0,1,0.8578804731369019,0.07225889712572098,3.169536828994751,0.4221809208393097,0.05294501408934593,0.28664823390165667,6,0.4,0.23777777777777784,greedy,0.5666666666666667,0.8275862068965517,0.11532089859247208,0.04684175178408623,0.07807392490397203,1.24121185417833,35.99514377117157,5.0,1.9333333333333333,11.0,0.412146140132599,0.12222222222222223,0.5536663124335813,0.7859980127896099,0.713003663003663,0.2140019872103901
2025-09-03,0.21230959298083335,60.4588050426694,0.6876513317191283,-2.6057026102718837,-11.912083207994712,-24.941142809903653,-0.06160576177508438,-0.014730257964676585,0.30000000000000004,-0.13888182945469224,-0.30000000000000004,0.0674490759470226,-0.10118744084288366,0.30000000000000004,0.02218116080837062,0.13908464626277692,normal,partial_correlation,60,residual,30,85,0.19540229885057472,0.02,0,5.666666666666667,0.6288437247276306,0.6008577346801758,1.5191162824630737,0.11097244173288345,0.047801706939935684,0.021684270352125168,4.826222357223742e-05,0.4588235294117647,0.5411764705882353,0.04244427755475044,0.021684270352125168,4.826222357223742e-05,0.04397672087362567,0.22093023255813954,0.0076226017990370645,1.0,1,0.8289580345153809,0.06858962774276733,3.141298770904541,0.41690483689308167,0.05552172660827637,0.2815416232384643,6,0.26666666666666666,0.19555555555555557,greedy,0.5666666666666667,0.8275862068965517,0.1073819100856781,0.04469406604766846,0.051114222851607494,1.256711618653659,36.444636940956116,5.0,1.9333333333333333,11.0,0.41261552546844177,0.17204301075268813,0.5750132835130178,0.8169597493753132,0.7861111111111111,0.18304025062468676
2025-09-04,0.1906451119199918,59.41842515072854,0.6732223903177005,-1.0403798919408587,-11.65807498624467,-26.239973471842617,-0.05759483957727958,-0.0006202213879863503,0.30000000000000004,-0.14103962427746627,-0.30000000000000004,0.0674490759470226,-0.08733053677999997,0.30000000000000004,-0.029303388267075615,0.13908464626277692,normal,partial_correlation,60,residual,30,86,0.19770114942528735,0.02,0,5.733333333333333,0.6351689100265503,0.5927189588546753,1.5991756916046143,0.11078527569770813,0.0474063865840435,0.02190237306058407,-0.00024863495491445065,0.4418604651162791,0.5581395348837209,0.04251594468951225,0.02190237306058407,-0.00024863495491445065,0.05135404235654227,0.2542372881355932,0.00844099920957767,1.0,1,0.8424359560012817,0.06752684712409973,3.143418550491333,0.4318889081478119,0.055686380714178085,0.27891271542153856,6,0.23333333333333334,0.18666666666666668,greedy,0.6,0.8275862068965517,0.1071624904870987,0.044703081250190735,0.04780542845007951,1.2564919447076732,36.43826639652252,5.0,1.9333333333333333,11.0,0.41340569803826654,0.1208791208791209,0.44463788300835655,0.7087656518245417,0.6940476190476191,0.29123434817545835
2025-09-05,0.17903032911311914,58.85708931694583,0.6651542649727767,-0.5613358337827066,-10.770837928717214,-24.79465992532222,-0.06293609053424287,-0.014730257964676585,0.30000000000000004,-0.13889487147433413,-0.30000000000000004,0.0674490759470226,-0.08147680729852884,0.30000000000000004,-0.0717954755570475,0.18141475599492637,normal,partial_correlation,60,residual,30,85,0.19540229885057472,0.02,0,5.666666666666667,0.6267460584640503,0.5874079465866089,1.6305595636367798,0.1106022447347641,0.04832356423139572,0.021611930802464485,-0.00018310025916434824,0.4470588235294118,0.5529411764705883,0.04280329868197441,0.021611930802464485,-0.00018310025916434824,0.05447052812153444,0.2543352601156069,0.00026184425736415913,1.0,1,0.8357799649238586,0.057390108704566956,3.1392879486083984,0.4243854284286499,0.05539439618587494,0.28478951404365727,5,0.26666666666666666,0.22444444444444445,greedy,0.5666666666666667,0.8620689655172413,0.10738058388233185,0.044732190668582916,0.045248554344661684,1.2558258813003014,36.41895055770874,5.0,1.9333333333333333,11.0,0.4127351991775164,0.0786516853932584,0.7572763108159188,0.8440583855799231,0.7688492063492064,0.15594161442007692
2025-09-08,0.2585603209350585,62.64742299618135,0.7166616268521319,3.7903336792355162,4.87420943185392,-24.877864042064715,-0.05570448957849181,-0.014730257964676585,0.30000000000000004,-0.09849531061946226,-0.30000000000000004,0.0674490759470226,-0.08224083580835398,0.30000000000000004,-0.039132617035905974,0.18141475599492637,normal,partial_correlation,60,residual,30,85,0.19540229885057472,0.02,0,5.666666666666667,0.6381497979164124,0.5869972705841064,1.6283783912658691,0.11261466890573502,0.04960355535149574,0.022005164995789528,-0.0005209599621593952,0.4470588235294118,0.5529411764705883,0.042296476662158966,0.022005164995789528,-0.0005209599621593952,0.05406376453902604,0.2529411764705882,0.027456628102978057,1.0,1,0.8427565097808838,0.05867158621549606,3.1470158100128174,0.4183691143989563,0.054964084178209305,0.27221116236966886,5,0.3333333333333333,0.24444444444444446,greedy,0.5,0.8620689655172413,0.1114886924624443,0.04545136168599129,0.04789152313661349,1.2506850300164059,36.26986587047577,5.0,1.9333333333333333,12.0,0.4125662585042446,0.11111111111111116,0.22613991505729625,0.4614329577855155,0.515,0.5385670422144845
2025-09-09,0.3342773996876664,66.11794791134662,0.7587666263603385,3.470524915165271,3.053440258405338,-14.290598911727542,-0.053604880924563364,-0.028840294541366992,0.30000000000000004,-0.09037145123848112,-0.30000000000000004,0.0674490759470226,-0.054895031139553845,0.30000000000000004,0.013125225589682682,0.18141475599492637,normal,partial_correlation,60,residual,30,84,0.19310344827586207,0.02,0,5.6,0.6414607763290405,0.5892833471298218,1.7762022018432617,0.11454655975103378,0.04800787195563316,0.02211933583021164,-0.0009482944151386619,0.44047619047619047,0.5595238095238095,0.043612465262413025,0.02211933583021164,-0.0009482944151386619,0.06862248496714435,0.25862068965517243,-0.06189400557690882,1.0,1,0.860199511051178,0.06055436283349991,3.1316487789154053,0.4687812030315399,0.05545051768422127,0.2766883406935291,5,0.3,0.2288888888888889,greedy,0.6,0.8620689655172413,0.11231478303670883,0.04560612142086029,0.05063469618549343,1.2497455333841259,36.24262046813965,5.0,1.9333333333333333,14.0,0.41223863784609166,0.1630434782608695,0.21833505605470302,0.4659071332443707,0.5013364413364414,0.5340928667556293
2025-09-10,0.31919158119316354,65.43878808619405,0.752190994258084,-0.679159825152567,4.979983043524655,-13.594596355139089,-0.058772531805531714,-0.028840294541366992,0.30000000000000004,-0.08598185912193125,-0.30000000000000004,0.0674490759470226,-0.01820121203332428,0.30000000000000004,-0.0378763532466313,0.18141475599492637,normal,partial_correlation,60,residual,30,84,0.19310344827586207,0.02,0,5.6,0.6333116292953491,0.5833773612976074,1.7889209985733032,0.1130913645029068,0.044010937213897705,0.02183833345770836,-0.0021001012064516544,0.40476190476190477,0.5952380952380952,0.04401768743991852,0.02183833345770836,-0.0021001012064516544,0.0881580247063369,0.27011494252873564,-0.05398528413535617,1.0,1,0.8581821918487549,0.06208153814077377,3.128391981124878,0.49401596188545227,0.05508954077959061,0.2666450070267826,5,0.26666666666666666,0.21111111111111114,greedy,0.5666666666666667,0.8620689655172413,0.11276114732027054,0.04546811059117317,0.046417585191059096,1.2509084323356892,36.276344537734985,5.0,1.9333333333333333,14.0,0.4123737119052602,0.1123595505617978,0.3364406779661017,0.5745151930638732,0.5045454545454545,0.4254848069361268
2025-09-11,0.32764804934993325,65.82029320351658,0.7552870090634441,0.3815051173225328,6.401868052788046,-4.657340921668151,-0.05231130687762715,-0.028840294541366992,0.30000000000000004,-0.05468914492621836,-0.30000000000000004,0.0674490759470226,-0.025913786984452694,0.30000000000000004,-0.05946124926235067,0.18141475599492637,normal,partial_correlation,60,residual,30,84,0.19310344827586207,0.02,0,5.6,0.643500566482544,0.5889275074005127,1.8158152103424072,0.11491081863641739,0.045727603137493134,0.022189676761627197,-0.0015967398649081588,0.42857142857142855,0.5714285714285714,0.04410439729690552,0.022189676761627197,-0.0015967398649081588,0.08405190225522112,0.27893738140417457,-0.04463446915882358,1.0,1,0.8817570805549622,0.03698861226439476,3.121913194656372,0.5124610662460327,0.05447506904602051,0.264995095803182,5,0.4,0.3133333333333333,greedy,0.5333333333333333,0.8620689655172413,0.11594320833683014,0.04623892158269882,0.0467574760817846,1.2463296446306953,36.14355969429016,5.0,1.9333333333333333,13.0,0.41240261519092253,0.09090909090909094,0.3485961123110151,0.5957730239406429,0.4366966366966366,0.4042269760593571
2025-09-12,0.35986745300922635,67.25486388948305,0.7722742373905165,1.434570685966463,8.397774572537216,-0.9666712782728979,-0.05513669264485093,-0.042950331118057225,0.30000000000000004,-0.04918416705119349,-0.30000000000000004,0.0674490759470226,-0.056653329311282224,0.30000000000000004,0.014928141192661105,0.18141475599492637,elevated,partial_correlation,60,residual,30,83,0.19080459770114944,0.02,0,5.533333333333333,0.6390452980995178,0.604295015335083,1.8167059421539307,0.11549008637666702,0.045192986726760864,0.02203604020178318,-0.0014443822437897325,0.43373493975903615,0.5662650602409639,0.043443720787763596,0.02203604020178318,-0.0014443822437897325,0.06768637897862058,0.246,-0.03399006993168784,1.0,1,0.8634812831878662,0.06416008621454239,3.1383676528930664,0.5135231018066406,0.055024273693561554,0.2669334126106217,5,0.3333333333333333,0.24222222222222226,greedy,0.5333333333333333,0.8620689655172413,0.11650299280881882,0.046488501131534576,0.04453885129614121,1.2447445885888462,36.09759306907654,5.0,1.9333333333333333,14.0,0.41141610616297103,0.1648351648351648,0.395934010998167,0.5981790875328749,0.5615584415584416,0.40182091246712515
2025-09-15,0.33647435781501783,66.21631111981824,0.7593599033816425,-1.038552769664804,3.5688881236368957,-1.3470207128681864,-0.047492637364898026,-0.028840294541366992,0.30000000000000004,-0.04547473823990039,-0.30000000000000004,0.0674490759470226,-0.021681715105457054,0.30000000000000004,-0.026569979143159346,0.13908464626277692,normal,partial_correlation,60,residual,30,84,0.19310344827586207,0.02,0,5.6,0.651099443435669,0.6216574311256409,1.8155142068862915,0.11626774072647095,0.04562941938638687,0.022451702505350113,-0.002195415087044239,0.40476190476190477,0.5952380952380952,0.04383545741438866,0.022451702505350113,-0.002195415087044239,0.08630502854147358,0.2862595419847328,-0.06211568386530949,1.0,1,0.8843821883201599,0.06633653491735458,3.12862491607666,0.4995529353618622,0.05611218139529228,0.27179991037530926,6,0.26666666666666666,0.20222222222222225,greedy,0.5333333333333333,0.8275862068965517,0.11688019335269928,0.04672900587320328,0.050901950287951636,1.242911433351451,36.04443156719208,5.0,1.9333333333333333,14.0,0.41231296856341687,0.1235955056179775,0.19798196506989374,0.49282089554166564,0.48861138861138864,0.5071791044583344
2025-09-16,0.4073514894132955,69.31107741022691,0.7953516450347118,3.0947662904086712,3.193129498880296,4.77804070825394,-0.05616113176734116,-0.042950331118057225,0.30000000000000004,-0.05898209421182631,-0.30000000000000004,0.0674490759470226,-0.020158521301306194,0.30000000000000004,-0.005590373862272267,0.22374486572707597,elevated,partial_correlation,60,residual,30,83,0.19080459770114944,0.02,0,5.533333333333333,0.6374297738075256,0.6407926678657532,1.803663730621338,0.11519815027713776,0.04453127831220627,0.02198033407330513,-0.0006130525725893676,0.4578313253012048,0.5421686746987951,0.043596263974905014,0.02198033407330513,-0.0006130525725893676,0.08711596656363299,0.2759295499021526,-0.02325727723309979,1.0,1,0.8647885918617249,0.048056766390800476,3.1297361850738525,0.5032656788825989,0.05331921577453613,0.2818927766670298,4,0.4,0.3088888888888889,greedy,0.5,0.896551724137931,0.11550667136907578,0.04622647911310196,0.04925215993997789,1.2462179455263862,36.1403204202652,5.0,1.9333333333333333,15.0,0.41146695389201815,0.1444444444444445,0.3361896936260124,0.5626944413642698,0.5340400340400341,0.4373055586357302
2025-09-17,0.27837051219661196,63.56981414004477,0.727821363910682,-5.741263270182145,-1.868973946149282,-3.5492781752558784,-0.05915306125387973,-0.028840294541366992,0.30000000000000004,-0.087497737461095,-0.30000000000000004,0.035972840505078714,-0.015605507452629811,0.30000000000000004,-0.005590373862272267,0.13908464626277692,normal,partial_correlation,60,residual,30,84,0.19310344827586207,0.02,0,5.6,0.6327115893363953,0.5988627672195435,1.5982050895690918,0.11298421770334244,0.04272960498929024,0.021817641332745552,-0.0002921126433648169,0.47619047619047616,0.5238095238095238,0.04315595701336861,0.021817641332745552,-0.0002921126433648169,0.08953996017183201,0.2826923076923077,0.03399631776233966,0.9666666666666667,2,0.8619195222854614,2.3638742374705573e-17,3.123661756515503,0.48794153332710266,0.056876301765441895,0.2820047357199652,6,0.3333333333333333,0.2355555555555556,greedy,0.5333333333333333,0.8275862068965517,0.11260700225830078,0.045644521713256836,0.04731336918051776,1.2520520604889969,36.30950975418091,5.0,1.9333333333333333,12.0,0.4009753573186325,0.1444444444444445,0.7241286976619643,0.8178827241864765,0.8583333333333334,0.18211727581352355
2025-09-18,0.4416708690477778,70.75142324050432,0.8099547511312217,7.1816091004595535,4.931130036987739,5.413611018830167,-0.05203192995974738,-0.014730257964676585,0.30000000000000004,-0.07768647520172721,-0.30000000000000004,0.0674490759470226,-0.015198658773596219,0.30000000000000004,0.05245435900557613,0.18141475599492637,elevated,partial_correlation,60,residual,30,85,0.19540229885057472,0.02,0,5.666666666666667,0.6439412236213684,0.6223042011260986,1.545805811882019,0.11363666504621506,0.039932746440172195,0.022204868495464325,-0.0008908570744097233,0.4588235294117647,0.5411764705882353,0.04192003235220909,0.022204868495464325,-0.0008908570744097233,0.08975656364159047,0.25748502994011974,0.08618675518459325,1.0,1,0.8579314947128296,0.052149366587400436,3.1625609397888184,0.5053832530975342,0.05374057590961456,0.2655507703217508,5,0.3,0.22666666666666668,greedy,0.5333333333333333,0.8620689655172413,0.11360467970371246,0.04615258798003197,0.04691713276997933,1.2481380125571941,36.19600236415863,5.0,1.9333333333333333,12.0,0.41244077706759463,0.2021276595744681,0.2655367231638418,0.5414079737355851,0.35555555555555557,0.45859202626441486
2025-09-19,0.4127419261738345,69.5399168236548,0.7970446320868516,-1.2115064168495167,2.285052934171759,3.134430559436595,-0.0431106741206889,-0.0006202213879863503,0.30000000000000004,-0.0655302138488829,-0.30000000000000004,0.0674490759470226,-0.018110646017434534,0.30000000000000004,-0.0087501503931219,0.18141475599492637,elevated,partial_correlation,60,residual,30,86,0.19770114942528735,0.02,0,5.733333333333333,0.6580094695091248,0.708229124546051,1.6750277280807495,0.1147691160440445,0.04054946079850197,0.022689981386065483,-0.0008928112802095711,0.46511627906976744,0.5348837209302325,0.04214547574520111,0.022689981386065483,-0.0008928112802095711,0.08820624143726132,0.29766536964980544,0.20748819414711833,1.0,1,0.8884416222572327,0.03926006704568863,3.1552867889404297,0.5408820509910583,0.05426493287086487,0.25850080711495654,5,0.26666666666666666,0.22444444444444445,greedy,0.5333333333333333,0.8620689655172413,0.11484081298112869,0.04646845906972885,0.07227642389107347,1.2465782124420692,36.15076816082001,5.0,1.9333333333333333,12.0,0.41328220839016283,0.14130434782608692,0.5021645021645021,0.6730313327867925,0.5953535353535353,0.3269686672132075
2025-09-22,0.3942640102540335,68.75151806891371,0.7889659330720531,-0.7883987547410953,2.5352069490954676,5.331023781041502,-0.038023931562431675,-0.0006202213879863503,0.30000000000000004,-0.06873393468507288,-0.30000000000000004,0.0674490759470226,-0.005432628242430578,0.30000000000000004,0.0005410039221553373,0.13908464626277692,elevated,partial_correlation,60,residual,30,86,0.19770114942528735,0.02,0,5.733333333333333,0.6660309433937073,0.6945450305938721,1.7479394674301147,0.11616820096969604,0.041135795414447784,0.02296658419072628,-0.001472555915825069,0.4418604651162791,0.5581395348837209,0.04241819307208061,0.02296658419072628,-0.001472555915825069,0.09495593187806178,0.28517110266159695,0.12795338795319827,1.0,1,0.893387496471405,0.03963986039161682,3.1549558639526367,0.5448280572891235,0.054432712495326996,0.2621668121624478,6,0.26666666666666666,0.1888888888888889,greedy,0.5333333333333333,0.8275862068965517,0.1145150363445282,0.04626449942588806,0.07035577866837373,1.2471413201299206,36.1670982837677,5.0,1.9333333333333333,12.0,0.4133731141657893,0.15053763440860213,0.6882837692583303,0.8460940153338885,0.8142857142857143,0.1539059846661115
2025-09-23,0.35195553398424667,66.90543351607229,0.7652200120554551,-1.8460845528414183,-2.405643894154622,4.521937113536225,-0.03254562971674389,-0.014730257964676585,0.30000000000000004,-0.06698029593165102,-0.30000000000000004,0.0674490759470226,0.011113701799845298,0.30000000000000004,-0.09376581614447614,0.18141475599492637,normal,partial_correlation,60,residual,30,85,0.19540229885057472,0.02,0,5.666666666666667,0.6746699213981628,0.7051964998245239,1.765160322189331,0.11905940622091293,0.04253709316253662,0.023264478892087936,-0.001375108608044684,0.4470588235294118,0.5529411764705883,0.0414794497191906,0.023264478892087936,-0.001375108608044684,0.10376508546174527,0.28484848484848485,0.14486305629353463,1.0,1,0.8890354037284851,0.04393412917852402,3.1683413982391357,0.4986308813095093,0.0539521649479866,0.2777304917327463,5,0.26666666666666666,0.21555555555555556,greedy,0.5333333333333333,0.8620689655172413,0.11469335854053497,0.04654355347156525,0.07172404879801708,1.244598622979789,36.09336006641388,5.0,1.9333333333333333,12.0,0.4122939161899218,0.05681818181818177,0.4267935578330893,0.6995779603708123,0.5166666666666667,0.3004220396291877
2025-09-24,0.26732329229918783,63.05662004609645,0.7188912322988852,-3.8488134699758447,-0.5131940939483215,-9.31426820456766,-0.03253586728153108,-0.028840294541366992,0.30000000000000004,-0.06753809871554843,-0.30000000000000004,0.0674490759470226,0.005541577401895436,0.30000000000000004,-0.1158377467740607,0.13908464626277692,normal,partial_correlation,60,residual,30,84,0.19310344827586207,0.02,0,5.6,0.6746852993965149,0.6855395436286926,1.775146722793579,0.120479516685009,0.041838523000478745,0.023265009745955467,-0.001232034177519381,0.4523809523809524,0.5476190476190477,0.04115847498178482,0.023265009745955467,-0.001232034177519381,0.1007985243280367,0.2721518987341772,0.14531594918667867,1.0,1,0.8837876319885254,0.04521859437227249,3.173219680786133,0.49079984426498413,0.053135573863983154,0.2818891624939529,6,0.26666666666666666,0.18222222222222223,greedy,0.5666666666666667,0.8275862068965517,0.11463663727045059,0.04649903252720833,0.07048138107107604,1.245281408573019,36.113160848617554,5.0,1.9333333333333333,12.0,0.4114206410858823,0.03488372093023251,0.8787783082839468,0.9468320198133341,0.925,0.05316798018666591
2025-09-25,0.3108948674321714,65.06254863123868,0.7433734939759036,2.005928585142236,-5.688874609265639,-6.013951505734525,-0.026349429214248335,-0.05706036769474763,0.30000000000000004,-0.03807566345609685,-0.30000000000000004,0.0674490759470226,-0.035748104877915306,0.30000000000000004,-0.08073539926676954,0.18141475599492637,normal,partial_correlation,60,residual,30,82,0.18850574712643678,0.02,0,5.466666666666667,0.6844409704208374,0.6821521520614624,1.839139461517334,0.12520261108875275,0.04356184974312782,0.023601410910487175,-0.001823444734327495,0.43902439024390244,0.5609756097560976,0.04140881448984146,0.023601410910487175,-0.001823444734327495,0.07881617829148209,0.22466960352422907,0.06731270870783185,1.0,1,0.8904727101325989,0.08457263559103012,3.1718530654907227,0.4856666326522827,0.05355098843574524,0.2789382612482731,5,0.3,0.22666666666666668,greedy,0.5,0.8620689655172413,0.11763258278369904,0.047463253140449524,0.07596155805566018,1.239033111210527,35.931960225105286,5.0,1.9333333333333333,12.0,0.40997152053875946,0.06976744186046513,0.8427672955974843,0.9373292569060664,0.8333333333333334,0.06267074309393361
2025-09-26,0.3955430243736882,68.80644787250122,0.7895212285456188,3.7438992412625396,-0.7334689511535828,-0.8214793731618215,-0.011426947543681492,-0.028840294541366992,0.30000000000000004,-0.02418957602614312,-0.30000000000000004,0.0674490759470226,-0.008128590190299673,0.30000000000000004,-0.08073539926676954,0.18141475599492637,elevated,partial_correlation,60,residual,30,84,0.19310344827586207,0.02,0,5.6,0.7079727649688721,0.7073057889938354,1.8720364570617676,0.12642371654510498,0.04441233351826668,0.02441285364329815,-0.0019444015342742205,0.44047619047619047,0.5595238095238095,0.04097949340939522,0.02441285364329815,-0.0019444015342742205,0.09352062007212861,0.25477707006369427,0.05618492906159902,1.0,1,0.9120268821716309,0.09772781282663345,3.1799325942993164,0.4939711093902588,0.052870795130729675,0.27151366315740455,5,0.3,0.2333333333333333,greedy,0.5,0.8620689655172413,0.11904461681842804,0.048026882112026215,0.07951556789810665,1.2345289361887966,35.8013391494751,5.0,1.9333333333333333,12.0,0.4113609805617524,0.06976744186046513,0.950354609929078,0.9496827342981073,0.9,0.050317265701892655
2025-09-29,0.5283662315235945,74.20656197355913,0.8440698374473209,5.400114101057909,5.4550439046454215,16.433348409231705,-0.007024055008542432,-0.028840294541366992,0.30000000000000004,-0.008000399813022783,-0.30000000000000004,0.0674490759470226,0.01891339245905939,0.30000000000000004,-0.0378763532466313,0.22374486572707597,elevated,partial_correlation,60,residual,30,84,0.19310344827586207,0.02,0,5.6,0.714915931224823,0.7079213857650757,1.9710636138916016,0.12766356766223907,0.043520256876945496,0.0246522706001997,-0.002557703061029315,0.4166666666666667,0.5833333333333334,0.04160323739051819,0.0246522706001997,-0.002557703061029315,0.10791758772337597,0.2670807453416149,-0.029929530376097663,1.0,1,0.9245687127113342,0.10583501309156418,3.1755728721618652,0.5019051432609558,0.05231740325689316,0.2689362388800096,4,0.26666666666666666,0.2511111111111111,greedy,0.4666666666666667,0.896551724137931,0.12069084495306015,0.048548441380262375,0.08970010083722091,1.2320529715768223,35.729536175727844,6.0,1.9333333333333333,13.0,0.41156889522212675,0.1123595505617978,0.6202057998129092,0.7489784461452677,0.6409090909090909,0.25102155385473235
2025-09-30,0.48626808808292626,72.56247227709974,0.8251579897682817,-1.644089696459389,5.657038761027451,9.497964624158463,-0.01284462440737571,-0.028840294541366992,0.30000000000000004,-0.013600042235111288,-0.30000000000000004,0.0674490759470226,0.030565570571462447,0.30000000000000004,-0.0378763532466313,0.18141475599492637,elevated,partial_correlation,60,residual,30,84,0.19310344827586207,0.02,0,5.6,0.7057371735572815,0.7033281922340393,1.958555817604065,0.1260244995355606,0.04238266497850418,0.024335764348506927,-0.0016363072209060192,0.44047619047619047,0.5595238095238095,0.041783515363931656,0.024335764348506927,-0.0016363072209060192,0.11412112810449575,0.2654320987654321,-0.014860914711138096,1.0,1,0.9152771830558777,0.08371160924434662,3.1724464893341064,0.4946873188018799,0.05252388119697571,0.26880026947695257,5,0.3,0.23111111111111113,greedy,0.4666666666666667,0.8620689655172413,0.12012143433094025,0.048402655869722366,0.08855329491309272,1.2326700070808674,35.747430205345154,6.0,1.9333333333333333,13.0,0.41162898787993124,0.1123595505617978,0.5983630929093442,0.687377654226605,0.7063492063492063,0.312622345773395
2025-10-01,0.46680883598082307,71.78086559834689,0.8182912154031288,-0.7816066787528513,8.724245552250444,11.322060555677496,-0.01539265425207956,-0.05706036769474763,0.30000000000000004,-0.02725642892586649,-0.30000000000000004,0.0674490759470226,0.03291805995125493,0.30000000000000004,-0.015263605039687279,0.18141475599492637,elevated,partial_correlation,60,residual,30,82,0.18850574712643678,0.02,0,5.466666666666667,0.7017190456390381,0.6794439554214478,1.9954930543899536,0.128363236784935,0.04232337325811386,0.024197209626436234,-0.0015836753882467747,0.43902439024390244,0.5609756097560976,0.04170205816626549,0.024197209626436234,-0.0015836753882467747,0.11537357745112596,0.23893805309734514,-0.042374694501750056,1.0,1,0.905332624912262,0.11558044701814651,3.176290512084961,0.49416446685791016,0.052700161933898926,0.2621387858720643,5,0.26666666666666666,0.21111111111111114,greedy,0.5333333333333333,0.8620689655172413,0.1187327578663826,0.04809430241584778,0.09873126304172264,1.2348148863891075,35.80963170528412,6.0,1.9333333333333333,13.0,0.4100692684309008,0.1348314606741573,0.3762125685364825,0.570460872047596,0.48,0.429539127952404
2025-10-02,0.4165932965769365,69.70282962922226,0.7981954887218045,-2.0780359691246275,4.640280997983581,10.284404478493727,-0.022272293727789588,-0.07117040427143786,0.30000000000000004,-0.02873237523859859,-0.30000000000000004,0.0674490759470226,0.03452161873043795,0.30000000000000004,-0.0022869711254750688,0.13908464626277692,elevated,partial_correlation,60,residual,30,81,0.18620689655172415,0.02,0,5.4,0.6908702254295349,0.6568166017532349,2.170664072036743,0.12793894112110138,0.04302326589822769,0.02382311411201954,-0.002029005903750658,0.41975308641975306,0.5802469135802469,0.043378572911024094,0.02382311411201954,-0.002029005903750658,0.11622730123943402,0.2564102564102564,-0.08005732681804598,1.0,1,0.9151026010513306,0.08637920022010803,3.1566295623779297,0.5224003791809082,0.053236525505781174,0.25348660840413345,6,0.3,0.19111111111111112,greedy,0.5,0.8275862068965517,0.11858267337083817,0.048092424869537354,0.09901302461299055,1.2347591334375843,35.80801486968994,5.0,1.9333333333333333,13.0,0.4098618231542494,0.1477272727272727,0.2873446847676024,0.5456476347977534,0.48,0.45435236520224664
2025-10-03,0.528002469563995,74.19263440543607,0.843956704750451,4.489804776213802,5.386186532934843,15.335545088490235,-0.00871545685394058,-0.05706036769474763,0.30000000000000004,0.01895335167946919,-0.30000000000000004,0.0674490759470226,0.007305593220536035,0.30000000000000004,0.018655517270728807,0.18141475599492637,elevated,partial_correlation,60,residual,30,82,0.18850574712643678,0.02,0,5.466666666666667,0.7122486233711243,0.6271890997886658,2.086029529571533,0.13028937578201294,0.042290616780519485,0.024560296908020973,-0.002324890810996294,0.4146341463414634,0.5853658536585366,0.04282502084970474,0.024560296908020973,-0.002324890810996294,0.10173767435289108,0.24375,-0.07496414905384903,1.0,1,0.925346314907074,0.09400016814470291,3.165940284729004,0.5021390914916992,0.052781641483306885,0.26705893818374354,5,0.26666666666666666,0.22444444444444445,greedy,0.5,0.8620689655172413,0.12343169003725052,0.04913951829075813,0.10125335637613042,1.228928907164212,35.638938307762146,5.0,1.9333333333333333,13.0,0.41044358932538055,0.1685393258426966,0.3251965836349696,0.5556948473956588,0.5284090909090909,0.4443051526043412
2025-10-06,0.3800740360791041,68.13858809938715,0.7808836789900812,-6.054046306048917,-6.067973874171983,5.491165103205802,-0.018479776045482753,-0.08528044084812827,0.30000000000000004,-0.01883231001402869,-0.30000000000000004,0.0674490759470226,-0.012264999698157177,0.30000000000000004,-0.0339322692570481,0.18141475599492637,elevated,partial_correlation,60,residual,30,80,0.1839080459770115,0.02,0,5.333333333333333,0.6968509554862976,0.6217280626296997,1.90116548538208,0.1306595504283905,0.0429261177778244,0.024029340595006943,-0.0017853877507150173,0.4375,0.5625,0.04168044403195381,0.024029340595006943,-0.0017853877507150173,0.09131842378167473,0.2073732718894009,-0.044125010145739496,1.0,1,0.8908499479293823,0.11320684850215912,3.17672061920166,0.4896930754184723,0.05171914026141167,0.2831193906562815,5,0.26666666666666666,0.20888888888888893,greedy,0.5333333333333333,0.8620689655172413,0.11958938091993332,0.048259932547807693,0.0943856494570432,1.2339549187956185,35.78469264507294,5.0,1.9333333333333333,13.0,0.4085294966696551,0.11627906976744184,0.6037774760685376,0.716511566356818,0.6180952380952381,0.283488433643182
2025-10-07,0.38206907332174117,68.22514951908455,0.7821514423076923,0.08656141969740361,-4.3373227580151905,2.1072016077379345,-0.01581788537745468,-0.05706036769474763,0.30000000000000004,-0.017000126063662382,-0.30000000000000004,0.0674490759470226,-0.04298411022729514,0.30000000000000004,-0.0339322692570481,0.18141475599492637,elevated,partial_correlation,60,residual,30,82,0.18850574712643678,0.02,0,5.466666666666667,0.7010485529899597,0.6311025619506836,1.9777889251708984,0.12824061512947083,0.04255254566669464,0.02417408674955368,-0.0029132289346307516,0.4024390243902439,0.5975609756097561,0.04196646064519882,0.02417408674955368,-0.0029132289346307516,0.07496377825520947,0.1891304347826087,-0.0794729153343307,1.0,1,0.893730878829956,0.12381389737129211,3.176504135131836,0.49837401509284973,0.052188239991664886,0.2628081325362637,5,0.3,0.21555555555555556,greedy,0.4666666666666667,0.8620689655172413,0.11977569013834,0.04828180372714996,0.07766912460877251,1.2345000628767342,35.80050182342529,5.0,1.9333333333333333,13.0,0.41015740259054523,0.11627906976744184,0.6570542581334642,0.7464389133378885,0.6682539682539682,0.2535610866621115
2025-10-08,0.3508105363377609,66.85470868049907,0.7623911084409732,-1.3704408385854805,-4.92615691784782,1.415920594305021,-0.010314817775069119,-0.042950331118057225,0.30000000000000004,-0.020564041105243108,-0.30000000000000004,0.0674490759470226,-0.03560665520530462,0.30000000000000004,-0.003957230936215212,0.09675453653062746,normal,partial_correlation,60,residual,30,83,0.19080459770114944,0.02,0,5.533333333333333,0.7097264528274536,0.626972496509552,1.9919137954711914,0.12826383113861084,0.043661490082740784,0.02447332814335823,-0.0026310684625059366,0.42168674698795183,0.5783132530120482,0.041911885142326355,0.02447332814335823,-0.0026310684625059366,0.07889148513518734,0.2046908315565032,-0.052668513842544125,1.0,1,0.9087649583816528,0.0678938627243042,3.175445556640625,0.5247317552566528,0.05197548121213913,0.24578758726403113,7,0.16666666666666666,0.14666666666666667,greedy,0.5666666666666667,0.7931034482758621,0.11941328644752502,0.048207543790340424,0.07832022304967112,1.2344299472611526,35.798468470573425,5.0,1.9333333333333333,13.0,0.4109054942811586,0.1460674157303371,0.3583681881554222,0.6374146798101253,0.5432539682539683,0.36258532018987466
2025-10-09,0.3535506010539111,66.97603153391853,0.7651651651651652,0.12132285341945703,-2.726798095303735,1.1557383304019453,-0.008681442474409608,-0.028840294541366992,0.30000000000000004,-0.042765295294183533,-0.30000000000000004,0.0674490759470226,-0.02466969521095278,0.30000000000000004,-0.048026393634975545,0.13908464626277692,normal,partial_correlation,60,residual,30,84,0.19310344827586207,0.02,0,5.6,0.7123022675514221,0.6307204961776733,2.0495309829711914,0.12719681859016418,0.04444672539830208,0.02456214651465416,-0.002958672121167183,0.40476190476190477,0.5952380952380952,0.04260444641113281,0.02456214651465416,-0.002958672121167183,0.08471424825442195,0.20773930753564154,-0.0868065834507791,1.0,1,0.9164190292358398,0.06865241378545761,3.1678576469421387,0.4966753125190735,0.05317988991737366,0.2684802165958685,6,0.2,0.1688888888888889,greedy,0.4666666666666667,0.8275862068965517,0.11715570837259293,0.04768773913383484,0.07799650728347651,1.2363902001545346,35.855315804481506,5.0,1.9333333333333333,13.0,0.4119026315623316,0.10227272727272729,0.40632500352957784,0.6563098487008084,0.48758503401360537,0.34369015129919156
2025-10-10,0.49463640846872575,72.89442661536074,0.8276793755628941,5.918395081442213,-1.298207790075324,5.6395627258776955,0.009991595534128277,-0.05706036769474763,0.30000000000000004,0.06978550247103055,-0.30000000000000004,0.0674490759470226,-0.01853438549851374,0.30000000000000004,-0.0584097682851208,0.18141475599492637,elevated,partial_correlation,60,residual,30,82,0.18850574712643678,0.02,0,5.466666666666667,0.7417485117912292,0.6205928921699524,2.0557689666748047,0.13568569719791412,0.04539146274328232,0.02557753399014473,-0.003097257576882839,0.4024390243902439,0.5975609756097561,0.042285289615392685,0.02557753399014473,-0.003097257576882839,0.08798064541936733,0.22340425531914893,-0.0830658464591661,1.0,1,0.9486655592918396,0.07252919673919678,3.1692018508911133,0.49422693252563477,0.05207666754722595,0.27368320303959226,5,0.36666666666666664,0.23555555555555557,greedy,0.4666666666666667,0.8620689655172413,0.12860065698623657,0.05053497850894928,0.10918021422100499,1.2201286431016594,35.38373064994812,5.0,1.9333333333333333,13.0,0.41026367891394316,0.09195402298850575,0.7628049002144752,0.9238463065693886,0.8333333333333334,0.0761536934306114
2025-10-13,0.6192830585500283,77.53143275812062,0.8868547418967587,4.637006142759873,9.392844658733466,11.315121638302372,0.016562605040478722,-0.07117040427143786,0.30000000000000004,0.08888195001769422,-0.30000000000000004,0.0674490759470226,-0.02301459483105389,0.30000000000000004,0.05915967065239794,0.18141475599492637,elevated,partial_correlation,60,residual,30,81,0.18620689655172415,0.02,0,5.4,0.7521105408668518,0.7101819515228271,2.0143649578094482,0.13927973806858063,0.0450223833322525,0.025934847071766853,-0.0029993541538715363,0.4074074074074074,0.5925925925925926,0.041401106864213943,0.025934847071766853,-0.0029993541538715363,0.0855954124404191,0.21476510067114093,-0.09237092340860781,1.0,1,0.943556010723114,0.06939330697059631,3.174861192703247,0.46369844675064087,0.052556708455085754,0.29143180652210954,5,0.3,0.2222222222222222,greedy,0.5,0.8620689655172413,0.13054251670837402,0.05106571316719055,0.11372092974927195,1.2157238023034458,35.25599026679993,5.0,1.9333333333333333,13.0,0.40920266780531267,0.20879120879120883,0.2452119823211655,0.5002912614372181,0.5201098901098902,0.49970873856278186
2025-10-14,0.483805422529803,72.46430324941217,0.8238823882388239,-5.067129508708447,4.239153730327615,3.1532258391852537,0.0060646302791537016,-0.11350051400150891,0.30000000000000004,0.0985175113607628,-0.30000000000000004,0.0674490759470226,-0.057310115300796695,0.30000000000000004,0.001170078250243061,0.18141475599492637,elevated,partial_correlation,60,residual,30,78,0.1793103448275862,0.02,0,5.2,0.73555588722229,0.6581937074661255,1.905113935470581,0.14145305752754211,0.043314944952726364,0.025363996624946594,-0.0023535937070846558,0.4230769230769231,0.5769230769230769,0.04120557755231857,0.025363996624946594,-0.0023535937070846558,0.06733671058457416,0.16995073891625614,-0.051215188648628215,1.0,1,0.9219754338264465,0.06957665830850601,3.174783706665039,0.4590131938457489,0.05287998914718628,0.28642730747801987,5,0.3333333333333333,0.22666666666666668,greedy,0.5,0.8620689655172413,0.13152232766151428,0.05137387663125992,0.12824931795464178,1.2148955608236378,35.2319712638855,5.0,1.9333333333333333,13.0,0.40683864079330156,0.15116279069767447,0.7971014492753623,0.8346501096258339,0.8014285714285714,0.16534989037416614
2025-10-15,0.4303792195890555,70.2819089665265,0.8032393521295741,-2.1823942828856673,3.4272002860274284,6.7120948264817315,0.006504659201061931,-0.11350051400150891,0.30000000000000004,0.0978177850260432,-0.30000000000000004,0.035972840505078714,-0.025062631899975787,0.30000000000000004,-0.05276767523657016,0.18141475599492637,elevated,partial_correlation,60,residual,30,78,0.1793103448275862,0.02,0,5.2,0.7362497448921204,0.6520943641662598,1.877388834953308,0.1415865123271942,0.043360158801078796,0.025387924164533615,-0.0022787372581660748,0.4230769230769231,0.5769230769230769,0.04158314689993858,0.025387924164533615,-0.0022787372581660748,0.08450505143353032,0.17349397590361446,-0.09820677292898562,0.9666666666666667,2,0.9248343110084534,1.226302007903662e-16,3.16239070892334,0.46699464321136475,0.053280215710401535,0.31155291630819926,5,0.3,0.26222222222222225,greedy,0.5333333333333333,0.8620689655172413,0.13145117461681366,0.05147454887628555,0.12339131204484954,1.2139268373620922,35.20387828350067,4.0,1.9333333333333333,13.0,0.39585338613139714,0.09756097560975607,0.5833333333333334,0.6965231025521665,0.6100000000000001,0.30347689744783346
2025-10-16,0.43202589062007074,70.35064918611822,0.8035982008995503,0.06874021959171728,3.3746176521996887,-0.4007740543861047,0.00030160786683807974,-0.11350051400150891,0.30000000000000004,0.08847251852466667,-0.30000000000000004,0.035972840505078714,-0.03093224750773667,0.30000000000000004,-0.02970307076219368,0.18141475599492637,elevated,partial_correlation,60,residual,30,78,0.1793103448275862,0.02,0,5.2,0.726468026638031,0.6731926202774048,1.866641640663147,0.1397053748369217,0.03895656391978264,0.02505061961710453,-0.0025481816846877337,0.4358974358974359,0.5641025641025641,0.04247438162565231,0.02505061961710453,-0.0025481816846877337,0.08138010800294229,0.15566037735849056,-0.10542693946530288,0.9666666666666667,2,0.9299371838569641,2.1580991216296752e-08,3.1511473655700684,0.4719126522541046,0.05499161779880524,0.2953066938366646,5,0.3,0.26222222222222225,greedy,0.5333333333333333,0.8620689655172413,0.1305008828639984,0.05099811777472496,0.11955976381478006,1.2195700365921547,35.367531061172485,4.0,1.9333333333333333,13.0,0.39615046437330176,0.12048192771084343,1.0,1.0,1.0,0.0
2025-10-17,0.47805940467097446,72.23440535540668,0.8216426858513189,1.8837561692884606,-0.660021259954064,2.6944885317518725,0.007893528317338682,-0.0993904774248185,0.30000000000000004,0.10316120305100979,-0.30000000000000004,0.0674490759470226,-0.040641908100395106,0.30000000000000004,-0.04182677311410952,0.18141475599492637,elevated,partial_correlation,60,residual,30,79,0.18160919540229886,0.02,0,5.266666666666667,0.7384399771690369,0.6505285501480103,1.8843382596969604,0.1402100920677185,0.03721943497657776,0.025463446974754333,-0.003481929888948798,0.4177215189873418,0.5822784810126582,0.0418071486055851,0.025463446974754333,-0.003481929888948798,0.07621075073836288,0.15602836879432624,-0.13476624584099667,1.0,1,0.9290057420730591,0.09328432381153107,3.1722755432128906,0.4785248935222626,0.053569745272397995,0.29566810226421664,5,0.26666666666666666,0.22666666666666668,greedy,0.5,0.8620689655172413,0.13199453055858612,0.05137346684932709,0.12001899574200581,1.219013238775319,35.35138392448425,4.0,1.9333333333333333,12.0,0.407805448002628,0.10843373493975905,0.6236559139784946,0.7467412643480561,0.5304761904761904,0.2532587356519439
2025-10-20,0.4633420905842847,71.64020938029242,0.8151033862750974,-0.5941959751142605,-5.891223377828197,2.8886913113787074,0.004718613115337422,-0.11350051400150891,0.30000000000000004,0.09210948353019666,-0.30000000000000004,0.0674490759470226,-0.027022550887579922,0.30000000000000004,-0.04182677311410952,0.18141475599492637,elevated,partial_correlation,60,residual,30,78,0.1793103448275862,0.02,0,5.2,0.7334333658218384,0.6471741199493408,1.9793925285339355,0.14104489982128143,0.037561848759651184,0.025290803983807564,-0.003961833659559488,0.3974358974358974,0.6025641025641025,0.041990727186203,0.025290803983807564,-0.003961833659559488,0.08346160389384813,0.19331742243436753,-0.1310153270433427,1.0,1,0.9249371886253357,0.09513679891824722,3.1680521965026855,0.43892306089401245,0.05365830659866333,0.28440761759876526,5,0.23333333333333334,0.20444444444444448,greedy,0.4666666666666667,0.8620689655172413,0.13087071478366852,0.05125850439071655,0.1097793381418255,1.2191048243950153,35.354039907455444,4.0,1.9333333333333333,12.0,0.4071003573379297,0.10843373493975905,0.36936936936936937,0.5730466947277326,0.5368253968253968,0.4269533052722674
2025-10-21,0.6937943603093882,80.02070171045526,0.9092270820850809,8.380492330162838,7.556398461043088,13.115268194382963,-0.00048075711653293,-0.0993904774248185,0.30000000000000004,0.074632737591419,-0.30000000000000004,0.0674490759470226,0.0023319507432188144,0.30000000000000004,0.12550696484200308,0.22374486572707597,elevated,partial_correlation,60,residual,30,79,0.18160919540229886,0.02,0,5.266666666666667,0.7252342700958252,0.6122080087661743,1.870356798171997,0.13770270347595215,0.03733088821172714,0.025008076801896095,-0.00466662785038352,0.3924050632911392,0.6075949367088608,0.043419916182756424,0.025008076801896095,-0.00466662785038352,0.0990897409234795,0.24269662921348314,-0.07252483322284742,1.0,1,0.9529016017913818,0.09133166819810867,3.1484665870666504,0.4599642753601074,0.0554095134139061,0.30220091298331164,4,0.36666666666666664,0.2822222222222222,greedy,0.4666666666666667,0.896551724137931,0.12909355759620667,0.05048186704516411,0.09936158054159994,1.2284896209322174,35.6261990070343,4.0,1.9333333333333333,10.0,0.40834303719501847,0.27472527472527475,0.16303661859097696,0.3832692379704028,0.3282539682539682,0.6167307620295972
2025-10-22,0.5285551641587408,74.21379381331714,0.8445642407906558,-5.806907897138117,3.9318848467906378,11.15717376722069,-0.004528810822305076,-0.08528044084812827,0.30000000000000004,0.03679564051708623,-0.30000000000000004,0.0674490759470226,-0.03217943332359209,0.30000000000000004,0.02255426696158128,0.22374486572707597,elevated,partial_correlation,60,residual,30,80,0.1839080459770115,0.02,0,5.333333333333333,0.7188507318496704,0.6506253480911255,2.0576765537261963,0.1347845196723938,0.037609804421663284,0.02478795498609543,-0.0043820892460644245,0.4,0.6,0.04331635683774948,0.02478795498609543,-0.0043820892460644245,0.08071611475663383,0.19736842105263158,-0.08546441327243864,1.0,1,0.9331915378570557,0.09359701722860336,3.1522445678710938,0.47162508964538574,0.05484556406736374,0.3019082880462006,4,0.3333333333333333,0.2644444444444445,greedy,0.4666666666666667,0.896551724137931,0.12524601817131042,0.04952309653162956,0.09817309914048877,1.23178205407899,35.72167956829071,4.0,1.9333333333333333,15.0,0.40907480093825366,0.1724137931034483,0.3597871617796898,0.5489411889380751,0.4828088578088578,0.4510588110619249
2025-10-23,0.3906849731149247,68.5975293584565,0.7844311377245509,-5.616264454860641,-1.7531198276617204,3.534980727217814,-0.009008603943594219,-0.08528044084812827,0.30000000000000004,0.020864593715192822,-0.30000000000000004,0.035972840505078714,-0.00041735832421395695,0.30000000000000004,-0.010530704252187325,0.13908464626277692,elevated,partial_correlation,60,residual,30,80,0.1839080459770115,0.02,0,5.333333333333333,0.7117862701416016,0.6713606119155884,1.9354474544525146,0.1334599405527115,0.03832972049713135,0.024544356390833855,-0.0055466447956860065,0.3625,0.6375,0.04284528270363808,0.024544356390833855,-0.0055466447956860065,0.09762602747390191,0.21333333333333335,-0.08754235149814257,0.9666666666666667,2,0.9176893830299377,-1.1103502119161427e-16,3.148261547088623,0.4431286156177521,0.05480993911623955,0.28921322759073137,6,0.26666666666666666,0.19777777777777783,greedy,0.5333333333333333,0.8275862068965517,0.12362603843212128,0.04906841367483139,0.08881996872493958,1.2347135050543423,35.80669164657593,4.0,1.9333333333333333,14.0,0.39780666511577206,0.13953488372093026,0.6213611012605178,0.7956520882135502,0.7767857142857143,0.20434791178644984
2025-10-24,0.32635056026475395,65.76188956028315,0.7485782699790482,-2.8356397981733465,-6.4725157951235275,-3.044558312218072,-0.029226127711117017,-0.11350051400150891,0.30000000000000004,-0.055354947355914376,-0.30000000000000004,0.035972840505078714,0.015923381908662684,0.30000000000000004,-0.0088788290753736,0.18141475599492637,normal,partial_correlation,60,residual,30,78,0.1793103448275862,0.02,0,5.2,0.6799044013023376,0.6807928085327148,1.9675004482269287,0.1307508796453476,0.03605315461754799,0.02344498410820961,-0.004744900390505791,0.38461538461538464,0.6153846153846154,0.04335540533065796,0.02344498410820961,-0.004744900390505791,0.10632572644126802,0.22916666666666666,-0.07448933415716766,0.9666666666666667,2,0.8895153999328613,5.138320324782342e-10,3.140674591064453,0.41515058279037476,0.055688634514808655,0.3075898181186511,5,0.3333333333333333,0.26666666666666666,greedy,0.5,0.8620689655172413,0.11587550491094589,0.04734431952238083,0.07292475901642359,1.2451256102529065,36.10864269733429,5.0,1.9333333333333333,11.0,0.39644413894163694,0.14117647058823535,0.5184115523465704,0.714016666158776,0.6744949494949495,0.285983333841224
2025-10-27,0.34538287750431534,66.61372511115097,0.7585278276481149,0.8518355508678184,-5.026484269141449,-7.592836862408163,-0.02485947607582063,-0.11350051400150891,0.30000000000000004,0.0008261899633820085,-0.30000000000000004,0.035972840505078714,0.0375622616126008,0.30000000000000004,-0.02970307076219368,0.13908464626277692,normal,partial_correlation,60,residual,30,78,0.1793103448275862,0.02,0,5.2,0.686790406703949,0.6882375478744507,1.9375226497650146,0.13207507133483887,0.03528594970703125,0.023682430386543274,-0.005815880373120308,0.358974358974359,0.6410256410256411,0.0436185859143734,0.023682430386543274,-0.005815880373120308,0.11784611883062612,0.23809523809523808,-0.11415316911825087,0.9666666666666667,2,0.901611328125,3.5968308331746357e-09,3.134340524673462,0.4127563536167145,0.0561925545334816,0.31546956520595354,6,0.3333333333333333,0.2177777777777778,greedy,0.5333333333333333,0.8275862068965517,0.12158839404582977,0.04873839020729065,0.07350450009947307,1.2377464606844146,35.89464735984802,5.0,1.9333333333333333,14.0,0.3965318658028754,0.12048192771084343,0.7025641025641025,0.7950554469110808,0.753968253968254,0.20494455308891923
2025-10-28,0.506355788905139,73.35504739702769,0.8327849237212085,6.74132228587672,-6.6656543134275665,0.792575119927946,-0.005913535185386209,-0.05706036769474763,0.30000000000000004,0.006112237755878904,-0.30000000000000004,0.035972840505078714,0.05614237150488785,0.30000000000000004,0.032017595756650294,0.13908464626277692,elevated,partial_correlation,60,residual,30,82,0.18850574712643678,0.02,0,5.466666666666667,0.7166670560836792,0.6969923973083496,2.0413870811462402,0.13109764456748962,0.03703770786523819,0.024712657555937767,-0.0059105935506522655,0.36585365853658536,0.6341463414634146,0.043863292783498764,0.024712657555937767,-0.0059105935506522655,0.127738042974813,0.25697211155378485,-0.11829844623150734,0.9666666666666667,2,0.9412384033203125,1.5414987064588104e-09,3.1362192630767822,0.44528764486312866,0.055212512612342834,0.30735874620796266,6,0.3,0.22222222222222224,greedy,0.5333333333333333,0.8275862068965517,0.12212591618299484,0.04899989068508148,0.0753321450811385,1.2360921481560017,35.84667229652405,4.0,1.9333333333333333,15.0,0.3996785688588674,0.18181818181818177,0.7049347125657114,0.8067006794005278,0.7769841269841269,0.1932993205994722
2025-10-29,0.5031436019155149,73.22929207198548,0.8310406698564593,-0.12575532504220632,-0.9845017413316555,1.448426473638591,0.007764664172529499,-0.05706036769474763,0.30000000000000004,0.08607469192466316,-0.30000000000000004,0.035972840505078714,0.07121658842357681,0.30000000000000004,-0.07990946167836273,0.13908464626277692,elevated,partial_correlation,60,residual,30,82,0.18850574712643678,0.02,0,5.466666666666667,0.7382367253303528,0.7006446123123169,2.242494583129883,0.13504332304000854,0.038451023399829865,0.025456439703702927,-0.005799215752631426,0.36585365853658536,0.6341463414634146,0.044171154499053955,0.025456439703702927,-0.005799215752631426,0.135763453543272,0.2613861386138614,-0.13509823787821715,0.9666666666666667,2,0.9735132455825806,4.3947738676750387e-17,3.137429714202881,0.47746118903160095,0.05502355843782425,0.29610812118526303,6,0.3,0.23111111111111113,greedy,0.5333333333333333,0.8275862068965517,0.13025705516338348,0.05101434886455536,0.1092538062886409,1.224715364390406,35.51674556732178,4.0,1.9333333333333333,15.0,0.3997811894307191,0.07058823529411762,0.7701453104359313,0.8483122904125543,0.8042328042328043,0.1516877095874457
2025-10-30,0.6256043549967467,77.75090245288342,0.8884902840059791,4.52161038089794,9.153373094426925,8.048072823661158,0.01939833556361222,-0.042950331118057225,0.30000000000000004,0.12955238922434184,-0.30000000000000004,0.035972840505078714,0.07010546270432662,0.30000000000000004,0.0167711215868168,0.09675453653062746,elevated,partial_correlation,60,residual,30,83,0.19080459770114944,0.02,0,5.533333333333333,0.7565823793411255,0.7195158004760742,2.1836888790130615,0.13673172891139984,0.04009122774004936,0.026089046150445938,-0.0052920132875442505,0.3855421686746988,0.6144578313253012,0.042951859533786774,0.026089046150445938,-0.0052920132875442505,0.13517189776705774,0.26452905811623245,-0.08148586812494372,0.9666666666666667,2,0.9785527586936951,-1.7623523672272623e-16,3.148207902908325,0.46155470609664917,0.05492088943719864,0.30635999610635545,7,0.23333333333333334,0.18000000000000002,greedy,0.5333333333333333,0.7931034482758621,0.1346781700849533,0.05225200951099396,0.126349515072268,1.2165386265721814,35.27962017059326,4.0,1.9333333333333333,15.0,0.40014104130053435,0.16666666666666663,0.5702893474863947,0.7664753037224178,0.772053872053872,0.2335246962775822
2025-10-31,0.7481743895530496,81.70292779811108,0.9210998206814106,3.9520253452276535,15.941038237827925,7.51029339267501,0.027072568757328254,-0.042950331118057225,0.30000000000000004,0.16371998951381317,-0.30000000000000004,0.035972840505078714,0.09820817093964741,0.30000000000000004,-0.015263605039687279,0.18141475599492637,high_stress,partial_correlation,60,residual,30,83,0.19080459770114944,0.02,0,5.533333333333333,0.7686840295791626,0.7372633814811707,2.2459988594055176,0.13891883194446564,0.03973868489265442,0.026506349444389343,-0.006071366835385561,0.37349397590361444,0.6265060240963856,0.04344950243830681,0.026506349444389343,-0.006071366835385561,0.15013358850632555,0.24404761904761904,-0.1301535193450328,0.9666666666666667,2,0.9957267045974731,1.0276652862017954e-09,3.1456902027130127,0.47921985387802124,0.05621444433927536,0.3159137348595639,5,0.3333333333333333,0.24888888888888894,greedy,0.5,0.8620689655172413,0.1381525695323944,0.0534205362200737,0.14914959951283957,1.208431100023204,35.04450190067291,5.0,1.9333333333333333,13.0,0.4003069222687077,0.1348314606741573,0.618164919708783,0.7847056468496499,0.6441558441558443,0.21529435315035006
2025-11-03,0.6679085862228942,79.1801235396402,0.9020017926501345,-2.5228042584708703,12.566398428489236,11.041535440253057,0.01452735995063757,-0.05706036769474763,0.30000000000000004,0.11466734170563764,-0.30000000000000004,0.035972840505078714,0.08367285957098128,0.30000000000000004,0.03704390592252952,0.13908464626277692,elevated,partial_correlation,60,residual,30,82,0.18850574712643678,0.02,0,5.466666666666667,0.7489010691642761,0.688278317451477,2.3877596855163574,0.13699409365653992,0.038741812109947205,0.025824176147580147,-0.005555644165724516,0.3902439024390244,0.6097560975609756,0.04526348039507866,0.025824176147580147,-0.005555644165724516,0.14239508758762703,0.2606177606177606,-0.20038140980903993,0.9666666666666667,2,0.9903364181518555,4.272139047908132e-17,3.1279358863830566,0.5094414949417114,0.05721747875213623,0.29288648727230154,6,0.3,0.21111111111111114,greedy,0.5333333333333333,0.8275862068965517,0.13316455483436584,0.05237192288041115,0.1412911314331594,1.2170153650744209,35.2934455871582,5.0,1.9333333333333333,11.0,0.40014529806272736,0.18681318681318682,0.6532736884912566,0.7595193555377894,0.774025974025974,0.24048064446221062
2025-11-04,0.6688035259294208,79.2096146559649,0.9023297491039427,0.029491116324692257,5.854567258937209,10.984465136880345,0.01432104715314004,-0.07117040427143786,0.30000000000000004,0.12047924666088664,-0.30000000000000004,0.035972840505078714,0.09007301101230186,0.30000000000000004,-0.0022869711254750688,0.18141475599492637,elevated,partial_correlation,60,residual,30,81,0.18620689655172415,0.02,0,5.4,0.7485758066177368,0.6877419948577881,2.2592222690582275,0.1386251598596573,0.037168290466070175,0.02581295743584633,-0.00674300454556942,0.35802469135802467,0.6419753086419753,0.043961647897958755,0.02581295743584633,-0.00674300454556942,0.14580248468785262,0.24539877300613497,-0.18144621738352293,0.9666666666666667,2,0.9666596055030823,-5.763447092412225e-17,3.141392707824707,0.4826083183288574,0.05655607581138611,0.31603357271290106,5,0.3333333333333333,0.2466666666666667,greedy,0.5333333333333333,0.8620689655172413,0.13375554978847504,0.052943117916584015,0.1428521181458854,1.2148807172117562,35.23154079914093,5.0,1.9333333333333333,12.0,0.3989450703721165,0.1477272727272727,0.6588235294117647,0.7723628467565338,0.7189754689754689,0.22763715324346623
2025-11-05,0.71941333445978,80.82728886372425,0.9148999701403404,1.6176742077593502,7.597996791738765,13.972580183225176,0.01281252826072866,-0.05706036769474763,0.30000000000000004,0.09666026914793846,-0.30000000000000004,0.035972840505078714,0.09045363759345729,0.30000000000000004,0.05915967065239794,0.18141475599492637,high_stress,partial_correlation,60,residual,30,82,0.18850574712643678,0.02,0,5.466666666666667,0.7461968660354614,0.7360354065895081,1.9301401376724243,0.13649944961071014,0.03821761533617973,0.025730928406119347,-0.004011244047433138,0.4268292682926829,0.573170731707317,0.04222308099269867,0.025730928406119347,-0.004011244047433138,0.14600512769103602,0.26875,-0.10628933131805822,0.9666666666666667,2,0.9499022364616394,3.082997190873016e-09,3.1542015075683594,0.4368148446083069,0.05467771366238594,0.32928528353048736,5,0.3333333333333333,0.24888888888888894,greedy,0.5,0.8620689655172413,0.13133347034454346,0.05223607271909714,0.14691591132935733,1.219596554493082,35.36830008029938,4.0,1.9333333333333333,12.0,0.3991318315952674,0.20879120879120883,0.727005556320889,0.7790527000857206,0.8027777777777778,0.22094729991427942
2025-11-06,0.6397787445729789,78.23744418711162,0.891044776119403,-2.5898446766126284,0.48654173422819724,11.26141265319309,0.019445983098282493,-0.05706036769474763,0.30000000000000004,0.11130118178211013,-0.30000000000000004,0.035972840505078714,0.08398153767339182,0.30000000000000004,-0.0352771867860631,0.18141475599492637,elevated,partial_correlation,60,residual,30,82,0.18850574712643678,0.02,0,5.466666666666667,0.756657600402832,0.7473299503326416,2.0685131549835205,0.1384129673242569,0.03983593359589577,0.02609163708984852,-0.003887209575623274,0.4268292682926829,0.573170731707317,0.04286838322877884,0.02609163708984852,-0.003887209575623274,0.14255942571004493,0.2661290322580645,-0.14014913244368474,0.9666666666666667,2,0.9675928354263306,-2.26903450608278e-16,3.14640736579895,0.46198326349258423,0.05463200435042381,0.32345209451116747,5,0.3333333333333333,0.2511111111111111,greedy,0.5,0.8620689655172413,0.13282226026058197,0.05284418538212776,0.14993418866376007,1.2152093155630703,35.24107015132904,4.0,1.9333333333333333,13.0,0.3993469323406274,0.11494252873563215,0.9140747268776686,0.9325866846378872,0.9464285714285715,0.06741331536211281
2025-11-07,0.6983359917317925,80.16552514474978,0.9092808116980006,1.9280809576381586,-1.5374026533612977,7.271098529389036,0.017858200082774767,-0.07117040427143786,0.30000000000000004,0.13276336376808548,-0.30000000000000004,0.035972840505078714,0.10378420677783991,0.30000000000000004,-0.0022869711254750688,0.18141475599492637,elevated,partial_correlation,60,residual,30,81,0.18620689655172415,0.02,0,5.4,0.7541536092758179,0.6992446184158325,2.108203172683716,0.13965807855129242,0.03752784803509712,0.026005297899246216,-0.004299986641854048,0.41975308641975306,0.5802469135802469,0.04314199090003967,0.026005297899246216,-0.004299986641854048,0.15310223206421777,0.27385892116182575,-0.17924372436154104,0.9666666666666667,2,0.9715805053710938,-6.952630065159284e-18,3.142603635787964,0.4133831858634949,0.05549393966794014,0.3327662610801155,5,0.26666666666666666,0.23777777777777778,greedy,0.5,0.8620689655172413,0.1350046843290329,0.05362936109304428,0.1569023560218753,1.2130748814549939,35.179171562194824,5.0,1.9333333333333333,15.0,0.3986718513728102,0.1477272727272727,0.6364789996595376,0.7797627100152258,0.7366666666666667,0.2202372899847742
2025-11-10,0.8459727276197803,84.44798348659724,0.9406324582338902,4.282458341847459,5.2678599469570315,6.916550728476622,0.02276205968804522,-0.042950331118057225,0.30000000000000004,0.1625620340170688,-0.30000000000000004,0.035972840505078714,0.08023215339900319,0.30000000000000004,0.10597921513371505,0.18141475599492637,high_stress,partial_correlation,60,residual,30,83,0.19080459770114944,0.02,0,5.533333333333333,0.7618865370750427,0.7031412124633789,2.0796778202056885,0.13769036531448364,0.03969136252999306,0.02627195604145527,-0.003954880405217409,0.43373493975903615,0.5662650602409639,0.04256075248122215,0.02627195604145527,-0.003954880405217409,0.1405632790217492,0.2540322580645161,-0.13890289641217526,0.9666666666666667,2,0.96690833568573,1.9640340883420634e-16,3.1500959396362305,0.41986727714538574,0.05548136681318283,0.3050955288592393,5,0.26666666666666666,0.23555555555555557,greedy,0.5,0.8620689655172413,0.13803482055664062,0.053962547332048416,0.16639487745194248,1.2147806019618594,35.22863745689392,5.0,1.9333333333333333,14.0,0.4000106722830128,0.25531914893617025,0.8131591925040963,0.8660361563991984,0.9019841269841269,0.1339638436008016
2025-11-11,0.6320708718113146,77.97382618576476,0.8884580972263645,-6.4741573008324735,-1.2357884702001343,5.509522936352596,0.019345960955049424,-0.05706036769474763,0.30000000000000004,0.17102982171377498,-0.30000000000000004,0.035972840505078714,0.028211337872824566,0.30000000000000004,-0.046843477535591954,0.18141475599492637,elevated,partial_correlation,60,residual,30,82,0.18850574712643678,0.02,0,5.466666666666667,0.756499707698822,0.7390795946121216,2.007063627243042,0.13838410377502441,0.038081567734479904,0.026086198166012764,-0.0048180269077420235,0.4146341463414634,0.5853658536585366,0.0424305684864521,0.026086198166012764,-0.0048180269077420235,0.11286775062676847,0.1941544885177453,-0.19509343044587502,0.9666666666666667,2,0.9490594267845154,7.707495086606286e-09,3.1511247158050537,0.40939855575561523,0.05544447898864746,0.3026348017159503,5,0.26666666666666666,0.23555555555555557,greedy,0.5,0.8620689655172413,0.1388958841562271,0.054252952337265015,0.17299608086047602,1.2138342980680794,35.201194643974304,5.0,1.9333333333333333,14.0,0.39920099409318516,0.10344827586206895,0.7359762330692563,0.8034009455844572,0.8555555555555555,0.19659905441554282
2025-11-12,0.5944739012448471,76.65528267265086,0.868515205724508,-1.3185435131139087,-4.172006191073393,6.3733737061243545,0.019350311233196887,-0.05706036769474763,0.30000000000000004,0.18475881874983982,-0.30000000000000004,0.035972840505078714,0.00734861875359478,0.30000000000000004,0.007349143167256854,0.09675453653062746,elevated,partial_correlation,60,residual,30,82,0.18850574712643678,0.02,0,5.466666666666667,0.7565065622329712,0.7598072290420532,1.9068074226379395,0.1383853554725647,0.039815377444028854,0.026086434721946716,-0.004716710187494755,0.4146341463414634,0.5853658536585366,0.041648514568805695,0.026086434721946716,-0.004716710187494755,0.1017605808540769,0.1851063829787234,-0.22483958865981404,0.9666666666666667,2,0.9304488301277161,1.7488128102631983e-16,3.1601295471191406,0.3834090232849121,0.05523526296019554,0.2914627024076217,7,0.2,0.17111111111111113,greedy,0.5333333333333333,0.7931034482758621,0.1402919441461563,0.054663293063640594,0.17659009438204165,1.2111541402751003,35.123470067977905,5.0,1.9333333333333333,13.0,0.3989403094539697,0.1573033707865169,0.2995422554323244,0.5525709992697101,0.5974025974025974,0.4474290007302899
2025-11-13,0.8672794265517444,84.99946191292324,0.9460506706408346,8.344179240272382,6.762017725811617,14.64881272680502,0.02437803387611487,-0.028840294541366992,0.30000000000000004,0.2071118146392205,-0.30000000000000004,0.0674490759470226,0.007974456322876036,0.30000000000000004,0.0654614745808013,0.22374486572707597,high_stress,partial_correlation,60,residual,30,84,0.19310344827586207,0.02,0,5.6,0.7644349932670593,0.8021202087402344,2.0764031410217285,0.13650624454021454,0.041308049112558365,0.02635982818901539,-0.003074083710089326,0.4523809523809524,0.5476190476190477,0.042017072439193726,0.02635982818901539,-0.003074083710089326,0.10209377251966992,0.21818181818181817,-0.10386665126946967,1.0,1,0.9546836614608765,0.06794228404760361,3.1670007705688477,0.4273766875267029,0.05395990610122681,0.2926596449037377,4,0.4,0.28666666666666674,greedy,0.5,0.896551724137931,0.14256495237350464,0.05460623651742935,0.18843271001554784,1.2145570557692955,35.22215461730957,5.0,1.9333333333333333,12.0,0.4117068402383519,0.21505376344086025,0.28921568627450983,0.5594542131396861,0.3447278911564626,0.44054578686031387
2025-11-14,1.0227590068126322,88.54939549429973,0.9791418355184743,3.549933581376493,8.383870349549952,16.31499013889305,0.03949579850509669,-0.028840294541366992,0.30000000000000004,0.2900876347732417,-0.30000000000000004,0.0674490759470226,0.054370999740482796,0.30000000000000004,0.1187810363932287,0.18141475599492637,high_stress,partial_correlation,60,residual,30,84,0.19310344827586207,0.02,0,5.6,0.7882748246192932,0.7914139032363892,2.109762191772461,0.14076335728168488,0.0424446165561676,0.02718188986182213,-0.002641210565343499,0.4523809523809524,0.5476190476190477,0.04245467483997345,0.02718188986182213,-0.002641210565343499,0.12679497669446108,0.23856858846918488,-0.1187290048533151,1.0,1,0.9987497925758362,0.07080116868019104,3.1601157188415527,0.43455344438552856,0.05584041029214859,0.30341605592867305,5,0.3,0.22,greedy,0.5333333333333333,0.8620689655172413,0.15100251138210297,0.05620340257883072,0.2058848013722674,1.2071752383791168,35.008081912994385,4.0,1.9333333333333333,12.0,0.4118527077052785,0.2680412371134021,0.7661918839021769,0.8623624300808506,0.9017857142857143,0.13763756991914944
2025-11-17,0.8248568695769766,83.88523576991619,0.935656836461126,-4.664159724383538,-0.5627477166810451,12.245026389623774,0.03688474100849255,-0.042950331118057225,0.30000000000000004,0.30000000000000004,-0.30000000000000004,0.0674490759470226,0.05095871661990084,0.30000000000000004,-0.026569979143159346,0.13908464626277692,high_stress,partial_correlation,60,residual,30,83,0.19080459770114944,0.02,0,5.533333333333333,0.7841573357582092,0.7559518814086914,2.0364816188812256,0.1417151689529419,0.041620053350925446,0.02703990787267685,-0.002996663097292185,0.4457831325301205,0.5542168674698795,0.04234916344285011,0.02703990787267685,-0.002996663097292185,0.12497830036784269,0.21604938271604937,-0.142795198915609,1.0,1,0.9870925545692444,0.06967771053314209,3.1607730388641357,0.43203413486480713,0.0554635226726532,0.29535328997814286,6,0.2,0.1688888888888889,greedy,0.5,0.8275862068965517,0.15238627791404724,0.05586903169751167,0.21400585278715334,1.2115096264872058,35.13377916812897,6.0,1.9333333333333333,10.0,0.4110512537146665,0.1235955056179775,0.5141688909080584,0.7396600870144939,0.653968253968254,0.2603399129855061
2025-11-18,0.9906826270646135,87.88266237611346,0.9737939249553306,3.9974266061972656,9.908836190348694,7.861960665658202,0.03951179519718226,-0.014730257964676585,0.30000000000000004,0.30000000000000004,-0.30000000000000004,0.0674490759470226,0.05387792765895473,0.30000000000000004,0.06315933023120386,0.18141475599492637,high_stress,partial_correlation,60,residual,30,85,0.19540229885057472,0.02,0,5.666666666666667,0.7882999777793884,0.6981224417686462,2.2797443866729736,0.13911177217960358,0.043053772300481796,0.02718275971710682,-0.004119277466088533,0.4235294117647059,0.5764705882352941,0.044078364968299866,0.02718275971710682,-0.004119277466088533,0.12653246847161592,0.21869158878504674,-0.22180354980668682,1.0,1,1.0124603509902954,0.0764455646276474,3.1460015773773193,0.46732479333877563,0.05611712485551834,0.2728578972096145,5,0.26666666666666666,0.2088888888888889,greedy,0.4666666666666667,0.8620689655172413,0.1529785543680191,0.0562547966837883,0.21979135305298614,1.2156956976857678,35.25517523288727,5.0,1.9333333333333333,11.0,0.4131602212729582,0.21276595744680848,0.35507783543365457,0.6220811874436619,0.4891534391534391,0.3779188125563381
2025-11-19,0.8457929556797971,84.4432608809561,0.9395653468294135,-3.4394014951573553,7.787978208305248,10.229467067638964,0.015573858751292899,-0.042950331118057225,0.30000000000000004,0.1926064510855966,-0.30000000000000004,0.0674490759470226,0.0878778273244297,0.30000000000000004,0.04382131769458601,0.18141475599492637,high_stress,partial_correlation,60,residual,30,83,0.19080459770114944,0.02,0,5.533333333333333,0.7505512237548828,0.6476753950119019,2.1276702880859375,0.13564179837703705,0.04231348633766174,0.025881081819534302,-0.00402385788038373,0.40963855421686746,0.5903614457831325,0.0448325090110302,0.025881081819534302,-0.00402385788038373,0.14463378382177206,0.2423076923076923,-0.23966244852101815,1.0,1,0.9750247001647949,0.0725095346570015,3.1326394081115723,0.434042751789093,0.057671040296554565,0.2928874469361252,5,0.3333333333333333,0.22888888888888892,greedy,0.4666666666666667,0.8620689655172413,0.14108994603157043,0.05324183404445648,0.20848696220852925,1.224073993748632,35.49814581871033,5.0,1.9333333333333333,12.0,0.4118790355707265,0.19354838709677424,0.4149742088149674,0.6570864937490427,0.55,0.3429135062509573
2025-11-20,0.7100033073839843,80.5339453393259,0.9113095238095238,-3.909315541630207,-4.465516573597341,11.936415980869398,0.024174461411308655,-0.028840294541366992,0.30000000000000004,0.2120024254653842,-0.30000000000000004,0.035972840505078714,0.09650931715611148,0.30000000000000004,-0.026569979143159346,0.09675453653062746,elevated,partial_correlation,60,residual,30,84,0.19310344827586207,0.02,0,5.6,0.7641140222549438,0.6690855026245117,2.149939775466919,0.1364489048719406,0.04213995486497879,0.02634875848889351,-0.004217393696308136,0.4166666666666667,0.5833333333333334,0.04507250338792801,0.02634875848889351,-0.004217393696308136,0.1492291303057969,0.27171903881700554,-0.2174432632077873,0.9666666666666667,2,1.0065633058547974,1.7984143063642932e-09,3.119964838027954,0.47950446605682373,0.05812793970108032,0.2709380307592953,7,0.23333333333333334,0.17111111111111116,greedy,0.5,0.7931034482758621,0.1430622637271881,0.05391626060009003,0.21195091893220097,1.2223625594171985,35.448514223098755,5.0,1.9333333333333333,14.0,0.40161420611015225,0.1235955056179775,0.48765136736722,0.7037050159081059,0.7251082251082251,0.29629498409189414
2025-11-21,1.048980100803889,89.07047630610928,0.9821481701874442,8.536530966783388,0.5210808118095542,23.308586745826133,0.033422878719551755,-0.042950331118057225,0.30000000000000004,0.2680381222847415,-0.30000000000000004,0.0674490759470226,0.07012056320899548,0.30000000000000004,0.12915492603455866,0.22374486572707597,high_stress,partial_correlation,60,residual,30,83,0.19080459770114944,0.02,0,5.533333333333333,0.7786981463432312,0.7274069786071777,1.9108647108078003,0.14072859287261963,0.042009688913822174,0.026851661503314972,-0.00319373095408082,0.4457831325301205,0.5542168674698795,0.044669654220342636,0.026851661503314972,-0.00319373095408082,0.1351799371730456,0.2807017543859649,-0.09981182472637498,1.0,1,1.0439584255218506,0.0769909992814064,3.1273193359375,0.4782879948616028,0.058488309383392334,0.3063921733495096,4,0.4,0.28222222222222226,greedy,0.4666666666666667,0.896551724137931,0.1487603634595871,0.055614255368709564,0.22897633464853595,1.212687060750764,35.167924761772156,5.0,1.9333333333333333,12.0,0.41182475064049734,0.27835051546391754,0.29613928351833274,0.5485173493732837,0.36836734693877554,0.45148265062671633
2025-11-24,1.0317893750894611,88.73125019716502,0.9797739440809042,-0.33922610894425986,4.846014427248832,22.117525086014055,0.04354224226541269,-0.028840294541366992,0.30000000000000004,0.30000000000000004,-0.30000000000000004,0.035972840505078714,0.08350541967642858,0.30000000000000004,0.07386430145683172,0.22374486572707597,high_stress,partial_correlation,60,residual,30,84,0.19310344827586207,0.02,0,5.6,0.7946558594703674,0.6583700180053711,2.0866506099700928,0.14190281927585602,0.04360306262969971,0.02740192413330078,-0.004242476541548967,0.4166666666666667,0.5833333333333334,0.044613227248191833,0.02740192413330078,-0.004242476541548967,0.14230594372651814,0.2835538752362949,-0.22197828860320362,0.9666666666666667,2,1.0505107641220093,3.5722494878772965e-16,3.1231741905212402,0.4648435115814209,0.05939330905675888,0.30866141675625447,4,0.3333333333333333,0.3133333333333333,greedy,0.5,0.896551724137931,0.15363144874572754,0.0567927286028862,0.235732200415548,1.209088687239022,35.06357192993164,5.0,1.9333333333333333,12.0,0.40146111406357354,0.22340425531914898,0.6303083419647837,0.7082009285204234,0.6436868686868688,0.2917990714795766
2025-11-25,0.8006186602815747,83.21912467117997,0.9313113291703836,-5.512125525985056,-4.663537704933489,9.86407727415228,0.042673591056423835,-0.028840294541366992,0.30000000000000004,0.30000000000000004,-0.30000000000000004,0.035972840505078714,0.07118912626101263,0.30000000000000004,-0.05946124926235067,0.13908464626277692,high_stress,partial_correlation,60,residual,30,84,0.19310344827586207,0.02,0,5.6,0.7932859063148499,0.6936746835708618,1.9878318309783936,0.14165820181369781,0.0435921773314476,0.027354689314961433,-0.0038945351261645555,0.4166666666666667,0.5833333333333334,0.044142626225948334,0.027354689314961433,-0.0038945351261645555,0.13574883287469172,0.27692307692307694,-0.19488788943621912,0.9666666666666667,2,1.0441606044769287,2.182899063932e-16,3.1285953521728516,0.4634284973144531,0.05969877541065216,0.2998154480897687,6,0.26666666666666666,0.2,greedy,0.5,0.8275862068965517,0.15451599657535553,0.056634508073329926,0.24336926131652326,1.209409890503719,35.07288682460785,5.0,1.9333333333333333,13.0,0.401304247056159,0.09090909090909094,0.46049463777631866,0.5979118327481596,0.725,0.4020881672518404
2025-11-26,0.7565307820251527,81.95144873452837,0.9197384066587396,-1.2676759366515995,-2.4918121464277334,8.722156662542886,0.03438915428066878,-0.07117040427143786,0.30000000000000004,0.30000000000000004,-0.30000000000000004,0.035972840505078714,0.04341122762829121,0.30000000000000004,-0.02515668238022531,0.13908464626277692,high_stress,partial_correlation,60,residual,30,81,0.18620689655172415,0.02,0,5.4,0.7802218794822693,0.6887040138244629,1.9821157455444336,0.14448553323745728,0.042326830327510834,0.026904204860329628,-0.0040474398992955685,0.4074074074074074,0.5925925925925926,0.04414559155702591,0.026904204860329628,-0.0040474398992955685,0.12096006855883275,0.2494802494802495,-0.1763106490475716,0.9666666666666667,2,1.0273926258087158,3.7247651815687218e-16,3.1247684955596924,0.48863619565963745,0.058395080268383026,0.30117241882789253,6,0.26666666666666666,0.21111111111111114,greedy,0.5,0.8275862068965517,0.15866626799106598,0.05776970088481903,0.2574118217436181,1.2059162855148315,34.971572279930115,5.0,1.9333333333333333,13.0,0.3990063849251389,0.125,0.5055480378890392,0.7060298235951882,0.65,0.2939701764048118
2025-11-27,0.7840354111507205,82.7508414798803,0.9268945022288262,0.7993927453519234,2.2168961405543968,4.99993902699687,0.04592194717455239,-0.028840294541366992,0.30000000000000004,0.30000000000000004,-0.30000000000000004,0.035972840505078714,0.038739749285271165,0.30000000000000004,-0.046843477535591954,0.13908464626277692,high_stress,partial_correlation,60,residual,30,84,0.19310344827586207,0.02,0,5.6,0.7984085083007812,0.7361164093017578,2.0084340572357178,0.14257293939590454,0.04264065623283386,0.027531325817108154,-0.004576575476676226,0.40476190476190477,0.5952380952380952,0.04329713433980942,0.027531325817108154,-0.004576575476676226,0.1184730052595167,0.25149700598802394,-0.1448379078719102,0.9666666666666667,2,1.031644582748413,7.90699565259275e-17,3.137125253677368,0.4743078351020813,0.05841632932424545,0.3005000451837182,6,0.23333333333333334,0.1955555555555556,greedy,0.5,0.8275862068965517,0.16246722638607025,0.05866238847374916,0.2655581293801216,1.2054215628525307,34.95722532272339,5.0,1.9333333333333333,11.0,0.40102241642744607,0.10344827586206895,0.6432801822323463,0.7658971878924052,0.7420634920634921,0.23410281210759476
2025-11-28,0.9103538637705032,86.06510270610485,0.9545454545454546,3.314261226224559,-3.0053736000044324,4.362174907993776,0.03224741301161132,-0.05706036769474763,0.30000000000000004,0.30000000000000004,-0.30000000000000004,0.0674490759470226,0.10156659155137765,0.30000000000000004,-0.015263605039687279,0.18141475599492637,high_stress,partial_correlation,60,residual,30,82,0.18850574712643678,0.02,0,5.466666666666667,0.7768445611000061,0.7243313789367676,2.1031250953674316,0.14210571348667145,0.04434960335493088,0.026787742972373962,-0.00538731599226594,0.3780487804878049,0.6219512195121951,0.04489552229642868,0.026787742972373962,-0.00538731599226594,0.1519215887995477,0.268389662027833,-0.2031446326827547,1.0,1,1.0260590314865112,0.07704396545886993,3.1191279888153076,0.46445906162261963,0.05744849890470505,0.3150440084172933,5,0.26666666666666666,0.21111111111111114,greedy,0.4666666666666667,0.8620689655172413,0.16408777236938477,0.059159472584724426,0.2707436773455564,1.203326624015282,34.896472096443176,5.0,1.9333333333333333,13.0,0.4111337564742885,0.1348314606741573,0.6115717539863326,0.7400114499411224,0.6190476190476191,0.25998855005887755
2025-12-01,1.001685182943847,88.11504908629053,0.9744579744579744,2.0499463801856734,-0.6162011108744991,8.93492554665032,0.03494215341777655,-0.014730257964676585,0.30000000000000004,0.30000000000000004,-0.30000000000000004,0.0674490759470226,0.07796805941110402,0.30000000000000004,0.05464139613769364,0.18141475599492637,high_stress,partial_correlation,60,residual,30,85,0.19540229885057472,0.02,0,5.666666666666667,0.7810941338539124,0.7134703397750854,2.1686336994171143,0.13784010708332062,0.04387637972831726,0.026934275403618813,-0.0037026680074632168,0.43529411764705883,0.5647058823529412,0.04503512382507324,0.026934275403618813,-0.0037026680074632168,0.13935789078059002,0.27121771217712176,-0.19505557951890642,1.0,1,1.030919075012207,0.07958584278821945,3.1290109157562256,0.4902375340461731,0.05718591436743736,0.280932143588861,5,0.26666666666666666,0.21111111111111114,greedy,0.4666666666666667,0.8620689655172413,0.1590866595506668,0.05775366723537445,0.2537758903432037,1.205728950171635,34.96613955497742,5.0,1.9333333333333333,13.0,0.4134791408918827,0.20430107526881724,0.7549295774647887,0.8464804287625852,0.7742857142857142,0.15351957123741478
2025-12-02,1.006649397090068,88.21863103159477,0.9759501187648456,0.10358194530424214,4.999506360414799,9.00901637562987,0.026502682320010237,-0.028840294541366992,0.30000000000000004,0.30000000000000004,-0.30000000000000004,0.0674490759470226,0.046295128240896155,0.30000000000000004,0.07149793939642976,0.22374486572707597,high_stress,partial_correlation,60,residual,30,84,0.19310344827586207,0.02,0,5.6,0.7677854895591736,0.7508602142333984,2.060631275177002,0.13710454106330872,0.04194711893796921,0.026475360617041588,-0.0027994648553431034,0.4642857142857143,0.5357142857142857,0.043860167264938354,0.026475360617041588,-0.0027994648553431034,0.12249543763170914,0.2573099415204678,-0.2047296260019218,1.0,1,0.9808303713798523,0.0770467072725296,3.143097400665283,0.42175573110580444,0.05872678756713867,0.2991790498559932,4,0.36666666666666664,0.27111111111111114,greedy,0.4666666666666667,0.896551724137931,0.15764199197292328,0.05693375691771507,0.25131000196700803,1.2096634815479148,35.080240964889526,5.0,1.9333333333333333,12.0,0.41232120518026677,0.2210526315789474,0.4513818606461658,0.6569258196630814,0.5135281385281385,0.3430741803369186
2025-12-03,1.0287981613836072,88.67129374385576,0.9789254971801722,0.4526627122609881,6.719845009327386,7.844004880131507,0.03535200442592166,-0.028840294541366992,0.30000000000000004,0.30000000000000004,-0.30000000000000004,0.0674490759470226,0.0872711921303676,0.30000000000000004,0.04382131769458601,0.22374486572707597,high_stress,partial_correlation,60,residual,30,84,0.19310344827586207,0.02,0,5.6,0.7817402482032776,0.7014352679252625,2.1767208576202393,0.13959647715091705,0.04244580864906311,0.02695656195282936,-0.003933602944016457,0.42857142857142855,0.5714285714285714,0.04342281445860863,0.02695656195282936,-0.003933602944016457,0.14431081537015125,0.22941176470588234,-0.2757876243189981,1.0,1,0.9789225459098816,0.1339469701051712,3.1553807258605957,0.4182036519050598,0.05641501396894455,0.29203087616821133,4,0.3333333333333333,0.28,greedy,0.5,0.896551724137931,0.16463735699653625,0.05906684696674347,0.2555854555345701,1.1984675382745678,34.75555860996246,5.0,1.9333333333333333,13.0,0.41217542091149023,0.19354838709677424,0.46142157690359614,0.5678939315617979,0.5277777777777778,0.4321060684382021
2025-12-04,0.9683122797524899,87.39808471776703,0.9685459940652819,-1.2732090260887219,4.647243237886741,9.160640530655414,0.04548147294858182,-0.0006202213879863503,0.30000000000000004,0.30000000000000004,-0.30000000000000004,0.0674490759470226,0.052406035441574586,0.30000000000000004,0.02218116080837062,0.18141475599492637,high_stress,partial_correlation,60,residual,30,86,0.19770114942528735,0.02,0,5.733333333333333,0.7977138161659241,0.7096565961837769,2.2023122310638428,0.13913613557815552,0.042217761278152466,0.027507374063134193,-0.006134276743978262,0.38372093023255816,0.6162790697674418,0.043354205787181854,0.027507374063134193,-0.006134276743978262,0.12574884306535353,0.21509433962264152,-0.2882747710471677,1.0,1,0.9964296221733093,0.08346255868673325,3.1568362712860107,0.45197629928588867,0.05580919608473778,0.26912960569106337,5,0.26666666666666666,0.2177777777777778,greedy,0.5,0.8620689655172413,0.1634460836648941,0.05873443931341171,0.25218316812515185,1.2038278086432095,34.911006450653076,5.0,1.9333333333333333,12.0,0.4136851184041564,0.17204301075268813,0.5120065490267418,0.6812250742169977,0.7348484848484849,0.31877492578300226
2025-12-05,0.9399128491289919,86.75911045179761,0.9605458320973005,-0.6389742659694235,0.6940077456927582,6.593585307047832,0.03534474254428967,-0.042950331118057225,0.30000000000000004,0.30000000000000004,-0.30000000000000004,0.0674490759470226,0.08552938017112764,0.30000000000000004,0.013125225589682682,0.18141475599492637,high_stress,partial_correlation,60,residual,30,83,0.19080459770114944,0.02,0,5.533333333333333,0.7817289233207703,0.6993743181228638,2.3470449447631836,0.1412763148546219,0.04395261034369469,0.026956167072057724,-0.007312313187867403,0.3493975903614458,0.6506024096385542,0.044960979372262955,0.026956167072057724,-0.007312313187867403,0.14338348652903435,0.24665391969407266,-0.2942683368419169,1.0,1,1.0099008083343506,0.07776475697755814,3.133411169052124,0.4605522155761719,0.057498499751091,0.28585572294572686,5,0.3,0.2222222222222222,greedy,0.5,0.8620689655172413,0.17177344858646393,0.06123427301645279,0.28126664882954633,1.1959087766450027,34.68135452270508,5.0,1.9333333333333333,12.0,0.4119218590244708,0.1630434782608695,0.3803628963879939,0.5346472443484984,0.47333333333333333,0.4653527556515016
2025-12-08,1.0677686814372982,89.43095437223046,0.9848754448398577,2.671843920432849,1.3159052859399338,4.982970885633222,0.034517847154684755,-0.028840294541366992,0.30000000000000004,0.30000000000000004,-0.30000000000000004,0.0674490759470226,0.09703288569304983,0.30000000000000004,0.07386430145683172,0.22374486572707597,high_stress,partial_correlation,60,residual,30,84,0.19310344827586207,0.02,0,5.6,0.780424952507019,0.7528648376464844,2.4398398399353027,0.13936157524585724,0.04344315826892853,0.02691120281815529,-0.006667439825832844,0.36904761904761907,0.6309523809523809,0.04382934048771858,0.02691120281815529,-0.006667439825832844,0.1495078746340975,0.2205029013539652,-0.32822983621495955,1.0,1,0.969366729259491,0.14031283557415009,3.157646894454956,0.40953242778778076,0.05520198866724968,0.29302162356088846,4,0.3,0.2688888888888889,greedy,0.5333333333333333,0.896551724137931,0.16523858904838562,0.05941113084554672,0.2635128542327091,1.2016085386276245,34.84664762020111,5.0,1.9333333333333333,11.0,0.4123109295878602,0.22340425531914898,0.47183585645124104,0.5707988113352341,0.49570707070707065,0.42920118866476586
2025-12-09,1.0562795383176613,89.21178751746693,0.9836940409131337,-0.21916685476352882,0.9931564858721629,11.237961331702166,0.03485829923742225,-0.014730257964676585,0.30000000000000004,0.30000000000000004,-0.30000000000000004,0.0674490759470226,0.09250319636524058,0.30000000000000004,0.05245435900557613,0.22374486572707597,high_stress,partial_correlation,60,residual,30,85,0.19540229885057472,0.02,0,5.666666666666667,0.7809616923332214,0.6904719471931458,2.560117483139038,0.13781677186489105,0.04392161965370178,0.026929715648293495,-0.0059802173636853695,0.3764705882352941,0.6235294117647059,0.04535207152366638,0.026929715648293495,-0.0059802173636853695,0.14709629884217917,0.24686940966010734,-0.313678225302263,1.0,1,1.0023701190948486,0.07958634942770004,3.140037775039673,0.4722992181777954,0.05786275118589401,0.28445762995586854,4,0.36666666666666664,0.2733333333333333,greedy,0.5,0.896551724137931,0.1653548777103424,0.05930554121732712,0.2742718321337789,1.2027628586210053,34.880122900009155,5.0,1.9333333333333333,11.0,0.4135847901247471,0.2021276595744681,0.3431062483972989,0.5801943510121438,0.5006313131313131,0.4198056489878562
2025-12-10,0.9645184939861374,87.31427906972775,0.966212211025489,-1.8975084477391846,-1.3570146741280098,10.65899639707689,0.038026192336902014,-0.028840294541366992,0.30000000000000004,0.30000000000000004,-0.30000000000000004,0.0674490759470226,0.11365638778586036,0.30000000000000004,-0.007187623537207199,0.18141475599492637,high_stress,partial_correlation,60,residual,30,84,0.19310344827586207,0.02,0,5.6,0.7859572768211365,0.7113308906555176,2.4391138553619385,0.14034949243068695,0.043641965836286545,0.027101976796984673,-0.004943208768963814,0.40476190476190477,0.5952380952380952,0.044378701597452164,0.027101976796984673,-0.004943208768963814,0.1583581140926421,0.25239005736137665,-0.2796415930979415,1.0,1,1.0080722570419312,0.07680722326040268,3.149899482727051,0.4391371011734009,0.056487537920475006,0.2834876555016329,5,0.3,0.21555555555555556,greedy,0.5,0.8620689655172413,0.1766968071460724,0.06271081417798996,0.2965741376088613,1.1915081328359143,34.553735852241516,5.0,1.9333333333333333,11.0,0.4124940499577714,0.1428571428571429,0.2899380947981151,0.5148857185586344,0.501984126984127,0.4851142814413656
2025-12-11,0.8245860979742179,83.87791389529481,0.9318518518518518,-3.436365174432936,-3.520170822472224,-1.1215480176284274,0.02964296656762498,-0.05706036769474763,0.30000000000000004,0.30000000000000004,-0.30000000000000004,0.0674490759470226,0.08387506642616081,0.30000000000000004,-0.08073539926676954,0.18141475599492637,high_stress,partial_correlation,60,residual,30,82,0.18850574712643678,0.02,0,5.466666666666667,0.772737443447113,0.7170547842979431,2.4292280673980713,0.14135442674160004,0.0430462583899498,0.026646120473742485,-0.005498711951076984,0.3902439024390244,0.6097560975609756,0.04395976662635803,0.026646120473742485,-0.005498711951076984,0.14250274114212516,0.25766871165644173,-0.24587583035709007,1.0,1,0.9920631051063538,0.07904189079999924,3.152813673019409,0.4325442314147949,0.05554555356502533,0.2829551421598826,5,0.3333333333333333,0.24888888888888888,greedy,0.5,0.8620689655172413,0.17818263173103333,0.06299848854541779,0.29832237300036846,1.1917099747164497,34.55958926677704,5.0,1.9333333333333333,11.0,0.4108218379175983,0.06976744186046513,0.38917313620736965,0.6460456471860109,0.5512265512265513,0.3539543528139891
2025-12-12,0.9383356447011084,86.72283158216912,0.9591232227488151,2.844917686874311,-0.036278869628489474,-1.8265639121306094,0.030448761395506754,-0.042950331118057225,0.30000000000000004,0.30000000000000004,-0.30000000000000004,0.0674490759470226,0.045097404926417686,0.30000000000000004,0.05687597755529196,0.18141475599492637,high_stress,partial_correlation,60,residual,30,83,0.19080459770114944,0.02,0,5.533333333333333,0.7740080952644348,0.7265945672988892,2.524293899536133,0.1398809850215912,0.04286404699087143,0.026689937338232994,-0.006221393123269081,0.37349397590361444,0.6265060240963856,0.04382086545228958,0.026689937338232994,-0.006221393123269081,0.12185777788474159,0.23353293413173654,-0.22607235418062563,1.0,1,0.9860647320747375,0.07444930821657181,3.160088539123535,0.4145110249519348,0.054947447031736374,0.30549209259562154,5,0.26666666666666666,0.2088888888888889,greedy,0.5,0.8620689655172413,0.17667868733406067,0.0625322163105011,0.28346319259918784,1.1952150895677764,34.661237597465515,6.0,1.9333333333333333,11.0,0.41154182105114634,0.2065217391304348,0.3748571055296077,0.6342311548194537,0.5032051282051282,0.3657688451805463
2025-12-15,0.9611210585099759,87.23882502990496,0.9653538643766657,0.5159934477358377,-2.192129342325501,3.353589259988766,0.033909390534736454,-0.05706036769474763,0.30000000000000004,0.30000000000000004,-0.30000000000000004,0.0674490759470226,0.07853222617274586,0.30000000000000004,0.05687597755529196,0.18141475599492637,high_stress,partial_correlation,60,residual,30,82,0.18850574712643678,0.02,0,5.466666666666667,0.7794652581214905,0.760130763053894,2.310112476348877,0.1425851434469223,0.041270941495895386,0.0268781166523695,-0.00477420212700963,0.4024390243902439,0.5975609756097561,0.04307200387120247,0.0268781166523695,-0.00477420212700963,0.1396582493276161,0.23799582463465555,-0.26453586748413555,1.0,1,0.9821163415908813,0.09879454970359802,3.1612493991851807,0.42985719442367554,0.054436296224594116,0.2917732258560806,5,0.26666666666666666,0.22444444444444445,greedy,0.4666666666666667,0.8620689655172413,0.17771530151367188,0.06308165937662125,0.29001213155956584,1.1916588215992368,34.55810582637787,5.0,1.9333333333333333,12.0,0.4105259169992131,0.2065217391304348,0.2449344355268359,0.48894188352229806,0.42947330447330445,0.5110581164777019
2025-12-16,0.991515050000458,87.90038020607109,0.9718768502072233,0.6615551761661322,-1.3114073113958398,0.017717829957632603,0.043337402396736745,-0.028840294541366992,0.30000000000000004,0.30000000000000004,-0.30000000000000004,0.0674490759470226,0.08023362660871725,0.30000000000000004,0.005590373862272267,0.22374486572707597,high_stress,partial_correlation,60,residual,30,84,0.19310344827586207,0.02,0,5.6,0.7943326830863953,0.7241137623786926,2.3395140171051025,0.14184515178203583,0.04167970269918442,0.02739078551530838,-0.005886468105018139,0.38095238095238093,0.6190476190476191,0.042742691934108734,0.02739078551530838,-0.005886468105018139,0.14056406334858174,0.2535211267605634,-0.2189168568162398,1.0,1,1.008391261100769,0.08781077712774277,3.168978452682495,0.4404556155204773,0.05472724884748459,0.3012096225989957,4,0.43333333333333335,0.2977777777777778,greedy,0.5,0.896551724137931,0.17843720316886902,0.06335233896970749,0.2959030182389807,1.1906430885709565,34.52864956855774,5.0,1.9333333333333333,11.0,0.41194871340332356,0.15555555555555556,0.22125838706390907,0.45744119664180954,0.40918192918192914,0.5425588033581905
2025-12-17,0.9064457099675681,85.97109655409602,0.9505770938147381,-1.9292836519750693,-1.3431825156317245,1.5278356731399185,0.05172086794512426,-0.014730257964676585,0.30000000000000004,0.30000000000000004,-0.30000000000000004,0.0674490759470226,0.06977399539527461,0.30000000000000004,-0.049182727350103365,0.18141475599492637,high_stress,partial_correlation,60,residual,30,85,0.19540229885057472,0.02,0,5.666666666666667,0.8075530529022217,0.7721502780914307,2.322862386703491,0.1425093412399292,0.039870649576187134,0.027846654877066612,-0.005372799001634121,0.4,0.6,0.04203758388757706,0.027846654877066612,-0.005372799001634121,0.13499542682601226,0.23636363636363636,-0.17973043052803409,1.0,1,1.0134214162826538,0.097911037504673,3.1794772148132324,0.4472903609275818,0.055272627621889114,0.31159570867441433,5,0.26666666666666666,0.2088888888888889,greedy,0.5,0.8620689655172413,0.17739887535572052,0.06294970214366913,0.29334317311078895,1.1923428033960277,34.5779412984848,6.0,1.9333333333333333,12.0,0.41247996091271727,0.101123595505618,0.5089710076045627,0.7119096497772721,0.7538461538461538,0.2880903502227279
2025-12-18,0.8808621208534185,85.34254778018035,0.9428994082840236,-0.6285487739156679,1.4646338848855436,4.808602440854457,0.044894596448577635,-0.028840294541366992,0.30000000000000004,0.30000000000000004,-0.30000000000000004,0.0674490759470226,0.10905262753796618,0.30000000000000004,-0.09310864053370736,0.18141475599492637,high_stress,partial_correlation,60,residual,30,84,0.19310344827586207,0.02,0,5.6,0.7967882752418518,0.7623517513275146,2.403042793273926,0.14228364825248718,0.03868432715535164,0.02747546136379242,-0.006061229854822159,0.38095238095238093,0.6190476190476191,0.04296387732028961,0.02747546136379242,-0.006061229854822159,0.15590710344662345,0.24,-0.21269214961361416,1.0,1,1.0094963312149048,0.09755720943212509,3.1682329177856445,0.45304036140441895,0.055278122425079346,0.31248349196696484,5,0.26666666666666666,0.21111111111111114,greedy,0.5,0.8620689655172413,0.17382019758224487,0.06195931136608124,0.28814026869495923,1.195938566635395,34.68221843242645,4.0,1.9333333333333333,14.0,0.4120224418653839,0.05747126436781613,0.545953118089341,0.7208892941447472,0.7203174603174605,0.27911070585525277
2025-12-19,0.8231550933724552,83.83917378278096,0.930198166223011,-1.5033739973993931,-2.8836577993881605,-5.231302523328324,0.03593405108955739,-0.028840294541366992,0.30000000000000004,0.30000000000000004,-0.30000000000000004,0.0674490759470226,0.09106996439864357,0.30000000000000004,-0.08154234978417851,0.13908464626277692,high_stress,partial_correlation,60,residual,30,84,0.19310344827586207,0.02,0,5.6,0.7826582193374634,0.7248080968856812,2.392333507537842,0.13976037502288818,0.03724076598882675,0.026988212019205093,-0.005467399954795837,0.39285714285714285,0.6071428571428571,0.04297201335430145,0.026988212019205093,-0.005467399954795837,0.14633325589050714,0.228,-0.17660279359015785,1.0,1,0.9990490078926086,0.08401902765035629,3.1690311431884766,0.4522590637207031,0.05489114299416542,0.29593667231732446,6,0.2,0.17111111111111113,greedy,0.5,0.8275862068965517,0.17398640513420105,0.06188466399908066,0.28714920820276046,1.1969519812485268,34.711607456207275,5.0,1.9333333333333333,12.0,0.4120251538767212,0.06896551724137934,0.7147540983606557,0.8366523745065602,0.8357142857142857,0.16334762549343984
2025-12-22,0.9592987248648668,87.19819494618486,0.9639266706091071,3.359021163403895,-0.040630083720103016,-1.5330552509801691,0.0331330200291277,-0.028840294541366992,0.30000000000000004,0.30000000000000004,-0.30000000000000004,0.0674490759470226,0.10168841094963861,0.30000000000000004,-0.0378763532466313,0.22374486572707597,high_stress,partial_correlation,60,residual,30,84,0.19310344827586207,0.02,0,5.6,0.7782411575317383,0.7174111604690552,2.3971621990203857,0.13897162675857544,0.03805165737867355,0.02683589980006218,-0.00552166486158967,0.39285714285714285,0.6071428571428571,0.04298034682869911,0.02683589980006218,-0.00552166486158967,0.15198644461869376,0.25301204819277107,-0.174679250770851,1.0,1,0.9909261465072632,0.08845365047454834,3.168588161468506,0.44634735584259033,0.05598200112581253,0.30581931574307536,4,0.3333333333333333,0.2688888888888889,greedy,0.5,0.896551724137931,0.17132744193077087,0.060991495847702026,0.2780207588424821,1.2009981007411563,34.82894492149353,5.0,1.9333333333333333,12.0,0.41202793170152036,0.1123595505617978,0.44841163908168713,0.6683973511590687,0.5382515632515633,0.33160264884093127
2025-12-23,0.9923634240055345,87.91841455748528,0.971918415607449,0.720219611300422,0.018034351414186744,4.6992898863053085,0.05553109502744873,-0.0006202213879863503,0.30000000000000004,0.30000000000000004,-0.30000000000000004,0.0674490759470226,0.08539122572787933,0.30000000000000004,-0.039132617035905974,0.22374486572707597,high_stress,partial_correlation,60,residual,30,86,0.19770114942528735,0.02,0,5.733333333333333,0.8135614991188049,0.7544411420822144,2.4516842365264893,0.14190024137496948,0.03816158324480057,0.02805384434759617,-0.006918361876159906,0.37209302325581395,0.627906976744186,0.04218219593167305,0.02805384434759617,-0.006918361876159906,0.1433099340430309,0.245136186770428,-0.1607444650604628,1.0,1,1.025395154953003,0.0940348356962204,3.1808807849884033,0.46316051483154297,0.055275809019804,0.29224064682100825,4,0.3333333333333333,0.2777777777777778,greedy,0.5,0.896551724137931,0.17906531691551208,0.06326387077569962,0.297176732354936,1.195164709255613,34.65977656841278,7.0,1.9333333333333333,12.0,0.41329444845232016,0.11111111111111116,0.5689411098527747,0.6960124121751002,0.7045454545454546,0.30398758782489976
2025-12-24,0.9537895672200097,87.0746931848086,0.9606973995271868,-0.8437213726766828,1.1035966307125733,5.123244450280225,0.05395372527616802,-0.014730257964676585,0.30000000000000004,0.30000000000000004,-0.30000000000000004,0.0674490759470226,0.05434118560130599,0.30000000000000004,0.011361082365262978,0.18141475599492637,high_stress,partial_correlation,60,residual,30,85,0.19540229885057472,0.02,0,5.666666666666667,0.8110740780830383,0.7650144100189209,2.2374088764190674,0.14313073456287384,0.04074905812740326,0.027968071401119232,-0.006397663149982691,0.38823529411764707,0.611764705882353,0.04197707027196884,0.027968071401119232,-0.006397663149982691,0.12677910384952792,0.21386138613861386,-0.22546284841350478,1.0,1,1.0118772983551025,0.09228331595659256,3.178351402282715,0.4409000873565674,0.056211039423942566,0.30776043991827573,5,0.3,0.2177777777777778,greedy,0.5,0.8620689655172413,0.17666323482990265,0.0627715215086937,0.29237081462511627,1.1963436315799583,34.69396531581879,6.0,1.9333333333333333,12.0,0.41245978970751457,0.16129032258064513,0.42392876170180377,0.6521906059476866,0.7113636363636364,0.34780939405231337
2025-12-25,0.9066605851341252,85.97627888663237,0.9497784342688331,-1.0984142981762233,0.6337311064520179,3.2254374067520786,0.048519063228589454,-0.028840294541366992,0.30000000000000004,0.30000000000000004,-0.30000000000000004,0.0674490759470226,0.04744685498562473,0.30000000000000004,0.033001239251478263,0.13908464626277692,high_stress,partial_correlation,60,residual,30,84,0.19310344827586207,0.02,0,5.6,0.8025038242340088,0.6855442523956299,2.432170867919922,0.1433042734861374,0.04096848890185356,0.027672549709677696,-0.0072325486689805984,0.36904761904761907,0.6309523809523809,0.04304741322994232,0.027672549709677696,-0.0072325486689805984,0.12310860911776239,0.24165029469548133,-0.18170154062307428,1.0,1,1.0289313793182373,0.09322251379489899,3.1693344116210938,0.4899004101753235,0.05711035430431366,0.29856378113582577,6,0.23333333333333334,0.17333333333333334,greedy,0.5,0.8275862068965517,0.18165239691734314,0.06432158499956131,0.3092327741861167,1.1910703305540413,34.5410395860672,6.0,1.9333333333333333,12.0,0.4120502871686014,0.18279569892473113,0.7212169192490386,0.8434322959847703,0.8555555555555555,0.15656770401522968
2025-12-26,0.7718496628874678,82.40018549803183,0.9181925575900768,-3.5760933886005404,-1.4389882847491293,-3.664917208073021,0.04036599115122441,-0.042950331118057225,0.30000000000000004,0.30000000000000004,-0.30000000000000004,0.0674490759470226,0.03787633967915053,0.30000000000000004,-0.06997605903464965,0.13908464626277692,high_stress,partial_correlation,60,residual,30,83,0.19080459770114944,0.02,0,5.533333333333333,0.7896470427513123,0.6822426915168762,2.2930941581726074,0.14270730316638947,0.04072004184126854,0.02722920849919319,-0.0071821147575974464,0.3614457831325301,0.6385542168674698,0.04243819788098335,0.02722920849919319,-0.0071821147575974464,0.11801333185722682,0.21604938271604937,-0.22716965046177445,1.0,1,0.9949986338615417,0.0888323187828064,3.1739587783813477,0.4478181004524231,0.05661923065781593,0.3140536513979151,6,0.26666666666666666,0.19111111111111112,greedy,0.5,0.8275862068965517,0.17813731729984283,0.06313830614089966,0.3055041112531989,1.1936975758651207,34.6172297000885,6.0,1.9333333333333333,12.0,0.41108093186071093,0.08045977011494254,0.7531614785992218,0.8512178612014932,0.8208333333333333,0.14878213879850677
2025-12-29,0.8782305116073372,85.27658740859789,0.9409506938293475,2.8764019105660594,-1.921607537586965,-2.838461677692635,0.039025146365362993,-0.028840294541366992,0.30000000000000004,0.30000000000000004,-0.30000000000000004,0.0674490759470226,0.045751806984551405,0.30000000000000004,-0.026569979143159346,0.18141475599492637,high_stress,partial_correlation,60,residual,30,84,0.19310344827586207,0.02,0,5.6,0.78753262758255,0.6868647336959839,2.290358066558838,0.140630841255188,0.04104182869195938,0.027156297117471695,-0.006491172127425671,0.38095238095238093,0.6190476190476191,0.042313799262046814,0.027156297117471695,-0.006491172127425671,0.12220617708993389,0.23588709677419356,-0.19940544030785398,1.0,1,0.9880819320678711,0.16425935924053192,3.1763124465942383,0.4387131333351135,0.05465886741876602,0.3115142976867803,5,0.3333333333333333,0.24666666666666667,greedy,0.5,0.8620689655172413,0.1790846437215805,0.06359224021434784,0.30196611622945213,1.1909724145100034,34.5382000207901,5.0,1.9333333333333333,14.0,0.41180574917930296,0.1235955056179775,0.7272634843170149,0.8385668816860692,0.7617845117845118,0.1614331183139308
2025-12-30,0.8802253645701968,85.32661018529019,0.9409681227863046,0.05002277669230182,-2.591804372195085,-2.8920208463045753,0.030261082860310175,-0.05706036769474763,0.30000000000000004,0.30000000000000004,-0.30000000000000004,0.0674490759470226,0.09490055333256223,0.30000000000000004,0.005590373862272267,0.13908464626277692,high_stress,partial_correlation,60,residual,30,82,0.18850574712643678,0.02,0,5.466666666666667,0.7737122178077698,0.6705808639526367,2.259413242340088,0.14153271913528442,0.0412507988512516,0.026679731905460358,-0.006604021415114403,0.36585365853658536,0.6341463414634146,0.04274525120854378,0.026679731905460358,-0.006604021415114403,0.14837263538726753,0.26931106471816285,-0.2008480542231354,1.0,1,0.97860187292099,0.16023200750350952,3.1645448207855225,0.4083195924758911,0.05447759851813316,0.3021937128989845,6,0.3,0.2,greedy,0.5,0.8275862068965517,0.1790924370288849,0.06349998712539673,0.3003012809195458,1.1903683440438633,34.520681977272034,5.0,1.9333333333333333,14.0,0.41041699944499355,0.15555555555555556,0.6446611652913228,0.8367190351007813,0.8722222222222221,0.16328096489921873
2025-12-31,1.011407921311186,88.31718594896901,0.9755089997049277,2.9905757636788195,1.242492764160417,-0.35410779488674393,0.040874254357146436,-0.042950331118057225,0.30000000000000004,0.30000000000000004,-0.30000000000000004,0.0674490759470226,0.09308318719390886,0.30000000000000004,0.11386708866838816,0.13908464626277692,high_stress,partial_correlation,60,residual,30,83,0.19080459770114944,0.02,0,5.533333333333333,0.7904485464096069,0.6842275857925415,2.197578191757202,0.14285215735435486,0.04048871994018555,0.02725684642791748,-0.006817706860601902,0.37349397590361444,0.6265060240963856,0.04229959473013878,0.02725684642791748,-0.006817706860601902,0.1474050820148714,0.2422360248447205,-0.16861439712487455,1.0,1,1.0073738098144531,0.15642103552818298,3.1721510887145996,0.4432690143585205,0.05326572060585022,0.3034843696130989,6,0.26666666666666666,0.18444444444444447,greedy,0.4666666666666667,0.8275862068965517,0.18151462078094482,0.06447941064834595,0.30836587470675536,1.1860937989991287,34.39672017097473,5.0,1.9333333333333333,13.0,0.4110347308104294,0.26315789473684215,0.48976059994231325,0.6826145160308805,0.6809523809523809,0.3173854839691195
2026-01-05,1.0008813160770829,88.09820188663323,0.9728613569321534,-0.21898406233577816,2.121923000000862,0.7001171688661998,0.05161385795352833,-0.042950331118057225,0.30000000000000004,0.30000000000000004,-0.30000000000000004,0.0674490759470226,0.058784684617203015,0.30000000000000004,0.08456927268245945,0.18141475599492637,high_stress,partial_correlation,60,residual,30,83,0.19080459770114944,0.02,0,5.533333333333333,0.8073842525482178,0.7029240727424622,2.2411177158355713,0.14591282606124878,0.04159315675497055,0.027840835973620415,-0.005364977288991213,0.40963855421686746,0.5903614457831325,0.04185721278190613,0.027840835973620415,-0.005364977288991213,0.12914479250556052,0.25210084033613445,-0.1290158057590629,1.0,1,1.0216240882873535,0.1492411494255066,3.1762359142303467,0.4606006145477295,0.05288657546043396,0.3061212185961318,5,0.3333333333333333,0.2377777777777778,greedy,0.5333333333333333,0.8620689655172413,0.18667787313461304,0.06620776653289795,0.31114728768428035,1.1821296050630767,34.281758546829224,5.0,1.9333333333333333,11.0,0.4108872701610185,0.23404255319148937,0.375175168161435,0.6282548224741386,0.5365740740740741,0.37174517752586145
2026-01-06,0.9800255142409087,87.65384747807772,0.9684458861692716,-0.4443544085555118,5.253661980045891,0.8947370262801115,0.04079430515087726,-0.028840294541366992,0.30000000000000004,0.30000000000000004,-0.30000000000000004,0.0674490759470226,0.008098991176787524,0.30000000000000004,0.11110868051266161,0.18141475599492637,high_stress,partial_correlation,60,residual,30,84,0.19310344827586207,0.02,0,5.6,0.790322482585907,0.7100773453712463,2.1665546894073486,0.1411290317773819,0.04165874794125557,0.027252499014139175,-0.007395971100777388,0.34523809523809523,0.6547619047619048,0.04265674948692322,0.027252499014139175,-0.007395971100777388,0.10216007402893662,0.23353293413173654,-0.20363287104208525,1.0,1,1.001944661140442,0.15336747467517853,3.166975736618042,0.4695528745651245,0.052736226469278336,0.2694354399309894,5,0.3,0.21333333333333337,greedy,0.5,0.8620689655172413,0.16840320825576782,0.06063269078731537,0.2915857421761854,1.1971114010646426,34.716230630874634,4.0,1.9333333333333333,11.0,0.4119200659209284,0.26041666666666663,0.17109907043793807,0.43325175043120046,0.4222222222222222,0.5667482495687995
2026-01-07,1.0040377083018415,88.16423410629433,0.9740566037735849,0.5103866282166081,2.8876466976964394,-1.2667202659361294,0.02317417147066066,-0.028840294541366992,0.30000000000000004,0.30000000000000004,-0.30000000000000004,0.0674490759470226,0.05535055946724504,0.30000000000000004,0.06315933023120386,0.22374486572707597,high_stress,partial_correlation,60,residual,30,84,0.19310344827586207,0.02,0,5.6,0.7625367045402527,0.6773439645767212,2.2259020805358887,0.1361672580242157,0.04467305168509483,0.026294365525245667,-0.007530036382377148,0.3333333333333333,0.6666666666666666,0.042661458253860474,0.026294365525245667,-0.007530036382377148,0.12731648763104897,0.22529644268774704,-0.25078292081869236,1.0,1,0.9542381763458252,0.17362773418426514,3.1681151390075684,0.39795219898223877,0.053883858025074005,0.3175685730522325,4,0.26666666666666666,0.2511111111111111,greedy,0.4666666666666667,0.896551724137931,0.16092030704021454,0.05975918471813202,0.27813582604354314,1.1946389901226964,34.6445307135582,4.0,1.9333333333333333,12.0,0.4119216355099075,0.21276595744680848,0.36141896142864055,0.521544943633227,0.4844444444444444,0.478455056366773
2026-01-08,0.837588950147631,84.22649493113138,0.9304450338933098,-3.937739175162946,-1.1001152541588084,-4.985292586335547,0.013423314163464584,-0.07117040427143786,0.30000000000000004,0.30000000000000004,-0.30000000000000004,0.0674490759470226,0.07162889069388036,0.30000000000000004,-0.02515668238022531,0.18141475599492637,high_stress,partial_correlation,60,residual,30,81,0.18620689655172415,0.02,0,5.4,0.7471600770950317,0.6647344827651978,2.2805140018463135,0.13836297392845154,0.047309014946222305,0.025764141231775284,-0.006635002791881561,0.345679012345679,0.654320987654321,0.043387558311223984,0.025764141231775284,-0.006635002791881561,0.13598296046793296,0.22453222453222454,-0.275927244898182,1.0,1,0.9417961835861206,0.18099209666252136,3.155752658843994,0.3782902956008911,0.05348208546638489,0.3239986564676872,5,0.3,0.22666666666666668,greedy,0.4666666666666667,0.8620689655172413,0.16357648372650146,0.06029660254716873,0.27849971052587075,1.1886170321497425,34.46989393234253,5.0,1.9333333333333333,11.0,0.40986481828764937,0.125,0.8148148148148148,0.8753238389243617,0.8338293650793651,0.12467616107563828
2026-01-09,0.9200911461681676,86.29702653911603,0.952857984678845,2.0705316079846483,-2.0201594098529796,-1.0172525306117137,0.01498441318939061,-0.07117040427143786,0.30000000000000004,0.30000000000000004,-0.30000000000000004,0.0674490759470226,0.08005437351091631,0.30000000000000004,0.08968904152949878,0.13908464626277692,high_stress,partial_correlation,60,residual,30,81,0.18620689655172415,0.02,0,5.4,0.7496217489242554,0.6594277620315552,2.2735588550567627,0.1388188749551773,0.053460028022527695,0.025849029421806335,-0.005627074278891087,0.35802469135802467,0.6419753086419753,0.042050957679748535,0.025849029421806335,-0.005627074278891087,0.14046863021840453,0.23225806451612904,-0.21666820175760199,1.0,1,0.9308568239212036,0.13730186223983765,3.1710047721862793,0.3825247287750244,0.051985882222652435,0.33826532538973836,6,0.3,0.19333333333333336,greedy,0.5333333333333333,0.8275862068965517,0.162322998046875,0.060803525149822235,0.2797806296435754,1.1836714127968098,34.32647097110748,4.0,1.9333333333333333,12.0,0.4094192847438242,0.23913043478260865,0.48540706605222733,0.6322019413103779,0.6298412698412699,0.3677980586896221
2026-01-12,0.9048606709530973,85.93281925425946,0.946980854197349,-0.36420728485657605,-2.1653826323737775,2.054905358964646,0.03723358536009721,-0.042950331118057225,0.30000000000000004,0.30000000000000004,-0.30000000000000004,0.035972840505078714,0.02954071480948638,0.30000000000000004,0.10597921513371505,0.13908464626277692,high_stress,partial_correlation,60,residual,30,83,0.19080459770114944,0.02,0,5.533333333333333,0.7847074866294861,0.7936978340148926,2.2898993492126465,0.14181460440158844,0.05719683691859245,0.027058877050876617,-0.005850489716976881,0.3493975903614458,0.6506024096385542,0.04147421941161156,0.027058877050876617,-0.005850489716976881,0.11357550186681625,0.27044025157232704,-0.19455091216573075,0.9666666666666667,2,0.9604470133781433,1.1102230246251565e-16,3.164146661758423,0.33501625061035156,0.0518069751560688,0.36166490819909297,6,0.3,0.21333333333333335,greedy,0.5,0.8275862068965517,0.19115354120731354,0.0701943188905716,0.3051540143664697,1.1509504605983865,33.37756335735321,6.0,1.9333333333333333,11.0,0.3996484945931426,0.25531914893617025,0.6116849756790731,0.7906813855397508,0.687037037037037,0.20931861446024924
2026-01-13,0.754149800641237,81.88090711184924,0.9110718492343934,-4.051912142410217,-5.772940366228482,-4.841924470319881,0.019634380970810536,-0.0993904774248185,0.30000000000000004,0.30000000000000004,-0.30000000000000004,0.035972840505078714,0.008535045566938534,0.30000000000000004,0.05031336476045051,0.13908464626277692,high_stress,partial_correlation,60,residual,30,79,0.18160919540229886,0.02,0,5.266666666666667,0.7569544911384583,0.7642909288406372,2.1614363193511963,0.14372555911540985,0.056951265782117844,0.02610188163816929,-0.004319891799241304,0.379746835443038,0.620253164556962,0.04156423360109329,0.02610188163816929,-0.004319891799241304,0.10239222642066731,0.2708333333333333,-0.14380205681843533,0.9666666666666667,2,0.9366639256477356,6.679830022449096e-09,3.1547391414642334,0.274605393409729,0.053155217319726944,0.3755891101560704,6,0.3333333333333333,0.2177777777777778,greedy,0.5333333333333333,0.8275862068965517,0.18756413459777832,0.06921304762363434,0.29279766672668794,1.151196120114162,33.3846874833107,6.0,1.9333333333333333,10.0,0.39661336522335294,0.19999999999999996,0.5191211524510312,0.7479420790106662,0.7666666666666666,0.2520579209893338
2026-01-14,0.881813043193703,85.366322050093,0.9402413894612893,3.485414938243764,-2.7979120562013264,-1.872502979811955,0.04349305329360355,-0.028840294541366992,0.30000000000000004,0.30000000000000004,-0.30000000000000004,0.0674490759470226,-0.02083616453638863,0.30000000000000004,0.039132617035905974,0.18141475599492637,high_stress,partial_correlation,60,residual,30,84,0.19310344827586207,0.02,0,5.6,0.7945783734321594,0.7798284888267517,2.1484596729278564,0.14188896119594574,0.051862310618162155,0.027399249374866486,-0.0025800575967878103,0.42857142857142855,0.5714285714285714,0.040464136749506,0.027399249374866486,-0.0025800575967878103,0.08675519391389536,0.25316455696202533,-0.12983294315658997,1.0,1,0.9555553793907166,0.12464245408773422,3.1883065700531006,0.30725622177124023,0.050977304577827454,0.3285254833070407,5,0.3,0.2288888888888889,greedy,0.5,0.8620689655172413,0.18871648609638214,0.07062788307666779,0.3081499780721507,1.1424376121882736,33.13069075345993,4.0,1.9333333333333333,11.0,0.411189195008456,0.18888888888888888,0.6579788212857788,0.7827240254410754,0.7059343434343434,0.21727597455892456
2026-01-15,1.0917257324569172,89.87535727124553,0.9876397881106533,4.50903522115253,5.64886234011415,1.9749770651744427,0.012883708402385619,-0.042950331118057225,0.30000000000000004,0.30000000000000004,-0.30000000000000004,0.0674490759470226,-0.003320328567306005,0.30000000000000004,0.27624885179794556,0.18141475599492637,high_stress,partial_correlation,60,residual,30,83,0.19080459770114944,0.02,0,5.533333333333333,0.7463091611862183,0.6818938255310059,2.1871423721313477,0.13487514853477478,0.05440736934542656,0.02573479898273945,-0.000561160035431385,0.4578313253012048,0.5421686746987951,0.04473543539643288,0.02573479898273945,-0.000561160035431385,0.09608050585944586,0.24561403508771928,-0.21099531186672796,1.0,1,0.9713506698608398,0.07319942116737366,3.1264967918395996,0.39026927947998047,0.05672726780176163,0.3379727268250111,5,0.26666666666666666,0.20888888888888893,greedy,0.5,0.8620689655172413,0.17322692275047302,0.06433780491352081,0.28434884876372857,1.1652900062758347,33.79341018199921,5.0,1.9333333333333333,9.0,0.4118466776991941,0.42452830188679247,0.5927035630990279,0.7314997069992953,0.7161904761904762,0.26850029300070466
2026-01-16,0.8451783584473223,84.4271065857844,0.9311562224183584,-5.448250685461133,-1.8699199533316317,-1.543989968311621,0.011312024841439384,-0.05706036769474763,0.30000000000000004,0.30000000000000004,-0.30000000000000004,0.0674490759470226,-0.017038361960285058,0.30000000000000004,0.0167711215868168,0.22374486572707597,high_stress,partial_correlation,60,residual,30,82,0.18850574712643678,0.02,0,5.466666666666667,0.7438307404518127,0.7034602761268616,2.1030845642089844,0.13606660068035126,0.0544697605073452,0.025649335235357285,-0.0005620597512461245,0.4634146341463415,0.5365853658536586,0.04328989237546921,0.025649335235357285,-0.0005620597512461245,0.08877711817673349,0.22594142259414227,-0.28455771604867536,1.0,1,0.9315276145935059,0.1577351987361908,3.1468472480773926,0.2871355414390564,0.05569276958703995,0.3434788123161863,4,0.43333333333333335,0.3066666666666667,greedy,0.4666666666666667,0.896551724137931,0.1764790266752243,0.06496164202690125,0.3049076735887766,1.1646195958400596,33.773968279361725,6.0,1.9333333333333333,11.0,0.4105985465006354,0.16666666666666663,0.516920918814659,0.7000908391796472,0.6651648351648352,0.2999091608203528
2026-01-19,0.8067179068070394,83.38878576696854,0.9229411764705883,-1.038320818815862,-2.5440334872909176,-1.953762013211815,0.005692664370466057,-0.042950331118057225,0.30000000000000004,0.30000000000000004,-0.30000000000000004,0.0674490759470226,-0.021659379974135386,0.30000000000000004,0.0167711215868168,0.18141475599492637,high_stress,partial_correlation,60,residual,30,83,0.19080459770114944,0.02,0,5.533333333333333,0.7349693179130554,0.6863070726394653,2.076601028442383,0.13282577693462372,0.05461243540048599,0.025343770161271095,-0.0019106941763311625,0.43373493975903615,0.5662650602409639,0.04269500449299812,0.025343770161271095,-0.0019106941763311625,0.08631691961348904,0.22151898734177214,-0.23709051222708008,1.0,1,0.9169222712516785,0.14654061198234558,3.1578617095947266,0.3013102412223816,0.055997855961322784,0.34757578692798796,5,0.26666666666666666,0.21555555555555558,greedy,0.5,0.8620689655172413,0.16914600133895874,0.06227368116378784,0.2871491656533379,1.176097103233995,34.10681599378586,6.0,1.9333333333333333,11.0,0.41116653406471587,0.16666666666666663,0.6532759445241512,0.8254844968009629,0.8392857142857143,0.17451550319903708
2026-01-20,0.8460950141406061,84.45119528284889,0.9317847691855337,1.062409515880347,2.570288170999646,0.6120215000679252,0.008586010388434493,-0.028840294541366992,0.30000000000000004,0.30000000000000004,-0.30000000000000004,0.0674490759470226,-0.039772784573221295,0.30000000000000004,0.014928141192661105,0.22374486572707597,high_stress,partial_correlation,60,residual,30,84,0.19310344827586207,0.02,0,5.6,0.739531934261322,0.707718551158905,2.057835340499878,0.1320592761039734,0.05338931828737259,0.025501102209091187,-0.001355856191366911,0.44047619047619047,0.5595238095238095,0.04224071279168129,0.025501102209091187,-0.001355856191366911,0.07667346619336136,0.20440881763527055,-0.25590565375888435,1.0,1,0.9073827862739563,0.1456918716430664,3.163733720779419,0.3104236125946045,0.05467265471816063,0.3208497262318021,4,0.43333333333333335,0.3088888888888889,greedy,0.5,0.896551724137931,0.17084753513336182,0.0626850426197052,0.2886773247097705,1.1767068484733845,34.12449860572815,6.0,1.9333333333333333,11.0,0.41178138702251443,0.1648351648351648,0.5102058492363657,0.6923335718936409,0.6901648351648352,0.30766642810635914
2026-01-21,0.7610256978772161,82.08403604363069,0.911522633744856,-2.3671592392181964,-3.2822860064623143,-5.114158902554166,0.002459208811346537,-0.05706036769474763,0.30000000000000004,0.30000000000000004,-0.30000000000000004,0.0674490759470226,-0.03684515501307207,0.30000000000000004,0.045938289563889616,0.13908464626277692,high_stress,partial_correlation,60,residual,30,82,0.18850574712643678,0.02,0,5.466666666666667,0.7298703789710999,0.6755130887031555,1.9754427671432495,0.13351286947727203,0.05186106264591217,0.02516794390976429,-0.001443169079720974,0.43902439024390244,0.5609756097560976,0.041560880839824677,0.02516794390976429,-0.001443169079720974,0.07823211626051178,0.19911504424778761,-0.24151496121173482,1.0,1,0.8836733102798462,0.13128697872161865,3.1730217933654785,0.28153759241104126,0.05409280210733414,0.32026173149538534,6,0.3333333333333333,0.21333333333333337,greedy,0.6,0.8275862068965517,0.16862450540065765,0.06178392097353935,0.2846656403381431,1.1784714522032902,34.175672113895416,7.0,1.9333333333333333,10.0,0.41002220932208716,0.19565217391304346,0.5151765165660689,0.6815947391643141,0.7023809523809523,0.3184052608356859
2026-01-22,0.702769499755363,80.30613731541307,0.8971495739053776,-1.7778987282176217,-9.569219955832466,-7.61227724207221,0.0027991128275457722,-0.05706036769474763,0.30000000000000004,0.30000000000000004,-0.30000000000000004,0.0674490759470226,-0.05655589053332133,0.30000000000000004,-0.0352771867860631,0.18141475599492637,elevated,partial_correlation,60,residual,30,82,0.18850574712643678,0.02,0,5.466666666666667,0.7304064631462097,0.7558825612068176,1.965732455253601,0.13361091911792755,0.051197245717048645,0.02518642693758011,-0.0010820908937603235,0.45121951219512196,0.5487804878048781,0.04213910549879074,0.02518642693758011,-0.0010820908937603235,0.06773825472133034,0.18025751072961374,-0.372284757865263,1.0,1,0.8863606452941895,0.16518063843250275,3.163784980773926,0.2958465814590454,0.055100828409194946,0.3148190280031238,5,0.3333333333333333,0.24666666666666667,greedy,0.5666666666666667,0.8620689655172413,0.16823111474514008,0.06195179373025894,0.28180644382988995,1.1779421136297028,34.16032129526138,6.0,1.9333333333333333,10.0,0.41021495087507587,0.11494252873563215,0.5114984619891607,0.7002812714790657,0.661039886039886,0.2997187285209343
2026-01-23,0.9459051565439767,86.89618035422397,0.9576968272620446,6.590043038810904,2.4690737684395714,-0.17851283058462286,0.005718389243605796,-0.07117040427143786,0.30000000000000004,0.30000000000000004,-0.30000000000000004,0.0674490759470226,-0.000918233372536085,0.30000000000000004,0.07875135353809654,0.2660749754592254,high_stress,partial_correlation,60,residual,30,81,0.18620689655172415,0.02,0,5.4,0.7350099682807922,0.6969910860061646,1.863640546798706,0.13611295819282532,0.05224047228693962,0.025345169007778168,-7.452855061274022e-05,0.48148148148148145,0.5185185185185185,0.04179152473807335,0.025345169007778168,-7.452855061274022e-05,0.09735936500460321,0.2702702702702703,-0.17962856814066105,1.0,1,0.9065564274787903,0.05841968581080437,3.1588239669799805,0.26313555240631104,0.0551174059510231,0.3571565555080497,3,0.43333333333333335,0.3622222222222222,greedy,0.4666666666666667,0.9310344827586207,0.17233477532863617,0.0644145980477333,0.29089908468863757,1.1653952105291958,33.79646110534668,7.0,1.9333333333333333,11.0,0.40933280709659914,0.2282608695652174,0.6306160259379342,0.6947046805574546,0.5339660339660339,0.3052953194425454
2026-01-26,0.7437976740512391,81.57170731361406,0.9069016152716594,-5.3244730406099166,-1.8170784533544833,-4.404571573018316,0.009208100163522099,-0.05706036769474763,0.30000000000000004,0.30000000000000004,-0.30000000000000004,0.035972840505078714,-0.002026758881006526,0.30000000000000004,-0.023710896036534243,0.18141475599492637,high_stress,partial_correlation,60,residual,30,82,0.18850574712643678,0.02,0,5.466666666666667,0.7405129671096802,0.6792571544647217,1.8255064487457275,0.13545969128608704,0.05348776653409004,0.02553492970764637,-0.001143969944678247,0.43902439024390244,0.5609756097560976,0.042458854615688324,0.02553492970764637,-0.001143969944678247,0.09676919356292418,0.26282051282051283,-0.23367478659997962,0.9666666666666667,2,0.9284605383872986,1.1093755946312082e-16,3.1421122550964355,0.3014789819717407,0.05744817480444908,0.3443677122279474,5,0.4,0.3155555555555556,greedy,0.5333333333333333,0.8620689655172413,0.1709408313035965,0.06386757642030716,0.2831485868901763,1.166177916115728,33.81915956735611,7.0,1.9333333333333333,11.0,0.39921042280293056,0.12643678160919536,0.8886423756293199,0.8914835123409983,0.8076923076923078,0.10851648765900168
2026-01-27,0.8162191526785116,83.6503388429336,0.9242513211978861,2.0786315293195514,-0.8008564399152789,1.2501533449017757,0.009787988815163422,-0.05706036769474763,0.30000000000000004,0.30000000000000004,-0.30000000000000004,0.035972840505078714,0.01815206574672908,0.30000000000000004,0.02795186931136144,0.18141475599492637,high_stress,partial_correlation,60,residual,30,82,0.18850574712643678,0.02,0,5.466666666666667,0.7414274215698242,0.6767567992210388,1.9136890172958374,0.13562695682048798,0.05346377566456795,0.0255664624273777,-0.001044932403601706,0.45121951219512196,0.5487804878048781,0.04361780732870102,0.0255664624273777,-0.001044932403601706,0.10751226255947902,0.2670807453416149,-0.20523289226971536,0.9666666666666667,2,0.9516270160675049,-1.0411141689414947e-17,3.126849889755249,0.28508180379867554,0.05727221444249153,0.3499845762143707,5,0.36666666666666664,0.26222222222222225,greedy,0.5333333333333333,0.8620689655172413,0.16774511337280273,0.06254640221595764,0.28279111327914175,1.169797367063062,33.924123644828796,7.0,1.9333333333333333,11.0,0.39959674037393483,0.1777777777777778,0.47014400173235166,0.657657024260846,0.574891774891775,0.34234297573915395
2026-01-28,0.8205897168826616,83.7695359285005,0.9248605811564427,0.11919708556689557,1.685499884869813,-1.5070514800973882,0.012665132616094447,-0.05706036769474763,0.30000000000000004,0.30000000000000004,-0.30000000000000004,0.035972840505078714,0.019645486149948075,0.30000000000000004,0.02795186931136144,0.18141475599492637,high_stress,partial_correlation,60,residual,30,82,0.18850574712643678,0.02,0,5.466666666666667,0.7459644675254822,0.6704854965209961,1.970324993133545,0.1364569216966629,0.05635309964418411,0.025722913444042206,-0.0006354808574542403,0.4634146341463415,0.5365853658536586,0.0443313829600811,0.025722913444042206,-0.0006354808574542403,0.10830734942546982,0.281437125748503,-0.24567739196542734,0.9666666666666667,2,0.9638820290565491,2.569146284603363e-10,3.113328218460083,0.2907949686050415,0.059083208441734314,0.35042995220688034,5,0.4,0.30000000000000004,greedy,0.5,0.8620689655172413,0.16882812976837158,0.0631103441119194,0.2848863982226959,1.1658385745410262,33.80931866168976,6.0,1.9333333333333333,11.0,0.39983459891772816,0.1777777777777778,0.4764473957252542,0.6295358184799641,0.6374025974025974,0.3704641815200359
2026-01-29,0.7865548015332962,82.82264550279321,0.9175469483568075,-0.946890425707295,2.51650818738014,-2.503964682496985,0.007437776736614019,-0.0993904774248185,0.30000000000000004,0.30000000000000004,-0.30000000000000004,0.035972840505078714,0.01985164024382247,0.30000000000000004,0.04126826547767294,0.18141475599492637,high_stress,partial_correlation,60,residual,30,79,0.18160919540229886,0.02,0,5.266666666666667,0.7377212643623352,0.5998678803443909,1.9973846673965454,0.14007367193698883,0.055745504796504974,0.025438664481043816,0.00016171082097571343,0.4810126582278481,0.5189873417721519,0.04505237191915512,0.025438664481043816,0.00016171082097571343,0.10841710446300411,0.2802547770700637,-0.2553047236109645,0.9666666666666667,2,0.9634564518928528,1.4476247025296162e-16,3.1040830612182617,0.32150721549987793,0.06138718128204346,0.3434553135122502,5,0.3333333333333333,0.2555555555555556,greedy,0.4666666666666667,0.8620689655172413,0.16711173951625824,0.062306441366672516,0.280299385423594,1.1699440725918473,33.928378105163574,5.0,1.9333333333333333,12.0,0.3977760779960402,0.1910112359550562,0.5874476987447699,0.7197297587141666,0.7841758241758241,0.28027024128583344
2026-01-30,0.7443921292425892,81.58957263100974,0.9061308301554708,-1.2330728717834631,-5.306607723214228,-6.727613317959268,0.008854460229707636,-0.05706036769474763,0.30000000000000004,0.30000000000000004,-0.30000000000000004,0.035972840505078714,-3.518317725820759e-05,0.30000000000000004,-0.06708448634726742,0.22374486572707597,high_stress,partial_correlation,60,residual,30,82,0.18850574712643678,0.02,0,5.466666666666667,0.7399553060531616,0.6762499809265137,1.9877142906188965,0.13535769283771515,0.054048240184783936,0.02551569975912571,0.0002116844552801922,0.47560975609756095,0.524390243902439,0.04456093907356262,0.02551569975912571,0.0002116844552801922,0.09782949492298568,0.252,-0.2642975069859667,0.9666666666666667,2,0.9552232027053833,-2.525470289792671e-16,3.1145482063293457,0.3269389867782593,0.061275407671928406,0.3585257726162122,4,0.43333333333333335,0.36666666666666675,greedy,0.5,0.896551724137931,0.1659250408411026,0.061563894152641296,0.2773259347440532,1.174374940066502,34.05687326192856,5.0,1.9333333333333333,12.0,0.39991111762222203,0.08333333333333337,0.4918095238095238,0.6610352592487051,0.7119047619047618,0.3389647407512949
2026-02-02,0.6891754737527301,79.87260246063941,0.8923753665689149,-1.716970170370331,-1.6991048529746422,-8.22559942599382,0.012747411105151239,-0.05706036769474763,0.30000000000000004,0.30000000000000004,-0.30000000000000004,0.035972840505078714,-0.02656533189577012,0.30000000000000004,-0.05733383426190876,0.18141475599492637,elevated,partial_correlation,60,residual,30,82,0.18850574712643678,0.02,0,5.466666666666667,0.7460943460464478,0.6948091387748718,1.8861258029937744,0.1364806592464447,0.05439852178096771,0.02572738751769066,0.0006550564430654049,0.47560975609756095,0.524390243902439,0.04384171590209007,0.02572738751769066,0.0006550564430654049,0.08370502417556248,0.22745901639344263,-0.21563765605742966,0.9666666666666667,2,0.9577680826187134,1.2845812191741857e-09,3.1224703788757324,0.34408992528915405,0.059189680963754654,0.3277470410851073,5,0.36666666666666664,0.27111111111111114,greedy,0.5333333333333333,0.8620689655172413,0.1690852791070938,0.06263179332017899,0.2816405315216911,1.169035046265043,33.90201634168625,5.0,1.9333333333333333,11.0,0.3996713765650645,0.09302325581395354,0.6233766233766234,0.7275923194899978,0.7916666666666666,0.2724076805100022
2026-02-03,0.7999168268365425,83.19951346564297,0.920844327176781,3.326911005003552,-0.4508253772906414,-4.454334012434757,0.014980131419560425,-0.05706036769474763,0.30000000000000004,0.30000000000000004,-0.30000000000000004,0.035972840505078714,-0.003342402699636913,0.30000000000000004,0.02795186931136144,0.18141475599492637,high_stress,partial_correlation,60,residual,30,82,0.18850574712643678,0.02,0,5.466666666666667,0.7496150732040405,0.6419850587844849,1.8897387981414795,0.13712471723556519,0.05385098606348038,0.02584879659116268,0.0015960298478603363,0.5,0.5,0.043678779155015945,0.02584879659116268,0.0015960298478603363,0.09606875374151803,0.23877551020408164,-0.19998324372300258,0.9666666666666667,2,0.9634353518486023,2.055330572403591e-09,3.123689651489258,0.34236252307891846,0.059685349464416504,0.33649465328459605,5,0.3333333333333333,0.26666666666666666,greedy,0.5333333333333333,0.8620689655172413,0.16953608393669128,0.06260088831186295,0.28194840563409185,1.1695323874210488,33.91643923521042,5.0,1.9333333333333333,11.0,0.39961706431603977,0.1777777777777778,0.6258064516129033,0.7784074045311814,0.8606060606060606,0.2215925954688186
2026-02-04,0.6555038293439859,78.768172478706,0.8813012895662368,-4.431340986936959,-5.001363449794496,-9.396061627588324,0.008061236678047283,-0.08528044084812827,0.30000000000000004,0.30000000000000004,-0.30000000000000004,0.035972840505078714,-0.07251995769893309,0.30000000000000004,-0.012144605287005278,0.18141475599492637,elevated,partial_correlation,60,residual,30,80,0.1839080459770115,0.02,0,5.333333333333333,0.7387044429779053,0.7035579681396484,1.8081138134002686,0.13850708305835724,0.05483825132250786,0.025472566485404968,0.002215424319729209,0.5125,0.4875,0.04342757537961006,0.025472566485404968,0.002215424319729209,0.05923909393323997,0.19247787610619468,-0.1486955359290775,0.9666666666666667,2,0.9612904787063599,-1.1599265209233449e-16,3.1248059272766113,0.3439268469810486,0.059452638030052185,0.3458250989112465,5,0.3,0.2511111111111111,greedy,0.5666666666666667,0.8620689655172413,0.16738636791706085,0.0624644011259079,0.2811740180481185,1.1680615153805962,33.87378394603729,6.0,1.9333333333333333,11.0,0.39800076267442935,0.13793103448275867,0.5953488372093023,0.7305223656759443,0.775050505050505,0.2694776343240557
2026-02-05,0.6277003348861339,77.82333427097208,0.8728391444476999,-0.9448382077339232,-4.999311231821125,-6.403160660159301,0.024241394037294074,-0.0993904774248185,0.30000000000000004,0.30000000000000004,-0.30000000000000004,0.035972840505078714,-0.07337814674444058,0.30000000000000004,0.001170078250243061,0.13908464626277692,elevated,partial_correlation,60,residual,30,79,0.18160919540229886,0.02,0,5.266666666666667,0.7642194628715515,0.7235403656959534,1.7330464124679565,0.14510497450828552,0.05728040263056755,0.026352398097515106,0.0029654328245669603,0.5316455696202531,0.46835443037974683,0.04190385341644287,0.026352398097515106,0.0029654328245669603,0.05878219992191573,0.19424460431654678,-0.040551362833768166,0.9666666666666667,2,0.9768868684768677,5.138313108332682e-10,3.141961097717285,0.2972850203514099,0.05755934864282608,0.3386782678908107,6,0.26666666666666666,0.21111111111111114,greedy,0.5666666666666667,0.8275862068965517,0.1850680410861969,0.06857769191265106,0.3104813170683106,1.144288985893644,33.18438059091568,6.0,1.9333333333333333,12.0,0.39672657182846943,0.15116279069767447,0.7041295546558705,0.8146829448266917,0.6761111111111111,0.18531705517330832
2026-02-06,0.7132510487136556,80.63557168818667,0.8995313415348565,2.8122374172145896,-0.9540009428230718,-5.66145485092936,0.030981105274953725,-0.08528044084812827,0.30000000000000004,0.30000000000000004,-0.30000000000000004,0.035972840505078714,-0.05100729046341821,0.30000000000000004,0.001170078250243061,0.18141475599492637,elevated,partial_correlation,60,residual,30,80,0.1839080459770115,0.02,0,5.333333333333333,0.774847686290741,0.7242162227630615,1.9870917797088623,0.14528393745422363,0.05634313076734543,0.026718884706497192,0.002000827807933092,0.5,0.5,0.04267135262489319,0.026718884706497192,0.002000827807933092,0.0706922916627747,0.18,-0.1227587600161864,0.9666666666666667,2,0.9908329844474792,3.082996968828411e-09,3.1384429931640625,0.3446696400642395,0.057275332510471344,0.3394947287718581,5,0.3,0.2511111111111111,greedy,0.5666666666666667,0.8620689655172413,0.18682263791561127,0.06906691193580627,0.31437651615000417,1.1425721069862103,33.1345911026001,5.0,1.9333333333333333,13.0,0.3977486884228571,0.15116279069767447,0.8731983805668017,0.9381477575549779,0.8333333333333334,0.061852242445022076
2026-02-09,0.6667853954139483,79.14306720589714,0.8846266471449488,-1.492504482289533,-0.7295352547422738,-6.789752048362317,0.027846438709356183,-0.08528044084812827,0.30000000000000004,0.30000000000000004,-0.30000000000000004,0.035972840505078714,-0.03806308516202956,0.30000000000000004,-0.055105113785255413,0.18141475599492637,elevated,partial_correlation,60,residual,30,80,0.1839080459770115,0.02,0,5.333333333333333,0.769904375076294,0.7088088393211365,1.8966797590255737,0.1443570852279663,0.05597427487373352,0.02654843032360077,0.0024847814347594976,0.5125,0.4875,0.04247041791677475,0.02654843032360077,0.0024847814347594976,0.07758369853229334,0.2085201793721973,-0.14861374143897801,0.9666666666666667,2,0.9791184663772583,-4.1642353222340597e-17,3.138497829437256,0.3196198344230652,0.05649595335125923,0.3405263939267786,5,0.3333333333333333,0.2555555555555556,greedy,0.5,0.8620689655172413,0.18661722540855408,0.06889864057302475,0.3169436159153479,1.1432211522398323,33.15341341495514,5.0,1.9333333333333333,13.0,0.3976817101868176,0.09523809523809523,0.72538704343905,0.8209747899292643,0.8711111111111111,0.17902521007073569
2026-02-10,0.7835263082724209,82.73630294337086,0.9162763466042154,3.5932357374737194,-0.4632105222721066,0.8553958315216192,0.0492788204672571,-0.05706036769474763,0.30000000000000004,0.30000000000000004,-0.30000000000000004,0.035972840505078714,-0.035227625501994105,0.30000000000000004,0.009147884501900051,0.18141475599492637,high_stress,partial_correlation,60,residual,30,82,0.18850574712643678,0.02,0,5.466666666666667,0.8037020564079285,0.7170554399490356,1.8476309776306152,0.1470186710357666,0.056372273713350296,0.02771386317908764,0.0031155613251030445,0.524390243902439,0.47560975609756095,0.042435191571712494,0.02771386317908764,0.0031155613251030445,0.07909327797146641,0.23922413793103448,-0.027771432525975363,0.9666666666666667,2,1.042624831199646,3.235223813192079e-16,3.1424005031585693,0.368230402469635,0.056091759353876114,0.3217204284467861,5,0.43333333333333335,0.2866666666666667,greedy,0.5,0.8620689655172413,0.19383729994297028,0.07170460373163223,0.33068702952715023,1.1301584572627628,32.77459526062012,5.0,1.9333333333333333,16.0,0.3992025351216053,0.15909090909090906,0.41826717883055914,0.6278513645477585,0.738986013986014,0.3721486354522415
2026-02-11,0.7891353622912338,82.8959470968939,0.9177641205736026,0.15964415352304684,4.1277746181879,-2.470374953199098,0.05243383400308767,-0.07117040427143786,0.30000000000000004,0.30000000000000004,-0.30000000000000004,0.0674490759470226,-0.03768895735503624,0.30000000000000004,-0.04563305175947849,0.22374486572707597,high_stress,partial_correlation,60,residual,30,81,0.18620689655172415,0.02,0,5.4,0.8086773157119751,0.6679035425186157,1.9499609470367432,0.14975506067276,0.057419031858444214,0.027885423973202705,0.002482620533555746,0.5061728395061729,0.49382716049382713,0.04336380586028099,0.027885423973202705,0.002482620533555746,0.0777828816323107,0.22580645161290322,-0.06575983175719721,1.0,1,1.0663385391235352,0.08537492156028748,3.137214422225952,0.4270228147506714,0.05640043318271637,0.3222431203215332,4,0.43333333333333335,0.30000000000000004,greedy,0.5,0.896551724137931,0.19343455135822296,0.07192432880401611,0.3298178912989864,1.1270216415668357,32.68362760543823,5.0,1.9333333333333333,16.0,0.40985690080400167,0.10465116279069764,0.9649334945586457,0.9643021303121034,0.8,0.035697869687896566
2026-02-12,0.7135306148342951,80.64430082878006,0.8990637799882972,-2.251646268113845,2.820966557807978,-9.231056442465473,0.05374391855448906,-0.07117040427143786,0.30000000000000004,0.30000000000000004,-0.30000000000000004,0.0674490759470226,-0.03884287248142577,0.30000000000000004,-0.07906385890927953,0.18141475599492637,elevated,partial_correlation,60,residual,30,81,0.18620689655172415,0.02,0,5.4,0.8107432126998901,0.6815474033355713,1.8584649562835693,0.15013764798641205,0.057166166603565216,0.027956662699580193,0.0038683409802615643,0.5432098765432098,0.4567901234567901,0.042581308633089066,0.027956662699580193,0.0038683409802615643,0.07716854506674424,0.22417582417582418,-0.003008788186030275,1.0,1,1.06003999710083,0.09121023863554001,3.146847724914551,0.42563170194625854,0.05571490153670311,0.32751805452625904,5,0.23333333333333334,0.2066666666666667,greedy,0.5,0.8620689655172413,0.1969073861837387,0.07304196059703827,0.33711682777973995,1.1240127168852707,32.59636878967285,5.0,1.9333333333333333,16.0,0.40959606839493773,0.0714285714285714,0.7289719626168224,0.8962982840402008,0.8846153846153846,0.10370171595979916
2026-02-13,0.7180324748766405,80.7844546619302,0.8996782684995612,0.14015383315013707,0.14888297374352533,-3.6426519238542028,0.047551383246968136,-0.08528044084812827,0.30000000000000004,0.30000000000000004,-0.30000000000000004,0.035972840505078714,-0.017231918645336484,0.30000000000000004,-0.04439414537686822,0.18141475599492637,high_stress,partial_correlation,60,residual,30,80,0.1839080459770115,0.02,0,5.333333333333333,0.8009779453277588,0.689801812171936,1.8525651693344116,0.15018336474895477,0.0572475790977478,0.02761992998421192,0.002830198733136058,0.5125,0.4875,0.042990975081920624,0.02761992998421192,0.002830198733136058,0.08867406991398216,0.25389755011135856,0.013793499610127366,0.9666666666666667,2,1.0571736097335815,-1.817180479030788e-17,3.1299633979797363,0.411604642868042,0.05514581501483917,0.3185196176087144,5,0.3333333333333333,0.26,greedy,0.4666666666666667,0.8620689655172413,0.19693632423877716,0.07311590760946274,0.33742679955177657,1.1249424486324704,32.623331010341644,5.0,1.9333333333333333,16.0,0.3978552292418662,0.10588235294117643,0.5816503173687247,0.7782472481770147,0.703962703962704,0.22175275182298526
2026-02-23,0.6852095725777478,79.74478643336398,0.8894736842105263,-1.0396682285662138,0.6017192274668446,-3.6439993336045546,0.050767266422704585,-0.08528044084812827,0.30000000000000004,0.30000000000000004,-0.30000000000000004,0.035972840505078714,-0.0227790331549811,0.30000000000000004,-0.032555706609703305,0.13908464626277692,elevated,partial_correlation,60,residual,30,80,0.1839080459770115,0.02,0,5.333333333333333,0.8060492277145386,0.7198965549468994,1.8688323497772217,0.15113422274589539,0.0578935369849205,0.02779480069875717,0.0025566599797457457,0.5125,0.4875,0.0434439480304718,0.02779480069875717,0.0025566599797457457,0.0857208238747162,0.24945295404814005,-0.021994568900284974,0.9666666666666667,2,1.0708128213882446,7.249772862650788e-17,3.1247599124908447,0.42015862464904785,0.05594160780310631,0.3118035467499694,6,0.3333333333333333,0.22888888888888892,greedy,0.5,0.8275862068965517,0.19835396111011505,0.07385861873626709,0.3419720961994904,1.123097271754824,32.56982088088989,5.0,1.9333333333333333,16.0,0.3980062202247166,0.11764705882352944,0.5562459426875638,0.7105612238051519,0.7303030303030302,0.28943877619484815
2026-02-24,0.7621635128241874,82.11747735940057,0.9102601578485823,2.372690926036583,-0.6188255839702919,-2.3337179234483187,0.06103227865110902,-0.05706036769474763,0.30000000000000004,0.30000000000000004,-0.30000000000000004,0.0674490759470226,-0.03443964593009018,0.30000000000000004,-0.05623258414403302,0.18141475599492637,high_stress,partial_correlation,60,residual,30,82,0.18850574712643678,0.02,0,5.466666666666667,0.8222364187240601,0.7385416626930237,1.954081416130066,0.15040911734104156,0.059954605996608734,0.02835298329591751,0.003153919940814376,0.524390243902439,0.47560975609756095,0.04288026690483093,0.02835298329591751,0.003153919940814376,0.07951279293653549,0.23173277661795408,-0.09061613522273179,1.0,1,1.0675745010375977,0.09578514844179153,3.1412270069122314,0.38799023628234863,0.05518035963177681,0.3208474703325454,5,0.26666666666666666,0.21111111111111114,greedy,0.5,0.8620689655172413,0.1963147222995758,0.07321570813655853,0.3401978892054168,1.1228692223285806,32.56320744752884,5.0,1.9333333333333333,16.0,0.41046200467708926,0.09411764705882353,0.4986440677966102,0.691223457388426,0.5902777777777778,0.30877654261157395
2026-02-25,0.7649475609436152,82.19909687760581,0.9108708357685564,0.08161951820524393,-0.6968502192880948,0.11506083397512157,0.057779469492357065,-0.07117040427143786,0.30000000000000004,0.30000000000000004,-0.30000000000000004,0.035972840505078714,-0.03676212965183435,0.30000000000000004,-0.0022869711254750688,0.18141475599492637,high_stress,partial_correlation,60,residual,30,81,0.18620689655172415,0.02,0,5.4,0.8171069622039795,0.7801530361175537,1.8811452388763428,0.1513161063194275,0.06070266291499138,0.02817610464990139,0.0018516789423301816,0.49382716049382713,0.5061728395061729,0.0434979610145092,0.02817610464990139,0.0018516789423301816,0.07827631839818311,0.24358974358974358,-0.02722259277706786,0.9666666666666667,2,1.0826025009155273,-3.330755365356971e-16,3.122255325317383,0.41354483366012573,0.056197844445705414,0.3275236764475955,5,0.36666666666666664,0.2555555555555556,greedy,0.5,0.8620689655172413,0.1973489224910736,0.07357780635356903,0.33867140591941525,1.1222507234277397,32.54527097940445,5.0,1.9333333333333333,16.0,0.39879050807763333,0.1477272727272727,0.5252006420545746,0.6924876925140361,0.6309523809523809,0.3075123074859639
2026-02-26,0.7254663794293521,81.01419449715323,0.9015483494011102,-1.1849023804525842,0.36989366837316595,0.7080571817401591,0.053332765888315585,-0.08528044084812827,0.30000000000000004,0.30000000000000004,-0.30000000000000004,0.035972840505078714,-0.03774205535622284,0.30000000000000004,-0.02223148675461771,0.18141475599492637,high_stress,partial_correlation,60,residual,30,80,0.1839080459770115,0.02,0,5.333333333333333,0.8100948333740234,0.7342740893363953,1.9633963108062744,0.1518927812576294,0.06008726730942726,0.027934305369853973,0.0018894170643761754,0.5,0.5,0.043429162353277206,0.027934305369853973,0.0018894170643761754,0.077754612617596,0.24557522123893805,-0.023792175470690916,0.9666666666666667,2,1.0766750574111938,-3.9073338689265256e-16,3.127417802810669,0.4085082411766052,0.05639149993658066,0.3124781757026567,5,0.26666666666666666,0.23777777777777778,greedy,0.5,0.8620689655172413,0.19918279349803925,0.0744047611951828,0.34366822314589585,1.121291302401444,32.517447769641876,5.0,1.9333333333333333,15.0,0.39800129166565174,0.12790697674418605,0.5724815724815725,0.734164003078337,0.7992063492063493,0.26583599692166304
2026-02-27,0.7100516139559433,80.53545987782428,0.896320093457944,-0.47873461932894656,-0.2489947841059177,-6.360720476399692,0.05669827122899793,-0.08528044084812827,0.30000000000000004,0.30000000000000004,-0.30000000000000004,0.035972840505078714,-0.025892998940594852,0.30000000000000004,-0.010530704252187325,0.13908464626277692,elevated,partial_correlation,60,residual,30,80,0.1839080459770115,0.02,0,5.333333333333333,0.8154020309448242,0.7088792324066162,1.9752041101455688,0.15288788080215454,0.060266654938459396,0.028117312118411064,0.0007459388580173254,0.475,0.525,0.044008102267980576,0.028117312118411064,0.0007459388580173254,0.08406296966839251,0.23126338329764454,-0.0984611409652155,0.9666666666666667,2,1.0808626413345337,5.138311442998145e-10,3.1181094646453857,0.4147965908050537,0.05625498667359352,0.3005389541588244,6,0.36666666666666664,0.24444444444444446,greedy,0.5333333333333333,0.8275862068965517,0.19828157126903534,0.07412315905094147,0.34331572997007775,1.1230242786736324,32.56770408153534,5.0,1.9333333333333333,15.0,0.39819427163721954,0.13953488372093026,0.48915681515697174,0.6627167826132956,0.7166666666666667,0.3372832173867044
2026-03-02,0.8762279490290279,85.22622948186505,0.9381021897810219,4.690769604040767,5.481443048501063,3.654522168250992,0.05557747515824927,-0.07117040427143786,0.30000000000000004,0.30000000000000004,-0.30000000000000004,0.0674490759470226,-0.01995580366115733,0.30000000000000004,0.020582740129275173,0.22374486572707597,high_stress,partial_correlation,60,residual,30,81,0.18620689655172415,0.02,0,5.4,0.8136346340179443,0.7391828298568726,1.9503040313720703,0.15067310631275177,0.0627601146697998,0.028056366369128227,0.0009377730311825871,0.48148148148148145,0.5185185185185185,0.043340910226106644,0.028056366369128227,0.0009377730311825871,0.08722389205657496,0.2942430703624733,0.02944828009163666,1.0,1,1.0818573236465454,0.07006072998046875,3.131185293197632,0.4187203049659729,0.055035997182130814,0.33813424687400456,4,0.36666666666666664,0.2688888888888889,greedy,0.5333333333333333,0.896551724137931,0.1966145783662796,0.07339534163475037,0.3386339232805936,1.126831307493407,32.67810791730881,5.0,1.9333333333333333,15.0,0.4098492689259436,0.17045454545454541,0.7996136414295267,0.853452090964174,0.6262626262626263,0.14654790903582604
2026-03-03,0.857554193850183,84.74976922730278,0.9357851722124927,-0.47646025456226937,2.632291867902211,1.099430384369171,0.06640100144330276,-0.042950331118057225,0.30000000000000004,0.30000000000000004,-0.30000000000000004,0.0674490759470226,-0.02181323136309818,0.30000000000000004,-0.0352771867860631,0.22374486572707597,high_stress,partial_correlation,60,residual,30,83,0.19080459770114944,0.02,0,5.533333333333333,0.8307026624679565,0.7479188442230225,2.0186033248901367,0.15012697875499725,0.06363606452941895,0.028644919395446777,0.0007481810753233731,0.46987951807228917,0.5301204819277109,0.04277868568897247,0.028644919395446777,0.0007481810753233731,0.08623501018034142,0.26993865030674846,-0.004956600968067912,1.0,1,1.0931376218795776,0.09450943022966385,3.1458399295806885,0.43358129262924194,0.055339597165584564,0.3522215835616635,4,0.36666666666666664,0.27111111111111114,greedy,0.5333333333333333,0.896551724137931,0.19427256286144257,0.07245398312807083,0.33395528616894554,1.129763623763775,32.763145089149475,5.0,1.9333333333333333,15.0,0.4111944277967073,0.11494252873563215,0.9316145260179217,0.931102760687109,0.9226190476190477,0.06889723931289105
2026-03-04,0.9448563186624711,86.87227621814304,0.957688940764517,2.1225069908402645,4.6731793405372315,3.10274028964254,0.06511208596194179,-0.042950331118057225,0.30000000000000004,0.30000000000000004,-0.30000000000000004,0.0674490759470226,-0.014437667419401796,0.30000000000000004,0.045938289563889616,0.22374486572707597,high_stress,partial_correlation,60,residual,30,83,0.19080459770114944,0.02,0,5.533333333333333,0.8286702036857605,0.7852783203125,1.9187500476837158,0.1497596651315689,0.06294722110033035,0.028574831783771515,0.0028813756071031094,0.5180722891566265,0.4819277108433735,0.04234498739242554,0.028574831783771515,0.0028813756071031094,0.09016171026309663,0.26380368098159507,-0.05547199003117488,1.0,1,1.0755678415298462,0.0821184515953064,3.145249605178833,0.39617371559143066,0.05643899366259575,0.3281400430418886,4,0.43333333333333335,0.3155555555555556,greedy,0.4666666666666667,0.896551724137931,0.18942783772945404,0.07021881639957428,0.32827221492909087,1.1355882677538642,32.93205976486206,4.0,1.9333333333333333,17.0,0.41104986169785834,0.19565217391304346,0.6385299951750388,0.7100865091385714,0.7186813186813187,0.2899134908614286
2026-03-05,0.8261726252976725,83.92077658736,0.925904317386231,-2.9514996307830472,2.9065820902067685,1.0981310845667878,0.07046844300286596,-0.05706036769474763,0.30000000000000004,0.30000000000000004,-0.30000000000000004,0.0674490759470226,-0.032142051016179604,0.30000000000000004,-0.003957230936215212,0.18141475599492637,high_stress,partial_correlation,60,residual,30,82,0.18850574712643678,0.02,0,5.466666666666667,0.8371168971061707,0.7762120962142944,1.9726314544677734,0.15313111245632172,0.06523976475000381,0.02886609546840191,0.0031070697586983442,0.524390243902439,0.47560975609756095,0.042070962488651276,0.02886609546840191,0.0031070697586983442,0.0807360168428649,0.24411134903640258,0.046023989025728726,1.0,1,1.0902677774429321,0.10473111271858215,3.150192975997925,0.4064708948135376,0.05514121800661087,0.33835411267732973,5,0.26666666666666666,0.21555555555555556,greedy,0.5333333333333333,0.8620689655172413,0.19450728595256805,0.07280239462852478,0.3433728052674947,1.1264554406034535,32.66720777750015,4.0,1.9333333333333333,17.0,0.41019223653836273,0.1460674157303371,0.37313624495270165,0.5826705859143152,0.5832264957264957,0.4173294140856848
2026-03-06,0.9421050416990877,86.80939573308555,0.9574219889180519,2.8886191457255563,6.273935855261271,5.219823102075807,0.07606886092411058,-0.07117040427143786,0.30000000000000004,0.30000000000000004,-0.30000000000000004,0.0674490759470226,0.0068800263364101714,0.30000000000000004,0.039132617035905974,0.22374486572707597,high_stress,partial_correlation,60,residual,30,81,0.18620689655172415,0.02,0,5.4,0.845948338508606,0.7194907665252686,2.16202449798584,0.15665708482265472,0.06924232840538025,0.029170630499720573,0.0015400864649564028,0.49382716049382713,0.5061728395061729,0.04290912672877312,0.029170630499720573,0.0015400864649564028,0.10151110543804313,0.2641509433962264,-0.00832788610558968,1.0,1,1.1165602207183838,0.12201480567455292,3.1403088569641113,0.3653797507286072,0.055444005876779556,0.3582480681235061,4,0.4,0.2955555555555556,greedy,0.4666666666666667,0.896551724137931,0.19182118773460388,0.07188442349433899,0.3390543094466463,1.127890105905204,32.708813071250916,4.0,1.9333333333333333,15.0,0.40970534109349904,0.18888888888888888,0.3569654683065279,0.5699778734131417,0.44761904761904764,0.43002212658685834
2026-03-09,0.9000802345513249,85.81684677748936,0.9457725947521866,-0.9925489555961917,0.5906172956243125,5.944244316849947,0.093287844152477,-0.042950331118057225,0.30000000000000004,0.30000000000000004,-0.30000000000000004,0.0674490759470226,-0.0061740333711306555,0.30000000000000004,-0.0352771867860631,0.22374486572707597,high_stress,partial_correlation,60,residual,30,83,0.19080459770114944,0.02,0,5.533333333333333,0.8731015920639038,0.8050979971885681,2.0743842124938965,0.1577894538640976,0.0707928016781807,0.03010695055127144,0.0006588472751900554,0.46987951807228917,0.5301204819277109,0.042040564119815826,0.03010695055127144,0.0006588472751900554,0.0945612128298038,0.27494908350305497,0.05244027421477199,1.0,1,1.1391559839248657,0.10985838621854782,3.1496126651763916,0.381694495677948,0.053613949567079544,0.348474271125309,4,0.4,0.28222222222222226,greedy,0.5,0.896551724137931,0.20421525835990906,0.07613928616046906,0.3579156233348889,1.1161615745774631,32.36868566274643,4.0,1.9333333333333333,15.0,0.41094838727365507,0.11494252873563215,0.8345513325545383,0.830867989150595,0.7723214285714286,0.169132010849405
2026-03-10,0.8653072966183918,84.94910165846726,0.9358787525502769,-0.8677451190221035,0.1993324311644784,1.749588192824291,0.09065462421523184,-0.07117040427143786,0.30000000000000004,0.30000000000000004,-0.30000000000000004,0.0674490759470226,-0.030992624578712637,0.30000000000000004,0.02795186931136144,0.18141475599492637,high_stress,partial_correlation,60,residual,30,81,0.18620689655172415,0.02,0,5.4,0.8689491152763367,0.8150114417076111,2.1206657886505127,0.1609165072441101,0.06996249407529831,0.029963763430714607,0.0010887192329391837,0.48148148148148145,0.5185185185185185,0.04173118248581886,0.029963763430714607,0.0010887192329391837,0.08134796366097635,0.24890829694323144,0.010957457918544678,1.0,1,1.128418207168579,0.1216547042131424,3.1567916870117188,0.39305776357650757,0.052868179976940155,0.3488492228330208,5,0.23333333333333334,0.20444444444444448,greedy,0.5666666666666667,0.8620689655172413,0.1946939378976822,0.0732637494802475,0.33613764936133284,1.1213175366664756,32.51820856332779,4.0,1.9333333333333333,18.0,0.40931269301251433,0.1777777777777778,0.41747348653932,0.6124974605461366,0.46875,0.38750253945386337
2026-03-11,0.9354064815953075,86.6552316059754,0.9551282051282052,1.7061299475081455,-0.2170446121676406,7.887059127269396,0.09854390501689897,-0.05706036769474763,0.30000000000000004,0.30000000000000004,-0.30000000000000004,0.0674490759470226,-0.036403614436848634,0.30000000000000004,0.039132617035905974,0.22374486572707597,high_stress,partial_correlation,60,residual,30,82,0.18850574712643678,0.02,0,5.466666666666667,0.8813900351524353,0.8798961639404297,2.1524455547332764,0.16122987866401672,0.069720059633255,0.030392760410904884,0.0013821555767208338,0.4878048780487805,0.5121951219512195,0.04192005470395088,0.030392760410904884,0.0013821555767208338,0.07846718946039613,0.26170212765957446,0.053720664363754826,1.0,1,1.152821660041809,0.10459347814321518,3.1531312465667725,0.44742006063461304,0.05296364426612854,0.3526665608155541,4,0.4,0.28222222222222226,greedy,0.5,0.896551724137931,0.19508840143680573,0.07348072528839111,0.33425367890621926,1.1161626166310803,32.36871588230133,4.0,1.9333333333333333,18.0,0.4101419339434626,0.18888888888888888,0.4442563147444087,0.6560216976933438,0.5926406926406926,0.34397830230665616
2026-03-12,0.836644122666066,84.20137373598735,0.9268861054471308,-2.453857869988056,0.28059714862735063,6.378039465015263,0.10028665384610068,-0.028840294541366992,0.30000000000000004,0.30000000000000004,-0.30000000000000004,0.0674490759470226,-0.025256300295496095,0.30000000000000004,-0.0584097682851208,0.18141475599492637,high_stress,partial_correlation,60,residual,30,84,0.19310344827586207,0.02,0,5.6,0.884138286113739,0.8821465373039246,2.0996460914611816,0.15788181126117706,0.07088392227888107,0.030487526208162308,0.001562996068969369,0.4880952380952381,0.5119047619047619,0.041397321969270706,0.030487526208162308,0.001562996068969369,0.0844019436968851,0.2795031055900621,0.09780123528972312,1.0,1,1.153599500656128,0.09643391519784927,3.162689685821533,0.41642576456069946,0.05413354933261871,0.35003021825315206,5,0.26666666666666666,0.20666666666666672,greedy,0.5,0.8620689655172413,0.19683781266212463,0.07377301901578903,0.3303655588945468,1.1165895277056201,32.38109630346298,4.0,1.9333333333333333,18.0,0.4115002567483776,0.09195402298850575,0.3192488262910798,0.5546856723454956,0.5654761904761905,0.4453143276545044
2026-03-13,0.9480236029830582,86.94434928958803,0.9580663948747816,2.7429755536006866,0.13495355650248086,6.30877760140136,0.1018300777261677,-0.028840294541366992,0.30000000000000004,0.30000000000000004,-0.30000000000000004,0.0674490759470226,-0.020030380703568246,0.30000000000000004,0.003870258827726953,0.22374486572707597,high_stress,partial_correlation,60,residual,30,84,0.19310344827586207,0.02,0,5.6,0.8865720629692078,0.8604413270950317,1.8823260068893433,0.1583164483308792,0.07165999710559845,0.030571453273296356,0.0005903095589019358,0.4642857142857143,0.5357142857142857,0.04083280265331268,0.030571453273296356,0.0005903095589019358,0.0871841877463904,0.2605932203389831,0.11441462703897853,1.0,1,1.1453008651733398,0.14556348323822021,3.1712632179260254,0.4216676354408264,0.05308827757835388,0.35465815692496544,4,0.43333333333333335,0.29555555555555557,greedy,0.5,0.896551724137931,0.1919081062078476,0.07194352895021439,0.31775488321471235,1.1226024977092086,32.55547243356705,5.0,1.9333333333333333,14.0,0.4113120836430582,0.15384615384615385,0.1801292407108239,0.4146600801111867,0.33404761904761904,0.5853399198888133
2026-03-16,0.8027218507083536,83.27778429597278,0.9193595342066958,-3.6665649936152533,-2.5390624815165808,4.13471709007564,0.1006996562368408,-0.042950331118057225,0.30000000000000004,0.30000000000000004,-0.30000000000000004,0.0674490759470226,-0.053785234315328806,0.30000000000000004,-0.09243618176919992,0.22374486572707597,high_stress,partial_correlation,60,residual,30,83,0.19080459770114944,0.02,0,5.533333333333333,0.8847895860671997,0.8740557432174683,1.8889418840408325,0.15990173816680908,0.07272659242153168,0.030509984120726585,0.0018057376146316528,0.4939759036144578,0.5060240963855421,0.04073702171444893,0.030509984120726585,0.0018057376146316528,0.06921333324868496,0.25,0.1529017413514369,1.0,1,1.1514008045196533,0.10861381143331528,3.1692333221435547,0.43321579694747925,0.05328045412898064,0.36243656450876643,4,0.43333333333333335,0.29555555555555557,greedy,0.5,0.896551724137931,0.19227322936058044,0.07221128046512604,0.31738711296404687,1.1200829230505844,32.48240476846695,5.0,1.9333333333333333,14.0,0.41051387313853277,0.05813953488372092,1.0,1.0,1.0,0.0
2026-03-17,0.8828026770860162,85.39103022008592,0.939173457508731,2.1132459241131443,0.441928561618667,2.6547272767150645,0.10406440798603303,-0.028840294541366992,0.30000000000000004,0.30000000000000004,-0.30000000000000004,0.0674490759470226,-0.014715289157439707,0.30000000000000004,-0.026569979143159346,0.18141475599492637,high_stress,partial_correlation,60,residual,30,84,0.19310344827586207,0.02,0,5.6,0.8900954723358154,0.8753864765167236,1.8833985328674316,0.15894563496112823,0.07341416925191879,0.030692949891090393,0.0011480679968371987,0.47619047619047616,0.5238095238095238,0.041075412184000015,0.030692949891090393,0.0011480679968371987,0.09001390633785783,0.2773109243697479,0.2007944184326393,1.0,1,1.1720991134643555,0.09650067985057831,3.162519693374634,0.4285387396812439,0.05417205020785332,0.36613049606879244,5,0.23333333333333334,0.20222222222222225,greedy,0.5666666666666667,0.8620689655172413,0.1928086280822754,0.0723511278629303,0.31689772985413944,1.1192203862913723,32.4573912024498,5.0,1.9333333333333333,14.0,0.4113929534866207,0.1235955056179775,0.7250729828151804,0.8971748796040016,0.8846153846153846,0.10282512039599845
2026-03-18,0.8092417890725597,83.45858905145832,0.9199883619435554,-1.932441168627605,-3.1966425545170836,0.5626419545644126,0.10271643833517419,-0.042950331118057225,0.30000000000000004,0.30000000000000004,-0.30000000000000004,0.0674490759470226,-0.02941209105185685,0.30000000000000004,-0.06997605903464965,0.18141475599492637,high_stress,partial_correlation,60,residual,30,83,0.19080459770114944,0.02,0,5.533333333333333,0.8879698514938354,0.8362338542938232,1.9013125896453857,0.16047649085521698,0.07518403977155685,0.030619651079177856,0.0004310084623284638,0.4578313253012048,0.5421686746987951,0.04111804440617561,0.030619651079177856,0.0004310084623284638,0.08218942896153907,0.2709677419354839,0.18437893465091626,1.0,1,1.1627466678619385,0.07151734828948975,3.158681869506836,0.40979623794555664,0.05404878780245781,0.37078628468331876,5,0.23333333333333334,0.20222222222222225,greedy,0.5666666666666667,0.8620689655172413,0.1941000372171402,0.07291145622730255,0.31829736067666825,1.1170712483340297,32.39506620168686,5.0,1.9333333333333333,14.0,0.4106408807024417,0.08045977011494254,1.0,1.0,1.0,0.0
2026-03-19,0.835686380115395,84.17587599194441,0.9255381035485748,0.7172869404860904,-0.025497744042937143,3.531575163164348,0.11551968371891103,-0.028840294541366992,0.30000000000000004,0.30000000000000004,-0.30000000000000004,0.0674490759470226,-0.05183044736912276,0.30000000000000004,-0.048026393634975545,0.18141475599492637,high_stress,partial_correlation,60,residual,30,84,0.19310344827586207,0.02,0,5.6,0.9081597924232483,0.9058815836906433,1.791294813156128,0.1621713787317276,0.07464578002691269,0.03131585568189621,0.0010801985627040267,0.47619047619047616,0.5238095238095238,0.040578778833150864,0.03131585568189621,0.0010801985627040267,0.07025404852442958,0.26004228329809725,0.1702245619354573,1.0,1,1.1631401777267456,0.07782285660505295,3.16689133644104,0.38984113931655884,0.054125115275382996,0.36574861306423495,5,0.23333333333333334,0.2066666666666667,greedy,0.5333333333333333,0.8620689655172413,0.19467952847480774,0.07346358895301819,0.31628490867924586,1.1137177286476925,32.29781413078308,5.0,1.9333333333333333,14.0,0.41122740903633764,0.10227272727272729,0.8579823702252694,0.916474475863138,0.8761904761904761,0.08352552413686198
2026-03-20,0.8830811993473698,85.39797784127387,0.9392265193370166,1.2221018493294622,-1.5463714483141615,4.613523179343673,0.11652333056710587,-0.042950331118057225,0.30000000000000004,0.30000000000000004,-0.30000000000000004,0.035972840505078714,-0.039413588326366385,0.30000000000000004,0.07386430145683172,0.13908464626277692,high_stress,partial_correlation,60,residual,30,83,0.19080459770114944,0.02,0,5.533333333333333,0.9097424149513245,0.9031453132629395,1.6808454990386963,0.1644112914800644,0.07677008956670761,0.03137043118476868,0.0021302602253854275,0.4939759036144578,0.5060240963855421,0.04111780226230621,0.03137043118476868,0.0021302602253854275,0.07686469983230988,0.2384937238493724,0.08680658985164685,0.9666666666666667,2,1.1763108968734741,3.0829976349622257e-09,3.147700071334839,0.4077509045600891,0.05605635419487953,0.36682137943939724,6,0.23333333333333334,0.2,greedy,0.5666666666666667,0.8275862068965517,0.1926971822977066,0.07288016378879547,0.31241426318528653,1.1134504038712074,32.290061712265015,5.0,1.9333333333333333,15.0,0.3995296888767075,0.22340425531914898,0.8176100628930818,0.8905190541421066,0.8583333333333332,0.10948094585789336
2026-03-23,0.7822423556965438,82.69959383006722,0.9116279069767442,-2.698384011206656,-0.5781904659055641,2.954807396703231,0.12199255506075367,-0.028840294541366992,0.30000000000000004,0.30000000000000004,-0.30000000000000004,0.035972840505078714,-0.05939741244753926,0.30000000000000004,-0.026569979143159346,0.13908464626277692,high_stress,partial_correlation,60,residual,30,84,0.19310344827586207,0.02,0,5.6,0.9183671474456787,0.8937133550643921,1.7692575454711914,0.16399414837360382,0.07581275701522827,0.03166783228516579,0.000492711435072124,0.4642857142857143,0.5357142857142857,0.04094279929995537,0.03166783228516579,0.000492711435072124,0.06622544777925964,0.21649484536082475,0.05288436014043079,0.9666666666666667,2,1.1697299480438232,-4.996005198999981e-16,3.152719259262085,0.3936619162559509,0.05514947697520256,0.3457836600725323,6,0.23333333333333334,0.2,greedy,0.5333333333333333,0.8275862068965517,0.19158804416656494,0.07251697033643723,0.30917614947129,1.1143023063396584,32.3147668838501,4.0,1.9333333333333333,14.0,0.4002376380808281,0.1235955056179775,0.855,0.8977634542181451,0.8916666666666666,0.10223654578185493
2026-03-24,0.8476258927410817,84.4913572855794,0.9293809938971229,1.7917634555121822,-0.8996729345065262,2.37387992617883,0.12847522309196777,-0.028840294541366992,0.30000000000000004,0.30000000000000004,-0.30000000000000004,0.0674490759470226,-0.06299651450483695,0.30000000000000004,-0.0378763532466313,0.18141475599492637,high_stress,partial_correlation,60,residual,30,84,0.19310344827586207,0.02,0,5.6,0.9285898804664612,0.9325443506240845,1.6650266647338867,0.16581961512565613,0.0758332833647728,0.032020341604948044,0.0020266626961529255,0.5,0.5,0.04081073775887489,0.032020341604948044,0.0020266626961529255,0.06430931032128072,0.22641509433962265,0.18482920617975285,1.0,1,1.1936631202697754,0.07385309785604477,3.1592700481414795,0.3910099267959595,0.055916689336299896,0.34743636820795654,5,0.26666666666666666,0.2088888888888889,greedy,0.5666666666666667,0.8620689655172413,0.19175481796264648,0.07246465981006622,0.3090548687294048,1.1147268599477307,32.32707893848419,4.0,1.9333333333333333,14.0,0.41130472867824563,0.1123595505617978,0.7633297062023939,0.8432395473165986,0.669047619047619,0.15676045268340144
2026-03-25,0.6991275515239175,80.19068537600387,0.8875653689715282,-4.300671909575527,-3.2679036754544484,-2.008411501601941,0.11980063144928649,-0.05706036769474763,0.30000000000000004,0.30000000000000004,-0.30000000000000004,0.035972840505078714,-0.057934799731707724,0.30000000000000004,-0.08073539926676954,0.13908464626277692,elevated,partial_correlation,60,residual,30,82,0.18850574712643678,0.02,0,5.466666666666667,0.914910614490509,0.9824897050857544,1.7749155759811401,0.16736170649528503,0.07554397732019424,0.0315486416220665,0.0012424002634361386,0.4878048780487805,0.5121951219512195,0.041294097900390625,0.0315486416220665,0.0012424002634361386,0.06700413284200701,0.22975929978118162,0.11719162625442273,0.9666666666666667,2,1.18546462059021,8.735161927120316e-09,3.1449825763702393,0.3869526982307434,0.0567326657474041,0.3389131915547202,6,0.3,0.20444444444444448,greedy,0.5666666666666667,0.8275862068965517,0.19095171988010406,0.07237016409635544,0.3067401359866051,1.115440820825511,32.34778380393982,4.0,1.9333333333333333,14.0,0.39882217056449804,0.06976744186046513,0.6875785542428269,0.8238632526647929,0.8266666666666668,0.17613674733520712
2026-03-26,0.7181415657381507,80.78784130719269,0.8945686900958466,0.5971559311888228,-3.388034684751716,-0.226353189960534,0.11273999299931495,-0.07117040427143786,0.30000000000000004,0.30000000000000004,-0.30000000000000004,0.035972840505078714,-0.052852457998103675,0.30000000000000004,-0.04563305175947849,0.13908464626277692,high_stress,partial_correlation,60,residual,30,81,0.18620689655172415,0.02,0,5.4,0.9037763476371765,0.9721795320510864,1.7186230421066284,0.16736599802970886,0.07655761390924454,0.031164703890681267,0.000778241257648915,0.48148148148148145,0.5185185185185185,0.04178773611783981,0.031164703890681267,0.000778241257648915,0.06970993701620709,0.23026315789473684,0.12002805176262396,0.9666666666666667,2,1.1762100458145142,-3.3306690738754696e-16,3.1327784061431885,0.36810457706451416,0.05881559103727341,0.3310913557972016,6,0.3333333333333333,0.2177777777777778,greedy,0.5,0.8275862068965517,0.18661139905452728,0.07095614075660706,0.2932815370058195,1.1196375304254993,32.46948838233948,4.0,1.9333333333333333,16.0,0.3982204331120769,0.10465116279069764,0.6018867260375234,0.8090545801671496,0.7916666666666666,0.1909454198328504
2026-03-27,0.8237433684990108,83.85510863749356,0.9221835075493612,3.067267330300865,-1.5428692037803131,3.3196487596692776,0.12086641534125696,-0.05706036769474763,0.30000000000000004,0.30000000000000004,-0.30000000000000004,0.035972840505078714,-0.05516330452202887,0.30000000000000004,-0.0022869711254750688,0.18141475599492637,high_stress,partial_correlation,60,residual,30,82,0.18850574712643678,0.02,0,5.466666666666667,0.9165913462638855,0.9466744661331177,1.8379238843917847,0.1676691621541977,0.07705939561128616,0.03160659596323967,0.0007831729599274695,0.47560975609756095,0.524390243902439,0.041614994406700134,0.03160659596323967,0.0007831729599274695,0.06847965804282949,0.21841541755888652,0.0520424370318029,0.9666666666666667,2,1.1845202445983887,5.62220964241349e-17,3.1398167610168457,0.3852207660675049,0.056363899260759354,0.3247207666210173,5,0.3333333333333333,0.2466666666666667,greedy,0.5,0.8620689655172413,0.1887100785970688,0.07180336117744446,0.293422273870794,1.1160705377315652,32.36604559421539,4.0,1.9333333333333333,14.0,0.3989291360666012,0.1477272727272727,0.4310419997093446,0.6295469409345243,0.5833333333333334,0.37045305906547565
2026-03-30,0.755186069852642,81.91163513839497,0.9027576197387518,-1.9434734990985874,-0.7879586916722445,-3.314594343470077,0.12660631619648957,-0.042950331118057225,0.30000000000000004,0.30000000000000004,-0.30000000000000004,0.035972840505078714,-0.056683924458054286,0.30000000000000004,-0.046843477535591954,0.13908464626277692,high_stress,partial_correlation,60,residual,30,83,0.19080459770114944,0.02,0,5.533333333333333,0.9256429076194763,0.9284327030181885,1.7246160507202148,0.16728484630584717,0.07867032289505005,0.031918715685606,8.094611985143274e-05,0.4578313253012048,0.5421686746987951,0.04141996055841446,0.031918715685606,8.094611985143274e-05,0.06767009033055531,0.22340425531914893,0.05887599940577196,0.9666666666666667,2,1.192074179649353,-7.037628870158549e-19,3.141846179962158,0.3721613883972168,0.05650893598794937,0.34030180559117273,6,0.3,0.20444444444444448,greedy,0.5666666666666667,0.8275862068965517,0.18763968348503113,0.07161525636911392,0.2816731505000184,1.1162011541169266,32.36983346939087,4.0,1.9333333333333333,13.0,0.3996304083087436,0.10344827586206895,0.4460981296819963,0.6516707033954782,0.6865079365079365,0.34832929660452183
2026-03-31,0.682314576545031,79.65110263839625,0.8821822402785838,-2.2605324999987175,-4.840254647183144,-5.098666588906525,0.11891550398999107,-0.07117040427143786,0.30000000000000004,0.30000000000000004,-0.30000000000000004,0.035972840505078714,-0.0605785482630153,0.30000000000000004,-0.07990946167836273,0.13908464626277692,elevated,partial_correlation,60,residual,30,81,0.18620689655172415,0.02,0,5.4,0.9135148525238037,0.9136359691619873,1.8220577239990234,0.16916939616203308,0.07929627597332001,0.03150051087141037,0.0006943261250853539,0.4691358024691358,0.5308641975308642,0.04194314405322075,0.03150051087141037,0.0006943261250853539,0.06559661910395016,0.23127753303964757,0.09242266499037262,0.9666666666666667,2,1.1996169090270996,1.6442658790083442e-08,3.1305155754089355,0.38963550329208374,0.05637515336275101,0.34056429071169203,6,0.3,0.2088888888888889,greedy,0.5666666666666667,0.8275862068965517,0.18720024824142456,0.07157333940267563,0.2838599836664132,1.1155991554260254,32.352375507354736,4.0,1.9333333333333333,13.0,0.3982722357572039,0.07058823529411762,0.8594103494092721,0.9194248887435551,0.8968253968253969,0.0805751112564449
2026-04-01,0.6984185076458733,80.16814908800065,0.8865680301711634,0.5170464496043934,-0.022536288003223603,-6.704127130142396,0.11242704700596656,-0.07117040427143786,0.30000000000000004,0.30000000000000004,-0.30000000000000004,0.035972840505078714,-0.06166303771247823,0.30000000000000004,-0.05623258414403302,0.13908464626277692,elevated,partial_correlation,60,residual,30,81,0.18620689655172415,0.02,0,5.4,0.9032829403877258,0.9447278380393982,1.7127431631088257,0.167274609208107,0.07948897033929825,0.031147686764597893,0.0014126054011285305,0.48148148148148145,0.5185185185185185,0.0417826846241951,0.031147686764597893,0.0014126054011285305,0.06501924429661861,0.22048997772828507,0.14643468810231314,0.9666666666666667,2,1.1832659244537354,5.138319214559317e-10,3.1322104930877686,0.39718198776245117,0.05727449804544449,0.3413973022246619,6,0.26666666666666666,0.2,greedy,0.5333333333333333,0.8275862068965517,0.1889251470565796,0.0718892514705658,0.28616727417895493,1.114153099471125,32.31043988466263,4.0,1.9333333333333333,14.0,0.398218749280862,0.09411764705882353,0.8422198041349293,0.893161675037274,0.8925925925925925,0.10683832496272605
2026-04-02,0.7755831985379246,82.50821319709023,0.9095127610208816,2.3400641090895817,1.7203718898975353,-1.4125633902697672,0.11305492573386455,-0.05706036769474763,0.30000000000000004,0.30000000000000004,-0.30000000000000004,0.035972840505078714,-0.05216590424171911,0.30000000000000004,-0.04563305175947849,0.18141475599492637,high_stress,partial_correlation,60,residual,30,82,0.18850574712643678,0.02,0,5.466666666666667,0.9042730927467346,0.9475711584091187,1.7170190811157227,0.16541579365730286,0.07889344543218613,0.031181829050183296,0.00020996072271373123,0.45121951219512196,0.5487804878048781,0.042095329612493515,0.031181829050183296,0.00020996072271373123,0.07007545356688594,0.23768736616702354,0.0811394007216329,0.9666666666666667,2,1.189502477645874,1.2845798869065561e-09,3.1288278102874756,0.4032807946205139,0.05865390598773956,0.33729012906043393,5,0.3333333333333333,0.2511111111111111,greedy,0.4666666666666667,0.8620689655172413,0.19004176557064056,0.07225020229816437,0.29320216627180984,1.1144257085076694,32.31834554672241,4.0,1.9333333333333333,14.0,0.39908924780186567,0.10465116279069764,0.5474362150111469,0.7153899788139234,0.6476190476190476,0.2846100211860766
2026-04-03,0.7322952406110919,81.22337730584134,0.8976514931864309,-1.284835891248889,-2.631731331652219,-5.586018427244213,0.10144995932772338,-0.08528044084812827,0.30000000000000004,0.30000000000000004,-0.30000000000000004,0.035972840505078714,-0.08911726908150337,0.30000000000000004,-0.012144605287005278,0.18141475599492637,high_stress,partial_correlation,60,residual,30,80,0.1839080459770115,0.02,0,5.333333333333333,0.8859727382659912,0.8890799283981323,1.8609598875045776,0.16611988842487335,0.07928933948278427,0.03055078350007534,0.0011430674931034446,0.475,0.525,0.04175276681780815,0.03055078350007534,0.0011430674931034446,0.050402798230705474,0.1793103448275862,0.06510529632862559,0.9666666666666667,2,1.1563585996627808,-3.3318070097005466e-16,3.135226011276245,0.37466299533843994,0.057462818920612335,0.34572495525849084,5,0.26666666666666666,0.23777777777777778,greedy,0.5,0.8620689655172413,0.18685731291770935,0.07140518724918365,0.2881769473693089,1.1148730434220413,32.3313182592392,4.0,1.9333333333333333,13.0,0.39744249315382874,0.13793103448275867,0.6634064811662385,0.7655219515298778,0.818939393939394,0.2344780484701222
2026-04-06,0.7230044179213857,80.9383429845423,0.8956521739130435,-0.2850343212990367,-0.9732921538526682,-4.878503792947058,0.10734455196338087,-0.05706036769474763,0.30000000000000004,0.30000000000000004,-0.30000000000000004,0.035972840505078714,-0.0684049838580553,0.30000000000000004,-0.0339322692570481,0.13908464626277692,high_stress,partial_correlation,60,residual,30,82,0.18850574712643678,0.02,0,5.466666666666667,0.8952681422233582,0.9286834001541138,1.7559177875518799,0.16376857459545135,0.07877834886312485,0.0308713149279356,0.00087675143731758,0.4634146341463415,0.5365853658536586,0.04062210023403168,0.0308713149279356,0.00087675143731758,0.061429878020376825,0.19817767653758542,0.15143274093240067,0.9666666666666667,2,1.1488648653030396,1.0827017330287822e-16,3.1555943489074707,0.38167881965637207,0.056083548814058304,0.35744885476398397,6,0.23333333333333334,0.1955555555555556,greedy,0.5333333333333333,0.8275862068965517,0.18490320444107056,0.07085630297660828,0.28545190736588477,1.115017056465149,32.33549463748932,4.0,1.9333333333333333,14.0,0.39859817134237835,0.11627906976744184,0.6346605419673311,0.760121223765151,0.8027777777777778,0.239878776234849
2026-04-07,0.8097364234479608,83.47224161225348,0.9194436395247755,2.5338986277111815,3.821138973857231,-1.4768600462137726,0.09868780673735177,-0.07117040427143786,0.30000000000000004,0.30000000000000004,-0.30000000000000004,0.035972840505078714,-0.05382409278868719,0.30000000000000004,0.018655517270728807,0.18141475599492637,high_stress,partial_correlation,60,residual,30,81,0.18620689655172415,0.02,0,5.4,0.88161700963974,0.7504730820655823,1.8488389253616333,0.16326239705085754,0.07696059346199036,0.030400585383176804,-0.0007396037690341473,0.43209876543209874,0.5679012345679012,0.041452743113040924,0.030400585383176804,-0.0007396037690341473,0.06919264526174364,0.18663594470046083,-0.0197510523576709,0.9666666666666667,2,1.1373026371002197,-1.5268057394856422e-16,3.1484932899475098,0.3742682933807373,0.056578993797302246,0.35207405951794324,5,0.36666666666666664,0.2555555555555556,greedy,0.4666666666666667,0.8620689655172413,0.1858869194984436,0.07102401554584503,0.27668001896776384,1.118725110744608,32.44302821159363,4.0,1.9333333333333333,14.0,0.3981087687771439,0.1685393258426966,0.7203033550408046,0.8637886221279217,0.7817460317460317,0.13621137787207827
2026-04-08,0.8053336785366789,83.3504019561974,0.9177288528389339,-0.12183965605608194,3.1822528681967555,-3.304829649778,0.09853952048459286,-0.08528044084812827,0.30000000000000004,0.30000000000000004,-0.30000000000000004,0.035972840505078714,-0.04589573772906607,0.30000000000000004,0.020582740129275173,0.18141475599492637,high_stress,partial_correlation,60,residual,30,80,0.1839080459770115,0.02,0,5.333333333333333,0.8813830018043518,0.7886993885040283,1.7419575452804565,0.16525933146476746,0.0752243623137474,0.030392521992325783,7.4627755566325504e-06,0.45,0.55,0.04213705658912659,0.030392521992325783,7.4627755566325504e-06,0.0734136475751104,0.20361990950226244,-0.02701470047648242,0.9666666666666667,2,1.1496635675430298,5.267229053003299e-17,3.1347005367279053,0.3756271004676819,0.05663534253835678,0.33455714315523755,5,0.3,0.24000000000000002,greedy,0.5,0.8620689655172413,0.1857612282037735,0.07047700881958008,0.28055589420428406,1.1211195896411765,32.512468099594116,4.0,1.9333333333333333,16.0,0.39757058974426823,0.17045454545454541,0.4741794812944687,0.6271270689149356,0.746978021978022,0.37287293108506436
2026-04-09,0.6500340103358903,78.58464305876579,0.8685201274254272,-4.76575889743161,-3.923570138324436,-5.616730677221554,0.08515138534205308,-0.11350051400150891,0.30000000000000004,0.30000000000000004,-0.30000000000000004,0.035972840505078714,-0.037756575332394446,0.30000000000000004,-0.10124788217226476,0.18141475599492637,elevated,partial_correlation,60,residual,30,78,0.1793103448275862,0.02,0,5.2,0.8602708578109741,0.7977352142333984,1.7227784395217896,0.16543671488761902,0.07279913127422333,0.02966451272368431,9.265055268770084e-05,0.44871794871794873,0.5512820512820513,0.042035821825265884,0.02966451272368431,9.265055268770084e-05,0.07774688228103192,0.22355769230769232,-0.04281327658600855,0.9666666666666667,2,1.1281062364578247,3.5968306111300308e-09,3.135220527648926,0.3605220317840576,0.05633389949798584,0.3692223260532518,5,0.3,0.25333333333333335,greedy,0.5,0.8620689655172413,0.17790712416172028,0.06808910518884659,0.26591285477182947,1.1280038089587772,32.712110459804535,4.0,1.9333333333333333,15.0,0.39600427777317293,0.04938271604938271,0.4120357570730808,0.6137984989878894,0.6717643467643468,0.3862015010121106
2026-04-10,0.8097172779564694,83.47171333961947,0.9192240880138969,4.887070280853678,2.2483360337781306,-3.472635949968563,0.09386595158786898,-0.05706036769474763,0.30000000000000004,0.30000000000000004,-0.30000000000000004,0.035972840505078714,-0.05546387864870969,0.30000000000000004,0.010987976212052428,0.18141475599492637,high_stress,partial_correlation,60,residual,30,82,0.18850574712643678,0.02,0,5.466666666666667,0.8740131855010986,0.8407114148139954,1.7097760438919067,0.15988045930862427,0.072807177901268,0.03013838641345501,-0.0007011662819422781,0.43902439024390244,0.5609756097560976,0.04241308197379112,0.03013838641345501,-0.0007011662819422781,0.06831963442197533,0.2129032258064516,-0.007810572648811516,0.9666666666666667,2,1.1541788578033447,2.723406140047138e-17,3.134737730026245,0.40298300981521606,0.058491051197052,0.3298660273240489,5,0.26666666666666666,0.23777777777777778,greedy,0.5,0.8620689655172413,0.1788938194513321,0.06787732243537903,0.26637524399093526,1.134853613787684,32.910754799842834,4.0,1.9333333333333333,14.0,0.39919516525563153,0.16091954022988508,0.3361235721222772,0.5193706518043867,0.6115384615384615,0.4806293481956133
2026-04-13,0.8567275970631762,84.728390191475,0.9334298118668596,1.2566768518555307,3.790047206932698,1.4506058955022212,0.0915202268041016,-0.07117040427143786,0.30000000000000004,0.30000000000000004,-0.30000000000000004,0.035972840505078714,-0.02014243900539869,0.30000000000000004,0.039132617035905974,0.18141475599492637,high_stress,partial_correlation,60,residual,30,81,0.18620689655172415,0.02,0,5.4,0.8703141808509827,0.8963953256607056,1.7347091436386108,0.16116930544376373,0.0723317340016365,0.030010832473635674,-0.0010092968586832285,0.4444444444444444,0.5555555555555556,0.04286469891667366,0.030010832473635674,-0.0010092968586832285,0.0871245286685992,0.23178807947019867,0.040542254296572634,0.9666666666666667,2,1.1650571823120117,3.030251898472787e-16,3.1258702278137207,0.416246235370636,0.05883089825510979,0.34745946303094577,5,0.3333333333333333,0.2466666666666667,greedy,0.4666666666666667,0.8620689655172413,0.16355371475219727,0.06348685920238495,0.22365579109885214,1.144816010162748,33.199664294719696,6.0,1.9333333333333333,11.0,0.39857942071168817,0.18888888888888888,0.6472019464720195,0.7628269099543292,0.82012987012987,0.23717309004567078
2026-04-14,0.7819706553172902,82.69181781520224,0.9097222222222222,-2.0365723762727583,-0.7804237970512418,-2.6992124048836814,0.09132049080506323,-0.05706036769474763,0.30000000000000004,0.30000000000000004,-0.30000000000000004,0.035972840505078714,-0.024044012533552355,0.30000000000000004,-0.04563305175947849,0.18141475599492637,high_stress,partial_correlation,60,residual,30,82,0.18850574712643678,0.02,0,5.466666666666667,0.8699991703033447,0.8867671489715576,1.829588770866394,0.15914618968963623,0.07263021916151047,0.029999971389770508,-0.0013677772367373109,0.43902439024390244,0.5609756097560976,0.04241017997264862,0.029999971389770508,-0.0013677772367373109,0.08504735745663103,0.2222222222222222,0.050239325362370905,0.9666666666666667,2,1.1493480205535889,2.757105974510916e-17,3.134188175201416,0.3907926082611084,0.058445192873477936,0.33621588646721334,5,0.3333333333333333,0.24888888888888894,greedy,0.5,0.8620689655172413,0.16602148115634918,0.063444584608078,0.23478756338404416,1.1468432257915366,33.25845354795456,5.0,1.9333333333333333,10.0,0.39919419792191735,0.10465116279069764,0.8202231712357074,0.8491873685400727,0.8392857142857142,0.1508126314599273
2026-04-15,0.8787308661758836,85.28914750110232,0.937228811107897,2.5973296859000783,1.9387455449049185,1.830558449644002,0.09335234473319888,-0.028840294541366992,0.30000000000000004,0.30000000000000004,-0.30000000000000004,0.035972840505078714,-0.04910707007984319,0.30000000000000004,0.045938289563889616,0.18141475599492637,high_stress,partial_correlation,60,residual,30,84,0.19310344827586207,0.02,0,5.6,0.8732032775878906,0.8773659467697144,1.949552297592163,0.15592916309833527,0.0723642036318779,0.03011045791208744,-0.001997803570702672,0.42857142857142855,0.5714285714285714,0.0430438406765461,0.03011045791208744,-0.001997803570702672,0.07170395607167923,0.268389662027833,0.0011257672678856396,0.9666666666666667,2,1.1521222591400146,-1.943359602286362e-16,3.125075578689575,0.38418859243392944,0.05853118747472763,0.32539574090587986,5,0.36666666666666664,0.27111111111111114,greedy,0.4666666666666667,0.8620689655172413,0.15801110863685608,0.061302561312913895,0.21588945807936544,1.1580544360752763,33.583578646183014,5.0,1.9333333333333333,11.0,0.4009379852063583,0.19565217391304346,0.18095966579388661,0.435776532390895,0.5209415584415584,0.564223467609105
2026-04-16,1.0038568204076486,88.16045848639716,0.9736842105263158,2.8713109852948406,9.575815427631369,3.984582494452752,0.09333638229527196,-0.05706036769474763,0.30000000000000004,0.30000000000000004,-0.30000000000000004,0.035972840505078714,-0.047320002294530095,0.30000000000000004,0.23984332133379838,0.13908464626277692,high_stress,partial_correlation,60,residual,30,82,0.18850574712643678,0.02,0,5.466666666666667,0.8731779456138611,0.9114369750022888,1.9798330068588257,0.15972770750522614,0.07496635615825653,0.0301095899194479,-0.002040090039372444,0.4268292682926829,0.573170731707317,0.04164176806807518,0.0301095899194479,-0.002040090039372444,0.07265537880681469,0.23427331887201736,0.0630974359000139,0.9666666666666667,2,1.1225132942199707,2.2203741837986945e-16,3.145664691925049,0.34923070669174194,0.056820422410964966,0.3307474713632361,6,0.3333333333333333,0.22222222222222227,greedy,0.4666666666666667,0.8275862068965517,0.16558565199375153,0.06329655647277832,0.25088364308912303,1.1505152685888882,33.36494278907776,5.0,1.9333333333333333,14.0,0.3989380606203929,0.38834951456310685,0.5871728149395378,0.7025034774729788,0.8261904761904763,0.2974965225270212
2026-04-17,0.8013718176516471,83.2401496776561,0.9158716392020815,-4.920308808741055,-0.23156366196336364,-2.157828163617765,0.0982380153802307,-0.07117040427143786,0.30000000000000004,0.30000000000000004,-0.30000000000000004,0.035972840505078714,-0.07950463376309821,0.30000000000000004,0.07875135353809654,0.13908464626277692,high_stress,partial_correlation,60,residual,30,81,0.18620689655172415,0.02,0,5.4,0.8809077143669128,0.9337723255157471,1.991382360458374,0.16313107311725616,0.07605971395969391,0.030376126989722252,-0.003530793823301792,0.3950617283950617,0.6049382716049383,0.04189178720116615,0.030376126989722252,-0.003530793823301792,0.05552049989913684,0.2185430463576159,-0.06109044727155517,0.9666666666666667,2,1.1247895956039429,-1.6658484477087018e-16,3.138179063796997,0.3442456126213074,0.05809229984879494,0.3295817295059273,6,0.26666666666666666,0.20444444444444448,greedy,0.5,0.8275862068965517,0.16777732968330383,0.06390007585287094,0.23598199651955776,1.1464892728575344,33.2481889128685,5.0,1.9333333333333333,14.0,0.398255116806519,0.2282608695652174,0.48448936911815965,0.7156177253633906,0.6960470085470085,0.28438227463660937
2026-04-20,0.7261182203819164,81.03423857868776,0.8942196531791907,-2.2059110989683433,-3.6941516127872376,-1.6653552513794523,0.09615498573908472,-0.08528044084812827,0.30000000000000004,0.30000000000000004,-0.30000000000000004,0.035972840505078714,-0.10156560647156883,0.30000000000000004,-0.0005783145374764259,0.18141475599492637,high_stress,partial_correlation,60,residual,30,80,0.1839080459770115,0.02,0,5.333333333333333,0.8776228427886963,0.9499344825744629,1.8268007040023804,0.16455428302288055,0.07561753690242767,0.030262857675552368,-0.0036579056177288294,0.4,0.6,0.041035935282707214,0.030262857675552368,-0.0036579056177288294,0.04377538806480061,0.16273584905660377,-0.026985450197173314,0.9666666666666667,2,1.1048674583435059,-2.138985831921683e-17,3.149698495864868,0.37018585205078125,0.05693599954247475,0.3366613537342747,5,0.4,0.27777777777777785,greedy,0.4666666666666667,0.8620689655172413,0.167186439037323,0.06376045197248459,0.2382076533144465,1.1482818866598195,33.300174713134766,5.0,1.9333333333333333,14.0,0.3972035493087951,0.14942528735632188,0.6555391662138033,0.8024855764434818,0.7430555555555555,0.19751442355651816
2026-04-21,0.6785613250961573,79.52916549987617,0.8774920543195608,-1.5050730788115914,-3.1626523153260706,-4.962191785703226,0.08560117669917411,-0.11350051400150891,0.30000000000000004,0.30000000000000004,-0.30000000000000004,0.035972840505078714,-0.0797805654402818,0.30000000000000004,-0.031146368661231306,0.18141475599492637,elevated,partial_correlation,60,residual,30,78,0.1793103448275862,0.02,0,5.2,0.8609801530838013,0.9315159916877747,1.9430146217346191,0.1655731350183487,0.07826254516839981,0.029688971117138863,-0.0034543448127806187,0.41025641025641024,0.5897435897435898,0.041204147040843964,0.029688971117138863,-0.0034543448127806187,0.055373595750802855,0.17475728155339806,-0.12341585988969409,0.9666666666666667,2,1.0726077556610107,-1.666165688017228e-16,3.1432132720947266,0.2776711583137512,0.0574033297598362,0.35577654782626306,5,0.3333333333333333,0.2577777777777778,greedy,0.4666666666666667,0.8620689655172413,0.16497047245502472,0.06326314806938171,0.23363224445356623,1.1502849870714649,33.35826462507248,5.0,1.9333333333333333,14.0,0.3957270528450323,0.11904761904761907,0.7186084956515489,0.8156901414123531,0.8666666666666666,0.18430985858764692
2026-04-22,0.7195070696277435,80.83019388287109,0.891681109185442,1.3010283829949145,-4.458953618231234,0.6395085068672159,0.100250892504479,-0.05706036769474763,0.30000000000000004,0.30000000000000004,-0.30000000000000004,0.035972840505078714,-0.0661852353401404,0.30000000000000004,-0.032555706609703305,0.13908464626277692,high_stress,partial_correlation,60,residual,30,82,0.18850574712643678,0.02,0,5.466666666666667,0.8840818405151367,0.9014310240745544,2.0974552631378174,0.16172228753566742,0.07858984172344208,0.03048558160662651,-0.0030979120638221502,0.4146341463414634,0.5853658536585366,0.04137161746621132,0.03048558160662651,-0.0030979120638221502,0.06261165703490787,0.22629310344827586,-0.1433612904485089,0.9666666666666667,2,1.104097843170166,-1.0042658251183702e-21,3.1473827362060547,0.30200648307800293,0.056064143776893616,0.34379794932946717,6,0.23333333333333334,0.19111111111111118,greedy,0.4666666666666667,0.8275862068965517,0.1685851663351059,0.06468215584754944,0.24750299985028412,1.1455233919209447,33.2201783657074,5.0,1.9333333333333333,14.0,0.3988480104197716,0.11764705882352944,0.6547504877806806,0.829755215511738,0.8733333333333334,0.17024478448826197
2026-04-23,0.7325504057760935,81.23115911718452,0.8957551256136298,0.400965234313432,-6.929299369212643,0.44331780999182513,0.10807591250453474,-0.028840294541366992,0.30000000000000004,0.30000000000000004,-0.30000000000000004,0.035972840505078714,-0.0851511609473296,0.30000000000000004,-0.03659153800760043,0.13908464626277692,high_stress,partial_correlation,60,residual,30,84,0.19310344827586207,0.02,0,5.6,0.8964213132858276,0.8891111612319946,1.9324735403060913,0.16007524728775024,0.08104681223630905,0.03091108426451683,-0.0020930804312229156,0.42857142857142855,0.5714285714285714,0.04071332886815071,0.03091108426451683,-0.0020930804312229156,0.052514327228021886,0.20125786163522014,-0.09413280110748323,0.9666666666666667,2,1.1061660051345825,-5.204216088300234e-17,3.1565449237823486,0.30774372816085815,0.05602140724658966,0.3453411340227036,6,0.3,0.20444444444444448,greedy,0.4666666666666667,0.8275862068965517,0.1666097342967987,0.06442892551422119,0.24074968285402065,1.1403857017385548,33.07118535041809,5.0,1.9333333333333333,14.0,0.40016114793689317,0.11363636363636365,0.7232720877147026,0.8577009496292334,0.865079365079365,0.14229905037076662
2026-04-24,0.7174213929102413,80.76547566091111,0.8900115473441108,-0.46568345627341046,-2.4746740167449985,-3.0896329765824504,0.1050718570458371,-0.028840294541366992,0.30000000000000004,0.30000000000000004,-0.30000000000000004,0.035972840505078714,-0.07476642504311821,0.30000000000000004,-0.01677112158681691,0.09675453653062746,high_stress,partial_correlation,60,residual,30,84,0.19310344827586207,0.02,0,5.6,0.891684353351593,0.9428982734680176,1.9648832082748413,0.1592293232679367,0.08093365281820297,0.030747732147574425,-0.002966230036690831,0.40476190476190477,0.5952380952380952,0.039914630353450775,0.030747732147574425,-0.002966230036690831,0.05804308999731616,0.19480519480519481,-0.0892840150062233,0.9666666666666667,2,1.0798308849334717,1.0276630657557462e-09,3.1703808307647705,0.2656940221786499,0.05500030145049095,0.33212926828244216,7,0.16666666666666666,0.1577777777777778,greedy,0.4666666666666667,0.7931034482758621,0.1587246060371399,0.06263533234596252,0.23608018711835888,1.1457699968897064,33.22732990980148,5.0,1.9333333333333333,14.0,0.3998949150986599,0.1333333333333333,0.3903231703601389,0.6467349335296837,0.653968253968254,0.3532650664703163
2026-04-28,0.7335263078219177,81.2608984715945,0.8958152958152958,0.4954228106833938,0.2266598929067385,-0.6507366668004693,0.09889987423350105,-0.05706036769474763,0.30000000000000004,0.30000000000000004,-0.30000000000000004,0.035972840505078714,-0.06702659931013735,0.30000000000000004,0.02598602355759537,0.09675453653062746,high_stress,partial_correlation,60,residual,30,82,0.18850574712643678,0.02,0,5.466666666666667,0.8819513916969299,0.9392870664596558,1.945965051651001,0.16133257746696472,0.08015826344490051,0.030412117019295692,-0.0022246558219194412,0.4268292682926829,0.573170731707317,0.039770860224962234,0.030412117019295692,-0.0022246558219194412,0.06216372057935888,0.21379310344827587,-0.07980689630934107,0.9666666666666667,2,1.0735846757888794,2.0553307944481958e-09,3.17085862159729,0.26091963052749634,0.05522153526544571,0.3404410307985689,7,0.2,0.16,greedy,0.4666666666666667,0.7931034482758621,0.16573400795459747,0.0645211786031723,0.2626974868139953,1.137824286674631,32.9969043135643,5.0,1.9333333333333333,10.0,0.39831442467268857,0.17582417582417587,0.7457389352598723,0.864538628566441,0.8625850340136054,0.13546137143355896
2026-04-29,0.7692467167242827,82.32456080412537,0.9050778995960762,1.0636623325308676,2.7953953042491975,2.673458165729116,0.09174274181863655,-0.05706036769474763,0.30000000000000004,0.30000000000000004,-0.30000000000000004,0.035972840505078714,-0.06844501347882342,0.30000000000000004,0.02795186931136144,0.13908464626277692,high_stress,partial_correlation,60,residual,30,82,0.18850574712643678,0.02,0,5.466666666666667,0.8706650137901306,0.9288779497146606,1.9214513301849365,0.15926799178123474,0.07829873263835907,0.030022932216525078,-0.0014552538050338626,0.43902439024390244,0.5609756097560976,0.039947208017110825,0.030022932216525078,-0.0014552538050338626,0.06140856652251947,0.20501138952164008,-0.1603443986516441,0.9666666666666667,2,1.0574314594268799,1.1818159784127147e-08,3.167689085006714,0.2667572498321533,0.0554131418466568,0.35583682938893557,6,0.23333333333333334,0.19333333333333336,greedy,0.4666666666666667,0.8275862068965517,0.16030751168727875,0.06312104314565659,0.2584894143391846,1.1427270050706535,33.13908314704895,6.0,1.9333333333333333,9.0,0.3983732072700714,0.1777777777777778,0.6640365708560335,0.8356340091339556,0.7503401360544217,0.16436599086604442
2026-05-04,0.8971282920655829,85.74483537059136,0.9437554081338333,3.4202745664659915,4.914641487720274,5.576686282590714,0.10031337208984102,-0.05706036769474763,0.30000000000000004,0.30000000000000004,-0.30000000000000004,0.035972840505078714,-0.08797168481589356,0.30000000000000004,0.12445937598637767,0.18141475599492637,high_stress,partial_correlation,60,residual,30,82,0.18850574712643678,0.02,0,5.466666666666667,0.8841804265975952,0.8824889659881592,1.8711223602294922,0.16174031794071198,0.07893587648868561,0.030488979071378708,0.0004550857120193541,0.4878048780487805,0.5121951219512195,0.03855671361088753,0.030488979071378708,0.0004550857120193541,0.05101269950265062,0.20095693779904306,-0.019572035993346063,0.9666666666666667,2,1.0500589609146118,-2.24626387818042e-16,3.189272880554199,0.26856696605682373,0.05171068012714386,0.34296081516994953,5,0.3333333333333333,0.2577777777777778,greedy,0.4666666666666667,0.8620689655172413,0.16279293596744537,0.06409698724746704,0.2716217690856457,1.1334334447466095,32.86956989765167,6.0,1.9333333333333333,9.0,0.39790970913466367,0.27368421052631575,0.4769481642535949,0.7034158208500777,0.679059829059829,0.2965841791499223
2026-05-05,0.7921872480744631,82.98231614085469,0.9129181084198386,-2.762519229736668,1.7511570236701743,0.47410294376446416,0.09368156145190198,-0.08528044084812827,0.30000000000000004,0.30000000000000004,-0.30000000000000004,0.035972840505078714,-0.08391483378976651,0.30000000000000004,0.05031336476045051,0.18141475599492637,high_stress,partial_correlation,60,residual,30,80,0.1839080459770115,0.02,0,5.333333333333333,0.8737226128578186,0.8707811832427979,1.7885706424713135,0.1638229787349701,0.07872827351093292,0.0301283597946167,-0.0004613788623828441,0.4625,0.5375,0.03957729786634445,0.0301283597946167,-0.0004613788623828441,0.05317253939850474,0.18660287081339713,-0.07060481601334022,0.9666666666666667,2,1.0542683601379395,-2.045173094895227e-16,3.1729094982147217,0.2632593512535095,0.053131960332393646,0.34535516868822747,5,0.3333333333333333,0.2577777777777778,greedy,0.4666666666666667,0.8620689655172413,0.16666841506958008,0.06496061384677887,0.2830976257255875,1.1310148177475765,32.79942971467972,5.0,1.9333333333333333,10.0,0.39671733683667415,0.19999999999999996,0.8323649730242485,0.8666492239227089,0.8969696969696969,0.13335077607729107
2026-05-06,0.8116811480342605,83.52583096991876,0.9189968290573652,0.5435148290640655,2.7603553090076502,2.3024536640774187,0.10602939779650056,-0.042950331118057225,0.30000000000000004,0.30000000000000004,-0.30000000000000004,0.0674490759470226,-0.09797477946065697,0.30000000000000004,-0.0022869711254750688,0.18141475599492637,high_stress,partial_correlation,60,residual,30,83,0.19080459770114944,0.02,0,5.533333333333333,0.8931942582130432,0.8411795496940613,1.9040597677230835,0.16142064332962036,0.07933288812637329,0.030799800530076027,6.666567060165107e-05,0.46987951807228917,0.5301204819277109,0.03914344310760498,0.030799800530076027,6.666567060165107e-05,0.0456871199443619,0.17889908256880735,-0.003302365845064261,1.0,1,1.076822280883789,0.0814199447631836,3.192214250564575,0.3299100399017334,0.05233876034617424,0.34216941959771446,5,0.3333333333333333,0.2377777777777778,greedy,0.5,0.8620689655172413,0.1668325960636139,0.0650152936577797,0.2848499550743857,1.1281543867341404,32.71647721529007,5.0,1.9333333333333333,10.0,0.4099826802695848,0.1477272727272727,0.3944562573618271,0.5659364481602297,0.5567832167832167,0.4340635518397703
2026-05-07,0.7431603152745198,81.55253769916982,0.8962536023054755,-1.9732932707489397,0.2916392275753168,0.6141947146275157,0.1015657041297729,-0.05706036769474763,0.30000000000000004,0.30000000000000004,-0.30000000000000004,0.0674490759470226,-0.10392151243408992,0.30000000000000004,-0.003957230936215212,0.13908464626277692,high_stress,partial_correlation,60,residual,30,82,0.18850574712643678,0.02,0,5.466666666666667,0.8861551880836487,0.8481279611587524,1.8865444660186768,0.16210156679153442,0.07962577044963837,0.03055707737803459,-0.0006025396287441254,0.45121951219512196,0.5487804878048781,0.0396694652736187,0.03055707737803459,-0.0006025396287441254,0.0425211197527617,0.1744186046511628,0.03755133882348485,1.0,1,1.0899138450622559,0.07874476164579391,3.1846368312835693,0.33841514587402344,0.05326274409890175,0.3530217223551166,6,0.23333333333333334,0.18222222222222223,greedy,0.5,0.8275862068965517,0.15883086621761322,0.06313149631023407,0.2764902691320885,1.134887880292432,32.91174852848053,5.0,1.9333333333333333,10.0,0.40939173746668517,0.1460674157303371,0.6709009975895983,0.8250950453290804,0.7840909090909091,0.1749049546709196
2026-05-08,0.6847206944155753,79.72898865378478,0.8769806972054163,-1.823549045385036,-2.595572150340587,-3.7432529584687018,0.09072984634760849,-0.08528044084812827,0.30000000000000004,0.30000000000000004,-0.30000000000000004,0.0674490759470226,-0.09333016403665662,0.30000000000000004,-0.0339322692570481,0.13908464626277692,elevated,partial_correlation,60,residual,30,80,0.1839080459770115,0.02,0,5.333333333333333,0.8690677285194397,0.8110824823379517,1.9093645811080933,0.16295018792152405,0.08080355077981949,0.02996785379946232,0.0003067378420382738,0.475,0.525,0.040284331887960434,0.02996785379946232,0.0003067378420382738,0.04815988160828533,0.17899761336515513,-0.0029625308694044474,1.0,1,1.0792860984802246,0.08589693903923035,3.172807216644287,0.3164820075035095,0.054823968559503555,0.3727081011904576,6,0.23333333333333334,0.18222222222222223,greedy,0.5,0.8275862068965517,0.15968190133571625,0.06355423480272293,0.2750982578307055,1.134210989393037,32.89211869239807,5.0,1.9333333333333333,10.0,0.40806412595499064,0.11627906976744184,0.9470717066839714,0.9570406941504819,0.9166666666666666,0.042959305849518126
2026-05-11,0.7987302102285351,83.16631445237155,0.9144585253456221,3.4373257985867696,-2.5785209182198088,-0.18408750382585026,0.08665418378997132,-0.08528044084812827,0.30000000000000004,0.30000000000000004,-0.30000000000000004,0.0674490759470226,-0.08352496041190745,0.30000000000000004,0.032017595756650294,0.18141475599492637,high_stress,partial_correlation,60,residual,30,80,0.1839080459770115,0.02,0,5.333333333333333,0.8626407384872437,0.793984055519104,1.9963493347167969,0.16174514591693878,0.07750682532787323,0.02974623069167137,9.473932004766539e-05,0.475,0.525,0.04048845171928406,0.02974623069167137,9.473932004766539e-05,0.05338010533336612,0.20714285714285716,-0.040027933681415946,1.0,1,1.078382134437561,0.09291130304336548,3.17246675491333,0.335826575756073,0.05393344536423683,0.3513304371550552,5,0.26666666666666666,0.2177777777777778,greedy,0.5,0.8620689655172413,0.16351403295993805,0.06451714783906937,0.2823702974483566,1.1324347195954159,32.84060686826706,6.0,1.9333333333333333,11.0,0.40813216589876516,0.18181818181818177,0.6785397576115874,0.8476835950610621,0.7391774891774893,0.15231640493893794
2026-05-12,0.8112674665928534,83.514443144175,0.9185142528073712,0.34812869180345274,0.532127003320312,4.929800085409212,0.08518283065968593,-0.08528044084812827,0.30000000000000004,0.28923902425923936,-0.30000000000000004,0.0674490759470226,-0.07931241900103786,0.30000000000000004,0.05257463958114501,0.18141475599492637,high_stress,partial_correlation,60,residual,30,80,0.1839080459770115,0.02,0,5.333333333333333,0.8603203892707825,0.8003838062286377,1.910137414932251,0.1613100916147232,0.07823657244443893,0.029666222631931305,-0.0009462027810513973,0.45,0.55,0.039844442158937454,0.029666222631931305,-0.0009462027810513973,0.055622833731214086,0.21844660194174756,0.019147918995038444,1.0,1,1.0571465492248535,0.08485055714845657,3.1766438484191895,0.27958160638809204,0.05255932733416557,0.3562754113843927,5,0.3,0.22444444444444445,greedy,0.5,0.8620689655172413,0.1509162187576294,0.06189443916082382,0.26412184386163806,1.143314959674046,33.15613383054733,6.0,1.9333333333333333,11.0,0.4079174960453163,0.202247191011236,0.2583433211229089,0.529911892537107,0.5142857142857142,0.470088107462893
2026-05-13,0.7277260165715944,81.08360893644674,0.8926309729418538,-2.4308342077282674,-2.442222033472021,-2.3881044031727328,0.07886235606963915,-0.11350051400150891,0.30000000000000004,0.30000000000000004,-0.30000000000000004,0.035972840505078714,-0.08788070005248072,0.30000000000000004,0.07518738778808903,0.13908464626277692,high_stress,partial_correlation,60,residual,30,78,0.1793103448275862,0.02,0,5.2,0.8503534197807312,0.8421889543533325,2.0131239891052246,0.16352951526641846,0.08073640614748001,0.029322532936930656,-0.0009443485760129988,0.46153846153846156,0.5384615384615384,0.040131062269210815,0.029322532936930656,-0.0009443485760129988,0.05106113917190845,0.21483375959079284,0.04164930284424455,0.9666666666666667,2,1.0641988515853882,9.24899712373417e-09,3.160515546798706,0.27183622121810913,0.054191526025533676,0.343038160135094,6,0.26666666666666666,0.20444444444444448,greedy,0.5,0.8275862068965517,0.15694038569927216,0.0636434331536293,0.27327910466484806,1.1376897774893662,32.99300354719162,6.0,1.9333333333333333,11.0,0.3953693579211546,0.2247191011235955,0.7963094639357625,0.8585015175452635,0.8322222222222223,0.1414984824547365
2026-05-14,0.5547119981028651,75.20217109328513,0.8215827338129497,-5.881437843161606,-6.3503666058846875,-9.52621909818987,0.08418952856740079,-0.0993904774248185,0.30000000000000004,0.30000000000000004,-0.30000000000000004,0.035972840505078714,-0.0977752024582557,0.30000000000000004,-0.06503922761716788,0.09675453653062746,elevated,partial_correlation,60,residual,30,79,0.18160919540229886,0.02,0,5.266666666666667,0.85875403881073,0.8525071144104004,1.9892261028289795,0.16305457055568695,0.07953342795372009,0.029612209647893906,-0.0013138620415702462,0.45569620253164556,0.5443037974683544,0.03973318263888359,0.029612209647893906,-0.0013138620415702462,0.04579337338312639,0.1964735516372796,0.011831408536247288,0.9666666666666667,2,1.0597600936889648,-8.326789151718922e-17,3.1685495376586914,0.27348417043685913,0.05457261577248573,0.3298726938822593,7,0.26666666666666666,0.18222222222222226,greedy,0.5333333333333333,0.7931034482758621,0.15724249184131622,0.06376701593399048,0.27222798917551827,1.1369163753657505,32.970574885606766,6.0,1.9333333333333333,11.0,0.39600301490261636,0.08536585365853655,0.46791024807920184,0.6584085983564044,0.6772486772486772,0.3415914016435956
2026-05-15,0.6432447183265968,78.35523972052802,0.8613348676639816,3.153068627242888,-1.3737489332567634,-4.336578094674223,0.0911910100853985,-0.07117040427143786,0.30000000000000004,0.30000000000000004,-0.30000000000000004,0.035972840505078714,-0.098972560270883,0.30000000000000004,-0.010530704252187325,0.09675453653062746,elevated,partial_correlation,60,residual,30,81,0.18620689655172415,0.02,0,5.4,0.8697950839996338,0.8517075777053833,2.02461576461792,0.16107314825057983,0.07963898032903671,0.029992930591106415,-0.0013574474724009633,0.4444444444444444,0.5555555555555556,0.03975515440106392,0.029992930591106415,-0.0013574474724009633,0.04515590822685864,0.1773049645390071,-0.02462233396913818,0.9666666666666667,2,1.0627949237823486,1.3215320692788908e-16,3.169673204421997,0.24340397119522095,0.05561496317386627,0.32010708589449605,7,0.2,0.16444444444444448,greedy,0.5,0.7931034482758621,0.1526869833469391,0.06227509677410126,0.26596574824715646,1.144280511757423,33.18413484096527,5.0,1.9333333333333333,11.0,0.3975429058731516,0.13953488372093026,0.5177383592017738,0.7699562319859454,0.7607709750566893,0.23004376801405457
2026-05-18,0.7242511623088592,80.97678332697106,0.8909979867702043,2.6215436064430406,-2.1895311254004923,-4.312364174131261,0.1005860694467857,-0.05706036769474763,0.30000000000000004,0.30000000000000004,-0.30000000000000004,0.035972840505078714,-0.09113453351479123,0.30000000000000004,0.039132617035905974,0.09675453653062746,high_stress,partial_correlation,60,residual,30,82,0.18850574712643678,0.02,0,5.466666666666667,0.8846104145050049,0.8403993844985962,2.1685867309570312,0.1618189960718155,0.07926525175571442,0.030503807589411736,-0.0004722077283076942,0.47560975609756095,0.524390243902439,0.040434580296278,0.030503807589411736,-0.0004722077283076942,0.04932882036574499,0.19333333333333333,-0.011283291935323216,0.9666666666666667,2,1.0997434854507446,5.138311998109657e-10,3.1641669273376465,0.28717517852783203,0.05495904013514519,0.3143091171621984,7,0.26666666666666666,0.17555555555555558,greedy,0.5,0.7931034482758621,0.15931911766529083,0.06384851038455963,0.27452387477350615,1.1380284767726372,33.00282582640648,5.0,1.9333333333333333,11.0,0.39853566469646046,0.18888888888888888,0.4414945705394642,0.7014874892105286,0.7163265306122449,0.2985125107894714
2026-05-19,0.8282354479596915,83.97636937977376,0.9232317423806785,2.999586052802698,0.461926235598753,-4.184089106623404,0.10226099504187731,-0.07117040427143786,0.30000000000000004,0.30000000000000004,-0.30000000000000004,0.035972840505078714,-0.08122836631363162,0.30000000000000004,0.018655517270728807,0.22374486572707597,high_stress,partial_correlation,60,residual,30,81,0.18620689655172415,0.02,0,5.4,0.8872517347335815,0.8739540576934814,2.180070400238037,0.1643058806657791,0.07953387498855591,0.03059488534927368,-0.00219182507134974,0.43209876543209874,0.5679012345679012,0.04001346230506897,0.03059488534927368,-0.00219182507134974,0.054602796412258084,0.18013856812933027,-0.022756981311553463,0.9666666666666667,2,1.0868234634399414,1.5414990395257178e-09,3.167477607727051,0.2654823064804077,0.05365994572639465,0.34659700435470203,4,0.36666666666666664,0.3244444444444444,greedy,0.4666666666666667,0.896551724137931,0.15916363894939423,0.06412502378225327,0.27015020443496296,1.1367615975182632,32.96608632802963,5.0,1.9333333333333333,10.0,0.39762900850781996,0.1685393258426966,0.25217097433034075,0.5171018297039087,0.45248323105465965,0.4828981702960913
2026-05-20,0.7620273095037586,82.11347680602415,0.9014084507042254,-1.8628925737496047,1.0298678695774157,-1.1266728716319534,0.1184460164916512,-0.028840294541366992,0.30000000000000004,0.30000000000000004,-0.30000000000000004,0.035972840505078714,-0.09867866827816613,0.30000000000000004,-0.003957230936215212,0.13908464626277692,high_stress,partial_correlation,60,residual,30,84,0.19310344827586207,0.02,0,5.6,0.9127745032310486,0.9067185521125793,2.0714008808135986,0.16299544274806976,0.08012507855892181,0.03147498145699501,-0.0010713733499869704,0.4523809523809524,0.5476190476190477,0.03905044123530388,0.03147498145699501,-0.0010713733499869704,0.04531237432503528,0.17333333333333334,0.022631468243860864,0.9666666666666667,2,1.0955498218536377,2.0553314605820105e-09,3.1838808059692383,0.2768523693084717,0.0529765784740448,0.30025511714471115,6,0.3,0.21333333333333335,greedy,0.5,0.8275862068965517,0.15800228714942932,0.06399532407522202,0.26535986808944745,1.1358996198095124,32.94108897447586,5.0,1.9333333333333333,10.0,0.39960685205927754,0.1460674157303371,0.2157525564100397,0.43984604073387096,0.5604395604395604,0.5601539592661291
2026-05-21,0.8355219488801654,84.17149502025028,0.9244252873563218,2.0580182142261236,8.969323926965146,3.1372564415625135,0.10128255925444257,-0.042950331118057225,0.30000000000000004,0.30000000000000004,-0.30000000000000004,0.035972840505078714,-0.07519847732871271,0.30000000000000004,0.035000601572487376,0.18141475599492637,high_stress,partial_correlation,60,residual,30,83,0.19080459770114944,0.02,0,5.533333333333333,0.8857086896896362,0.8682864904403687,2.061159610748291,0.1600678414106369,0.0793972983956337,0.03054168075323105,-9.071141903405078e-06,0.46987951807228917,0.5301204819277109,0.03977026790380478,0.03054168075323105,-9.071141903405078e-06,0.05781306829883323,0.20044543429844097,0.0056541801753536396,0.9666666666666667,2,1.0825644731521606,5.5388801292493884e-17,3.174377202987671,0.2557092308998108,0.054057516157627106,0.36505033072681237,5,0.3,0.24444444444444446,greedy,0.4666666666666667,0.8620689655172413,0.15394054353237152,0.06295961141586304,0.25423232886502267,1.1441684221399242,33.1808842420578,4.0,1.9333333333333333,10.0,0.399080510757207,0.18478260869565222,0.26042177538008826,0.5135695009811563,0.5525613275613276,0.4864304990188437
2026-05-22,0.8628586599972558,84.8863798409799,0.9345015800057455,0.7148848207296226,6.53114012045188,5.357214341103727,0.10537603397457329,-0.014730257964676585,0.30000000000000004,0.30000000000000004,-0.30000000000000004,0.0674490759470226,-0.08110470444010842,0.30000000000000004,-0.0378763532466313,0.22374486572707597,high_stress,partial_correlation,60,residual,30,85,0.19540229885057472,0.02,0,5.666666666666667,0.8921639323234558,0.8301940560340881,2.017017364501953,0.1574406921863556,0.08051017671823502,0.030764272436499596,0.0007395418360829353,0.4823529411764706,0.5176470588235295,0.03991406410932541,0.030764272436499596,0.0007395418360829353,0.054668633152703164,0.20043103448275862,0.04303822815122613,1.0,1,1.1009026765823364,0.08546385169029236,3.1824240684509277,0.2816113829612732,0.05384925380349159,0.33319008078400114,4,0.3,0.26222222222222225,greedy,0.4666666666666667,0.896551724137931,0.15613479912281036,0.06338648498058319,0.2587843712636755,1.1436179691347583,33.16492110490799,4.0,1.9333333333333333,11.0,0.4117721209866334,0.1123595505617978,0.6732271634615384,0.7500603228617867,0.6722222222222223,0.2499396771382133
2026-05-25,0.9406682957952823,86.77645747019942,0.9569213095921884,1.890077629219519,5.7996741432283585,5.946263587328332,0.11244492767677738,-0.0006202213879863503,0.30000000000000004,0.28690787315291066,-0.30000000000000004,0.0674490759470226,-0.07610899213398803,0.30000000000000004,0.06918087654561951,0.18141475599492637,high_stress,partial_correlation,60,residual,30,86,0.19770114942528735,0.02,0,5.733333333333333,0.903311014175415,0.9051912426948547,2.111921548843384,0.1575542688369751,0.07999743521213531,0.03114865906536579,-0.000171457213582471,0.46511627906976744,0.5348837209302325,0.03913537785410881,0.03114865906536579,-0.000171457213582471,0.05732831640887367,0.17536534446764093,-0.06802169185568786,1.0,1,1.065311312675476,0.19504640996456146,3.1964914798736572,0.23537659645080566,0.053109414875507355,0.3393198703571778,5,0.26666666666666666,0.21555555555555558,greedy,0.5,0.8620689655172413,0.15067917108535767,0.06268957257270813,0.2507757448504503,1.1425966949298465,33.135304152965546,5.0,1.9333333333333333,11.0,0.4122788424264654,0.21875,0.45952534482487456,0.5959164699451354,0.6375,0.40408353005486464
2026-05-26,0.925283069690748,86.41935605364345,0.9534883720930233,-0.35710141655596317,2.4429866738696973,5.188196936458937,0.11786547701099569,-0.0006202213879863503,0.30000000000000004,0.30000000000000004,-0.30000000000000004,0.0674490759470226,-0.08054709531667154,0.30000000000000004,0.03972107744246099,0.18141475599492637,high_stress,partial_correlation,60,residual,30,86,0.19770114942528735,0.02,0,5.733333333333333,0.9118591547012329,0.8818807005882263,2.2231554985046387,0.15904517471790314,0.08051767945289612,0.031443413347005844,-0.0007099965587258339,0.45348837209302323,0.5465116279069767,0.039265237748622894,0.031443413347005844,-0.0007099965587258339,0.054965500457747146,0.1875,-0.08833724732365245,1.0,1,1.0763909816741943,0.19458720088005066,3.197164535522461,0.24259048700332642,0.05193779617547989,0.3330073904565451,5,0.3333333333333333,0.22444444444444445,greedy,0.5,0.8620689655172413,0.15629403293132782,0.06406021118164062,0.2545167929040151,1.135261726790461,32.92259007692337,4.0,1.9333333333333333,17.0,0.4123221290579701,0.18947368421052635,0.27716359196961476,0.5360960843625013,0.5021428571428571,0.46390391563749866
2026-05-27,0.876617823497637,85.2360447036975,0.9357060849598163,-1.1833113499459529,3.122567897673349,4.470569042786394,0.1246522534626287,0.013489815188704055,0.30000000000000004,0.30000000000000004,-0.30000000000000004,0.0674490759470226,-0.058968924098701095,0.30000000000000004,-0.05141915299694403,0.18141475599492637,high_stress,partial_correlation,60,residual,30,87,0.2,0.02,0,5.8,0.9225614070892334,0.8939485549926758,2.2354767322540283,0.15906228125095367,0.08011148124933243,0.031812459230422974,-4.8169047659030184e-05,0.47126436781609193,0.5287356321839081,0.03903722018003464,0.031812459230422974,-4.8169047659030184e-05,0.06645357206205166,0.20121951219512196,-0.09948648724195874,1.0,1,1.0795326232910156,0.21341894567012787,3.203225612640381,0.23408162593841553,0.05225038528442383,0.3364972281631416,5,0.3,0.2288888888888889,greedy,0.5,0.8620689655172413,0.1617433875799179,0.06575779616832733,0.26256737151706366,1.129372938953597,32.75181522965431,4.0,1.9333333333333333,17.0,0.4130124067266782,0.09890109890109888,0.4253063381444661,0.6389297430709193,0.5809090909090908,0.3610702569290807
2026-05-28,0.8435678868580387,84.38471147728865,0.9262553802008608,-0.8513332264088547,0.21321645703837078,3.1238130056941458,0.11927620028048568,-0.0006202213879863503,0.30000000000000004,0.30000000000000004,-0.30000000000000004,0.0674490759470226,-0.07253277097946574,0.30000000000000004,-0.05141915299694403,0.18141475599492637,high_stress,partial_correlation,60,residual,30,86,0.19770114942528735,0.02,0,5.733333333333333,0.9140836596488953,0.8675112724304199,2.242098093032837,0.15943320095539093,0.08014867454767227,0.03152012452483177,0.0005343154771253467,0.4883720930232558,0.5116279069767442,0.0389200784265995,0.03152012452483177,0.0005343154771253467,0.05923227222982692,0.17796610169491525,-0.10176590104941736,1.0,1,1.06480073928833,0.2167658656835556,3.2073590755462646,0.22042256593704224,0.052295610308647156,0.34398275504260184,5,0.3,0.2222222222222222,greedy,0.5,0.8620689655172413,0.16420364379882812,0.06617140024900436,0.27084531998238426,1.1266506057361076,32.67286756634712,4.0,1.9333333333333333,18.0,0.41220707595062894,0.09890109890109888,0.4589103574094038,0.6721396494821373,0.6988888888888889,0.32786035051786266
2026-05-29,0.9553024933463595,87.10870997032191,0.9604130808950087,2.723998493033264,2.222330129342012,4.784149166196542,0.14018761053960857,0.055819924918774924,0.30000000000000004,0.30000000000000004,-0.30000000000000004,0.0674490759470226,-0.0869208022244757,0.30000000000000004,-0.0026480718294974066,0.18141475599492637,high_stress,partial_correlation,60,residual,30,90,0.20689655172413793,0.02,0,6.0,0.9470595121383667,0.9548932313919067,2.262800455093384,0.15784327685832977,0.07953565567731857,0.03265722841024399,0.0001219157493324019,0.4777777777777778,0.5222222222222223,0.03854541480541229,0.03265722841024399,0.0001219157493324019,0.051572182247317654,0.18497109826589594,-0.1256647033176273,1.0,1,1.089891791343689,0.22642281651496887,3.215355396270752,0.25661545991897583,0.05246274173259735,0.30427714968602376,5,0.3,0.2222222222222222,greedy,0.5,0.8620689655172413,0.16633208096027374,0.06685832887887955,0.2733297765415832,1.1240955745351726,32.598771661520004,4.0,1.9333333333333333,15.0,0.41514732217651673,0.1473684210526316,0.48823529411764705,0.645720310139376,0.6266666666666667,0.35427968986062397
2026-06-01,1.006433979046731,88.21415245863106,0.9750501864066533,1.1054424883091514,1.4376949884316446,2.469317088039702,0.1353907951800927,0.02759985176539429,0.30000000000000004,0.30000000000000004,-0.30000000000000004,0.0674490759470226,-0.09359342620307887,0.30000000000000004,0.08817292636237374,0.18141475599492637,high_stress,partial_correlation,60,residual,30,88,0.20229885057471264,0.02,0,5.866666666666666,0.9394952654838562,0.954300582408905,2.187159776687622,0.1601412445306778,0.08012128621339798,0.03239639103412628,1.2306235475989524e-05,0.4772727272727273,0.5227272727272727,0.038839612156152725,0.03239639103412628,1.2306235475989524e-05,0.04801972262131593,0.18036072144288579,-0.11033437360957651,1.0,1,1.100701093673706,0.21672390401363373,3.206862211227417,0.2765854001045227,0.051765330135822296,0.3225513624525285,5,0.3333333333333333,0.22888888888888892,greedy,0.5333333333333333,0.8620689655172413,0.17315971851348877,0.06916025280952454,0.28637587272605025,1.11432002741715,32.31528079509735,5.0,1.9333333333333333,14.0,0.4137128209102885,0.2376237623762376,0.4589103574094038,0.6966073629955096,0.65,0.3033926370044904
2026-06-02,0.8804280796248677,85.33168556738305,0.9366399082568807,-2.882466891248015,-1.0876704862604072,2.349369426528355,0.10460134192273796,-0.05706036769474763,0.30000000000000004,0.30000000000000004,-0.30000000000000004,0.0674490759470226,-0.09563955408245192,0.30000000000000004,0.07966282753738002,0.18141475599492637,high_stress,partial_correlation,60,residual,30,82,0.18850574712643678,0.02,0,5.466666666666667,0.8909422755241394,0.8530964851379395,2.22882342338562,0.16297724843025208,0.0782780572772026,0.03072214685380459,-0.0021452049259096384,0.4268292682926829,0.573170731707317,0.04002032056450844,0.03072214685380459,-0.0021452049259096384,0.046930378053958645,0.17848970251716248,-0.12632963392356267,1.0,1,1.0683354139328003,0.2040332704782486,3.188981533050537,0.24488168954849243,0.0527481772005558,0.3313907016929207,5,0.3333333333333333,0.23111111111111116,greedy,0.5333333333333333,0.8620689655172413,0.17014369368553162,0.06783819198608398,0.26693811719682525,1.122997014686979,32.566913425922394,4.0,1.9333333333333333,15.0,0.4095086892303151,0.22916666666666663,0.5531623485676086,0.7413102625609574,0.7742857142857142,0.25868973743904256
2026-06-03,0.7977255511049143,83.13816533603499,0.9108627113786185,-2.19352023134806,-2.0978793676625145,-0.3876656338837705,0.10073867172353342,-0.042950331118057225,0.30000000000000004,0.30000000000000004,-0.30000000000000004,0.0674490759470226,-0.10364041763289117,0.30000000000000004,0.03704390592252952,0.13908464626277692,high_stress,partial_correlation,60,residual,30,83,0.19080459770114944,0.02,0,5.533333333333333,0.8848510384559631,0.8269177675247192,2.198068141937256,0.1599128395318985,0.08007332682609558,0.03051210567355156,-0.0020908957812935114,0.42168674698795183,0.5783132530120482,0.03937457501888275,0.03051210567355156,-0.0020908957812935114,0.0426707727132072,0.18409090909090908,-0.13431514787232685,1.0,1,1.0426753759384155,0.21508760750293732,3.197390079498291,0.21303808689117432,0.05219942331314087,0.32741155781390024,6,0.26666666666666666,0.18444444444444447,greedy,0.5333333333333333,0.8275862068965517,0.17500010132789612,0.0684681385755539,0.2747761219163156,1.122399774090997,32.549593448638916,5.0,1.9333333333333333,15.0,0.41005972424001075,0.18681318681318682,0.4039080991617875,0.6719667690128909,0.6397979797979798,0.3280332309871091
2026-06-04,0.861621998092141,84.85462118121355,0.9326647564469914,1.716455845178558,0.4699097039248983,3.3020834820437273,0.0966730456343782,-0.05706036769474763,0.30000000000000004,0.30000000000000004,-0.30000000000000004,0.0674490759470226,-0.08373048934473075,0.30000000000000004,0.05687597755529196,0.18141475599492637,high_stress,partial_correlation,60,residual,30,82,0.18850574712643678,0.02,0,5.466666666666667,0.8784398436546326,0.8421211838722229,2.1796717643737793,0.16069023311138153,0.07615577429533005,0.030291028320789337,-0.0019782623276114464,0.4268292682926829,0.573170731707317,0.04017459228634834,0.030291028320789337,-0.0019782623276114464,0.05327068312732375,0.19550561797752808,-0.1669193416010851,1.0,1,1.053490400314331,0.12290006130933762,3.184852123260498,0.24657726287841797,0.05206068977713585,0.34434650141125356,5,0.3,0.2288888888888889,greedy,0.5,0.8620689655172413,0.16174033284187317,0.0648285299539566,0.24771521701118682,1.134143186026606,32.890152394771576,4.0,1.9333333333333333,12.0,0.40956011313759505,0.2065217391304348,0.6886853216918343,0.812133315474523,0.6772486772486772,0.18786668452547695
2026-06-05,0.7482104510437443,81.70400595748285,0.8945860784875393,-3.1506152237306964,-5.404704012839062,1.975017303698067,0.10690630425772199,-0.05706036769474763,0.30000000000000004,0.30000000000000004,-0.30000000000000004,0.0674490759470226,-0.09316548319927065,0.30000000000000004,-0.05733383426190876,0.18141475599492637,high_stress,partial_correlation,60,residual,30,82,0.18850574712643678,0.02,0,5.466666666666667,0.8945770263671875,0.8336656093597412,2.055191993713379,0.16364215314388275,0.07456667721271515,0.03084748424589634,-0.0028883020859211683,0.4146341463414634,0.5853658536585366,0.03906434774398804,0.03084748424589634,-0.0028883020859211683,0.048247556566122875,0.1744186046511628,-0.13027458430224376,1.0,1,1.0487854480743408,0.21958810091018677,3.2009334564208984,0.2546360492706299,0.05161711573600769,0.35166101584203885,5,0.26666666666666666,0.22444444444444445,greedy,0.5,0.8620689655172413,0.17102231085300446,0.06506248563528061,0.26735898115017576,1.1376773776679203,32.99264395236969,4.0,1.9333333333333333,12.0,0.40919003162347495,0.09302325581395354,0.8132245598969515,0.8996489989607933,0.9055555555555556,0.10035100103920669
2026-06-08,0.8444189017155069,84.40712585699688,0.9252577319587629,2.7031198995140358,-3.8070266016341776,1.2408114046253331,0.10470444694024877,-0.05706036769474763,0.30000000000000004,0.30000000000000004,-0.30000000000000004,0.0674490759470226,-0.08069729245124274,0.30000000000000004,-0.01372182675285019,0.22374486572707597,high_stress,partial_correlation,60,residual,30,82,0.18850574712643678,0.02,0,5.466666666666667,0.8911047577857971,0.8296501636505127,1.9412944316864014,0.1630069613456726,0.07552316784858704,0.030727753415703773,-0.0023037204518914223,0.43902439024390244,0.5609756097560976,0.03895397484302521,0.030727753415703773,-0.0023037204518914223,0.05488553652478519,0.17647058823529413,-0.1527115486187189,1.0,1,1.048500895500183,0.21097509562969208,3.201889991760254,0.2758961319923401,0.05118329077959061,0.36266539904962414,4,0.3333333333333333,0.2688888888888889,greedy,0.5,0.896551724137931,0.17459693551063538,0.06584726274013519,0.27722775192211735,1.1348242101998165,32.90990209579468,4.0,1.9333333333333333,13.0,0.40915324065648734,0.13636363636363635,0.6535351059919128,0.7647249097882449,0.6426984126984128,0.23527509021175508
2026-06-09,0.7333310941763986,81.25495249007135,0.8900658459776696,-3.1521733669255383,-4.076733077311701,-2.259490654103658,0.09839489942680861,-0.05706036769474763,0.30000000000000004,0.30000000000000004,-0.30000000000000004,0.0674490759470226,-0.0769578078192489,0.30000000000000004,-0.07990946167836273,0.18141475599492637,high_stress,partial_correlation,60,residual,30,82,0.18850574712643678,0.02,0,5.466666666666667,0.8811550140380859,0.8411463499069214,1.958850622177124,0.16118690371513367,0.07597842812538147,0.03038465790450573,-0.0027706504333764315,0.4268292682926829,0.573170731707317,0.039273057132959366,0.03038465790450573,-0.0027706504333764315,0.05687641271079694,0.18352941176470589,-0.1382618899903004,1.0,1,1.0456167459487915,0.19747556746006012,3.19822096824646,0.2720690369606018,0.05210359767079353,0.3637625075935596,5,0.26666666666666666,0.2088888888888889,greedy,0.5,0.8620689655172413,0.171103835105896,0.06511492282152176,0.2724469491741591,1.1366336653972495,32.96237629652023,4.0,1.9333333333333333,11.0,0.4092596014197987,0.07058823529411762,0.6518744017449433,0.8160936213269289,0.7569444444444444,0.18390637867307114
2026-06-10,0.7731996112098142,82.43930590941038,0.9024041213508872,1.1843534193390326,-0.6988594266246082,1.355696972963642,0.09142315051851169,-0.042950331118057225,0.30000000000000004,0.30000000000000004,-0.30000000000000004,0.0674490759470226,-0.07729356259699754,0.30000000000000004,-0.046843477535591954,0.18141475599492637,high_stress,partial_correlation,60,residual,30,83,0.19080459770114944,0.02,0,5.533333333333333,0.8701610565185547,0.792121171951294,1.9266653060913086,0.1572580188512802,0.07535602152347565,0.030005553737282753,-0.0029604260344058275,0.42168674698795183,0.5783132530120482,0.0397975780069828,0.030005553737282753,-0.0029604260344058275,0.05669765915057626,0.1891891891891892,-0.11351836641306075,1.0,1,1.0515787601470947,0.1715492457151413,3.1916394233703613,0.302248477935791,0.052605822682380676,0.35218972522839326,5,0.3,0.2222222222222222,greedy,0.5,0.8620689655172413,0.17056973278522491,0.0643792450428009,0.27662081645778813,1.1423468630889366,33.12805902957916,4.0,1.9333333333333333,14.0,0.41020072523604406,0.10344827586206895,0.6845104472457261,0.8214230614590078,0.7684126984126984,0.1785769385409922
2026-06-11,0.7501758603947986,81.76269282422257,0.894420600858369,-0.6766130851878103,-3.0919283569909766,6.560521730937438,0.08954269997157131,-0.028840294541366992,0.30000000000000004,0.30000000000000004,-0.30000000000000004,0.0674490759470226,-0.08941431794270534,0.30000000000000004,-0.06997605903464965,0.18141475599492637,high_stress,partial_correlation,60,residual,30,84,0.19310344827586207,0.02,0,5.6,0.8671957850456238,0.8199920654296875,1.9029018878936768,0.1548563688993454,0.07515347748994827,0.02990330010652542,-0.002466819481924176,0.42857142857142855,0.5714285714285714,0.03968512639403343,0.02990330010652542,-0.002466819481924176,0.05024465143721709,0.16071428571428573,-0.15002198113063753,1.0,1,1.041533350944519,0.17787370085716248,3.1935384273529053,0.2991202473640442,0.05268523097038269,0.3496836738963653,5,0.26666666666666666,0.21555555555555558,greedy,0.5,0.8620689655172413,0.1702633947134018,0.06397676467895508,0.27842479912696805,1.1444491867361397,33.18902641534805,5.0,1.9333333333333333,14.0,0.41092952488996515,0.08045977011494254,0.7258325525934759,0.8413286258578507,0.8436507936507937,0.15867137414214927
2026-06-12,0.814073060798728,83.59155177226026,0.9167620137299771,1.8288589480376913,1.8875458147774111,5.2363120517322415,0.09502213220449426,-0.028840294541366992,0.30000000000000004,0.30000000000000004,-0.30000000000000004,0.0674490759470226,-0.0630962555597172,0.30000000000000004,-0.0378763532466313,0.18141475599492637,high_stress,partial_correlation,60,residual,30,84,0.19310344827586207,0.02,0,5.6,0.8758364915847778,0.8296399116516113,1.926735520362854,0.15639938414096832,0.07500602304935455,0.030201256275177002,-0.0039041254203766584,0.39285714285714285,0.6071428571428571,0.04015752673149109,0.030201256275177002,-0.0039041254203766584,0.06425620886199677,0.2096069868995633,-0.12017871822326912,1.0,1,1.072069525718689,0.1642424613237381,3.1859798431396484,0.3304382562637329,0.052770256996154785,0.36140360427845425,5,0.26666666666666666,0.2177777777777778,greedy,0.5,0.8620689655172413,0.1706712394952774,0.06420806795358658,0.28015907476120294,1.1437228589222348,33.16796290874481,6.0,1.9333333333333333,13.0,0.4110869916691177,0.1123595505617978,0.6484878702955487,0.7388057310207153,0.6521428571428571,0.26119426897928466
2026-06-15,0.8310599847715552,84.05223785176845,0.9210752073205605,0.46068607950819285,-0.3548880052284318,3.0754545247973937,0.08715227351077683,-0.05706036769474763,0.30000000000000004,0.30000000000000004,-0.30000000000000004,0.0674490759470226,-0.05363432471097235,0.30000000000000004,-0.03659153800760043,0.22374486572707597,high_stress,partial_correlation,60,residual,30,82,0.18850574712643678,0.02,0,5.466666666666667,0.8634262084960938,0.8096441030502319,1.9473552703857422,0.15794380009174347,0.07561035454273224,0.02977331541478634,-0.0035138053353875875,0.4024390243902439,0.5975609756097561,0.04019170254468918,0.02977331541478634,-0.0035138053353875875,0.0692936764957151,0.2361111111111111,-0.07795451946568725,1.0,1,1.0713837146759033,0.15624378621578217,3.1850104331970215,0.3303319215774536,0.05249316617846489,0.3547853047782123,4,0.36666666666666664,0.28888888888888886,greedy,0.5,0.896551724137931,0.1687220185995102,0.06400236487388611,0.2751756497901653,1.1459673725325485,33.23305380344391,4.0,1.9333333333333333,14.0,0.409565816557042,0.11363636363636365,0.4549522673031026,0.6137164511144386,0.5339393939393939,0.3862835488855614
2026-06-16,0.8027446621638357,83.27841962599946,0.9125214408233276,-0.7738182257689914,2.023467135928115,-0.6979497537742958,0.08092623763610457,-0.042950331118057225,0.30000000000000004,0.30000000000000004,-0.30000000000000004,0.0674490759470226,-0.07958170849271855,0.30000000000000004,-0.046843477535591954,0.22374486572707597,high_stress,partial_correlation,60,residual,30,83,0.19080459770114944,0.02,0,5.533333333333333,0.8536080121994019,0.8060659170150757,2.029953718185425,0.15426652133464813,0.07483015209436417,0.02943476103246212,-0.002899064216762781,0.42168674698795183,0.5783132530120482,0.040453653782606125,0.02943476103246212,-0.002899064216762781,0.05547946583726864,0.21040723981900453,-0.1328060494985626,1.0,1,1.0573852062225342,0.2133912742137909,3.186232089996338,0.3255821466445923,0.05347660556435585,0.3603950961530642,4,0.36666666666666664,0.28888888888888886,greedy,0.5,0.896551724137931,0.16584838926792145,0.06256745010614395,0.27121972921062765,1.1539888238084728,33.46567589044571,4.0,1.9333333333333333,13.0,0.41041941716125185,0.10344827586206895,0.8345108695652174,0.87765609784889,0.8888888888888888,0.12234390215111002
2026-06-17,0.888492341892415,85.53241359636561,0.940840240068591,2.253993970366153,3.0931076869552356,3.418936790341462,0.07757364611323003,-0.042950331118057225,0.30000000000000004,0.30000000000000004,-0.30000000000000004,0.0674490759470226,-0.06045627962550829,0.30000000000000004,0.0654614745808013,0.18141475599492637,high_stress,partial_correlation,60,residual,30,83,0.19080459770114944,0.02,0,5.533333333333333,0.8483210802078247,0.817569375038147,1.9491753578186035,0.15331105887889862,0.07293522357940674,0.02925245650112629,-0.0024836924858391285,0.43373493975903615,0.5662650602409639,0.040311772376298904,0.02925245650112629,-0.0024836924858391285,0.06566171409501555,0.1963882618510158,-0.17595364198611707,1.0,1,1.0337669849395752,0.16724887490272522,3.1869711875915527,0.3554232120513916,0.052610982209444046,0.34961444507594697,5,0.3,0.2288888888888889,greedy,0.5,0.8620689655172413,0.1716364324092865,0.06425049901008606,0.2845020673591835,1.1516204764103066,33.396993815898895,5.0,1.9333333333333333,13.0,0.41037212335914947,0.21505376344086025,0.5206787629471828,0.6808416100431273,0.6944444444444444,0.31915838995687273
2026-06-18,0.8328051985016909,84.09896952428794,0.9211428571428572,-1.4334440720776769,2.336276700065369,-0.07252549596233848,0.06703871111473086,-0.042950331118057225,0.30000000000000004,0.30000000000000004,-0.30000000000000004,0.0674490759470226,-0.08608530300082143,0.30000000000000004,0.045938289563889616,0.18141475599492637,high_stress,partial_correlation,60,residual,30,83,0.19080459770114944,0.02,0,5.533333333333333,0.8317081928253174,0.7834330797195435,1.9912275075912476,0.1503087282180786,0.07373040914535522,0.02867959626019001,-0.002614929573610425,0.42168674698795183,0.5783132530120482,0.04131259769201279,0.02867959626019001,-0.002614929573610425,0.05201699635179967,0.1870824053452116,-0.13154960345995903,1.0,1,1.0422523021697998,0.12533371150493622,3.174877166748047,0.41190147399902344,0.053455185145139694,0.3213213834639028,5,0.26666666666666666,0.21555555555555558,greedy,0.4666666666666667,0.8620689655172413,0.17654094099998474,0.06565434485673904,0.29946966047408263,1.1497939763398006,33.34402531385422,4.0,1.9333333333333333,16.0,0.41070573179772074,0.19565217391304346,0.707651466783158,0.8018203828363558,0.7444444444444444,0.19817961716364418
2026-06-19,0.7956323118172396,83.07939523659947,0.908311910882605,-1.0195742876884708,-0.5121565356607931,-1.8069846043804318,0.07379489860269706,-0.028840294541366992,0.30000000000000004,0.30000000000000004,-0.30000000000000004,0.0674490759470226,-0.0716161450428802,0.30000000000000004,-0.026569979143159346,0.18141475599492637,high_stress,partial_correlation,60,residual,30,84,0.19310344827586207,0.02,0,5.6,0.8423624038696289,0.7727530598640442,1.930262565612793,0.1504218578338623,0.07331433147192001,0.029046978801488876,-0.0019156074849888682,0.44047619047619047,0.5595238095238095,0.040762677788734436,0.029046978801488876,-0.0019156074849888682,0.05972027764453452,0.17960088691796008,-0.12073932197988045,1.0,1,1.042452096939087,0.15251676738262177,3.1838090419769287,0.3897717595100403,0.05397292971611023,0.3294756641015919,5,0.3,0.21333333333333337,greedy,0.5,0.8620689655172413,0.17674298584461212,0.06591660529375076,0.301252270711452,1.1472964923957298,33.271598279476166,5.0,1.9333333333333333,15.0,0.41128870868819883,0.1235955056179775,0.25261623366480973,0.4817396374605191,0.42698412698412697,0.5182603625394808
2026-06-22,0.7082211080198691,80.47800621593649,0.8780696744717305,-2.601389020662978,-3.574231635831964,-6.298451254262929,0.07270571912037448,-0.042950331118057225,0.30000000000000004,0.30000000000000004,-0.30000000000000004,0.0674490759470226,-0.08004160855727231,0.30000000000000004,-0.048026393634975545,0.13908464626277692,elevated,partial_correlation,60,residual,30,83,0.19080459770114944,0.02,0,5.533333333333333,0.8406447768211365,0.7958909273147583,1.9643499851226807,0.1519237756729126,0.07354163378477097,0.02898775227367878,-0.0018195593729615211,0.4457831325301205,0.5542168674698795,0.04112871363759041,0.02898775227367878,-0.0018195593729615211,0.05523461817065926,0.19463087248322147,-0.10229425948057586,1.0,1,1.0488137006759644,0.15426144003868103,3.1767735481262207,0.36898380517959595,0.053280752152204514,0.32694119181791953,6,0.23333333333333334,0.18222222222222226,greedy,0.5,0.8275862068965517,0.180728480219841,0.06714539974927902,0.3114333675282035,1.1450554194121525,33.20660716295242,5.0,1.9333333333333333,12.0,0.41064443711291326,0.10227272727272729,0.8862235175428763,0.9520892384414186,0.9555555555555555,0.04791076155858143
2026-06-23,0.8167255362461854,83.66418528017384,0.9166428775335427,3.1861790642373506,0.3857656541743779,-2.755170773469615,0.07199895306512517,-0.042950331118057225,0.30000000000000004,0.30000000000000004,-0.30000000000000004,0.0674490759470226,-0.08717294120042708,0.30000000000000004,0.02598602355759537,0.18141475599492637,high_stress,partial_correlation,60,residual,30,83,0.19080459770114944,0.02,0,5.533333333333333,0.8395302891731262,0.8159943222999573,1.934293270111084,0.15172235667705536,0.07376952469348907,0.028949320316314697,-0.003134056692942977,0.40963855421686746,0.5903614457831325,0.04100982844829559,0.028949320316314697,-0.003134056692942977,0.051437945171306634,0.18243243243243243,-0.06864826183681332,1.0,1,1.0408049821853638,0.1540924608707428,3.1780872344970703,0.359133780002594,0.0532035231590271,0.34298045432167723,5,0.23333333333333334,0.20444444444444448,greedy,0.5,0.8620689655172413,0.17932255566120148,0.06673599779605865,0.30990743484613836,1.1450948201376816,33.20774978399277,5.0,1.9333333333333333,11.0,0.4106048087164817,0.17582417582417587,0.6009326860594014,0.7704494798591082,0.667989417989418,0.22955052014089183
2026-06-24,0.6992828186101092,80.19561781878572,0.8741438356164384,-3.468567461388119,-5.336795777579894,-5.040426884911781,0.0696061288132258,-0.042950331118057225,0.30000000000000004,0.30000000000000004,-0.30000000000000004,0.0674490759470226,-0.09550141176023906,0.30000000000000004,-0.08073539926676954,0.18141475599492637,elevated,partial_correlation,60,residual,30,83,0.19080459770114944,0.02,0,5.533333333333333,0.8357568979263306,0.7670031785964966,1.9443672895431519,0.15104040503501892,0.07315852493047714,0.02881920523941517,-0.003130513709038496,0.40963855421686746,0.5903614457831325,0.041006531566381454,0.02881920523941517,-0.003130513709038496,0.04700392408680524,0.18409090909090908,-0.04329761646688195,1.0,1,1.0422308444976807,0.13308215141296387,3.1789608001708984,0.36354750394821167,0.05325734615325928,0.3323107474355755,5,0.23333333333333334,0.20444444444444448,greedy,0.5,0.8620689655172413,0.17729145288467407,0.06596018373966217,0.30883060997338074,1.1487372599799057,33.31338053941727,5.0,1.9333333333333333,11.0,0.41060370975584365,0.06976744186046513,1.0,1.0,1.0,0.0
2026-06-25,0.864566892960771,84.93015884412326,0.9329529243937232,4.734541025337535,0.8311893198353175,0.5454473668346083,0.07480029241298264,-0.028840294541366992,0.30000000000000004,0.30000000000000004,-0.30000000000000004,0.0674490759470226,-0.06525753842528124,0.30000000000000004,0.035000601572487376,0.18141475599492637,high_stress,partial_correlation,60,residual,30,84,0.19310344827586207,0.02,0,5.6,0.8439480066299438,0.7873318791389465,2.0241193771362305,0.1507049798965454,0.0728117823600769,0.029101649299263954,-0.003201030660420656,0.40476190476190477,0.5952380952380952,0.040717869997024536,0.029101649299263954,-0.003201030660420656,0.06310555656315513,0.24503311258278146,-0.06346054335857025,1.0,1,1.0395787954330444,0.17969352006912231,3.1835334300994873,0.31038111448287964,0.052837058901786804,0.3394974356387036,5,0.23333333333333334,0.20444444444444448,greedy,0.4666666666666667,0.8620689655172413,0.17790599167346954,0.06614525616168976,0.31214796101568787,1.14860227190215,33.30946588516235,5.0,1.9333333333333333,14.0,0.41127377275762883,0.18478260869565222,0.4634694914024523,0.6507722574367241,0.6031746031746031,0.34922774256327593
2026-06-26,0.8621870804507377,84.86913983325076,0.9324015972618368,-0.06101901087249928,1.789744596651289,-2.239570137071155,0.07386923012694904,-0.014730257964676585,0.30000000000000004,0.30000000000000004,-0.30000000000000004,0.0674490759470226,-0.07881696290496223,0.30000000000000004,0.033001239251478263,0.18141475599492637,high_stress,partial_correlation,60,residual,30,85,0.19540229885057472,0.02,0,5.666666666666667,0.8424795269966125,0.7668681144714355,1.9805876016616821,0.1486728936433792,0.07379249483346939,0.029051020741462708,-0.00036991629167459905,0.47058823529411764,0.5294117647058824,0.040294207632541656,0.029051020741462708,-0.00036991629167459905,0.055886611187190786,0.24782608695652175,0.005600264082521381,1.0,1,1.03372061252594,0.20076066255569458,3.1896257400512695,0.30000919103622437,0.05444731563329697,0.35468631737031925,5,0.23333333333333334,0.20444444444444448,greedy,0.4666666666666667,0.8620689655172413,0.17628546059131622,0.06532042473554611,0.3072957493648404,1.1513656377792358,33.38960349559784,5.0,1.9333333333333333,12.0,0.4118988354943722,0.18279569892473113,0.6686135093956324,0.7964040410174188,0.7666666666666667,0.2035959589825812
2026-06-29,0.8506080420869322,84.5693495767599,0.9275734245794126,-0.29979025649085145,4.091343360823416,-3.6448028818711578,0.0700459864643408,-0.05706036769474763,0.30000000000000004,0.30000000000000004,-0.30000000000000004,0.0674490759470226,-0.04624201019709753,0.30000000000000004,0.035000601572487376,0.18141475599492637,high_stress,partial_correlation,60,residual,30,82,0.18850574712643678,0.02,0,5.466666666666667,0.8364505767822266,0.8274331092834473,2.022709369659424,0.15300925076007843,0.07443923503160477,0.028843123465776443,0.0001397275336785242,0.4878048780487805,0.5121951219512195,0.040641143918037415,0.028843123465776443,0.0001397275336785242,0.07322929446811346,0.2557603686635945,-0.04772498090622936,1.0,1,1.0239720344543457,0.2182459980249405,3.1797544956207275,0.27720820903778076,0.05480135977268219,0.38614983900293715,5,0.26666666666666666,0.22444444444444445,greedy,0.5333333333333333,0.8620689655172413,0.18307097256183624,0.0674213394522667,0.3258715016498476,1.1440603280889576,33.17774951457977,5.0,1.9333333333333333,12.0,0.4097156303481581,0.18478260869565222,0.509633894660169,0.688131201917438,0.576904761904762,0.31186879808256196
2026-06-30,0.7710979258069934,82.37837107276503,0.8985176738882554,-2.19097850399487,-1.285814207408805,-2.953314494618013,0.07560862204860387,-0.028840294541366992,0.30000000000000004,0.30000000000000004,-0.30000000000000004,0.0674490759470226,-0.08794269563459214,0.30000000000000004,-0.03659153800760043,0.18141475599492637,high_stress,partial_correlation,60,residual,30,84,0.19310344827586207,0.02,0,5.6,0.8452224731445312,0.82197105884552,2.010702610015869,0.15093261003494263,0.07604856044054031,0.029145603999495506,0.000637652410659939,0.4880952380952381,0.5119047619047619,0.04054838418960571,0.029145603999495506,0.000637652410659939,0.05102813314562141,0.21238938053097345,-0.02342441456876604,1.0,1,1.0446643829345703,0.1729087382555008,3.1812634468078613,0.3133752942085266,0.05522623658180237,0.34628016026559083,5,0.3,0.22,greedy,0.5,0.8620689655172413,0.18009725213050842,0.06656496226787567,0.3142821732086153,1.14617671226633,33.23912465572357,5.0,1.9333333333333333,11.0,0.41121727748848924,0.11363636363636365,0.6490874256327518,0.7822671302251454,0.7221861471861473,0.21773286977485462
2026-07-01,0.8348216440571691,84.15282564060325,0.920775149615275,1.7744545678382195,3.9572078218175335,1.0146603045682667,0.07706966467713819,-0.042950331118057225,0.30000000000000004,0.30000000000000004,-0.30000000000000004,0.0674490759470226,-0.08490125731373849,0.30000000000000004,-0.005590373862272267,0.22374486572707597,high_stress,partial_correlation,60,residual,30,83,0.19080459770114944,0.02,0,5.533333333333333,0.847526490688324,0.7919975519180298,2.0314888954162598,0.15316744148731232,0.07661307603120804,0.029225051403045654,-2.9344942959141918e-05,0.46987951807228917,0.5301204819277109,0.04054713994264603,0.029225051403045654,-2.9344942959141918e-05,0.05264737422296275,0.23076923076923078,0.02243162227719757,1.0,1,1.0505735874176025,0.15693379938602448,3.1805295944213867,0.30662888288497925,0.05542020499706268,0.3594895665721474,4,0.26666666666666666,0.2511111111111111,greedy,0.5333333333333333,0.896551724137931,0.18476887047290802,0.06816776096820831,0.32060116716635,1.1410111229995201,33.089322566986084,5.0,1.9333333333333333,13.0,0.4104505792145985,0.1444444444444445,0.5837718878576212,0.7163573785988805,0.5992857142857144,0.2836426214011195
2026-07-02,0.744823608626615,81.60253159169912,0.8894586894586894,-2.550294048904135,-3.3276272524241364,-3.2520895895144264,0.08001555657446263,-0.05706036769474763,0.30000000000000004,0.30000000000000004,-0.30000000000000004,0.035972840505078714,-0.06996018860777263,0.30000000000000004,0.0167711215868168,0.13908464626277692,high_stress,partial_correlation,60,residual,30,82,0.18850574712643678,0.02,0,5.466666666666667,0.8521721363067627,0.8071283102035522,1.9624788761138916,0.15588513016700745,0.07651195675134659,0.029385240748524666,0.000705335580278188,0.4878048780487805,0.5121951219512195,0.0405416265130043,0.029385240748524666,0.000705335580278188,0.06060189758850278,0.2550335570469799,-0.030026209211639208,0.9666666666666667,2,1.0469715595245361,5.138310887886632e-10,3.165114164352417,0.276267409324646,0.055149637162685394,0.3582883297627513,6,0.3,0.2177777777777778,greedy,0.5666666666666667,0.8275862068965517,0.18551349639892578,0.06856846809387207,0.32069972901286625,1.137888472655724,32.99876570701599,6.0,1.9333333333333333,12.0,0.3985713467687026,0.16666666666666663,0.7005618966814479,0.8144261601947308,0.7435515873015872,0.1855738398052692
2026-07-03,0.8133570396373817,83.57190032033864,0.9142694389062945,1.9693687286395232,-1.297239512912114,1.8678943628557931,0.08072191157980824,-0.05706036769474763,0.30000000000000004,0.30000000000000004,-0.30000000000000004,0.0674490759470226,-0.066517479356885,0.30000000000000004,0.007349143167256854,0.18141475599492637,high_stress,partial_correlation,60,residual,30,82,0.18850574712643678,0.02,0,5.466666666666667,0.8532859086990356,0.8091244101524353,2.0651376247406006,0.15608887374401093,0.07715114951133728,0.029423650354146957,3.0852461350150406e-05,0.47560975609756095,0.524390243902439,0.04114937409758568,0.029423650354146957,3.0852461350150406e-05,0.062434772579969204,0.252212389380531,-0.06253609153697895,1.0,1,1.0660936832427979,0.08001182228326797,3.1616463661193848,0.28048670291900635,0.056676194071769714,0.3608681882932268,5,0.26666666666666666,0.20666666666666672,greedy,0.5,0.8620689655172413,0.18637196719646454,0.0690774992108345,0.3222023355715482,1.1349931256524448,32.9148006439209,6.0,1.9333333333333333,12.0,0.4098850404080075,0.1573033707865169,0.45898365652425244,0.6541891365634827,0.562037037037037,0.34581086343651735
2026-07-06,0.8504537685399394,84.56532273090434,0.9273917995444191,0.9934224105656995,-0.0040268458555630104,0.15819687390745685,0.09250325264879429,-0.042950331118057225,0.30000000000000004,0.30000000000000004,-0.30000000000000004,0.0674490759470226,-0.06473410651956371,0.30000000000000004,0.0167711215868168,0.18141475599492637,high_stress,partial_correlation,60,residual,30,83,0.19080459770114944,0.02,0,5.533333333333333,0.8718643188476562,0.852224588394165,2.0904674530029297,0.15756584703922272,0.0774025022983551,0.030064286664128304,0.0006277955835685134,0.4939759036144578,0.5060240963855421,0.04049711674451828,0.030064286664128304,0.0006277955835685134,0.063384228149923,0.24666666666666667,-0.032081006366469225,1.0,1,1.0703519582748413,0.07217828184366226,3.1729342937469482,0.27460694313049316,0.05548317730426788,0.3731253780034066,5,0.26666666666666666,0.21555555555555556,greedy,0.5333333333333333,0.8620689655172413,0.1901668757200241,0.07027830183506012,0.33365349562693314,1.1300889376936287,32.772579193115234,4.0,1.9333333333333333,11.0,0.41043390481522257,0.16666666666666663,0.4180397127165188,0.6069807044937899,0.5988888888888889,0.39301929550621006
2026-07-07,0.8413383998016316,84.32586582424425,0.9231426131511529,-0.23945690666009511,1.947494751479212,3.0709133341729,0.10188474736335949,-0.028840294541366992,0.30000000000000004,0.30000000000000004,-0.30000000000000004,0.035972840505078714,-0.04350327565809395,0.30000000000000004,-0.005590373862272267,0.18141475599492637,high_stress,partial_correlation,60,residual,30,84,0.19310344827586207,0.02,0,5.6,0.8866583704948425,0.8944866061210632,2.073150157928467,0.15833184123039246,0.0762171521782875,0.03057442605495453,0.0012525528436526656,0.5,0.5,0.04043220728635788,0.03057442605495453,0.0012525528436526656,0.07468737811067223,0.27906976744186046,-0.027965253192721504,0.9666666666666667,2,1.0895479917526245,-1.0939520944571587e-30,3.164537191390991,0.2846905589103699,0.05598099157214165,0.3708797522184195,5,0.3,0.24444444444444446,greedy,0.5666666666666667,0.8620689655172413,0.1913636326789856,0.0705338567495346,0.33564228363881177,1.126974851920687,32.68227070569992,5.0,1.9333333333333333,11.0,0.40006744074296224,0.1444444444444445,0.539607587722869,0.6888929131908185,0.567063492063492,0.31110708680918153
2026-07-08,0.7523520815090434,81.82750375417652,0.8907228229937393,-2.498362070067728,-2.3253218864267353,-0.6118021552338604,0.0918372147881697,-0.05706036769474763,0.30000000000000004,0.30000000000000004,-0.30000000000000004,0.035972840505078714,-0.041402593799263095,0.30000000000000004,-0.0584097682851208,0.18141475599492637,high_stress,partial_correlation,60,residual,30,82,0.18850574712643678,0.02,0,5.466666666666667,0.8708139657974243,0.8650645017623901,2.086165189743042,0.1592952311038971,0.07601168751716614,0.030028069391846657,0.0009229391580447555,0.4878048780487805,0.5121951219512195,0.041126102209091187,0.030028069391846657,0.0009229391580447555,0.07580576684567376,0.271523178807947,-0.10110385317461484,0.9666666666666667,2,1.075951337814331,-6.938893903907228e-18,3.156643867492676,0.2701682448387146,0.056205201894044876,0.36862906035248655,5,0.3,0.24444444444444446,greedy,0.5666666666666667,0.8620689655172413,0.1939428448677063,0.0713091790676117,0.3411360412872336,1.1250893083111992,32.62758994102478,5.0,1.9333333333333333,11.0,0.39876617200073156,0.09195402298850575,1.0,1.0,1.0,0.0
2026-07-09,0.7743088096053427,82.47139834176551,0.8992887624466572,0.6438945875889885,0.8688667500663882,0.7087055175429384,0.09599484754743588,-0.028840294541366992,0.30000000000000004,0.30000000000000004,-0.30000000000000004,0.035972840505078714,-0.051823571615610735,0.30000000000000004,-0.0584097682851208,0.18141475599492637,high_stress,partial_correlation,60,residual,30,84,0.19310344827586207,0.02,0,5.6,0.8773701786994934,0.8849677443504333,2.1321425437927246,0.15667326748371124,0.07512974739074707,0.030254149809479713,0.001036710338667035,0.4880952380952381,0.5119047619047619,0.04054081067442894,0.030254149809479713,0.001036710338667035,0.0702577091288377,0.27682403433476394,-0.038989089263734004,0.9666666666666667,2,1.078000545501709,1.5048726154098802e-16,3.166724681854248,0.27183371782302856,0.056838229298591614,0.3624680505344714,5,0.3,0.24444444444444446,greedy,0.5666666666666667,0.8620689655172413,0.19250671565532684,0.07106616348028183,0.33473847135166757,1.124472069329229,32.60969001054764,5.0,1.9333333333333333,11.0,0.4001036418723192,0.09195402298850575,1.0,1.0,1.0,0.0
2026-07-10,0.7047744517772782,80.36947841332027,0.873151308304892,-2.1019199284452412,-3.202421907018376,-3.222073358939994,0.08820846623832769,-0.05706036769474763,0.30000000000000004,0.30000000000000004,-0.30000000000000004,0.035972840505078714,-0.043021365249037054,0.30000000000000004,-0.0584097682851208,0.13908464626277692,elevated,partial_correlation,60,residual,30,82,0.18850574712643678,0.02,0,5.466666666666667,0.8650916814804077,0.8111640214920044,2.1108996868133545,0.15824849903583527,0.07476869970560074,0.029830748215317726,0.001298316870816052,0.5,0.5,0.041290752589702606,0.029830748215317726,0.001298316870816052,0.07494394393500375,0.30131004366812225,-0.0594868616792473,0.9666666666666667,2,1.084463357925415,4.163336342344337e-17,3.1543543338775635,0.27884340286254883,0.05665791779756546,0.363238962106608,6,0.26666666666666666,0.2088888888888889,greedy,0.5333333333333333,0.8275862068965517,0.19260983169078827,0.07104566693305969,0.3298802208069207,1.1271123043422042,32.68625682592392,6.0,1.9333333333333333,12.0,0.3988210554609353,0.09195402298850575,0.8279499011206328,0.8883349832825985,0.8777777777777779,0.11166501671740148
2026-07-13,0.8228356533725686,83.83051566022647,0.9161216946261018,3.4610372469062014,-0.7348070706778742,-0.22172219154198558,0.08692057838172598,-0.05706036769474763,0.30000000000000004,0.30000000000000004,-0.30000000000000004,0.035972840505078714,-0.052364023125776364,0.30000000000000004,0.02795186931136144,0.18141475599492637,high_stress,partial_correlation,60,residual,30,82,0.18850574712643678,0.02,0,5.466666666666667,0.8630607724189758,0.8457144498825073,2.1031620502471924,0.15787696838378906,0.07452392578125,0.02976071648299694,0.0002999530406668782,0.47560975609756095,0.524390243902439,0.04061061143875122,0.02976071648299694,0.0002999530406668782,0.06996997642041121,0.28,0.003664756465108234,0.9666666666666667,2,1.0652670860290527,1.1304326363870132e-08,3.1621949672698975,0.2570599913597107,0.05600421130657196,0.36566495530980536,5,0.26666666666666666,0.23777777777777778,greedy,0.5333333333333333,0.8620689655172413,0.1936914473772049,0.07107172161340714,0.34412117176938817,1.1265755809586624,32.67069184780121,4.0,1.9333333333333333,13.0,0.39859434174395153,0.1777777777777778,0.4403415261742051,0.6803711497511363,0.6313131313131314,0.31962885024886367
2026-07-14,0.7488568462938224,81.7233233936646,0.8897100625355315,-2.107192266561867,-2.6025424305796463,-1.5550962323348614,0.09012149249013611,-0.042950331118057225,0.30000000000000004,0.30000000000000004,-0.30000000000000004,0.035972840505078714,-0.04666729481392252,0.30000000000000004,-0.06903461676433914,0.18141475599492637,high_stress,partial_correlation,60,residual,30,83,0.19080459770114944,0.02,0,5.533333333333333,0.8681084513664246,0.8719789385795593,2.2435946464538574,0.15688706934452057,0.0737127736210823,0.029934773221611977,0.0013245977461338043,0.5060240963855421,0.4939759036144578,0.04092559963464737,0.029934773221611977,0.0013245977461338043,0.07300287583045682,0.28846153846153844,-0.03725343350162896,0.9666666666666667,2,1.0723522901535034,1.2845825736462757e-08,3.1626737117767334,0.27072036266326904,0.055819619446992874,0.37329433435142717,5,0.26666666666666666,0.23777777777777778,greedy,0.5666666666666667,0.8620689655172413,0.19105251133441925,0.07038922607898712,0.33312905114808133,1.128071747977158,32.714080691337585,6.0,1.9333333333333333,15.0,0.39946562133415453,0.08139534883720934,0.7656547090886043,0.8377658653151608,0.85,0.16223413468483916
2026-07-15,0.9111056658140786,86.08312577884372,0.947996589940324,4.3598023851791226,4.255622024667204,0.550712182478108,0.08890190742586547,-0.028840294541366992,0.30000000000000004,0.30000000000000004,-0.30000000000000004,0.035972840505078714,-0.040207845027256855,0.30000000000000004,0.07386430145683172,0.18141475599492637,high_stress,partial_correlation,60,residual,30,84,0.19310344827586207,0.02,0,5.6,0.8661851286888123,0.8717374801635742,2.1964361667633057,0.1546759307384491,0.07178479433059692,0.029868455603718758,-0.0004442793142516166,0.4642857142857143,0.5357142857142857,0.041139084845781326,0.029868455603718758,-0.0004442793142516166,0.07644184296645883,0.3081761006289308,-0.035203296779529304,0.9666666666666667,2,1.0784621238708496,6.165995714013661e-09,3.1613805294036865,0.29569053649902344,0.05662327632308006,0.3885558885971007,5,0.3,0.24222222222222223,greedy,0.5666666666666667,0.8620689655172413,0.19158439338207245,0.07058176398277283,0.3341762873600945,1.12854855225004,32.72790801525116,6.0,1.9333333333333333,13.0,0.4003030665961034,0.22340425531914898,0.8085327129248279,0.8639967378806133,0.9027777777777779,0.13600326211938674
2026-07-16,0.8205339406708847,83.76801918404075,0.9150568181818182,-2.3151065948029697,1.2966208422752459,-0.3309503402471847,0.07824958342570201,-0.05706036769474763,0.30000000000000004,0.30000000000000004,-0.30000000000000004,0.035972840505078714,-0.04117423640872683,0.30000000000000004,0.0654614745808013,0.13908464626277692,high_stress,partial_correlation,60,residual,30,82,0.18850574712643678,0.02,0,5.466666666666667,0.8493871092796326,0.8007267713546753,2.0299134254455566,0.15537568926811218,0.07118257135152817,0.029289212077856064,-9.741481335368007e-05,0.4634146341463415,0.5365853658536586,0.039393942803144455,0.029289212077856064,-9.741481335368007e-05,0.07592734276734724,0.30210772833723654,0.018265355572489612,0.9666666666666667,2,1.0156675577163696,-1.1102230246251565e-16,3.1806893348693848,0.19515198469161987,0.05485214665532112,0.40756900867721846,6,0.3,0.20444444444444448,greedy,0.5333333333333333,0.8275862068965517,0.1914004534482956,0.07052192091941833,0.33143423697327135,1.1282365568752946,32.718860149383545,6.0,1.9333333333333333,12.0,0.39818878553208265,0.21505376344086025,0.8329967116793804,0.8910026144935431,0.8916666666666668,0.10899738550645688
2026-07-17,0.8106760906980368,83.49815277375473,0.911672820221528,-0.26986641028602776,3.1286743604344593,0.4187575371552583,0.0788947947578726,-0.05706036769474763,0.30000000000000004,0.30000000000000004,-0.30000000000000004,0.0674490759470226,-0.046300341554187274,0.30000000000000004,-0.01372182675285019,0.18141475599492637,high_stress,partial_correlation,60,residual,30,82,0.18850574712643678,0.02,0,5.466666666666667,0.8504046201705933,0.770243763923645,1.9334264993667603,0.15556183457374573,0.07011409848928452,0.029324296861886978,0.0017463152762502432,0.5121951219512195,0.4878048780487805,0.038674578070640564,0.029324296861886978,0.0017463152762502432,0.07319823925030775,0.2746987951807229,0.012934963081691047,1.0,1,1.0061135292053223,0.18170040845870972,3.1990725994110107,0.18472284078598022,0.052807509899139404,0.41457023046255786,5,0.3,0.2177777777777778,greedy,0.5,0.8620689655172413,0.18879073858261108,0.06973650306463242,0.32416140114172365,1.1285620907257343,32.728300631046295,6.0,1.9333333333333333,11.0,0.4090601083990258,0.13636363636363635,0.770319265021648,0.853889695301428,0.753968253968254,0.146110304698572
2026-07-20,0.917741765664121,86.24136765047213,0.9505962521294719,2.7432148767174027,2.4108519902456607,5.763361434535639,0.08320102205732546,-0.05706036769474763,0.30000000000000004,0.30000000000000004,-0.30000000000000004,0.0674490759470226,-0.02507638618710023,0.30000000000000004,0.0678136655466942,0.18141475599492637,high_stress,partial_correlation,60,residual,30,82,0.18850574712643678,0.02,0,5.466666666666667,0.8571951985359192,0.8158853650093079,1.86033296585083,0.15680401027202606,0.06755255907773972,0.0295584574341774,0.0015411939239129424,0.5,0.5,0.0395614393055439,0.0295584574341774,0.0015411939239129424,0.08449772874460754,0.26651480637813213,-0.05341812882028069,1.0,1,1.0263005495071411,0.10949794948101044,3.1838560104370117,0.20764899253845215,0.055141378194093704,0.38786125643093017,5,0.26666666666666666,0.21111111111111114,greedy,0.5,0.8620689655172413,0.19964000582695007,0.07303887605667114,0.3374618155800634,1.1190866129151706,32.45351177453995,5.0,1.9333333333333333,13.0,0.40935572881066024,0.21739130434782605,0.7206941431670282,0.842854336081622,0.8542857142857143,0.15714566391837803
2026-07-21,0.8053219523714813,83.3500764937751,0.9088844734601192,-2.8912911566970223,1.6267531001105056,-0.31410878639873374,0.07180736955584348,-0.08528044084812827,0.30000000000000004,0.30000000000000004,-0.30000000000000004,0.0674490759470226,-0.03921669278008314,0.30000000000000004,0.009147884501900051,0.18141475599492637,high_stress,partial_correlation,60,residual,30,80,0.1839080459770115,0.02,0,5.333333333333333,0.8392282128334045,0.7688981294631958,1.777760624885559,0.15735527873039246,0.0659194216132164,0.02893890254199505,0.001239199424162507,0.5,0.5,0.0401138998568058,0.02893890254199505,0.001239199424162507,0.07696952568207359,0.2752941176470588,-0.020891722978149455,1.0,1,1.0297349691390991,0.11580874770879745,3.1709964275360107,0.19491147994995117,0.05448118597269058,0.3787815802403077,5,0.3,0.22000000000000003,greedy,0.4666666666666667,0.8620689655172413,0.20450668036937714,0.07493948936462402,0.34544485952316784,1.117966261403314,32.421021580696106,4.0,1.9333333333333333,14.0,0.4080073152779391,0.15909090909090906,0.5492227979274611,0.7104216908769806,0.6685714285714286,0.2895783091230194
2026-07-22,0.8812757032801832,85.35289179646573,0.9370034052213394,2.002815302690621,-0.730233982377996,5.157273977680006,0.06391425228840848,-0.11350051400150891,0.30000000000000004,0.30000000000000004,-0.30000000000000004,0.0674490759470226,-0.05144166044377359,0.30000000000000004,0.13343979349510804,0.18141475599492637,high_stress,partial_correlation,60,residual,30,78,0.1793103448275862,0.02,0,5.2,0.826781153678894,0.8031598329544067,1.7830677032470703,0.1589963734149933,0.06510814279317856,0.028509696945548058,-0.0005108194891363382,0.44871794871794873,0.5512820512820513,0.03909963369369507,0.028509696945548058,-0.0005108194891363382,0.07046103603936361,0.2558139534883721,0.08050200456249762,1.0,1,1.0140907764434814,0.12362725287675858,3.186180591583252,0.2158762812614441,0.0552409403026104,0.39112849060520877,5,0.3,0.23555555555555557,greedy,0.5,0.8620689655172413,0.2032475620508194,0.07403570413589478,0.3430557545813465,1.122391193077482,32.54934459924698,4.0,1.9333333333333333,13.0,0.4061366595070937,0.28260869565217395,0.40652892154445486,0.6118321912083525,0.6356060606060605,0.3881678087916475
2026-07-23,0.7156294071027182,80.70973778291687,0.8760283687943262,-4.643154013548852,-3.058281401123878,-4.22042106120638,0.052724651809953685,-0.11350051400150891,0.30000000000000004,0.30000000000000004,-0.30000000000000004,0.0674490759470226,-0.042755491885481986,0.30000000000000004,-0.02970307076219368,0.18141475599492637,high_stress,partial_correlation,60,residual,30,78,0.1793103448275862,0.02,0,5.2,0.8091359734535217,0.752924919128418,1.9173563718795776,0.15560303628444672,0.0637938529253006,0.027901237830519676,-8.208586950786412e-05,0.46153846153846156,0.5384615384615384,0.03984292224049568,0.027901237830519676,-8.208586950786412e-05,0.07508549310556804,0.26288659793814434,0.10796382781666847,1.0,1,1.0201451778411865,0.09939931333065033,3.179752826690674,0.23463374376296997,0.0542631633579731,0.38662895071527525,5,0.3,0.2177777777777778,greedy,0.4666666666666667,0.8620689655172413,0.18444116413593292,0.06825537979602814,0.3134412908354026,1.1384991818460926,33.01647627353668,6.0,1.9333333333333333,10.0,0.4063844223560273,0.12048192771084343,0.626634094810511,0.7117995263094445,0.7112698412698413,0.28820047369055546
2026-07-24,0.8523622816979701,84.61507832026591,0.9282473057288713,3.9053405373490335,1.1169255465111831,-0.2540615129848476,0.06584505644855182,-0.07117040427143786,0.30000000000000004,0.30000000000000004,-0.30000000000000004,0.0674490759470226,-0.032701700623027755,0.30000000000000004,0.08385560793408421,0.13908464626277692,high_stress,partial_correlation,60,residual,30,81,0.18620689655172415,0.02,0,5.4,0.8298260569572449,0.7677637934684753,1.8312017917633057,0.1536714881658554,0.0630764439702034,0.02861468866467476,-0.0005404124385677278,0.4567901234567901,0.5432098765432098,0.03970548138022423,0.02861468866467476,-0.0005404124385677278,0.08043806319833,0.26823529411764707,0.042410307387272646,1.0,1,1.0215941667556763,0.13072192668914795,3.185558795928955,0.22608798742294312,0.05397091805934906,0.3812269888104449,6,0.26666666666666666,0.18444444444444447,greedy,0.5333333333333333,0.8275862068965517,0.18329215049743652,0.06802752614021301,0.29846632515851435,1.140572560244593,33.0766042470932,6.0,1.9333333333333333,10.0,0.40863745931064943,0.23333333333333328,0.6241520672095887,0.7762798530509227,0.785,0.22372014694907727
