n,n_positive,base_rate,threshold,auroc,auprc,auprc_lift_over_base,brier,brier_skill_score,log_loss,balanced_accuracy,accuracy,mcc,precision,recall,f1,true_negatives,false_positives,false_negatives,true_positives,specificity,false_positive_rate,false_negative_rate,recall_stress,precision_stress,false_alarms_per_year,alerts_per_year,fold,n_train,n_train_positive,n_validation,n_features_selected,calibration,label_threshold,train_end,test_start,test_end,threshold_objective,threshold_score,note,threshold_note,key
63,4,0.06349206349206349,0.11909261123994186,0.5,0.06349206349206349,1.0,0.0625522422754474,-0.05199088809852004,0.2538536403471652,0.5,0.06349206349206349,0.0,0.06349206349206349,1.0,0.11940298507462686,0.0,59.0,0.0,4.0,0.0,1.0,0.0,1.0,0.06349206349206349,236.0,252.0,0,756,76,126,36,sigmoid,-0.03632822342460301,2015-02-13,2015-12-16,2016-03-21,f1,0.2127659574468085,,,stress_q10_5d__market__naive_frequency
63,3,0.047619047619047616,0.047621680824577774,0.5,0.047619047619047616,1.0,0.04535147392983625,-1.5288947885494508e-10,0.19144408203415947,0.5,0.047619047619047616,0.0,0.047619047619047616,1.0,0.09090909090909091,0.0,60.0,0.0,3.0,0.0,1.0,0.0,1.0,0.047619047619047616,240.0,252.0,1,882,89,126,36,sigmoid,-0.03654378260089074,2015-08-24,2016-06-22,2016-09-19,f1,0.09090909090909091,,,stress_q10_5d__market__naive_frequency
63,0,0.0,0.02390351026003508,,,,,,,,,,,,,,,,,,,,,,,,2,1008,101,126,36,sigmoid,-0.03568145547176521,2016-02-25,2016-12-16,2017-03-22,f1,0.046511627906976744,degenerate label distribution; most metrics undefined,,stress_q10_5d__market__naive_frequency
63,1,0.015873015873015872,0.10052910052910052,0.5,0.015873015873015872,1.0,0.02278771590940902,-0.4587813620071677,0.14073206146785391,0.5,0.015873015873015872,0.0,0.015873015873015872,1.0,0.03125,0.0,62.0,0.0,1.0,0.0,1.0,0.0,1.0,0.015873015873015872,248.0,252.0,3,1134,114,126,36,none,-0.03479115563119106,2016-08-24,2017-06-23,2017-09-20,f1,0.03125,,,stress_q10_5d__market__naive_frequency
63,7,0.1111111111111111,0.1,0.5,0.1111111111111111,1.0,0.09888888888888887,-0.0012499999999999734,0.349496579806295,0.5,0.1111111111111111,0.0,0.1111111111111111,1.0,0.2,0.0,56.0,0.0,7.0,0.0,1.0,0.0,1.0,0.1111111111111111,224.0,252.0,4,1260,126,126,36,none,-0.03323301850469744,2017-02-27,2017-12-19,2018-03-27,f1,0.015748031496062992,,,stress_q10_5d__market__naive_frequency
63,6,0.09523809523809523,0.17460412448198484,0.5,0.09523809523809523,1.0,0.09246676705145666,-0.07310116499190511,0.33982947812714415,0.5,0.09523809523809523,0.0,0.09523809523809523,1.0,0.17391304347826086,0.0,57.0,0.0,6.0,0.0,1.0,0.0,1.0,0.09523809523809523,228.0,252.0,5,1386,139,126,36,sigmoid,-0.0325700164848442,2017-08-25,2018-06-28,2018-09-25,f1,0.2972972972972973,,,stress_q10_5d__market__naive_frequency
63,4,0.06349206349206349,0.2777777777777778,0.5,0.06349206349206349,1.0,0.10537918871252207,-0.7722457627118648,0.3860897937697034,0.5,0.06349206349206349,0.0,0.06349206349206349,1.0,0.11940298507462686,0.0,59.0,0.0,4.0,0.0,1.0,0.0,1.0,0.06349206349206349,236.0,252.0,6,1512,152,126,36,isotonic,-0.032056383175901135,2018-03-02,2018-12-24,2019-03-29,f1,0.43478260869565216,,,stress_q10_5d__market__naive_frequency
63,0,0.0,0.06352976369673863,,,,,,,,,,,,,,,,,,,,,,,,7,1638,164,126,36,sigmoid,-0.03420718671012672,2018-08-30,2019-07-03,2019-09-30,f1,0.11940298507462686,degenerate label distribution; most metrics undefined,,stress_q10_5d__market__naive_frequency
63,25,0.3968253968253968,0.5,0.5,0.3968253968253968,1.0,0.3272585111141963,-0.3672516111707842,0.9761555747516687,0.5,0.6031746031746031,0.0,0.0,0.0,0.0,38.0,0.0,25.0,0.0,1.0,0.0,1.0,0.0,,0.0,0.0,8,1764,177,126,36,none,-0.03434369954845987,2019-03-06,2019-12-27,2020-04-01,f1,,,insufficient data; used fixed threshold,stress_q10_5d__market__naive_frequency
63,6,0.09523809523809523,0.23015873015873015,0.5,0.09523809523809523,1.0,0.104371378180902,-0.2112573099415207,0.37656284735446727,0.5,0.09523809523809523,0.0,0.09523809523809523,1.0,0.17391304347826086,0.0,57.0,0.0,6.0,0.0,1.0,0.0,1.0,0.09523809523809523,228.0,252.0,9,1890,189,126,36,isotonic,-0.03344225413090106,2019-09-05,2020-07-03,2020-09-30,f1,0.3741935483870968,,,stress_q10_5d__market__naive_frequency
63,12,0.19047619047619047,0.1349374551564208,0.5,0.19047619047619047,1.0,0.15727956245878794,-0.02000422124008061,0.49885640840077206,0.5,0.19047619047619047,0.0,0.19047619047619047,1.0,0.32,0.0,51.0,0.0,12.0,0.0,1.0,0.0,1.0,0.19047619047619047,204.0,252.0,10,2016,202,126,36,sigmoid,-0.03366801194362423,2020-03-09,2020-12-29,2021-04-02,f1,0.23776223776223776,,,stress_q10_5d__market__naive_frequency
63,11,0.1746031746031746,0.09524020374015076,0.5,0.1746031746031746,1.0,0.15041538716587308,-0.04370397143592708,0.4931642115554317,0.5,0.1746031746031746,0.0,0.1746031746031746,1.0,0.2972972972972973,0.0,52.0,0.0,11.0,0.0,1.0,0.0,1.0,0.1746031746031746,208.0,252.0,11,2142,215,126,36,sigmoid,-0.03504972644303534,2020-09-07,2021-07-06,2021-10-04,f1,0.17391304347826086,,,stress_q10_5d__market__naive_frequency
63,1,0.015873015873015872,0.12701189669222585,0.5,0.015873015873015872,1.0,0.027972914069857403,-0.7907176765042585,0.1664308295170822,0.5,0.015873015873015872,0.0,0.015873015873015872,1.0,0.03125,0.0,62.0,0.0,1.0,0.0,1.0,0.0,1.0,0.015873015873015872,248.0,252.0,12,2268,227,126,36,sigmoid,-0.03506195066574793,2021-03-10,2021-12-31,2022-04-06,f1,0.22535211267605634,,,stress_q10_5d__market__naive_frequency
63,14,0.2222222222222222,0.1984126984126984,0.5,0.2222222222222222,1.0,0.17340639959687573,-0.003279883381923865,0.5314379883264538,0.5,0.2222222222222222,0.0,0.2222222222222222,1.0,0.36363636363636365,0.0,49.0,0.0,14.0,0.0,1.0,0.0,1.0,0.2222222222222222,196.0,252.0,13,2394,240,126,36,isotonic,-0.03539114261971764,2021-09-09,2022-07-08,2022-10-06,f1,0.33112582781456956,,,stress_q10_5d__market__naive_frequency
63,9,0.14285714285714285,0.2857142857142857,0.5,0.14285714285714285,1.0,0.14285714285714277,-0.16666666666666585,0.467370912603235,0.5,0.14285714285714285,0.0,0.14285714285714285,1.0,0.25,0.0,54.0,0.0,9.0,0.0,1.0,0.0,1.0,0.14285714285714285,216.0,252.0,14,2520,252,126,36,isotonic,-0.03490806508156903,2022-03-14,2023-01-05,2023-04-10,f1,0.4444444444444444,,,stress_q10_5d__market__naive_frequency
63,11,0.1746031746031746,0.1349374554848682,0.5,0.1746031746031746,1.0,0.1456902752948404,-0.010917312316821137,0.46936449662965424,0.5,0.1746031746031746,0.0,0.1746031746031746,1.0,0.2972972972972973,0.0,52.0,0.0,11.0,0.0,1.0,0.0,1.0,0.1746031746031746,208.0,252.0,15,2646,265,126,36,sigmoid,-0.03615729032020887,2022-09-13,2023-07-12,2023-10-10,f1,0.23776223776223776,,,stress_q10_5d__market__naive_frequency
63,2,0.031746031746031744,0.12701189462032766,0.5,0.031746031746031744,1.0,0.03981380584359585,-0.2952540606002616,0.19702830665068463,0.5,0.031746031746031744,0.0,0.031746031746031744,1.0,0.06153846153846154,0.0,61.0,0.0,2.0,0.0,1.0,0.0,1.0,0.031746031746031744,244.0,252.0,16,2772,278,126,36,sigmoid,-0.03807518472981975,2023-03-16,2024-01-09,2024-04-11,f1,0.22535211267605634,,,stress_q10_5d__market__naive_frequency
63,4,0.06349206349206349,0.031774522666354395,0.5,0.06349206349206349,1.0,0.06046682376161378,-0.016918743685784277,0.2492299827235877,0.5,0.06349206349206349,0.0,0.06349206349206349,1.0,0.11940298507462686,0.0,59.0,0.0,4.0,0.0,1.0,0.0,1.0,0.06349206349206349,236.0,252.0,17,2898,290,126,36,sigmoid,-0.03770243149532463,2023-09-15,2024-07-16,2024-10-14,f1,0.06153846153846154,,,stress_q10_5d__market__naive_frequency
63,7,0.1111111111111111,0.031774521900260005,0.5,0.1111111111111111,1.0,0.10505972648637676,-0.06372973067456478,0.4119347559668809,0.5,0.1111111111111111,0.0,0.1111111111111111,1.0,0.2,0.0,56.0,0.0,7.0,0.0,1.0,0.0,1.0,0.1111111111111111,224.0,252.0,18,3024,303,126,36,sigmoid,-0.03769364568252701,2024-03-19,2025-01-13,2025-04-17,f1,0.06153846153846154,,,stress_q10_5d__market__naive_frequency
63,8,0.12698412698412698,0.05563056813883462,0.5,0.12698412698412698,1.0,0.11595048883809471,-0.04592611408726799,0.41682953732700756,0.5,0.12698412698412698,0.0,0.12698412698412698,1.0,0.22535211267605634,0.0,55.0,0.0,8.0,0.0,1.0,0.0,1.0,0.12698412698412698,220.0,252.0,19,3150,315,126,36,sigmoid,-0.0374700921850404,2024-09-19,2025-07-21,2025-10-17,f1,0.10526315789473684,,,stress_q10_5d__market__naive_frequency
63,17,0.2698412698412698,0.09524020394579229,0.5,0.2698412698412698,1.0,0.22751249114355784,-0.1547277203948607,0.7075706234366199,0.5,0.2698412698412698,0.0,0.2698412698412698,1.0,0.425,0.0,46.0,0.0,17.0,0.0,1.0,0.0,1.0,0.2698412698412698,184.0,252.0,20,3276,328,126,36,sigmoid,-0.03655502080027584,2025-03-24,2026-01-19,2026-04-22,f1,0.17391304347826086,,,stress_q10_5d__market__naive_frequency
63,4,0.06349206349206349,0.11717405894204873,0.75,0.18298160173160172,2.881960227272727,0.06180644827069583,-0.039448276213524425,0.2501990839162984,0.6228813559322034,0.7301587301587301,0.1350108326057191,0.11764705882352941,0.5,0.19047619047619047,44.0,15.0,2.0,2.0,0.7457627118644068,0.2542372881355932,0.5,0.5,0.11764705882352941,60.0,68.0,0,756,76,126,36,sigmoid,-0.03632822342460301,2015-02-13,2015-12-16,2016-03-21,f1,0.2727272727272727,,,stress_q10_5d__market__logistic_elasticnet
63,3,0.047619047619047616,0.07122935553399538,0.29444444444444445,0.04422149186030867,0.9286513290664822,0.06413412822459502,-0.41415752735232036,0.26694584504634117,0.5583333333333333,0.15873015873015872,0.07905694150420949,0.05357142857142857,1.0,0.1016949152542373,7.0,53.0,0.0,3.0,0.11666666666666667,0.8833333333333333,0.0,1.0,0.05357142857142857,212.0,224.0,1,882,89,126,36,sigmoid,-0.03654378260089074,2015-08-24,2016-06-22,2016-09-19,f1,0.21621621621621623,,,stress_q10_5d__market__logistic_elasticnet
63,0,0.0,0.02168855928172993,,,,,,,,,,,,,,,,,,,,,,,,2,1008,101,126,36,sigmoid,-0.03568145547176521,2016-02-25,2016-12-16,2017-03-22,f1,0.08695652173913043,degenerate label distribution; most metrics undefined,,stress_q10_5d__market__logistic_elasticnet
63,1,0.015873015873015872,0.650814176528999,0.7580645161290323,0.0625,3.9375,0.2274265660139301,-13.558968395311107,0.6456413714069603,0.49193548387096775,0.9682539682539683,-0.016129032258064516,0.0,0.0,0.0,61.0,1.0,1.0,0.0,0.9838709677419355,0.016129032258064516,1.0,0.0,0.0,4.0,4.0,3,1134,114,126,36,none,-0.03479115563119106,2016-08-24,2017-06-23,2017-09-20,f1,0.09090909090909091,,,stress_q10_5d__market__logistic_elasticnet
63,7,0.1111111111111111,0.5951036595366177,0.7372448979591836,0.23195445254268782,2.0875900728841903,0.5862284954684929,-4.93556351661849,1.6177703642827372,0.5357142857142857,0.1746031746031746,0.09205746178983233,0.11864406779661017,1.0,0.21212121212121213,4.0,52.0,0.0,7.0,0.07142857142857142,0.9285714285714286,0.0,1.0,0.11864406779661017,208.0,236.0,4,1260,126,126,36,none,-0.03323301850469744,2017-02-27,2017-12-19,2018-03-27,f1,0.05,,,stress_q10_5d__market__logistic_elasticnet
63,6,0.09523809523809523,0.12246000836377663,0.6403508771929826,0.1381133681133681,1.4501903651903651,0.09302653378988061,-0.07959740529835146,0.31962596271250665,0.5570175438596492,0.6031746031746031,0.06842105263157895,0.12,0.5,0.1935483870967742,35.0,22.0,3.0,3.0,0.6140350877192983,0.38596491228070173,0.5,0.5,0.12,88.0,100.0,5,1386,139,126,36,sigmoid,-0.0325700164848442,2017-08-25,2018-06-28,2018-09-25,f1,0.42,,,stress_q10_5d__market__logistic_elasticnet
63,4,0.06349206349206349,0.30555555555555636,0.15254237288135591,0.06349206349206349,1.0,0.12326621595140114,-1.0730661487758946,0.4256354341218836,0.2033898305084746,0.38095238095238093,-0.291111254869791,0.0,0.0,0.0,24.0,35.0,4.0,0.0,0.4067796610169492,0.5932203389830508,1.0,0.0,0.0,140.0,140.0,6,1512,152,126,36,isotonic,-0.032056383175901135,2018-03-02,2018-12-24,2019-03-29,f1,0.4672897196261682,,,stress_q10_5d__market__logistic_elasticnet
63,0,0.0,0.0990939010726104,,,,,,,,,,,,,,,,,,,,,,,,7,1638,164,126,36,sigmoid,-0.03420718671012672,2018-08-30,2019-07-03,2019-09-30,f1,0.25,degenerate label distribution; most metrics undefined,,stress_q10_5d__market__logistic_elasticnet
63,25,0.3968253968253968,0.5,0.6210526315789474,0.5469692826882553,1.3783625923744034,0.25366825125718956,-0.05979925183135282,0.7384519731138665,0.5068421052631579,0.6031746031746031,0.038185777203993035,0.5,0.04,0.07407407407407407,37.0,1.0,24.0,1.0,0.9736842105263158,0.02631578947368421,0.96,0.04,0.5,4.0,8.0,8,1764,177,126,36,none,-0.03434369954845987,2019-03-06,2019-12-27,2020-04-01,f1,,,insufficient data; used fixed threshold,stress_q10_5d__market__logistic_elasticnet
63,6,0.09523809523809523,0.32732732732733033,0.7982456140350878,0.21428571428571427,2.25,0.11988383118852795,-0.3912834093194957,0.5586683915065825,0.8070175438596492,0.6507936507936508,0.36273812505500586,0.21428571428571427,1.0,0.35294117647058826,35.0,22.0,0.0,6.0,0.6140350877192983,0.38596491228070173,0.0,1.0,0.21428571428571427,88.0,112.0,9,1890,189,126,36,isotonic,-0.03344225413090106,2019-09-05,2020-07-03,2020-09-30,f1,0.5074626865671642,,,stress_q10_5d__market__logistic_elasticnet
63,12,0.19047619047619047,0.15765394417046202,0.7647058823529411,0.399052339065926,2.0950247800961117,0.14800557331366204,0.04014032600992701,0.47335496660287074,0.4583333333333333,0.1746031746031746,-0.2618174690443214,0.1774193548387097,0.9166666666666666,0.2972972972972973,0.0,51.0,1.0,11.0,0.0,1.0,0.08333333333333333,0.9166666666666666,0.1774193548387097,204.0,248.0,10,2016,202,126,36,sigmoid,-0.03366801194362423,2020-03-09,2020-12-29,2021-04-02,f1,0.37037037037037035,,,stress_q10_5d__market__logistic_elasticnet
63,11,0.1746031746031746,0.20488684530961246,0.8006993006993006,0.44092002979099754,2.5252692615302585,0.13927332408847046,0.03360870051199416,0.47870012011400137,0.5979020979020979,0.8095238095238095,0.23652495839563303,0.42857142857142855,0.2727272727272727,0.3333333333333333,48.0,4.0,8.0,3.0,0.9230769230769231,0.07692307692307693,0.7272727272727273,0.2727272727272727,0.42857142857142855,16.0,28.0,11,2142,215,126,36,sigmoid,-0.03504972644303534,2020-09-07,2021-07-06,2021-10-04,f1,0.4666666666666667,,,stress_q10_5d__market__logistic_elasticnet
63,1,0.015873015873015872,0.08434018472874213,0.22580645161290325,0.02040816326530612,1.2857142857142856,0.03359891266111146,-1.1508723282572801,0.18172057671667513,0.6048387096774194,0.2222222222222222,0.06475761258027332,0.02,1.0,0.0392156862745098,13.0,49.0,0.0,1.0,0.20967741935483872,0.7903225806451613,0.0,1.0,0.02,196.0,200.0,12,2268,227,126,36,sigmoid,-0.03506195066574793,2021-03-10,2021-12-31,2022-04-06,f1,0.32941176470588235,,,stress_q10_5d__market__logistic_elasticnet
63,14,0.2222222222222222,0.2727272727272727,0.8833819241982508,0.6784168212739642,3.052875695732839,0.14410846303623692,0.16622960671891496,0.4162181065891118,0.8010204081632653,0.8888888888888888,0.6593104804948194,0.8181818181818182,0.6428571428571429,0.72,47.0,2.0,5.0,9.0,0.9591836734693877,0.04081632653061224,0.35714285714285715,0.6428571428571429,0.8181818181818182,8.0,44.0,13,2394,240,126,36,isotonic,-0.03539114261971764,2021-09-09,2022-07-08,2022-10-06,f1,0.4,,,stress_q10_5d__market__logistic_elasticnet
63,9,0.14285714285714285,0.2363636363636369,0.5648148148148148,0.17717370348949296,1.2402159244264508,0.25896202084134995,-1.1148565035376912,0.9127590787654793,0.5,0.14285714285714285,0.0,0.14285714285714285,1.0,0.25,0.0,54.0,0.0,9.0,0.0,1.0,0.0,1.0,0.14285714285714285,216.0,252.0,14,2520,252,126,36,isotonic,-0.03490806508156903,2022-03-14,2023-01-05,2023-04-10,f1,0.5321100917431193,,,stress_q10_5d__market__logistic_elasticnet
63,11,0.1746031746031746,0.12616620987513885,0.6748251748251748,0.2419280847030208,1.3855881214809374,0.15044286812882326,-0.043894656649125174,0.48626987069726496,0.4300699300699301,0.6507936507936508,-0.1312004408342218,0.07692307692307693,0.09090909090909091,0.08333333333333333,40.0,12.0,10.0,1.0,0.7692307692307693,0.23076923076923078,0.9090909090909091,0.09090909090909091,0.07692307692307693,48.0,52.0,15,2646,265,126,36,sigmoid,-0.03615729032020887,2022-09-13,2023-07-12,2023-10-10,f1,0.3333333333333333,,,stress_q10_5d__market__logistic_elasticnet
63,2,0.031746031746031744,0.11604001323035279,0.819672131147541,0.11688311688311688,3.681818181818182,0.03306205469422365,-0.07560077935552201,0.1559751882029375,0.4180327868852459,0.8095238095238095,-0.07865243011743292,0.0,0.0,0.0,51.0,10.0,2.0,0.0,0.8360655737704918,0.16393442622950818,1.0,0.0,0.0,40.0,40.0,16,2772,278,126,36,sigmoid,-0.03807518472981975,2023-03-16,2024-01-09,2024-04-11,f1,0.46153846153846156,,,stress_q10_5d__market__logistic_elasticnet
63,4,0.06349206349206349,0.03758730792139452,0.7923728813559322,0.1627840909090909,2.563849431818182,0.060770893795017565,-0.022032531662816712,0.25164128494331517,0.4322033898305085,0.8095238095238095,-0.09930420492387221,0.0,0.0,0.0,51.0,8.0,4.0,0.0,0.864406779661017,0.13559322033898305,1.0,0.0,0.0,32.0,32.0,17,2898,290,126,36,sigmoid,-0.03770243149532463,2023-09-15,2024-07-16,2024-10-14,f1,0.14634146341463414,,,stress_q10_5d__market__logistic_elasticnet
63,7,0.1111111111111111,0.03714748714650101,0.8494897959183673,0.3019359725242078,2.7174237527178704,0.11369369000154786,-0.15114861126567214,0.4372826834174865,0.5714285714285714,0.7936507936507936,0.12285902336679023,0.2,0.2857142857142857,0.23529411764705882,48.0,8.0,5.0,2.0,0.8571428571428571,0.14285714285714285,0.7142857142857143,0.2857142857142857,0.2,32.0,40.0,18,3024,303,126,36,sigmoid,-0.03769364568252701,2024-03-19,2025-01-13,2025-04-17,f1,0.1875,,,stress_q10_5d__market__logistic_elasticnet
63,8,0.12698412698412698,0.053869135987602644,0.34090909090909094,0.12691750481556313,0.9994753504225597,0.11364471370913885,-0.02512697434448219,0.39719769025579515,0.5,0.12698412698412698,0.0,0.12698412698412698,1.0,0.22535211267605634,0.0,55.0,0.0,8.0,0.0,1.0,0.0,1.0,0.12698412698412698,220.0,252.0,19,3150,315,126,36,sigmoid,-0.0374700921850404,2024-09-19,2025-07-21,2025-10-17,f1,0.25,,,stress_q10_5d__market__logistic_elasticnet
63,17,0.2698412698412698,0.12719637394507938,0.5639386189258311,0.2908076694083583,1.0776990101603867,0.21266746766851408,-0.07938258206692117,0.6343488308534684,0.5517902813299232,0.5079365079365079,0.09290701563922507,0.3055555555555556,0.6470588235294118,0.41509433962264153,21.0,25.0,6.0,11.0,0.45652173913043476,0.5434782608695652,0.35294117647058826,0.6470588235294118,0.3055555555555556,100.0,144.0,20,3276,328,126,36,sigmoid,-0.03655502080027584,2025-03-24,2026-01-19,2026-04-22,f1,0.2641509433962264,,,stress_q10_5d__market__logistic_elasticnet
63,4,0.06349206349206349,0.10832626282684074,0.08898305084745761,0.043086392530186444,0.6786106823504365,0.0678946121249748,-0.1418377776441737,0.2768056720443903,0.5,0.06349206349206349,0.0,0.06349206349206349,1.0,0.11940298507462686,0.0,59.0,0.0,4.0,0.0,1.0,0.0,1.0,0.06349206349206349,236.0,252.0,0,756,76,126,36,sigmoid,-0.03632822342460301,2015-02-13,2015-12-16,2016-03-21,f1,0.2608695652173913,,,stress_q10_5d__market__logistic_l2
63,3,0.047619047619047616,0.08348902595519972,0.3666666666666667,0.04877509088035404,1.0242769084874348,0.05764643254626228,-0.2711038376450836,0.24411463177457834,0.5083333333333333,0.36507936507936506,0.007445291969126747,0.04878048780487805,0.6666666666666666,0.09090909090909091,21.0,39.0,1.0,2.0,0.35,0.65,0.3333333333333333,0.6666666666666666,0.04878048780487805,156.0,164.0,1,882,89,126,36,sigmoid,-0.03654378260089074,2015-08-24,2016-06-22,2016-09-19,f1,0.2,,,stress_q10_5d__market__logistic_l2
63,0,0.0,0.0515083728847413,,,,,,,,,,,,,,,,,,,,,,,,2,1008,101,126,36,sigmoid,-0.03568145547176521,2016-02-25,2016-12-16,2017-03-22,f1,0.10526315789473684,degenerate label distribution; most metrics undefined,,stress_q10_5d__market__logistic_l2
63,1,0.015873015873015872,0.6634807772976635,0.6774193548387097,0.047619047619047616,3.0,0.22003773202865054,-13.085963845511516,0.6279337253616958,0.49193548387096775,0.9682539682539683,-0.016129032258064516,0.0,0.0,0.0,61.0,1.0,1.0,0.0,0.9838709677419355,0.016129032258064516,1.0,0.0,0.0,4.0,4.0,3,1134,114,126,36,none,-0.03479115563119106,2016-08-24,2017-06-23,2017-09-20,f1,0.06349206349206349,,,stress_q10_5d__market__logistic_l2
63,7,0.1111111111111111,0.6457432605757759,0.6122448979591837,0.16175482878140685,1.4557934590326618,0.6641955614156425,-5.72498005933338,2.041357701146508,0.5357142857142857,0.1746031746031746,0.09205746178983233,0.11864406779661017,1.0,0.21212121212121213,4.0,52.0,0.0,7.0,0.07142857142857142,0.9285714285714286,0.0,1.0,0.11864406779661017,208.0,236.0,4,1260,126,126,36,none,-0.03323301850469744,2017-02-27,2017-12-19,2018-03-27,f1,0.03508771929824561,,,stress_q10_5d__market__logistic_l2
63,6,0.09523809523809523,0.158831654763558,0.52046783625731,0.10971395881006865,1.1519965675057209,0.10940219876500809,-0.2696413067202257,0.37607841490388916,0.5175438596491228,0.3968253968253968,0.021393127492027906,0.1,0.6666666666666666,0.17391304347826086,21.0,36.0,2.0,4.0,0.3684210526315789,0.631578947368421,0.3333333333333333,0.6666666666666666,0.1,144.0,160.0,5,1386,139,126,36,sigmoid,-0.0325700164848442,2017-08-25,2018-06-28,2018-09-25,f1,0.4175824175824176,,,stress_q10_5d__market__logistic_l2
63,4,0.06349206349206349,0.36666666666666664,0.2478813559322034,0.054971988795518206,0.8658088235294118,0.11193935127292852,-0.8825732423824293,0.3951727510715037,0.3135593220338983,0.5873015873015873,-0.19073192934439287,0.0,0.0,0.0,37.0,22.0,4.0,0.0,0.6271186440677966,0.3728813559322034,1.0,0.0,0.0,88.0,88.0,6,1512,152,126,36,isotonic,-0.032056383175901135,2018-03-02,2018-12-24,2019-03-29,f1,0.4631578947368421,,,stress_q10_5d__market__logistic_l2
63,0,0.0,0.05593110240988841,,,,,,,,,,,,,,,,,,,,,,,,7,1638,164,126,36,sigmoid,-0.03420718671012672,2018-08-30,2019-07-03,2019-09-30,f1,0.21052631578947367,degenerate label distribution; most metrics undefined,,stress_q10_5d__market__logistic_l2
63,25,0.3968253968253968,0.5,0.48526315789473684,0.3892047666943678,0.9807960120698069,0.3159229780718485,-0.3198929473338594,0.9451636463373783,0.4868421052631579,0.5873015873015873,-0.10301070542879115,0.0,0.0,0.0,37.0,1.0,25.0,0.0,0.9736842105263158,0.02631578947368421,1.0,0.0,0.0,4.0,4.0,8,1764,177,126,36,none,-0.03434369954845987,2019-03-06,2019-12-27,2020-04-01,f1,,,insufficient data; used fixed threshold,stress_q10_5d__market__logistic_l2
63,6,0.09523809523809523,0.19099378881987544,0.9035087719298246,0.35294117647058826,3.705882352941177,0.0872536314972035,-0.012601355007019643,0.2981307161284945,0.6578947368421053,0.38095238095238093,0.20519567041703082,0.13333333333333333,1.0,0.23529411764705882,18.0,39.0,0.0,6.0,0.3157894736842105,0.6842105263157895,0.0,1.0,0.13333333333333333,156.0,180.0,9,1890,189,126,36,isotonic,-0.03344225413090106,2019-09-05,2020-07-03,2020-09-30,f1,0.40875912408759124,,,stress_q10_5d__market__logistic_l2
63,12,0.19047619047619047,0.1541655197569132,0.7859477124183005,0.4154801441091764,2.181270756573176,0.1371615411359916,0.1104670641033485,0.43947744529182436,0.5955882352941176,0.3968253968253968,0.17625599697765815,0.22916666666666666,0.9166666666666666,0.36666666666666664,14.0,37.0,1.0,11.0,0.27450980392156865,0.7254901960784313,0.08333333333333333,0.9166666666666666,0.22916666666666666,148.0,192.0,10,2016,202,126,36,sigmoid,-0.03366801194362423,2020-03-09,2020-12-29,2021-04-02,f1,0.3448275862068966,,,stress_q10_5d__market__logistic_l2
63,11,0.1746031746031746,0.19159806100438467,0.7954545454545454,0.4175677100677101,2.3915241576605215,0.14162135723842126,0.017316141819415987,0.45493111844465994,0.5358391608391608,0.8253968253968254,0.1552050782085788,0.5,0.09090909090909091,0.15384615384615385,51.0,1.0,10.0,1.0,0.9807692307692307,0.019230769230769232,0.9090909090909091,0.09090909090909091,0.5,4.0,8.0,11,2142,215,126,36,sigmoid,-0.03504972644303534,2020-09-07,2021-07-06,2021-10-04,f1,0.5,,,stress_q10_5d__market__logistic_l2
63,1,0.015873015873015872,0.09314857043488778,0.30645161290322576,0.022727272727272728,1.4318181818181819,0.03867022226597203,-1.4755179382845647,0.20325761223931646,0.5483870967741935,0.1111111111111111,0.04120428217151646,0.017543859649122806,1.0,0.034482758620689655,6.0,56.0,0.0,1.0,0.0967741935483871,0.9032258064516129,0.0,1.0,0.017543859649122806,224.0,228.0,12,2268,227,126,36,sigmoid,-0.03506195066574793,2021-03-10,2021-12-31,2022-04-06,f1,0.3333333333333333,,,stress_q10_5d__market__logistic_l2
63,14,0.2222222222222222,0.17517605633802819,0.7871720116618076,0.45963393331814384,2.0683526999316473,0.16169253174741205,0.06449320917568735,0.803688830523732,0.7653061224489797,0.7936507936507936,0.4806580133202482,0.5263157894736842,0.7142857142857143,0.6060606060606061,40.0,9.0,4.0,10.0,0.8163265306122449,0.1836734693877551,0.2857142857142857,0.7142857142857143,0.5263157894736842,36.0,76.0,13,2394,240,126,36,isotonic,-0.03539114261971764,2021-09-09,2022-07-08,2022-10-06,f1,0.3898305084745763,,,stress_q10_5d__market__logistic_l2
63,9,0.14285714285714285,0.22488038277512096,0.5421810699588477,0.16281027427325373,1.1396719199127763,0.5081353341948122,-3.1497718959242995,4.369779478779711,0.5,0.14285714285714285,0.0,0.14285714285714285,1.0,0.25,0.0,54.0,0.0,9.0,0.0,1.0,0.0,1.0,0.14285714285714285,216.0,252.0,14,2520,252,126,36,isotonic,-0.03490806508156903,2022-03-14,2023-01-05,2023-04-10,f1,0.5504587155963303,,,stress_q10_5d__market__logistic_l2
63,11,0.1746031746031746,0.139785109261804,0.694055944055944,0.25537694303753306,1.462613401033144,0.15103294519062738,-0.047989089967832355,0.4876037429647664,0.4589160839160839,0.6984126984126984,-0.08536147458417712,0.1,0.09090909090909091,0.09523809523809523,43.0,9.0,10.0,1.0,0.8269230769230769,0.17307692307692307,0.9090909090909091,0.09090909090909091,0.1,36.0,40.0,15,2646,265,126,36,sigmoid,-0.03615729032020887,2022-09-13,2023-07-12,2023-10-10,f1,0.3561643835616438,,,stress_q10_5d__market__logistic_l2
63,2,0.031746031746031744,0.1402236981616448,0.8442622950819673,0.13333333333333333,4.2,0.031990588812714875,-0.040743008177584805,0.1489184519897895,0.45901639344262296,0.8888888888888888,-0.05316442066501518,0.0,0.0,0.0,56.0,5.0,2.0,0.0,0.9180327868852459,0.08196721311475409,1.0,0.0,0.0,20.0,20.0,16,2772,278,126,36,sigmoid,-0.03807518472981975,2023-03-16,2024-01-09,2024-04-11,f1,0.5,,,stress_q10_5d__market__logistic_l2
63,4,0.06349206349206349,0.04084989883221699,0.7796610169491525,0.16026936026936028,2.5242424242424244,0.06095213147095014,-0.025080550034750404,0.256398935386124,0.4661016949152542,0.873015873015873,-0.06779661016949153,0.0,0.0,0.0,55.0,4.0,4.0,0.0,0.9322033898305084,0.06779661016949153,1.0,0.0,0.0,16.0,16.0,17,2898,290,126,36,sigmoid,-0.03770243149532463,2023-09-15,2024-07-16,2024-10-14,f1,0.17142857142857143,,,stress_q10_5d__market__logistic_l2
63,7,0.1111111111111111,0.05017451098083362,0.8596938775510204,0.3144276358562073,2.829848722705866,0.11016980374932536,-0.1154692629619194,0.4482192516107531,0.4732142857142857,0.8412698412698413,-0.07905694150420949,0.0,0.0,0.0,53.0,3.0,7.0,0.0,0.9464285714285714,0.05357142857142857,1.0,0.0,0.0,12.0,12.0,18,3024,303,126,36,sigmoid,-0.03769364568252701,2024-03-19,2025-01-13,2025-04-17,f1,0.17391304347826086,,,stress_q10_5d__market__logistic_l2
63,8,0.12698412698412698,0.05511296278204624,0.39545454545454545,0.14419691592996242,1.135550712948454,0.11508080075449571,-0.03808113226043974,0.4089769386713403,0.5,0.12698412698412698,0.0,0.12698412698412698,1.0,0.22535211267605634,0.0,55.0,0.0,8.0,0.0,1.0,0.0,1.0,0.12698412698412698,220.0,252.0,19,3150,315,126,36,sigmoid,-0.0374700921850404,2024-09-19,2025-07-21,2025-10-17,f1,0.25925925925925924,,,stress_q10_5d__market__logistic_l2
63,17,0.2698412698412698,0.13580231567658002,0.5703324808184143,0.31745984376585423,1.1764688327793422,0.21221014824084572,-0.0770614812888959,0.6348724916591265,0.49296675191815853,0.47619047619047616,-0.01252710885189122,0.2647058823529412,0.5294117647058824,0.35294117647058826,21.0,25.0,8.0,9.0,0.45652173913043476,0.5434782608695652,0.47058823529411764,0.5294117647058824,0.2647058823529412,100.0,136.0,20,3276,328,126,36,sigmoid,-0.03655502080027584,2025-03-24,2026-01-19,2026-04-22,f1,0.28,,,stress_q10_5d__market__logistic_l2
63,4,0.06349206349206349,0.16310999061050507,0.690677966101695,0.125609543712992,1.9783503134796239,0.0914773505067388,-0.5384474752595183,0.3097769626389505,0.7542372881355932,0.5396825396825397,0.2482605123096805,0.12121212121212122,1.0,0.21621621621621623,30.0,29.0,0.0,4.0,0.5084745762711864,0.4915254237288136,0.0,1.0,0.12121212121212122,116.0,132.0,0,756,76,126,36,sigmoid,-0.03632822342460301,2015-02-13,2015-12-16,2016-03-21,f1,0.5454545454545454,,,stress_q10_5d__market__random_forest
63,3,0.047619047619047616,0.05284983414780967,0.35555555555555557,0.04766505636070854,1.0009661835748793,0.04613833137396949,-0.01735020679602739,0.19771305921009186,0.6416666666666666,0.31746031746031744,0.13593476696403026,0.06521739130434782,1.0,0.12244897959183673,17.0,43.0,0.0,3.0,0.2833333333333333,0.7166666666666667,0.0,1.0,0.06521739130434782,172.0,184.0,1,882,89,126,36,sigmoid,-0.03654378260089074,2015-08-24,2016-06-22,2016-09-19,f1,0.2,,,stress_q10_5d__market__random_forest
63,0,0.0,0.047912287293747254,,,,,,,,,,,,,,,,,,,,,,,,2,1008,101,126,36,sigmoid,-0.03568145547176521,2016-02-25,2016-12-16,2017-03-22,f1,0.18181818181818182,degenerate label distribution; most metrics undefined,,stress_q10_5d__market__random_forest
63,1,0.015873015873015872,0.18495366139257385,0.24193548387096775,0.020833333333333332,1.3125,0.2016138325764276,-11.906537120900664,0.5752347097415247,0.6129032258064516,0.23809523809523808,0.06788442333021306,0.02040816326530612,1.0,0.04,14.0,48.0,0.0,1.0,0.22580645161290322,0.7741935483870968,0.0,1.0,0.02040816326530612,192.0,196.0,3,1134,114,126,36,none,-0.03479115563119106,2016-08-24,2017-06-23,2017-09-20,f1,0.047619047619047616,,,stress_q10_5d__market__random_forest
63,7,0.1111111111111111,0.23102364735974767,0.423469387755102,0.10403061863598725,0.9362755677238853,0.48791600335692203,-3.940149533988836,1.2289797944880891,0.5,0.1111111111111111,0.0,0.1111111111111111,1.0,0.2,0.0,56.0,0.0,7.0,0.0,1.0,0.0,1.0,0.1111111111111111,224.0,252.0,4,1260,126,126,36,none,-0.03323301850469744,2017-02-27,2017-12-19,2018-03-27,f1,0.024691358024691357,,,stress_q10_5d__market__random_forest
63,6,0.09523809523809523,0.1437940439272783,0.5818713450292397,0.1209864344614984,1.2703575618457332,0.08865922465827271,-0.028913633534165095,0.3255333498769488,0.4649122807017544,0.8412698412698413,-0.08447772061910233,0.0,0.0,0.0,53.0,4.0,6.0,0.0,0.9298245614035088,0.07017543859649122,1.0,0.0,0.0,16.0,16.0,5,1386,139,126,36,sigmoid,-0.0325700164848442,2017-08-25,2018-06-28,2018-09-25,f1,0.35294117647058826,,,stress_q10_5d__market__random_forest
63,4,0.06349206349206349,0.28733766233766234,0.8411016949152542,0.3399470899470899,5.354166666666666,0.12022615499290631,-1.0219390218934117,0.41167404674367786,0.576271186440678,0.20634920634920634,0.10629880069054677,0.07407407407407407,1.0,0.13793103448275862,9.0,50.0,0.0,4.0,0.15254237288135594,0.847457627118644,0.0,1.0,0.07407407407407407,200.0,216.0,6,1512,152,126,36,isotonic,-0.032056383175901135,2018-03-02,2018-12-24,2019-03-29,f1,0.5112781954887218,,,stress_q10_5d__market__random_forest
63,0,0.0,0.0608014519955359,,,,,,,,,,,,,,,,,,,,,,,,7,1638,164,126,36,sigmoid,-0.03420718671012672,2018-08-30,2019-07-03,2019-09-30,f1,0.2028985507246377,degenerate label distribution; most metrics undefined,,stress_q10_5d__market__random_forest
63,25,0.3968253968253968,0.5,0.41578947368421054,0.34248125306558913,0.8630527577252847,0.2754553318585877,-0.15082338120708894,0.7579266305467781,0.4868421052631579,0.5873015873015873,-0.10301070542879115,0.0,0.0,0.0,37.0,1.0,25.0,0.0,0.9736842105263158,0.02631578947368421,1.0,0.0,0.0,4.0,4.0,8,1764,177,126,36,none,-0.03434369954845987,2019-03-06,2019-12-27,2020-04-01,f1,,,insufficient data; used fixed threshold,stress_q10_5d__market__random_forest
63,6,0.09523809523809523,0.27405753968253965,0.5614035087719298,0.10714285714285714,1.125,0.12531931496878587,-0.4543636289798574,0.4273567781076268,0.5614035087719298,0.20634920634920634,0.11470786693528089,0.10714285714285714,1.0,0.1935483870967742,7.0,50.0,0.0,6.0,0.12280701754385964,0.8771929824561403,0.0,1.0,0.10714285714285714,200.0,224.0,9,1890,189,126,36,isotonic,-0.03344225413090106,2019-09-05,2020-07-03,2020-09-30,f1,0.4418604651162791,,,stress_q10_5d__market__random_forest
63,12,0.19047619047619047,0.12718407429254258,0.5816993464052287,0.31570774260527584,1.6574656486776982,0.16692346768220528,-0.082547783056655,0.5192769893391697,0.5269607843137255,0.2857142857142857,0.06359337738364604,0.2,0.9166666666666666,0.3283582089552239,7.0,44.0,1.0,11.0,0.13725490196078433,0.8627450980392157,0.08333333333333333,0.9166666666666666,0.2,176.0,220.0,10,2016,202,126,36,sigmoid,-0.03366801194362423,2020-03-09,2020-12-29,2021-04-02,f1,0.35135135135135137,,,stress_q10_5d__market__random_forest
63,11,0.1746031746031746,0.14337832660024427,0.6101398601398601,0.33310005334420556,1.9077548509713593,0.14146049913086753,0.018432305855920816,0.45157277512400407,0.5506993006993007,0.31746031746031744,0.10139860139860139,0.19230769230769232,0.9090909090909091,0.31746031746031744,10.0,42.0,1.0,10.0,0.19230769230769232,0.8076923076923077,0.09090909090909091,0.9090909090909091,0.19230769230769232,168.0,208.0,11,2142,215,126,36,sigmoid,-0.03504972644303534,2020-09-07,2021-07-06,2021-10-04,f1,0.3333333333333333,,,stress_q10_5d__market__random_forest
63,1,0.015873015873015872,0.17134985751332638,0.27419354838709675,0.021739130434782608,1.3695652173913044,0.03616157236192704,-1.3149238823304583,0.19636092280725925,0.3064516129032258,0.6031746031746031,-0.09962709627734358,0.0,0.0,0.0,38.0,24.0,1.0,0.0,0.6129032258064516,0.3870967741935484,1.0,0.0,0.0,96.0,96.0,12,2268,227,126,36,sigmoid,-0.03506195066574793,2021-03-10,2021-12-31,2022-04-06,f1,0.3333333333333333,,,stress_q10_5d__market__random_forest
63,14,0.2222222222222222,0.2130952380952381,0.7303206997084548,0.4817927170868348,2.1680672268907566,0.1669087861188144,0.034313451741145196,0.49394466555898175,0.6071428571428571,0.8253968253968254,0.4183300132670378,1.0,0.21428571428571427,0.35294117647058826,49.0,0.0,11.0,3.0,1.0,0.0,0.7857142857142857,0.21428571428571427,1.0,0.0,12.0,13,2394,240,126,36,isotonic,-0.03539114261971764,2021-09-09,2022-07-08,2022-10-06,f1,0.35294117647058826,,,stress_q10_5d__market__random_forest
63,9,0.14285714285714285,0.21770833333333334,0.602880658436214,0.2067995046718451,1.4475965327029159,0.1373662926385262,-0.12182472321463078,0.41538685597618846,0.6481481481481481,0.3968253968253968,0.23819653367016547,0.19148936170212766,1.0,0.32142857142857145,16.0,38.0,0.0,9.0,0.2962962962962963,0.7037037037037037,0.0,1.0,0.19148936170212766,152.0,188.0,14,2520,252,126,36,isotonic,-0.03490806508156903,2022-03-14,2023-01-05,2023-04-10,f1,0.5185185185185185,,,stress_q10_5d__market__random_forest
63,11,0.1746031746031746,0.11785688151313085,0.4965034965034965,0.17233203159164046,0.9869925445703045,0.14620892947853342,-0.014516155769753958,0.46894543070702704,0.6564685314685315,0.49206349206349204,0.24920212872243708,0.24390243902439024,0.9090909090909091,0.38461538461538464,21.0,31.0,1.0,10.0,0.40384615384615385,0.5961538461538461,0.09090909090909091,0.9090909090909091,0.24390243902439024,124.0,164.0,15,2646,265,126,36,sigmoid,-0.03615729032020887,2022-09-13,2023-07-12,2023-10-10,f1,0.3047619047619048,,,stress_q10_5d__market__random_forest
63,2,0.031746031746031744,0.09087880576041019,0.5655737704918034,0.052258064516129035,1.6461290322580646,0.035436977069437596,-0.15286362285735922,0.16905360819693885,0.30327868852459017,0.5873015873015873,-0.142044164845687,0.0,0.0,0.0,37.0,24.0,2.0,0.0,0.6065573770491803,0.39344262295081966,1.0,0.0,0.0,96.0,96.0,16,2772,278,126,36,sigmoid,-0.03807518472981975,2023-03-16,2024-01-09,2024-04-11,f1,0.3950617283950617,,,stress_q10_5d__market__random_forest
63,4,0.06349206349206349,0.027456189612470542,0.3305084745762712,0.05682539682539682,0.895,0.061180905537185915,-0.028928025750385222,0.26250101640338525,0.3389830508474576,0.6349206349206349,-0.17110175024477653,0.0,0.0,0.0,40.0,19.0,4.0,0.0,0.6779661016949152,0.3220338983050847,1.0,0.0,0.0,76.0,76.0,17,2898,290,126,36,sigmoid,-0.03770243149532463,2023-09-15,2024-07-16,2024-10-14,f1,0.09302325581395349,,,stress_q10_5d__market__random_forest
63,7,0.1111111111111111,0.030130232356952235,0.41326530612244894,0.10328189435094041,0.9295370491584638,0.10487463881580407,-0.061855718010016325,0.4358537403004761,0.4285714285714286,0.20634920634920634,-0.12285902336679023,0.09433962264150944,0.7142857142857143,0.16666666666666666,8.0,48.0,2.0,5.0,0.14285714285714285,0.8571428571428571,0.2857142857142857,0.7142857142857143,0.09433962264150944,192.0,212.0,18,3024,303,126,36,sigmoid,-0.03769364568252701,2024-03-19,2025-01-13,2025-04-17,f1,0.10666666666666667,,,stress_q10_5d__market__random_forest
63,8,0.12698412698412698,0.05224267654463623,0.55,0.152078173374613,1.1976156153250774,0.11046380642533468,0.0035662552223786337,0.37850391617745965,0.5,0.12698412698412698,0.0,0.12698412698412698,1.0,0.22535211267605634,0.0,55.0,0.0,8.0,0.0,1.0,0.0,1.0,0.12698412698412698,220.0,252.0,19,3150,315,126,36,sigmoid,-0.0374700921850404,2024-09-19,2025-07-21,2025-10-17,f1,0.20833333333333334,,,stress_q10_5d__market__random_forest
63,17,0.2698412698412698,0.1375913407696615,0.5383631713554987,0.28501487033293693,1.0562315782926486,0.21139105136441752,-0.07290419803756154,0.630105113934965,0.5236572890025575,0.4126984126984127,0.04731457800511509,0.2826086956521739,0.7647058823529411,0.4126984126984127,13.0,33.0,4.0,13.0,0.2826086956521739,0.717391304347826,0.23529411764705882,0.7647058823529411,0.2826086956521739,132.0,184.0,20,3276,328,126,36,sigmoid,-0.03655502080027584,2025-03-24,2026-01-19,2026-04-22,f1,0.29508196721311475,,,stress_q10_5d__market__random_forest
63,4,0.06349206349206349,0.16353035953268671,0.7033898305084746,0.14967948717948718,2.357451923076923,0.06316326964484575,-0.062267022120308546,0.25007641905326294,0.7627118644067796,0.5555555555555556,0.25627712754300747,0.125,1.0,0.2222222222222222,31.0,28.0,0.0,4.0,0.5254237288135594,0.4745762711864407,0.0,1.0,0.125,112.0,128.0,0,756,76,126,36,sigmoid,-0.03632822342460301,2015-02-13,2015-12-16,2016-03-21,f1,0.3076923076923077,,,stress_q10_5d__market__hist_gradient_boosting
63,3,0.047619047619047616,0.08553554488809136,0.35000000000000003,0.04713595583160801,0.9898550724637682,0.06780940808384261,-0.4951974482487298,0.28592531385926034,0.23333333333333334,0.4444444444444444,-0.22718473369882594,0.0,0.0,0.0,28.0,32.0,3.0,0.0,0.4666666666666667,0.5333333333333333,1.0,0.0,0.0,128.0,128.0,1,882,89,126,36,sigmoid,-0.03654378260089074,2015-08-24,2016-06-22,2016-09-19,f1,0.35294117647058826,,,stress_q10_5d__market__hist_gradient_boosting
63,0,0.0,0.03783766503268984,,,,,,,,,,,,,,,,,,,,,,,,2,1008,101,126,36,sigmoid,-0.03568145547176521,2016-02-25,2016-12-16,2017-03-22,f1,0.13793103448275862,degenerate label distribution; most metrics undefined,,stress_q10_5d__market__hist_gradient_boosting
63,1,0.015873015873015872,0.04849667077269247,0.016129032258064502,0.016129032258064516,1.0161290322580645,0.0423404733697549,-1.710473206525116,0.22132983192906072,0.1693548387096774,0.3333333333333333,-0.1733743090148969,0.0,0.0,0.0,21.0,41.0,1.0,0.0,0.3387096774193548,0.6612903225806451,1.0,0.0,0.0,164.0,164.0,3,1134,114,126,36,none,-0.03479115563119106,2016-08-24,2017-06-23,2017-09-20,f1,0.05263157894736842,,,stress_q10_5d__market__hist_gradient_boosting
63,7,0.1111111111111111,0.04362022391162172,0.2627551020408163,0.09081028619912573,0.8172925757921317,0.5002566990014737,-4.065099077389922,1.388649622535646,0.5,0.1111111111111111,0.0,0.1111111111111111,1.0,0.2,0.0,56.0,0.0,7.0,0.0,1.0,0.0,1.0,0.1111111111111111,224.0,252.0,4,1260,126,126,36,none,-0.03323301850469744,2017-02-27,2017-12-19,2018-03-27,f1,0.023529411764705882,,,stress_q10_5d__market__hist_gradient_boosting
63,6,0.09523809523809523,0.1715798908055172,0.30116959064327486,0.07576215855921731,0.7955026648717818,0.08880438344341172,-0.030598239435383645,0.329487058003282,0.49122807017543857,0.8888888888888888,-0.04120428217151646,0.0,0.0,0.0,56.0,1.0,6.0,0.0,0.9824561403508771,0.017543859649122806,1.0,0.0,0.0,4.0,4.0,5,1386,139,126,36,sigmoid,-0.0325700164848442,2017-08-25,2018-06-28,2018-09-25,f1,0.3404255319148936,,,stress_q10_5d__market__hist_gradient_boosting
63,4,0.06349206349206349,0.1690240452616692,0.7669491525423728,0.1570184426229508,2.4730404713114753,0.15976151152451246,-1.6868366069524998,0.4947576496159134,0.5169491525423728,0.09523809523809523,0.04714700072844769,0.06557377049180328,1.0,0.12307692307692308,2.0,57.0,0.0,4.0,0.03389830508474576,0.9661016949152542,0.0,1.0,0.06557377049180328,228.0,244.0,6,1512,152,126,36,isotonic,-0.032056383175901135,2018-03-02,2018-12-24,2019-03-29,f1,0.4563758389261745,,,stress_q10_5d__market__hist_gradient_boosting
63,0,0.0,0.05858212627140245,,,,,,,,,,,,,,,,,,,,,,,,7,1638,164,126,36,sigmoid,-0.03420718671012672,2018-08-30,2019-07-03,2019-09-30,f1,0.18666666666666668,degenerate label distribution; most metrics undefined,,stress_q10_5d__market__hist_gradient_boosting
63,25,0.3968253968253968,0.5,0.3642105263157895,0.329378261087273,0.8300332179399281,0.4057889067052527,-0.6953433375927871,1.8321534927367338,0.4473684210526316,0.5396825396825397,-0.21119430154775584,0.0,0.0,0.0,34.0,4.0,25.0,0.0,0.8947368421052632,0.10526315789473684,1.0,0.0,0.0,16.0,16.0,8,1764,177,126,36,none,-0.03434369954845987,2019-03-06,2019-12-27,2020-04-01,f1,,,insufficient data; used fixed threshold,stress_q10_5d__market__hist_gradient_boosting
63,6,0.09523809523809523,0.18449419568822553,0.5877192982456141,0.12244897959183673,1.2857142857142858,0.09303864052080436,-0.07973790709670348,0.33762434739591923,0.6228070175438596,0.31746031746031744,0.173421993904824,0.12244897959183673,1.0,0.21818181818181817,14.0,43.0,0.0,6.0,0.24561403508771928,0.7543859649122807,0.0,1.0,0.12244897959183673,172.0,196.0,9,1890,189,126,36,isotonic,-0.03344225413090106,2019-09-05,2020-07-03,2020-09-30,f1,0.39705882352941174,,,stress_q10_5d__market__hist_gradient_boosting
63,12,0.19047619047619047,0.12948496440296514,0.3464052287581699,0.17632158706474343,0.9256883320899031,0.15935401403121915,-0.033457649820112456,0.5082242447635418,0.37254901960784315,0.3968253968253968,-0.20082160319722273,0.11764705882352941,0.3333333333333333,0.17391304347826086,21.0,30.0,8.0,4.0,0.4117647058823529,0.5882352941176471,0.6666666666666666,0.3333333333333333,0.11764705882352941,120.0,136.0,10,2016,202,126,36,sigmoid,-0.03366801194362423,2020-03-09,2020-12-29,2021-04-02,f1,0.2518518518518518,,,stress_q10_5d__market__hist_gradient_boosting
63,11,0.1746031746031746,0.17661078453309179,0.6695804195804196,0.3777415429259652,2.1634288367578005,0.14178780212429687,0.016161212182981943,0.4546455396286462,0.5611888111888111,0.5714285714285714,0.09349469900084571,0.21428571428571427,0.5454545454545454,0.3076923076923077,30.0,22.0,5.0,6.0,0.5769230769230769,0.4230769230769231,0.45454545454545453,0.5454545454545454,0.21428571428571427,88.0,112.0,11,2142,215,126,36,sigmoid,-0.03504972644303534,2020-09-07,2021-07-06,2021-10-04,f1,0.3684210526315789,,,stress_q10_5d__market__hist_gradient_boosting
63,1,0.015873015873015872,0.11955981331587597,0.4193548387096774,0.02702702702702703,1.7027027027027029,0.032956494832153085,-1.1097472256260579,0.18694044368121865,0.532258064516129,0.07936507936507936,0.03306801645716225,0.01694915254237288,1.0,0.03333333333333333,4.0,58.0,0.0,1.0,0.06451612903225806,0.9354838709677419,0.0,1.0,0.01694915254237288,232.0,236.0,12,2268,227,126,36,sigmoid,-0.03506195066574793,2021-03-10,2021-12-31,2022-04-06,f1,0.26666666666666666,,,stress_q10_5d__market__hist_gradient_boosting
63,14,0.2222222222222222,0.04847013775510204,0.4023323615160349,0.19624819624819625,0.8831168831168832,0.21798787302064956,-0.26121555104804406,2.3997294692426863,0.4030612244897959,0.5079365079365079,-0.16741550200193234,0.13043478260869565,0.21428571428571427,0.16216216216216217,29.0,20.0,11.0,3.0,0.5918367346938775,0.40816326530612246,0.7857142857142857,0.21428571428571427,0.13043478260869565,80.0,92.0,13,2394,240,126,36,isotonic,-0.03539114261971764,2021-09-09,2022-07-08,2022-10-06,f1,0.3472222222222222,,,stress_q10_5d__market__hist_gradient_boosting
63,9,0.14285714285714285,0.2619047619047619,0.5946502057613168,0.1667712319886233,1.167398623920363,0.331439650824933,-1.7067571484036193,3.244669562813831,0.5,0.14285714285714285,0.0,0.14285714285714285,1.0,0.25,0.0,54.0,0.0,9.0,0.0,1.0,0.0,1.0,0.14285714285714285,216.0,252.0,14,2520,252,126,36,isotonic,-0.03490806508156903,2022-03-14,2023-01-05,2023-04-10,f1,0.4852941176470588,,,stress_q10_5d__market__hist_gradient_boosting
63,11,0.1746031746031746,0.20530210169400934,0.5017482517482518,0.28709163291879536,1.6442520794440099,0.14935403688845564,-0.036339462255735144,0.4990979079965335,0.5,0.8253968253968254,0.0,0.0,0.0,0.0,52.0,0.0,11.0,0.0,1.0,0.0,1.0,0.0,,0.0,0.0,15,2646,265,126,36,sigmoid,-0.03615729032020887,2022-09-13,2023-07-12,2023-10-10,f1,0.35294117647058826,,,stress_q10_5d__market__hist_gradient_boosting
63,2,0.031746031746031744,0.09196676084932968,0.8278688524590163,0.125,3.9375,0.03110488071526387,-0.011928455400674665,0.14263282734592195,0.45081967213114754,0.873015873015873,-0.058747349544604664,0.0,0.0,0.0,55.0,6.0,2.0,0.0,0.9016393442622951,0.09836065573770492,1.0,0.0,0.0,24.0,24.0,16,2772,278,126,36,sigmoid,-0.03807518472981975,2023-03-16,2024-01-09,2024-04-11,f1,0.3448275862068966,,,stress_q10_5d__market__hist_gradient_boosting
63,4,0.06349206349206349,0.0671534928752157,0.5084745762711864,0.08037334716100596,1.265880217785844,0.06175160019873025,-0.03852585249474738,0.2786659407322682,0.5,0.9365079365079365,0.0,0.0,0.0,0.0,59.0,0.0,4.0,0.0,1.0,0.0,1.0,0.0,,0.0,0.0,17,2898,290,126,36,sigmoid,-0.03770243149532463,2023-09-15,2024-07-16,2024-10-14,f1,0.25,,,stress_q10_5d__market__hist_gradient_boosting
63,7,0.1111111111111111,0.04167363810855308,0.10204081632653061,0.07071692136971144,0.6364522923274031,0.10498056596918252,-0.06292823043797302,0.4133317559596779,0.19642857142857142,0.3492063492063492,-0.38282074674438826,0.0,0.0,0.0,22.0,34.0,7.0,0.0,0.39285714285714285,0.6071428571428571,1.0,0.0,0.0,136.0,136.0,18,3024,303,126,36,sigmoid,-0.03769364568252701,2024-03-19,2025-01-13,2025-04-17,f1,0.1111111111111111,,,stress_q10_5d__market__hist_gradient_boosting
63,8,0.12698412698412698,0.05278970567308406,0.5795454545454546,0.1690731721981722,1.3314512310606061,0.16828154717591626,-0.5179760471391175,0.5089606107516153,0.5,0.12698412698412698,0.0,0.12698412698412698,1.0,0.22535211267605634,0.0,55.0,0.0,8.0,0.0,1.0,0.0,1.0,0.12698412698412698,220.0,252.0,19,3150,315,126,36,sigmoid,-0.0374700921850404,2024-09-19,2025-07-21,2025-10-17,f1,0.38461538461538464,,,stress_q10_5d__market__hist_gradient_boosting
63,17,0.2698412698412698,0.09124606460665813,0.4757033248081841,0.25926743954966913,0.9608146289193621,0.2187660291202124,-0.11033551096946681,0.6641824931313407,0.539002557544757,0.38095238095238093,0.0912070573393152,0.28846153846153844,0.8823529411764706,0.43478260869565216,9.0,37.0,2.0,15.0,0.1956521739130435,0.8043478260869565,0.11764705882352941,0.8823529411764706,0.28846153846153844,148.0,208.0,20,3276,328,126,36,sigmoid,-0.03655502080027584,2025-03-24,2026-01-19,2026-04-22,f1,0.29333333333333333,,,stress_q10_5d__market__hist_gradient_boosting
63,4,0.06349206349206349,0.11909259242852871,0.5,0.06349206349206349,1.0,0.06255224018359797,-0.05199085291822181,0.2538536303773897,0.5,0.06349206349206349,0.0,0.06349206349206349,1.0,0.11940298507462686,0.0,59.0,0.0,4.0,0.0,1.0,0.0,1.0,0.06349206349206349,236.0,252.0,0,737,75,126,60,sigmoid,-0.03632822342460301,2015-02-13,2015-12-16,2016-03-21,f1,0.2127659574468085,,,stress_q10_5d__graph__naive_frequency
63,3,0.047619047619047616,0.04762167998429023,0.5,0.047619047619047616,1.0,0.045351473929831854,-1.5279244536259284e-10,0.19144408203411073,0.5,0.047619047619047616,0.0,0.047619047619047616,1.0,0.09090909090909091,0.0,60.0,0.0,3.0,0.0,1.0,0.0,1.0,0.047619047619047616,240.0,252.0,1,863,88,126,60,sigmoid,-0.03654378260089074,2015-08-24,2016-06-22,2016-09-19,f1,0.09090909090909091,,,stress_q10_5d__graph__naive_frequency
63,0,0.0,0.023903496081570674,,,,,,,,,,,,,,,,,,,,,,,,2,989,100,126,60,sigmoid,-0.03568145547176521,2016-02-25,2016-12-16,2017-03-22,f1,0.046511627906976744,degenerate label distribution; most metrics undefined,,stress_q10_5d__graph__naive_frequency
63,1,0.015873015873015872,0.10134529147982063,0.5,0.015873015873015872,1.0,0.022926573137516445,-0.46767046423875436,0.1414971238832578,0.5,0.015873015873015872,0.0,0.015873015873015872,1.0,0.03125,0.0,62.0,0.0,1.0,0.0,1.0,0.0,1.0,0.015873015873015872,248.0,252.0,3,1115,113,126,60,none,-0.03479115563119106,2016-08-24,2017-06-23,2017-09-20,f1,0.03125,,,stress_q10_5d__graph__naive_frequency
63,7,0.1111111111111111,0.10072522159548751,0.5,0.1111111111111111,1.0,0.09887329879979619,-0.0010921503479364159,0.3494102428899014,0.5,0.1111111111111111,0.0,0.1111111111111111,1.0,0.2,0.0,56.0,0.0,7.0,0.0,1.0,0.0,1.0,0.1111111111111111,224.0,252.0,4,1241,125,126,60,none,-0.03323301850469744,2017-02-27,2017-12-19,2018-03-27,f1,0.015748031496062992,,,stress_q10_5d__graph__naive_frequency
63,6,0.09523809523809523,0.1746041240267154,0.5,0.09523809523809523,1.0,0.0924667669791908,-0.07310116415324086,0.3398294778764257,0.5,0.09523809523809523,0.0,0.09523809523809523,1.0,0.17391304347826086,0.0,57.0,0.0,6.0,0.0,1.0,0.0,1.0,0.09523809523809523,228.0,252.0,5,1367,138,126,60,sigmoid,-0.0325700164848442,2017-08-25,2018-06-28,2018-09-25,f1,0.2972972972972973,,,stress_q10_5d__graph__naive_frequency
63,4,0.06349206349206349,0.2777777777777778,0.5,0.06349206349206349,1.0,0.10537918871252207,-0.7722457627118648,0.3860897937697034,0.5,0.06349206349206349,0.0,0.06349206349206349,1.0,0.11940298507462686,0.0,59.0,0.0,4.0,0.0,1.0,0.0,1.0,0.06349206349206349,236.0,252.0,6,1493,149,126,60,isotonic,-0.032056383175901135,2018-03-02,2018-12-24,2019-03-29,f1,0.43478260869565216,,,stress_q10_5d__graph__naive_frequency
63,0,0.0,0.0635297585700598,,,,,,,,,,,,,,,,,,,,,,,,7,1619,163,126,60,sigmoid,-0.03420718671012672,2018-08-30,2019-07-03,2019-09-30,f1,0.11940298507462686,degenerate label distribution; most metrics undefined,,stress_q10_5d__graph__naive_frequency
63,25,0.3968253968253968,0.5,0.5,0.3968253968253968,1.0,0.3269507548286869,-0.3659658378053243,0.9744548746395586,0.5,0.6031746031746031,0.0,0.0,0.0,0.0,38.0,0.0,25.0,0.0,1.0,0.0,1.0,0.0,,0.0,0.0,8,1745,176,126,60,none,-0.03434369954845987,2019-03-06,2019-12-27,2020-04-01,f1,,,insufficient data; used fixed threshold,stress_q10_5d__graph__naive_frequency
63,6,0.09523809523809523,0.23015873015873015,0.5,0.09523809523809523,1.0,0.104371378180902,-0.2112573099415207,0.37656284735446727,0.5,0.09523809523809523,0.0,0.09523809523809523,1.0,0.17391304347826086,0.0,57.0,0.0,6.0,0.0,1.0,0.0,1.0,0.09523809523809523,228.0,252.0,9,1871,188,126,60,isotonic,-0.03344225413090106,2019-09-05,2020-07-03,2020-09-30,f1,0.3741935483870968,,,stress_q10_5d__graph__naive_frequency
63,12,0.19047619047619047,0.13493745200235413,0.5,0.19047619047619047,1.0,0.15727956280913366,-0.02000422351217579,0.49885640990144736,0.5,0.19047619047619047,0.0,0.19047619047619047,1.0,0.32,0.0,51.0,0.0,12.0,0.0,1.0,0.0,1.0,0.19047619047619047,204.0,252.0,10,1997,201,126,60,sigmoid,-0.03366801194362423,2020-03-09,2020-12-29,2021-04-02,f1,0.23776223776223776,,,stress_q10_5d__graph__naive_frequency
63,11,0.1746031746031746,0.09524020338948301,0.5,0.1746031746031746,1.0,0.15041538722153316,-0.04370397182214192,0.4931642118784003,0.5,0.1746031746031746,0.0,0.1746031746031746,1.0,0.2972972972972973,0.0,52.0,0.0,11.0,0.0,1.0,0.0,1.0,0.1746031746031746,208.0,252.0,11,2123,214,126,60,sigmoid,-0.03504972644303534,2020-09-07,2021-07-06,2021-10-04,f1,0.17391304347826086,,,stress_q10_5d__graph__naive_frequency
63,1,0.015873015873015872,0.12701189254348755,0.5,0.015873015873015872,1.0,0.027972913147685175,-0.7907176174703623,0.16643082535865286,0.5,0.015873015873015872,0.0,0.015873015873015872,1.0,0.03125,0.0,62.0,0.0,1.0,0.0,1.0,0.0,1.0,0.015873015873015872,248.0,252.0,12,2249,226,126,60,sigmoid,-0.03506195066574793,2021-03-10,2021-12-31,2022-04-06,f1,0.22535211267605634,,,stress_q10_5d__graph__naive_frequency
63,14,0.2222222222222222,0.1984126984126984,0.5,0.2222222222222222,1.0,0.17340639959687573,-0.003279883381923865,0.5314379883264538,0.5,0.2222222222222222,0.0,0.2222222222222222,1.0,0.36363636363636365,0.0,49.0,0.0,14.0,0.0,1.0,0.0,1.0,0.2222222222222222,196.0,252.0,13,2375,239,126,60,isotonic,-0.03539114261971764,2021-09-09,2022-07-08,2022-10-06,f1,0.33112582781456956,,,stress_q10_5d__graph__naive_frequency
63,9,0.14285714285714285,0.2857142857142857,0.5,0.14285714285714285,1.0,0.14285714285714277,-0.16666666666666585,0.467370912603235,0.5,0.14285714285714285,0.0,0.14285714285714285,1.0,0.25,0.0,54.0,0.0,9.0,0.0,1.0,0.0,1.0,0.14285714285714285,216.0,252.0,14,2501,251,126,60,isotonic,-0.03490806508156903,2022-03-14,2023-01-05,2023-04-10,f1,0.4444444444444444,,,stress_q10_5d__graph__naive_frequency
63,11,0.1746031746031746,0.1349374530919254,0.5,0.1746031746031746,1.0,0.14569027548467584,-0.010917313634053238,0.46936449744279873,0.5,0.1746031746031746,0.0,0.1746031746031746,1.0,0.2972972972972973,0.0,52.0,0.0,11.0,0.0,1.0,0.0,1.0,0.1746031746031746,208.0,252.0,15,2627,264,126,60,sigmoid,-0.03615729032020887,2022-09-13,2023-07-12,2023-10-10,f1,0.23776223776223776,,,stress_q10_5d__graph__naive_frequency
63,2,0.031746031746031744,0.12701189121138926,0.5,0.031746031746031744,1.0,0.039813805194084936,-0.29525403946986173,0.19702830372178998,0.5,0.031746031746031744,0.0,0.031746031746031744,1.0,0.06153846153846154,0.0,61.0,0.0,2.0,0.0,1.0,0.0,1.0,0.031746031746031744,244.0,252.0,16,2753,277,126,60,sigmoid,-0.03807518472981975,2023-03-16,2024-01-09,2024-04-11,f1,0.22535211267605634,,,stress_q10_5d__graph__naive_frequency
63,4,0.06349206349206349,0.03177452081123042,0.5,0.06349206349206349,1.0,0.060466823879293696,-0.016918745664901147,0.2492299846361561,0.5,0.06349206349206349,0.0,0.06349206349206349,1.0,0.11940298507462686,0.0,59.0,0.0,4.0,0.0,1.0,0.0,1.0,0.06349206349206349,236.0,252.0,17,2879,289,126,60,sigmoid,-0.03770243149532463,2023-09-15,2024-07-16,2024-10-14,f1,0.06153846153846154,,,stress_q10_5d__graph__naive_frequency
63,7,0.1111111111111111,0.03177452011592427,0.5,0.1111111111111111,1.0,0.10505972676950297,-0.06372973354121769,0.41193476056832967,0.5,0.1111111111111111,0.0,0.1111111111111111,1.0,0.2,0.0,56.0,0.0,7.0,0.0,1.0,0.0,1.0,0.1111111111111111,224.0,252.0,18,3005,302,126,60,sigmoid,-0.03769364568252701,2024-03-19,2025-01-13,2025-04-17,f1,0.06153846153846154,,,stress_q10_5d__graph__naive_frequency
63,8,0.12698412698412698,0.05563056355335159,0.5,0.12698412698412698,1.0,0.11595048949247577,-0.04592611999008267,0.41682954355496105,0.5,0.12698412698412698,0.0,0.12698412698412698,1.0,0.22535211267605634,0.0,55.0,0.0,8.0,0.0,1.0,0.0,1.0,0.12698412698412698,220.0,252.0,19,3131,314,126,60,sigmoid,-0.0374700921850404,2024-09-19,2025-07-21,2025-10-17,f1,0.10526315789473684,,,stress_q10_5d__graph__naive_frequency
63,17,0.2698412698412698,0.09524020371913372,0.5,0.2698412698412698,1.0,0.22751249122270742,-0.15472772079658026,0.7075706238958868,0.5,0.2698412698412698,0.0,0.2698412698412698,1.0,0.425,0.0,46.0,0.0,17.0,0.0,1.0,0.0,1.0,0.2698412698412698,184.0,252.0,20,3257,327,126,60,sigmoid,-0.03655502080027584,2025-03-24,2026-01-19,2026-04-22,f1,0.17391304347826086,,,stress_q10_5d__graph__naive_frequency
63,4,0.06349206349206349,0.16288645991601305,0.5,0.0800374497625137,1.2605898337595909,0.06274096765901413,-0.05516483321452159,0.2539688255249797,0.5,0.9365079365079365,0.0,0.0,0.0,0.0,59.0,0.0,4.0,0.0,1.0,0.0,1.0,0.0,,0.0,0.0,0,737,75,126,60,sigmoid,-0.03632822342460301,2015-02-13,2015-12-16,2016-03-21,f1,0.3076923076923077,,,stress_q10_5d__graph__logistic_elasticnet
63,3,0.047619047619047616,0.04197164072977891,0.6277777777777778,0.08201628352490421,1.7223419540229885,0.04604150281501036,-0.015215137070978768,0.194418694574413,0.44999999999999996,0.5555555555555556,-0.04303314829119352,0.037037037037037035,0.3333333333333333,0.06666666666666667,34.0,26.0,2.0,1.0,0.5666666666666667,0.43333333333333335,0.6666666666666666,0.3333333333333333,0.037037037037037035,104.0,108.0,1,863,88,126,60,sigmoid,-0.03654378260089074,2015-08-24,2016-06-22,2016-09-19,f1,0.13043478260869565,,,stress_q10_5d__graph__logistic_elasticnet
63,0,0.0,0.023813701329323315,,,,,,,,,,,,,,,,,,,,,,,,2,989,100,126,60,sigmoid,-0.03568145547176521,2016-02-25,2016-12-16,2017-03-22,f1,0.1111111111111111,degenerate label distribution; most metrics undefined,,stress_q10_5d__graph__logistic_elasticnet
63,1,0.015873015873015872,0.12552481102129348,0.29032258064516125,0.022222222222222223,1.4000000000000001,0.37285058827215,-22.86845136858328,1.0397737754844798,0.5403225806451613,0.09523809523809523,0.03728852122772354,0.017241379310344827,1.0,0.03389830508474576,5.0,57.0,0.0,1.0,0.08064516129032258,0.9193548387096774,0.0,1.0,0.017241379310344827,228.0,232.0,3,1115,113,126,60,none,-0.03479115563119106,2016-08-24,2017-06-23,2017-09-20,f1,0.01834862385321101,,,stress_q10_5d__graph__logistic_elasticnet
63,7,0.1111111111111111,0.2558889159138755,0.24744897959183673,0.0821088121485341,0.738979309336807,0.5278732358735237,-4.344716513219428,1.5021433629429848,0.5089285714285714,0.12698412698412698,0.04490132550669373,0.11290322580645161,1.0,0.2028985507246377,1.0,55.0,0.0,7.0,0.017857142857142856,0.9821428571428571,0.0,1.0,0.11290322580645161,220.0,248.0,4,1241,125,126,60,none,-0.03323301850469744,2017-02-27,2017-12-19,2018-03-27,f1,0.021739130434782608,,,stress_q10_5d__graph__logistic_elasticnet
63,6,0.09523809523809523,0.13357961290264048,0.42690058479532167,0.13498157963214047,1.417306586137475,0.11332110995366512,-0.3151213023570085,0.40137923521187413,0.5,0.09523809523809523,0.0,0.09523809523809523,1.0,0.17391304347826086,0.0,57.0,0.0,6.0,0.0,1.0,0.0,1.0,0.09523809523809523,228.0,252.0,5,1367,138,126,60,sigmoid,-0.0325700164848442,2017-08-25,2018-06-28,2018-09-25,f1,0.4074074074074074,,,stress_q10_5d__graph__logistic_elasticnet
63,4,0.06349206349206349,0.2777777777777778,0.5,0.06349206349206349,1.0,0.10537918871252207,-0.7722457627118648,0.3860897937697034,0.5,0.06349206349206349,0.0,0.06349206349206349,1.0,0.11940298507462686,0.0,59.0,0.0,4.0,0.0,1.0,0.0,1.0,0.06349206349206349,236.0,252.0,6,1493,149,126,60,isotonic,-0.032056383175901135,2018-03-02,2018-12-24,2019-03-29,f1,0.43478260869565216,,,stress_q10_5d__graph__logistic_elasticnet
63,0,0.0,0.08423929947637082,,,,,,,,,,,,,,,,,,,,,,,,7,1619,163,126,60,sigmoid,-0.03420718671012672,2018-08-30,2019-07-03,2019-09-30,f1,0.3448275862068966,degenerate label distribution; most metrics undefined,,stress_q10_5d__graph__logistic_elasticnet
63,25,0.3968253968253968,0.5,0.5052631578947369,0.38639062433074295,0.9737043733134723,0.2804359228710694,-0.17163176618449927,0.775503225106282,0.42157894736842105,0.49206349206349204,-0.20212798723616746,0.18181818181818182,0.08,0.1111111111111111,29.0,9.0,23.0,2.0,0.7631578947368421,0.23684210526315788,0.92,0.08,0.18181818181818182,36.0,44.0,8,1745,176,126,60,none,-0.03434369954845987,2019-03-06,2019-12-27,2020-04-01,f1,,,insufficient data; used fixed threshold,stress_q10_5d__graph__logistic_elasticnet
63,6,0.09523809523809523,0.2294871794871795,0.47514619883040937,0.10582010582010581,1.1111111111111112,0.14152307396479888,-0.6424125162756924,0.4588743671387448,0.6578947368421053,0.38095238095238093,0.20519567041703082,0.13333333333333333,1.0,0.23529411764705882,18.0,39.0,0.0,6.0,0.3157894736842105,0.6842105263157895,0.0,1.0,0.13333333333333333,156.0,180.0,9,1871,188,126,60,isotonic,-0.03344225413090106,2019-09-05,2020-07-03,2020-09-30,f1,0.4782608695652174,,,stress_q10_5d__graph__logistic_elasticnet
63,12,0.19047619047619047,0.11866250898436818,0.511437908496732,0.19906353245462524,1.0450835453867826,0.15420153950345392,-4.2337073870246655e-05,0.4868923070918233,0.5,0.19047619047619047,0.0,0.19047619047619047,1.0,0.32,0.0,51.0,0.0,12.0,0.0,1.0,0.0,1.0,0.19047619047619047,204.0,252.0,10,1997,201,126,60,sigmoid,-0.03366801194362423,2020-03-09,2020-12-29,2021-04-02,f1,0.3409090909090909,,,stress_q10_5d__graph__logistic_elasticnet
63,11,0.1746031746031746,0.07590186257985863,0.5909090909090909,0.2633576112055149,1.5083208641770398,0.14946600607787133,-0.03711639532005484,0.49886269601245137,0.548951048951049,0.49206349206349204,0.07479575920067656,0.2,0.6363636363636364,0.30434782608695654,24.0,28.0,4.0,7.0,0.46153846153846156,0.5384615384615384,0.36363636363636365,0.6363636363636364,0.2,112.0,140.0,11,2123,214,126,60,sigmoid,-0.03504972644303534,2020-09-07,2021-07-06,2021-10-04,f1,0.28205128205128205,,,stress_q10_5d__graph__logistic_elasticnet
63,1,0.015873015873015872,0.11960984382642496,0.11290322580645162,0.017857142857142856,1.125,0.028353392705500878,-0.8150744459376287,0.16752466450987608,0.1935483870967742,0.38095238095238093,-0.15657627225176254,0.0,0.0,0.0,24.0,38.0,1.0,0.0,0.3870967741935484,0.6129032258064516,1.0,0.0,0.0,152.0,152.0,12,2249,226,126,60,sigmoid,-0.03506195066574793,2021-03-10,2021-12-31,2022-04-06,f1,0.2857142857142857,,,stress_q10_5d__graph__logistic_elasticnet
63,14,0.2222222222222222,0.24175824175824173,0.5306122448979591,0.23333333333333334,1.05,0.171355796944494,0.008584317678284714,0.5241509541313969,0.5306122448979592,0.2698412698412698,0.11952286093343938,0.23333333333333334,1.0,0.3783783783783784,3.0,46.0,0.0,14.0,0.061224489795918366,0.9387755102040817,0.0,1.0,0.23333333333333334,184.0,240.0,13,2375,239,126,60,isotonic,-0.03539114261971764,2021-09-09,2022-07-08,2022-10-06,f1,0.3793103448275862,,,stress_q10_5d__graph__logistic_elasticnet
63,9,0.14285714285714285,0.36130536130536134,0.537037037037037,0.15254237288135594,1.0677966101694916,0.12507174686668218,-0.021419266077904453,0.4127493884050223,0.5,0.8571428571428571,0.0,0.0,0.0,0.0,54.0,0.0,9.0,0.0,1.0,0.0,1.0,0.0,,0.0,0.0,14,2501,251,126,60,isotonic,-0.03490806508156903,2022-03-14,2023-01-05,2023-04-10,f1,0.48717948717948717,,,stress_q10_5d__graph__logistic_elasticnet
63,11,0.1746031746031746,0.12808344982756473,0.6870629370629371,0.2939758448712757,1.6836798388082155,0.1454391107000508,-0.009174528616261668,0.4681908417609491,0.6853146853146853,0.5396825396825397,0.2875914986179027,0.2631578947368421,0.9090909090909091,0.40816326530612246,24.0,28.0,1.0,10.0,0.46153846153846156,0.5384615384615384,0.09090909090909091,0.9090909090909091,0.2631578947368421,112.0,152.0,15,2627,264,126,60,sigmoid,-0.03615729032020887,2022-09-13,2023-07-12,2023-10-10,f1,0.2641509433962264,,,stress_q10_5d__graph__logistic_elasticnet
63,2,0.031746031746031744,0.14955685397526858,0.21311475409836067,0.030204081632653063,0.9514285714285715,0.034747737982325305,-0.13044075452335369,0.16980006430247563,0.4918032786885246,0.9523809523809523,-0.022996102490913696,0.0,0.0,0.0,60.0,1.0,2.0,0.0,0.9836065573770492,0.01639344262295082,1.0,0.0,0.0,4.0,4.0,16,2753,277,126,60,sigmoid,-0.03807518472981975,2023-03-16,2024-01-09,2024-04-11,f1,0.375,,,stress_q10_5d__graph__logistic_elasticnet
63,4,0.06349206349206349,0.056181050133325645,0.652542372881356,0.10813397129186603,1.70311004784689,0.059499770385606825,-0.0006550366969215737,0.23499786073331771,0.4576271186440678,0.8571428571428571,-0.07644956088453958,0.0,0.0,0.0,54.0,5.0,4.0,0.0,0.9152542372881356,0.0847457627118644,1.0,0.0,0.0,20.0,20.0,17,2879,289,126,60,sigmoid,-0.03770243149532463,2023-09-15,2024-07-16,2024-10-14,f1,0.2857142857142857,,,stress_q10_5d__graph__logistic_elasticnet
63,7,0.1111111111111111,0.05598241416453188,0.8571428571428571,0.41883394383394384,3.769505494505495,0.09118043583609908,0.07679808715949676,0.30202519452141585,0.6517857142857143,0.38095238095238093,0.2149317384052738,0.15217391304347827,1.0,0.2641509433962264,17.0,39.0,0.0,7.0,0.30357142857142855,0.6964285714285714,0.0,1.0,0.15217391304347827,156.0,184.0,18,3005,302,126,60,sigmoid,-0.03769364568252701,2024-03-19,2025-01-13,2025-04-17,f1,0.18181818181818182,,,stress_q10_5d__graph__logistic_elasticnet
63,8,0.12698412698412698,0.09024459288513294,0.44886363636363635,0.16670482295482295,1.3128004807692308,0.1329757873636254,-0.19950204555961193,1.3889058228402371,0.4727272727272727,0.8253968253968254,-0.08528028654224418,0.0,0.0,0.0,52.0,3.0,8.0,0.0,0.9454545454545454,0.05454545454545454,1.0,0.0,0.0,12.0,12.0,19,3131,314,126,60,sigmoid,-0.0374700921850404,2024-09-19,2025-07-21,2025-10-17,f1,0.6086956521739131,,,stress_q10_5d__graph__logistic_elasticnet
63,17,0.2698412698412698,0.17965184689018593,0.4156010230179028,0.2445253635621119,0.906182229671356,0.23064699431090294,-0.17063672687976172,0.7496355871261521,0.4718670076726343,0.6349206349206349,-0.06834572663081934,0.2,0.11764705882352941,0.14814814814814814,38.0,8.0,15.0,2.0,0.8260869565217391,0.17391304347826086,0.8823529411764706,0.11764705882352941,0.2,32.0,40.0,20,3257,327,126,60,sigmoid,-0.03655502080027584,2025-03-24,2026-01-19,2026-04-22,f1,0.45,,,stress_q10_5d__graph__logistic_elasticnet
63,4,0.06349206349206349,0.10563260542460631,0.48305084745762716,0.08416149068322981,1.3255434782608697,0.06310452572223985,-0.06127907877783878,0.2553071147592968,0.4279661016949152,0.36507936507936506,-0.07296742189040498,0.05,0.5,0.09090909090909091,21.0,38.0,2.0,2.0,0.3559322033898305,0.6440677966101694,0.5,0.5,0.05,152.0,160.0,0,737,75,126,60,sigmoid,-0.03632822342460301,2015-02-13,2015-12-16,2016-03-21,f1,0.2903225806451613,,,stress_q10_5d__graph__logistic_l2
63,3,0.047619047619047616,0.12871018562422937,0.5,0.06729375433289217,1.4131688409907357,0.05494399440263707,-0.21151507657814772,0.41245616828380033,0.44166666666666665,0.8412698412698413,-0.07905694150420949,0.0,0.0,0.0,53.0,7.0,3.0,0.0,0.8833333333333333,0.11666666666666667,1.0,0.0,0.0,28.0,28.0,1,863,88,126,60,sigmoid,-0.03654378260089074,2015-08-24,2016-06-22,2016-09-19,f1,0.2857142857142857,,,stress_q10_5d__graph__logistic_l2
63,0,0.0,0.023875487155023592,,,,,,,,,,,,,,,,,,,,,,,,2,989,100,126,60,sigmoid,-0.03568145547176521,2016-02-25,2016-12-16,2017-03-22,f1,0.13636363636363635,degenerate label distribution; most metrics undefined,,stress_q10_5d__graph__logistic_l2
63,1,0.015873015873015872,0.0017289674637992272,0.22580645161290325,0.02040816326530612,1.2857142857142856,0.4097457005318395,-25.23033363565921,1.4164503119529457,0.5,0.015873015873015872,0.0,0.015873015873015872,1.0,0.03125,0.0,62.0,0.0,1.0,0.0,1.0,0.0,1.0,0.015873015873015872,248.0,252.0,3,1115,113,126,60,none,-0.03479115563119106,2016-08-24,2017-06-23,2017-09-20,f1,0.032520325203252036,,,stress_q10_5d__graph__logistic_l2
63,7,0.1111111111111111,0.2705869692429587,0.6428571428571429,0.16230223836714708,1.4607201453043237,0.7349688097989927,-6.441559199214802,3.392719680181799,0.5178571428571429,0.14285714285714285,0.06401843996644799,0.11475409836065574,1.0,0.20588235294117646,2.0,54.0,0.0,7.0,0.03571428571428571,0.9642857142857143,0.0,1.0,0.11475409836065574,216.0,244.0,4,1241,125,126,60,none,-0.03323301850469744,2017-02-27,2017-12-19,2018-03-27,f1,0.020618556701030927,,,stress_q10_5d__graph__logistic_l2
63,6,0.09523809523809523,0.18189276507351082,0.3888888888888889,0.11684216443603011,1.2268427265783162,0.10714039015345658,-0.24339242257037785,0.3878737308410534,0.25877192982456143,0.06349206349206349,-0.5807843292563285,0.05084745762711865,0.5,0.09230769230769231,1.0,56.0,3.0,3.0,0.017543859649122806,0.9824561403508771,0.5,0.5,0.05084745762711865,224.0,236.0,5,1367,138,126,60,sigmoid,-0.0325700164848442,2017-08-25,2018-06-28,2018-09-25,f1,0.37777777777777777,,,stress_q10_5d__graph__logistic_l2
63,4,0.06349206349206349,0.2743362831858407,0.3983050847457627,0.06349206349206349,1.0,0.10761404157067932,-0.8098310635340094,0.39139242343607467,0.5,0.06349206349206349,0.0,0.06349206349206349,1.0,0.11940298507462686,0.0,59.0,0.0,4.0,0.0,1.0,0.0,1.0,0.06349206349206349,236.0,252.0,6,1493,149,126,60,isotonic,-0.032056383175901135,2018-03-02,2018-12-24,2019-03-29,f1,0.43478260869565216,,,stress_q10_5d__graph__logistic_l2
63,0,0.0,0.0982546464137948,,,,,,,,,,,,,,,,,,,,,,,,7,1619,163,126,60,sigmoid,-0.03420718671012672,2018-08-30,2019-07-03,2019-09-30,f1,0.25,degenerate label distribution; most metrics undefined,,stress_q10_5d__graph__logistic_l2
63,25,0.3968253968253968,0.5,0.38526315789473686,0.3347986217933125,0.8436925269191475,0.3396892696133056,-0.41918601167916814,0.9434263968647556,0.3968421052631579,0.4126984126984127,-0.20313335003080327,0.2857142857142857,0.32,0.3018867924528302,18.0,20.0,17.0,8.0,0.47368421052631576,0.5263157894736842,0.68,0.32,0.2857142857142857,80.0,112.0,8,1745,176,126,60,none,-0.03434369954845987,2019-03-06,2019-12-27,2020-04-01,f1,,,insufficient data; used fixed threshold,stress_q10_5d__graph__logistic_l2
63,6,0.09523809523809523,0.3333333333333333,0.5716374269005848,0.11921850079744817,1.2517942583732058,0.3873108708251818,-3.4948445798396106,4.269585944632355,0.6666666666666666,0.3968253968253968,0.21320071635561041,0.13636363636363635,1.0,0.24,19.0,38.0,0.0,6.0,0.3333333333333333,0.6666666666666666,0.0,1.0,0.13636363636363635,152.0,176.0,9,1871,188,126,60,isotonic,-0.03344225413090106,2019-09-05,2020-07-03,2020-09-30,f1,0.5423728813559322,,,stress_q10_5d__graph__logistic_l2
63,12,0.19047619047619047,0.103850517962614,0.6143790849673203,0.2491030639960058,1.3077910859790305,0.15314305262636096,0.006822261643747218,0.4824345826710642,0.5,0.19047619047619047,0.0,0.19047619047619047,1.0,0.32,0.0,51.0,0.0,12.0,0.0,1.0,0.0,1.0,0.19047619047619047,204.0,252.0,10,1997,201,126,60,sigmoid,-0.03366801194362423,2020-03-09,2020-12-29,2021-04-02,f1,0.2809917355371901,,,stress_q10_5d__graph__logistic_l2
63,11,0.1746031746031746,0.11269832712618069,0.5506993006993007,0.24935517066924115,1.4281250683783813,0.15338398987243218,-0.0643025451113346,0.5573901401211919,0.5043706293706294,0.7142857142857143,0.008741258741258742,0.18181818181818182,0.18181818181818182,0.18181818181818182,43.0,9.0,9.0,2.0,0.8269230769230769,0.17307692307692307,0.8181818181818182,0.18181818181818182,0.18181818181818182,36.0,44.0,11,2123,214,126,60,sigmoid,-0.03504972644303534,2020-09-07,2021-07-06,2021-10-04,f1,0.3050847457627119,,,stress_q10_5d__graph__logistic_l2
63,1,0.015873015873015872,0.1214434258795935,0.14516129032258063,0.018518518518518517,1.1666666666666667,0.028353830094863898,-0.8151024459115292,0.1680022815914024,0.13709677419354838,0.2698412698412698,-0.2008048322256247,0.0,0.0,0.0,17.0,45.0,1.0,0.0,0.27419354838709675,0.7258064516129032,1.0,0.0,0.0,180.0,180.0,12,2249,226,126,60,sigmoid,-0.03506195066574793,2021-03-10,2021-12-31,2022-04-06,f1,0.27184466019417475,,,stress_q10_5d__graph__logistic_l2
63,14,0.2222222222222222,0.17134387351778663,0.7310495626822158,0.34467586676889006,1.5510414004600053,0.1609750234240251,0.06864450733242622,0.4942940633430634,0.7040816326530612,0.5396825396825397,0.3645413082882446,0.32558139534883723,1.0,0.49122807017543857,20.0,29.0,0.0,14.0,0.40816326530612246,0.5918367346938775,0.0,1.0,0.32558139534883723,116.0,172.0,13,2375,239,126,60,isotonic,-0.03539114261971764,2021-09-09,2022-07-08,2022-10-06,f1,0.34782608695652173,,,stress_q10_5d__graph__logistic_l2
63,9,0.14285714285714285,0.07381027380952435,0.6481481481481481,0.19148936170212766,1.3404255319148937,0.1237483829083935,-0.010611793751880372,0.38805278038209057,0.6388888888888888,0.38095238095238093,0.2282177322938192,0.1875,1.0,0.3157894736842105,15.0,39.0,0.0,9.0,0.2777777777777778,0.7222222222222222,0.0,1.0,0.1875,156.0,192.0,14,2501,251,126,60,isotonic,-0.03490806508156903,2022-03-14,2023-01-05,2023-04-10,f1,0.48,,,stress_q10_5d__graph__logistic_l2
63,11,0.1746031746031746,0.12137021086286617,0.6346153846153846,0.23573337863398713,1.35010935035829,0.14573395688287522,-0.011220410608622,0.46906960124068076,0.5611888111888111,0.5714285714285714,0.09349469900084571,0.21428571428571427,0.5454545454545454,0.3076923076923077,30.0,22.0,5.0,6.0,0.5769230769230769,0.4230769230769231,0.45454545454545453,0.5454545454545454,0.21428571428571427,88.0,112.0,15,2627,264,126,60,sigmoid,-0.03615729032020887,2022-09-13,2023-07-12,2023-10-10,f1,0.3076923076923077,,,stress_q10_5d__graph__logistic_l2
63,2,0.031746031746031744,0.14409574306311104,0.09836065573770492,0.026332288401253918,0.8294670846394985,0.0336188490436804,-0.09371485126530743,0.16406230682889117,0.4918032786885246,0.9523809523809523,-0.022996102490913696,0.0,0.0,0.0,60.0,1.0,2.0,0.0,0.9836065573770492,0.01639344262295082,1.0,0.0,0.0,4.0,4.0,16,2753,277,126,60,sigmoid,-0.03807518472981975,2023-03-16,2024-01-09,2024-04-11,f1,0.38596491228070173,,,stress_q10_5d__graph__logistic_l2
63,4,0.06349206349206349,0.037925307192919824,0.6822033898305084,0.12517110082899557,1.9714448380566805,0.06019517844363051,-0.012350267977836893,0.24498048031741917,0.4915254237288136,0.9206349206349206,-0.03306801645716225,0.0,0.0,0.0,58.0,1.0,4.0,0.0,0.9830508474576272,0.01694915254237288,1.0,0.0,0.0,4.0,4.0,17,2879,289,126,60,sigmoid,-0.03770243149532463,2023-09-15,2024-07-16,2024-10-14,f1,0.2857142857142857,,,stress_q10_5d__graph__logistic_l2
63,7,0.1111111111111111,0.08431648416337936,0.923469387755102,0.5670615933773828,5.103554340396446,0.0789591005557069,0.20053910687346754,0.2660992937928306,0.6875,0.4444444444444444,0.25,0.16666666666666666,1.0,0.2857142857142857,21.0,35.0,0.0,7.0,0.375,0.625,0.0,1.0,0.16666666666666666,140.0,168.0,18,3005,302,126,60,sigmoid,-0.03769364568252701,2024-03-19,2025-01-13,2025-04-17,f1,0.2727272727272727,,,stress_q10_5d__graph__logistic_l2
63,8,0.12698412698412698,0.12293848236627689,0.4318181818181818,0.14296536796536796,1.1258522727272728,0.1388539275867179,-0.25252554225382595,1.4467136692405826,0.48977272727272725,0.7619047619047619,-0.019462473604038074,0.1111111111111111,0.125,0.11764705882352941,47.0,8.0,7.0,1.0,0.8545454545454545,0.14545454545454545,0.875,0.125,0.1111111111111111,32.0,36.0,19,3131,314,126,60,sigmoid,-0.0374700921850404,2024-09-19,2025-07-21,2025-10-17,f1,0.6086956521739131,,,stress_q10_5d__graph__logistic_l2
63,17,0.2698412698412698,0.1548312716792813,0.3938618925831202,0.226883515108404,0.8408036148134972,0.23054115303118894,-0.1700995350137966,0.7434131326805556,0.4143222506393862,0.5238095238095238,-0.1657289134747962,0.15789473684210525,0.17647058823529413,0.16666666666666666,30.0,16.0,14.0,3.0,0.6521739130434783,0.34782608695652173,0.8235294117647058,0.17647058823529413,0.15789473684210525,64.0,76.0,20,3257,327,126,60,sigmoid,-0.03655502080027584,2025-03-24,2026-01-19,2026-04-22,f1,0.32142857142857145,,,stress_q10_5d__graph__logistic_l2
63,4,0.06349206349206349,0.11577403484498355,0.6927966101694916,0.1164580588493632,1.8342144268774705,0.06033549064145918,-0.01471000998284544,0.2413003144366092,0.8389830508474576,0.6984126984126984,0.34337610301367044,0.17391304347826086,1.0,0.2962962962962963,40.0,19.0,0.0,4.0,0.6779661016949152,0.3220338983050847,0.0,1.0,0.17391304347826086,76.0,92.0,0,737,75,126,60,sigmoid,-0.03632822342460301,2015-02-13,2015-12-16,2016-03-21,f1,0.3037974683544304,,,stress_q10_5d__graph__random_forest
63,3,0.047619047619047616,0.05282018480948635,0.5444444444444444,0.06573360378634213,1.380405679513185,0.046782068534909606,-0.031544611194757044,0.2015015337206605,0.36666666666666664,0.6984126984126984,-0.13046561461068845,0.0,0.0,0.0,44.0,16.0,3.0,0.0,0.7333333333333333,0.26666666666666666,1.0,0.0,0.0,64.0,64.0,1,863,88,126,60,sigmoid,-0.03654378260089074,2015-08-24,2016-06-22,2016-09-19,f1,0.21621621621621623,,,stress_q10_5d__graph__random_forest
63,0,0.0,0.023151343765460623,,,,,,,,,,,,,,,,,,,,,,,,2,989,100,126,60,sigmoid,-0.03568145547176521,2016-02-25,2016-12-16,2017-03-22,f1,0.08,degenerate label distribution; most metrics undefined,,stress_q10_5d__graph__random_forest
63,1,0.015873015873015872,0.5616340894996351,0.20967741935483875,0.02,1.26,0.13959548390120455,-7.936362509740013,0.4529911559618602,0.4596774193548387,0.9047619047619048,-0.03728852122772354,0.0,0.0,0.0,57.0,5.0,1.0,0.0,0.9193548387096774,0.08064516129032258,1.0,0.0,0.0,20.0,20.0,3,1115,113,126,60,none,-0.03479115563119106,2016-08-24,2017-06-23,2017-09-20,f1,0.09090909090909091,,,stress_q10_5d__graph__random_forest
63,7,0.1111111111111111,0.12164897529585067,0.08418367346938775,0.07187537289237592,0.6468783560313833,0.1317590398418158,-0.33406027839838504,0.452547270821874,0.42857142857142855,0.09523809523809523,-0.3592106040535498,0.0967741935483871,0.8571428571428571,0.17391304347826086,0.0,56.0,1.0,6.0,0.0,1.0,0.14285714285714285,0.8571428571428571,0.0967741935483871,224.0,248.0,4,1241,125,126,60,none,-0.03323301850469744,2017-02-27,2017-12-19,2018-03-27,f1,0.01818181818181818,,,stress_q10_5d__graph__random_forest
63,6,0.09523809523809523,0.17236932871178728,0.7222222222222222,0.17004930456017414,1.7855176978818286,0.08904661992411082,-0.03340945754033897,0.3249382464018435,0.4780701754385965,0.7301587301587301,-0.031814238148788886,0.07692307692307693,0.16666666666666666,0.10526315789473684,45.0,12.0,5.0,1.0,0.7894736842105263,0.21052631578947367,0.8333333333333334,0.16666666666666666,0.07692307692307693,48.0,52.0,5,1367,138,126,60,sigmoid,-0.0325700164848442,2017-08-25,2018-06-28,2018-09-25,f1,0.38636363636363635,,,stress_q10_5d__graph__random_forest
63,4,0.06349206349206349,0.2545454545454546,0.5,0.06349206349206349,1.0,0.09596221959858328,-0.6138730914693944,0.36198427643857906,0.5,0.06349206349206349,0.0,0.06349206349206349,1.0,0.11940298507462686,0.0,59.0,0.0,4.0,0.0,1.0,0.0,1.0,0.06349206349206349,236.0,252.0,6,1493,149,126,60,isotonic,-0.032056383175901135,2018-03-02,2018-12-24,2019-03-29,f1,0.43478260869565216,,,stress_q10_5d__graph__random_forest
63,0,0.0,0.06305171377172705,,,,,,,,,,,,,,,,,,,,,,,,7,1619,163,126,60,sigmoid,-0.03420718671012672,2018-08-30,2019-07-03,2019-09-30,f1,0.2,degenerate label distribution; most metrics undefined,,stress_q10_5d__graph__random_forest
63,25,0.3968253968253968,0.5,0.5184210526315789,0.3809110193363324,0.9598957687275578,0.2609452757419769,-0.09020189412621704,0.7126566963573627,0.42315789473684207,0.4444444444444444,-0.15272267317972885,0.3076923076923077,0.32,0.3137254901960784,20.0,18.0,17.0,8.0,0.5263157894736842,0.47368421052631576,0.68,0.32,0.3076923076923077,72.0,104.0,8,1745,176,126,60,none,-0.03434369954845987,2019-03-06,2019-12-27,2020-04-01,f1,,,insufficient data; used fixed threshold,stress_q10_5d__graph__random_forest
63,6,0.09523809523809523,0.23856209150326857,0.543859649122807,0.10344827586206896,1.0862068965517242,0.13007043330739074,-0.5095016075936665,0.441898463220924,0.5,0.09523809523809523,0.0,0.09523809523809523,1.0,0.17391304347826086,0.0,57.0,0.0,6.0,0.0,1.0,0.0,1.0,0.09523809523809523,228.0,252.0,9,1871,188,126,60,isotonic,-0.03344225413090106,2019-09-05,2020-07-03,2020-09-30,f1,0.43243243243243246,,,stress_q10_5d__graph__random_forest
63,12,0.19047619047619047,0.13366352027656467,0.4934640522875817,0.19418998274570487,1.0194974094149507,0.16199181568747956,-0.050564569384977665,0.5210369975390781,0.4117647058823529,0.6666666666666666,-0.19802950859533486,0.0,0.0,0.0,42.0,9.0,12.0,0.0,0.8235294117647058,0.17647058823529413,1.0,0.0,0.0,36.0,36.0,10,1997,201,126,60,sigmoid,-0.03366801194362423,2020-03-09,2020-12-29,2021-04-02,f1,0.3111111111111111,,,stress_q10_5d__graph__random_forest
63,11,0.1746031746031746,0.09393054012718838,0.6433566433566434,0.24558627995497023,1.406539603378466,0.1508200439833999,-0.04651180868901106,0.5017562640816645,0.6284965034965035,0.6825396825396826,0.2069593385961789,0.2857142857142857,0.5454545454545454,0.375,37.0,15.0,5.0,6.0,0.7115384615384616,0.28846153846153844,0.45454545454545453,0.5454545454545454,0.2857142857142857,60.0,84.0,11,2123,214,126,60,sigmoid,-0.03504972644303534,2020-09-07,2021-07-06,2021-10-04,f1,0.30303030303030304,,,stress_q10_5d__graph__random_forest
63,1,0.015873015873015872,0.14075952549855014,0.2983870967741935,0.022222222222222223,1.4000000000000001,0.12806801865119039,-7.198418806880236,0.38517950393050515,0.29838709677419356,0.5873015873015873,-0.10301070542879115,0.0,0.0,0.0,37.0,25.0,1.0,0.0,0.5967741935483871,0.4032258064516129,1.0,0.0,0.0,100.0,100.0,12,2249,226,126,60,sigmoid,-0.03506195066574793,2021-03-10,2021-12-31,2022-04-06,f1,0.45614035087719296,,,stress_q10_5d__graph__random_forest
63,14,0.2222222222222222,0.19374999999999998,0.9504373177842566,0.8522167487684729,3.834975369458128,0.12007033076552415,0.30530737199946745,0.35101162132303154,0.8367346938775511,0.9047619047619048,0.7130240959073808,0.8333333333333334,0.7142857142857143,0.7692307692307693,47.0,2.0,4.0,10.0,0.9591836734693877,0.04081632653061224,0.2857142857142857,0.7142857142857143,0.8333333333333334,8.0,48.0,13,2375,239,126,60,isotonic,-0.03539114261971764,2021-09-09,2022-07-08,2022-10-06,f1,0.463768115942029,,,stress_q10_5d__graph__random_forest
63,9,0.14285714285714285,0.08333408333333216,0.26543209876543206,0.11654876289022631,0.8158413402315842,0.186541334616734,-0.5234208993699945,1.6195907218125576,0.31481481481481477,0.30158730158730157,-0.2718636239135184,0.07317073170731707,0.3333333333333333,0.12,16.0,38.0,6.0,3.0,0.2962962962962963,0.7037037037037037,0.6666666666666666,0.3333333333333333,0.07317073170731707,152.0,164.0,14,2501,251,126,60,isotonic,-0.03490806508156903,2022-03-14,2023-01-05,2023-04-10,f1,0.5142857142857142,,,stress_q10_5d__graph__random_forest
63,11,0.1746031746031746,0.11841391276685248,0.291958041958042,0.1318392313150839,0.7550792338954806,0.15729131177568748,-0.09141471405192947,0.5156826439609596,0.3094405594405594,0.3333333333333333,-0.2938806171475892,0.08108108108108109,0.2727272727272727,0.125,18.0,34.0,8.0,3.0,0.34615384615384615,0.6538461538461539,0.7272727272727273,0.2727272727272727,0.08108108108108109,136.0,148.0,15,2627,264,126,60,sigmoid,-0.03615729032020887,2022-09-13,2023-07-12,2023-10-10,f1,0.32323232323232326,,,stress_q10_5d__graph__random_forest
63,2,0.031746031746031744,0.12519855857553236,1.0,1.0,31.5,0.04005023939020232,-0.3029459027845329,0.1980857181745799,0.5245901639344263,0.07936507936507936,0.0404888165089458,0.03333333333333333,1.0,0.06451612903225806,3.0,58.0,0.0,2.0,0.04918032786885246,0.9508196721311475,0.0,1.0,0.03333333333333333,232.0,240.0,16,2753,277,126,60,sigmoid,-0.03807518472981975,2023-03-16,2024-01-09,2024-04-11,f1,0.27450980392156865,,,stress_q10_5d__graph__random_forest
63,4,0.06349206349206349,0.06920686514961165,0.7669491525423728,0.1625,2.559375,0.061158401950551396,-0.028549565007366606,0.256655036847216,0.4661016949152542,0.873015873015873,-0.06779661016949153,0.0,0.0,0.0,55.0,4.0,4.0,0.0,0.9322033898305084,0.06779661016949153,1.0,0.0,0.0,16.0,16.0,17,2879,289,126,60,sigmoid,-0.03770243149532463,2023-09-15,2024-07-16,2024-10-14,f1,0.3333333333333333,,,stress_q10_5d__graph__random_forest
63,7,0.1111111111111111,0.029024340850872465,0.8928571428571428,0.3906306112188465,3.515675500969619,0.10022668127616777,-0.014795147921198737,0.3539324519549993,0.5803571428571429,0.25396825396825395,0.14433756729740643,0.12962962962962962,1.0,0.22950819672131148,9.0,47.0,0.0,7.0,0.16071428571428573,0.8392857142857143,0.0,1.0,0.12962962962962962,188.0,216.0,18,3005,302,126,60,sigmoid,-0.03769364568252701,2024-03-19,2025-01-13,2025-04-17,f1,0.15384615384615385,,,stress_q10_5d__graph__random_forest
63,8,0.12698412698412698,0.5636483999327346,0.4727272727272727,0.12698412698412698,1.0,0.12698387301702144,-0.1454522545558139,1.754351468565959,0.5,0.873015873015873,0.0,0.0,0.0,0.0,55.0,0.0,8.0,0.0,1.0,0.0,1.0,0.0,,0.0,0.0,19,3131,314,126,60,sigmoid,-0.0374700921850404,2024-09-19,2025-07-21,2025-10-17,f1,0.7272727272727273,,,stress_q10_5d__graph__random_forest
63,17,0.2698412698412698,0.0924414651759995,0.4514066496163682,0.2525183694511668,0.9358033691425593,0.23244197193189153,-0.17974704168500955,0.7392869819132268,0.5,0.7301587301587301,0.0,0.0,0.0,0.0,46.0,0.0,17.0,0.0,1.0,0.0,1.0,0.0,,0.0,0.0,20,3257,327,126,60,sigmoid,-0.03655502080027584,2025-03-24,2026-01-19,2026-04-22,f1,0.20952380952380953,,,stress_q10_5d__graph__random_forest
63,4,0.06349206349206349,0.1066963338627098,0.538135593220339,0.09412856261838684,1.482524861239593,0.06286187729488359,-0.05719826687878382,0.25417066232268326,0.5127118644067796,0.5238095238095238,0.012413025615484024,0.06666666666666667,0.5,0.11764705882352941,31.0,28.0,2.0,2.0,0.5254237288135594,0.4745762711864407,0.5,0.5,0.06666666666666667,112.0,120.0,0,737,75,126,60,sigmoid,-0.03632822342460301,2015-02-13,2015-12-16,2016-03-21,f1,0.2608695652173913,,,stress_q10_5d__graph__hist_gradient_boosting
63,3,0.047619047619047616,0.047389282817153766,0.46111111111111114,0.05635997988939166,1.183559577677225,0.045371565795622036,-0.0004430257934660009,0.19166119734623407,0.35,0.6666666666666666,-0.1414213562373095,0.0,0.0,0.0,42.0,18.0,3.0,0.0,0.7,0.3,1.0,0.0,0.0,72.0,72.0,1,863,88,126,60,sigmoid,-0.03654378260089074,2015-08-24,2016-06-22,2016-09-19,f1,0.21052631578947367,,,stress_q10_5d__graph__hist_gradient_boosting
63,0,0.0,0.039188900096701645,,,,,,,,,,,,,,,,,,,,,,,,2,989,100,126,60,sigmoid,-0.03568145547176521,2016-02-25,2016-12-16,2017-03-22,f1,0.14634146341463414,degenerate label distribution; most metrics undefined,,stress_q10_5d__graph__hist_gradient_boosting
63,1,0.015873015873015872,0.07723982579173938,0.4516129032258065,0.02857142857142857,1.8,0.02058624534330106,-0.3178517381864825,0.11233437496908873,0.45161290322580644,0.8888888888888888,-0.04120428217151646,0.0,0.0,0.0,56.0,6.0,1.0,0.0,0.9032258064516129,0.0967741935483871,1.0,0.0,0.0,24.0,24.0,3,1115,113,126,60,none,-0.03479115563119106,2016-08-24,2017-06-23,2017-09-20,f1,0.05714285714285714,,,stress_q10_5d__graph__hist_gradient_boosting
63,7,0.1111111111111111,0.07806571886541738,0.25637755102040816,0.08234083453477925,0.7410675108130133,0.17627908900522618,-0.7848257761779152,0.7647121704180041,0.3125,0.5555555555555556,-0.25,0.0,0.0,0.0,35.0,21.0,7.0,0.0,0.625,0.375,1.0,0.0,0.0,84.0,84.0,4,1241,125,126,60,none,-0.03323301850469744,2017-02-27,2017-12-19,2018-03-27,f1,0.1111111111111111,,,stress_q10_5d__graph__hist_gradient_boosting
63,6,0.09523809523809523,0.17456304456308383,0.6198830409356725,0.5104278553526673,5.359492481203008,0.0787874996188823,0.08565033337033945,0.303753324276775,0.6359649122807017,0.746031746031746,0.18338380315861663,0.1875,0.5,0.2727272727272727,44.0,13.0,3.0,3.0,0.7719298245614035,0.22807017543859648,0.5,0.5,0.1875,52.0,64.0,5,1367,138,126,60,sigmoid,-0.0325700164848442,2017-08-25,2018-06-28,2018-09-25,f1,0.38095238095238093,,,stress_q10_5d__graph__hist_gradient_boosting
63,4,0.06349206349206349,0.15258620689655172,0.6949152542372882,0.1,1.5750000000000002,0.12225751544511264,-1.0561020288205598,0.41736103405805536,0.5677966101694916,0.19047619047619047,0.09930420492387221,0.07272727272727272,1.0,0.13559322033898305,8.0,51.0,0.0,4.0,0.13559322033898305,0.864406779661017,0.0,1.0,0.07272727272727272,204.0,220.0,6,1493,149,126,60,isotonic,-0.032056383175901135,2018-03-02,2018-12-24,2019-03-29,f1,0.49612403100775193,,,stress_q10_5d__graph__hist_gradient_boosting
63,0,0.0,0.06478891521336973,,,,,,,,,,,,,,,,,,,,,,,,7,1619,163,126,60,sigmoid,-0.03420718671012672,2018-08-30,2019-07-03,2019-09-30,f1,0.16666666666666666,degenerate label distribution; most metrics undefined,,stress_q10_5d__graph__hist_gradient_boosting
63,25,0.3968253968253968,0.5,0.6684210526315789,0.668440127532252,1.6844691213812752,0.3490805841101655,-0.4584219350876282,1.4588273564707126,0.5,0.6031746031746031,0.0,0.0,0.0,0.0,38.0,0.0,25.0,0.0,1.0,0.0,1.0,0.0,,0.0,0.0,8,1745,176,126,60,none,-0.03434369954845987,2019-03-06,2019-12-27,2020-04-01,f1,,,insufficient data; used fixed threshold,stress_q10_5d__graph__hist_gradient_boosting
63,6,0.09523809523809523,0.22321428571428573,0.6842105263157895,0.1976190476190476,2.075,0.10206040940075288,-0.18443790909821112,0.37003747500707734,0.5,0.09523809523809523,0.0,0.09523809523809523,1.0,0.17391304347826086,0.0,57.0,0.0,6.0,0.0,1.0,0.0,1.0,0.09523809523809523,228.0,252.0,9,1871,188,126,60,isotonic,-0.03344225413090106,2019-09-05,2020-07-03,2020-09-30,f1,0.3741935483870968,,,stress_q10_5d__graph__hist_gradient_boosting
63,12,0.19047619047619047,0.16277660452324014,0.7148692810457515,0.4505570955253158,2.3654247515079083,0.1574255668986814,-0.02095110297527203,0.5087315141977463,0.6372549019607843,0.8253968253968254,0.3429971702850177,0.5714285714285714,0.3333333333333333,0.42105263157894735,48.0,3.0,8.0,4.0,0.9411764705882353,0.058823529411764705,0.6666666666666666,0.3333333333333333,0.5714285714285714,12.0,28.0,10,1997,201,126,60,sigmoid,-0.03366801194362423,2020-03-09,2020-12-29,2021-04-02,f1,0.32653061224489793,,,stress_q10_5d__graph__hist_gradient_boosting
63,11,0.1746031746031746,0.1025569046064862,0.631118881118881,0.26436825623428495,1.5141091038872685,0.15068423505645456,-0.04556945618718222,0.49631153454088434,0.6215034965034965,0.7301587301587301,0.21193752851876815,0.3125,0.45454545454545453,0.37037037037037035,41.0,11.0,6.0,5.0,0.7884615384615384,0.21153846153846154,0.5454545454545454,0.45454545454545453,0.3125,44.0,64.0,11,2123,214,126,60,sigmoid,-0.03504972644303534,2020-09-07,2021-07-06,2021-10-04,f1,0.20588235294117646,,,stress_q10_5d__graph__hist_gradient_boosting
63,1,0.015873015873015872,0.19170687610531212,0.5564516129032258,0.034482758620689655,2.1724137931034484,0.03514765654598048,-1.2500169166289763,0.188149974785505,0.3790322580645161,0.746031746031746,-0.0709952292808831,0.0,0.0,0.0,47.0,15.0,1.0,0.0,0.7580645161290323,0.24193548387096775,1.0,0.0,0.0,60.0,60.0,12,2249,226,126,60,sigmoid,-0.03506195066574793,2021-03-10,2021-12-31,2022-04-06,f1,0.47058823529411764,,,stress_q10_5d__graph__hist_gradient_boosting
63,14,0.2222222222222222,0.21212121212121213,0.38848396501457727,0.23147153598281417,1.0416219119226637,0.19403774103471916,-0.12264693027230367,0.6137439544868016,0.33163265306122447,0.47619047619047616,-0.2969720859358214,0.047619047619047616,0.07142857142857142,0.05714285714285714,29.0,20.0,13.0,1.0,0.5918367346938775,0.40816326530612246,0.9285714285714286,0.07142857142857142,0.047619047619047616,80.0,84.0,13,2375,239,126,60,isotonic,-0.03539114261971764,2021-09-09,2022-07-08,2022-10-06,f1,0.39603960396039606,,,stress_q10_5d__graph__hist_gradient_boosting
63,9,0.14285714285714285,1.0000000004440875e-06,0.20884773662551442,0.10525636180398085,0.736794532627866,0.1899924287485667,-0.5516048347799614,1.4651933357436455,0.28703703703703703,0.1746031746031746,-0.3795565581410585,0.0784313725490196,0.4444444444444444,0.13333333333333333,7.0,47.0,5.0,4.0,0.12962962962962962,0.8703703703703703,0.5555555555555556,0.4444444444444444,0.0784313725490196,188.0,204.0,14,2501,251,126,60,isotonic,-0.03490806508156903,2022-03-14,2023-01-05,2023-04-10,f1,0.4931506849315068,,,stress_q10_5d__graph__hist_gradient_boosting
63,11,0.1746031746031746,0.15879224035586087,0.32167832167832167,0.14224072388699754,0.8146514186255315,0.15963271814221947,-0.1076612907455754,0.5524472080492312,0.458041958041958,0.4603174603174603,-0.06378603776778394,0.15151515151515152,0.45454545454545453,0.22727272727272727,24.0,28.0,6.0,5.0,0.46153846153846156,0.5384615384615384,0.5454545454545454,0.45454545454545453,0.15151515151515152,112.0,132.0,15,2627,264,126,60,sigmoid,-0.03615729032020887,2022-09-13,2023-07-12,2023-10-10,f1,0.32432432432432434,,,stress_q10_5d__graph__hist_gradient_boosting
63,2,0.031746031746031744,0.11869715234207917,0.5573770491803278,0.06896551724137931,2.1724137931034484,0.03825867748603448,-0.24466140116451518,0.1875929083723659,0.28688524590163933,0.5555555555555556,-0.15178745954623013,0.0,0.0,0.0,35.0,26.0,2.0,0.0,0.5737704918032787,0.4262295081967213,1.0,0.0,0.0,104.0,104.0,16,2753,277,126,60,sigmoid,-0.03807518472981975,2023-03-16,2024-01-09,2024-04-11,f1,0.2736842105263158,,,stress_q10_5d__graph__hist_gradient_boosting
63,4,0.06349206349206349,0.04737759123187285,0.9110169491525424,0.31190476190476185,4.9125,0.057030039156315306,0.04088040079908706,0.20362540922884417,0.798728813559322,0.8412698412698413,0.37101152454602015,0.25,0.75,0.375,50.0,9.0,1.0,3.0,0.847457627118644,0.15254237288135594,0.25,0.75,0.25,36.0,48.0,17,2879,289,126,60,sigmoid,-0.03770243149532463,2023-09-15,2024-07-16,2024-10-14,f1,0.16216216216216217,,,stress_q10_5d__graph__hist_gradient_boosting
63,7,0.1111111111111111,0.026100288137906127,0.8061224489795918,0.2548474945533769,2.2936274509803924,0.09822190830790632,0.005503178382448404,0.3371859738501962,0.5982142857142857,0.2857142857142857,0.16261090889699772,0.1346153846153846,1.0,0.23728813559322035,11.0,45.0,0.0,7.0,0.19642857142857142,0.8035714285714286,0.0,1.0,0.1346153846153846,180.0,208.0,18,3005,302,126,60,sigmoid,-0.03769364568252701,2024-03-19,2025-01-13,2025-04-17,f1,0.14285714285714285,,,stress_q10_5d__graph__hist_gradient_boosting
63,8,0.12698412698412698,0.5738222731624837,0.5,0.12698412698412698,1.0,0.126983873016873,-0.14545225455447497,1.754351420059392,0.5,0.873015873015873,0.0,0.0,0.0,0.0,55.0,0.0,8.0,0.0,1.0,0.0,1.0,0.0,,0.0,0.0,19,3131,314,126,60,sigmoid,-0.0374700921850404,2024-09-19,2025-07-21,2025-10-17,f1,0.8571428571428571,,,stress_q10_5d__graph__hist_gradient_boosting
63,17,0.2698412698412698,0.08913800477078404,0.42519181585677746,0.30095263270225403,1.1152950506024708,0.2345790390439885,-0.19059361376673944,0.7532809157399923,0.5294117647058824,0.746031746031746,0.20890970240062032,1.0,0.058823529411764705,0.1111111111111111,46.0,0.0,16.0,1.0,1.0,0.0,0.9411764705882353,0.058823529411764705,1.0,0.0,4.0,20,3257,327,126,60,sigmoid,-0.03655502080027584,2025-03-24,2026-01-19,2026-04-22,f1,0.24096385542168675,,,stress_q10_5d__graph__hist_gradient_boosting
63,4,0.06349206349206349,0.11909261123994186,0.5,0.06349206349206349,1.0,0.0625522422754474,-0.05199088809852004,0.2538536403471652,0.5,0.06349206349206349,0.0,0.06349206349206349,1.0,0.11940298507462686,0.0,59.0,0.0,4.0,0.0,1.0,0.0,1.0,0.06349206349206349,236.0,252.0,0,756,76,126,60,sigmoid,-0.03632822342460301,2015-02-13,2015-12-16,2016-03-21,f1,0.2127659574468085,,,stress_q10_5d__combined__naive_frequency
63,3,0.047619047619047616,0.047621680824577774,0.5,0.047619047619047616,1.0,0.04535147392983625,-1.5288947885494508e-10,0.19144408203415947,0.5,0.047619047619047616,0.0,0.047619047619047616,1.0,0.09090909090909091,0.0,60.0,0.0,3.0,0.0,1.0,0.0,1.0,0.047619047619047616,240.0,252.0,1,882,89,126,60,sigmoid,-0.03654378260089074,2015-08-24,2016-06-22,2016-09-19,f1,0.09090909090909091,,,stress_q10_5d__combined__naive_frequency
63,0,0.0,0.02390351026003508,,,,,,,,,,,,,,,,,,,,,,,,2,1008,101,126,60,sigmoid,-0.03568145547176521,2016-02-25,2016-12-16,2017-03-22,f1,0.046511627906976744,degenerate label distribution; most metrics undefined,,stress_q10_5d__combined__naive_frequency
63,1,0.015873015873015872,0.10052910052910052,0.5,0.015873015873015872,1.0,0.02278771590940902,-0.4587813620071677,0.14073206146785391,0.5,0.015873015873015872,0.0,0.015873015873015872,1.0,0.03125,0.0,62.0,0.0,1.0,0.0,1.0,0.0,1.0,0.015873015873015872,248.0,252.0,3,1134,114,126,60,none,-0.03479115563119106,2016-08-24,2017-06-23,2017-09-20,f1,0.03125,,,stress_q10_5d__combined__naive_frequency
63,7,0.1111111111111111,0.1,0.5,0.1111111111111111,1.0,0.09888888888888887,-0.0012499999999999734,0.349496579806295,0.5,0.1111111111111111,0.0,0.1111111111111111,1.0,0.2,0.0,56.0,0.0,7.0,0.0,1.0,0.0,1.0,0.1111111111111111,224.0,252.0,4,1260,126,126,60,none,-0.03323301850469744,2017-02-27,2017-12-19,2018-03-27,f1,0.015748031496062992,,,stress_q10_5d__combined__naive_frequency
63,6,0.09523809523809523,0.17460412448198484,0.5,0.09523809523809523,1.0,0.09246676705145666,-0.07310116499190511,0.33982947812714415,0.5,0.09523809523809523,0.0,0.09523809523809523,1.0,0.17391304347826086,0.0,57.0,0.0,6.0,0.0,1.0,0.0,1.0,0.09523809523809523,228.0,252.0,5,1386,139,126,60,sigmoid,-0.0325700164848442,2017-08-25,2018-06-28,2018-09-25,f1,0.2972972972972973,,,stress_q10_5d__combined__naive_frequency
63,4,0.06349206349206349,0.2777777777777778,0.5,0.06349206349206349,1.0,0.10537918871252207,-0.7722457627118648,0.3860897937697034,0.5,0.06349206349206349,0.0,0.06349206349206349,1.0,0.11940298507462686,0.0,59.0,0.0,4.0,0.0,1.0,0.0,1.0,0.06349206349206349,236.0,252.0,6,1512,152,126,60,isotonic,-0.032056383175901135,2018-03-02,2018-12-24,2019-03-29,f1,0.43478260869565216,,,stress_q10_5d__combined__naive_frequency
63,0,0.0,0.06352976369673863,,,,,,,,,,,,,,,,,,,,,,,,7,1638,164,126,60,sigmoid,-0.03420718671012672,2018-08-30,2019-07-03,2019-09-30,f1,0.11940298507462686,degenerate label distribution; most metrics undefined,,stress_q10_5d__combined__naive_frequency
63,25,0.3968253968253968,0.5,0.5,0.3968253968253968,1.0,0.3272585111141963,-0.3672516111707842,0.9761555747516687,0.5,0.6031746031746031,0.0,0.0,0.0,0.0,38.0,0.0,25.0,0.0,1.0,0.0,1.0,0.0,,0.0,0.0,8,1764,177,126,60,none,-0.03434369954845987,2019-03-06,2019-12-27,2020-04-01,f1,,,insufficient data; used fixed threshold,stress_q10_5d__combined__naive_frequency
63,6,0.09523809523809523,0.23015873015873015,0.5,0.09523809523809523,1.0,0.104371378180902,-0.2112573099415207,0.37656284735446727,0.5,0.09523809523809523,0.0,0.09523809523809523,1.0,0.17391304347826086,0.0,57.0,0.0,6.0,0.0,1.0,0.0,1.0,0.09523809523809523,228.0,252.0,9,1890,189,126,60,isotonic,-0.03344225413090106,2019-09-05,2020-07-03,2020-09-30,f1,0.3741935483870968,,,stress_q10_5d__combined__naive_frequency
63,12,0.19047619047619047,0.1349374551564208,0.5,0.19047619047619047,1.0,0.15727956245878794,-0.02000422124008061,0.49885640840077206,0.5,0.19047619047619047,0.0,0.19047619047619047,1.0,0.32,0.0,51.0,0.0,12.0,0.0,1.0,0.0,1.0,0.19047619047619047,204.0,252.0,10,2016,202,126,60,sigmoid,-0.03366801194362423,2020-03-09,2020-12-29,2021-04-02,f1,0.23776223776223776,,,stress_q10_5d__combined__naive_frequency
63,11,0.1746031746031746,0.09524020374015076,0.5,0.1746031746031746,1.0,0.15041538716587308,-0.04370397143592708,0.4931642115554317,0.5,0.1746031746031746,0.0,0.1746031746031746,1.0,0.2972972972972973,0.0,52.0,0.0,11.0,0.0,1.0,0.0,1.0,0.1746031746031746,208.0,252.0,11,2142,215,126,60,sigmoid,-0.03504972644303534,2020-09-07,2021-07-06,2021-10-04,f1,0.17391304347826086,,,stress_q10_5d__combined__naive_frequency
63,1,0.015873015873015872,0.12701189669222585,0.5,0.015873015873015872,1.0,0.027972914069857403,-0.7907176765042585,0.1664308295170822,0.5,0.015873015873015872,0.0,0.015873015873015872,1.0,0.03125,0.0,62.0,0.0,1.0,0.0,1.0,0.0,1.0,0.015873015873015872,248.0,252.0,12,2268,227,126,60,sigmoid,-0.03506195066574793,2021-03-10,2021-12-31,2022-04-06,f1,0.22535211267605634,,,stress_q10_5d__combined__naive_frequency
63,14,0.2222222222222222,0.1984126984126984,0.5,0.2222222222222222,1.0,0.17340639959687573,-0.003279883381923865,0.5314379883264538,0.5,0.2222222222222222,0.0,0.2222222222222222,1.0,0.36363636363636365,0.0,49.0,0.0,14.0,0.0,1.0,0.0,1.0,0.2222222222222222,196.0,252.0,13,2394,240,126,60,isotonic,-0.03539114261971764,2021-09-09,2022-07-08,2022-10-06,f1,0.33112582781456956,,,stress_q10_5d__combined__naive_frequency
63,9,0.14285714285714285,0.2857142857142857,0.5,0.14285714285714285,1.0,0.14285714285714277,-0.16666666666666585,0.467370912603235,0.5,0.14285714285714285,0.0,0.14285714285714285,1.0,0.25,0.0,54.0,0.0,9.0,0.0,1.0,0.0,1.0,0.14285714285714285,216.0,252.0,14,2520,252,126,60,isotonic,-0.03490806508156903,2022-03-14,2023-01-05,2023-04-10,f1,0.4444444444444444,,,stress_q10_5d__combined__naive_frequency
63,11,0.1746031746031746,0.1349374554848682,0.5,0.1746031746031746,1.0,0.1456902752948404,-0.010917312316821137,0.46936449662965424,0.5,0.1746031746031746,0.0,0.1746031746031746,1.0,0.2972972972972973,0.0,52.0,0.0,11.0,0.0,1.0,0.0,1.0,0.1746031746031746,208.0,252.0,15,2646,265,126,60,sigmoid,-0.03615729032020887,2022-09-13,2023-07-12,2023-10-10,f1,0.23776223776223776,,,stress_q10_5d__combined__naive_frequency
63,2,0.031746031746031744,0.12701189462032766,0.5,0.031746031746031744,1.0,0.03981380584359585,-0.2952540606002616,0.19702830665068463,0.5,0.031746031746031744,0.0,0.031746031746031744,1.0,0.06153846153846154,0.0,61.0,0.0,2.0,0.0,1.0,0.0,1.0,0.031746031746031744,244.0,252.0,16,2772,278,126,60,sigmoid,-0.03807518472981975,2023-03-16,2024-01-09,2024-04-11,f1,0.22535211267605634,,,stress_q10_5d__combined__naive_frequency
63,4,0.06349206349206349,0.031774522666354395,0.5,0.06349206349206349,1.0,0.06046682376161378,-0.016918743685784277,0.2492299827235877,0.5,0.06349206349206349,0.0,0.06349206349206349,1.0,0.11940298507462686,0.0,59.0,0.0,4.0,0.0,1.0,0.0,1.0,0.06349206349206349,236.0,252.0,17,2898,290,126,60,sigmoid,-0.03770243149532463,2023-09-15,2024-07-16,2024-10-14,f1,0.06153846153846154,,,stress_q10_5d__combined__naive_frequency
63,7,0.1111111111111111,0.031774521900260005,0.5,0.1111111111111111,1.0,0.10505972648637676,-0.06372973067456478,0.4119347559668809,0.5,0.1111111111111111,0.0,0.1111111111111111,1.0,0.2,0.0,56.0,0.0,7.0,0.0,1.0,0.0,1.0,0.1111111111111111,224.0,252.0,18,3024,303,126,60,sigmoid,-0.03769364568252701,2024-03-19,2025-01-13,2025-04-17,f1,0.06153846153846154,,,stress_q10_5d__combined__naive_frequency
63,8,0.12698412698412698,0.05563056813883462,0.5,0.12698412698412698,1.0,0.11595048883809471,-0.04592611408726799,0.41682953732700756,0.5,0.12698412698412698,0.0,0.12698412698412698,1.0,0.22535211267605634,0.0,55.0,0.0,8.0,0.0,1.0,0.0,1.0,0.12698412698412698,220.0,252.0,19,3150,315,126,60,sigmoid,-0.0374700921850404,2024-09-19,2025-07-21,2025-10-17,f1,0.10526315789473684,,,stress_q10_5d__combined__naive_frequency
63,17,0.2698412698412698,0.09524020394579229,0.5,0.2698412698412698,1.0,0.22751249114355784,-0.1547277203948607,0.7075706234366199,0.5,0.2698412698412698,0.0,0.2698412698412698,1.0,0.425,0.0,46.0,0.0,17.0,0.0,1.0,0.0,1.0,0.2698412698412698,184.0,252.0,20,3276,328,126,60,sigmoid,-0.03655502080027584,2025-03-24,2026-01-19,2026-04-22,f1,0.17391304347826086,,,stress_q10_5d__combined__naive_frequency
63,4,0.06349206349206349,0.11923051004159645,0.7372881355932204,0.1615530303030303,2.5444602272727277,0.06253125007166138,-0.05163784548484762,0.25375352099276394,0.5,0.9365079365079365,0.0,0.0,0.0,0.0,59.0,0.0,4.0,0.0,1.0,0.0,1.0,0.0,,0.0,0.0,0,756,76,126,60,sigmoid,-0.03632822342460301,2015-02-13,2015-12-16,2016-03-21,f1,0.24242424242424243,,,stress_q10_5d__combined__logistic_elasticnet
63,3,0.047619047619047616,0.07339863068435108,0.7000000000000001,0.09956212370005474,2.09080459770115,0.046434699310763605,-0.023885119802337762,0.18825955023281424,0.5166666666666666,0.6825396825396826,0.01546720562224365,0.05263157894736842,0.3333333333333333,0.09090909090909091,42.0,18.0,2.0,1.0,0.7,0.3,0.6666666666666666,0.3333333333333333,0.05263157894736842,72.0,76.0,1,882,89,126,60,sigmoid,-0.03654378260089074,2015-08-24,2016-06-22,2016-09-19,f1,0.17391304347826086,,,stress_q10_5d__combined__logistic_elasticnet
63,0,0.0,0.02288224101506418,,,,,,,,,,,,,,,,,,,,,,,,2,1008,101,126,60,sigmoid,-0.03568145547176521,2016-02-25,2016-12-16,2017-03-22,f1,0.13043478260869565,degenerate label distribution; most metrics undefined,,stress_q10_5d__combined__logistic_elasticnet
63,1,0.015873015873015872,0.1110022830858658,0.33870967741935487,0.023809523809523808,1.5,0.04792644501351543,-2.068065488042625,0.19621091417408093,0.31451612903225806,0.6190476190476191,-0.09630261444211728,0.0,0.0,0.0,39.0,23.0,1.0,0.0,0.6290322580645161,0.3709677419354839,1.0,0.0,0.0,92.0,92.0,3,1134,114,126,60,none,-0.03479115563119106,2016-08-24,2017-06-23,2017-09-20,f1,0.043478260869565216,,,stress_q10_5d__combined__logistic_elasticnet
63,7,0.1111111111111111,0.35215374257092213,0.5714285714285714,0.13851015583538379,1.2465914025184541,0.7280920052817691,-6.371931553477912,2.5104334499166154,0.5,0.1111111111111111,0.0,0.1111111111111111,1.0,0.2,0.0,56.0,0.0,7.0,0.0,1.0,0.0,1.0,0.1111111111111111,224.0,252.0,4,1260,126,126,60,none,-0.03323301850469744,2017-02-27,2017-12-19,2018-03-27,f1,0.022727272727272728,,,stress_q10_5d__combined__logistic_elasticnet
63,6,0.09523809523809523,0.14981013210121147,0.4035087719298246,0.11729023444385688,1.2315474616604973,0.10016593896544375,-0.16245208115159726,0.36507156943805474,0.5087719298245614,0.1111111111111111,0.04120428217151646,0.0967741935483871,1.0,0.17647058823529413,1.0,56.0,0.0,6.0,0.017543859649122806,0.9824561403508771,0.0,1.0,0.0967741935483871,224.0,248.0,5,1386,139,126,60,sigmoid,-0.0325700164848442,2017-08-25,2018-06-28,2018-09-25,f1,0.3893805309734513,,,stress_q10_5d__combined__logistic_elasticnet
63,4,0.06349206349206349,0.24752475247524755,0.5,0.06349206349206349,1.0,0.09332885197996459,-0.5695856504596586,0.3549813045179844,0.5,0.06349206349206349,0.0,0.06349206349206349,1.0,0.11940298507462686,0.0,59.0,0.0,4.0,0.0,1.0,0.0,1.0,0.06349206349206349,236.0,252.0,6,1512,152,126,60,isotonic,-0.032056383175901135,2018-03-02,2018-12-24,2019-03-29,f1,0.4375,,,stress_q10_5d__combined__logistic_elasticnet
63,0,0.0,0.05967935605957912,,,,,,,,,,,,,,,,,,,,,,,,7,1638,164,126,60,sigmoid,-0.03420718671012672,2018-08-30,2019-07-03,2019-09-30,f1,0.2028985507246377,degenerate label distribution; most metrics undefined,,stress_q10_5d__combined__logistic_elasticnet
63,25,0.3968253968253968,0.5,0.6863157894736843,0.6309218630091349,1.58992309478302,0.2922868677955007,-0.22114376661088664,0.9334100320797779,0.5,0.6031746031746031,0.0,0.0,0.0,0.0,38.0,0.0,25.0,0.0,1.0,0.0,1.0,0.0,,0.0,0.0,8,1764,177,126,60,none,-0.03434369954845987,2019-03-06,2019-12-27,2020-04-01,f1,,,insufficient data; used fixed threshold,stress_q10_5d__combined__logistic_elasticnet
63,6,0.09523809523809523,0.2857142857142857,0.6578947368421053,0.13333333333333333,1.4000000000000001,0.17362550105200453,-1.0149696306298424,0.5315299750839845,0.5701754385964912,0.2222222222222222,0.1237376449779492,0.10909090909090909,1.0,0.19672131147540983,8.0,49.0,0.0,6.0,0.14035087719298245,0.8596491228070176,0.0,1.0,0.10909090909090909,196.0,220.0,9,1890,189,126,60,isotonic,-0.03344225413090106,2019-09-05,2020-07-03,2020-09-30,f1,0.475,,,stress_q10_5d__combined__logistic_elasticnet
63,12,0.19047619047619047,0.13274536449467417,0.8186274509803921,0.5637421606171605,2.959646343240093,0.1459459984662162,0.05349727465292142,0.45395976654609954,0.7916666666666666,0.7142857142857143,0.4609772228646444,0.39285714285714285,0.9166666666666666,0.55,34.0,17.0,1.0,11.0,0.6666666666666666,0.3333333333333333,0.08333333333333333,0.9166666666666666,0.39285714285714285,68.0,112.0,10,2016,202,126,60,sigmoid,-0.03366801194362423,2020-03-09,2020-12-29,2021-04-02,f1,0.28205128205128205,,,stress_q10_5d__combined__logistic_elasticnet
63,11,0.1746031746031746,0.19138886785091952,0.7657342657342657,0.38139825118434745,2.1843718022376266,0.14140668443496293,0.01880571586998614,0.4541194913737822,0.5166083916083916,0.7936507936507936,0.05171298238463822,0.25,0.09090909090909091,0.13333333333333333,49.0,3.0,10.0,1.0,0.9423076923076923,0.057692307692307696,0.9090909090909091,0.09090909090909091,0.25,12.0,16.0,11,2142,215,126,60,sigmoid,-0.03504972644303534,2020-09-07,2021-07-06,2021-10-04,f1,0.3157894736842105,,,stress_q10_5d__combined__logistic_elasticnet
63,1,0.015873015873015872,0.15373340793866402,0.016129032258064502,0.016129032258064516,1.0161290322580645,0.03064343670181608,-0.9616741978952907,0.17809320162926606,0.4032258064516129,0.7936507936507936,-0.061604110363369734,0.0,0.0,0.0,50.0,12.0,1.0,0.0,0.8064516129032258,0.1935483870967742,1.0,0.0,0.0,48.0,48.0,12,2268,227,126,60,sigmoid,-0.03506195066574793,2021-03-10,2021-12-31,2022-04-06,f1,0.3508771929824561,,,stress_q10_5d__combined__logistic_elasticnet
63,14,0.2222222222222222,0.19666666666666668,0.6508746355685131,0.46818181818181814,2.106818181818182,0.1350067839338807,0.21888932152540452,0.43277349302924906,0.6173469387755102,0.7619047619047619,0.2570193398539127,0.45454545454545453,0.35714285714285715,0.4,43.0,6.0,9.0,5.0,0.8775510204081632,0.12244897959183673,0.6428571428571429,0.35714285714285715,0.45454545454545453,24.0,44.0,13,2394,240,126,60,isotonic,-0.03539114261971764,2021-09-09,2022-07-08,2022-10-06,f1,0.38461538461538464,,,stress_q10_5d__combined__logistic_elasticnet
63,9,0.14285714285714285,0.25,0.4691358024691359,0.1370347759236648,0.9592434314656537,0.1271811033571214,-0.03864567741649161,0.5943937967506892,0.5,0.8571428571428571,0.0,0.0,0.0,0.0,54.0,0.0,9.0,0.0,1.0,0.0,1.0,0.0,,0.0,0.0,14,2520,252,126,60,isotonic,-0.03490806508156903,2022-03-14,2023-01-05,2023-04-10,f1,0.5161290322580645,,,stress_q10_5d__combined__logistic_elasticnet
63,11,0.1746031746031746,0.1522435185100277,0.6905594405594406,0.3005452563769778,1.721304650159055,0.1426908602508183,0.009895062350528061,0.45620435767098255,0.6791958041958042,0.8253968253968254,0.372321325313964,0.5,0.45454545454545453,0.47619047619047616,47.0,5.0,6.0,5.0,0.9038461538461539,0.09615384615384616,0.5454545454545454,0.45454545454545453,0.5,20.0,40.0,15,2646,265,126,60,sigmoid,-0.03615729032020887,2022-09-13,2023-07-12,2023-10-10,f1,0.36363636363636365,,,stress_q10_5d__combined__logistic_elasticnet
63,2,0.031746031746031744,0.16770339987773436,1.0,1.0,31.5,0.04318333294838821,-0.40487416780453134,0.21027046643160888,0.7950819672131147,0.6031746031746031,0.20908334939572668,0.07407407407407407,1.0,0.13793103448275862,36.0,25.0,0.0,2.0,0.5901639344262295,0.4098360655737705,0.0,1.0,0.07407407407407407,100.0,108.0,16,2772,278,126,60,sigmoid,-0.03807518472981975,2023-03-16,2024-01-09,2024-04-11,f1,0.4117647058823529,,,stress_q10_5d__combined__logistic_elasticnet
63,4,0.06349206349206349,0.04236652164649563,0.055084745762711884,0.04208500002621273,0.6628387504128506,0.06344218562649265,-0.06695777437097172,0.3286510917508102,0.4152542372881356,0.7777777777777778,-0.11310089849124409,0.0,0.0,0.0,49.0,10.0,4.0,0.0,0.8305084745762712,0.1694915254237288,1.0,0.0,0.0,40.0,40.0,17,2898,290,126,60,sigmoid,-0.03770243149532463,2023-09-15,2024-07-16,2024-10-14,f1,0.1935483870967742,,,stress_q10_5d__combined__logistic_elasticnet
63,7,0.1111111111111111,0.2460808658985652,0.4693877551020408,0.11338940006176049,1.0205046005558445,0.15913743652610074,-0.61126654482677,0.6293444432050416,0.3571428571428571,0.5238095238095238,-0.1835325870964494,0.04,0.14285714285714285,0.0625,32.0,24.0,6.0,1.0,0.5714285714285714,0.42857142857142855,0.8571428571428571,0.14285714285714285,0.04,96.0,100.0,18,3024,303,126,60,sigmoid,-0.03769364568252701,2024-03-19,2025-01-13,2025-04-17,f1,0.6666666666666666,,,stress_q10_5d__combined__logistic_elasticnet
63,8,0.12698412698412698,0.11986057712588782,0.5954545454545455,0.18157609933925722,1.4299117822966507,0.1251149840596005,-0.1285940266648964,0.6452198307993507,0.5,0.873015873015873,0.0,0.0,0.0,0.0,55.0,0.0,8.0,0.0,1.0,0.0,1.0,0.0,,0.0,0.0,19,3150,315,126,60,sigmoid,-0.0374700921850404,2024-09-19,2025-07-21,2025-10-17,f1,0.32,,,stress_q10_5d__combined__logistic_elasticnet
63,17,0.2698412698412698,0.14423801245108023,0.32992327365728896,0.2131396680659182,0.7898705345972263,0.21802402731072407,-0.10656951968831696,0.6589937999826335,0.3088235294117647,0.3968253968253968,-0.34690136534113236,0.08,0.11764705882352941,0.09523809523809523,23.0,23.0,15.0,2.0,0.5,0.5,0.8823529411764706,0.11764705882352941,0.08,92.0,100.0,20,3276,328,126,60,sigmoid,-0.03655502080027584,2025-03-24,2026-01-19,2026-04-22,f1,0.30303030303030304,,,stress_q10_5d__combined__logistic_elasticnet
63,4,0.06349206349206349,0.12864981949733223,0.7754237288135593,0.29027777777777775,4.5718749999999995,0.06173298686503826,-0.038212817234478225,0.24983455833043128,0.5,0.9365079365079365,0.0,0.0,0.0,0.0,59.0,0.0,4.0,0.0,1.0,0.0,1.0,0.0,,0.0,0.0,0,756,76,126,60,sigmoid,-0.03632822342460301,2015-02-13,2015-12-16,2016-03-21,f1,0.25806451612903225,,,stress_q10_5d__combined__logistic_l2
63,3,0.047619047619047616,0.07127892352654983,0.5944444444444444,0.0791125541125541,1.6613636363636364,0.05151818021331276,-0.13597587370354658,0.23474745761920052,0.525,0.6984126984126984,0.023570226039551584,0.05555555555555555,0.3333333333333333,0.09523809523809523,43.0,17.0,2.0,1.0,0.7166666666666667,0.2833333333333333,0.6666666666666666,0.3333333333333333,0.05555555555555555,68.0,72.0,1,882,89,126,60,sigmoid,-0.03654378260089074,2015-08-24,2016-06-22,2016-09-19,f1,0.2857142857142857,,,stress_q10_5d__combined__logistic_l2
63,0,0.0,0.02355344236162878,,,,,,,,,,,,,,,,,,,,,,,,2,1008,101,126,60,sigmoid,-0.03568145547176521,2016-02-25,2016-12-16,2017-03-22,f1,0.06060606060606061,degenerate label distribution; most metrics undefined,,stress_q10_5d__combined__logistic_l2
63,1,0.015873015873015872,0.01927073687510467,0.27419354838709675,0.021739130434782608,1.3695652173913044,0.04008455269953746,-1.5660578978139381,0.21792349950211862,0.3709677419354839,0.7301587301587301,-0.07409948978045726,0.0,0.0,0.0,46.0,16.0,1.0,0.0,0.7419354838709677,0.25806451612903225,1.0,0.0,0.0,64.0,64.0,3,1134,114,126,60,none,-0.03479115563119106,2016-08-24,2017-06-23,2017-09-20,f1,0.043478260869565216,,,stress_q10_5d__combined__logistic_l2
63,7,0.1111111111111111,0.7987616261140943,0.7142857142857144,0.19770552904318683,1.7793497613886815,0.8646181306614726,-7.7542585729474105,6.987941524409077,0.5267857142857143,0.15873015873015872,0.07905694150420949,0.11666666666666667,1.0,0.208955223880597,3.0,53.0,0.0,7.0,0.05357142857142857,0.9464285714285714,0.0,1.0,0.11666666666666667,212.0,240.0,4,1260,126,126,60,none,-0.03323301850469744,2017-02-27,2017-12-19,2018-03-27,f1,0.020618556701030927,,,stress_q10_5d__combined__logistic_l2
63,6,0.09523809523809523,0.17049001479678005,0.5555555555555556,0.5446501476037937,5.718826549839834,0.08802291200535797,-0.021529057746391356,0.3239197843733829,0.706140350877193,0.873015873015873,0.36347933212272576,0.375,0.5,0.42857142857142855,52.0,5.0,3.0,3.0,0.9122807017543859,0.08771929824561403,0.5,0.5,0.375,20.0,32.0,5,1386,139,126,60,sigmoid,-0.0325700164848442,2017-08-25,2018-06-28,2018-09-25,f1,0.3838383838383838,,,stress_q10_5d__combined__logistic_l2
63,4,0.06349206349206349,0.23809523809523814,0.4915254237288136,0.06349206349206349,1.0,0.09020305492941022,-0.5170166314187676,0.346460143233243,0.5,0.06349206349206349,0.0,0.06349206349206349,1.0,0.11940298507462686,0.0,59.0,0.0,4.0,0.0,1.0,0.0,1.0,0.06349206349206349,236.0,252.0,6,1512,152,126,60,isotonic,-0.032056383175901135,2018-03-02,2018-12-24,2019-03-29,f1,0.43478260869565216,,,stress_q10_5d__combined__logistic_l2
63,0,0.0,0.05416690150425341,,,,,,,,,,,,,,,,,,,,,,,,7,1638,164,126,60,sigmoid,-0.03420718671012672,2018-08-30,2019-07-03,2019-09-30,f1,0.19047619047619047,degenerate label distribution; most metrics undefined,,stress_q10_5d__combined__logistic_l2
63,25,0.3968253968253968,0.5,0.6378947368421053,0.5532305196318524,1.3941409094722683,0.3044381435758237,-0.271910517739415,1.0286630655138376,0.5068421052631579,0.6031746031746031,0.038185777203993035,0.5,0.04,0.07407407407407407,37.0,1.0,24.0,1.0,0.9736842105263158,0.02631578947368421,0.96,0.04,0.5,4.0,8.0,8,1764,177,126,60,none,-0.03434369954845987,2019-03-06,2019-12-27,2020-04-01,f1,,,insufficient data; used fixed threshold,stress_q10_5d__combined__logistic_l2
63,6,0.09523809523809523,0.24305555555555555,0.5526315789473684,0.10526315789473684,1.105263157894737,0.19308366250459366,-1.2407867148559424,0.5768028516792338,0.5087719298245614,0.1111111111111111,0.04120428217151646,0.0967741935483871,1.0,0.17647058823529413,1.0,56.0,0.0,6.0,0.017543859649122806,0.9824561403508771,0.0,1.0,0.0967741935483871,224.0,248.0,9,1890,189,126,60,isotonic,-0.03344225413090106,2019-09-05,2020-07-03,2020-09-30,f1,0.4788732394366197,,,stress_q10_5d__combined__logistic_l2
63,12,0.19047619047619047,0.10962603155038578,0.8284313725490196,0.5825672423454681,3.058478022313708,0.14437451990674585,0.06368877531066286,0.45285869500290965,0.7598039215686274,0.7142857142857143,0.41444210693117817,0.38461538461538464,0.8333333333333334,0.5263157894736842,35.0,16.0,2.0,10.0,0.6862745098039216,0.3137254901960784,0.16666666666666666,0.8333333333333334,0.38461538461538464,64.0,104.0,10,2016,202,126,60,sigmoid,-0.03366801194362423,2020-03-09,2020-12-29,2021-04-02,f1,0.3409090909090909,,,stress_q10_5d__combined__logistic_l2
63,11,0.1746031746031746,0.27205731932149974,0.7482517482517482,0.4670961637574359,2.6751871197016786,0.13848571350627936,0.039073781632127824,0.452148188027279,0.5,0.8253968253968254,0.0,0.0,0.0,0.0,52.0,0.0,11.0,0.0,1.0,0.0,1.0,0.0,,0.0,0.0,11,2142,215,126,60,sigmoid,-0.03504972644303534,2020-09-07,2021-07-06,2021-10-04,f1,0.35294117647058826,,,stress_q10_5d__combined__logistic_l2
63,1,0.015873015873015872,0.14474278259720796,0.016129032258064502,0.016129032258064516,1.0161290322580645,0.03167034736681255,-1.0274130435303066,0.1809686461031708,0.29838709677419356,0.5873015873015873,-0.10301070542879115,0.0,0.0,0.0,37.0,25.0,1.0,0.0,0.5967741935483871,0.4032258064516129,1.0,0.0,0.0,100.0,100.0,12,2268,227,126,60,sigmoid,-0.03506195066574793,2021-03-10,2021-12-31,2022-04-06,f1,0.3142857142857143,,,stress_q10_5d__combined__logistic_l2
63,14,0.2222222222222222,0.18556701030927836,0.6428571428571428,0.4444444444444444,2.0,0.13206875551445615,0.23588791452350366,0.42700459336279173,0.5,0.2222222222222222,0.0,0.2222222222222222,1.0,0.36363636363636365,0.0,49.0,0.0,14.0,0.0,1.0,0.0,1.0,0.2222222222222222,196.0,252.0,13,2394,240,126,60,isotonic,-0.03539114261971764,2021-09-09,2022-07-08,2022-10-06,f1,0.36923076923076925,,,stress_q10_5d__combined__logistic_l2
63,9,0.14285714285714285,0.6333333333333333,0.434156378600823,0.13165266106442575,0.9215686274509802,0.1383794619957392,-0.13009893963187014,1.3049561017305134,0.5,0.8571428571428571,0.0,0.0,0.0,0.0,54.0,0.0,9.0,0.0,1.0,0.0,1.0,0.0,,0.0,0.0,14,2520,252,126,60,isotonic,-0.03490806508156903,2022-03-14,2023-01-05,2023-04-10,f1,0.5757575757575758,,,stress_q10_5d__combined__logistic_l2
63,11,0.1746031746031746,0.18019014695276941,0.6083916083916084,0.27151302108489445,1.555029120758941,0.14243443529284777,0.011674346717984507,0.4584713024049337,0.6791958041958042,0.8253968253968254,0.372321325313964,0.5,0.45454545454545453,0.47619047619047616,47.0,5.0,6.0,5.0,0.9038461538461539,0.09615384615384616,0.5454545454545454,0.45454545454545453,0.5,20.0,40.0,15,2646,265,126,60,sigmoid,-0.03615729032020887,2022-09-13,2023-07-12,2023-10-10,f1,0.4,,,stress_q10_5d__combined__logistic_l2
63,2,0.031746031746031744,0.16547096660679333,1.0,1.0,31.5,0.04340141644822014,-0.411969031827752,0.2115412559010658,0.8524590163934427,0.7142857142857143,0.265502925179156,0.1,1.0,0.18181818181818182,43.0,18.0,0.0,2.0,0.7049180327868853,0.29508196721311475,0.0,1.0,0.1,72.0,80.0,16,2772,278,126,60,sigmoid,-0.03807518472981975,2023-03-16,2024-01-09,2024-04-11,f1,0.37037037037037035,,,stress_q10_5d__combined__logistic_l2
63,4,0.06349206349206349,0.0621221903312547,0.038135593220338965,0.04133424204085595,0.6510143121434813,0.06310172347629663,-0.06123195117551394,0.31844008009684077,0.4830508474576271,0.9047619047619048,-0.04714700072844769,0.0,0.0,0.0,57.0,2.0,4.0,0.0,0.9661016949152542,0.03389830508474576,1.0,0.0,0.0,8.0,8.0,17,2898,290,126,60,sigmoid,-0.03770243149532463,2023-09-15,2024-07-16,2024-10-14,f1,0.2222222222222222,,,stress_q10_5d__combined__logistic_l2
63,7,0.1111111111111111,0.2911425605633351,0.5484693877551021,0.13026217885552924,1.1723596096997633,0.1681083197703626,-0.7020967376749216,0.6547595168864289,0.5982142857142857,0.6190476190476191,0.12617865362880898,0.16,0.5714285714285714,0.25,35.0,21.0,3.0,4.0,0.625,0.375,0.42857142857142855,0.5714285714285714,0.16,84.0,100.0,18,3024,303,126,60,sigmoid,-0.03769364568252701,2024-03-19,2025-01-13,2025-04-17,f1,0.6666666666666666,,,stress_q10_5d__combined__logistic_l2
63,8,0.12698412698412698,0.1260830242071874,0.6068181818181818,0.17436374480508662,1.3731144903400572,0.12620688804936706,-0.13844349697258607,0.7333438444414697,0.5,0.873015873015873,0.0,0.0,0.0,0.0,55.0,0.0,8.0,0.0,1.0,0.0,1.0,0.0,,0.0,0.0,19,3150,315,126,60,sigmoid,-0.0374700921850404,2024-09-19,2025-07-21,2025-10-17,f1,0.3,,,stress_q10_5d__combined__logistic_l2
63,17,0.2698412698412698,0.14960542326831164,0.27365728900255754,0.20407299318353841,0.75627050415076,0.2154973329455274,-0.09374541491150667,0.6476783173251769,0.28708439897698207,0.36507936507936506,-0.38195106429459197,0.07407407407407407,0.11764705882352941,0.09090909090909091,21.0,25.0,15.0,2.0,0.45652173913043476,0.5434782608695652,0.8823529411764706,0.11764705882352941,0.07407407407407407,100.0,108.0,20,3276,328,126,60,sigmoid,-0.03655502080027584,2025-03-24,2026-01-19,2026-04-22,f1,0.3157894736842105,,,stress_q10_5d__combined__logistic_l2
63,4,0.06349206349206349,0.11276074807712404,0.7457627118644068,0.13933501031991744,2.1945264125387,0.06030204583128052,-0.014147541967594934,0.24132090559115793,0.8305084745762712,0.6825396825396826,0.3319178987723075,0.16666666666666666,1.0,0.2857142857142857,39.0,20.0,0.0,4.0,0.6610169491525424,0.3389830508474576,0.0,1.0,0.16666666666666666,80.0,96.0,0,756,76,126,60,sigmoid,-0.03632822342460301,2015-02-13,2015-12-16,2016-03-21,f1,0.3037974683544304,,,stress_q10_5d__combined__random_forest
63,3,0.047619047619047616,0.07341944080242145,0.5722222222222222,0.07049954876041832,1.4804905239687849,0.06944438606157269,-0.5312487126576779,0.25776473355663754,0.36666666666666664,0.6984126984126984,-0.13046561461068845,0.0,0.0,0.0,44.0,16.0,3.0,0.0,0.7333333333333333,0.26666666666666666,1.0,0.0,0.0,64.0,64.0,1,882,89,126,60,sigmoid,-0.03654378260089074,2015-08-24,2016-06-22,2016-09-19,f1,0.3333333333333333,,,stress_q10_5d__combined__random_forest
63,0,0.0,0.02694060828841528,,,,,,,,,,,,,,,,,,,,,,,,2,1008,101,126,60,sigmoid,-0.03568145547176521,2016-02-25,2016-12-16,2017-03-22,f1,0.09523809523809523,degenerate label distribution; most metrics undefined,,stress_q10_5d__combined__random_forest
63,1,0.015873015873015872,0.37522272916948907,0.20967741935483875,0.02,1.26,0.13605163034507425,-7.709498723219349,0.44639919155130425,0.3951612903225806,0.7777777777777778,-0.06475761258027332,0.0,0.0,0.0,49.0,13.0,1.0,0.0,0.7903225806451613,0.20967741935483872,1.0,0.0,0.0,52.0,52.0,3,1134,114,126,60,none,-0.03479115563119106,2016-08-24,2017-06-23,2017-09-20,f1,0.0784313725490196,,,stress_q10_5d__combined__random_forest
63,7,0.1111111111111111,0.10625896203689553,0.19515306122448983,0.0776289395136811,0.69866045562313,0.1338741251399128,-0.35547551704161706,0.44770984602540037,0.5,0.1111111111111111,0.0,0.1111111111111111,1.0,0.2,0.0,56.0,0.0,7.0,0.0,1.0,0.0,1.0,0.1111111111111111,224.0,252.0,4,1260,126,126,60,none,-0.03323301850469744,2017-02-27,2017-12-19,2018-03-27,f1,0.018018018018018018,,,stress_q10_5d__combined__random_forest
63,6,0.09523809523809523,0.1875551639708525,0.6461988304093567,0.14297530167095385,1.5012406675450154,0.09303304107231072,-0.07967292402339554,0.3386996530460823,0.3684210526315789,0.6666666666666666,-0.1813690625275029,0.0,0.0,0.0,42.0,15.0,6.0,0.0,0.7368421052631579,0.2631578947368421,1.0,0.0,0.0,60.0,60.0,5,1386,139,126,60,sigmoid,-0.0325700164848442,2017-08-25,2018-06-28,2018-09-25,f1,0.3855421686746988,,,stress_q10_5d__combined__random_forest
63,4,0.06349206349206349,0.25510204081632654,0.7627118644067796,0.125,1.96875,0.0849473285967938,-0.4286268949181127,0.3307605568154557,0.7627118644067796,0.5555555555555556,0.25627712754300747,0.125,1.0,0.2222222222222222,31.0,28.0,0.0,4.0,0.5254237288135594,0.4745762711864407,0.0,1.0,0.125,112.0,128.0,6,1512,152,126,60,isotonic,-0.032056383175901135,2018-03-02,2018-12-24,2019-03-29,f1,0.4370860927152318,,,stress_q10_5d__combined__random_forest
63,0,0.0,0.10194073925291344,,,,,,,,,,,,,,,,,,,,,,,,7,1638,164,126,60,sigmoid,-0.03420718671012672,2018-08-30,2019-07-03,2019-09-30,f1,0.19047619047619047,degenerate label distribution; most metrics undefined,,stress_q10_5d__combined__random_forest
63,25,0.3968253968253968,0.5,0.5589473684210526,0.4617299537388972,1.163559483422021,0.24666515522888063,-0.030541053793081252,0.6795625010287333,0.4363157894736842,0.4603174603174603,-0.12736842105263158,0.32,0.32,0.32,21.0,17.0,17.0,8.0,0.5526315789473685,0.4473684210526316,0.68,0.32,0.32,68.0,100.0,8,1764,177,126,60,none,-0.03434369954845987,2019-03-06,2019-12-27,2020-04-01,f1,,,insufficient data; used fixed threshold,stress_q10_5d__combined__random_forest
63,6,0.09523809523809523,0.3181818181818182,0.5,0.09523809523809523,1.0,0.13587170405352214,-0.5768268812527177,0.45557701911771487,0.5,0.09523809523809523,0.0,0.09523809523809523,1.0,0.17391304347826086,0.0,57.0,0.0,6.0,0.0,1.0,0.0,1.0,0.09523809523809523,228.0,252.0,9,1890,189,126,60,isotonic,-0.03344225413090106,2019-09-05,2020-07-03,2020-09-30,f1,0.4421052631578947,,,stress_q10_5d__combined__random_forest
63,12,0.19047619047619047,0.14344865653467043,0.40032679738562094,0.1635180660639558,0.858469846835768,0.16210726341073617,-0.05131328182550954,0.5217659693710481,0.4803921568627451,0.7777777777777778,-0.08783257501821178,0.0,0.0,0.0,49.0,2.0,12.0,0.0,0.9607843137254902,0.0392156862745098,1.0,0.0,0.0,8.0,8.0,10,2016,202,126,60,sigmoid,-0.03366801194362423,2020-03-09,2020-12-29,2021-04-02,f1,0.36619718309859156,,,stress_q10_5d__combined__random_forest
63,11,0.1746031746031746,0.08067883242055512,0.6503496503496504,0.2522371338391363,1.4446308574423263,0.14840492046918177,-0.029753722626193246,0.485445300393536,0.6092657342657343,0.6507936507936508,0.17231301638497498,0.2608695652173913,0.5454545454545454,0.35294117647058826,35.0,17.0,5.0,6.0,0.6730769230769231,0.3269230769230769,0.45454545454545453,0.5454545454545454,0.2608695652173913,68.0,92.0,11,2142,215,126,60,sigmoid,-0.03504972644303534,2020-09-07,2021-07-06,2021-10-04,f1,0.25806451612903225,,,stress_q10_5d__combined__random_forest
63,1,0.015873015873015872,0.13509014000959202,0.29032258064516125,0.022222222222222223,1.4000000000000001,0.0960718106277746,-5.1501454255102805,0.32030798370413016,0.31451612903225806,0.6190476190476191,-0.09630261444211728,0.0,0.0,0.0,39.0,23.0,1.0,0.0,0.6290322580645161,0.3709677419354839,1.0,0.0,0.0,92.0,92.0,12,2268,227,126,60,sigmoid,-0.03506195066574793,2021-03-10,2021-12-31,2022-04-06,f1,0.47058823529411764,,,stress_q10_5d__combined__random_forest
63,14,0.2222222222222222,0.4230769230769231,0.9285714285714286,0.7314350064350065,3.291457528957529,0.1432946127263158,0.17093831208345855,0.42843595909842086,0.6071428571428571,0.8253968253968254,0.4183300132670378,1.0,0.21428571428571427,0.35294117647058826,49.0,0.0,11.0,3.0,1.0,0.0,0.7857142857142857,0.21428571428571427,1.0,0.0,12.0,13,2394,240,126,60,isotonic,-0.03539114261971764,2021-09-09,2022-07-08,2022-10-06,f1,0.43137254901960786,,,stress_q10_5d__combined__random_forest
63,9,0.14285714285714285,0.33735332464146023,0.4012345679012346,0.1266921233902366,0.8868448637316563,0.16533293281755798,-0.3502189513433902,0.5089773732433549,0.38888888888888884,0.3492063492063492,-0.16151457061744967,0.1,0.4444444444444444,0.16326530612244897,18.0,36.0,5.0,4.0,0.3333333333333333,0.6666666666666666,0.5555555555555556,0.4444444444444444,0.1,144.0,160.0,14,2520,252,126,60,isotonic,-0.03490806508156903,2022-03-14,2023-01-05,2023-04-10,f1,0.5365853658536586,,,stress_q10_5d__combined__random_forest
63,11,0.1746031746031746,0.13485958890825567,0.4772727272727273,0.17064861946620863,0.9773511842155586,0.14569980642944896,-0.010983447060284979,0.46940533172881427,0.611013986013986,0.47619047619047616,0.1750700246471346,0.225,0.8181818181818182,0.35294117647058826,21.0,31.0,2.0,9.0,0.40384615384615385,0.5961538461538461,0.18181818181818182,0.8181818181818182,0.225,124.0,160.0,15,2646,265,126,60,sigmoid,-0.03615729032020887,2022-09-13,2023-07-12,2023-10-10,f1,0.29357798165137616,,,stress_q10_5d__combined__random_forest
63,2,0.031746031746031744,0.12345939324020426,0.8852459016393442,0.20192307692307693,6.360576923076923,0.04161150120206585,-0.353738100581962,0.2000300174547848,0.6885245901639344,0.3968253968253968,0.13730425709494024,0.05,1.0,0.09523809523809523,23.0,38.0,0.0,2.0,0.3770491803278688,0.6229508196721312,0.0,1.0,0.05,152.0,160.0,16,2772,278,126,60,sigmoid,-0.03807518472981975,2023-03-16,2024-01-09,2024-04-11,f1,0.36923076923076925,,,stress_q10_5d__combined__random_forest
63,4,0.06349206349206349,0.03214020693008015,0.2245762711864407,0.049206349206349205,0.775,0.06372613467278954,-0.07173317167924442,0.33985562266737035,0.3474576271186441,0.6507936507936508,-0.16467739391852365,0.0,0.0,0.0,41.0,18.0,4.0,0.0,0.6949152542372882,0.3050847457627119,1.0,0.0,0.0,72.0,72.0,17,2898,290,126,60,sigmoid,-0.03770243149532463,2023-09-15,2024-07-16,2024-10-14,f1,0.12307692307692308,,,stress_q10_5d__combined__random_forest
63,7,0.1111111111111111,0.027518436134006494,0.6198979591836735,0.1670078470773486,1.5030706236961373,0.10185289220260636,-0.03126053355138958,0.37194162612597637,0.5357142857142857,0.1746031746031746,0.09205746178983233,0.11864406779661017,1.0,0.21212121212121213,4.0,52.0,0.0,7.0,0.07142857142857142,0.9285714285714286,0.0,1.0,0.11864406779661017,208.0,236.0,18,3024,303,126,60,sigmoid,-0.03769364568252701,2024-03-19,2025-01-13,2025-04-17,f1,0.11940298507462686,,,stress_q10_5d__combined__random_forest
63,8,0.12698412698412698,0.13978543048720765,0.7204545454545455,0.2400173109054688,1.8901363233805668,0.12544095839422445,-0.1315344633333566,0.6629500107033555,0.5,0.873015873015873,0.0,0.0,0.0,0.0,55.0,0.0,8.0,0.0,1.0,0.0,1.0,0.0,,0.0,0.0,19,3150,315,126,60,sigmoid,-0.0374700921850404,2024-09-19,2025-07-21,2025-10-17,f1,0.37037037037037035,,,stress_q10_5d__combined__random_forest
63,17,0.2698412698412698,0.09411857914302256,0.4251918158567775,0.23558979619884926,0.8730680682663238,0.23972069402290555,-0.21668981403697196,0.8110949894533305,0.5,0.7301587301587301,0.0,0.0,0.0,0.0,46.0,0.0,17.0,0.0,1.0,0.0,1.0,0.0,,0.0,0.0,20,3276,328,126,60,sigmoid,-0.03655502080027584,2025-03-24,2026-01-19,2026-04-22,f1,0.2558139534883721,,,stress_q10_5d__combined__random_forest
63,4,0.06349206349206349,0.11828756560621592,0.6186440677966102,0.10502761818551291,1.6541849864218285,0.06252637829011916,-0.05155591285374128,0.25372653310020316,0.4957627118644068,0.49206349206349204,-0.004133502057145281,0.0625,0.5,0.1111111111111111,29.0,30.0,2.0,2.0,0.4915254237288136,0.5084745762711864,0.5,0.5,0.0625,120.0,128.0,0,756,76,126,60,sigmoid,-0.03632822342460301,2015-02-13,2015-12-16,2016-03-21,f1,0.2857142857142857,,,stress_q10_5d__combined__hist_gradient_boosting
63,3,0.047619047619047616,0.06320318156498811,0.40555555555555556,0.0513748420725165,1.0788716835228465,0.08251357734162505,-0.8194243803828327,0.28924212021152484,0.4,0.7619047619047619,-0.1084652289093281,0.0,0.0,0.0,48.0,12.0,3.0,0.0,0.8,0.2,1.0,0.0,0.0,48.0,48.0,1,882,89,126,60,sigmoid,-0.03654378260089074,2015-08-24,2016-06-22,2016-09-19,f1,0.26666666666666666,,,stress_q10_5d__combined__hist_gradient_boosting
63,0,0.0,0.022915367042625992,,,,,,,,,,,,,,,,,,,,,,,,2,1008,101,126,60,sigmoid,-0.03568145547176521,2016-02-25,2016-12-16,2017-03-22,f1,0.06593406593406594,degenerate label distribution; most metrics undefined,,stress_q10_5d__combined__hist_gradient_boosting
63,1,0.015873015873015872,0.3843891537419549,0.20967741935483875,0.02,1.26,0.05759943637232973,-2.6872929509963988,0.23490405188141666,0.46774193548387094,0.9206349206349206,-0.03306801645716225,0.0,0.0,0.0,58.0,4.0,1.0,0.0,0.9354838709677419,0.06451612903225806,1.0,0.0,0.0,16.0,16.0,3,1134,114,126,60,none,-0.03479115563119106,2016-08-24,2017-06-23,2017-09-20,f1,0.18181818181818182,,,stress_q10_5d__combined__hist_gradient_boosting
63,7,0.1111111111111111,0.007601315623844906,0.21173469387755103,0.07811548330588262,0.7030393497529437,0.16815775004398129,-0.7025972191953107,0.6675666067819561,0.3125,0.1111111111111111,-0.4014775342734831,0.07017543859649122,0.5714285714285714,0.125,3.0,53.0,3.0,4.0,0.05357142857142857,0.9464285714285714,0.42857142857142855,0.5714285714285714,0.07017543859649122,212.0,228.0,4,1260,126,126,60,none,-0.03323301850469744,2017-02-27,2017-12-19,2018-03-27,f1,0.01818181818181818,,,stress_q10_5d__combined__hist_gradient_boosting
63,6,0.09523809523809523,0.19268190855697198,0.41228070175438597,0.2902428378367035,3.047549797285387,0.10794238096755239,-0.25269973701817405,0.6230170742039111,0.45175438596491224,0.4126984126984127,-0.05753251386907594,0.08108108108108109,0.5,0.13953488372093023,23.0,34.0,3.0,3.0,0.40350877192982454,0.5964912280701754,0.5,0.5,0.08108108108108109,136.0,148.0,5,1386,139,126,60,sigmoid,-0.0325700164848442,2017-08-25,2018-06-28,2018-09-25,f1,0.38181818181818183,,,stress_q10_5d__combined__hist_gradient_boosting
63,4,0.06349206349206349,0.26966292134831465,0.8305084745762712,0.16666666666666666,2.625,0.1169101393693274,-0.9661709455799172,0.3835296764199231,0.5932203389830508,0.23809523809523808,0.11975638025916219,0.07692307692307693,1.0,0.14285714285714285,11.0,48.0,0.0,4.0,0.1864406779661017,0.8135593220338984,0.0,1.0,0.07692307692307693,192.0,208.0,6,1512,152,126,60,isotonic,-0.032056383175901135,2018-03-02,2018-12-24,2019-03-29,f1,0.4657534246575342,,,stress_q10_5d__combined__hist_gradient_boosting
63,0,0.0,0.06351052088896599,,,,,,,,,,,,,,,,,,,,,,,,7,1638,164,126,60,sigmoid,-0.03420718671012672,2018-08-30,2019-07-03,2019-09-30,f1,0.16326530612244897,degenerate label distribution; most metrics undefined,,stress_q10_5d__combined__hist_gradient_boosting
63,25,0.3968253968253968,0.5,0.4536842105263158,0.514873766156275,1.297481890713813,0.3721859909299662,-0.5549538926326691,2.072992223169889,0.5,0.6031746031746031,0.0,0.0,0.0,0.0,38.0,0.0,25.0,0.0,1.0,0.0,1.0,0.0,,0.0,0.0,8,1764,177,126,60,none,-0.03434369954845987,2019-03-06,2019-12-27,2020-04-01,f1,,,insufficient data; used fixed threshold,stress_q10_5d__combined__hist_gradient_boosting
63,6,0.09523809523809523,0.23015873015873015,0.5,0.09523809523809523,1.0,0.104371378180902,-0.2112573099415207,0.37656284735446727,0.5,0.09523809523809523,0.0,0.09523809523809523,1.0,0.17391304347826086,0.0,57.0,0.0,6.0,0.0,1.0,0.0,1.0,0.09523809523809523,228.0,252.0,9,1890,189,126,60,isotonic,-0.03344225413090106,2019-09-05,2020-07-03,2020-09-30,f1,0.3741935483870968,,,stress_q10_5d__combined__hist_gradient_boosting
63,12,0.19047619047619047,0.16594442568455853,0.19362745098039216,0.1266525408711055,0.6649258395733039,0.1775417572807891,-0.15141051412982343,0.6228413068887483,0.2647058823529412,0.2222222222222222,-0.4090479940519309,0.08888888888888889,0.3333333333333333,0.14035087719298245,10.0,41.0,8.0,4.0,0.19607843137254902,0.803921568627451,0.6666666666666666,0.3333333333333333,0.08888888888888889,164.0,180.0,10,2016,202,126,60,sigmoid,-0.03366801194362423,2020-03-09,2020-12-29,2021-04-02,f1,0.3389830508474576,,,stress_q10_5d__combined__hist_gradient_boosting
63,11,0.1746031746031746,0.09837537325252106,0.3758741258741259,0.1460642979451757,0.8365500700496427,0.15250137573270714,-0.058178252243207496,0.5056349727897977,0.41083916083916083,0.6190476190476191,-0.15894098830143774,0.06666666666666667,0.09090909090909091,0.07692307692307693,38.0,14.0,10.0,1.0,0.7307692307692307,0.2692307692307692,0.9090909090909091,0.09090909090909091,0.06666666666666667,56.0,60.0,11,2142,215,126,60,sigmoid,-0.03504972644303534,2020-09-07,2021-07-06,2021-10-04,f1,0.2222222222222222,,,stress_q10_5d__combined__hist_gradient_boosting
63,1,0.015873015873015872,0.18485553097815052,0.4354838709677419,0.027777777777777776,1.75,0.03935518228120351,-1.51936642700156,0.20060024345776373,0.3709677419354839,0.7301587301587301,-0.07409948978045726,0.0,0.0,0.0,46.0,16.0,1.0,0.0,0.7419354838709677,0.25806451612903225,1.0,0.0,0.0,64.0,64.0,12,2268,227,126,60,sigmoid,-0.03506195066574793,2021-03-10,2021-12-31,2022-04-06,f1,0.38095238095238093,,,stress_q10_5d__combined__hist_gradient_boosting
63,14,0.2222222222222222,0.2,0.34256559766763844,0.19085695247614287,0.858856286142643,0.20832529235226713,-0.20531062003811695,0.7486975438141452,0.3571428571428571,0.47619047619047616,-0.24671758189758447,0.08695652173913043,0.14285714285714285,0.10810810810810811,28.0,21.0,12.0,2.0,0.5714285714285714,0.42857142857142855,0.8571428571428571,0.14285714285714285,0.08695652173913043,84.0,92.0,13,2394,240,126,60,isotonic,-0.03539114261971764,2021-09-09,2022-07-08,2022-10-06,f1,0.39622641509433965,,,stress_q10_5d__combined__hist_gradient_boosting
63,9,0.14285714285714285,0.3684210526315789,0.2448559670781893,0.1131252454357621,0.7918767180503348,0.1955452670068869,-0.5969530138895764,1.6423499935212567,0.2777777777777778,0.3968253968253968,-0.3110855084191276,0.03225806451612903,0.1111111111111111,0.05,24.0,30.0,8.0,1.0,0.4444444444444444,0.5555555555555556,0.8888888888888888,0.1111111111111111,0.03225806451612903,120.0,124.0,14,2520,252,126,60,isotonic,-0.03490806508156903,2022-03-14,2023-01-05,2023-04-10,f1,0.5343511450381679,,,stress_q10_5d__combined__hist_gradient_boosting
63,11,0.1746031746031746,0.154379200553703,0.5734265734265734,0.21851615258226298,1.2515016011529607,0.1454879612353276,-0.009513493257019778,0.4687345850607637,0.5087412587412588,0.6031746031746031,0.013921906632538384,0.18181818181818182,0.36363636363636365,0.24242424242424243,34.0,18.0,7.0,4.0,0.6538461538461539,0.34615384615384615,0.6363636363636364,0.36363636363636365,0.18181818181818182,72.0,88.0,15,2646,265,126,60,sigmoid,-0.03615729032020887,2022-09-13,2023-07-12,2023-10-10,f1,0.27906976744186046,,,stress_q10_5d__combined__hist_gradient_boosting
63,2,0.031746031746031744,0.21820160566726343,0.20491803278688525,0.02950622240064231,0.9294460056202328,0.052046095769302345,-0.6932045418718116,0.23982734679963066,0.47540983606557374,0.9206349206349206,-0.0404888165089458,0.0,0.0,0.0,58.0,3.0,2.0,0.0,0.9508196721311475,0.04918032786885246,1.0,0.0,0.0,12.0,12.0,16,2772,278,126,60,sigmoid,-0.03807518472981975,2023-03-16,2024-01-09,2024-04-11,f1,0.43478260869565216,,,stress_q10_5d__combined__hist_gradient_boosting
63,4,0.06349206349206349,0.028652616951547822,0.06991525423728814,0.04184832955985785,0.6591111905677612,0.0609840811678289,-0.02561787353861411,0.25801636425125324,0.2351694915254237,0.2222222222222222,-0.2967188186459066,0.02127659574468085,0.25,0.0392156862745098,13.0,46.0,3.0,1.0,0.22033898305084745,0.7796610169491526,0.75,0.25,0.02127659574468085,184.0,188.0,17,2898,290,126,60,sigmoid,-0.03770243149532463,2023-09-15,2024-07-16,2024-10-14,f1,0.09411764705882353,,,stress_q10_5d__combined__hist_gradient_boosting
63,7,0.1111111111111111,0.024038905557930264,0.4897959183673469,0.12731270416279902,1.1458143374651912,0.10286316016249362,-0.041489496645247925,0.3833938384441205,0.5,0.1111111111111111,0.0,0.1111111111111111,1.0,0.2,0.0,56.0,0.0,7.0,0.0,1.0,0.0,1.0,0.1111111111111111,224.0,252.0,18,3024,303,126,60,sigmoid,-0.03769364568252701,2024-03-19,2025-01-13,2025-04-17,f1,0.10666666666666667,,,stress_q10_5d__combined__hist_gradient_boosting
63,8,0.12698412698412698,0.4520718176143744,0.4909090909090909,0.12698412698412698,1.0,0.12698387585229928,-0.14545228013130895,1.7543581143315097,0.5,0.873015873015873,0.0,0.0,0.0,0.0,55.0,0.0,8.0,0.0,1.0,0.0,1.0,0.0,,0.0,0.0,19,3150,315,126,60,sigmoid,-0.0374700921850404,2024-09-19,2025-07-21,2025-10-17,f1,0.8571428571428571,,,stress_q10_5d__combined__hist_gradient_boosting
63,17,0.2698412698412698,0.07920885567441059,0.3030690537084399,0.21504793195237842,0.7969423360588141,0.24092292480906807,-0.2227916733595794,0.803355590487377,0.44565217391304346,0.6507936507936508,-0.17849109351664474,0.0,0.0,0.0,41.0,5.0,17.0,0.0,0.8913043478260869,0.10869565217391304,1.0,0.0,0.0,20.0,20.0,20,3276,328,126,60,sigmoid,-0.03655502080027584,2025-03-24,2026-01-19,2026-04-22,f1,0.22,,,stress_q10_5d__combined__hist_gradient_boosting
63,9,0.14285714285714285,0.09524020361259937,0.5,0.14285714285714285,1.0,0.12471635249485526,-0.018516878707984574,0.42169540752662626,0.5,0.14285714285714285,0.0,0.14285714285714285,1.0,0.25,0.0,54.0,0.0,9.0,0.0,1.0,0.0,1.0,0.14285714285714285,216.0,252.0,0,756,76,126,36,sigmoid,-0.05421495775579127,2015-02-13,2015-12-16,2016-03-21,f1,0.17391304347826086,,,stress_q10_10d__market__naive_frequency
63,0,0.0,0.08730602049563672,,,,,,,,,,,,,,,,,,,,,,,,1,882,89,126,36,sigmoid,-0.05515895717231778,2015-08-24,2016-06-22,2016-09-19,f1,0.16058394160583941,degenerate label distribution; most metrics undefined,,stress_q10_10d__market__naive_frequency
63,0,0.0,0.5,,,,,,,,,,,,,,,,,,,,,,,,2,1008,101,126,36,none,-0.05500265510017514,2016-02-25,2016-12-16,2017-03-22,f1,,degenerate label distribution; most metrics undefined,insufficient data; used fixed threshold,stress_q10_10d__market__naive_frequency
63,0,0.0,0.5,,,,,,,,,,,,,,,,,,,,,,,,3,1134,114,126,36,none,-0.05296403632147818,2016-08-24,2017-06-23,2017-09-20,f1,,degenerate label distribution; most metrics undefined,insufficient data; used fixed threshold,stress_q10_10d__market__naive_frequency
63,8,0.12698412698412698,0.5,0.5,0.12698412698412698,1.0,0.11158730158730158,-0.006568181818181973,0.3843731603989334,0.5,0.873015873015873,0.0,0.0,0.0,0.0,55.0,0.0,8.0,0.0,1.0,0.0,1.0,0.0,,0.0,0.0,4,1260,126,126,36,none,-0.050166642623417176,2017-02-27,2017-12-19,2018-03-27,f1,,,insufficient data; used fixed threshold,stress_q10_10d__market__naive_frequency
63,3,0.047619047619047616,0.16666845899935176,0.5,0.047619047619047616,1.0,0.05952423627289939,-0.3125094098174319,0.25896299367616965,0.5,0.047619047619047616,0.0,0.047619047619047616,1.0,0.09090909090909091,0.0,60.0,0.0,3.0,0.0,1.0,0.0,1.0,0.047619047619047616,240.0,252.0,5,1386,139,126,36,sigmoid,-0.04683321927816786,2017-08-25,2018-06-28,2018-09-25,f1,0.2857142857142857,,,stress_q10_10d__market__naive_frequency
63,0,0.0,0.3968253968253968,,,,,,,,,,,,,,,,,,,,,,,,6,1512,152,126,36,isotonic,-0.04636823321543454,2018-03-02,2018-12-24,2019-03-29,f1,0.5681818181818182,degenerate label distribution; most metrics undefined,,stress_q10_10d__market__naive_frequency
63,0,0.0,0.05563056619262398,,,,,,,,,,,,,,,,,,,,,,,,7,1638,164,126,36,sigmoid,-0.053042411950887464,2018-08-30,2019-07-03,2019-09-30,f1,0.10526315789473684,degenerate label distribution; most metrics undefined,,stress_q10_10d__market__naive_frequency
63,27,0.42857142857142855,0.5,0.5,0.42857142857142855,1.0,0.3526337405710584,-0.4399211073318219,1.0457889394485764,0.5,0.5714285714285714,0.0,0.0,0.0,0.0,36.0,0.0,27.0,0.0,1.0,0.0,1.0,0.0,,0.0,0.0,8,1764,177,126,36,none,-0.054169669591934,2019-03-06,2019-12-27,2020-04-01,f1,,,insufficient data; used fixed threshold,stress_q10_10d__market__naive_frequency
63,10,0.15873015873015872,0.23015873015873015,0.5,0.15873015873015872,1.0,0.13863693625598392,-0.038207547169811784,0.4532241266253822,0.5,0.15873015873015872,0.0,0.15873015873015872,1.0,0.273972602739726,0.0,53.0,0.0,10.0,0.0,1.0,0.0,1.0,0.15873015873015872,212.0,252.0,9,1890,189,126,36,isotonic,-0.05273847499401242,2019-09-05,2020-07-03,2020-09-30,f1,0.3741935483870968,,,stress_q10_10d__market__naive_frequency
63,11,0.1746031746031746,0.12701189555317913,0.5,0.1746031746031746,1.0,0.14638183586328254,-0.015715920526867988,0.472405619143354,0.5,0.1746031746031746,0.0,0.1746031746031746,1.0,0.2972972972972973,0.0,52.0,0.0,11.0,0.0,1.0,0.0,1.0,0.1746031746031746,208.0,252.0,10,2016,202,126,36,sigmoid,-0.053489156565667384,2020-03-09,2020-12-29,2021-04-02,f1,0.22535211267605634,,,stress_q10_10d__market__naive_frequency
63,7,0.1111111111111111,0.08730602132246743,0.5,0.1111111111111111,1.0,0.09933211439861084,-0.005737658285934755,0.3521303266340337,0.5,0.1111111111111111,0.0,0.1111111111111111,1.0,0.2,0.0,56.0,0.0,7.0,0.0,1.0,0.0,1.0,0.1111111111111111,224.0,252.0,11,2142,215,126,36,sigmoid,-0.05515895717231778,2020-09-07,2021-07-06,2021-10-04,f1,0.16058394160583941,,,stress_q10_10d__market__naive_frequency
63,3,0.047619047619047616,0.10317558832714903,0.5,0.047619047619047616,1.0,0.048438003138353426,-0.06805796920069329,0.21186793979534918,0.5,0.047619047619047616,0.0,0.047619047619047616,1.0,0.09090909090909091,0.0,60.0,0.0,3.0,0.0,1.0,0.0,1.0,0.047619047619047616,240.0,252.0,12,2268,227,126,36,sigmoid,-0.05500265510017514,2021-03-10,2021-12-31,2022-04-06,f1,0.18705035971223022,,,stress_q10_10d__market__naive_frequency
63,19,0.30158730158730157,0.1826328571364043,0.5,0.30158730158730157,1.0,0.22478256096321322,-0.06717940725238458,0.6536287968004755,0.5,0.30158730158730157,0.0,0.30158730158730157,1.0,0.4634146341463415,0.0,44.0,0.0,19.0,0.0,1.0,0.0,1.0,0.30158730158730157,176.0,252.0,13,2394,240,126,36,sigmoid,-0.05503148132315091,2021-09-09,2022-07-08,2022-10-06,f1,0.3087248322147651,,,stress_q10_10d__market__naive_frequency
63,7,0.1111111111111111,0.35714285714285715,0.5,0.1111111111111111,1.0,0.15929705215419498,-0.6128826530612244,0.5071423817126083,0.5,0.1111111111111111,0.0,0.1111111111111111,1.0,0.2,0.0,56.0,0.0,7.0,0.0,1.0,0.0,1.0,0.1111111111111111,224.0,252.0,14,2520,252,126,36,isotonic,-0.05389030475290647,2022-03-14,2023-01-05,2023-04-10,f1,0.5263157894736842,,,stress_q10_10d__market__naive_frequency
63,11,0.1746031746031746,0.0952402039220361,0.5,0.1746031746031746,1.0,0.15041538713700314,-0.04370397123560421,0.4931642113879139,0.5,0.1746031746031746,0.0,0.1746031746031746,1.0,0.2972972972972973,0.0,52.0,0.0,11.0,0.0,1.0,0.0,1.0,0.1746031746031746,208.0,252.0,15,2646,265,126,36,sigmoid,-0.055651891825536814,2022-09-13,2023-07-12,2023-10-10,f1,0.17391304347826086,,,stress_q10_10d__market__naive_frequency
63,0,0.0,0.13493745452896921,,,,,,,,,,,,,,,,,,,,,,,,16,2772,278,126,36,sigmoid,-0.0603036624368565,2023-03-16,2024-01-09,2024-04-11,f1,0.23776223776223776,degenerate label distribution; most metrics undefined,,stress_q10_10d__market__naive_frequency
63,0,0.0,0.10006901311249138,,,,,,,,,,,,,,,,,,,,,,,,17,2898,290,126,36,none,-0.05903753876790526,2023-09-15,2024-07-16,2024-10-14,f1,0.015748031496062992,degenerate label distribution; most metrics undefined,,stress_q10_10d__market__naive_frequency
63,12,0.19047619047619047,0.5,0.5,0.19047619047619047,1.0,0.1623450884983623,-0.0528556474673203,0.5236804143778678,0.5,0.8095238095238095,0.0,0.0,0.0,0.0,51.0,0.0,12.0,0.0,1.0,0.0,1.0,0.0,,0.0,0.0,18,3024,303,126,36,none,-0.05924857005525277,2024-03-19,2025-01-13,2025-04-17,f1,,,insufficient data; used fixed threshold,stress_q10_10d__market__naive_frequency
63,4,0.06349206349206349,0.09524020404549559,0.5,0.06349206349206349,1.0,0.060468765794183754,-0.016951404394556446,0.24302339732041855,0.5,0.06349206349206349,0.0,0.06349206349206349,1.0,0.11940298507462686,0.0,59.0,0.0,4.0,0.0,1.0,0.0,1.0,0.06349206349206349,236.0,252.0,19,3150,315,126,36,sigmoid,-0.05823867824772672,2024-09-19,2025-07-21,2025-10-17,f1,0.17391304347826086,,,stress_q10_10d__market__naive_frequency
63,18,0.2857142857142857,0.06352976369673861,0.5,0.2857142857142857,1.0,0.25344759447722714,-0.24189321293841304,0.8343830319662049,0.5,0.2857142857142857,0.0,0.2857142857142857,1.0,0.4444444444444444,0.0,45.0,0.0,18.0,0.0,1.0,0.0,1.0,0.2857142857142857,180.0,252.0,20,3276,328,126,36,sigmoid,-0.057388067548594435,2025-03-24,2026-01-19,2026-04-22,f1,0.11940298507462686,,,stress_q10_10d__market__naive_frequency
63,9,0.14285714285714285,0.09344460406156696,0.831275720164609,0.4882954191777721,3.4180679342444047,0.12431359535813982,-0.015227695424808507,0.419345028495548,0.787037037037037,0.6349206349206349,0.4018187817080398,0.28125,1.0,0.43902439024390244,31.0,23.0,0.0,9.0,0.5740740740740741,0.42592592592592593,0.0,1.0,0.28125,92.0,128.0,0,756,76,126,36,sigmoid,-0.05421495775579127,2015-02-13,2015-12-16,2016-03-21,f1,0.24719101123595505,,,stress_q10_10d__market__logistic_elasticnet
63,0,0.0,0.10401813404179418,,,,,,,,,,,,,,,,,,,,,,,,1,882,89,126,36,sigmoid,-0.05515895717231778,2015-08-24,2016-06-22,2016-09-19,f1,0.25,degenerate label distribution; most metrics undefined,,stress_q10_10d__market__logistic_elasticnet
63,0,0.0,0.5,,,,,,,,,,,,,,,,,,,,,,,,2,1008,101,126,36,none,-0.05500265510017514,2016-02-25,2016-12-16,2017-03-22,f1,,degenerate label distribution; most metrics undefined,insufficient data; used fixed threshold,stress_q10_10d__market__logistic_elasticnet
63,0,0.0,0.5,,,,,,,,,,,,,,,,,,,,,,,,3,1134,114,126,36,none,-0.05296403632147818,2016-08-24,2017-06-23,2017-09-20,f1,,degenerate label distribution; most metrics undefined,insufficient data; used fixed threshold,stress_q10_10d__market__logistic_elasticnet
63,8,0.12698412698412698,0.5,0.7545454545454545,0.33377340252340254,2.628465544871795,0.508185858537994,-3.5840674375847694,1.5789318306535691,0.5818181818181818,0.2698412698412698,0.1556997888323046,0.14814814814814814,1.0,0.25806451612903225,9.0,46.0,0.0,8.0,0.16363636363636364,0.8363636363636363,0.0,1.0,0.14814814814814814,184.0,216.0,4,1260,126,126,36,none,-0.050166642623417176,2017-02-27,2017-12-19,2018-03-27,f1,,,insufficient data; used fixed threshold,stress_q10_10d__market__logistic_elasticnet
63,3,0.047619047619047616,0.3142574066635784,0.1,0.03507718696397942,0.7366209262435679,0.1468193817260127,-2.2373673670585803,0.4735137717191522,0.2916666666666667,0.5555555555555556,-0.18136906252750293,0.0,0.0,0.0,35.0,25.0,3.0,0.0,0.5833333333333334,0.4166666666666667,1.0,0.0,0.0,100.0,100.0,5,1386,139,126,36,sigmoid,-0.04683321927816786,2017-08-25,2018-06-28,2018-09-25,f1,0.56,,,stress_q10_10d__market__logistic_elasticnet
63,0,0.0,0.36372950819672134,,,,,,,,,,,,,,,,,,,,,,,,6,1512,152,126,36,isotonic,-0.04636823321543454,2018-03-02,2018-12-24,2019-03-29,f1,0.5697674418604651,degenerate label distribution; most metrics undefined,,stress_q10_10d__market__logistic_elasticnet
63,0,0.0,0.062217044287428955,,,,,,,,,,,,,,,,,,,,,,,,7,1638,164,126,36,sigmoid,-0.053042411950887464,2018-08-30,2019-07-03,2019-09-30,f1,0.24,degenerate label distribution; most metrics undefined,,stress_q10_10d__market__logistic_elasticnet
63,27,0.42857142857142855,0.5,0.5720164609053497,0.4617365518905956,1.0773852877447232,0.3168129954986283,-0.29365306495273247,0.8938768461355362,0.5,0.5714285714285714,0.0,0.0,0.0,0.0,36.0,0.0,27.0,0.0,1.0,0.0,1.0,0.0,,0.0,0.0,8,1764,177,126,36,none,-0.054169669591934,2019-03-06,2019-12-27,2020-04-01,f1,,,insufficient data; used fixed threshold,stress_q10_10d__market__logistic_elasticnet
63,10,0.15873015873015872,0.26126126126126126,0.5,0.15873015873015872,1.0,0.14404752242590071,-0.07872569152528297,0.46779879806042685,0.5,0.15873015873015872,0.0,0.15873015873015872,1.0,0.273972602739726,0.0,53.0,0.0,10.0,0.0,1.0,0.0,1.0,0.15873015873015872,212.0,252.0,9,1890,189,126,36,isotonic,-0.05273847499401242,2019-09-05,2020-07-03,2020-09-30,f1,0.4142857142857143,,,stress_q10_10d__market__logistic_elasticnet
63,11,0.1746031746031746,0.1361812600271004,0.743006993006993,0.3458923282231553,1.981019698005344,0.17245817435270622,-0.19665470980050892,0.5278290067274889,0.5,0.1746031746031746,0.0,0.1746031746031746,1.0,0.2972972972972973,0.0,52.0,0.0,11.0,0.0,1.0,0.0,1.0,0.1746031746031746,208.0,252.0,10,2016,202,126,36,sigmoid,-0.053489156565667384,2020-03-09,2020-12-29,2021-04-02,f1,0.45614035087719296,,,stress_q10_10d__market__logistic_elasticnet
63,7,0.1111111111111111,0.15326964978378466,0.8494897959183673,0.5456950456950457,4.911255411255412,0.08473658803579094,0.14204204613761662,0.2765512400893961,0.6785714285714286,0.7619047619047619,0.2578553115646984,0.25,0.5714285714285714,0.34782608695652173,44.0,12.0,3.0,4.0,0.7857142857142857,0.21428571428571427,0.42857142857142855,0.5714285714285714,0.25,48.0,64.0,11,2142,215,126,36,sigmoid,-0.05515895717231778,2020-09-07,2021-07-06,2021-10-04,f1,0.4864864864864865,,,stress_q10_10d__market__logistic_elasticnet
63,3,0.047619047619047616,0.20874490204881294,0.07777777777777779,0.03420663366899926,0.7183393070489845,0.05365854708820204,-0.18317096329485505,0.26050573611029504,0.5,0.9523809523809523,0.0,0.0,0.0,0.0,60.0,0.0,3.0,0.0,1.0,0.0,1.0,0.0,,0.0,0.0,12,2268,227,126,36,sigmoid,-0.05500265510017514,2021-03-10,2021-12-31,2022-04-06,f1,0.36363636363636365,,,stress_q10_10d__market__logistic_elasticnet
63,19,0.30158730158730157,0.17302221592726993,0.423444976076555,0.27272510536296274,0.9042990335719291,0.2246470758605885,-0.06653617714195681,0.6532200915638017,0.5,0.30158730158730157,0.0,0.30158730158730157,1.0,0.4634146341463415,0.0,44.0,0.0,19.0,0.0,1.0,0.0,1.0,0.30158730158730157,176.0,252.0,13,2394,240,126,36,sigmoid,-0.05503148132315091,2021-09-09,2022-07-08,2022-10-06,f1,0.34074074074074073,,,stress_q10_10d__market__logistic_elasticnet
63,7,0.1111111111111111,0.3434343434343434,0.5625,0.125,1.125,0.18121985536875176,-0.8348510356086116,0.5534901310885275,0.5,0.1111111111111111,0.0,0.1111111111111111,1.0,0.2,0.0,56.0,0.0,7.0,0.0,1.0,0.0,1.0,0.1111111111111111,224.0,252.0,14,2520,252,126,36,isotonic,-0.05389030475290647,2022-03-14,2023-01-05,2023-04-10,f1,0.5263157894736842,,,stress_q10_10d__market__logistic_elasticnet
63,11,0.1746031746031746,0.08512297242233066,0.5629370629370629,0.19373371853376603,1.109565842511569,0.16569934555007942,-0.14975647288158278,0.6404007259552537,0.40384615384615385,0.6666666666666666,-0.1997821745587124,0.0,0.0,0.0,42.0,10.0,11.0,0.0,0.8076923076923077,0.19230769230769232,1.0,0.0,0.0,40.0,40.0,15,2646,265,126,36,sigmoid,-0.055651891825536814,2022-09-13,2023-07-12,2023-10-10,f1,0.275,,,stress_q10_10d__market__logistic_elasticnet
63,0,0.0,0.1623858648320712,,,,,,,,,,,,,,,,,,,,,,,,16,2772,278,126,36,sigmoid,-0.0603036624368565,2023-03-16,2024-01-09,2024-04-11,f1,0.391304347826087,degenerate label distribution; most metrics undefined,,stress_q10_10d__market__logistic_elasticnet
63,0,0.0,0.25317943073182964,,,,,,,,,,,,,,,,,,,,,,,,17,2898,290,126,36,none,-0.05903753876790526,2023-09-15,2024-07-16,2024-10-14,f1,0.024096385542168676,degenerate label distribution; most metrics undefined,,stress_q10_10d__market__logistic_elasticnet
63,12,0.19047619047619047,0.5,0.8529411764705882,0.4319301756608258,2.2676334222193355,0.17206797582053135,-0.11591143142432836,0.4992928934134286,0.4803921568627451,0.7777777777777778,-0.08783257501821178,0.0,0.0,0.0,49.0,2.0,12.0,0.0,0.9607843137254902,0.0392156862745098,1.0,0.0,0.0,8.0,8.0,18,3024,303,126,36,none,-0.05924857005525277,2024-03-19,2025-01-13,2025-04-17,f1,,,insufficient data; used fixed threshold,stress_q10_10d__market__logistic_elasticnet
63,4,0.06349206349206349,0.09706053069007003,0.7372881355932204,0.1434920634920635,2.2600000000000002,0.05961985326687358,-0.002674566170429049,0.23753541318616164,0.5,0.9365079365079365,0.0,0.0,0.0,0.0,59.0,0.0,4.0,0.0,1.0,0.0,1.0,0.0,,0.0,0.0,19,3150,315,126,36,sigmoid,-0.05823867824772672,2024-09-19,2025-07-21,2025-10-17,f1,0.2222222222222222,,,stress_q10_10d__market__logistic_elasticnet
63,18,0.2857142857142857,0.05733486106748492,0.6753086419753086,0.40032713376647067,1.4011449681826473,0.24040166610504163,-0.17796816391470394,0.7473606950211189,0.6166666666666667,0.47619047619047616,0.253546276418555,0.3469387755102041,0.9444444444444444,0.5074626865671642,13.0,32.0,1.0,17.0,0.28888888888888886,0.7111111111111111,0.05555555555555555,0.9444444444444444,0.3469387755102041,128.0,196.0,20,3276,328,126,36,sigmoid,-0.057388067548594435,2025-03-24,2026-01-19,2026-04-22,f1,0.17777777777777778,,,stress_q10_10d__market__logistic_elasticnet
63,9,0.14285714285714285,0.06886664837889833,0.1522633744855967,0.0930300845136485,0.6512105915955395,0.13029297507047133,-0.06405929640884911,0.4533232987130832,0.4629629629629629,0.15873015873015872,-0.1217161238900369,0.13333333333333333,0.8888888888888888,0.2318840579710145,2.0,52.0,1.0,8.0,0.037037037037037035,0.9629629629629629,0.1111111111111111,0.8888888888888888,0.13333333333333333,208.0,240.0,0,756,76,126,36,sigmoid,-0.05421495775579127,2015-02-13,2015-12-16,2016-03-21,f1,0.23300970873786409,,,stress_q10_10d__market__logistic_l2
63,0,0.0,0.1422266938715603,,,,,,,,,,,,,,,,,,,,,,,,1,882,89,126,36,sigmoid,-0.05515895717231778,2015-08-24,2016-06-22,2016-09-19,f1,0.2857142857142857,degenerate label distribution; most metrics undefined,,stress_q10_10d__market__logistic_l2
63,0,0.0,0.5,,,,,,,,,,,,,,,,,,,,,,,,2,1008,101,126,36,none,-0.05500265510017514,2016-02-25,2016-12-16,2017-03-22,f1,,degenerate label distribution; most metrics undefined,insufficient data; used fixed threshold,stress_q10_10d__market__logistic_l2
63,0,0.0,0.5,,,,,,,,,,,,,,,,,,,,,,,,3,1134,114,126,36,none,-0.05296403632147818,2016-08-24,2017-06-23,2017-09-20,f1,,degenerate label distribution; most metrics undefined,insufficient data; used fixed threshold,stress_q10_10d__market__logistic_l2
63,8,0.12698412698412698,0.5,0.7340909090909091,0.22096141931739757,1.7400711771245059,0.7357039695234459,-5.636384215996721,3.218842031722967,0.509090909090909,0.14285714285714285,0.04843594796964828,0.12903225806451613,1.0,0.22857142857142856,1.0,54.0,0.0,8.0,0.01818181818181818,0.9818181818181818,0.0,1.0,0.12903225806451613,216.0,248.0,4,1260,126,126,36,none,-0.050166642623417176,2017-02-27,2017-12-19,2018-03-27,f1,,,insufficient data; used fixed threshold,stress_q10_10d__market__logistic_l2
63,3,0.047619047619047616,0.2648801554965197,0.06666666666666668,0.03371777546241374,0.7080732847106885,0.11056978283174937,-1.438063711440074,0.4084576240982044,0.25,0.47619047619047616,-0.21320071635561041,0.0,0.0,0.0,30.0,30.0,3.0,0.0,0.5,0.5,1.0,0.0,0.0,120.0,120.0,5,1386,139,126,36,sigmoid,-0.04683321927816786,2017-08-25,2018-06-28,2018-09-25,f1,0.5357142857142857,,,stress_q10_10d__market__logistic_l2
63,0,0.0,0.36372950819672134,,,,,,,,,,,,,,,,,,,,,,,,6,1512,152,126,36,isotonic,-0.04636823321543454,2018-03-02,2018-12-24,2019-03-29,f1,0.5697674418604651,degenerate label distribution; most metrics undefined,,stress_q10_10d__market__logistic_l2
63,0,0.0,0.057366273058861245,,,,,,,,,,,,,,,,,,,,,,,,7,1638,164,126,36,sigmoid,-0.053042411950887464,2018-08-30,2019-07-03,2019-09-30,f1,0.2222222222222222,degenerate label distribution; most metrics undefined,,stress_q10_10d__market__logistic_l2
63,27,0.42857142857142855,0.5,0.5051440329218106,0.41632030053660923,0.9714140345854216,0.36878691113298,-0.5058798871263352,1.2510579044032932,0.5,0.5714285714285714,0.0,0.0,0.0,0.0,36.0,0.0,27.0,0.0,1.0,0.0,1.0,0.0,,0.0,0.0,8,1764,177,126,36,none,-0.054169669591934,2019-03-06,2019-12-27,2020-04-01,f1,,,insufficient data; used fixed threshold,stress_q10_10d__market__logistic_l2
63,10,0.15873015873015872,0.19047619047619047,0.8584905660377359,0.4,2.5200000000000005,0.13009262217180675,0.025778080377545143,0.43182819215831597,0.5,0.15873015873015872,0.0,0.15873015873015872,1.0,0.273972602739726,0.0,53.0,0.0,10.0,0.0,1.0,0.0,1.0,0.15873015873015872,212.0,252.0,9,1890,189,126,36,isotonic,-0.05273847499401242,2019-09-05,2020-07-03,2020-09-30,f1,0.3741935483870968,,,stress_q10_10d__market__logistic_l2
63,11,0.1746031746031746,0.17914834820311698,0.8846153846153846,0.5050336868518687,2.8924656610607027,0.14529650596229163,-0.008185021266320813,0.46839659062854033,0.5192307692307693,0.20634920634920634,0.08328077367289594,0.18032786885245902,1.0,0.3055555555555556,2.0,50.0,0.0,11.0,0.038461538461538464,0.9615384615384616,0.0,1.0,0.18032786885245902,200.0,244.0,10,2016,202,126,36,sigmoid,-0.053489156565667384,2020-03-09,2020-12-29,2021-04-02,f1,0.48,,,stress_q10_10d__market__logistic_l2
63,7,0.1111111111111111,0.2745431256171516,0.8520408163265306,0.6154188668474383,5.538769801626945,0.0858435111167233,0.1308344499431766,0.2766745916847282,0.7232142857142857,0.8412698412698413,0.36957024749317663,0.36363636363636365,0.5714285714285714,0.4444444444444444,49.0,7.0,3.0,4.0,0.875,0.125,0.42857142857142855,0.5714285714285714,0.36363636363636365,28.0,44.0,11,2142,215,126,36,sigmoid,-0.05515895717231778,2020-09-07,2021-07-06,2021-10-04,f1,0.5161290322580645,,,stress_q10_10d__market__logistic_l2
63,3,0.047619047619047616,0.19623721264585955,0.1944444444444444,0.0386791253496059,0.812261632341724,0.05666960816692911,-0.24956486008078715,0.26245964625358187,0.4583333333333333,0.873015873015873,-0.06565321642986127,0.0,0.0,0.0,55.0,5.0,3.0,0.0,0.9166666666666666,0.08333333333333333,1.0,0.0,0.0,20.0,20.0,12,2268,227,126,36,sigmoid,-0.05500265510017514,2021-03-10,2021-12-31,2022-04-06,f1,0.38095238095238093,,,stress_q10_10d__market__logistic_l2
63,19,0.30158730158730157,0.162496803273445,0.5406698564593302,0.31647620080706296,1.04936845530763,0.22723247453334908,-0.07881063567328073,0.6620872328019931,0.5388755980861244,0.4603174603174603,0.07665861919405889,0.32558139534883723,0.7368421052631579,0.45161290322580644,15.0,29.0,5.0,14.0,0.3409090909090909,0.6590909090909091,0.2631578947368421,0.7368421052631579,0.32558139534883723,116.0,172.0,13,2394,240,126,36,sigmoid,-0.05503148132315091,2021-09-09,2022-07-08,2022-10-06,f1,0.3492063492063492,,,stress_q10_10d__market__logistic_l2
63,7,0.1111111111111111,0.3409090909090909,0.5,0.1111111111111111,1.0,0.18537456375294226,-0.8769174579985404,0.5624301539810314,0.5,0.1111111111111111,0.0,0.1111111111111111,1.0,0.2,0.0,56.0,0.0,7.0,0.0,1.0,0.0,1.0,0.1111111111111111,224.0,252.0,14,2520,252,126,36,isotonic,-0.05389030475290647,2022-03-14,2023-01-05,2023-04-10,f1,0.5294117647058824,,,stress_q10_10d__market__logistic_l2
63,11,0.1746031746031746,0.17614326192940866,0.5734265734265734,0.20236892245788807,1.1590220104406317,0.17109540911084192,-0.1871987390925378,0.766935385874651,0.5,0.8253968253968254,0.0,0.0,0.0,0.0,52.0,0.0,11.0,0.0,1.0,0.0,1.0,0.0,,0.0,0.0,15,2646,265,126,36,sigmoid,-0.055651891825536814,2022-09-13,2023-07-12,2023-10-10,f1,0.35294117647058826,,,stress_q10_10d__market__logistic_l2
63,0,0.0,0.18310038755904848,,,,,,,,,,,,,,,,,,,,,,,,16,2772,278,126,36,sigmoid,-0.0603036624368565,2023-03-16,2024-01-09,2024-04-11,f1,0.4186046511627907,degenerate label distribution; most metrics undefined,,stress_q10_10d__market__logistic_l2
63,0,0.0,0.2669153647080374,,,,,,,,,,,,,,,,,,,,,,,,17,2898,290,126,36,none,-0.05903753876790526,2023-09-15,2024-07-16,2024-10-14,f1,0.021505376344086023,degenerate label distribution; most metrics undefined,,stress_q10_10d__market__logistic_l2
63,12,0.19047619047619047,0.5,0.8643790849673203,0.449090792821443,2.357726662312576,0.1671847619741597,-0.08424235339124175,0.49623295870650497,0.4803921568627451,0.7777777777777778,-0.08783257501821178,0.0,0.0,0.0,49.0,2.0,12.0,0.0,0.9607843137254902,0.0392156862745098,1.0,0.0,0.0,8.0,8.0,18,3024,303,126,36,none,-0.05924857005525277,2024-03-19,2025-01-13,2025-04-17,f1,,,insufficient data; used fixed threshold,stress_q10_10d__market__logistic_l2
63,4,0.06349206349206349,0.0947390616986228,0.6313559322033898,0.10111607142857143,1.5925781250000002,0.060831596270910726,-0.02305341355612156,0.25544392745210853,0.5,0.9365079365079365,0.0,0.0,0.0,0.0,59.0,0.0,4.0,0.0,1.0,0.0,1.0,0.0,,0.0,0.0,19,3150,315,126,36,sigmoid,-0.05823867824772672,2024-09-19,2025-07-21,2025-10-17,f1,0.23157894736842105,,,stress_q10_10d__market__logistic_l2
63,18,0.2857142857142857,0.07614319382322451,0.6691358024691358,0.39540714958361356,1.3839250235426475,0.23950051854703674,-0.1735525408804801,0.7490889451292038,0.55,0.5238095238095238,0.09063669313246059,0.3235294117647059,0.6111111111111112,0.4230769230769231,22.0,23.0,7.0,11.0,0.4888888888888889,0.5111111111111111,0.3888888888888889,0.6111111111111112,0.3235294117647059,92.0,136.0,20,3276,328,126,36,sigmoid,-0.057388067548594435,2025-03-24,2026-01-19,2026-04-22,f1,0.18461538461538463,,,stress_q10_10d__market__logistic_l2
63,9,0.14285714285714285,0.0904569160456771,0.5699588477366255,0.164430378517847,1.151012649624929,0.12475144024948302,-0.018803428704111447,0.42169132481594657,0.6018518518518519,0.47619047619047616,0.1456985592771548,0.18421052631578946,0.7777777777777778,0.2978723404255319,23.0,31.0,2.0,7.0,0.42592592592592593,0.5740740740740741,0.2222222222222222,0.7777777777777778,0.18421052631578946,124.0,152.0,0,756,76,126,36,sigmoid,-0.05421495775579127,2015-02-13,2015-12-16,2016-03-21,f1,0.21359223300970873,,,stress_q10_10d__market__random_forest
63,0,0.0,0.10048082073051415,,,,,,,,,,,,,,,,,,,,,,,,1,882,89,126,36,sigmoid,-0.05515895717231778,2015-08-24,2016-06-22,2016-09-19,f1,0.22641509433962265,degenerate label distribution; most metrics undefined,,stress_q10_10d__market__random_forest
63,0,0.0,0.5,,,,,,,,,,,,,,,,,,,,,,,,2,1008,101,126,36,none,-0.05500265510017514,2016-02-25,2016-12-16,2017-03-22,f1,,degenerate label distribution; most metrics undefined,insufficient data; used fixed threshold,stress_q10_10d__market__random_forest
63,0,0.0,0.5,,,,,,,,,,,,,,,,,,,,,,,,3,1134,114,126,36,none,-0.05296403632147818,2016-08-24,2017-06-23,2017-09-20,f1,,degenerate label distribution; most metrics undefined,insufficient data; used fixed threshold,stress_q10_10d__market__random_forest
63,8,0.12698412698412698,0.5,0.8159090909090909,0.3051908263305322,2.403377757352941,0.21698577534688374,-0.9573103235267764,0.6196946023002725,0.7272727272727273,0.5238095238095238,0.309344112444873,0.21052631578947367,1.0,0.34782608695652173,25.0,30.0,0.0,8.0,0.45454545454545453,0.5454545454545454,0.0,1.0,0.21052631578947367,120.0,152.0,4,1260,126,126,36,none,-0.050166642623417176,2017-02-27,2017-12-19,2018-03-27,f1,,,insufficient data; used fixed threshold,stress_q10_10d__market__random_forest
63,3,0.047619047619047616,0.240159174878414,0.35,0.047759365153460145,1.002946668222663,0.2786824408804847,-5.144947821414689,0.8521455944553747,0.25833333333333336,0.49206349206349204,-0.20651164331225833,0.0,0.0,0.0,31.0,29.0,3.0,0.0,0.5166666666666667,0.48333333333333334,1.0,0.0,0.0,116.0,116.0,5,1386,139,126,36,sigmoid,-0.04683321927816786,2017-08-25,2018-06-28,2018-09-25,f1,0.5862068965517241,,,stress_q10_10d__market__random_forest
63,0,0.0,0.20833333333333273,,,,,,,,,,,,,,,,,,,,,,,,6,1512,152,126,36,isotonic,-0.04636823321543454,2018-03-02,2018-12-24,2019-03-29,f1,0.6363636363636364,degenerate label distribution; most metrics undefined,,stress_q10_10d__market__random_forest
63,0,0.0,0.05448766910648834,,,,,,,,,,,,,,,,,,,,,,,,7,1638,164,126,36,sigmoid,-0.053042411950887464,2018-08-30,2019-07-03,2019-09-30,f1,0.16666666666666666,degenerate label distribution; most metrics undefined,,stress_q10_10d__market__random_forest
63,27,0.42857142857142855,0.5,0.4423868312757201,0.4152593739182323,0.9689385391425421,0.3457920307828728,-0.4119841256967307,1.0943965006514575,0.4722222222222222,0.5396825396825397,-0.156812512046795,0.0,0.0,0.0,34.0,2.0,27.0,0.0,0.9444444444444444,0.05555555555555555,1.0,0.0,0.0,8.0,8.0,8,1764,177,126,36,none,-0.054169669591934,2019-03-06,2019-12-27,2020-04-01,f1,,,insufficient data; used fixed threshold,stress_q10_10d__market__random_forest
63,10,0.15873015873015872,0.2936507936507959,0.5377358490566038,0.1694915254237288,1.0677966101694916,0.13335398270568924,0.001354797436074251,0.43687730567110256,0.5,0.8412698412698413,0.0,0.0,0.0,0.0,53.0,0.0,10.0,0.0,1.0,0.0,1.0,0.0,,0.0,0.0,9,1890,189,126,36,isotonic,-0.05273847499401242,2019-09-05,2020-07-03,2020-09-30,f1,0.47058823529411764,,,stress_q10_10d__market__random_forest
63,11,0.1746031746031746,0.12402054202646882,0.32167832167832167,0.13547223016735388,0.7758864091402995,0.3445353475140897,-1.390665724271717,0.9306889287303465,0.48601398601398604,0.2698412698412698,-0.029059225390358167,0.16981132075471697,0.8181818181818182,0.28125,8.0,44.0,2.0,9.0,0.15384615384615385,0.8461538461538461,0.18181818181818182,0.8181818181818182,0.16981132075471697,176.0,212.0,10,2016,202,126,36,sigmoid,-0.053489156565667384,2020-03-09,2020-12-29,2021-04-02,f1,0.3181818181818182,,,stress_q10_10d__market__random_forest
63,7,0.1111111111111111,0.10897933020787202,0.5663265306122449,0.13791988342988484,1.2412789508689637,0.0981444287147309,0.00628765926334951,0.3455598897969017,0.5892857142857143,0.2698412698412698,0.1535737792084878,0.1320754716981132,1.0,0.23333333333333334,10.0,46.0,0.0,7.0,0.17857142857142858,0.8214285714285714,0.0,1.0,0.1320754716981132,184.0,212.0,11,2142,215,126,36,sigmoid,-0.05515895717231778,2020-09-07,2021-07-06,2021-10-04,f1,0.25,,,stress_q10_10d__market__random_forest
63,3,0.047619047619047616,0.16295742206432265,0.14444444444444446,0.0368694885361552,0.7742592592592593,0.06569217597313097,-0.4485124802075382,0.27868413509241285,0.23333333333333334,0.4444444444444444,-0.22718473369882594,0.0,0.0,0.0,28.0,32.0,3.0,0.0,0.4666666666666667,0.5333333333333333,1.0,0.0,0.0,128.0,128.0,12,2268,227,126,36,sigmoid,-0.05500265510017514,2021-03-10,2021-12-31,2022-04-06,f1,0.3333333333333333,,,stress_q10_10d__market__random_forest
63,19,0.30158730158730157,0.20604513452140855,0.7332535885167464,0.5524152282414454,1.8316925989058455,0.2246025806809095,-0.06632493148627971,0.6475635883087167,0.6052631578947368,0.7619047619047619,0.39623563214579827,1.0,0.21052631578947367,0.34782608695652173,44.0,0.0,15.0,4.0,1.0,0.0,0.7894736842105263,0.21052631578947367,1.0,0.0,16.0,13,2394,240,126,36,sigmoid,-0.05503148132315091,2021-09-09,2022-07-08,2022-10-06,f1,0.4583333333333333,,,stress_q10_10d__market__random_forest
63,7,0.1111111111111111,0.2394688644688658,0.41326530612244894,0.1087949465500486,0.9791545189504374,0.260892574984847,-1.641537321721576,0.8874163411058373,0.5446428571428571,0.30158730158730157,0.06749365589450486,0.12244897959183673,0.8571428571428571,0.21428571428571427,13.0,43.0,1.0,6.0,0.23214285714285715,0.7678571428571429,0.14285714285714285,0.8571428571428571,0.12244897959183673,172.0,196.0,14,2520,252,126,36,isotonic,-0.05389030475290647,2022-03-14,2023-01-05,2023-04-10,f1,0.6451612903225806,,,stress_q10_10d__market__random_forest
63,11,0.1746031746031746,0.1345415363692753,0.26748251748251745,0.12848898544579537,0.7358914620986463,0.18304726971859311,-0.2701304432047136,0.6066164124976164,0.29545454545454547,0.42857142857142855,-0.3138229572304239,0.037037037037037035,0.09090909090909091,0.05263157894736842,26.0,26.0,10.0,1.0,0.5,0.5,0.9090909090909091,0.09090909090909091,0.037037037037037035,104.0,108.0,15,2646,265,126,36,sigmoid,-0.055651891825536814,2022-09-13,2023-07-12,2023-10-10,f1,0.2926829268292683,,,stress_q10_10d__market__random_forest
63,0,0.0,0.1442695197749017,,,,,,,,,,,,,,,,,,,,,,,,16,2772,278,126,36,sigmoid,-0.0603036624368565,2023-03-16,2024-01-09,2024-04-11,f1,0.45454545454545453,degenerate label distribution; most metrics undefined,,stress_q10_10d__market__random_forest
63,0,0.0,0.3052055673345848,,,,,,,,,,,,,,,,,,,,,,,,17,2898,290,126,36,none,-0.05903753876790526,2023-09-15,2024-07-16,2024-10-14,f1,0.02040816326530612,degenerate label distribution; most metrics undefined,,stress_q10_10d__market__random_forest
63,12,0.19047619047619047,0.5,0.19689542483660133,0.15325110651752666,0.804568309217015,0.20724984616972647,-0.34407620824778484,0.7593558199680684,0.47303921568627455,0.7142857142857143,-0.06359337738364604,0.125,0.08333333333333333,0.1,44.0,7.0,11.0,1.0,0.8627450980392157,0.13725490196078433,0.9166666666666666,0.08333333333333333,0.125,28.0,32.0,18,3024,303,126,36,none,-0.05924857005525277,2024-03-19,2025-01-13,2025-04-17,f1,,,insufficient data; used fixed threshold,stress_q10_10d__market__random_forest
63,4,0.06349206349206349,0.20475455284869382,0.22457627118644066,0.049081339264578236,0.7730310934171073,0.06349568565070879,-0.06785752689687796,0.6563861121568572,0.5,0.9365079365079365,0.0,0.0,0.0,0.0,59.0,0.0,4.0,0.0,1.0,0.0,1.0,0.0,,0.0,0.0,19,3150,315,126,36,sigmoid,-0.05823867824772672,2024-09-19,2025-07-21,2025-10-17,f1,0.6,,,stress_q10_10d__market__random_forest
63,18,0.2857142857142857,0.1392159935688906,0.4765432098765432,0.2743623798324765,0.9602683294136679,0.26187407310709326,-0.2831829582247569,0.9270370761134185,0.5,0.7142857142857143,0.0,0.0,0.0,0.0,45.0,0.0,18.0,0.0,1.0,0.0,1.0,0.0,,0.0,0.0,20,3276,328,126,36,sigmoid,-0.057388067548594435,2025-03-24,2026-01-19,2026-04-22,f1,0.3333333333333333,,,stress_q10_10d__market__random_forest
63,9,0.14285714285714285,0.0579427114013265,0.5679012345679012,0.16403235787293757,1.1482265051105631,0.11951205793015787,0.023984860237044048,0.3854587592936058,0.6666666666666666,0.42857142857142855,0.2581988897471611,0.2,1.0,0.3333333333333333,18.0,36.0,0.0,9.0,0.3333333333333333,0.6666666666666666,0.0,1.0,0.2,144.0,180.0,0,756,76,126,36,sigmoid,-0.05421495775579127,2015-02-13,2015-12-16,2016-03-21,f1,0.23076923076923078,,,stress_q10_10d__market__hist_gradient_boosting
63,0,0.0,0.1505707682868782,,,,,,,,,,,,,,,,,,,,,,,,1,882,89,126,36,sigmoid,-0.05515895717231778,2015-08-24,2016-06-22,2016-09-19,f1,0.2608695652173913,degenerate label distribution; most metrics undefined,,stress_q10_10d__market__hist_gradient_boosting
63,0,0.0,0.5,,,,,,,,,,,,,,,,,,,,,,,,2,1008,101,126,36,none,-0.05500265510017514,2016-02-25,2016-12-16,2017-03-22,f1,,degenerate label distribution; most metrics undefined,insufficient data; used fixed threshold,stress_q10_10d__market__hist_gradient_boosting
63,0,0.0,0.5,,,,,,,,,,,,,,,,,,,,,,,,3,1134,114,126,36,none,-0.05296403632147818,2016-08-24,2017-06-23,2017-09-20,f1,,degenerate label distribution; most metrics undefined,insufficient data; used fixed threshold,stress_q10_10d__market__hist_gradient_boosting
63,8,0.12698412698412698,0.5,0.5590909090909091,0.21888763197586728,1.723740101809955,0.27194414950338114,-1.453059839497545,0.7631902145428743,0.5409090909090909,0.5714285714285714,0.05504818825631803,0.14814814814814814,0.5,0.22857142857142856,32.0,23.0,4.0,4.0,0.5818181818181818,0.41818181818181815,0.5,0.5,0.14814814814814814,92.0,108.0,4,1260,126,126,36,none,-0.050166642623417176,2017-02-27,2017-12-19,2018-03-27,f1,,,insufficient data; used fixed threshold,stress_q10_10d__market__hist_gradient_boosting
63,3,0.047619047619047616,0.1716213133223203,0.8444444444444444,0.18226120857699804,3.827485380116959,0.05840231525582501,-0.2877710513909417,0.2542856432063106,0.75,0.5238095238095238,0.21320071635561041,0.09090909090909091,1.0,0.16666666666666666,30.0,30.0,0.0,3.0,0.5,0.5,0.0,1.0,0.09090909090909091,120.0,132.0,5,1386,139,126,36,sigmoid,-0.04683321927816786,2017-08-25,2018-06-28,2018-09-25,f1,0.34951456310679613,,,stress_q10_10d__market__hist_gradient_boosting
63,0,0.0,0.32906976744186045,,,,,,,,,,,,,,,,,,,,,,,,6,1512,152,126,36,isotonic,-0.04636823321543454,2018-03-02,2018-12-24,2019-03-29,f1,0.5868263473053892,degenerate label distribution; most metrics undefined,,stress_q10_10d__market__hist_gradient_boosting
63,0,0.0,0.07156223924488463,,,,,,,,,,,,,,,,,,,,,,,,7,1638,164,126,36,sigmoid,-0.053042411950887464,2018-08-30,2019-07-03,2019-09-30,f1,0.18518518518518517,degenerate label distribution; most metrics undefined,,stress_q10_10d__market__hist_gradient_boosting
63,27,0.42857142857142855,0.5,0.35288065843621397,0.3496781980533019,0.8159157954577045,0.4260786836410318,-0.7398212915342135,2.6855347079867977,0.5,0.5714285714285714,0.0,0.0,0.0,0.0,36.0,0.0,27.0,0.0,1.0,0.0,1.0,0.0,,0.0,0.0,8,1764,177,126,36,none,-0.054169669591934,2019-03-06,2019-12-27,2020-04-01,f1,,,insufficient data; used fixed threshold,stress_q10_10d__market__hist_gradient_boosting
63,10,0.15873015873015872,0.23966942148760334,0.5377358490566038,0.1694915254237288,1.0677966101694916,0.13681183348204173,-0.024539937906082443,0.4424985948711264,0.5377358490566038,0.2222222222222222,0.11310089849124409,0.1694915254237288,1.0,0.2898550724637681,4.0,49.0,0.0,10.0,0.07547169811320754,0.9245283018867925,0.0,1.0,0.1694915254237288,196.0,236.0,9,1890,189,126,36,isotonic,-0.05273847499401242,2019-09-05,2020-07-03,2020-09-30,f1,0.38666666666666666,,,stress_q10_10d__market__hist_gradient_boosting
63,11,0.1746031746031746,0.12076197559129731,0.6136363636363636,0.21540589491809004,1.2336883072581522,0.2920537485596428,-1.0265058182398992,1.9002197144872401,0.5769230769230769,0.30158730158730157,0.17541160386140583,0.2,1.0,0.3333333333333333,8.0,44.0,0.0,11.0,0.15384615384615385,0.8461538461538461,0.0,1.0,0.2,176.0,220.0,10,2016,202,126,36,sigmoid,-0.053489156565667384,2020-03-09,2020-12-29,2021-04-02,f1,0.2857142857142857,,,stress_q10_10d__market__hist_gradient_boosting
63,7,0.1111111111111111,0.050904400330775826,0.5790816326530612,0.15656465807130987,1.409081922641789,0.1039155984074421,-0.05214543387535131,0.4044966931631631,0.48214285714285715,0.6349206349206349,-0.024112141108520606,0.1,0.2857142857142857,0.14814814814814814,38.0,18.0,5.0,2.0,0.6785714285714286,0.32142857142857145,0.7142857142857143,0.2857142857142857,0.1,72.0,80.0,11,2142,215,126,36,sigmoid,-0.05515895717231778,2020-09-07,2021-07-06,2021-10-04,f1,0.22448979591836735,,,stress_q10_10d__market__hist_gradient_boosting
63,3,0.047619047619047616,0.09498291797910004,0.44999999999999996,0.056629318394024276,1.1892156862745098,0.0526347229050031,-0.16059564005531857,0.2196361265089536,0.6583333333333333,0.3492063492063492,0.14693845341131467,0.06818181818181818,1.0,0.1276595744680851,19.0,41.0,0.0,3.0,0.31666666666666665,0.6833333333333333,0.0,1.0,0.06818181818181818,164.0,176.0,12,2268,227,126,36,sigmoid,-0.05500265510017514,2021-03-10,2021-12-31,2022-04-06,f1,0.28888888888888886,,,stress_q10_10d__market__hist_gradient_boosting
63,19,0.30158730158730157,0.17248371998020431,0.5897129186602871,0.38484624795637346,1.2760691379606068,0.22223282507938782,-0.05507426165082596,0.6453286466651463,0.5,0.30158730158730157,0.0,0.30158730158730157,1.0,0.4634146341463415,0.0,44.0,0.0,19.0,0.0,1.0,0.0,1.0,0.30158730158730157,176.0,252.0,13,2394,240,126,36,sigmoid,-0.05503148132315091,2021-09-09,2022-07-08,2022-10-06,f1,0.3464566929133858,,,stress_q10_10d__market__hist_gradient_boosting
63,7,0.1111111111111111,0.16666716666666662,0.29336734693877553,0.10016420361247948,0.9014778325123154,0.21751177050340828,-1.2023066763470092,0.6260039797363536,0.5,0.1111111111111111,0.0,0.1111111111111111,1.0,0.2,0.0,56.0,0.0,7.0,0.0,1.0,0.0,1.0,0.1111111111111111,224.0,252.0,14,2520,252,126,36,isotonic,-0.05389030475290647,2022-03-14,2023-01-05,2023-04-10,f1,0.5357142857142857,,,stress_q10_10d__market__hist_gradient_boosting
63,11,0.1746031746031746,0.1899649008179588,0.15034965034965037,0.11186030469390365,0.6406544723378118,0.17732494587054962,-0.23042431846190836,1.2042587154230127,0.5,0.8253968253968254,0.0,0.0,0.0,0.0,52.0,0.0,11.0,0.0,1.0,0.0,1.0,0.0,,0.0,0.0,15,2646,265,126,36,sigmoid,-0.055651891825536814,2022-09-13,2023-07-12,2023-10-10,f1,0.43478260869565216,,,stress_q10_10d__market__hist_gradient_boosting
63,0,0.0,0.07338696758301422,,,,,,,,,,,,,,,,,,,,,,,,16,2772,278,126,36,sigmoid,-0.0603036624368565,2023-03-16,2024-01-09,2024-04-11,f1,0.38636363636363635,degenerate label distribution; most metrics undefined,,stress_q10_10d__market__hist_gradient_boosting
63,0,0.0,0.015086780153146887,,,,,,,,,,,,,,,,,,,,,,,,17,2898,290,126,36,none,-0.05903753876790526,2023-09-15,2024-07-16,2024-10-14,f1,0.01818181818181818,degenerate label distribution; most metrics undefined,,stress_q10_10d__market__hist_gradient_boosting
63,12,0.19047619047619047,0.5,0.2892156862745098,0.1912397763615607,1.0040088258981936,0.18415575368720746,-0.19430422611850728,1.1236097130955678,0.5,0.8095238095238095,0.0,0.0,0.0,0.0,51.0,0.0,12.0,0.0,1.0,0.0,1.0,0.0,,0.0,0.0,18,3024,303,126,36,none,-0.05924857005525277,2024-03-19,2025-01-13,2025-04-17,f1,,,insufficient data; used fixed threshold,stress_q10_10d__market__hist_gradient_boosting
63,4,0.06349206349206349,0.12242709697026871,0.9745762711864406,0.7986111111111112,12.578125000000002,0.16775125770186833,-1.82120653313015,0.5137658455521544,0.5169491525423728,0.09523809523809523,0.04714700072844769,0.06557377049180328,1.0,0.12307692307692308,2.0,57.0,0.0,4.0,0.03389830508474576,0.9661016949152542,0.0,1.0,0.06557377049180328,228.0,244.0,19,3150,315,126,36,sigmoid,-0.05823867824772672,2024-09-19,2025-07-21,2025-10-17,f1,0.25,,,stress_q10_10d__market__hist_gradient_boosting
63,18,0.2857142857142857,0.16769845379920537,0.528395061728395,0.29852067103019214,1.0448223486056725,0.2804127893037342,-0.3740226675882976,1.6326827967691118,0.5,0.7142857142857143,0.0,0.0,0.0,0.0,45.0,0.0,18.0,0.0,1.0,0.0,1.0,0.0,,0.0,0.0,20,3276,328,126,36,sigmoid,-0.057388067548594435,2025-03-24,2026-01-19,2026-04-22,f1,0.4,,,stress_q10_10d__market__hist_gradient_boosting
63,9,0.14285714285714285,0.09524020146034043,0.5,0.14285714285714285,1.0,0.12471635269982326,-0.018516880381890033,0.4216954087159566,0.5,0.14285714285714285,0.0,0.14285714285714285,1.0,0.25,0.0,54.0,0.0,9.0,0.0,1.0,0.0,1.0,0.14285714285714285,216.0,252.0,0,737,76,126,60,sigmoid,-0.05421495775579127,2015-02-13,2015-12-16,2016-03-21,f1,0.17391304347826086,,,stress_q10_10d__graph__naive_frequency
63,0,0.0,0.08730601700724344,,,,,,,,,,,,,,,,,,,,,,,,1,863,89,126,60,sigmoid,-0.05515895717231778,2015-08-24,2016-06-22,2016-09-19,f1,0.16058394160583941,degenerate label distribution; most metrics undefined,,stress_q10_10d__graph__naive_frequency
63,0,0.0,0.5,,,,,,,,,,,,,,,,,,,,,,,,2,989,101,126,60,none,-0.05500265510017514,2016-02-25,2016-12-16,2017-03-22,f1,,degenerate label distribution; most metrics undefined,insufficient data; used fixed threshold,stress_q10_10d__graph__naive_frequency
63,0,0.0,0.5,,,,,,,,,,,,,,,,,,,,,,,,3,1115,114,126,60,none,-0.05296403632147818,2016-08-24,2017-06-23,2017-09-20,f1,,degenerate label distribution; most metrics undefined,insufficient data; used fixed threshold,stress_q10_10d__graph__naive_frequency
63,8,0.12698412698412698,0.5,0.5,0.12698412698412698,1.0,0.11150701896188661,-0.00584399604483643,0.38393012060470444,0.5,0.873015873015873,0.0,0.0,0.0,0.0,55.0,0.0,8.0,0.0,1.0,0.0,1.0,0.0,,0.0,0.0,4,1241,126,126,60,none,-0.050166642623417176,2017-02-27,2017-12-19,2018-03-27,f1,,,insufficient data; used fixed threshold,stress_q10_10d__graph__naive_frequency
63,3,0.047619047619047616,0.1666684573869657,0.5,0.047619047619047616,1.0,0.059524235888992146,-0.3125094013522771,0.2589629922941154,0.5,0.047619047619047616,0.0,0.047619047619047616,1.0,0.09090909090909091,0.0,60.0,0.0,3.0,0.0,1.0,0.0,1.0,0.047619047619047616,240.0,252.0,5,1367,139,126,60,sigmoid,-0.04683321927816786,2017-08-25,2018-06-28,2018-09-25,f1,0.2857142857142857,,,stress_q10_10d__graph__naive_frequency
63,0,0.0,0.3968253968253968,,,,,,,,,,,,,,,,,,,,,,,,6,1493,152,126,60,isotonic,-0.04636823321543454,2018-03-02,2018-12-24,2019-03-29,f1,0.5681818181818182,degenerate label distribution; most metrics undefined,,stress_q10_10d__graph__naive_frequency
63,0,0.0,0.055630547344729206,,,,,,,,,,,,,,,,,,,,,,,,7,1619,164,126,60,sigmoid,-0.053042411950887464,2018-08-30,2019-07-03,2019-09-30,f1,0.10526315789473684,degenerate label distribution; most metrics undefined,,stress_q10_10d__graph__naive_frequency
63,27,0.42857142857142855,0.5,0.5,0.42857142857142855,1.0,0.3519177299740678,-0.43699739739411037,1.0418421201561134,0.5,0.5714285714285714,0.0,0.0,0.0,0.0,36.0,0.0,27.0,0.0,1.0,0.0,1.0,0.0,,0.0,0.0,8,1745,177,126,60,none,-0.054169669591934,2019-03-06,2019-12-27,2020-04-01,f1,,,insufficient data; used fixed threshold,stress_q10_10d__graph__naive_frequency
63,10,0.15873015873015872,0.23015873015873015,0.5,0.15873015873015872,1.0,0.13863693625598392,-0.038207547169811784,0.4532241266253822,0.5,0.15873015873015872,0.0,0.15873015873015872,1.0,0.273972602739726,0.0,53.0,0.0,10.0,0.0,1.0,0.0,1.0,0.15873015873015872,212.0,252.0,9,1871,189,126,60,isotonic,-0.05273847499401242,2019-09-05,2020-07-03,2020-09-30,f1,0.3741935483870968,,,stress_q10_10d__graph__naive_frequency
63,11,0.1746031746031746,0.12701188565146274,0.5,0.1746031746031746,1.0,0.1463818368057533,-0.015715927066494606,0.47240562339331743,0.5,0.1746031746031746,0.0,0.1746031746031746,1.0,0.2972972972972973,0.0,52.0,0.0,11.0,0.0,1.0,0.0,1.0,0.1746031746031746,208.0,252.0,10,1997,202,126,60,sigmoid,-0.053489156565667384,2020-03-09,2020-12-29,2021-04-02,f1,0.22535211267605634,,,stress_q10_10d__graph__naive_frequency
63,7,0.1111111111111111,0.08730601992793571,0.5,0.1111111111111111,1.0,0.0993321144650047,-0.005737658958172576,0.3521303270506431,0.5,0.1111111111111111,0.0,0.1111111111111111,1.0,0.2,0.0,56.0,0.0,7.0,0.0,1.0,0.0,1.0,0.1111111111111111,224.0,252.0,11,2123,215,126,60,sigmoid,-0.05515895717231778,2020-09-07,2021-07-06,2021-10-04,f1,0.16058394160583941,,,stress_q10_10d__graph__naive_frequency
63,3,0.047619047619047616,0.10317558796775293,0.5,0.047619047619047616,1.0,0.048438003098419814,-0.06805796832015698,0.21186793957956274,0.5,0.047619047619047616,0.0,0.047619047619047616,1.0,0.09090909090909091,0.0,60.0,0.0,3.0,0.0,1.0,0.0,1.0,0.047619047619047616,240.0,252.0,12,2249,227,126,60,sigmoid,-0.05500265510017514,2021-03-10,2021-12-31,2022-04-06,f1,0.18705035971223022,,,stress_q10_10d__graph__naive_frequency
63,19,0.30158730158730157,0.18263282037935863,0.5,0.30158730158730157,1.0,0.22478256970804247,-0.06717944876940285,0.6536288260908742,0.5,0.30158730158730157,0.0,0.30158730158730157,1.0,0.4634146341463415,0.0,44.0,0.0,19.0,0.0,1.0,0.0,1.0,0.30158730158730157,176.0,252.0,13,2375,240,126,60,sigmoid,-0.05503148132315091,2021-09-09,2022-07-08,2022-10-06,f1,0.3087248322147651,,,stress_q10_10d__graph__naive_frequency
63,7,0.1111111111111111,0.35714285714285715,0.5,0.1111111111111111,1.0,0.15929705215419498,-0.6128826530612244,0.5071423817126083,0.5,0.1111111111111111,0.0,0.1111111111111111,1.0,0.2,0.0,56.0,0.0,7.0,0.0,1.0,0.0,1.0,0.1111111111111111,224.0,252.0,14,2501,252,126,60,isotonic,-0.05389030475290647,2022-03-14,2023-01-05,2023-04-10,f1,0.5263157894736842,,,stress_q10_10d__graph__naive_frequency
63,11,0.1746031746031746,0.09524020332797054,0.5,0.1746031746031746,1.0,0.15041538723129677,-0.043703971889889726,0.493164211935054,0.5,0.1746031746031746,0.0,0.1746031746031746,1.0,0.2972972972972973,0.0,52.0,0.0,11.0,0.0,1.0,0.0,1.0,0.1746031746031746,208.0,252.0,15,2627,265,126,60,sigmoid,-0.055651891825536814,2022-09-13,2023-07-12,2023-10-10,f1,0.17391304347826086,,,stress_q10_10d__graph__naive_frequency
63,0,0.0,0.13493744969541868,,,,,,,,,,,,,,,,,,,,,,,,16,2753,278,126,60,sigmoid,-0.0603036624368565,2023-03-16,2024-01-09,2024-04-11,f1,0.23776223776223776,degenerate label distribution; most metrics undefined,,stress_q10_10d__graph__naive_frequency
63,0,0.0,0.10072941993747829,,,,,,,,,,,,,,,,,,,,,,,,17,2879,290,126,60,none,-0.05903753876790526,2023-09-15,2024-07-16,2024-10-14,f1,0.015748031496062992,degenerate label distribution; most metrics undefined,,stress_q10_10d__graph__naive_frequency
63,12,0.19047619047619047,0.5,0.5,0.19047619047619047,1.0,0.16223110177013966,-0.05211641000928813,0.5230500356893111,0.5,0.8095238095238095,0.0,0.0,0.0,0.0,51.0,0.0,12.0,0.0,1.0,0.0,1.0,0.0,,0.0,0.0,18,3005,303,126,60,none,-0.05924857005525277,2024-03-19,2025-01-13,2025-04-17,f1,,,insufficient data; used fixed threshold,stress_q10_10d__graph__naive_frequency
63,4,0.06349206349206349,0.09524020354881334,0.5,0.06349206349206349,1.0,0.06046876576264628,-0.016951403864165604,0.24302339713742185,0.5,0.06349206349206349,0.0,0.06349206349206349,1.0,0.11940298507462686,0.0,59.0,0.0,4.0,0.0,1.0,0.0,1.0,0.06349206349206349,236.0,252.0,19,3131,315,126,60,sigmoid,-0.05823867824772672,2024-09-19,2025-07-21,2025-10-17,f1,0.17391304347826086,,,stress_q10_10d__graph__naive_frequency
63,18,0.2857142857142857,0.06352975832339289,0.5,0.2857142857142857,1.0,0.25344759686497553,-0.24189322463838003,0.8343830520334329,0.5,0.2857142857142857,0.0,0.2857142857142857,1.0,0.4444444444444444,0.0,45.0,0.0,18.0,0.0,1.0,0.0,1.0,0.2857142857142857,180.0,252.0,20,3257,328,126,60,sigmoid,-0.057388067548594435,2025-03-24,2026-01-19,2026-04-22,f1,0.11940298507462686,,,stress_q10_10d__graph__naive_frequency
63,9,0.14285714285714285,0.11402891791207388,0.8292181069958847,0.6896108298854295,4.8272758091980075,0.11366631742814304,0.07172507433683184,0.3655380017307376,0.6759259259259259,0.6031746031746031,0.24652466565114892,0.23333333333333334,0.7777777777777778,0.358974358974359,31.0,23.0,2.0,7.0,0.5740740740740741,0.42592592592592593,0.2222222222222222,0.7777777777777778,0.23333333333333334,92.0,120.0,0,737,76,126,60,sigmoid,-0.05421495775579127,2015-02-13,2015-12-16,2016-03-21,f1,0.27692307692307694,,,stress_q10_10d__graph__logistic_elasticnet
63,0,0.0,0.12741251588060337,,,,,,,,,,,,,,,,,,,,,,,,1,863,89,126,60,sigmoid,-0.05515895717231778,2015-08-24,2016-06-22,2016-09-19,f1,0.35555555555555557,degenerate label distribution; most metrics undefined,,stress_q10_10d__graph__logistic_elasticnet
63,0,0.0,0.5,,,,,,,,,,,,,,,,,,,,,,,,2,989,101,126,60,none,-0.05500265510017514,2016-02-25,2016-12-16,2017-03-22,f1,,degenerate label distribution; most metrics undefined,insufficient data; used fixed threshold,stress_q10_10d__graph__logistic_elasticnet
63,0,0.0,0.5,,,,,,,,,,,,,,,,,,,,,,,,3,1115,114,126,60,none,-0.05296403632147818,2016-08-24,2017-06-23,2017-09-20,f1,,degenerate label distribution; most metrics undefined,insufficient data; used fixed threshold,stress_q10_10d__graph__logistic_elasticnet
63,8,0.12698412698412698,0.5,0.45227272727272727,0.1504734232388025,1.1849782080055697,0.1303770510409527,-0.17606026268532116,0.5210648607900306,0.5,0.873015873015873,0.0,0.0,0.0,0.0,55.0,0.0,8.0,0.0,1.0,0.0,1.0,0.0,,0.0,0.0,4,1241,126,126,60,none,-0.050166642623417176,2017-02-27,2017-12-19,2018-03-27,f1,,,insufficient data; used fixed threshold,stress_q10_10d__graph__logistic_elasticnet
63,3,0.047619047619047616,0.1576454134588801,0.08888888888888886,0.03491452050774085,0.7332049306625579,0.05717086080261495,-0.2606174806976598,0.24978623175598189,0.36666666666666664,0.6984126984126984,-0.13046561461068845,0.0,0.0,0.0,44.0,16.0,3.0,0.0,0.7333333333333333,0.26666666666666666,1.0,0.0,0.0,64.0,64.0,5,1367,139,126,60,sigmoid,-0.04683321927816786,2017-08-25,2018-06-28,2018-09-25,f1,0.4057971014492754,,,stress_q10_10d__graph__logistic_elasticnet
63,0,0.0,0.39344262295081966,,,,,,,,,,,,,,,,,,,,,,,,6,1493,152,126,60,isotonic,-0.04636823321543454,2018-03-02,2018-12-24,2019-03-29,f1,0.5714285714285714,degenerate label distribution; most metrics undefined,,stress_q10_10d__graph__logistic_elasticnet
63,0,0.0,0.07487959974492442,,,,,,,,,,,,,,,,,,,,,,,,7,1619,164,126,60,sigmoid,-0.053042411950887464,2018-08-30,2019-07-03,2019-09-30,f1,0.2727272727272727,degenerate label distribution; most metrics undefined,,stress_q10_10d__graph__logistic_elasticnet
63,27,0.42857142857142855,0.5,0.7911522633744856,0.8175714338086746,1.9076666788869074,0.3709008244942281,-0.5145117000180983,1.0592657062178936,0.49074074074074076,0.42857142857142855,-0.03758230140014144,0.423728813559322,0.9259259259259259,0.5813953488372093,2.0,34.0,2.0,25.0,0.05555555555555555,0.9444444444444444,0.07407407407407407,0.9259259259259259,0.423728813559322,136.0,236.0,8,1745,177,126,60,none,-0.054169669591934,2019-03-06,2019-12-27,2020-04-01,f1,,,insufficient data; used fixed threshold,stress_q10_10d__graph__logistic_elasticnet
63,10,0.15873015873015872,0.21875000000000147,0.5471698113207547,0.1724137931034483,1.0862068965517242,0.17135141093474426,-0.2831957547169812,0.5282551510774975,0.5471698113207547,0.23809523809523808,0.12753608187321183,0.1724137931034483,1.0,0.29411764705882354,5.0,48.0,0.0,10.0,0.09433962264150944,0.9056603773584906,0.0,1.0,0.1724137931034483,192.0,232.0,9,1871,189,126,60,isotonic,-0.05273847499401242,2019-09-05,2020-07-03,2020-09-30,f1,0.5161290322580645,,,stress_q10_10d__graph__logistic_elasticnet
63,11,0.1746031746031746,0.13388778122712247,0.38461538461538464,0.1494085862520191,0.855703721261564,0.14828735131647666,-0.02893793247394405,0.48066905854028175,0.4222027972027972,0.4603174603174603,-0.11815066113959706,0.12903225806451613,0.36363636363636365,0.19047619047619047,25.0,27.0,7.0,4.0,0.4807692307692308,0.5192307692307693,0.6363636363636364,0.36363636363636365,0.12903225806451613,108.0,124.0,10,1997,202,126,60,sigmoid,-0.053489156565667384,2020-03-09,2020-12-29,2021-04-02,f1,0.3466666666666667,,,stress_q10_10d__graph__logistic_elasticnet
63,7,0.1111111111111111,0.12555454764405807,0.346938775510204,0.15112688571876326,1.3601419714688694,0.1013757211561568,-0.026429176706087576,0.36507180280839446,0.5,0.8888888888888888,0.0,0.0,0.0,0.0,56.0,0.0,7.0,0.0,1.0,0.0,1.0,0.0,,0.0,0.0,11,2123,215,126,60,sigmoid,-0.05515895717231778,2020-09-07,2021-07-06,2021-10-04,f1,0.26666666666666666,,,stress_q10_10d__graph__logistic_elasticnet
63,3,0.047619047619047616,0.1531736002989707,0.10000000000000002,0.03531898072127958,0.7416985951468712,0.04789277156470016,-0.05603561300163884,0.21355045138999906,0.48333333333333334,0.9206349206349206,-0.0404888165089458,0.0,0.0,0.0,58.0,2.0,3.0,0.0,0.9666666666666667,0.03333333333333333,1.0,0.0,0.0,8.0,8.0,12,2249,227,126,60,sigmoid,-0.05500265510017514,2021-03-10,2021-12-31,2022-04-06,f1,0.4,,,stress_q10_10d__graph__logistic_elasticnet
63,19,0.30158730158730157,0.21293044534436836,0.5083732057416268,0.301777509100804,1.000630688071087,0.2254389697958934,-0.07029577885155636,0.6548782504070656,0.5287081339712918,0.5714285714285714,0.05426254690903824,0.3333333333333333,0.42105263157894735,0.37209302325581395,28.0,16.0,11.0,8.0,0.6363636363636364,0.36363636363636365,0.5789473684210527,0.42105263157894735,0.3333333333333333,64.0,96.0,13,2375,240,126,60,sigmoid,-0.05503148132315091,2021-09-09,2022-07-08,2022-10-06,f1,0.4230769230769231,,,stress_q10_10d__graph__logistic_elasticnet
63,7,0.1111111111111111,0.3387096774193548,0.4821428571428571,0.10770975056689341,0.9693877551020408,0.14758002576681037,-0.49424776088895506,0.48073292693332964,0.4821428571428571,0.19047619047619047,-0.03571428571428571,0.10714285714285714,0.8571428571428571,0.19047619047619047,6.0,50.0,1.0,6.0,0.10714285714285714,0.8928571428571429,0.14285714285714285,0.8571428571428571,0.10714285714285714,200.0,224.0,14,2501,252,126,60,isotonic,-0.05389030475290647,2022-03-14,2023-01-05,2023-04-10,f1,0.5341614906832298,,,stress_q10_10d__graph__logistic_elasticnet
63,11,0.1746031746031746,0.09428359417061791,0.513986013986014,0.2383076239547523,1.3648527553772178,0.15126845121902588,-0.04962322183271639,0.49835908871776347,0.5856643356643356,0.7301587301587301,0.15644655469368596,0.2857142857142857,0.36363636363636365,0.32,42.0,10.0,7.0,4.0,0.8076923076923077,0.19230769230769232,0.6363636363636364,0.36363636363636365,0.2857142857142857,40.0,56.0,15,2627,265,126,60,sigmoid,-0.055651891825536814,2022-09-13,2023-07-12,2023-10-10,f1,0.23529411764705882,,,stress_q10_10d__graph__logistic_elasticnet
63,0,0.0,0.1329325244406542,,,,,,,,,,,,,,,,,,,,,,,,16,2753,278,126,60,sigmoid,-0.0603036624368565,2023-03-16,2024-01-09,2024-04-11,f1,0.3188405797101449,degenerate label distribution; most metrics undefined,,stress_q10_10d__graph__logistic_elasticnet
63,0,0.0,0.6060076924371719,,,,,,,,,,,,,,,,,,,,,,,,17,2879,290,126,60,none,-0.05903753876790526,2023-09-15,2024-07-16,2024-10-14,f1,0.03508771929824561,degenerate label distribution; most metrics undefined,,stress_q10_10d__graph__logistic_elasticnet
63,12,0.19047619047619047,0.5,0.4281045751633987,0.1695027648167049,0.8898895152877008,0.20327147005729093,-0.31827526904801906,0.6184423828011243,0.47058823529411764,0.7619047619047619,-0.1084652289093281,0.0,0.0,0.0,48.0,3.0,12.0,0.0,0.9411764705882353,0.058823529411764705,1.0,0.0,0.0,12.0,12.0,18,3005,303,126,60,none,-0.05924857005525277,2024-03-19,2025-01-13,2025-04-17,f1,,,insufficient data; used fixed threshold,stress_q10_10d__graph__logistic_elasticnet
63,4,0.06349206349206349,0.09015852623167775,0.25,0.051520841398890176,0.8114532520325203,0.06385089388165585,-0.07383134667920377,0.2821954839012128,0.4152542372881356,0.7777777777777778,-0.11310089849124409,0.0,0.0,0.0,49.0,10.0,4.0,0.0,0.8305084745762712,0.1694915254237288,1.0,0.0,0.0,40.0,40.0,19,3131,315,126,60,sigmoid,-0.05823867824772672,2024-09-19,2025-07-21,2025-10-17,f1,0.2716049382716049,,,stress_q10_10d__graph__logistic_elasticnet
63,18,0.2857142857142857,0.101183956009644,0.4962962962962963,0.4732023843840508,1.656208345344178,0.23226540790221953,-0.1381004987208756,0.929557841008779,0.4888888888888889,0.4126984126984127,-0.02156655464068768,0.27906976744186046,0.6666666666666666,0.39344262295081966,14.0,31.0,6.0,12.0,0.3111111111111111,0.6888888888888889,0.3333333333333333,0.6666666666666666,0.27906976744186046,124.0,172.0,20,3257,328,126,60,sigmoid,-0.057388067548594435,2025-03-24,2026-01-19,2026-04-22,f1,0.3111111111111111,,,stress_q10_10d__graph__logistic_elasticnet
63,9,0.14285714285714285,0.0733107035809912,0.7386831275720165,0.4379033170778902,3.0653232195452316,0.11689176203199908,0.0453839434053408,0.38409869537797575,0.6203703703703703,0.42857142857142855,0.18097496507665395,0.18604651162790697,0.8888888888888888,0.3076923076923077,19.0,35.0,1.0,8.0,0.35185185185185186,0.6481481481481481,0.1111111111111111,0.8888888888888888,0.18604651162790697,140.0,172.0,0,737,76,126,60,sigmoid,-0.05421495775579127,2015-02-13,2015-12-16,2016-03-21,f1,0.30985915492957744,,,stress_q10_10d__graph__logistic_l2
63,0,0.0,0.09980661688358156,,,,,,,,,,,,,,,,,,,,,,,,1,863,89,126,60,sigmoid,-0.05515895717231778,2015-08-24,2016-06-22,2016-09-19,f1,0.5517241379310345,degenerate label distribution; most metrics undefined,,stress_q10_10d__graph__logistic_l2
63,0,0.0,0.5,,,,,,,,,,,,,,,,,,,,,,,,2,989,101,126,60,none,-0.05500265510017514,2016-02-25,2016-12-16,2017-03-22,f1,,degenerate label distribution; most metrics undefined,insufficient data; used fixed threshold,stress_q10_10d__graph__logistic_l2
63,0,0.0,0.5,,,,,,,,,,,,,,,,,,,,,,,,3,1115,114,126,60,none,-0.05296403632147818,2016-08-24,2017-06-23,2017-09-20,f1,,degenerate label distribution; most metrics undefined,insufficient data; used fixed threshold,stress_q10_10d__graph__logistic_l2
63,8,0.12698412698412698,0.5,0.475,0.13538449459202745,1.0661528949122163,0.14210871629760136,-0.2818852158754088,0.769898183831205,0.4909090909090909,0.8571428571428571,-0.04843594796964828,0.0,0.0,0.0,54.0,1.0,8.0,0.0,0.9818181818181818,0.01818181818181818,1.0,0.0,0.0,4.0,4.0,4,1241,126,126,60,none,-0.050166642623417176,2017-02-27,2017-12-19,2018-03-27,f1,,,insufficient data; used fixed threshold,stress_q10_10d__graph__logistic_l2
63,3,0.047619047619047616,0.16928272774758468,0.8777777777777778,0.2051948051948052,4.3090909090909095,0.06192635435878437,-0.3654761136111957,0.2674147156807886,0.5,0.047619047619047616,0.0,0.047619047619047616,1.0,0.09090909090909091,0.0,60.0,0.0,3.0,0.0,1.0,0.0,1.0,0.047619047619047616,240.0,252.0,5,1367,139,126,60,sigmoid,-0.04683321927816786,2017-08-25,2018-06-28,2018-09-25,f1,0.3157894736842105,,,stress_q10_10d__graph__logistic_l2
63,0,0.0,0.35714285714285715,,,,,,,,,,,,,,,,,,,,,,,,6,1493,152,126,60,isotonic,-0.04636823321543454,2018-03-02,2018-12-24,2019-03-29,f1,0.5714285714285714,degenerate label distribution; most metrics undefined,,stress_q10_10d__graph__logistic_l2
63,0,0.0,0.1087628809734928,,,,,,,,,,,,,,,,,,,,,,,,7,1619,164,126,60,sigmoid,-0.053042411950887464,2018-08-30,2019-07-03,2019-09-30,f1,0.26666666666666666,degenerate label distribution; most metrics undefined,,stress_q10_10d__graph__logistic_l2
63,27,0.42857142857142855,0.5,0.8117283950617283,0.8157700831593651,1.9034635273718519,0.4069769428657299,-0.6618225167017306,1.3348424306485263,0.5277777777777778,0.4603174603174603,0.156812512046795,0.4426229508196721,1.0,0.6136363636363636,2.0,34.0,0.0,27.0,0.05555555555555555,0.9444444444444444,0.0,1.0,0.4426229508196721,136.0,244.0,8,1745,177,126,60,none,-0.054169669591934,2019-03-06,2019-12-27,2020-04-01,f1,,,insufficient data; used fixed threshold,stress_q10_10d__graph__logistic_l2
63,10,0.15873015873015872,0.22482638888889,0.5660377358490566,0.17857142857142858,1.125,0.15844829158229365,-0.1865684326228747,0.49980613622294623,0.5660377358490566,0.2698412698412698,0.1535737792084878,0.17857142857142858,1.0,0.30303030303030304,7.0,46.0,0.0,10.0,0.1320754716981132,0.8679245283018868,0.0,1.0,0.17857142857142858,184.0,224.0,9,1871,189,126,60,isotonic,-0.05273847499401242,2019-09-05,2020-07-03,2020-09-30,f1,0.4731182795698925,,,stress_q10_10d__graph__logistic_l2
63,11,0.1746031746031746,0.12741155807921478,0.3181818181818181,0.14879993192028051,0.8522177919070612,0.14703166861514563,-0.020224987296351582,0.4752994481784318,0.34965034965034963,0.2222222222222222,-0.2820809477935769,0.12,0.5454545454545454,0.19672131147540983,8.0,44.0,5.0,6.0,0.15384615384615385,0.8461538461538461,0.45454545454545453,0.5454545454545454,0.12,176.0,200.0,10,1997,202,126,60,sigmoid,-0.053489156565667384,2020-03-09,2020-12-29,2021-04-02,f1,0.29213483146067415,,,stress_q10_10d__graph__logistic_l2
63,7,0.1111111111111111,0.10464940368698869,0.3826530612244898,0.23106565951963687,2.079590935676732,0.10008898850787928,-0.013401008642277779,0.3571049202698756,0.5,0.8888888888888888,0.0,0.0,0.0,0.0,56.0,0.0,7.0,0.0,1.0,0.0,1.0,0.0,,0.0,0.0,11,2123,215,126,60,sigmoid,-0.05515895717231778,2020-09-07,2021-07-06,2021-10-04,f1,0.2222222222222222,,,stress_q10_10d__graph__logistic_l2
63,3,0.047619047619047616,0.08968366066206912,0.14999999999999997,0.036925197089759436,0.7754291388849482,0.04701228668369017,-0.03662092137536832,0.2061087534757236,0.48333333333333334,0.9206349206349206,-0.0404888165089458,0.0,0.0,0.0,58.0,2.0,3.0,0.0,0.9666666666666667,0.03333333333333333,1.0,0.0,0.0,8.0,8.0,12,2249,227,126,60,sigmoid,-0.05500265510017514,2021-03-10,2021-12-31,2022-04-06,f1,0.3283582089552239,,,stress_q10_10d__graph__logistic_l2
63,19,0.30158730158730157,0.27657742924630935,0.6363636363636364,0.3593005853993927,1.191365098955881,0.24643386857027744,-0.16997132099931966,0.7028363751199865,0.5777511961722488,0.6190476190476191,0.14823347845758572,0.391304347826087,0.47368421052631576,0.42857142857142855,30.0,14.0,10.0,9.0,0.6818181818181818,0.3181818181818182,0.5263157894736842,0.47368421052631576,0.391304347826087,56.0,92.0,13,2375,240,126,60,sigmoid,-0.05503148132315091,2021-09-09,2022-07-08,2022-10-06,f1,0.5238095238095238,,,stress_q10_10d__graph__logistic_l2
63,7,0.1111111111111111,0.3428738317757009,0.4107142857142857,0.09262771954207008,0.8336494758786308,0.15377834214225786,-0.5570057141903608,0.818094137106648,0.375,0.3333333333333333,-0.1648085632718039,0.07317073170731707,0.42857142857142855,0.125,18.0,38.0,4.0,3.0,0.32142857142857145,0.6785714285714286,0.5714285714285714,0.42857142857142855,0.07317073170731707,152.0,164.0,14,2501,252,126,60,isotonic,-0.05389030475290647,2022-03-14,2023-01-05,2023-04-10,f1,0.5605095541401274,,,stress_q10_10d__graph__logistic_l2
63,11,0.1746031746031746,0.09520318613033805,0.4178321678321678,0.17277624709388978,0.9895366879013688,0.15076078849697902,-0.04610064605683539,0.49536966010471,0.458041958041958,0.4603174603174603,-0.06378603776778394,0.15151515151515152,0.45454545454545453,0.22727272727272727,24.0,28.0,6.0,5.0,0.46153846153846156,0.5384615384615384,0.5454545454545454,0.45454545454545453,0.15151515151515152,112.0,132.0,15,2627,265,126,60,sigmoid,-0.055651891825536814,2022-09-13,2023-07-12,2023-10-10,f1,0.20408163265306123,,,stress_q10_10d__graph__logistic_l2
63,0,0.0,0.1281241969652326,,,,,,,,,,,,,,,,,,,,,,,,16,2753,278,126,60,sigmoid,-0.0603036624368565,2023-03-16,2024-01-09,2024-04-11,f1,0.27956989247311825,degenerate label distribution; most metrics undefined,,stress_q10_10d__graph__logistic_l2
63,0,0.0,0.7461669528255429,,,,,,,,,,,,,,,,,,,,,,,,17,2879,290,126,60,none,-0.05903753876790526,2023-09-15,2024-07-16,2024-10-14,f1,0.05,degenerate label distribution; most metrics undefined,,stress_q10_10d__graph__logistic_l2
63,12,0.19047619047619047,0.5,0.3137254901960784,0.14545868765528858,0.7636581101902651,0.20485859803553003,-0.32856826078924617,0.7042503786152348,0.4803921568627451,0.7777777777777778,-0.08783257501821178,0.0,0.0,0.0,49.0,2.0,12.0,0.0,0.9607843137254902,0.0392156862745098,1.0,0.0,0.0,8.0,8.0,18,3005,303,126,60,none,-0.05924857005525277,2024-03-19,2025-01-13,2025-04-17,f1,,,insufficient data; used fixed threshold,stress_q10_10d__graph__logistic_l2
63,4,0.06349206349206349,0.08722315332994514,0.40254237288135597,0.06320834887866351,0.9955314948389504,0.06716996939030812,-0.1296508835175123,0.3723375266954473,0.4152542372881356,0.7777777777777778,-0.11310089849124409,0.0,0.0,0.0,49.0,10.0,4.0,0.0,0.8305084745762712,0.1694915254237288,1.0,0.0,0.0,40.0,40.0,19,3131,315,126,60,sigmoid,-0.05823867824772672,2024-09-19,2025-07-21,2025-10-17,f1,0.2891566265060241,,,stress_q10_10d__graph__logistic_l2
63,18,0.2857142857142857,0.08673521626871512,0.5172839506172839,0.4615636233690369,1.6154726817916292,0.2404417866867584,-0.17816475476511617,0.8488989665691866,0.4777777777777778,0.4444444444444444,-0.04078236951430928,0.2702702702702703,0.5555555555555556,0.36363636363636365,18.0,27.0,8.0,10.0,0.4,0.6,0.4444444444444444,0.5555555555555556,0.2702702702702703,108.0,148.0,20,3257,328,126,60,sigmoid,-0.057388067548594435,2025-03-24,2026-01-19,2026-04-22,f1,0.25,,,stress_q10_10d__graph__logistic_l2
63,9,0.14285714285714285,0.12781302185963422,0.4917695473251029,0.1620754971965615,1.1345284803759306,0.127499919738031,-0.04124934452725304,0.44170185185425964,0.3611111111111111,0.6190476190476191,-0.2282177322938192,0.0,0.0,0.0,39.0,15.0,9.0,0.0,0.7222222222222222,0.2777777777777778,1.0,0.0,0.0,60.0,60.0,0,737,76,126,60,sigmoid,-0.05421495775579127,2015-02-13,2015-12-16,2016-03-21,f1,0.36363636363636365,,,stress_q10_10d__graph__random_forest
63,0,0.0,0.0926039209725803,,,,,,,,,,,,,,,,,,,,,,,,1,863,89,126,60,sigmoid,-0.05515895717231778,2015-08-24,2016-06-22,2016-09-19,f1,0.29850746268656714,degenerate label distribution; most metrics undefined,,stress_q10_10d__graph__random_forest
63,0,0.0,0.5,,,,,,,,,,,,,,,,,,,,,,,,2,989,101,126,60,none,-0.05500265510017514,2016-02-25,2016-12-16,2017-03-22,f1,,degenerate label distribution; most metrics undefined,insufficient data; used fixed threshold,stress_q10_10d__graph__random_forest
63,0,0.0,0.5,,,,,,,,,,,,,,,,,,,,,,,,3,1115,114,126,60,none,-0.05296403632147818,2016-08-24,2017-06-23,2017-09-20,f1,,degenerate label distribution; most metrics undefined,insufficient data; used fixed threshold,stress_q10_10d__graph__random_forest
63,8,0.12698412698412698,0.5,0.4113636363636364,0.14291028129503627,1.1254184651984107,0.12276855747471763,-0.10742819231171441,0.4214996891627138,0.5,0.873015873015873,0.0,0.0,0.0,0.0,55.0,0.0,8.0,0.0,1.0,0.0,1.0,0.0,,0.0,0.0,4,1241,126,126,60,none,-0.050166642623417176,2017-02-27,2017-12-19,2018-03-27,f1,,,insufficient data; used fixed threshold,stress_q10_10d__graph__random_forest
63,3,0.047619047619047616,0.17230193690117748,0.8972222222222223,0.32916666666666666,6.9125000000000005,0.05808786584403955,-0.2808374418610722,0.2536576728978743,0.5,0.9523809523809523,0.0,0.0,0.0,0.0,60.0,0.0,3.0,0.0,1.0,0.0,1.0,0.0,,0.0,0.0,5,1367,139,126,60,sigmoid,-0.04683321927816786,2017-08-25,2018-06-28,2018-09-25,f1,0.3448275862068966,,,stress_q10_10d__graph__random_forest
63,0,0.0,0.25000025,,,,,,,,,,,,,,,,,,,,,,,,6,1493,152,126,60,isotonic,-0.04636823321543454,2018-03-02,2018-12-24,2019-03-29,f1,0.5813953488372093,degenerate label distribution; most metrics undefined,,stress_q10_10d__graph__random_forest
63,0,0.0,0.08682827117044689,,,,,,,,,,,,,,,,,,,,,,,,7,1619,164,126,60,sigmoid,-0.053042411950887464,2018-08-30,2019-07-03,2019-09-30,f1,0.5185185185185185,degenerate label distribution; most metrics undefined,,stress_q10_10d__graph__random_forest
63,27,0.42857142857142855,0.5,0.6574074074074073,0.5881548054004979,1.372361212601162,0.2285258155579009,0.06685291980523778,0.6443751888202616,0.5787037037037037,0.5555555555555556,0.1634011202231184,0.4878048780487805,0.7407407407407407,0.5882352941176471,15.0,21.0,7.0,20.0,0.4166666666666667,0.5833333333333334,0.25925925925925924,0.7407407407407407,0.4878048780487805,84.0,164.0,8,1745,177,126,60,none,-0.054169669591934,2019-03-06,2019-12-27,2020-04-01,f1,,,insufficient data; used fixed threshold,stress_q10_10d__graph__random_forest
63,10,0.15873015873015872,0.25,0.558490566037736,0.19772727272727275,1.2456818181818183,0.15251663424688724,-0.1421481534450859,0.4651827287339986,0.44528301886792454,0.47619047619047616,-0.07998972849458771,0.12903225806451613,0.4,0.1951219512195122,26.0,27.0,6.0,4.0,0.49056603773584906,0.5094339622641509,0.6,0.4,0.12903225806451613,108.0,124.0,9,1871,189,126,60,isotonic,-0.05273847499401242,2019-09-05,2020-07-03,2020-09-30,f1,0.4927536231884058,,,stress_q10_10d__graph__random_forest
63,11,0.1746031746031746,0.08778546989660742,0.1958041958041958,0.20409003156965633,1.1688792717171226,0.1629075091855473,-0.13038444747803735,0.607926659505027,0.3601398601398601,0.47619047619047616,-0.2156921960716251,0.07692307692307693,0.18181818181818182,0.10810810810810811,28.0,24.0,9.0,2.0,0.5384615384615384,0.46153846153846156,0.8181818181818182,0.18181818181818182,0.07692307692307693,96.0,104.0,10,1997,202,126,60,sigmoid,-0.053489156565667384,2020-03-09,2020-12-29,2021-04-02,f1,0.2857142857142857,,,stress_q10_10d__graph__random_forest
63,7,0.1111111111111111,0.24226843709599477,0.8125,0.2661664665866346,2.3954981992797117,0.08836053305730313,0.10534960279480576,0.2875713038962463,0.6160714285714286,0.7619047619047619,0.17548350532571264,0.21428571428571427,0.42857142857142855,0.2857142857142857,45.0,11.0,4.0,3.0,0.8035714285714286,0.19642857142857142,0.5714285714285714,0.42857142857142855,0.21428571428571427,44.0,56.0,11,2123,215,126,60,sigmoid,-0.05515895717231778,2020-09-07,2021-07-06,2021-10-04,f1,0.5,,,stress_q10_10d__graph__random_forest
63,3,0.047619047619047616,0.07639557903124142,0.0,0.032090184919375826,0.6738938833068924,0.06059124777747104,-0.33603701349323667,0.2656790853213425,0.1,0.19047619047619047,-0.4,0.0,0.0,0.0,12.0,48.0,3.0,0.0,0.2,0.8,1.0,0.0,0.0,192.0,192.0,12,2249,227,126,60,sigmoid,-0.05500265510017514,2021-03-10,2021-12-31,2022-04-06,f1,0.3582089552238806,,,stress_q10_10d__graph__random_forest
63,19,0.30158730158730157,0.19739582140878204,0.03588516746411483,0.17929142818199817,0.5944926302876782,0.2431235136105804,-0.1542550544502319,0.7084488214668414,0.056818181818181816,0.07936507936507936,-0.8376780679082779,0.0,0.0,0.0,5.0,39.0,19.0,0.0,0.11363636363636363,0.8863636363636364,1.0,0.0,0.0,156.0,156.0,13,2375,240,126,60,sigmoid,-0.05503148132315091,2021-09-09,2022-07-08,2022-10-06,f1,0.4,,,stress_q10_10d__graph__random_forest
63,7,0.1111111111111111,0.22252747252747448,0.36989795918367346,0.10348221976128952,0.9313399778516057,0.20901879514410823,-1.116315300834096,0.9268896915120792,0.3392857142857143,0.49206349206349204,-0.2041241452319315,0.037037037037037035,0.14285714285714285,0.058823529411764705,30.0,26.0,6.0,1.0,0.5357142857142857,0.4642857142857143,0.8571428571428571,0.14285714285714285,0.037037037037037035,104.0,108.0,14,2501,252,126,60,isotonic,-0.05389030475290647,2022-03-14,2023-01-05,2023-04-10,f1,0.6890756302521008,,,stress_q10_10d__graph__random_forest
63,11,0.1746031746031746,0.09427461748807062,0.6337412587412588,0.31417822664044476,1.7993843889407293,0.1508462877208462,-0.046693909028039604,0.49637895728436765,0.6048951048951049,0.7619047619047619,0.2028184785787092,0.3333333333333333,0.36363636363636365,0.34782608695652173,44.0,8.0,7.0,4.0,0.8461538461538461,0.15384615384615385,0.6363636363636364,0.36363636363636365,0.3333333333333333,32.0,48.0,15,2627,265,126,60,sigmoid,-0.055651891825536814,2022-09-13,2023-07-12,2023-10-10,f1,0.21428571428571427,,,stress_q10_10d__graph__random_forest
63,0,0.0,0.24856919013669512,,,,,,,,,,,,,,,,,,,,,,,,16,2753,278,126,60,sigmoid,-0.0603036624368565,2023-03-16,2024-01-09,2024-04-11,f1,0.46153846153846156,degenerate label distribution; most metrics undefined,,stress_q10_10d__graph__random_forest
63,0,0.0,0.5489518445705791,,,,,,,,,,,,,,,,,,,,,,,,17,2879,290,126,60,none,-0.05903753876790526,2023-09-15,2024-07-16,2024-10-14,f1,0.0196078431372549,degenerate label distribution; most metrics undefined,,stress_q10_10d__graph__random_forest
63,12,0.19047619047619047,0.5,0.08006535947712422,0.11594100518636476,0.608690277228415,0.35622192744984027,-1.3102039706673465,0.9385991306261426,0.22549019607843138,0.36507936507936506,-0.4338609156373124,0.0,0.0,0.0,23.0,28.0,12.0,0.0,0.45098039215686275,0.5490196078431373,1.0,0.0,0.0,112.0,112.0,18,3005,303,126,60,none,-0.05924857005525277,2024-03-19,2025-01-13,2025-04-17,f1,,,insufficient data; used fixed threshold,stress_q10_10d__graph__random_forest
63,4,0.06349206349206349,0.35312159057185244,0.6101694915254237,0.09629985754985755,1.5167227564102566,0.0647295533687809,-0.08860846322326865,0.3606673084237896,0.5,0.9365079365079365,0.0,0.0,0.0,0.0,59.0,0.0,4.0,0.0,1.0,0.0,1.0,0.0,,0.0,0.0,19,3131,315,126,60,sigmoid,-0.05823867824772672,2024-09-19,2025-07-21,2025-10-17,f1,0.5217391304347826,,,stress_q10_10d__graph__random_forest
63,18,0.2857142857142857,0.061878707554870974,0.3672839506172839,0.23290537747262152,0.8151688211541753,0.2427094812869787,-0.18927645830619566,0.7542294811850168,0.5,0.2857142857142857,0.0,0.2857142857142857,1.0,0.4444444444444444,0.0,45.0,0.0,18.0,0.0,1.0,0.0,1.0,0.2857142857142857,180.0,252.0,20,3257,328,126,60,sigmoid,-0.057388067548594435,2025-03-24,2026-01-19,2026-04-22,f1,0.24615384615384617,,,stress_q10_10d__graph__random_forest
63,9,0.14285714285714285,0.12299079431903984,0.8909465020576132,0.7208080808080808,5.045656565656566,0.11771952552155075,0.03862387490733554,0.38026297349231103,0.8425925925925926,0.7301587301587301,0.4870107670057071,0.34615384615384615,1.0,0.5142857142857142,37.0,17.0,0.0,9.0,0.6851851851851852,0.3148148148148148,0.0,1.0,0.34615384615384615,68.0,104.0,0,737,76,126,60,sigmoid,-0.05421495775579127,2015-02-13,2015-12-16,2016-03-21,f1,0.4230769230769231,,,stress_q10_10d__graph__hist_gradient_boosting
63,0,0.0,0.09233587866870191,,,,,,,,,,,,,,,,,,,,,,,,1,863,89,126,60,sigmoid,-0.05515895717231778,2015-08-24,2016-06-22,2016-09-19,f1,0.2702702702702703,degenerate label distribution; most metrics undefined,,stress_q10_10d__graph__hist_gradient_boosting
63,0,0.0,0.5,,,,,,,,,,,,,,,,,,,,,,,,2,989,101,126,60,none,-0.05500265510017514,2016-02-25,2016-12-16,2017-03-22,f1,,degenerate label distribution; most metrics undefined,insufficient data; used fixed threshold,stress_q10_10d__graph__hist_gradient_boosting
63,0,0.0,0.5,,,,,,,,,,,,,,,,,,,,,,,,3,1115,114,126,60,none,-0.05296403632147818,2016-08-24,2017-06-23,2017-09-20,f1,,degenerate label distribution; most metrics undefined,insufficient data; used fixed threshold,stress_q10_10d__graph__hist_gradient_boosting
63,8,0.12698412698412698,0.5,0.6409090909090909,0.19786789297658863,1.5582096571906356,0.12581691760484498,-0.1349257863037041,0.6542784411450291,0.5,0.873015873015873,0.0,0.0,0.0,0.0,55.0,0.0,8.0,0.0,1.0,0.0,1.0,0.0,,0.0,0.0,4,1241,126,126,60,none,-0.050166642623417176,2017-02-27,2017-12-19,2018-03-27,f1,,,insufficient data; used fixed threshold,stress_q10_10d__graph__hist_gradient_boosting
63,3,0.047619047619047616,0.1469017021165474,0.5361111111111111,0.06441413876504357,1.3526969140659149,0.05760332099959852,-0.2701532280411476,0.2506932927090059,0.5916666666666667,0.2222222222222222,0.1028441689009303,0.057692307692307696,1.0,0.10909090909090909,11.0,49.0,0.0,3.0,0.18333333333333332,0.8166666666666667,0.0,1.0,0.057692307692307696,196.0,208.0,5,1367,139,126,60,sigmoid,-0.04683321927816786,2017-08-25,2018-06-28,2018-09-25,f1,0.3088235294117647,,,stress_q10_10d__graph__hist_gradient_boosting
63,0,0.0,0.17708383333333333,,,,,,,,,,,,,,,,,,,,,,,,6,1493,152,126,60,isotonic,-0.04636823321543454,2018-03-02,2018-12-24,2019-03-29,f1,0.5780346820809249,degenerate label distribution; most metrics undefined,,stress_q10_10d__graph__hist_gradient_boosting
63,0,0.0,0.06215607114132103,,,,,,,,,,,,,,,,,,,,,,,,7,1619,164,126,60,sigmoid,-0.053042411950887464,2018-08-30,2019-07-03,2019-09-30,f1,0.12903225806451613,degenerate label distribution; most metrics undefined,,stress_q10_10d__graph__hist_gradient_boosting
63,27,0.42857142857142855,0.5,0.5241769547325102,0.4605552123690982,1.0746288288612291,0.3500962058397846,-0.4295595071791207,1.0895141004839222,0.5185185185185185,0.5873015873015873,0.14664711502135327,1.0,0.037037037037037035,0.07142857142857142,36.0,0.0,26.0,1.0,1.0,0.0,0.9629629629629629,0.037037037037037035,1.0,0.0,4.0,8,1745,177,126,60,none,-0.054169669591934,2019-03-06,2019-12-27,2020-04-01,f1,,,insufficient data; used fixed threshold,stress_q10_10d__graph__hist_gradient_boosting
63,10,0.15873015873015872,0.16211293260473586,0.6915094339622642,0.4210062893081761,2.6523396226415095,0.11850047723028555,0.11258793560942748,0.3991982984905795,0.5754716981132075,0.2857142857142857,0.16566307331251645,0.18181818181818182,1.0,0.3076923076923077,8.0,45.0,0.0,10.0,0.1509433962264151,0.8490566037735849,0.0,1.0,0.18181818181818182,180.0,220.0,9,1871,189,126,60,isotonic,-0.05273847499401242,2019-09-05,2020-07-03,2020-09-30,f1,0.4090909090909091,,,stress_q10_10d__graph__hist_gradient_boosting
63,11,0.1746031746031746,0.404974203706277,0.8295454545454546,0.5698991797676008,3.263968029578078,0.13630333446206858,0.054216897762324745,0.44399168400072075,0.5,0.8253968253968254,0.0,0.0,0.0,0.0,52.0,0.0,11.0,0.0,1.0,0.0,1.0,0.0,,0.0,0.0,10,1997,202,126,60,sigmoid,-0.053489156565667384,2020-03-09,2020-12-29,2021-04-02,f1,0.47619047619047616,,,stress_q10_10d__graph__hist_gradient_boosting
63,7,0.1111111111111111,0.11256132082573125,0.6645408163265306,0.1753968802221082,1.5785719219989738,0.09669593794819424,0.020953628274533287,0.3371320569020981,0.6428571428571428,0.36507936507936506,0.20628424925175867,0.14893617021276595,1.0,0.25925925925925924,16.0,40.0,0.0,7.0,0.2857142857142857,0.7142857142857143,0.0,1.0,0.14893617021276595,160.0,188.0,11,2123,215,126,60,sigmoid,-0.05515895717231778,2020-09-07,2021-07-06,2021-10-04,f1,0.23333333333333334,,,stress_q10_10d__graph__hist_gradient_boosting
63,3,0.047619047619047616,0.11180366689678412,0.3055555555555555,0.04517951434028279,0.9487698011459387,0.06019357825094893,-0.3272684004334241,0.28146329769498424,0.3333333333333333,0.6349206349206349,-0.15249857033260467,0.0,0.0,0.0,40.0,20.0,3.0,0.0,0.6666666666666666,0.3333333333333333,1.0,0.0,0.0,80.0,80.0,12,2249,227,126,60,sigmoid,-0.05500265510017514,2021-03-10,2021-12-31,2022-04-06,f1,0.3870967741935484,,,stress_q10_10d__graph__hist_gradient_boosting
63,19,0.30158730158730157,0.17519810629389007,0.6590909090909091,0.4193047815345517,1.3903263808777242,0.22645984159277432,-0.07514247760971471,0.6593403724009235,0.5741626794258373,0.6349206349206349,0.14624105815482005,0.4,0.42105263157894735,0.41025641025641024,32.0,12.0,11.0,8.0,0.7272727272727273,0.2727272727272727,0.5789473684210527,0.42105263157894735,0.4,48.0,80.0,13,2375,240,126,60,sigmoid,-0.05503148132315091,2021-09-09,2022-07-08,2022-10-06,f1,0.38461538461538464,,,stress_q10_10d__graph__hist_gradient_boosting
63,7,0.1111111111111111,0.3333333333333333,0.3354591836734694,0.0848786021993973,0.7639074197945758,0.1695569125922218,-0.7167637399962459,0.5273292016818278,0.4821428571428571,0.19047619047619047,-0.03571428571428571,0.10714285714285714,0.8571428571428571,0.19047619047619047,6.0,50.0,1.0,6.0,0.10714285714285714,0.8928571428571429,0.14285714285714285,0.8571428571428571,0.10714285714285714,200.0,224.0,14,2501,252,126,60,isotonic,-0.05389030475290647,2022-03-14,2023-01-05,2023-04-10,f1,0.5512820512820513,,,stress_q10_10d__graph__hist_gradient_boosting
63,11,0.1746031746031746,0.08564200218197685,0.5104895104895104,0.23413193281505518,1.3409374333953161,0.14895359417544277,-0.033560865878203616,0.485126229854007,0.5480769230769231,0.25396825396825395,0.1350410095880397,0.1896551724137931,1.0,0.3188405797101449,5.0,47.0,0.0,11.0,0.09615384615384616,0.9038461538461539,0.0,1.0,0.1896551724137931,188.0,232.0,15,2627,265,126,60,sigmoid,-0.055651891825536814,2022-09-13,2023-07-12,2023-10-10,f1,0.21153846153846154,,,stress_q10_10d__graph__hist_gradient_boosting
63,0,0.0,0.1976428011447174,,,,,,,,,,,,,,,,,,,,,,,,16,2753,278,126,60,sigmoid,-0.0603036624368565,2023-03-16,2024-01-09,2024-04-11,f1,0.46153846153846156,degenerate label distribution; most metrics undefined,,stress_q10_10d__graph__hist_gradient_boosting
63,0,0.0,0.07618976703339986,,,,,,,,,,,,,,,,,,,,,,,,17,2879,290,126,60,none,-0.05903753876790526,2023-09-15,2024-07-16,2024-10-14,f1,0.02247191011235955,degenerate label distribution; most metrics undefined,,stress_q10_10d__graph__hist_gradient_boosting
63,12,0.19047619047619047,0.5,0.3978758169934641,0.1729016016567123,0.9077334086977397,0.18425729399905683,-0.1949627449056479,0.6826694690745289,0.5,0.8095238095238095,0.0,0.0,0.0,0.0,51.0,0.0,12.0,0.0,1.0,0.0,1.0,0.0,,0.0,0.0,18,3005,303,126,60,none,-0.05924857005525277,2024-03-19,2025-01-13,2025-04-17,f1,,,insufficient data; used fixed threshold,stress_q10_10d__graph__hist_gradient_boosting
63,4,0.06349206349206349,0.17200565332012713,0.7203389830508474,0.1542380033759344,2.429248553170967,0.05852333248935514,0.01576649724470114,0.21944765666720492,0.5,0.9365079365079365,0.0,0.0,0.0,0.0,59.0,0.0,4.0,0.0,1.0,0.0,1.0,0.0,,0.0,0.0,19,3131,315,126,60,sigmoid,-0.05823867824772672,2024-09-19,2025-07-21,2025-10-17,f1,0.3125,,,stress_q10_10d__graph__hist_gradient_boosting
63,18,0.2857142857142857,0.06502871044387659,0.6518518518518519,0.5370839594028736,1.8797938579100575,0.265325249143973,-0.3000937208054677,0.970655183842829,0.5,0.7142857142857143,0.0,0.0,0.0,0.0,45.0,0.0,18.0,0.0,1.0,0.0,1.0,0.0,,0.0,0.0,20,3257,328,126,60,sigmoid,-0.057388067548594435,2025-03-24,2026-01-19,2026-04-22,f1,0.25,,,stress_q10_10d__graph__hist_gradient_boosting
63,9,0.14285714285714285,0.09524020361259937,0.5,0.14285714285714285,1.0,0.12471635249485526,-0.018516878707984574,0.42169540752662626,0.5,0.14285714285714285,0.0,0.14285714285714285,1.0,0.25,0.0,54.0,0.0,9.0,0.0,1.0,0.0,1.0,0.14285714285714285,216.0,252.0,0,756,76,126,60,sigmoid,-0.05421495775579127,2015-02-13,2015-12-16,2016-03-21,f1,0.17391304347826086,,,stress_q10_10d__combined__naive_frequency
63,0,0.0,0.08730602049563672,,,,,,,,,,,,,,,,,,,,,,,,1,882,89,126,60,sigmoid,-0.05515895717231778,2015-08-24,2016-06-22,2016-09-19,f1,0.16058394160583941,degenerate label distribution; most metrics undefined,,stress_q10_10d__combined__naive_frequency
63,0,0.0,0.5,,,,,,,,,,,,,,,,,,,,,,,,2,1008,101,126,60,none,-0.05500265510017514,2016-02-25,2016-12-16,2017-03-22,f1,,degenerate label distribution; most metrics undefined,insufficient data; used fixed threshold,stress_q10_10d__combined__naive_frequency
63,0,0.0,0.5,,,,,,,,,,,,,,,,,,,,,,,,3,1134,114,126,60,none,-0.05296403632147818,2016-08-24,2017-06-23,2017-09-20,f1,,degenerate label distribution; most metrics undefined,insufficient data; used fixed threshold,stress_q10_10d__combined__naive_frequency
63,8,0.12698412698412698,0.5,0.5,0.12698412698412698,1.0,0.11158730158730158,-0.006568181818181973,0.3843731603989334,0.5,0.873015873015873,0.0,0.0,0.0,0.0,55.0,0.0,8.0,0.0,1.0,0.0,1.0,0.0,,0.0,0.0,4,1260,126,126,60,none,-0.050166642623417176,2017-02-27,2017-12-19,2018-03-27,f1,,,insufficient data; used fixed threshold,stress_q10_10d__combined__naive_frequency
63,3,0.047619047619047616,0.16666845899935176,0.5,0.047619047619047616,1.0,0.05952423627289939,-0.3125094098174319,0.25896299367616965,0.5,0.047619047619047616,0.0,0.047619047619047616,1.0,0.09090909090909091,0.0,60.0,0.0,3.0,0.0,1.0,0.0,1.0,0.047619047619047616,240.0,252.0,5,1386,139,126,60,sigmoid,-0.04683321927816786,2017-08-25,2018-06-28,2018-09-25,f1,0.2857142857142857,,,stress_q10_10d__combined__naive_frequency
63,0,0.0,0.3968253968253968,,,,,,,,,,,,,,,,,,,,,,,,6,1512,152,126,60,isotonic,-0.04636823321543454,2018-03-02,2018-12-24,2019-03-29,f1,0.5681818181818182,degenerate label distribution; most metrics undefined,,stress_q10_10d__combined__naive_frequency
63,0,0.0,0.05563056619262398,,,,,,,,,,,,,,,,,,,,,,,,7,1638,164,126,60,sigmoid,-0.053042411950887464,2018-08-30,2019-07-03,2019-09-30,f1,0.10526315789473684,degenerate label distribution; most metrics undefined,,stress_q10_10d__combined__naive_frequency
63,27,0.42857142857142855,0.5,0.5,0.42857142857142855,1.0,0.3526337405710584,-0.4399211073318219,1.0457889394485764,0.5,0.5714285714285714,0.0,0.0,0.0,0.0,36.0,0.0,27.0,0.0,1.0,0.0,1.0,0.0,,0.0,0.0,8,1764,177,126,60,none,-0.054169669591934,2019-03-06,2019-12-27,2020-04-01,f1,,,insufficient data; used fixed threshold,stress_q10_10d__combined__naive_frequency
63,10,0.15873015873015872,0.23015873015873015,0.5,0.15873015873015872,1.0,0.13863693625598392,-0.038207547169811784,0.4532241266253822,0.5,0.15873015873015872,0.0,0.15873015873015872,1.0,0.273972602739726,0.0,53.0,0.0,10.0,0.0,1.0,0.0,1.0,0.15873015873015872,212.0,252.0,9,1890,189,126,60,isotonic,-0.05273847499401242,2019-09-05,2020-07-03,2020-09-30,f1,0.3741935483870968,,,stress_q10_10d__combined__naive_frequency
63,11,0.1746031746031746,0.12701189555317913,0.5,0.1746031746031746,1.0,0.14638183586328254,-0.015715920526867988,0.472405619143354,0.5,0.1746031746031746,0.0,0.1746031746031746,1.0,0.2972972972972973,0.0,52.0,0.0,11.0,0.0,1.0,0.0,1.0,0.1746031746031746,208.0,252.0,10,2016,202,126,60,sigmoid,-0.053489156565667384,2020-03-09,2020-12-29,2021-04-02,f1,0.22535211267605634,,,stress_q10_10d__combined__naive_frequency
63,7,0.1111111111111111,0.08730602132246743,0.5,0.1111111111111111,1.0,0.09933211439861084,-0.005737658285934755,0.3521303266340337,0.5,0.1111111111111111,0.0,0.1111111111111111,1.0,0.2,0.0,56.0,0.0,7.0,0.0,1.0,0.0,1.0,0.1111111111111111,224.0,252.0,11,2142,215,126,60,sigmoid,-0.05515895717231778,2020-09-07,2021-07-06,2021-10-04,f1,0.16058394160583941,,,stress_q10_10d__combined__naive_frequency
63,3,0.047619047619047616,0.10317558832714903,0.5,0.047619047619047616,1.0,0.048438003138353426,-0.06805796920069329,0.21186793979534918,0.5,0.047619047619047616,0.0,0.047619047619047616,1.0,0.09090909090909091,0.0,60.0,0.0,3.0,0.0,1.0,0.0,1.0,0.047619047619047616,240.0,252.0,12,2268,227,126,60,sigmoid,-0.05500265510017514,2021-03-10,2021-12-31,2022-04-06,f1,0.18705035971223022,,,stress_q10_10d__combined__naive_frequency
63,19,0.30158730158730157,0.1826328571364043,0.5,0.30158730158730157,1.0,0.22478256096321322,-0.06717940725238458,0.6536287968004755,0.5,0.30158730158730157,0.0,0.30158730158730157,1.0,0.4634146341463415,0.0,44.0,0.0,19.0,0.0,1.0,0.0,1.0,0.30158730158730157,176.0,252.0,13,2394,240,126,60,sigmoid,-0.05503148132315091,2021-09-09,2022-07-08,2022-10-06,f1,0.3087248322147651,,,stress_q10_10d__combined__naive_frequency
63,7,0.1111111111111111,0.35714285714285715,0.5,0.1111111111111111,1.0,0.15929705215419498,-0.6128826530612244,0.5071423817126083,0.5,0.1111111111111111,0.0,0.1111111111111111,1.0,0.2,0.0,56.0,0.0,7.0,0.0,1.0,0.0,1.0,0.1111111111111111,224.0,252.0,14,2520,252,126,60,isotonic,-0.05389030475290647,2022-03-14,2023-01-05,2023-04-10,f1,0.5263157894736842,,,stress_q10_10d__combined__naive_frequency
63,11,0.1746031746031746,0.0952402039220361,0.5,0.1746031746031746,1.0,0.15041538713700314,-0.04370397123560421,0.4931642113879139,0.5,0.1746031746031746,0.0,0.1746031746031746,1.0,0.2972972972972973,0.0,52.0,0.0,11.0,0.0,1.0,0.0,1.0,0.1746031746031746,208.0,252.0,15,2646,265,126,60,sigmoid,-0.055651891825536814,2022-09-13,2023-07-12,2023-10-10,f1,0.17391304347826086,,,stress_q10_10d__combined__naive_frequency
63,0,0.0,0.13493745452896921,,,,,,,,,,,,,,,,,,,,,,,,16,2772,278,126,60,sigmoid,-0.0603036624368565,2023-03-16,2024-01-09,2024-04-11,f1,0.23776223776223776,degenerate label distribution; most metrics undefined,,stress_q10_10d__combined__naive_frequency
63,0,0.0,0.10006901311249138,,,,,,,,,,,,,,,,,,,,,,,,17,2898,290,126,60,none,-0.05903753876790526,2023-09-15,2024-07-16,2024-10-14,f1,0.015748031496062992,degenerate label distribution; most metrics undefined,,stress_q10_10d__combined__naive_frequency
63,12,0.19047619047619047,0.5,0.5,0.19047619047619047,1.0,0.1623450884983623,-0.0528556474673203,0.5236804143778678,0.5,0.8095238095238095,0.0,0.0,0.0,0.0,51.0,0.0,12.0,0.0,1.0,0.0,1.0,0.0,,0.0,0.0,18,3024,303,126,60,none,-0.05924857005525277,2024-03-19,2025-01-13,2025-04-17,f1,,,insufficient data; used fixed threshold,stress_q10_10d__combined__naive_frequency
63,4,0.06349206349206349,0.09524020404549559,0.5,0.06349206349206349,1.0,0.060468765794183754,-0.016951404394556446,0.24302339732041855,0.5,0.06349206349206349,0.0,0.06349206349206349,1.0,0.11940298507462686,0.0,59.0,0.0,4.0,0.0,1.0,0.0,1.0,0.06349206349206349,236.0,252.0,19,3150,315,126,60,sigmoid,-0.05823867824772672,2024-09-19,2025-07-21,2025-10-17,f1,0.17391304347826086,,,stress_q10_10d__combined__naive_frequency
63,18,0.2857142857142857,0.06352976369673861,0.5,0.2857142857142857,1.0,0.25344759447722714,-0.24189321293841304,0.8343830319662049,0.5,0.2857142857142857,0.0,0.2857142857142857,1.0,0.4444444444444444,0.0,45.0,0.0,18.0,0.0,1.0,0.0,1.0,0.2857142857142857,180.0,252.0,20,3276,328,126,60,sigmoid,-0.057388067548594435,2025-03-24,2026-01-19,2026-04-22,f1,0.11940298507462686,,,stress_q10_10d__combined__naive_frequency
63,9,0.14285714285714285,0.21659890302934645,0.1748971193415638,0.09817611803334636,0.6872328262334245,0.14233050977285763,-0.1623658298116708,0.5241240808480826,0.42592592592592593,0.7301587301587301,-0.1556997888323046,0.0,0.0,0.0,46.0,8.0,9.0,0.0,0.8518518518518519,0.14814814814814814,1.0,0.0,0.0,32.0,32.0,0,756,76,126,60,sigmoid,-0.05421495775579127,2015-02-13,2015-12-16,2016-03-21,f1,0.43478260869565216,,,stress_q10_10d__combined__logistic_elasticnet
63,0,0.0,0.11159832220922179,,,,,,,,,,,,,,,,,,,,,,,,1,882,89,126,60,sigmoid,-0.05515895717231778,2015-08-24,2016-06-22,2016-09-19,f1,0.27586206896551724,degenerate label distribution; most metrics undefined,,stress_q10_10d__combined__logistic_elasticnet
63,0,0.0,0.5,,,,,,,,,,,,,,,,,,,,,,,,2,1008,101,126,60,none,-0.05500265510017514,2016-02-25,2016-12-16,2017-03-22,f1,,degenerate label distribution; most metrics undefined,insufficient data; used fixed threshold,stress_q10_10d__combined__logistic_elasticnet
63,0,0.0,0.5,,,,,,,,,,,,,,,,,,,,,,,,3,1134,114,126,60,none,-0.05296403632147818,2016-08-24,2017-06-23,2017-09-20,f1,,degenerate label distribution; most metrics undefined,insufficient data; used fixed threshold,stress_q10_10d__combined__logistic_elasticnet
63,8,0.12698412698412698,0.5,0.5386363636363636,0.17021943813264517,1.3404780752945809,0.47887802478788466,-3.3196974554161693,1.4134482519891678,0.6363636363636364,0.36507936507936506,0.21320071635561044,0.16666666666666666,1.0,0.2857142857142857,15.0,40.0,0.0,8.0,0.2727272727272727,0.7272727272727273,0.0,1.0,0.16666666666666666,160.0,192.0,4,1260,126,126,60,none,-0.050166642623417176,2017-02-27,2017-12-19,2018-03-27,f1,,,insufficient data; used fixed threshold,stress_q10_10d__combined__logistic_elasticnet
63,3,0.047619047619047616,0.1734310058021948,0.08333333333333333,0.03463203463203463,0.7272727272727273,0.0790643878656393,-0.7433697524373468,0.31471869043609646,0.26666666666666666,0.5079365079365079,-0.2,0.0,0.0,0.0,32.0,28.0,3.0,0.0,0.5333333333333333,0.4666666666666667,1.0,0.0,0.0,112.0,112.0,5,1386,139,126,60,sigmoid,-0.04683321927816786,2017-08-25,2018-06-28,2018-09-25,f1,0.45161290322580644,,,stress_q10_10d__combined__logistic_elasticnet
63,0,0.0,0.30000024999999997,,,,,,,,,,,,,,,,,,,,,,,,6,1512,152,126,60,isotonic,-0.04636823321543454,2018-03-02,2018-12-24,2019-03-29,f1,0.5813953488372093,degenerate label distribution; most metrics undefined,,stress_q10_10d__combined__logistic_elasticnet
63,0,0.0,0.06713539387035725,,,,,,,,,,,,,,,,,,,,,,,,7,1638,164,126,60,sigmoid,-0.053042411950887464,2018-08-30,2019-07-03,2019-09-30,f1,0.18461538461538463,degenerate label distribution; most metrics undefined,,stress_q10_10d__combined__logistic_elasticnet
63,27,0.42857142857142855,0.5,0.7139917695473249,0.7468548891214883,1.7426614079501395,0.3590113180873875,-0.4659628821901658,1.092382378803512,0.5462962962962963,0.5079365079365079,0.1075828707279838,0.4583333333333333,0.8148148148148148,0.5866666666666667,10.0,26.0,5.0,22.0,0.2777777777777778,0.7222222222222222,0.18518518518518517,0.8148148148148148,0.4583333333333333,104.0,192.0,8,1764,177,126,60,none,-0.054169669591934,2019-03-06,2019-12-27,2020-04-01,f1,,,insufficient data; used fixed threshold,stress_q10_10d__combined__logistic_elasticnet
63,10,0.15873015873015872,0.2463768115942029,0.6452830188679245,0.2205128205128205,1.3892307692307693,0.13254351660166228,0.007424118128306345,0.4145210354967483,0.6037735849056604,0.3333333333333333,0.1997821745587124,0.19230769230769232,1.0,0.3225806451612903,11.0,42.0,0.0,10.0,0.20754716981132076,0.7924528301886793,0.0,1.0,0.19230769230769232,168.0,208.0,9,1890,189,126,60,isotonic,-0.05273847499401242,2019-09-05,2020-07-03,2020-09-30,f1,0.48333333333333334,,,stress_q10_10d__combined__logistic_elasticnet
63,11,0.1746031746031746,0.1474733868021365,0.8234265734265733,0.42897277730869054,2.4568440882225007,0.12026185611053747,0.16552568723300132,0.37098344443230635,0.8033216783216783,0.7936507936507936,0.49474593521632426,0.45,0.8181818181818182,0.5806451612903226,41.0,11.0,2.0,9.0,0.7884615384615384,0.21153846153846154,0.18181818181818182,0.8181818181818182,0.45,44.0,80.0,10,2016,202,126,60,sigmoid,-0.053489156565667384,2020-03-09,2020-12-29,2021-04-02,f1,0.3548387096774194,,,stress_q10_10d__combined__logistic_elasticnet
63,7,0.1111111111111111,0.09196049718419891,0.8010204081632653,0.6401064773735581,5.760958296362023,0.09638437473681694,0.0241082057897285,0.3350414270880455,0.7589285714285714,0.9047619047619048,0.5178571428571429,0.5714285714285714,0.5714285714285714,0.5714285714285714,53.0,3.0,3.0,4.0,0.9464285714285714,0.05357142857142857,0.42857142857142855,0.5714285714285714,0.5714285714285714,12.0,28.0,11,2142,215,126,60,sigmoid,-0.05515895717231778,2020-09-07,2021-07-06,2021-10-04,f1,0.2692307692307692,,,stress_q10_10d__combined__logistic_elasticnet
63,3,0.047619047619047616,0.17284277671319392,0.861111111111111,0.18716931216931215,3.9305555555555554,0.04401344901831027,0.029503449146258354,0.17533544329829687,0.49166666666666664,0.9365079365079365,-0.028398091712353243,0.0,0.0,0.0,59.0,1.0,3.0,0.0,0.9833333333333333,0.016666666666666666,1.0,0.0,0.0,4.0,4.0,12,2268,227,126,60,sigmoid,-0.05500265510017514,2021-03-10,2021-12-31,2022-04-06,f1,0.3902439024390244,,,stress_q10_10d__combined__logistic_elasticnet
63,19,0.30158730158730157,0.1784965541080595,0.19736842105263158,0.20333191228394298,0.6742058144151793,0.22612058790087208,-0.07353183418488207,0.6580906627418402,0.39114832535885163,0.25396825396825395,-0.31792539222893706,0.25,0.7368421052631579,0.37333333333333335,2.0,42.0,5.0,14.0,0.045454545454545456,0.9545454545454546,0.2631578947368421,0.7368421052631579,0.25,168.0,224.0,13,2394,240,126,60,sigmoid,-0.05503148132315091,2021-09-09,2022-07-08,2022-10-06,f1,0.41904761904761906,,,stress_q10_10d__combined__logistic_elasticnet
63,7,0.1111111111111111,0.3333333333333333,0.5,0.1111111111111111,1.0,0.14814814814814808,-0.49999999999999933,0.4824814615037137,0.5,0.1111111111111111,0.0,0.1111111111111111,1.0,0.2,0.0,56.0,0.0,7.0,0.0,1.0,0.0,1.0,0.1111111111111111,224.0,252.0,14,2520,252,126,60,isotonic,-0.05389030475290647,2022-03-14,2023-01-05,2023-04-10,f1,0.5263157894736842,,,stress_q10_10d__combined__logistic_elasticnet
63,11,0.1746031746031746,0.16826643669627953,0.45279720279720276,0.18438568058261612,1.0560270797004379,0.15854632215959286,-0.10012299414584636,0.5609042800343437,0.5,0.8253968253968254,0.0,0.0,0.0,0.0,52.0,0.0,11.0,0.0,1.0,0.0,1.0,0.0,,0.0,0.0,15,2646,265,126,60,sigmoid,-0.055651891825536814,2022-09-13,2023-07-12,2023-10-10,f1,0.4666666666666667,,,stress_q10_10d__combined__logistic_elasticnet
63,0,0.0,0.14466045792145976,,,,,,,,,,,,,,,,,,,,,,,,16,2772,278,126,60,sigmoid,-0.0603036624368565,2023-03-16,2024-01-09,2024-04-11,f1,0.35294117647058826,degenerate label distribution; most metrics undefined,,stress_q10_10d__combined__logistic_elasticnet
63,0,0.0,0.5302094559479275,,,,,,,,,,,,,,,,,,,,,,,,17,2898,290,126,60,none,-0.05903753876790526,2023-09-15,2024-07-16,2024-10-14,f1,0.03508771929824561,degenerate label distribution; most metrics undefined,,stress_q10_10d__combined__logistic_elasticnet
63,12,0.19047619047619047,0.5,0.6029411764705882,0.22379217444674637,1.1749089158454185,0.2322272644772182,-0.5060621122713711,0.7043139879161512,0.4215686274509804,0.6825396825396826,-0.18499891602515212,0.0,0.0,0.0,43.0,8.0,12.0,0.0,0.8431372549019608,0.1568627450980392,1.0,0.0,0.0,32.0,32.0,18,3024,303,126,60,none,-0.05924857005525277,2024-03-19,2025-01-13,2025-04-17,f1,,,insufficient data; used fixed threshold,stress_q10_10d__combined__logistic_elasticnet
63,4,0.06349206349206349,0.09514216999879666,0.24576271186440676,0.051168908428122994,0.8059103077429373,0.061356569025249136,-0.03188229856446534,0.25007617525202797,0.4152542372881356,0.7777777777777778,-0.11310089849124409,0.0,0.0,0.0,49.0,10.0,4.0,0.0,0.8305084745762712,0.1694915254237288,1.0,0.0,0.0,40.0,40.0,19,3150,315,126,60,sigmoid,-0.05823867824772672,2024-09-19,2025-07-21,2025-10-17,f1,0.2597402597402597,,,stress_q10_10d__combined__logistic_elasticnet
63,18,0.2857142857142857,0.1393635909534126,0.41728395061728396,0.3311645614170019,1.1590759649595068,0.2395876106865023,-0.17397929236386123,1.403103684961195,0.38888888888888884,0.36507936507936506,-0.20519567041703082,0.21052631578947367,0.4444444444444444,0.2857142857142857,15.0,30.0,10.0,8.0,0.3333333333333333,0.6666666666666666,0.5555555555555556,0.4444444444444444,0.21052631578947367,120.0,152.0,20,3276,328,126,60,sigmoid,-0.057388067548594435,2025-03-24,2026-01-19,2026-04-22,f1,0.4117647058823529,,,stress_q10_10d__combined__logistic_elasticnet
63,9,0.14285714285714285,0.10324160969194127,0.1337448559670782,0.1100672673113305,0.7704708711793136,0.12562344601883174,-0.025924809153792472,0.42710552961238146,0.5,0.8571428571428571,0.0,0.0,0.0,0.0,54.0,0.0,9.0,0.0,1.0,0.0,1.0,0.0,,0.0,0.0,0,756,76,126,60,sigmoid,-0.05421495775579127,2015-02-13,2015-12-16,2016-03-21,f1,0.32,,,stress_q10_10d__combined__logistic_l2
63,0,0.0,0.09544597797193657,,,,,,,,,,,,,,,,,,,,,,,,1,882,89,126,60,sigmoid,-0.05515895717231778,2015-08-24,2016-06-22,2016-09-19,f1,0.18518518518518517,degenerate label distribution; most metrics undefined,,stress_q10_10d__combined__logistic_l2
63,0,0.0,0.5,,,,,,,,,,,,,,,,,,,,,,,,2,1008,101,126,60,none,-0.05500265510017514,2016-02-25,2016-12-16,2017-03-22,f1,,degenerate label distribution; most metrics undefined,insufficient data; used fixed threshold,stress_q10_10d__combined__logistic_l2
63,0,0.0,0.5,,,,,,,,,,,,,,,,,,,,,,,,3,1134,114,126,60,none,-0.05296403632147818,2016-08-24,2017-06-23,2017-09-20,f1,,degenerate label distribution; most metrics undefined,insufficient data; used fixed threshold,stress_q10_10d__combined__logistic_l2
63,8,0.12698412698412698,0.5,0.7227272727272728,0.24838587712702978,1.9560387823753596,0.8130058846607205,-6.333682627769091,5.327863425460834,0.509090909090909,0.14285714285714285,0.04843594796964828,0.12903225806451613,1.0,0.22857142857142856,1.0,54.0,0.0,8.0,0.01818181818181818,0.9818181818181818,0.0,1.0,0.12903225806451613,216.0,248.0,4,1260,126,126,60,none,-0.050166642623417176,2017-02-27,2017-12-19,2018-03-27,f1,,,insufficient data; used fixed threshold,stress_q10_10d__combined__logistic_l2
63,3,0.047619047619047616,0.16048885049252465,0.10000000000000002,0.03531898072127958,0.7416985951468712,0.05612996714186202,-0.23766577547805778,0.24623276282584042,0.49166666666666664,0.9365079365079365,-0.028398091712353243,0.0,0.0,0.0,59.0,1.0,3.0,0.0,0.9833333333333333,0.016666666666666666,1.0,0.0,0.0,4.0,4.0,5,1386,139,126,60,sigmoid,-0.04683321927816786,2017-08-25,2018-06-28,2018-09-25,f1,0.43333333333333335,,,stress_q10_10d__combined__logistic_l2
63,0,0.0,0.30000025,,,,,,,,,,,,,,,,,,,,,,,,6,1512,152,126,60,isotonic,-0.04636823321543454,2018-03-02,2018-12-24,2019-03-29,f1,0.5813953488372093,degenerate label distribution; most metrics undefined,,stress_q10_10d__combined__logistic_l2
63,0,0.0,0.10209548026940538,,,,,,,,,,,,,,,,,,,,,,,,7,1638,164,126,60,sigmoid,-0.053042411950887464,2018-08-30,2019-07-03,2019-09-30,f1,0.21739130434782608,degenerate label distribution; most metrics undefined,,stress_q10_10d__combined__logistic_l2
63,27,0.42857142857142855,0.5,0.7335390946502057,0.7613458024371449,1.7764735390200048,0.4161125701661174,-0.6991263281783131,1.4663886742209227,0.44907407407407407,0.3968253968253968,-0.15138251770487457,0.4,0.8148148148148148,0.5365853658536586,3.0,33.0,5.0,22.0,0.08333333333333333,0.9166666666666666,0.18518518518518517,0.8148148148148148,0.4,132.0,220.0,8,1764,177,126,60,none,-0.054169669591934,2019-03-06,2019-12-27,2020-04-01,f1,,,insufficient data; used fixed threshold,stress_q10_10d__combined__logistic_l2
63,10,0.15873015873015872,0.24031007751937986,0.7367924528301887,0.2694871794871795,1.697769230769231,0.1317170115526596,0.013613549334894226,0.4027739333432127,0.5839622641509434,0.7777777777777778,0.16792452830188678,0.3,0.3,0.3,46.0,7.0,7.0,3.0,0.8679245283018868,0.1320754716981132,0.7,0.3,0.3,28.0,40.0,9,1890,189,126,60,isotonic,-0.05273847499401242,2019-09-05,2020-07-03,2020-09-30,f1,0.4528301886792453,,,stress_q10_10d__combined__logistic_l2
63,11,0.1746031746031746,0.11521048242449457,0.8723776223776224,0.48306220095693775,2.7666289691170074,0.12058456237442608,0.1632864893984315,0.49174651203121067,0.8129370629370629,0.8095238095238095,0.5177044207848374,0.47368421052631576,0.8181818181818182,0.6,42.0,10.0,2.0,9.0,0.8076923076923077,0.19230769230769232,0.18181818181818182,0.8181818181818182,0.47368421052631576,40.0,76.0,10,2016,202,126,60,sigmoid,-0.053489156565667384,2020-03-09,2020-12-29,2021-04-02,f1,0.47058823529411764,,,stress_q10_10d__combined__logistic_l2
63,7,0.1111111111111111,0.10579522571981075,0.7857142857142858,0.5892254087376039,5.3030286786384355,0.08768603582893492,0.11217888723203395,0.30273135346825863,0.7678571428571428,0.9206349206349206,0.5735393346764044,0.6666666666666666,0.5714285714285714,0.6153846153846154,54.0,2.0,3.0,4.0,0.9642857142857143,0.03571428571428571,0.42857142857142855,0.5714285714285714,0.6666666666666666,8.0,24.0,11,2142,215,126,60,sigmoid,-0.05515895717231778,2020-09-07,2021-07-06,2021-10-04,f1,0.3333333333333333,,,stress_q10_10d__combined__logistic_l2
63,3,0.047619047619047616,0.14571734117571447,0.9277777777777777,0.31666666666666665,6.65,0.04260114511574949,0.06064475019772353,0.16880376756946855,0.5,0.9523809523809523,0.0,0.0,0.0,0.0,60.0,0.0,3.0,0.0,1.0,0.0,1.0,0.0,,0.0,0.0,12,2268,227,126,60,sigmoid,-0.05500265510017514,2021-03-10,2021-12-31,2022-04-06,f1,0.3333333333333333,,,stress_q10_10d__combined__logistic_l2
63,19,0.30158730158730157,0.17433060265929268,0.22488038277511962,0.20822501315212755,0.6904303067675809,0.22773217733423223,-0.0811830285162296,0.6635058307759861,0.42523923444976075,0.30158730158730157,-0.1877884768882256,0.2641509433962264,0.7368421052631579,0.3888888888888889,5.0,39.0,5.0,14.0,0.11363636363636363,0.8863636363636364,0.2631578947368421,0.7368421052631579,0.2641509433962264,156.0,212.0,13,2394,240,126,60,sigmoid,-0.05503148132315091,2021-09-09,2022-07-08,2022-10-06,f1,0.42990654205607476,,,stress_q10_10d__combined__logistic_l2
63,7,0.1111111111111111,0.34951456310679613,0.45535714285714285,0.1111111111111111,1.0,0.15918853818707293,-0.6117839491441135,0.5066792164868372,0.5,0.1111111111111111,0.0,0.1111111111111111,1.0,0.2,0.0,56.0,0.0,7.0,0.0,1.0,0.0,1.0,0.1111111111111111,224.0,252.0,14,2520,252,126,60,isotonic,-0.05389030475290647,2022-03-14,2023-01-05,2023-04-10,f1,0.5294117647058824,,,stress_q10_10d__combined__logistic_l2
63,11,0.1746031746031746,0.2900775271166468,0.5804195804195804,0.30723568135095475,1.7596225386463773,0.1575954359901387,-0.09352497455395214,0.5647563317812512,0.5,0.8253968253968254,0.0,0.0,0.0,0.0,52.0,0.0,11.0,0.0,1.0,0.0,1.0,0.0,,0.0,0.0,15,2646,265,126,60,sigmoid,-0.055651891825536814,2022-09-13,2023-07-12,2023-10-10,f1,0.5217391304347826,,,stress_q10_10d__combined__logistic_l2
63,0,0.0,0.2380795927657046,,,,,,,,,,,,,,,,,,,,,,,,16,2772,278,126,60,sigmoid,-0.0603036624368565,2023-03-16,2024-01-09,2024-04-11,f1,0.3888888888888889,degenerate label distribution; most metrics undefined,,stress_q10_10d__combined__logistic_l2
63,0,0.0,0.613961202232125,,,,,,,,,,,,,,,,,,,,,,,,17,2898,290,126,60,none,-0.05903753876790526,2023-09-15,2024-07-16,2024-10-14,f1,0.038461538461538464,degenerate label distribution; most metrics undefined,,stress_q10_10d__combined__logistic_l2
63,12,0.19047619047619047,0.5,0.5277777777777778,0.1979605356540341,1.039292812183679,0.22871690532085567,-0.48329640068378454,0.6963907919543512,0.43137254901960786,0.6984126984126984,-0.17149858514250885,0.0,0.0,0.0,44.0,7.0,12.0,0.0,0.8627450980392157,0.13725490196078433,1.0,0.0,0.0,28.0,28.0,18,3024,303,126,60,none,-0.05924857005525277,2024-03-19,2025-01-13,2025-04-17,f1,,,insufficient data; used fixed threshold,stress_q10_10d__combined__logistic_l2
63,4,0.06349206349206349,0.09226250164936205,0.423728813559322,0.06550683021365097,1.0317325758650029,0.06091239102532841,-0.024412203303086688,0.24622427401599115,0.4152542372881356,0.7777777777777778,-0.11310089849124409,0.0,0.0,0.0,49.0,10.0,4.0,0.0,0.8305084745762712,0.1694915254237288,1.0,0.0,0.0,40.0,40.0,19,3150,315,126,60,sigmoid,-0.05823867824772672,2024-09-19,2025-07-21,2025-10-17,f1,0.24175824175824176,,,stress_q10_10d__combined__logistic_l2
63,18,0.2857142857142857,0.09555107688575544,0.39876543209876547,0.29117889532774455,1.019126133647106,0.24829046594190196,-0.21662328311531964,1.1167199189436636,0.37222222222222223,0.2222222222222222,-0.39329170163264243,0.22807017543859648,0.7222222222222222,0.3466666666666667,1.0,44.0,5.0,13.0,0.022222222222222223,0.9777777777777777,0.2777777777777778,0.7222222222222222,0.22807017543859648,176.0,228.0,20,3276,328,126,60,sigmoid,-0.057388067548594435,2025-03-24,2026-01-19,2026-04-22,f1,0.23333333333333334,,,stress_q10_10d__combined__logistic_l2
63,9,0.14285714285714285,0.10413661397525961,0.48559670781893005,0.1659738212438782,1.1618167487071474,0.12534014506195687,-0.02361118467264789,0.42567765258010354,0.3888888888888889,0.6666666666666666,-0.19802950859533486,0.0,0.0,0.0,42.0,12.0,9.0,0.0,0.7777777777777778,0.2222222222222222,1.0,0.0,0.0,48.0,48.0,0,756,76,126,60,sigmoid,-0.05421495775579127,2015-02-13,2015-12-16,2016-03-21,f1,0.2222222222222222,,,stress_q10_10d__combined__random_forest
63,0,0.0,0.12620374323404374,,,,,,,,,,,,,,,,,,,,,,,,1,882,89,126,60,sigmoid,-0.05515895717231778,2015-08-24,2016-06-22,2016-09-19,f1,0.4444444444444444,degenerate label distribution; most metrics undefined,,stress_q10_10d__combined__random_forest
63,0,0.0,0.5,,,,,,,,,,,,,,,,,,,,,,,,2,1008,101,126,60,none,-0.05500265510017514,2016-02-25,2016-12-16,2017-03-22,f1,,degenerate label distribution; most metrics undefined,insufficient data; used fixed threshold,stress_q10_10d__combined__random_forest
63,0,0.0,0.5,,,,,,,,,,,,,,,,,,,,,,,,3,1134,114,126,60,none,-0.05296403632147818,2016-08-24,2017-06-23,2017-09-20,f1,,degenerate label distribution; most metrics undefined,insufficient data; used fixed threshold,stress_q10_10d__combined__random_forest
63,8,0.12698412698412698,0.5,0.5034090909090909,0.16728842566774993,1.3173963521335308,0.1334877122021122,-0.20411984029587127,0.43579347055081613,0.4818181818181818,0.8412698412698413,-0.06905795747278488,0.0,0.0,0.0,53.0,2.0,8.0,0.0,0.9636363636363636,0.03636363636363636,1.0,0.0,0.0,8.0,8.0,4,1260,126,126,60,none,-0.050166642623417176,2017-02-27,2017-12-19,2018-03-27,f1,,,insufficient data; used fixed threshold,stress_q10_10d__combined__random_forest
63,3,0.047619047619047616,0.16318963937196362,0.8833333333333333,0.2142857142857143,4.500000000000001,0.05775212779314257,-0.27343441783879396,0.25240249112630364,0.775,0.5714285714285714,0.23452078799117146,0.1,1.0,0.18181818181818182,33.0,27.0,0.0,3.0,0.55,0.45,0.0,1.0,0.1,108.0,120.0,5,1386,139,126,60,sigmoid,-0.04683321927816786,2017-08-25,2018-06-28,2018-09-25,f1,0.32,,,stress_q10_10d__combined__random_forest
63,0,0.0,0.294392773364486,,,,,,,,,,,,,,,,,,,,,,,,6,1512,152,126,60,isotonic,-0.04636823321543454,2018-03-02,2018-12-24,2019-03-29,f1,0.5813953488372093,degenerate label distribution; most metrics undefined,,stress_q10_10d__combined__random_forest
63,0,0.0,0.06201370233951152,,,,,,,,,,,,,,,,,,,,,,,,7,1638,164,126,60,sigmoid,-0.053042411950887464,2018-08-30,2019-07-03,2019-09-30,f1,0.2857142857142857,degenerate label distribution; most metrics undefined,,stress_q10_10d__combined__random_forest
63,27,0.42857142857142855,0.5,0.6954732510288065,0.6385113709367929,1.4898598655191835,0.22455523207416822,0.08306613569714627,0.6339593919667765,0.6574074074074074,0.6349206349206349,0.3235894697414244,0.55,0.8148148148148148,0.6567164179104478,18.0,18.0,5.0,22.0,0.5,0.5,0.18518518518518517,0.8148148148148148,0.55,72.0,160.0,8,1764,177,126,60,none,-0.054169669591934,2019-03-06,2019-12-27,2020-04-01,f1,,,insufficient data; used fixed threshold,stress_q10_10d__combined__random_forest
63,10,0.15873015873015872,0.5,0.5037735849056604,0.15949796973052788,1.0048372093023257,0.1940579082766329,-0.45323743009425677,0.5691160528782139,0.4547169811320755,0.49206349206349204,-0.06626522932500657,0.13333333333333333,0.4,0.2,27.0,26.0,6.0,4.0,0.5094339622641509,0.49056603773584906,0.6,0.4,0.13333333333333333,104.0,120.0,9,1890,189,126,60,isotonic,-0.05273847499401242,2019-09-05,2020-07-03,2020-09-30,f1,0.5084745762711864,,,stress_q10_10d__combined__random_forest
63,11,0.1746031746031746,0.08302727853187812,0.1958041958041958,0.20409003156965633,1.1688792717171226,0.1628364168059652,-0.12989115087915382,0.6013985243706829,0.3505244755244755,0.4603174603174603,-0.22933216105300208,0.07407407407407407,0.18181818181818182,0.10526315789473684,27.0,25.0,9.0,2.0,0.5192307692307693,0.4807692307692308,0.8181818181818182,0.18181818181818182,0.07407407407407407,100.0,108.0,10,2016,202,126,60,sigmoid,-0.053489156565667384,2020-03-09,2020-12-29,2021-04-02,f1,0.2857142857142857,,,stress_q10_10d__combined__random_forest
63,7,0.1111111111111111,0.31557343669552523,0.8010204081632654,0.2640019644221325,2.3760176797991925,0.09709897506566441,0.01687287746014776,0.32406086419035185,0.6071428571428571,0.746031746031746,0.15811388300841897,0.2,0.42857142857142855,0.2727272727272727,44.0,12.0,4.0,3.0,0.7857142857142857,0.21428571428571427,0.5714285714285714,0.42857142857142855,0.2,48.0,60.0,11,2142,215,126,60,sigmoid,-0.05515895717231778,2020-09-07,2021-07-06,2021-10-04,f1,0.5454545454545454,,,stress_q10_10d__combined__random_forest
63,3,0.047619047619047616,0.1296443956015772,0.0,0.032090184919375826,0.6738938833068924,0.0649667013237216,-0.4325157641880617,0.2794292060836554,0.20833333333333334,0.3968253968253968,-0.25,0.0,0.0,0.0,25.0,35.0,3.0,0.0,0.4166666666666667,0.5833333333333334,1.0,0.0,0.0,140.0,140.0,12,2268,227,126,60,sigmoid,-0.05500265510017514,2021-03-10,2021-12-31,2022-04-06,f1,0.3181818181818182,,,stress_q10_10d__combined__random_forest
63,19,0.30158730158730157,0.1909293319947872,0.0,0.1773960661953828,0.5882080089636378,0.2352590417915207,-0.11691762783558124,0.6864940895515229,0.056818181818181816,0.07936507936507936,-0.8376780679082779,0.0,0.0,0.0,5.0,39.0,19.0,0.0,0.11363636363636363,0.8863636363636364,1.0,0.0,0.0,156.0,156.0,13,2394,240,126,60,sigmoid,-0.05503148132315091,2021-09-09,2022-07-08,2022-10-06,f1,0.43478260869565216,,,stress_q10_10d__combined__random_forest
63,7,0.1111111111111111,0.532258064516129,0.38010204081632654,0.09783387039026137,0.8805048335123523,0.2077877547183611,-1.1038510165234063,1.0991163540610969,0.3303571428571429,0.47619047619047616,-0.21458312693999718,0.03571428571428571,0.14285714285714285,0.05714285714285714,29.0,27.0,6.0,1.0,0.5178571428571429,0.48214285714285715,0.8571428571428571,0.14285714285714285,0.03571428571428571,108.0,112.0,14,2520,252,126,60,isotonic,-0.05389030475290647,2022-03-14,2023-01-05,2023-04-10,f1,0.7130434782608696,,,stress_q10_10d__combined__random_forest
63,11,0.1746031746031746,0.10256447781288683,0.666958041958042,0.27750456262084167,1.5893443131920932,0.15069254876538798,-0.04562714344375007,0.49490632556758196,0.5620629370629371,0.8095238095238095,0.17432566692274215,0.4,0.18181818181818182,0.25,49.0,3.0,9.0,2.0,0.9423076923076923,0.057692307692307696,0.8181818181818182,0.18181818181818182,0.4,12.0,20.0,15,2646,265,126,60,sigmoid,-0.055651891825536814,2022-09-13,2023-07-12,2023-10-10,f1,0.21052631578947367,,,stress_q10_10d__combined__random_forest
63,0,0.0,0.07711370837425123,,,,,,,,,,,,,,,,,,,,,,,,16,2772,278,126,60,sigmoid,-0.0603036624368565,2023-03-16,2024-01-09,2024-04-11,f1,0.5,degenerate label distribution; most metrics undefined,,stress_q10_10d__combined__random_forest
63,0,0.0,0.6882528188796257,,,,,,,,,,,,,,,,,,,,,,,,17,2898,290,126,60,none,-0.05903753876790526,2023-09-15,2024-07-16,2024-10-14,f1,0.029411764705882353,degenerate label distribution; most metrics undefined,,stress_q10_10d__combined__random_forest
63,12,0.19047619047619047,0.5,0.0849673202614379,0.11414073154665264,0.5992388406199264,0.3108200198894262,-1.0157592466358376,0.8829556559688648,0.29411764705882354,0.47619047619047616,-0.3429971702850177,0.0,0.0,0.0,30.0,21.0,12.0,0.0,0.5882352941176471,0.4117647058823529,1.0,0.0,0.0,84.0,84.0,18,3024,303,126,60,none,-0.05924857005525277,2024-03-19,2025-01-13,2025-04-17,f1,,,insufficient data; used fixed threshold,stress_q10_10d__combined__random_forest
63,4,0.06349206349206349,0.4152702502918489,0.2796610169491526,0.06349206349206349,1.0,0.06349529994274573,-0.06785104013880439,0.8776414424750882,0.5,0.9365079365079365,0.0,0.0,0.0,0.0,59.0,0.0,4.0,0.0,1.0,0.0,1.0,0.0,,0.0,0.0,19,3150,315,126,60,sigmoid,-0.05823867824772672,2024-09-19,2025-07-21,2025-10-17,f1,0.8571428571428571,,,stress_q10_10d__combined__random_forest
63,18,0.2857142857142857,0.06972846729179732,0.6345679012345679,0.39629333718760396,1.387026680156614,0.272274355625517,-0.3341443425650332,1.0848370694166698,0.5,0.7142857142857143,0.0,0.0,0.0,0.0,45.0,0.0,18.0,0.0,1.0,0.0,1.0,0.0,,0.0,0.0,20,3276,328,126,60,sigmoid,-0.057388067548594435,2025-03-24,2026-01-19,2026-04-22,f1,0.2153846153846154,,,stress_q10_10d__combined__random_forest
63,9,0.14285714285714285,0.16945640023126718,0.7685185185185185,0.6510426392779334,4.557298474945534,0.11571470680469903,0.054996561094957874,0.3763580802980221,0.7407407407407407,0.873015873015873,0.48148148148148145,0.5555555555555556,0.5555555555555556,0.5555555555555556,50.0,4.0,4.0,5.0,0.9259259259259259,0.07407407407407407,0.4444444444444444,0.5555555555555556,0.5555555555555556,16.0,36.0,0,756,76,126,60,sigmoid,-0.05421495775579127,2015-02-13,2015-12-16,2016-03-21,f1,0.5,,,stress_q10_10d__combined__hist_gradient_boosting
63,0,0.0,0.0854075483666254,,,,,,,,,,,,,,,,,,,,,,,,1,882,89,126,60,sigmoid,-0.05515895717231778,2015-08-24,2016-06-22,2016-09-19,f1,0.16417910447761194,degenerate label distribution; most metrics undefined,,stress_q10_10d__combined__hist_gradient_boosting
63,0,0.0,0.5,,,,,,,,,,,,,,,,,,,,,,,,2,1008,101,126,60,none,-0.05500265510017514,2016-02-25,2016-12-16,2017-03-22,f1,,degenerate label distribution; most metrics undefined,insufficient data; used fixed threshold,stress_q10_10d__combined__hist_gradient_boosting
63,0,0.0,0.5,,,,,,,,,,,,,,,,,,,,,,,,3,1134,114,126,60,none,-0.05296403632147818,2016-08-24,2017-06-23,2017-09-20,f1,,degenerate label distribution; most metrics undefined,insufficient data; used fixed threshold,stress_q10_10d__combined__hist_gradient_boosting
63,8,0.12698412698412698,0.5,0.4363636363636364,0.12438263590665467,0.9795132577649056,0.19248391550323576,-0.7362924105280519,0.5604750797179807,0.41818181818181815,0.7301587301587301,-0.1556997888323046,0.0,0.0,0.0,46.0,9.0,8.0,0.0,0.8363636363636363,0.16363636363636364,1.0,0.0,0.0,36.0,36.0,4,1260,126,126,60,none,-0.050166642623417176,2017-02-27,2017-12-19,2018-03-27,f1,,,insufficient data; used fixed threshold,stress_q10_10d__combined__hist_gradient_boosting
63,3,0.047619047619047616,0.22744994814313058,0.5611111111111111,0.06778428967334515,1.4234700831402483,0.06692538479208111,-0.4757047346653889,0.2786756157523704,0.31666666666666665,0.6031746031746031,-0.16379642332078845,0.0,0.0,0.0,38.0,22.0,3.0,0.0,0.6333333333333333,0.36666666666666664,1.0,0.0,0.0,88.0,88.0,5,1386,139,126,60,sigmoid,-0.04683321927816786,2017-08-25,2018-06-28,2018-09-25,f1,0.38461538461538464,,,stress_q10_10d__combined__hist_gradient_boosting
63,0,0.0,0.17857192857142856,,,,,,,,,,,,,,,,,,,,,,,,6,1512,152,126,60,isotonic,-0.04636823321543454,2018-03-02,2018-12-24,2019-03-29,f1,0.5780346820809249,degenerate label distribution; most metrics undefined,,stress_q10_10d__combined__hist_gradient_boosting
63,0,0.0,0.05396405540152827,,,,,,,,,,,,,,,,,,,,,,,,7,1638,164,126,60,sigmoid,-0.053042411950887464,2018-08-30,2019-07-03,2019-09-30,f1,0.26666666666666666,degenerate label distribution; most metrics undefined,,stress_q10_10d__combined__hist_gradient_boosting
63,27,0.42857142857142855,0.5,0.3914609053497942,0.3560839599443246,0.8308625732034242,0.404696527141281,-0.6525108191602311,1.5133977183816778,0.5,0.5714285714285714,0.0,0.0,0.0,0.0,36.0,0.0,27.0,0.0,1.0,0.0,1.0,0.0,,0.0,0.0,8,1764,177,126,60,none,-0.054169669591934,2019-03-06,2019-12-27,2020-04-01,f1,,,insufficient data; used fixed threshold,stress_q10_10d__combined__hist_gradient_boosting
63,10,0.15873015873015872,0.2,0.4811320754716981,0.15823429541595924,0.9968760611205433,0.14041231625576348,-0.05150279852665163,0.4570403441454049,0.5094339622641509,0.1746031746031746,0.05516532999626739,0.16129032258064516,1.0,0.2777777777777778,1.0,52.0,0.0,10.0,0.018867924528301886,0.9811320754716981,0.0,1.0,0.16129032258064516,208.0,248.0,9,1890,189,126,60,isotonic,-0.05273847499401242,2019-09-05,2020-07-03,2020-09-30,f1,0.38666666666666666,,,stress_q10_10d__combined__hist_gradient_boosting
63,11,0.1746031746031746,0.2854062104041606,0.7884615384615385,0.364839348817677,2.089534452319423,0.1510669563576901,-0.04822508703439188,0.48827164897671926,0.5620629370629371,0.8095238095238095,0.17432566692274215,0.4,0.18181818181818182,0.25,49.0,3.0,9.0,2.0,0.9423076923076923,0.057692307692307696,0.8181818181818182,0.18181818181818182,0.4,12.0,20.0,10,2016,202,126,60,sigmoid,-0.053489156565667384,2020-03-09,2020-12-29,2021-04-02,f1,0.43478260869565216,,,stress_q10_10d__combined__hist_gradient_boosting
63,7,0.1111111111111111,0.09994791743143724,0.6594387755102041,0.16732556732556733,1.505930105930106,0.09579247549171303,0.030101185646405515,0.32548934442175226,0.6428571428571428,0.36507936507936506,0.20628424925175867,0.14893617021276595,1.0,0.25925925925925924,16.0,40.0,0.0,7.0,0.2857142857142857,0.7142857142857143,0.0,1.0,0.14893617021276595,160.0,188.0,11,2142,215,126,60,sigmoid,-0.05515895717231778,2020-09-07,2021-07-06,2021-10-04,f1,0.3283582089552239,,,stress_q10_10d__combined__hist_gradient_boosting
63,3,0.047619047619047616,0.1807900638361279,1.0,1.0,21.0,0.04628783672551557,-0.02064679979761852,0.20818126885690047,0.8583333333333334,0.7301587301587301,0.32787192621510003,0.15,1.0,0.2608695652173913,43.0,17.0,0.0,3.0,0.7166666666666667,0.2833333333333333,0.0,1.0,0.15,68.0,80.0,12,2268,227,126,60,sigmoid,-0.05500265510017514,2021-03-10,2021-12-31,2022-04-06,f1,0.38095238095238093,,,stress_q10_10d__combined__hist_gradient_boosting
63,19,0.30158730158730157,0.21617556100673885,0.7822966507177034,0.5106606048460829,1.6932430581738538,0.21323048180409315,-0.012334667799576371,0.6179346557433141,0.7159090909090909,0.6031746031746031,0.4318181818181818,0.4318181818181818,1.0,0.6031746031746031,19.0,25.0,0.0,19.0,0.4318181818181818,0.5681818181818182,0.0,1.0,0.4318181818181818,100.0,176.0,13,2394,240,126,60,sigmoid,-0.05503148132315091,2021-09-09,2022-07-08,2022-10-06,f1,0.4090909090909091,,,stress_q10_10d__combined__hist_gradient_boosting
63,7,0.1111111111111111,0.07142932142857143,0.5,0.1111111111111111,1.0,0.17319479875283444,-0.7535973373724489,0.536937521020468,0.5,0.1111111111111111,0.0,0.1111111111111111,1.0,0.2,0.0,56.0,0.0,7.0,0.0,1.0,0.0,1.0,0.1111111111111111,224.0,252.0,14,2520,252,126,60,isotonic,-0.05389030475290647,2022-03-14,2023-01-05,2023-04-10,f1,0.5487804878048781,,,stress_q10_10d__combined__hist_gradient_boosting
63,11,0.1746031746031746,0.09640849469939941,0.49737762237762234,0.22366699360735603,1.2810018724784937,0.14871268171496113,-0.031889219801889634,0.4845442649527629,0.6145104895104896,0.7777777777777778,0.229020979020979,0.36363636363636365,0.36363636363636365,0.36363636363636365,45.0,7.0,7.0,4.0,0.8653846153846154,0.1346153846153846,0.6363636363636364,0.36363636363636365,0.36363636363636365,28.0,44.0,15,2646,265,126,60,sigmoid,-0.055651891825536814,2022-09-13,2023-07-12,2023-10-10,f1,0.20408163265306123,,,stress_q10_10d__combined__hist_gradient_boosting
63,0,0.0,0.20765865731593147,,,,,,,,,,,,,,,,,,,,,,,,16,2772,278,126,60,sigmoid,-0.0603036624368565,2023-03-16,2024-01-09,2024-04-11,f1,0.46808510638297873,degenerate label distribution; most metrics undefined,,stress_q10_10d__combined__hist_gradient_boosting
63,0,0.0,0.05181180964080741,,,,,,,,,,,,,,,,,,,,,,,,17,2898,290,126,60,none,-0.05903753876790526,2023-09-15,2024-07-16,2024-10-14,f1,0.022727272727272728,degenerate label distribution; most metrics undefined,,stress_q10_10d__combined__hist_gradient_boosting
63,12,0.19047619047619047,0.5,0.24673202614379086,0.13436451889236156,0.7054137241848982,0.18563314317425036,-0.20388553146830013,0.8926647990444281,0.5,0.8095238095238095,0.0,0.0,0.0,0.0,51.0,0.0,12.0,0.0,1.0,0.0,1.0,0.0,,0.0,0.0,18,3024,303,126,60,none,-0.05924857005525277,2024-03-19,2025-01-13,2025-04-17,f1,,,insufficient data; used fixed threshold,stress_q10_10d__combined__hist_gradient_boosting
63,4,0.06349206349206349,0.15961257698362846,0.1440677966101695,0.05110134963076139,0.804846256684492,0.064304344557979,-0.08145738792635027,0.5354792599414867,0.5,0.9365079365079365,0.0,0.0,0.0,0.0,59.0,0.0,4.0,0.0,1.0,0.0,1.0,0.0,,0.0,0.0,19,3150,315,126,60,sigmoid,-0.05823867824772672,2024-09-19,2025-07-21,2025-10-17,f1,0.4,,,stress_q10_10d__combined__hist_gradient_boosting
63,18,0.2857142857142857,0.11920741108412995,0.7913580246913581,0.7678831775416322,2.687591121395713,0.28057604816418275,-0.3748226360044955,1.3979966746520918,0.5,0.7142857142857143,0.0,0.0,0.0,0.0,45.0,0.0,18.0,0.0,1.0,0.0,1.0,0.0,,0.0,0.0,20,3276,328,126,60,sigmoid,-0.057388067548594435,2025-03-24,2026-01-19,2026-04-22,f1,0.23529411764705882,,,stress_q10_10d__combined__hist_gradient_boosting
63,6,0.09523809523809523,0.15873342675766355,0.5,0.09523809523809523,1.0,0.09019945757829456,-0.046788441895471156,0.3316735877265409,0.5,0.09523809523809523,0.0,0.09523809523809523,1.0,0.17391304347826086,0.0,57.0,0.0,6.0,0.0,1.0,0.0,1.0,0.09523809523809523,228.0,252.0,0,756,76,126,36,sigmoid,-0.07701839080627831,2015-02-13,2015-12-16,2016-03-21,f1,0.273972602739726,,,stress_q10_20d__market__naive_frequency
63,0,0.0,0.03969119870259875,,,,,,,,,,,,,,,,,,,,,,,,1,882,89,126,36,sigmoid,-0.08102550798358218,2015-08-24,2016-06-22,2016-09-19,f1,0.07633587786259542,degenerate label distribution; most metrics undefined,,stress_q10_20d__market__naive_frequency
63,0,0.0,0.5,,,,,,,,,,,,,,,,,,,,,,,,2,1008,101,126,36,none,-0.08013653044333327,2016-02-25,2016-12-16,2017-03-22,f1,,degenerate label distribution; most metrics undefined,insufficient data; used fixed threshold,stress_q10_20d__market__naive_frequency
63,0,0.0,0.5,,,,,,,,,,,,,,,,,,,,,,,,3,1134,114,126,36,none,-0.07696411832046837,2016-08-24,2017-06-23,2017-09-20,f1,,degenerate label distribution; most metrics undefined,insufficient data; used fixed threshold,stress_q10_20d__market__naive_frequency
63,10,0.15873015873015872,0.5,0.5,0.15873015873015872,1.0,0.13698412698412699,-0.02583018867924536,0.45412632158421024,0.5,0.8412698412698413,0.0,0.0,0.0,0.0,53.0,0.0,10.0,0.0,1.0,0.0,1.0,0.0,,0.0,0.0,4,1260,126,126,36,none,-0.0746857994631628,2017-02-27,2017-12-19,2018-03-27,f1,,,insufficient data; used fixed threshold,stress_q10_20d__market__naive_frequency
63,1,0.015873015873015872,0.2619047619047619,0.5,0.015873015873015872,1.0,0.07615268329554047,-3.8750000000000018,0.3201283174757898,0.5,0.015873015873015872,0.0,0.015873015873015872,1.0,0.03125,0.0,62.0,0.0,1.0,0.0,1.0,0.0,1.0,0.015873015873015872,248.0,252.0,5,1386,139,126,36,isotonic,-0.07241394173315696,2017-08-25,2018-06-28,2018-09-25,f1,0.41509433962264153,,,stress_q10_20d__market__naive_frequency
63,0,0.0,0.36507936507936506,,,,,,,,,,,,,,,,,,,,,,,,6,1512,152,126,36,isotonic,-0.07147231561605213,2018-03-02,2018-12-24,2019-03-29,f1,0.5348837209302325,degenerate label distribution; most metrics undefined,,stress_q10_20d__market__naive_frequency
63,0,0.0,0.07144729411157226,,,,,,,,,,,,,,,,,,,,,,,,7,1638,164,126,36,sigmoid,-0.07993013234656555,2018-08-30,2019-07-03,2019-09-30,f1,0.13333333333333333,degenerate label distribution; most metrics undefined,,stress_q10_20d__market__naive_frequency
63,30,0.47619047619047616,0.5,0.5,0.47619047619047616,1.0,0.39069658475635155,-0.5663381261595548,1.1502389864939377,0.5,0.5238095238095238,0.0,0.0,0.0,0.0,33.0,0.0,30.0,0.0,1.0,0.0,1.0,0.0,,0.0,0.0,8,1764,177,126,36,none,-0.08051344682712602,2019-03-06,2019-12-27,2020-04-01,f1,,,insufficient data; used fixed threshold,stress_q10_20d__market__naive_frequency
63,14,0.2222222222222222,0.2619047619047619,0.5,0.2222222222222222,1.0,0.17441421012849587,-0.009110787172011747,0.5339250652841722,0.5,0.2222222222222222,0.0,0.2222222222222222,1.0,0.36363636363636365,0.0,49.0,0.0,14.0,0.0,1.0,0.0,1.0,0.2222222222222222,196.0,252.0,9,1890,189,126,36,isotonic,-0.07841169566247412,2019-09-05,2020-07-03,2020-09-30,f1,0.41509433962264153,,,stress_q10_20d__market__naive_frequency
63,16,0.25396825396825395,0.12701189555317913,0.5,0.25396825396825395,1.0,0.20558629688658747,-0.08506916534955544,0.6253930145273439,0.5,0.25396825396825395,0.0,0.25396825396825395,1.0,0.4050632911392405,0.0,47.0,0.0,16.0,0.0,1.0,0.0,1.0,0.25396825396825395,188.0,252.0,10,2016,202,126,36,sigmoid,-0.08017099001645406,2020-03-09,2020-12-29,2021-04-02,f1,0.22535211267605634,,,stress_q10_20d__market__naive_frequency
63,2,0.031746031746031744,0.12701189374160649,0.5,0.031746031746031744,1.0,0.03981380567617156,-0.295254055153483,0.19702830589570425,0.5,0.031746031746031744,0.0,0.031746031746031744,1.0,0.06153846153846154,0.0,61.0,0.0,2.0,0.0,1.0,0.0,1.0,0.031746031746031744,244.0,252.0,11,2142,215,126,36,sigmoid,-0.08129365253852175,2020-09-07,2021-07-06,2021-10-04,f1,0.22535211267605634,,,stress_q10_20d__market__naive_frequency
63,8,0.12698412698412698,0.07144729428674206,0.5,0.12698412698412698,1.0,0.11394349826426341,-0.02782214684286699,0.3998001492144947,0.5,0.12698412698412698,0.0,0.12698412698412698,1.0,0.22535211267605634,0.0,55.0,0.0,8.0,0.0,1.0,0.0,1.0,0.12698412698412698,220.0,252.0,12,2268,227,126,36,sigmoid,-0.08209804241224669,2021-03-10,2021-12-31,2022-04-06,f1,0.13333333333333333,,,stress_q10_20d__market__naive_frequency
63,29,0.4603174603174603,0.23015873015873015,0.5,0.4603174603174603,1.0,0.3013983371126228,-0.21323529411764697,0.8173652031622275,0.5,0.4603174603174603,0.0,0.4603174603174603,1.0,0.6304347826086957,0.0,34.0,0.0,29.0,0.0,1.0,0.0,1.0,0.4603174603174603,136.0,252.0,13,2394,240,126,36,isotonic,-0.08129003278009612,2021-09-09,2022-07-08,2022-10-06,f1,0.3741935483870968,,,stress_q10_20d__market__naive_frequency
63,3,0.047619047619047616,0.4126984126984127,0.5,0.047619047619047616,1.0,0.1786344167296548,-2.938888888888889,0.5490178315864868,0.5,0.047619047619047616,0.0,0.047619047619047616,1.0,0.09090909090909091,0.0,60.0,0.0,3.0,0.0,1.0,0.0,1.0,0.047619047619047616,240.0,252.0,14,2520,252,126,36,isotonic,-0.08026373534453113,2022-03-14,2023-01-05,2023-04-10,f1,0.5842696629213483,,,stress_q10_20d__market__naive_frequency
63,17,0.2698412698412698,0.039691200357529044,0.5,0.2698412698412698,1.0,0.24999601341509164,-0.2688416588804332,0.9002485008908988,0.5,0.2698412698412698,0.0,0.2698412698412698,1.0,0.425,0.0,46.0,0.0,17.0,0.0,1.0,0.0,1.0,0.2698412698412698,184.0,252.0,15,2646,265,126,36,sigmoid,-0.08567215868458511,2022-09-13,2023-07-12,2023-10-10,f1,0.07633587786259542,,,stress_q10_20d__market__naive_frequency
63,0,0.0,0.1428671226065254,,,,,,,,,,,,,,,,,,,,,,,,16,2772,278,126,36,sigmoid,-0.08829511041028286,2023-03-16,2024-01-09,2024-04-11,f1,0.25,degenerate label distribution; most metrics undefined,,stress_q10_20d__market__naive_frequency
63,0,0.0,0.5,,,,,,,,,,,,,,,,,,,,,,,,17,2898,290,126,36,none,-0.08793742719542438,2023-09-15,2024-07-16,2024-10-14,f1,,degenerate label distribution; most metrics undefined,insufficient data; used fixed threshold,stress_q10_20d__market__naive_frequency
63,19,0.30158730158730157,0.5,0.5,0.30158730158730157,1.0,0.25118988567649286,-0.19255102422248838,0.7675717402971876,0.5,0.6984126984126984,0.0,0.0,0.0,0.0,44.0,0.0,19.0,0.0,1.0,0.0,1.0,0.0,,0.0,0.0,18,3024,303,126,36,none,-0.0877847771591055,2024-03-19,2025-01-13,2025-04-17,f1,,,insufficient data; used fixed threshold,stress_q10_20d__market__naive_frequency
63,5,0.07936507936507936,0.15873342774703425,0.5,0.07936507936507936,1.0,0.07936559826733337,-0.08621399835533161,0.3052024399407245,0.5,0.07936507936507936,0.0,0.07936507936507936,1.0,0.14705882352941177,0.0,58.0,0.0,5.0,0.0,1.0,0.0,1.0,0.07936507936507936,232.0,252.0,19,3150,315,126,36,sigmoid,-0.08662291166662969,2024-09-19,2025-07-21,2025-10-17,f1,0.273972602739726,,,stress_q10_20d__market__naive_frequency
63,17,0.2698412698412698,0.03969120042093755,0.5,0.2698412698412698,1.0,0.24999601338590458,-0.2688416587322957,0.9002485005080262,0.5,0.2698412698412698,0.0,0.2698412698412698,1.0,0.425,0.0,46.0,0.0,17.0,0.0,1.0,0.0,1.0,0.2698412698412698,184.0,252.0,20,3276,328,126,36,sigmoid,-0.08648735386725492,2025-03-24,2026-01-19,2026-04-22,f1,0.07633587786259542,,,stress_q10_20d__market__naive_frequency
63,6,0.09523809523809523,0.1638774630316327,0.5,0.10348575036075036,1.0866003787878789,0.09129930394593079,-0.0595524484251444,0.33489340836904236,0.3684210526315789,0.6666666666666666,-0.1813690625275029,0.0,0.0,0.0,42.0,15.0,6.0,0.0,0.7368421052631579,0.2631578947368421,1.0,0.0,0.0,60.0,60.0,0,756,76,126,36,sigmoid,-0.07701839080627831,2015-02-13,2015-12-16,2016-03-21,f1,0.39344262295081966,,,stress_q10_20d__market__logistic_elasticnet
63,0,0.0,0.041065676332629863,,,,,,,,,,,,,,,,,,,,,,,,1,882,89,126,36,sigmoid,-0.08102550798358218,2015-08-24,2016-06-22,2016-09-19,f1,0.2222222222222222,degenerate label distribution; most metrics undefined,,stress_q10_20d__market__logistic_elasticnet
63,0,0.0,0.5,,,,,,,,,,,,,,,,,,,,,,,,2,1008,101,126,36,none,-0.08013653044333327,2016-02-25,2016-12-16,2017-03-22,f1,,degenerate label distribution; most metrics undefined,insufficient data; used fixed threshold,stress_q10_20d__market__logistic_elasticnet
63,0,0.0,0.5,,,,,,,,,,,,,,,,,,,,,,,,3,1134,114,126,36,none,-0.07696411832046837,2016-08-24,2017-06-23,2017-09-20,f1,,degenerate label distribution; most metrics undefined,insufficient data; used fixed threshold,stress_q10_20d__market__logistic_elasticnet
63,10,0.15873015873015872,0.5,0.8490566037735849,0.47612298542605447,2.999574808184143,0.796056519729295,-4.961411937369005,3.2813447143069516,0.5,0.15873015873015872,0.0,0.15873015873015872,1.0,0.273972602739726,0.0,53.0,0.0,10.0,0.0,1.0,0.0,1.0,0.15873015873015872,212.0,252.0,4,1260,126,126,36,none,-0.0746857994631628,2017-02-27,2017-12-19,2018-03-27,f1,,,insufficient data; used fixed threshold,stress_q10_20d__market__logistic_elasticnet
63,1,0.015873015873015872,0.4500000000000043,0.13709677419354838,0.015873015873015872,1.0,0.07363086835168424,-3.7135631691586246,0.44769531188503137,0.47580645161290325,0.9365079365079365,-0.028398091712353243,0.0,0.0,0.0,59.0,3.0,1.0,0.0,0.9516129032258065,0.04838709677419355,1.0,0.0,0.0,12.0,12.0,5,1386,139,126,36,isotonic,-0.07241394173315696,2017-08-25,2018-06-28,2018-09-25,f1,0.6785714285714286,,,stress_q10_20d__market__logistic_elasticnet
63,0,0.0,0.38016528925619836,,,,,,,,,,,,,,,,,,,,,,,,6,1512,152,126,36,isotonic,-0.07147231561605213,2018-03-02,2018-12-24,2019-03-29,f1,0.5508982035928144,degenerate label distribution; most metrics undefined,,stress_q10_20d__market__logistic_elasticnet
63,0,0.0,0.07794649721955745,,,,,,,,,,,,,,,,,,,,,,,,7,1638,164,126,36,sigmoid,-0.07993013234656555,2018-08-30,2019-07-03,2019-09-30,f1,0.2222222222222222,degenerate label distribution; most metrics undefined,,stress_q10_20d__market__logistic_elasticnet
63,30,0.47619047619047616,0.5,0.18585858585858586,0.3358454531720373,0.7052754516612784,0.45311766124561303,-0.8165898964483214,1.6190263520388453,0.5,0.5238095238095238,0.0,0.0,0.0,0.0,33.0,0.0,30.0,0.0,1.0,0.0,1.0,0.0,,0.0,0.0,8,1764,177,126,36,none,-0.08051344682712602,2019-03-06,2019-12-27,2020-04-01,f1,,,insufficient data; used fixed threshold,stress_q10_20d__market__logistic_elasticnet
63,14,0.2222222222222222,0.2619047619047619,0.5,0.2222222222222222,1.0,0.17441421012849587,-0.009110787172011747,0.5339250652841722,0.5,0.2222222222222222,0.0,0.2222222222222222,1.0,0.36363636363636365,0.0,49.0,0.0,14.0,0.0,1.0,0.0,1.0,0.2222222222222222,196.0,252.0,9,1890,189,126,36,isotonic,-0.07841169566247412,2019-09-05,2020-07-03,2020-09-30,f1,0.41509433962264153,,,stress_q10_20d__market__logistic_elasticnet
63,16,0.25396825396825395,0.12475285452168182,0.9361702127659575,0.7284055201334614,2.8680967355255045,0.19727709552027595,-0.04121381930847767,0.5896479230498306,0.7386968085106382,0.8253968253968254,0.5134862870023342,0.6923076923076923,0.5625,0.6206896551724138,43.0,4.0,7.0,9.0,0.9148936170212766,0.0851063829787234,0.4375,0.5625,0.6923076923076923,16.0,52.0,10,2016,202,126,36,sigmoid,-0.08017099001645406,2020-03-09,2020-12-29,2021-04-02,f1,0.32941176470588235,,,stress_q10_20d__market__logistic_elasticnet
63,2,0.031746031746031744,0.09914015409435249,0.3114754098360656,0.03393425238600212,1.0689289501590669,0.03681348278387757,-0.1976451899115581,0.18175357229292505,0.23770491803278687,0.4603174603174603,-0.18396881992730957,0.0,0.0,0.0,29.0,32.0,2.0,0.0,0.47540983606557374,0.5245901639344263,1.0,0.0,0.0,128.0,128.0,11,2142,215,126,36,sigmoid,-0.08129365253852175,2020-09-07,2021-07-06,2021-10-04,f1,0.2988505747126437,,,stress_q10_20d__market__logistic_elasticnet
63,8,0.12698412698412698,0.10720114462418584,0.10681818181818183,0.07936435808841684,0.6249943199462826,0.12772194080605376,-0.15210996149824418,0.9198828562770692,0.5,0.873015873015873,0.0,0.0,0.0,0.0,55.0,0.0,8.0,0.0,1.0,0.0,1.0,0.0,,0.0,0.0,12,2268,227,126,36,sigmoid,-0.08209804241224669,2021-03-10,2021-12-31,2022-04-06,f1,0.32,,,stress_q10_20d__market__logistic_elasticnet
63,29,0.4603174603174603,0.17827893852459015,0.3316430020283975,0.4075604286950227,0.8853898968202217,0.420204507066794,-0.6914723007587276,4.685905146456707,0.3316430020283976,0.3333333333333333,-0.335694163224396,0.2903225806451613,0.3103448275862069,0.3,12.0,22.0,20.0,9.0,0.35294117647058826,0.6470588235294118,0.6896551724137931,0.3103448275862069,0.2903225806451613,88.0,124.0,13,2394,240,126,36,isotonic,-0.08129003278009612,2021-09-09,2022-07-08,2022-10-06,f1,0.3841059602649007,,,stress_q10_20d__market__logistic_elasticnet
63,3,0.047619047619047616,0.39130434782608703,0.575,0.05555555555555555,1.1666666666666667,0.8539662598502286,-17.82995602969754,11.303523276896007,0.5,0.047619047619047616,0.0,0.047619047619047616,1.0,0.09090909090909091,0.0,60.0,0.0,3.0,0.0,1.0,0.0,1.0,0.047619047619047616,240.0,252.0,14,2520,252,126,36,isotonic,-0.08026373534453113,2022-03-14,2023-01-05,2023-04-10,f1,0.5842696629213483,,,stress_q10_20d__market__logistic_elasticnet
63,17,0.2698412698412698,0.039413127648701377,0.3350383631713555,0.243219226957323,0.9013418410771382,0.24984847373096547,-0.26809282894910735,0.9063509591205168,0.40281329923273657,0.31746031746031744,-0.19437340153452684,0.21739130434782608,0.5882352941176471,0.31746031746031744,10.0,36.0,7.0,10.0,0.21739130434782608,0.782608695652174,0.4117647058823529,0.5882352941176471,0.21739130434782608,144.0,184.0,15,2646,265,126,36,sigmoid,-0.08567215868458511,2022-09-13,2023-07-12,2023-10-10,f1,0.13114754098360656,,,stress_q10_20d__market__logistic_elasticnet
63,0,0.0,0.2542065519937784,,,,,,,,,,,,,,,,,,,,,,,,16,2772,278,126,36,sigmoid,-0.08829511041028286,2023-03-16,2024-01-09,2024-04-11,f1,0.47058823529411764,degenerate label distribution; most metrics undefined,,stress_q10_20d__market__logistic_elasticnet
63,0,0.0,0.5,,,,,,,,,,,,,,,,,,,,,,,,17,2898,290,126,36,none,-0.08793742719542438,2023-09-15,2024-07-16,2024-10-14,f1,,degenerate label distribution; most metrics undefined,insufficient data; used fixed threshold,stress_q10_20d__market__logistic_elasticnet
63,19,0.30158730158730157,0.5,0.805023923444976,0.4882560129319097,1.618954148142648,0.2798316605943297,-0.328530934089587,0.7650204637650646,0.43540669856459335,0.5873015873015873,-0.16943474841747153,0.1111111111111111,0.05263157894736842,0.07142857142857142,36.0,8.0,18.0,1.0,0.8181818181818182,0.18181818181818182,0.9473684210526315,0.05263157894736842,0.1111111111111111,32.0,36.0,18,3024,303,126,36,none,-0.0877847771591055,2024-03-19,2025-01-13,2025-04-17,f1,,,insufficient data; used fixed threshold,stress_q10_20d__market__logistic_elasticnet
63,5,0.07936507936507936,0.16444314584755798,0.7620689655172415,0.1687719298245614,2.126526315789474,0.07296362267812176,0.0014047641052922222,0.2764183782362549,0.5,0.9206349206349206,0.0,0.0,0.0,0.0,58.0,0.0,5.0,0.0,1.0,0.0,1.0,0.0,,0.0,0.0,19,3150,315,126,36,sigmoid,-0.08662291166662969,2024-09-19,2025-07-21,2025-10-17,f1,0.32432432432432434,,,stress_q10_20d__market__logistic_elasticnet
63,17,0.2698412698412698,0.03931102378570662,0.6406649616368286,0.33577145642134393,1.2443295149732159,0.24480889990471533,-0.2425147362171549,0.8395402102848905,0.6847826086956521,0.5396825396825397,0.3695652173913043,0.3695652173913043,1.0,0.5396825396825397,17.0,29.0,0.0,17.0,0.3695652173913043,0.6304347826086957,0.0,1.0,0.3695652173913043,116.0,184.0,20,3276,328,126,36,sigmoid,-0.08648735386725492,2025-03-24,2026-01-19,2026-04-22,f1,0.12987012987012986,,,stress_q10_20d__market__logistic_elasticnet
63,6,0.09523809523809523,0.23574826488947567,0.5380116959064327,0.11021633384536611,1.1572715053763443,0.11614419550883501,-0.3478839531420064,0.39656645965913495,0.6403508771929824,0.3492063492063492,0.1892994097121204,0.1276595744680851,1.0,0.22641509433962265,16.0,41.0,0.0,6.0,0.2807017543859649,0.7192982456140351,0.0,1.0,0.1276595744680851,164.0,188.0,0,756,76,126,36,sigmoid,-0.07701839080627831,2015-02-13,2015-12-16,2016-03-21,f1,0.4927536231884058,,,stress_q10_20d__market__logistic_l2
63,0,0.0,0.038661956191787694,,,,,,,,,,,,,,,,,,,,,,,,1,882,89,126,36,sigmoid,-0.08102550798358218,2015-08-24,2016-06-22,2016-09-19,f1,0.09174311926605505,degenerate label distribution; most metrics undefined,,stress_q10_20d__market__logistic_l2
63,0,0.0,0.5,,,,,,,,,,,,,,,,,,,,,,,,2,1008,101,126,36,none,-0.08013653044333327,2016-02-25,2016-12-16,2017-03-22,f1,,degenerate label distribution; most metrics undefined,insufficient data; used fixed threshold,stress_q10_20d__market__logistic_l2
63,0,0.0,0.5,,,,,,,,,,,,,,,,,,,,,,,,3,1134,114,126,36,none,-0.07696411832046837,2016-08-24,2017-06-23,2017-09-20,f1,,degenerate label distribution; most metrics undefined,insufficient data; used fixed threshold,stress_q10_20d__market__logistic_l2
63,10,0.15873015873015872,0.5,0.7716981132075471,0.36951424319896276,2.3279397321534656,0.831865614695092,-5.229574763631737,5.120926939557784,0.5,0.15873015873015872,0.0,0.15873015873015872,1.0,0.273972602739726,0.0,53.0,0.0,10.0,0.0,1.0,0.0,1.0,0.15873015873015872,212.0,252.0,4,1260,126,126,36,none,-0.0746857994631628,2017-02-27,2017-12-19,2018-03-27,f1,,,insufficient data; used fixed threshold,stress_q10_20d__market__logistic_l2
63,1,0.015873015873015872,0.20743534482758622,0.25,0.015873015873015872,1.0,0.058190103046945114,-2.7251051450536314,0.3794340157991165,0.3709677419354839,0.7301587301587301,-0.07409948978045726,0.0,0.0,0.0,46.0,16.0,1.0,0.0,0.7419354838709677,0.25806451612903225,1.0,0.0,0.0,64.0,64.0,5,1386,139,126,36,isotonic,-0.07241394173315696,2017-08-25,2018-06-28,2018-09-25,f1,0.6086956521739131,,,stress_q10_20d__market__logistic_l2
63,0,0.0,0.38016528925619836,,,,,,,,,,,,,,,,,,,,,,,,6,1512,152,126,36,isotonic,-0.07147231561605213,2018-03-02,2018-12-24,2019-03-29,f1,0.5508982035928144,degenerate label distribution; most metrics undefined,,stress_q10_20d__market__logistic_l2
63,0,0.0,0.06031623991815524,,,,,,,,,,,,,,,,,,,,,,,,7,1638,164,126,36,sigmoid,-0.07993013234656555,2018-08-30,2019-07-03,2019-09-30,f1,0.23376623376623376,degenerate label distribution; most metrics undefined,,stress_q10_20d__market__logistic_l2
63,30,0.47619047619047616,0.5,0.20101010101010097,0.33628054715001104,0.7061891490150233,0.4778965946938451,-0.9159308932725974,2.213141443631805,0.5,0.5238095238095238,0.0,0.0,0.0,0.0,33.0,0.0,30.0,0.0,1.0,0.0,1.0,0.0,,0.0,0.0,8,1764,177,126,36,none,-0.08051344682712602,2019-03-06,2019-12-27,2020-04-01,f1,,,insufficient data; used fixed threshold,stress_q10_20d__market__logistic_l2
63,14,0.2222222222222222,0.2619047619047619,0.5,0.2222222222222222,1.0,0.17441421012849587,-0.009110787172011747,0.5339250652841722,0.5,0.2222222222222222,0.0,0.2222222222222222,1.0,0.36363636363636365,0.0,49.0,0.0,14.0,0.0,1.0,0.0,1.0,0.2222222222222222,196.0,252.0,9,1890,189,126,36,isotonic,-0.07841169566247412,2019-09-05,2020-07-03,2020-09-30,f1,0.41509433962264153,,,stress_q10_20d__market__logistic_l2
63,16,0.25396825396825395,0.12334533872398018,0.2938829787234043,0.18913454018301457,0.7447172519706199,0.2068794918604225,-0.09189455211970343,0.6314625173626316,0.3238031914893617,0.20634920634920634,-0.40405356156455796,0.17307692307692307,0.5625,0.2647058823529412,4.0,43.0,7.0,9.0,0.0851063829787234,0.9148936170212766,0.4375,0.5625,0.17307692307692307,172.0,208.0,10,2016,202,126,36,sigmoid,-0.08017099001645406,2020-03-09,2020-12-29,2021-04-02,f1,0.29411764705882354,,,stress_q10_20d__market__logistic_l2
63,2,0.031746031746031744,0.17791761714301133,0.4426229508196721,0.04210992907801418,1.3264627659574468,0.03617062194919705,-0.17673113538002538,0.17897256419856236,0.5,0.9682539682539683,0.0,0.0,0.0,0.0,61.0,0.0,2.0,0.0,1.0,0.0,1.0,0.0,,0.0,0.0,11,2142,215,126,36,sigmoid,-0.08129365253852175,2020-09-07,2021-07-06,2021-10-04,f1,0.36363636363636365,,,stress_q10_20d__market__logistic_l2
63,8,0.12698412698412698,0.07987648454356087,0.25,0.09219684117562138,0.7260501242580184,0.13315333327980708,-0.20110359042625991,0.7183555145272518,0.3090909090909091,0.5396825396825397,-0.2696799449852968,0.0,0.0,0.0,34.0,21.0,8.0,0.0,0.6181818181818182,0.38181818181818183,1.0,0.0,0.0,84.0,84.0,12,2268,227,126,36,sigmoid,-0.08209804241224669,2021-03-10,2021-12-31,2022-04-06,f1,0.32727272727272727,,,stress_q10_20d__market__logistic_l2
63,29,0.4603174603174603,0.2761904761904762,0.26724137931034486,0.446360153256705,0.969678953626635,0.4733432424151403,-0.9053745731700726,6.247870417634753,0.2672413793103448,0.2857142857142857,-0.51360792775061,0.05555555555555555,0.034482758620689655,0.0425531914893617,17.0,17.0,28.0,1.0,0.5,0.5,0.9655172413793104,0.034482758620689655,0.05555555555555555,68.0,72.0,13,2394,240,126,36,isotonic,-0.08129003278009612,2021-09-09,2022-07-08,2022-10-06,f1,0.43283582089552236,,,stress_q10_20d__market__logistic_l2
63,3,0.047619047619047616,0.416,0.5,0.047619047619047616,1.0,0.18105600000000005,-2.992284800000002,0.5540074257999558,0.5,0.047619047619047616,0.0,0.047619047619047616,1.0,0.09090909090909091,0.0,60.0,0.0,3.0,0.0,1.0,0.0,1.0,0.047619047619047616,240.0,252.0,14,2520,252,126,36,isotonic,-0.08026373534453113,2022-03-14,2023-01-05,2023-04-10,f1,0.5875706214689266,,,stress_q10_20d__market__logistic_l2
63,17,0.2698412698412698,0.038695680646006814,0.6828644501278771,0.5303354982837757,1.96536096422811,0.25114141312138044,-0.2746550750367762,0.9187036837275447,0.6406649616368286,0.746031746031746,0.30857634168300824,0.5384615384615384,0.4117647058823529,0.4666666666666667,40.0,6.0,10.0,7.0,0.8695652173913043,0.13043478260869565,0.5882352941176471,0.4117647058823529,0.5384615384615384,24.0,52.0,15,2646,265,126,36,sigmoid,-0.08567215868458511,2022-09-13,2023-07-12,2023-10-10,f1,0.09523809523809523,,,stress_q10_20d__market__logistic_l2
63,0,0.0,0.24504337293330017,,,,,,,,,,,,,,,,,,,,,,,,16,2772,278,126,36,sigmoid,-0.08829511041028286,2023-03-16,2024-01-09,2024-04-11,f1,0.4827586206896552,degenerate label distribution; most metrics undefined,,stress_q10_20d__market__logistic_l2
63,0,0.0,0.5,,,,,,,,,,,,,,,,,,,,,,,,17,2898,290,126,36,none,-0.08793742719542438,2023-09-15,2024-07-16,2024-10-14,f1,,degenerate label distribution; most metrics undefined,insufficient data; used fixed threshold,stress_q10_20d__market__logistic_l2
63,19,0.30158730158730157,0.5,0.819377990430622,0.5065837897752302,1.6797251976757634,0.2638348204078689,-0.25258421315649726,0.7428889215050276,0.45454545454545453,0.6349206349206349,-0.17110175024477653,0.0,0.0,0.0,40.0,4.0,19.0,0.0,0.9090909090909091,0.09090909090909091,1.0,0.0,0.0,16.0,16.0,18,3024,303,126,36,none,-0.0877847771591055,2024-03-19,2025-01-13,2025-04-17,f1,,,insufficient data; used fixed threshold,stress_q10_20d__market__logistic_l2
63,5,0.07936507936507936,0.16211777027307553,0.5655172413793104,0.10287925287925288,1.2962785862785864,0.07348860448381975,-0.005780245504415804,0.2801858616723573,0.5,0.9206349206349206,0.0,0.0,0.0,0.0,58.0,0.0,5.0,0.0,1.0,0.0,1.0,0.0,,0.0,0.0,19,3150,315,126,36,sigmoid,-0.08662291166662969,2024-09-19,2025-07-21,2025-10-17,f1,0.32432432432432434,,,stress_q10_20d__market__logistic_l2
63,17,0.2698412698412698,0.0353335297736654,0.5959079283887468,0.2972173250364625,1.1014524398410082,0.24484367898778264,-0.2426912556298073,0.838346278906906,0.6739130434782609,0.5238095238095238,0.35469625837845836,0.3617021276595745,1.0,0.53125,16.0,30.0,0.0,17.0,0.34782608695652173,0.6521739130434783,0.0,1.0,0.3617021276595745,120.0,188.0,20,3276,328,126,36,sigmoid,-0.08648735386725492,2025-03-24,2026-01-19,2026-04-22,f1,0.11494252873563218,,,stress_q10_20d__market__logistic_l2
63,6,0.09523809523809523,0.16331881225519332,0.736842105263158,0.1895488498429675,1.9902629233511588,0.08717208659792523,-0.01165500499171146,0.3175874451827445,0.47368421052631576,0.8571428571428571,-0.07254762501100116,0.0,0.0,0.0,54.0,3.0,6.0,0.0,0.9473684210526315,0.05263157894736842,1.0,0.0,0.0,12.0,12.0,0,756,76,126,36,sigmoid,-0.07701839080627831,2015-02-13,2015-12-16,2016-03-21,f1,0.4927536231884058,,,stress_q10_20d__market__random_forest
63,0,0.0,0.040822238367523904,,,,,,,,,,,,,,,,,,,,,,,,1,882,89,126,36,sigmoid,-0.08102550798358218,2015-08-24,2016-06-22,2016-09-19,f1,0.23255813953488372,degenerate label distribution; most metrics undefined,,stress_q10_20d__market__random_forest
63,0,0.0,0.5,,,,,,,,,,,,,,,,,,,,,,,,2,1008,101,126,36,none,-0.08013653044333327,2016-02-25,2016-12-16,2017-03-22,f1,,degenerate label distribution; most metrics undefined,insufficient data; used fixed threshold,stress_q10_20d__market__random_forest
63,0,0.0,0.5,,,,,,,,,,,,,,,,,,,,,,,,3,1134,114,126,36,none,-0.07696411832046837,2016-08-24,2017-06-23,2017-09-20,f1,,degenerate label distribution; most metrics undefined,insufficient data; used fixed threshold,stress_q10_20d__market__random_forest
63,10,0.15873015873015872,0.5,0.5622641509433962,0.18163581892502917,1.144305659227684,0.29108017479722126,-1.1798060637173045,0.7957509879608916,0.7358490566037736,0.5555555555555556,0.35232241260390845,0.2631578947368421,1.0,0.4166666666666667,25.0,28.0,0.0,10.0,0.4716981132075472,0.5283018867924528,0.0,1.0,0.2631578947368421,112.0,152.0,4,1260,126,126,36,none,-0.0746857994631628,2017-02-27,2017-12-19,2018-03-27,f1,,,insufficient data; used fixed threshold,stress_q10_20d__market__random_forest
63,1,0.015873015873015872,0.1576923076923077,0.9838709677419355,0.3333333333333333,21.0,0.012504161104710846,0.19953200928068793,0.061838103511732904,0.9838709677419355,0.9682539682539683,0.5679618342470648,0.3333333333333333,1.0,0.5,60.0,2.0,0.0,1.0,0.967741935483871,0.03225806451612903,0.0,1.0,0.3333333333333333,8.0,12.0,5,1386,139,126,36,isotonic,-0.07241394173315696,2017-08-25,2018-06-28,2018-09-25,f1,0.5882352941176471,,,stress_q10_20d__market__random_forest
63,0,0.0,0.4473684210526316,,,,,,,,,,,,,,,,,,,,,,,,6,1512,152,126,36,isotonic,-0.07147231561605213,2018-03-02,2018-12-24,2019-03-29,f1,0.696969696969697,degenerate label distribution; most metrics undefined,,stress_q10_20d__market__random_forest
63,0,0.0,0.08081610469151644,,,,,,,,,,,,,,,,,,,,,,,,7,1638,164,126,36,sigmoid,-0.07993013234656555,2018-08-30,2019-07-03,2019-09-30,f1,0.20689655172413793,degenerate label distribution; most metrics undefined,,stress_q10_20d__market__random_forest
63,30,0.47619047619047616,0.5,0.6494949494949495,0.5794372696898197,1.2168182663486213,0.3810610943620996,-0.5277085692153267,1.1636011491598075,0.5,0.5238095238095238,0.0,0.0,0.0,0.0,33.0,0.0,30.0,0.0,1.0,0.0,1.0,0.0,,0.0,0.0,8,1764,177,126,36,none,-0.08051344682712602,2019-03-06,2019-12-27,2020-04-01,f1,,,insufficient data; used fixed threshold,stress_q10_20d__market__random_forest
63,14,0.2222222222222222,0.25268817204301075,0.9161807580174928,0.6962759462759464,3.1332417582417587,0.12737692832487718,0.2630334861203534,0.4279609918367864,0.7397959183673469,0.6349206349206349,0.401255318847975,0.37142857142857144,0.9285714285714286,0.5306122448979592,27.0,22.0,1.0,13.0,0.5510204081632653,0.4489795918367347,0.07142857142857142,0.9285714285714286,0.37142857142857144,88.0,140.0,9,1890,189,126,36,isotonic,-0.07841169566247412,2019-09-05,2020-07-03,2020-09-30,f1,0.6129032258064516,,,stress_q10_20d__market__random_forest
63,16,0.25396825396825395,0.10092378975886776,0.1422872340425532,0.161182998883453,0.6346580581035962,0.7342489299870821,-2.875311174360012,3.8011822263592188,0.5,0.25396825396825395,0.0,0.25396825396825395,1.0,0.4050632911392405,0.0,47.0,0.0,16.0,0.0,1.0,0.0,1.0,0.25396825396825395,188.0,252.0,10,2016,202,126,36,sigmoid,-0.08017099001645406,2020-03-09,2020-12-29,2021-04-02,f1,0.38961038961038963,,,stress_q10_20d__market__random_forest
63,2,0.031746031746031744,0.1538542689833139,0.5245901639344263,0.05347222222222223,1.6843750000000002,0.0508903856792308,-0.6556060718103858,0.23932619735379196,0.5737704918032787,0.1746031746031746,0.07392212709545729,0.037037037037037035,1.0,0.07142857142857142,9.0,52.0,0.0,2.0,0.14754098360655737,0.8524590163934426,0.0,1.0,0.037037037037037035,208.0,216.0,11,2142,215,126,36,sigmoid,-0.08129365253852175,2020-09-07,2021-07-06,2021-10-04,f1,0.3888888888888889,,,stress_q10_20d__market__random_forest
63,8,0.12698412698412698,0.3920689358727144,0.08750000000000002,0.07870041583676889,0.619765774714555,0.1293156975645151,-0.1664863718944558,1.358811051988237,0.5,0.873015873015873,0.0,0.0,0.0,0.0,55.0,0.0,8.0,0.0,1.0,0.0,1.0,0.0,,0.0,0.0,12,2268,227,126,36,sigmoid,-0.08209804241224669,2021-03-10,2021-12-31,2022-04-06,f1,0.625,,,stress_q10_20d__market__random_forest
63,29,0.4603174603174603,0.29,0.5,0.4603174603174603,1.0,0.46031653968353964,-0.8529374705922603,6.359521272713983,0.5,0.5396825396825397,0.0,0.0,0.0,0.0,34.0,0.0,29.0,0.0,1.0,0.0,1.0,0.0,,0.0,0.0,13,2394,240,126,36,isotonic,-0.08129003278009612,2021-09-09,2022-07-08,2022-10-06,f1,0.4496124031007752,,,stress_q10_20d__market__random_forest
63,3,0.047619047619047616,0.3333333333333333,0.4666666666666667,0.0478978978978979,1.005855855855856,0.37560010251332854,-7.281982260418896,0.9708359402378047,0.65,0.3333333333333333,0.1414213562373095,0.06666666666666667,1.0,0.125,18.0,42.0,0.0,3.0,0.3,0.7,0.0,1.0,0.06666666666666667,168.0,180.0,14,2520,252,126,36,isotonic,-0.08026373534453113,2022-03-14,2023-01-05,2023-04-10,f1,0.6504065040650406,,,stress_q10_20d__market__random_forest
63,17,0.2698412698412698,0.1531560413654795,0.18542199488491048,0.1779896134114065,0.6596085673481535,0.37923993521500626,-0.924812407760051,2.093468585435992,0.20652173913043478,0.30158730158730157,-0.5264730886222754,0.0,0.0,0.0,19.0,27.0,17.0,0.0,0.41304347826086957,0.5869565217391305,1.0,0.0,0.0,108.0,108.0,15,2646,265,126,36,sigmoid,-0.08567215868458511,2022-09-13,2023-07-12,2023-10-10,f1,0.3333333333333333,,,stress_q10_20d__market__random_forest
63,0,0.0,0.09298240820242593,,,,,,,,,,,,,,,,,,,,,,,,16,2772,278,126,36,sigmoid,-0.08829511041028286,2023-03-16,2024-01-09,2024-04-11,f1,0.43902439024390244,degenerate label distribution; most metrics undefined,,stress_q10_20d__market__random_forest
63,0,0.0,0.5,,,,,,,,,,,,,,,,,,,,,,,,17,2898,290,126,36,none,-0.08793742719542438,2023-09-15,2024-07-16,2024-10-14,f1,,degenerate label distribution; most metrics undefined,insufficient data; used fixed threshold,stress_q10_20d__market__random_forest
63,19,0.30158730158730157,0.5,0.2093301435406698,0.21445433834955138,0.7110854376853546,0.3488554326115976,-0.6562287225304202,1.5194552733147522,0.4240430622009569,0.5714285714285714,-0.1907930925184372,0.1,0.05263157894736842,0.06896551724137931,35.0,9.0,18.0,1.0,0.7954545454545454,0.20454545454545456,0.9473684210526315,0.05263157894736842,0.1,36.0,40.0,18,3024,303,126,36,none,-0.0877847771591055,2024-03-19,2025-01-13,2025-04-17,f1,,,insufficient data; used fixed threshold,stress_q10_20d__market__random_forest
63,5,0.07936507936507936,0.20613567999703641,0.4689655172413793,0.0844870826847571,1.0645372418279395,0.07801427748841235,-0.067719542591409,0.3562186441179205,0.5,0.9206349206349206,0.0,0.0,0.0,0.0,58.0,0.0,5.0,0.0,1.0,0.0,1.0,0.0,,0.0,0.0,19,3150,315,126,36,sigmoid,-0.08662291166662969,2024-09-19,2025-07-21,2025-10-17,f1,0.5283018867924528,,,stress_q10_20d__market__random_forest
63,17,0.2698412698412698,0.06949105218496171,0.18286445012787722,0.1808258695077246,0.6701193987639207,0.2540808898634936,-0.2895742351255832,0.9604673365177935,0.5,0.7301587301587301,0.0,0.0,0.0,0.0,46.0,0.0,17.0,0.0,1.0,0.0,1.0,0.0,,0.0,0.0,20,3276,328,126,36,sigmoid,-0.08648735386725492,2025-03-24,2026-01-19,2026-04-22,f1,0.1568627450980392,,,stress_q10_20d__market__random_forest
63,6,0.09523809523809523,0.22158819360220935,0.14912280701754388,0.06549251404870765,0.6876713975114304,0.11569028566825834,-0.34261620999215614,0.42950483317624427,0.23684210526315788,0.42857142857142855,-0.309344112444873,0.0,0.0,0.0,27.0,30.0,6.0,0.0,0.47368421052631576,0.5263157894736842,1.0,0.0,0.0,120.0,120.0,0,756,76,126,36,sigmoid,-0.07701839080627831,2015-02-13,2015-12-16,2016-03-21,f1,0.3902439024390244,,,stress_q10_20d__market__hist_gradient_boosting
63,0,0.0,0.03877178271506482,,,,,,,,,,,,,,,,,,,,,,,,1,882,89,126,36,sigmoid,-0.08102550798358218,2015-08-24,2016-06-22,2016-09-19,f1,0.19607843137254902,degenerate label distribution; most metrics undefined,,stress_q10_20d__market__hist_gradient_boosting
63,0,0.0,0.5,,,,,,,,,,,,,,,,,,,,,,,,2,1008,101,126,36,none,-0.08013653044333327,2016-02-25,2016-12-16,2017-03-22,f1,,degenerate label distribution; most metrics undefined,insufficient data; used fixed threshold,stress_q10_20d__market__hist_gradient_boosting
63,0,0.0,0.5,,,,,,,,,,,,,,,,,,,,,,,,3,1134,114,126,36,none,-0.07696411832046837,2016-08-24,2017-06-23,2017-09-20,f1,,degenerate label distribution; most metrics undefined,insufficient data; used fixed threshold,stress_q10_20d__market__hist_gradient_boosting
63,10,0.15873015873015872,0.5,0.7547169811320755,0.3382218707218707,2.1307977855477858,0.17868405823659952,-0.3381075983793653,0.507575612513352,0.6584905660377358,0.6984126984126984,0.24571804673358047,0.2857142857142857,0.6,0.3870967741935484,38.0,15.0,4.0,6.0,0.7169811320754716,0.2830188679245283,0.4,0.6,0.2857142857142857,60.0,84.0,4,1260,126,126,36,none,-0.0746857994631628,2017-02-27,2017-12-19,2018-03-27,f1,,,insufficient data; used fixed threshold,stress_q10_20d__market__hist_gradient_boosting
63,1,0.015873015873015872,0.33497536945812806,0.9838709677419355,0.3333333333333333,21.0,0.012428920513444594,0.20434862067965176,0.044143399923541674,0.5,0.9841269841269841,0.0,0.0,0.0,0.0,62.0,0.0,1.0,0.0,1.0,0.0,1.0,0.0,,0.0,0.0,5,1386,139,126,36,isotonic,-0.07241394173315696,2017-08-25,2018-06-28,2018-09-25,f1,0.4918032786885246,,,stress_q10_20d__market__hist_gradient_boosting
63,0,0.0,0.3625000000000011,,,,,,,,,,,,,,,,,,,,,,,,6,1512,152,126,36,isotonic,-0.07147231561605213,2018-03-02,2018-12-24,2019-03-29,f1,0.6902654867256637,degenerate label distribution; most metrics undefined,,stress_q10_20d__market__hist_gradient_boosting
63,0,0.0,0.1598042543473355,,,,,,,,,,,,,,,,,,,,,,,,7,1638,164,126,36,sigmoid,-0.07993013234656555,2018-08-30,2019-07-03,2019-09-30,f1,0.3333333333333333,degenerate label distribution; most metrics undefined,,stress_q10_20d__market__hist_gradient_boosting
63,30,0.47619047619047616,0.5,0.33232323232323224,0.3786075285119165,0.7950758098750247,0.4761140192418952,-0.9087843862334164,4.8876917641395625,0.5,0.5238095238095238,0.0,0.0,0.0,0.0,33.0,0.0,30.0,0.0,1.0,0.0,1.0,0.0,,0.0,0.0,8,1764,177,126,36,none,-0.08051344682712602,2019-03-06,2019-12-27,2020-04-01,f1,,,insufficient data; used fixed threshold,stress_q10_20d__market__hist_gradient_boosting
63,14,0.2222222222222222,0.25531914893617025,0.7033527696793003,0.33727556596409053,1.5177400468384075,0.16840767281794608,0.02564132155331189,0.5187416887193632,0.5204081632653061,0.25396825396825395,0.09678678369916546,0.22950819672131148,1.0,0.37333333333333335,2.0,47.0,0.0,14.0,0.04081632653061224,0.9591836734693877,0.0,1.0,0.22950819672131148,188.0,244.0,9,1890,189,126,36,isotonic,-0.07841169566247412,2019-09-05,2020-07-03,2020-09-30,f1,0.4161073825503356,,,stress_q10_20d__market__hist_gradient_boosting
63,16,0.25396825396825395,0.18290976760308075,0.3590425531914894,0.20054409482672345,0.7896423733802236,0.497522556142554,-1.6258870017683469,4.44870730546508,0.33843085106382975,0.4126984126984127,-0.28422627335995015,0.1111111111111111,0.1875,0.13953488372093023,23.0,24.0,13.0,3.0,0.48936170212765956,0.5106382978723404,0.8125,0.1875,0.1111111111111111,96.0,108.0,10,2016,202,126,36,sigmoid,-0.08017099001645406,2020-03-09,2020-12-29,2021-04-02,f1,0.45714285714285713,,,stress_q10_20d__market__hist_gradient_boosting
63,2,0.031746031746031744,0.14981374686183663,0.860655737704918,0.1875,5.90625,0.029799715752832957,0.030532198172180225,0.1319540519749454,0.5,0.9682539682539683,0.0,0.0,0.0,0.0,61.0,0.0,2.0,0.0,1.0,0.0,1.0,0.0,,0.0,0.0,11,2142,215,126,36,sigmoid,-0.08129365253852175,2020-09-07,2021-07-06,2021-10-04,f1,0.28888888888888886,,,stress_q10_20d__market__hist_gradient_boosting
63,8,0.12698412698412698,0.16685363157371785,0.6045454545454545,0.165444890077243,1.3028785093582886,0.10867569177028068,0.019695862190354463,0.3643443571680752,0.5,0.873015873015873,0.0,0.0,0.0,0.0,55.0,0.0,8.0,0.0,1.0,0.0,1.0,0.0,,0.0,0.0,12,2268,227,126,36,sigmoid,-0.08209804241224669,2021-03-10,2021-12-31,2022-04-06,f1,0.3888888888888889,,,stress_q10_20d__market__hist_gradient_boosting
63,29,0.4603174603174603,0.21016949152542366,0.5101419878296146,0.4813218390804598,1.0456302021403092,0.435886218572098,-0.7545967560980293,5.410957158032451,0.47058823529411764,0.5079365079365079,-0.16722824066061784,0.0,0.0,0.0,32.0,2.0,29.0,0.0,0.9411764705882353,0.058823529411764705,1.0,0.0,0.0,8.0,8.0,13,2394,240,126,36,isotonic,-0.08129003278009612,2021-09-09,2022-07-08,2022-10-06,f1,0.40875912408759124,,,stress_q10_20d__market__hist_gradient_boosting
63,3,0.047619047619047616,0.3769841269841278,0.8861111111111111,0.18888888888888888,3.966666666666667,0.3341643382888683,-6.368323659269548,2.324523468846663,0.6333333333333333,0.30158730158730157,0.13046561461068845,0.06382978723404255,1.0,0.12,16.0,44.0,0.0,3.0,0.26666666666666666,0.7333333333333333,0.0,1.0,0.06382978723404255,176.0,188.0,14,2520,252,126,36,isotonic,-0.08026373534453113,2022-03-14,2023-01-05,2023-04-10,f1,0.6612903225806451,,,stress_q10_20d__market__hist_gradient_boosting
63,17,0.2698412698412698,0.06236290279828263,0.25575447570332477,0.19234644302209591,0.7128132888465908,0.2597811480185318,-0.3185055965288397,1.264534324621405,0.44565217391304346,0.6507936507936508,-0.17849109351664474,0.0,0.0,0.0,41.0,5.0,17.0,0.0,0.8913043478260869,0.10869565217391304,1.0,0.0,0.0,20.0,20.0,15,2646,265,126,36,sigmoid,-0.08567215868458511,2022-09-13,2023-07-12,2023-10-10,f1,0.15384615384615385,,,stress_q10_20d__market__hist_gradient_boosting
63,0,0.0,0.10595354523478406,,,,,,,,,,,,,,,,,,,,,,,,16,2772,278,126,36,sigmoid,-0.08829511041028286,2023-03-16,2024-01-09,2024-04-11,f1,0.4186046511627907,degenerate label distribution; most metrics undefined,,stress_q10_20d__market__hist_gradient_boosting
63,0,0.0,0.5,,,,,,,,,,,,,,,,,,,,,,,,17,2898,290,126,36,none,-0.08793742719542438,2023-09-15,2024-07-16,2024-10-14,f1,,degenerate label distribution; most metrics undefined,insufficient data; used fixed threshold,stress_q10_20d__market__hist_gradient_boosting
63,19,0.30158730158730157,0.5,0.05861244019138754,0.18327677185768929,0.6077071908965487,0.3019003746526311,-0.4333045298998719,2.9480604859256765,0.5,0.6984126984126984,0.0,0.0,0.0,0.0,44.0,0.0,19.0,0.0,1.0,0.0,1.0,0.0,,0.0,0.0,18,3024,303,126,36,none,-0.0877847771591055,2024-03-19,2025-01-13,2025-04-17,f1,,,insufficient data; used fixed threshold,stress_q10_20d__market__hist_gradient_boosting
63,5,0.07936507936507936,0.19387022586441227,0.4224137931034483,0.07936507936507936,1.0,0.08191009494376197,-0.12103850631652158,1.113449620586265,0.5,0.9206349206349206,0.0,0.0,0.0,0.0,58.0,0.0,5.0,0.0,1.0,0.0,1.0,0.0,,0.0,0.0,19,3150,315,126,36,sigmoid,-0.08662291166662969,2024-09-19,2025-07-21,2025-10-17,f1,0.6296296296296297,,,stress_q10_20d__market__hist_gradient_boosting
63,17,0.2698412698412698,0.3147591443088844,0.6214833759590793,0.4620915032679738,1.7124567474048442,0.2677045907168942,-0.35872061452091164,2.818564162520717,0.5,0.7301587301587301,0.0,0.0,0.0,0.0,46.0,0.0,17.0,0.0,1.0,0.0,1.0,0.0,,0.0,0.0,20,3276,328,126,36,sigmoid,-0.08648735386725492,2025-03-24,2026-01-19,2026-04-22,f1,0.5,,,stress_q10_20d__market__hist_gradient_boosting
63,6,0.09523809523809523,0.15873342183968836,0.5,0.09523809523809523,1.0,0.09019945695375765,-0.046788434647556,0.3316735853881014,0.5,0.09523809523809523,0.0,0.09523809523809523,1.0,0.17391304347826086,0.0,57.0,0.0,6.0,0.0,1.0,0.0,1.0,0.09523809523809523,228.0,252.0,0,737,76,126,60,sigmoid,-0.07701839080627831,2015-02-13,2015-12-16,2016-03-21,f1,0.273972602739726,,,stress_q10_20d__graph__naive_frequency
63,0,0.0,0.03969119376819308,,,,,,,,,,,,,,,,,,,,,,,,1,863,89,126,60,sigmoid,-0.08102550798358218,2015-08-24,2016-06-22,2016-09-19,f1,0.07633587786259542,degenerate label distribution; most metrics undefined,,stress_q10_20d__graph__naive_frequency
63,0,0.0,0.5,,,,,,,,,,,,,,,,,,,,,,,,2,989,101,126,60,none,-0.08013653044333327,2016-02-25,2016-12-16,2017-03-22,f1,,degenerate label distribution; most metrics undefined,insufficient data; used fixed threshold,stress_q10_20d__graph__naive_frequency
63,0,0.0,0.5,,,,,,,,,,,,,,,,,,,,,,,,3,1115,114,126,60,none,-0.07696411832046837,2016-08-24,2017-06-23,2017-09-20,f1,,degenerate label distribution; most metrics undefined,insufficient data; used fixed threshold,stress_q10_20d__graph__naive_frequency
63,10,0.15873015873015872,0.5,0.5,0.15873015873015872,1.0,0.13680663652580718,-0.02450101956779016,0.4531468754282835,0.5,0.8412698412698413,0.0,0.0,0.0,0.0,53.0,0.0,10.0,0.0,1.0,0.0,1.0,0.0,,0.0,0.0,4,1241,126,126,60,none,-0.0746857994631628,2017-02-27,2017-12-19,2018-03-27,f1,,,insufficient data; used fixed threshold,stress_q10_20d__graph__naive_frequency
63,1,0.015873015873015872,0.2619047619047619,0.5,0.015873015873015872,1.0,0.07615268329554047,-3.8750000000000018,0.3201283174757898,0.5,0.015873015873015872,0.0,0.015873015873015872,1.0,0.03125,0.0,62.0,0.0,1.0,0.0,1.0,0.0,1.0,0.015873015873015872,248.0,252.0,5,1367,139,126,60,isotonic,-0.07241394173315696,2017-08-25,2018-06-28,2018-09-25,f1,0.41509433962264153,,,stress_q10_20d__graph__naive_frequency
63,0,0.0,0.36507936507936506,,,,,,,,,,,,,,,,,,,,,,,,6,1493,152,126,60,isotonic,-0.07147231561605213,2018-03-02,2018-12-24,2019-03-29,f1,0.5348837209302325,degenerate label distribution; most metrics undefined,,stress_q10_20d__graph__naive_frequency
63,0,0.0,0.07144728800732307,,,,,,,,,,,,,,,,,,,,,,,,7,1619,164,126,60,sigmoid,-0.07993013234656555,2018-08-30,2019-07-03,2019-09-30,f1,0.13333333333333333,degenerate label distribution; most metrics undefined,,stress_q10_20d__graph__naive_frequency
63,30,0.47619047619047616,0.5,0.5,0.47619047619047616,1.0,0.38987652380678706,-0.5630504272617554,1.145718618648329,0.5,0.5238095238095238,0.0,0.0,0.0,0.0,33.0,0.0,30.0,0.0,1.0,0.0,1.0,0.0,,0.0,0.0,8,1745,177,126,60,none,-0.08051344682712602,2019-03-06,2019-12-27,2020-04-01,f1,,,insufficient data; used fixed threshold,stress_q10_20d__graph__naive_frequency
63,14,0.2222222222222222,0.2619047619047619,0.5,0.2222222222222222,1.0,0.17441421012849587,-0.009110787172011747,0.5339250652841722,0.5,0.2222222222222222,0.0,0.2222222222222222,1.0,0.36363636363636365,0.0,49.0,0.0,14.0,0.0,1.0,0.0,1.0,0.2222222222222222,196.0,252.0,9,1871,189,126,60,isotonic,-0.07841169566247412,2019-09-05,2020-07-03,2020-09-30,f1,0.41509433962264153,,,stress_q10_20d__graph__naive_frequency
63,16,0.25396825396825395,0.12701188565146276,0.5,0.25396825396825395,1.0,0.20558629940075918,-0.08506917861916641,0.6253930258647119,0.5,0.25396825396825395,0.0,0.25396825396825395,1.0,0.4050632911392405,0.0,47.0,0.0,16.0,0.0,1.0,0.0,1.0,0.25396825396825395,188.0,252.0,10,1997,202,126,60,sigmoid,-0.08017099001645406,2020-03-09,2020-12-29,2021-04-02,f1,0.22535211267605634,,,stress_q10_20d__graph__naive_frequency
63,2,0.031746031746031744,0.12701188439802844,0.5,0.031746031746031744,1.0,0.03981380389592365,-0.29525399723705714,0.19702829786788106,0.5,0.031746031746031744,0.0,0.031746031746031744,1.0,0.06153846153846154,0.0,61.0,0.0,2.0,0.0,1.0,0.0,1.0,0.031746031746031744,244.0,252.0,11,2123,215,126,60,sigmoid,-0.08129365253852175,2020-09-07,2021-07-06,2021-10-04,f1,0.22535211267605634,,,stress_q10_20d__graph__naive_frequency
63,8,0.12698412698412698,0.07144728990238036,0.5,0.12698412698412698,1.0,0.11394349875125055,-0.02782215123571241,0.3998001528847406,0.5,0.12698412698412698,0.0,0.12698412698412698,1.0,0.22535211267605634,0.0,55.0,0.0,8.0,0.0,1.0,0.0,1.0,0.12698412698412698,220.0,252.0,12,2249,227,126,60,sigmoid,-0.08209804241224669,2021-03-10,2021-12-31,2022-04-06,f1,0.13333333333333333,,,stress_q10_20d__graph__naive_frequency
63,29,0.4603174603174603,0.23015873015873015,0.5,0.4603174603174603,1.0,0.3013983371126228,-0.21323529411764697,0.8173652031622275,0.5,0.4603174603174603,0.0,0.4603174603174603,1.0,0.6304347826086957,0.0,34.0,0.0,29.0,0.0,1.0,0.0,1.0,0.4603174603174603,136.0,252.0,13,2375,240,126,60,isotonic,-0.08129003278009612,2021-09-09,2022-07-08,2022-10-06,f1,0.3741935483870968,,,stress_q10_20d__graph__naive_frequency
63,3,0.047619047619047616,0.4126984126984127,0.5,0.047619047619047616,1.0,0.1786344167296548,-2.938888888888889,0.5490178315864868,0.5,0.047619047619047616,0.0,0.047619047619047616,1.0,0.09090909090909091,0.0,60.0,0.0,3.0,0.0,1.0,0.0,1.0,0.047619047619047616,240.0,252.0,14,2501,252,126,60,isotonic,-0.08026373534453113,2022-03-14,2023-01-05,2023-04-10,f1,0.5842696629213483,,,stress_q10_20d__graph__naive_frequency
63,17,0.2698412698412698,0.03969119877182306,0.5,0.2698412698412698,1.0,0.2499960141449922,-0.2688416625850052,0.9002485104656748,0.5,0.2698412698412698,0.0,0.2698412698412698,1.0,0.425,0.0,46.0,0.0,17.0,0.0,1.0,0.0,1.0,0.2698412698412698,184.0,252.0,15,2627,265,126,60,sigmoid,-0.08567215868458511,2022-09-13,2023-07-12,2023-10-10,f1,0.07633587786259542,,,stress_q10_20d__graph__naive_frequency
63,0,0.0,0.14286711941813626,,,,,,,,,,,,,,,,,,,,,,,,16,2753,278,126,60,sigmoid,-0.08829511041028286,2023-03-16,2024-01-09,2024-04-11,f1,0.25,degenerate label distribution; most metrics undefined,,stress_q10_20d__graph__naive_frequency
63,0,0.0,0.5,,,,,,,,,,,,,,,,,,,,,,,,17,2879,290,126,60,none,-0.08793742719542438,2023-09-15,2024-07-16,2024-10-14,f1,,degenerate label distribution; most metrics undefined,insufficient data; used fixed threshold,stress_q10_20d__graph__naive_frequency
63,19,0.30158730158730157,0.5,0.5,0.30158730158730157,1.0,0.25093511360227133,-0.19134146637250615,0.7661627815793972,0.5,0.6984126984126984,0.0,0.0,0.0,0.0,44.0,0.0,19.0,0.0,1.0,0.0,1.0,0.0,,0.0,0.0,18,3005,303,126,60,none,-0.0877847771591055,2024-03-19,2025-01-13,2025-04-17,f1,,,insufficient data; used fixed threshold,stress_q10_20d__graph__naive_frequency
63,5,0.07936507936507936,0.15873342661188797,0.5,0.07936507936507936,1.0,0.07936559808714402,-0.08621399588922296,0.30520243926604557,0.5,0.07936507936507936,0.0,0.07936507936507936,1.0,0.14705882352941177,0.0,58.0,0.0,5.0,0.0,1.0,0.0,1.0,0.07936507936507936,232.0,252.0,19,3131,315,126,60,sigmoid,-0.08662291166662969,2024-09-19,2025-07-21,2025-10-17,f1,0.273972602739726,,,stress_q10_20d__graph__naive_frequency
63,17,0.2698412698412698,0.03969119914355751,0.5,0.2698412698412698,1.0,0.24999601397388274,-0.2688416617165481,0.9002485082210759,0.5,0.2698412698412698,0.0,0.2698412698412698,1.0,0.425,0.0,46.0,0.0,17.0,0.0,1.0,0.0,1.0,0.2698412698412698,184.0,252.0,20,3257,328,126,60,sigmoid,-0.08648735386725492,2025-03-24,2026-01-19,2026-04-22,f1,0.07633587786259542,,,stress_q10_20d__graph__naive_frequency
63,6,0.09523809523809523,0.1675060077806726,0.652046783625731,0.14631140839326295,1.536269788129261,0.09094458723854858,-0.05543586768947173,0.3343404635275392,0.6140350877192983,0.30158730158730157,0.1654340383737022,0.12,1.0,0.21428571428571427,13.0,44.0,0.0,6.0,0.22807017543859648,0.7719298245614035,0.0,1.0,0.12,176.0,200.0,0,737,76,126,60,sigmoid,-0.07701839080627831,2015-02-13,2015-12-16,2016-03-21,f1,0.3448275862068966,,,stress_q10_20d__graph__logistic_elasticnet
63,0,0.0,0.15025760034007746,,,,,,,,,,,,,,,,,,,,,,,,1,863,89,126,60,sigmoid,-0.08102550798358218,2015-08-24,2016-06-22,2016-09-19,f1,0.25,degenerate label distribution; most metrics undefined,,stress_q10_20d__graph__logistic_elasticnet
63,0,0.0,0.5,,,,,,,,,,,,,,,,,,,,,,,,2,989,101,126,60,none,-0.08013653044333327,2016-02-25,2016-12-16,2017-03-22,f1,,degenerate label distribution; most metrics undefined,insufficient data; used fixed threshold,stress_q10_20d__graph__logistic_elasticnet
63,0,0.0,0.5,,,,,,,,,,,,,,,,,,,,,,,,3,1115,114,126,60,none,-0.07696411832046837,2016-08-24,2017-06-23,2017-09-20,f1,,degenerate label distribution; most metrics undefined,insufficient data; used fixed threshold,stress_q10_20d__graph__logistic_elasticnet
63,10,0.15873015873015872,0.5,0.5547169811320755,0.17857540542070371,1.1250250541504334,0.4025411397298436,-2.014501478467452,1.5247115222852443,0.330188679245283,0.5555555555555556,-0.27472112789737807,0.0,0.0,0.0,35.0,18.0,10.0,0.0,0.660377358490566,0.33962264150943394,1.0,0.0,0.0,72.0,72.0,4,1241,126,126,60,none,-0.0746857994631628,2017-02-27,2017-12-19,2018-03-27,f1,,,insufficient data; used fixed threshold,stress_q10_20d__graph__logistic_elasticnet
63,1,0.015873015873015872,0.34285714285714286,0.33870967741935487,0.017857142857142856,1.125,0.11685837465941477,-6.480820790697052,0.9329115819021065,0.28225806451612906,0.5555555555555556,-0.10998533626601496,0.0,0.0,0.0,35.0,27.0,1.0,0.0,0.5645161290322581,0.43548387096774194,1.0,0.0,0.0,108.0,108.0,5,1367,139,126,60,isotonic,-0.07241394173315696,2017-08-25,2018-06-28,2018-09-25,f1,0.4807692307692308,,,stress_q10_20d__graph__logistic_elasticnet
63,0,0.0,0.28171641791044777,,,,,,,,,,,,,,,,,,,,,,,,6,1493,152,126,60,isotonic,-0.07147231561605213,2018-03-02,2018-12-24,2019-03-29,f1,0.6095238095238096,degenerate label distribution; most metrics undefined,,stress_q10_20d__graph__logistic_elasticnet
63,0,0.0,0.07065799983416562,,,,,,,,,,,,,,,,,,,,,,,,7,1619,164,126,60,sigmoid,-0.07993013234656555,2018-08-30,2019-07-03,2019-09-30,f1,0.32727272727272727,degenerate label distribution; most metrics undefined,,stress_q10_20d__graph__logistic_elasticnet
63,30,0.47619047619047616,0.5,0.6909090909090909,0.5685180323190978,1.1938878678701055,0.3795997580676902,-0.5218499391622853,1.5389640721887474,0.5454545454545454,0.5238095238095238,0.21320071635561041,0.5,1.0,0.6666666666666666,3.0,30.0,0.0,30.0,0.09090909090909091,0.9090909090909091,0.0,1.0,0.5,120.0,240.0,8,1745,177,126,60,none,-0.08051344682712602,2019-03-06,2019-12-27,2020-04-01,f1,,,insufficient data; used fixed threshold,stress_q10_20d__graph__logistic_elasticnet
63,14,0.2222222222222222,0.38582089552238985,0.43148688046647227,0.206883705600164,0.930976675200738,0.21752553137829037,-0.25854057440296585,0.6288836621016088,0.41836734693877553,0.3333333333333333,-0.14789477332930714,0.18181818181818182,0.5714285714285714,0.27586206896551724,13.0,36.0,6.0,8.0,0.2653061224489796,0.7346938775510204,0.42857142857142855,0.5714285714285714,0.18181818181818182,144.0,176.0,9,1871,189,126,60,isotonic,-0.07841169566247412,2019-09-05,2020-07-03,2020-09-30,f1,0.6,,,stress_q10_20d__graph__logistic_elasticnet
63,16,0.25396825396825395,0.12565918416986224,0.030585106382978705,0.14891914667662837,0.5863691400392242,0.20893289608112645,-0.10273226668349844,0.6409059210966361,0.22340425531914893,0.3333333333333333,-0.48909911198610956,0.0,0.0,0.0,21.0,26.0,16.0,0.0,0.44680851063829785,0.5531914893617021,1.0,0.0,0.0,104.0,104.0,10,1997,202,126,60,sigmoid,-0.08017099001645406,2020-03-09,2020-12-29,2021-04-02,f1,0.28888888888888886,,,stress_q10_20d__graph__logistic_elasticnet
63,2,0.031746031746031744,0.24318229539634334,0.5655737704918032,0.05300127713920817,1.6695402298850575,0.05434781402052164,-0.76808585120861,0.2081221495196682,0.4344262295081967,0.8412698412698413,-0.06905795747278488,0.0,0.0,0.0,53.0,8.0,2.0,0.0,0.8688524590163934,0.13114754098360656,1.0,0.0,0.0,32.0,32.0,11,2123,215,126,60,sigmoid,-0.08129365253852175,2020-09-07,2021-07-06,2021-10-04,f1,0.7894736842105263,,,stress_q10_20d__graph__logistic_elasticnet
63,8,0.12698412698412698,0.13219326385909513,0.6431818181818181,0.17500997634698823,1.3782035637325323,0.12190504808879975,-0.09963894514646876,0.4715599541469262,0.4636363636363636,0.8095238095238095,-0.09930420492387221,0.0,0.0,0.0,51.0,4.0,8.0,0.0,0.9272727272727272,0.07272727272727272,1.0,0.0,0.0,16.0,16.0,12,2249,227,126,60,sigmoid,-0.08209804241224669,2021-03-10,2021-12-31,2022-04-06,f1,0.3225806451612903,,,stress_q10_20d__graph__logistic_elasticnet
63,29,0.4603174603174603,0.17194092827004392,0.08620689655172414,0.3751420992800303,0.814963870849721,0.47182919749738045,-0.8992800049362097,5.028297898920145,0.08620689655172414,0.07936507936507936,-0.8494029733528036,0.1282051282051282,0.1724137931034483,0.14705882352941177,0.0,34.0,24.0,5.0,0.0,1.0,0.8275862068965517,0.1724137931034483,0.1282051282051282,136.0,156.0,13,2375,240,126,60,isotonic,-0.08129003278009612,2021-09-09,2022-07-08,2022-10-06,f1,0.5185185185185185,,,stress_q10_20d__graph__logistic_elasticnet
63,3,0.047619047619047616,0.4,0.5,0.047619047619047616,1.0,0.16952380952380958,-2.7380000000000018,0.5301334860568556,0.5,0.047619047619047616,0.0,0.047619047619047616,1.0,0.09090909090909091,0.0,60.0,0.0,3.0,0.0,1.0,0.0,1.0,0.047619047619047616,240.0,252.0,14,2501,252,126,60,isotonic,-0.08026373534453113,2022-03-14,2023-01-05,2023-04-10,f1,0.5875706214689266,,,stress_q10_20d__graph__logistic_elasticnet
63,17,0.2698412698412698,0.04099794949277839,0.4232736572890025,0.31296085142179747,1.1597960964454848,0.2506426138943111,-0.27212344571166325,0.9088917369056236,0.5,0.7301587301587301,0.0,0.0,0.0,0.0,46.0,0.0,17.0,0.0,1.0,0.0,1.0,0.0,,0.0,0.0,15,2627,265,126,60,sigmoid,-0.08567215868458511,2022-09-13,2023-07-12,2023-10-10,f1,0.13793103448275862,,,stress_q10_20d__graph__logistic_elasticnet
63,0,0.0,0.3325151869905829,,,,,,,,,,,,,,,,,,,,,,,,16,2753,278,126,60,sigmoid,-0.08829511041028286,2023-03-16,2024-01-09,2024-04-11,f1,0.5161290322580645,degenerate label distribution; most metrics undefined,,stress_q10_20d__graph__logistic_elasticnet
63,0,0.0,0.5,,,,,,,,,,,,,,,,,,,,,,,,17,2879,290,126,60,none,-0.08793742719542438,2023-09-15,2024-07-16,2024-10-14,f1,,degenerate label distribution; most metrics undefined,insufficient data; used fixed threshold,stress_q10_20d__graph__logistic_elasticnet
63,19,0.30158730158730157,0.5,0.4916267942583732,0.28879039555929137,0.9575681536965978,0.2569439385760883,-0.21986900981877366,0.7230209128019038,0.43540669856459335,0.5873015873015873,-0.16943474841747153,0.1111111111111111,0.05263157894736842,0.07142857142857142,36.0,8.0,18.0,1.0,0.8181818181818182,0.18181818181818182,0.9473684210526315,0.05263157894736842,0.1111111111111111,32.0,36.0,18,3005,303,126,60,none,-0.0877847771591055,2024-03-19,2025-01-13,2025-04-17,f1,,,insufficient data; used fixed threshold,stress_q10_20d__graph__logistic_elasticnet
63,5,0.07936507936507936,0.22311336081376926,0.17586206896551723,0.05772539011046948,0.7273399153919156,0.10865828363664325,-0.48711975087530024,0.567964556582805,0.3620689655172414,0.6666666666666666,-0.171309744653808,0.0,0.0,0.0,42.0,16.0,5.0,0.0,0.7241379310344828,0.27586206896551724,1.0,0.0,0.0,64.0,64.0,19,3131,315,126,60,sigmoid,-0.08662291166662969,2024-09-19,2025-07-21,2025-10-17,f1,0.4126984126984127,,,stress_q10_20d__graph__logistic_elasticnet
63,17,0.2698412698412698,0.08423852769255291,0.41687979539641945,0.30011474836457297,1.1121899498216528,0.23981855029573823,-0.2171864784191624,0.9330596508620506,0.44948849104859334,0.4126984126984127,-0.09165621358511523,0.23684210526315788,0.5294117647058824,0.32727272727272727,17.0,29.0,8.0,9.0,0.3695652173913043,0.6304347826086957,0.47058823529411764,0.5294117647058824,0.23684210526315788,116.0,152.0,20,3257,328,126,60,sigmoid,-0.08648735386725492,2025-03-24,2026-01-19,2026-04-22,f1,0.2777777777777778,,,stress_q10_20d__graph__logistic_elasticnet
63,6,0.09523809523809523,0.15834486664716463,0.456140350877193,0.09788665190229241,1.0278098449740705,0.08794439725133762,-0.02061787336420773,0.3227568082364671,0.5,0.9047619047619048,0.0,0.0,0.0,0.0,57.0,0.0,6.0,0.0,1.0,0.0,1.0,0.0,,0.0,0.0,0,737,76,126,60,sigmoid,-0.07701839080627831,2015-02-13,2015-12-16,2016-03-21,f1,0.3829787234042553,,,stress_q10_20d__graph__logistic_l2
63,0,0.0,0.049724891765112286,,,,,,,,,,,,,,,,,,,,,,,,1,863,89,126,60,sigmoid,-0.08102550798358218,2015-08-24,2016-06-22,2016-09-19,f1,0.14925373134328357,degenerate label distribution; most metrics undefined,,stress_q10_20d__graph__logistic_l2
63,0,0.0,0.5,,,,,,,,,,,,,,,,,,,,,,,,2,989,101,126,60,none,-0.08013653044333327,2016-02-25,2016-12-16,2017-03-22,f1,,degenerate label distribution; most metrics undefined,insufficient data; used fixed threshold,stress_q10_20d__graph__logistic_l2
63,0,0.0,0.5,,,,,,,,,,,,,,,,,,,,,,,,3,1115,114,126,60,none,-0.07696411832046837,2016-08-24,2017-06-23,2017-09-20,f1,,degenerate label distribution; most metrics undefined,insufficient data; used fixed threshold,stress_q10_20d__graph__logistic_l2
63,10,0.15873015873015872,0.5,0.5490566037735849,0.17564658983941128,1.1065735159882912,0.41160449120005344,-2.0823740105151174,2.5512247563788226,0.330188679245283,0.5555555555555556,-0.27472112789737807,0.0,0.0,0.0,35.0,18.0,10.0,0.0,0.660377358490566,0.33962264150943394,1.0,0.0,0.0,72.0,72.0,4,1241,126,126,60,none,-0.0746857994631628,2017-02-27,2017-12-19,2018-03-27,f1,,,insufficient data; used fixed threshold,stress_q10_20d__graph__logistic_l2
63,1,0.015873015873015872,0.2056561085972851,0.27419354838709675,0.017857142857142856,1.125,0.08219423764019317,-4.261756922482689,0.6690165581989143,0.21774193548387097,0.42857142857142855,-0.1419904585617662,0.0,0.0,0.0,27.0,35.0,1.0,0.0,0.43548387096774194,0.5645161290322581,1.0,0.0,0.0,140.0,140.0,5,1367,139,126,60,isotonic,-0.07241394173315696,2017-08-25,2018-06-28,2018-09-25,f1,0.42857142857142855,,,stress_q10_20d__graph__logistic_l2
63,0,0.0,0.28181818181818186,,,,,,,,,,,,,,,,,,,,,,,,6,1493,152,126,60,isotonic,-0.07147231561605213,2018-03-02,2018-12-24,2019-03-29,f1,0.6140350877192983,degenerate label distribution; most metrics undefined,,stress_q10_20d__graph__logistic_l2
63,0,0.0,0.07092871501981263,,,,,,,,,,,,,,,,,,,,,,,,7,1619,164,126,60,sigmoid,-0.07993013234656555,2018-08-30,2019-07-03,2019-09-30,f1,0.391304347826087,degenerate label distribution; most metrics undefined,,stress_q10_20d__graph__logistic_l2
63,30,0.47619047619047616,0.5,0.6828282828282829,0.5634132280343254,1.1831677788720834,0.44758045899035115,-0.7943907492249533,2.7892801343056632,0.5151515151515151,0.49206349206349204,0.1210898699241207,0.4838709677419355,1.0,0.6521739130434783,1.0,32.0,0.0,30.0,0.030303030303030304,0.9696969696969697,0.0,1.0,0.4838709677419355,128.0,248.0,8,1745,177,126,60,none,-0.08051344682712602,2019-03-06,2019-12-27,2020-04-01,f1,,,insufficient data; used fixed threshold,stress_q10_20d__graph__logistic_l2
63,14,0.2222222222222222,0.37153518123667595,0.5,0.2222222222222222,1.0,0.22370733397688172,-0.29430671800910146,0.6403792691872016,0.5,0.2222222222222222,0.0,0.2222222222222222,1.0,0.36363636363636365,0.0,49.0,0.0,14.0,0.0,1.0,0.0,1.0,0.2222222222222222,196.0,252.0,9,1871,189,126,60,isotonic,-0.07841169566247412,2019-09-05,2020-07-03,2020-09-30,f1,0.6,,,stress_q10_20d__graph__logistic_l2
63,16,0.25396825396825395,0.11240819870212557,0.01595744680851062,0.1482770434530034,0.5838408585962009,0.24694977513999544,-0.30338252331202376,0.8705414477228555,0.19148936170212766,0.2857142857142857,-0.538853369379941,0.0,0.0,0.0,18.0,29.0,16.0,0.0,0.3829787234042553,0.6170212765957447,1.0,0.0,0.0,116.0,116.0,10,1997,202,126,60,sigmoid,-0.08017099001645406,2020-03-09,2020-12-29,2021-04-02,f1,0.33766233766233766,,,stress_q10_20d__graph__logistic_l2
63,2,0.031746031746031744,0.12968968349310103,0.7704918032786885,0.09583333333333333,3.01875,0.03135786074019278,-0.020158600637911084,0.14218112248481538,0.5,0.9682539682539683,0.0,0.0,0.0,0.0,61.0,0.0,2.0,0.0,1.0,0.0,1.0,0.0,,0.0,0.0,11,2123,215,126,60,sigmoid,-0.08129365253852175,2020-09-07,2021-07-06,2021-10-04,f1,0.7692307692307693,,,stress_q10_20d__graph__logistic_l2
63,8,0.12698412698412698,0.18584100292008424,0.640909090909091,0.17307175301597208,1.3629400550007802,0.12450555214109535,-0.12309667374547151,0.5044216838379473,0.4818181818181818,0.8412698412698413,-0.06905795747278488,0.0,0.0,0.0,53.0,2.0,8.0,0.0,0.9636363636363636,0.03636363636363636,1.0,0.0,0.0,8.0,8.0,12,2249,227,126,60,sigmoid,-0.08209804241224669,2021-03-10,2021-12-31,2022-04-06,f1,0.38461538461538464,,,stress_q10_20d__graph__logistic_l2
63,29,0.4603174603174603,0.26666666666666666,0.06896551724137931,0.399892303703556,0.8687315563215182,0.4838608892024523,-0.9477118349336033,5.585997867732068,0.08620689655172414,0.07936507936507936,-0.8494029733528036,0.1282051282051282,0.1724137931034483,0.14705882352941177,0.0,34.0,24.0,5.0,0.0,1.0,0.8275862068965517,0.1724137931034483,0.1282051282051282,136.0,156.0,13,2375,240,126,60,isotonic,-0.08129003278009612,2021-09-09,2022-07-08,2022-10-06,f1,0.5233644859813084,,,stress_q10_20d__graph__logistic_l2
63,3,0.047619047619047616,0.4074074074074074,0.5333333333333333,0.05084745762711865,1.0677966101694916,0.16657190895925292,-2.6729105925515273,0.5159023061300586,0.5333333333333333,0.1111111111111111,0.058222250973958195,0.05084745762711865,1.0,0.0967741935483871,4.0,56.0,0.0,3.0,0.06666666666666667,0.9333333333333333,0.0,1.0,0.05084745762711865,224.0,236.0,14,2501,252,126,60,isotonic,-0.08026373534453113,2022-03-14,2023-01-05,2023-04-10,f1,0.5875706214689266,,,stress_q10_20d__graph__logistic_l2
63,17,0.2698412698412698,0.042416257852752395,0.710997442455243,0.5068304014771384,1.878253840768219,0.24866390007447955,-0.2620805874624159,0.8833416756419554,0.6182864450127877,0.5238095238095238,0.22027493568052461,0.34146341463414637,0.8235294117647058,0.4827586206896552,19.0,27.0,3.0,14.0,0.41304347826086957,0.5869565217391305,0.17647058823529413,0.8235294117647058,0.34146341463414637,108.0,164.0,15,2627,265,126,60,sigmoid,-0.08567215868458511,2022-09-13,2023-07-12,2023-10-10,f1,0.18181818181818182,,,stress_q10_20d__graph__logistic_l2
63,0,0.0,0.24781954453837235,,,,,,,,,,,,,,,,,,,,,,,,16,2753,278,126,60,sigmoid,-0.08829511041028286,2023-03-16,2024-01-09,2024-04-11,f1,0.43636363636363634,degenerate label distribution; most metrics undefined,,stress_q10_20d__graph__logistic_l2
63,0,0.0,0.5,,,,,,,,,,,,,,,,,,,,,,,,17,2879,290,126,60,none,-0.08793742719542438,2023-09-15,2024-07-16,2024-10-14,f1,,degenerate label distribution; most metrics undefined,insufficient data; used fixed threshold,stress_q10_20d__graph__logistic_l2
63,19,0.30158730158730157,0.5,0.5311004784688995,0.3034641891386064,1.0062233639859055,0.31440084702674204,-0.49265186824059737,0.8717276143182471,0.423444976076555,0.5079365079365079,-0.1509585116436852,0.2,0.21052631578947367,0.20512820512820512,28.0,16.0,15.0,4.0,0.6363636363636364,0.36363636363636365,0.7894736842105263,0.21052631578947367,0.2,64.0,80.0,18,3005,303,126,60,none,-0.0877847771591055,2024-03-19,2025-01-13,2025-04-17,f1,,,insufficient data; used fixed threshold,stress_q10_20d__graph__logistic_l2
63,5,0.07936507936507936,0.1709560809772716,0.21034482758620693,0.06027550812540202,0.7594714023800655,0.10257419983323002,-0.40385172116582746,0.44382132913439765,0.25862068965517243,0.47619047619047616,-0.2626128657194451,0.0,0.0,0.0,30.0,28.0,5.0,0.0,0.5172413793103449,0.4827586206896552,1.0,0.0,0.0,112.0,112.0,19,3131,315,126,60,sigmoid,-0.08662291166662969,2024-09-19,2025-07-21,2025-10-17,f1,0.3950617283950617,,,stress_q10_20d__graph__logistic_l2
63,17,0.2698412698412698,0.06152265253489269,0.42327365728900257,0.2594031771900478,0.9613176566454713,0.23423217562414397,-0.18883312666525254,0.8733643143761047,0.45076726342711,0.3333333333333333,-0.10512966748616122,0.24489795918367346,0.7058823529411765,0.36363636363636365,9.0,37.0,5.0,12.0,0.1956521739130435,0.8043478260869565,0.29411764705882354,0.7058823529411765,0.24489795918367346,148.0,196.0,20,3257,328,126,60,sigmoid,-0.08648735386725492,2025-03-24,2026-01-19,2026-04-22,f1,0.23255813953488372,,,stress_q10_20d__graph__logistic_l2
63,6,0.09523809523809523,0.16513507834125085,0.39766081871345027,0.08726203307158159,0.9162513472516067,0.09728233614626329,-0.12898711159216103,0.3498452109418663,0.39473684210526316,0.4444444444444444,-0.12373764497794919,0.06060606060606061,0.3333333333333333,0.10256410256410256,26.0,31.0,4.0,2.0,0.45614035087719296,0.543859649122807,0.6666666666666666,0.3333333333333333,0.06060606060606061,124.0,132.0,0,737,76,126,60,sigmoid,-0.07701839080627831,2015-02-13,2015-12-16,2016-03-21,f1,0.38961038961038963,,,stress_q10_20d__graph__random_forest
63,0,0.0,0.03693160690496185,,,,,,,,,,,,,,,,,,,,,,,,1,863,89,126,60,sigmoid,-0.08102550798358218,2015-08-24,2016-06-22,2016-09-19,f1,0.1724137931034483,degenerate label distribution; most metrics undefined,,stress_q10_20d__graph__random_forest
63,0,0.0,0.5,,,,,,,,,,,,,,,,,,,,,,,,2,989,101,126,60,none,-0.08013653044333327,2016-02-25,2016-12-16,2017-03-22,f1,,degenerate label distribution; most metrics undefined,insufficient data; used fixed threshold,stress_q10_20d__graph__random_forest
63,0,0.0,0.5,,,,,,,,,,,,,,,,,,,,,,,,3,1115,114,126,60,none,-0.07696411832046837,2016-08-24,2017-06-23,2017-09-20,f1,,degenerate label distribution; most metrics undefined,insufficient data; used fixed threshold,stress_q10_20d__graph__random_forest
63,10,0.15873015873015872,0.5,0.27452830188679245,0.11523092394671722,0.7259548208643185,0.1648271414673192,-0.23433759336564153,0.5262884484577898,0.5,0.8412698412698413,0.0,0.0,0.0,0.0,53.0,0.0,10.0,0.0,1.0,0.0,1.0,0.0,,0.0,0.0,4,1241,126,126,60,none,-0.0746857994631628,2017-02-27,2017-12-19,2018-03-27,f1,,,insufficient data; used fixed threshold,stress_q10_20d__graph__random_forest
63,1,0.015873015873015872,0.3076923076923077,0.08064516129032256,0.015873015873015872,1.0,0.16586812923853708,-9.618235563673446,1.590097428786298,0.08064516129032258,0.15873015873015872,-0.2761273878318673,0.0,0.0,0.0,10.0,52.0,1.0,0.0,0.16129032258064516,0.8387096774193549,1.0,0.0,0.0,208.0,208.0,5,1367,139,126,60,isotonic,-0.07241394173315696,2017-08-25,2018-06-28,2018-09-25,f1,0.5116279069767442,,,stress_q10_20d__graph__random_forest
63,0,0.0,0.3173708920187793,,,,,,,,,,,,,,,,,,,,,,,,6,1493,152,126,60,isotonic,-0.07147231561605213,2018-03-02,2018-12-24,2019-03-29,f1,0.5473684210526316,degenerate label distribution; most metrics undefined,,stress_q10_20d__graph__random_forest
63,0,0.0,0.07020339828860436,,,,,,,,,,,,,,,,,,,,,,,,7,1619,164,126,60,sigmoid,-0.07993013234656555,2018-08-30,2019-07-03,2019-09-30,f1,0.27692307692307694,degenerate label distribution; most metrics undefined,,stress_q10_20d__graph__random_forest
63,30,0.47619047619047616,0.5,0.793939393939394,0.6691060074508135,1.4051226156467085,0.19812714035109355,0.20569028277425216,0.5835364943846496,0.7242424242424242,0.7142857142857143,0.48804765916491694,0.6363636363636364,0.9333333333333333,0.7567567567567568,17.0,16.0,2.0,28.0,0.5151515151515151,0.48484848484848486,0.06666666666666667,0.9333333333333333,0.6363636363636364,64.0,176.0,8,1745,177,126,60,none,-0.08051344682712602,2019-03-06,2019-12-27,2020-04-01,f1,,,insufficient data; used fixed threshold,stress_q10_20d__graph__random_forest
63,14,0.2222222222222222,0.25357142857142856,0.8381924198250729,0.5265563772678883,2.3695036977054973,0.14026005548402085,0.18849539327102216,0.44605823306522163,0.7448979591836735,0.6825396825396826,0.40771775315010045,0.4,0.8571428571428571,0.5454545454545454,31.0,18.0,2.0,12.0,0.6326530612244898,0.3673469387755102,0.14285714285714285,0.8571428571428571,0.4,72.0,120.0,9,1871,189,126,60,isotonic,-0.07841169566247412,2019-09-05,2020-07-03,2020-09-30,f1,0.5652173913043478,,,stress_q10_20d__graph__random_forest
63,16,0.25396825396825395,0.16052653270719083,0.5146276595744681,0.25618915818499394,1.0087448103534138,0.22913013362203621,-0.2093317823748162,0.7748684496845387,0.40425531914893614,0.6031746031746031,-0.23819653367016547,0.0,0.0,0.0,38.0,9.0,16.0,0.0,0.8085106382978723,0.19148936170212766,1.0,0.0,0.0,36.0,36.0,10,1997,202,126,60,sigmoid,-0.08017099001645406,2020-03-09,2020-12-29,2021-04-02,f1,0.35,,,stress_q10_20d__graph__random_forest
63,2,0.031746031746031744,0.10490271303347125,0.9180327868852459,0.2857142857142857,9.0,0.03683773743384717,-0.1984342612699952,0.18330279588208342,0.5737704918032787,0.1746031746031746,0.07392212709545729,0.037037037037037035,1.0,0.07142857142857142,9.0,52.0,0.0,2.0,0.14754098360655737,0.8524590163934426,0.0,1.0,0.037037037037037035,208.0,216.0,11,2123,215,126,60,sigmoid,-0.08129365253852175,2020-09-07,2021-07-06,2021-10-04,f1,0.3076923076923077,,,stress_q10_20d__graph__random_forest
63,8,0.12698412698412698,0.17421523501895164,0.7454545454545455,0.24535899504729425,1.9322020859974423,0.10329910372647513,0.0681951302491367,0.39081482054463923,0.525,0.7301587301587301,0.04113766756037212,0.15384615384615385,0.25,0.19047619047619047,44.0,11.0,6.0,2.0,0.8,0.2,0.75,0.25,0.15384615384615385,44.0,52.0,12,2249,227,126,60,sigmoid,-0.08209804241224669,2021-03-10,2021-12-31,2022-04-06,f1,0.5263157894736842,,,stress_q10_20d__graph__random_forest
63,29,0.4603174603174603,0.26666666666666666,0.20689655172413793,0.3408516361954384,0.740470795872849,0.34217750205486647,-0.3773859083729867,1.533858026822463,0.20689655172413793,0.19047619047619047,-0.6582426287630113,0.2608695652173913,0.41379310344827586,0.32,0.0,34.0,17.0,12.0,0.0,1.0,0.5862068965517241,0.41379310344827586,0.2608695652173913,136.0,184.0,13,2375,240,126,60,isotonic,-0.08129003278009612,2021-09-09,2022-07-08,2022-10-06,f1,0.40336134453781514,,,stress_q10_20d__graph__random_forest
63,3,0.047619047619047616,0.1092444474789916,0.5,0.047619047619047616,1.0,0.19694936798248713,-3.342733564013842,0.5864998689972083,0.5,0.047619047619047616,0.0,0.047619047619047616,1.0,0.09090909090909091,0.0,60.0,0.0,3.0,0.0,1.0,0.0,1.0,0.047619047619047616,240.0,252.0,14,2501,252,126,60,isotonic,-0.08026373534453113,2022-03-14,2023-01-05,2023-04-10,f1,0.6081871345029239,,,stress_q10_20d__graph__random_forest
63,17,0.2698412698412698,0.05012742323712111,0.6099744245524297,0.4073395684520285,1.509552518381047,0.24501498186309387,-0.2435606943920965,0.8450521105343216,0.5255754475703325,0.5238095238095238,0.045415152695787026,0.2903225806451613,0.5294117647058824,0.375,24.0,22.0,8.0,9.0,0.5217391304347826,0.4782608695652174,0.47058823529411764,0.5294117647058824,0.2903225806451613,88.0,124.0,15,2627,265,126,60,sigmoid,-0.08567215868458511,2022-09-13,2023-07-12,2023-10-10,f1,0.19047619047619047,,,stress_q10_20d__graph__random_forest
63,0,0.0,0.21246005944123486,,,,,,,,,,,,,,,,,,,,,,,,16,2753,278,126,60,sigmoid,-0.08829511041028286,2023-03-16,2024-01-09,2024-04-11,f1,0.43243243243243246,degenerate label distribution; most metrics undefined,,stress_q10_20d__graph__random_forest
63,0,0.0,0.5,,,,,,,,,,,,,,,,,,,,,,,,17,2879,290,126,60,none,-0.08793742719542438,2023-09-15,2024-07-16,2024-10-14,f1,,degenerate label distribution; most metrics undefined,insufficient data; used fixed threshold,stress_q10_20d__graph__random_forest
63,19,0.30158730158730157,0.5,0.3211722488038278,0.2437093781766894,0.8080889907963912,0.3142873858200639,-0.49211319894716965,0.876643369997216,0.3409090909090909,0.47619047619047616,-0.35125008665710444,0.0,0.0,0.0,30.0,14.0,19.0,0.0,0.6818181818181818,0.3181818181818182,1.0,0.0,0.0,56.0,56.0,18,3005,303,126,60,none,-0.0877847771591055,2024-03-19,2025-01-13,2025-04-17,f1,,,insufficient data; used fixed threshold,stress_q10_20d__graph__random_forest
63,5,0.07936507936507936,0.3803784640703379,0.7758620689655172,0.18956349206349207,2.3885,0.0762055229347811,-0.042964553545331574,0.3019978492220233,0.5,0.9206349206349206,0.0,0.0,0.0,0.0,58.0,0.0,5.0,0.0,1.0,0.0,1.0,0.0,,0.0,0.0,19,3131,315,126,60,sigmoid,-0.08662291166662969,2024-09-19,2025-07-21,2025-10-17,f1,0.6875,,,stress_q10_20d__graph__random_forest
63,17,0.2698412698412698,0.04677501709588092,0.6815856777493606,0.4066066169078679,1.5068362861879812,0.22865608038671217,-0.16053194764048673,0.7069623099914972,0.6847826086956521,0.5396825396825397,0.3695652173913043,0.3695652173913043,1.0,0.5396825396825397,17.0,29.0,0.0,17.0,0.3695652173913043,0.6304347826086957,0.0,1.0,0.3695652173913043,116.0,184.0,20,3257,328,126,60,sigmoid,-0.08648735386725492,2025-03-24,2026-01-19,2026-04-22,f1,0.2564102564102564,,,stress_q10_20d__graph__random_forest
63,6,0.09523809523809523,0.1629588353120418,0.7602339181286549,0.21591718466718468,2.2671304390054394,0.08878938214605331,-0.030424145431829253,0.3246121402111964,0.5964912280701754,0.2698412698412698,0.14922200399985516,0.11538461538461539,1.0,0.20689655172413793,11.0,46.0,0.0,6.0,0.19298245614035087,0.8070175438596491,0.0,1.0,0.11538461538461539,184.0,208.0,0,737,76,126,60,sigmoid,-0.07701839080627831,2015-02-13,2015-12-16,2016-03-21,f1,0.3125,,,stress_q10_20d__graph__hist_gradient_boosting
63,0,0.0,0.05754056959151666,,,,,,,,,,,,,,,,,,,,,,,,1,863,89,126,60,sigmoid,-0.08102550798358218,2015-08-24,2016-06-22,2016-09-19,f1,0.19607843137254902,degenerate label distribution; most metrics undefined,,stress_q10_20d__graph__hist_gradient_boosting
63,0,0.0,0.5,,,,,,,,,,,,,,,,,,,,,,,,2,989,101,126,60,none,-0.08013653044333327,2016-02-25,2016-12-16,2017-03-22,f1,,degenerate label distribution; most metrics undefined,insufficient data; used fixed threshold,stress_q10_20d__graph__hist_gradient_boosting
63,0,0.0,0.5,,,,,,,,,,,,,,,,,,,,,,,,3,1115,114,126,60,none,-0.07696411832046837,2016-08-24,2017-06-23,2017-09-20,f1,,degenerate label distribution; most metrics undefined,insufficient data; used fixed threshold,stress_q10_20d__graph__hist_gradient_boosting
63,10,0.15873015873015872,0.5,0.09999999999999999,0.09779909538754594,0.6161343009415394,0.1589014679683811,-0.18996212521982003,1.2857674717516554,0.5,0.8412698412698413,0.0,0.0,0.0,0.0,53.0,0.0,10.0,0.0,1.0,0.0,1.0,0.0,,0.0,0.0,4,1241,126,126,60,none,-0.0746857994631628,2017-02-27,2017-12-19,2018-03-27,f1,,,insufficient data; used fixed threshold,stress_q10_20d__graph__hist_gradient_boosting
63,1,0.015873015873015872,0.264,0.5161290322580645,0.01639344262295082,1.0327868852459017,0.07513568430818655,-3.809895661599878,0.3147490157800322,0.5161290322580645,0.047619047619047616,0.022996102490913696,0.01639344262295082,1.0,0.03225806451612903,2.0,60.0,0.0,1.0,0.03225806451612903,0.967741935483871,0.0,1.0,0.01639344262295082,240.0,244.0,5,1367,139,126,60,isotonic,-0.07241394173315696,2017-08-25,2018-06-28,2018-09-25,f1,0.4177215189873418,,,stress_q10_20d__graph__hist_gradient_boosting
63,0,0.0,0.32727272727272727,,,,,,,,,,,,,,,,,,,,,,,,6,1493,152,126,60,isotonic,-0.07147231561605213,2018-03-02,2018-12-24,2019-03-29,f1,0.5348837209302325,degenerate label distribution; most metrics undefined,,stress_q10_20d__graph__hist_gradient_boosting
63,0,0.0,0.06118295620681834,,,,,,,,,,,,,,,,,,,,,,,,7,1619,164,126,60,sigmoid,-0.07993013234656555,2018-08-30,2019-07-03,2019-09-30,f1,0.2647058823529412,degenerate label distribution; most metrics undefined,,stress_q10_20d__graph__hist_gradient_boosting
63,30,0.47619047619047616,0.5,0.4858585858585859,0.5873152604416862,1.2333620469275413,0.35591140797198567,-0.4268811901422336,1.2170855540984094,0.5833333333333334,0.6031746031746031,0.30794088102571987,1.0,0.16666666666666666,0.2857142857142857,33.0,0.0,25.0,5.0,1.0,0.0,0.8333333333333334,0.16666666666666666,1.0,0.0,20.0,8,1745,177,126,60,none,-0.08051344682712602,2019-03-06,2019-12-27,2020-04-01,f1,,,insufficient data; used fixed threshold,stress_q10_20d__graph__hist_gradient_boosting
63,14,0.2222222222222222,0.4642857142857143,0.8279883381924199,0.5658507949327709,2.5463285771974693,0.13012468128866567,0.24713577254414865,0.40487145641762795,0.7193877551020409,0.8412698412698413,0.499190719728515,0.7,0.5,0.5833333333333334,46.0,3.0,7.0,7.0,0.9387755102040817,0.061224489795918366,0.5,0.5,0.7,12.0,40.0,9,1871,189,126,60,isotonic,-0.07841169566247412,2019-09-05,2020-07-03,2020-09-30,f1,0.5842696629213483,,,stress_q10_20d__graph__hist_gradient_boosting
63,16,0.25396825396825395,0.1167153895625109,0.8271276595744681,0.4990673963590998,1.9650778731639555,0.20046088817542138,-0.058017639851392966,0.6032030024661437,0.7765957446808511,0.6666666666666666,0.48909911198610956,0.43243243243243246,1.0,0.6037735849056604,26.0,21.0,0.0,16.0,0.5531914893617021,0.44680851063829785,0.0,1.0,0.43243243243243246,84.0,148.0,10,1997,202,126,60,sigmoid,-0.08017099001645406,2020-03-09,2020-12-29,2021-04-02,f1,0.34408602150537637,,,stress_q10_20d__graph__hist_gradient_boosting
63,2,0.031746031746031744,0.10385898828885821,0.3770491803278688,0.05,1.5750000000000002,0.07270306583906114,-1.3652333468461775,0.2678562128429798,0.36885245901639346,0.7142857142857143,-0.10564796661398006,0.0,0.0,0.0,45.0,16.0,2.0,0.0,0.7377049180327869,0.26229508196721313,1.0,0.0,0.0,64.0,64.0,11,2123,215,126,60,sigmoid,-0.08129365253852175,2020-09-07,2021-07-06,2021-10-04,f1,0.5882352941176471,,,stress_q10_20d__graph__hist_gradient_boosting
63,8,0.12698412698412698,0.11202762365054382,0.3795454545454545,0.10855881516431447,0.8549006694189765,0.11837852964348765,-0.06782814580682395,0.43288626970711613,0.41818181818181815,0.7301587301587301,-0.1556997888323046,0.0,0.0,0.0,46.0,9.0,8.0,0.0,0.8363636363636363,0.16363636363636364,1.0,0.0,0.0,36.0,36.0,12,2249,227,126,60,sigmoid,-0.08209804241224669,2021-03-10,2021-12-31,2022-04-06,f1,0.2608695652173913,,,stress_q10_20d__graph__hist_gradient_boosting
63,29,0.4603174603174603,0.27722772277227675,0.1206896551724138,0.3409022425903358,0.7405807339031434,0.41669700595270714,-0.6773533637183515,3.646180622847855,0.1206896551724138,0.1111111111111111,-0.7931582970027417,0.17073170731707318,0.2413793103448276,0.2,0.0,34.0,22.0,7.0,0.0,1.0,0.7586206896551724,0.2413793103448276,0.17073170731707318,136.0,164.0,13,2375,240,126,60,isotonic,-0.08129003278009612,2021-09-09,2022-07-08,2022-10-06,f1,0.4307692307692308,,,stress_q10_20d__graph__hist_gradient_boosting
63,3,0.047619047619047616,0.31967238114754104,0.5,0.047619047619047616,1.0,0.18869735478174074,-3.1607766729373843,0.5696806371347513,0.5,0.047619047619047616,0.0,0.047619047619047616,1.0,0.09090909090909091,0.0,60.0,0.0,3.0,0.0,1.0,0.0,1.0,0.047619047619047616,240.0,252.0,14,2501,252,126,60,isotonic,-0.08026373534453113,2022-03-14,2023-01-05,2023-04-10,f1,0.5977011494252874,,,stress_q10_20d__graph__hist_gradient_boosting
63,17,0.2698412698412698,0.039786021792610385,0.40281329923273657,0.23208933319288005,0.860095764185379,0.2409753490960054,-0.22305775007934203,0.8046557885563468,0.5249360613810742,0.3333333333333333,0.07541334029155052,0.2807017543859649,0.9411764705882353,0.43243243243243246,5.0,41.0,1.0,16.0,0.10869565217391304,0.8913043478260869,0.058823529411764705,0.9411764705882353,0.2807017543859649,164.0,228.0,15,2627,265,126,60,sigmoid,-0.08567215868458511,2022-09-13,2023-07-12,2023-10-10,f1,0.13513513513513514,,,stress_q10_20d__graph__hist_gradient_boosting
63,0,0.0,0.14515864164499118,,,,,,,,,,,,,,,,,,,,,,,,16,2753,278,126,60,sigmoid,-0.08829511041028286,2023-03-16,2024-01-09,2024-04-11,f1,0.25,degenerate label distribution; most metrics undefined,,stress_q10_20d__graph__hist_gradient_boosting
63,0,0.0,0.5,,,,,,,,,,,,,,,,,,,,,,,,17,2879,290,126,60,none,-0.08793742719542438,2023-09-15,2024-07-16,2024-10-14,f1,,degenerate label distribution; most metrics undefined,insufficient data; used fixed threshold,stress_q10_20d__graph__hist_gradient_boosting
63,19,0.30158730158730157,0.5,0.5233253588516746,0.5139622444291538,1.7041905999492997,0.2314326666779441,-0.09875150005354105,1.1731671699290833,0.5789473684210527,0.746031746031746,0.3402785236893603,1.0,0.15789473684210525,0.2727272727272727,44.0,0.0,16.0,3.0,1.0,0.0,0.8421052631578947,0.15789473684210525,1.0,0.0,12.0,18,3005,303,126,60,none,-0.0877847771591055,2024-03-19,2025-01-13,2025-04-17,f1,,,insufficient data; used fixed threshold,stress_q10_20d__graph__hist_gradient_boosting
63,5,0.07936507936507936,0.16419777308004666,0.6379310344827586,0.13452380952380955,1.6950000000000003,0.07761132517076012,-0.06220465380257556,0.29812938488120216,0.5,0.9206349206349206,0.0,0.0,0.0,0.0,58.0,0.0,5.0,0.0,1.0,0.0,1.0,0.0,,0.0,0.0,19,3131,315,126,60,sigmoid,-0.08662291166662969,2024-09-19,2025-07-21,2025-10-17,f1,0.5806451612903226,,,stress_q10_20d__graph__hist_gradient_boosting
63,17,0.2698412698412698,0.0401010737843146,0.6560102301790282,0.35511781825909494,1.3160248559013519,0.24888837441226333,-0.26321989519472266,0.8920528615452413,0.579923273657289,0.6031746031746031,0.144118289997382,0.34615384615384615,0.5294117647058824,0.4186046511627907,29.0,17.0,8.0,9.0,0.6304347826086957,0.3695652173913043,0.47058823529411764,0.5294117647058824,0.34615384615384615,68.0,104.0,20,3257,328,126,60,sigmoid,-0.08648735386725492,2025-03-24,2026-01-19,2026-04-22,f1,0.14492753623188406,,,stress_q10_20d__graph__hist_gradient_boosting
63,6,0.09523809523809523,0.15873342675766355,0.5,0.09523809523809523,1.0,0.09019945757829456,-0.046788441895471156,0.3316735877265409,0.5,0.09523809523809523,0.0,0.09523809523809523,1.0,0.17391304347826086,0.0,57.0,0.0,6.0,0.0,1.0,0.0,1.0,0.09523809523809523,228.0,252.0,0,756,76,126,60,sigmoid,-0.07701839080627831,2015-02-13,2015-12-16,2016-03-21,f1,0.273972602739726,,,stress_q10_20d__combined__naive_frequency
63,0,0.0,0.03969119870259875,,,,,,,,,,,,,,,,,,,,,,,,1,882,89,126,60,sigmoid,-0.08102550798358218,2015-08-24,2016-06-22,2016-09-19,f1,0.07633587786259542,degenerate label distribution; most metrics undefined,,stress_q10_20d__combined__naive_frequency
63,0,0.0,0.5,,,,,,,,,,,,,,,,,,,,,,,,2,1008,101,126,60,none,-0.08013653044333327,2016-02-25,2016-12-16,2017-03-22,f1,,degenerate label distribution; most metrics undefined,insufficient data; used fixed threshold,stress_q10_20d__combined__naive_frequency
63,0,0.0,0.5,,,,,,,,,,,,,,,,,,,,,,,,3,1134,114,126,60,none,-0.07696411832046837,2016-08-24,2017-06-23,2017-09-20,f1,,degenerate label distribution; most metrics undefined,insufficient data; used fixed threshold,stress_q10_20d__combined__naive_frequency
63,10,0.15873015873015872,0.5,0.5,0.15873015873015872,1.0,0.13698412698412699,-0.02583018867924536,0.45412632158421024,0.5,0.8412698412698413,0.0,0.0,0.0,0.0,53.0,0.0,10.0,0.0,1.0,0.0,1.0,0.0,,0.0,0.0,4,1260,126,126,60,none,-0.0746857994631628,2017-02-27,2017-12-19,2018-03-27,f1,,,insufficient data; used fixed threshold,stress_q10_20d__combined__naive_frequency
63,1,0.015873015873015872,0.2619047619047619,0.5,0.015873015873015872,1.0,0.07615268329554047,-3.8750000000000018,0.3201283174757898,0.5,0.015873015873015872,0.0,0.015873015873015872,1.0,0.03125,0.0,62.0,0.0,1.0,0.0,1.0,0.0,1.0,0.015873015873015872,248.0,252.0,5,1386,139,126,60,isotonic,-0.07241394173315696,2017-08-25,2018-06-28,2018-09-25,f1,0.41509433962264153,,,stress_q10_20d__combined__naive_frequency
63,0,0.0,0.36507936507936506,,,,,,,,,,,,,,,,,,,,,,,,6,1512,152,126,60,isotonic,-0.07147231561605213,2018-03-02,2018-12-24,2019-03-29,f1,0.5348837209302325,degenerate label distribution; most metrics undefined,,stress_q10_20d__combined__naive_frequency
63,0,0.0,0.07144729411157226,,,,,,,,,,,,,,,,,,,,,,,,7,1638,164,126,60,sigmoid,-0.07993013234656555,2018-08-30,2019-07-03,2019-09-30,f1,0.13333333333333333,degenerate label distribution; most metrics undefined,,stress_q10_20d__combined__naive_frequency
63,30,0.47619047619047616,0.5,0.5,0.47619047619047616,1.0,0.39069658475635155,-0.5663381261595548,1.1502389864939377,0.5,0.5238095238095238,0.0,0.0,0.0,0.0,33.0,0.0,30.0,0.0,1.0,0.0,1.0,0.0,,0.0,0.0,8,1764,177,126,60,none,-0.08051344682712602,2019-03-06,2019-12-27,2020-04-01,f1,,,insufficient data; used fixed threshold,stress_q10_20d__combined__naive_frequency
63,14,0.2222222222222222,0.2619047619047619,0.5,0.2222222222222222,1.0,0.17441421012849587,-0.009110787172011747,0.5339250652841722,0.5,0.2222222222222222,0.0,0.2222222222222222,1.0,0.36363636363636365,0.0,49.0,0.0,14.0,0.0,1.0,0.0,1.0,0.2222222222222222,196.0,252.0,9,1890,189,126,60,isotonic,-0.07841169566247412,2019-09-05,2020-07-03,2020-09-30,f1,0.41509433962264153,,,stress_q10_20d__combined__naive_frequency
63,16,0.25396825396825395,0.12701189555317913,0.5,0.25396825396825395,1.0,0.20558629688658747,-0.08506916534955544,0.6253930145273439,0.5,0.25396825396825395,0.0,0.25396825396825395,1.0,0.4050632911392405,0.0,47.0,0.0,16.0,0.0,1.0,0.0,1.0,0.25396825396825395,188.0,252.0,10,2016,202,126,60,sigmoid,-0.08017099001645406,2020-03-09,2020-12-29,2021-04-02,f1,0.22535211267605634,,,stress_q10_20d__combined__naive_frequency
63,2,0.031746031746031744,0.12701189374160649,0.5,0.031746031746031744,1.0,0.03981380567617156,-0.295254055153483,0.19702830589570425,0.5,0.031746031746031744,0.0,0.031746031746031744,1.0,0.06153846153846154,0.0,61.0,0.0,2.0,0.0,1.0,0.0,1.0,0.031746031746031744,244.0,252.0,11,2142,215,126,60,sigmoid,-0.08129365253852175,2020-09-07,2021-07-06,2021-10-04,f1,0.22535211267605634,,,stress_q10_20d__combined__naive_frequency
63,8,0.12698412698412698,0.07144729428674206,0.5,0.12698412698412698,1.0,0.11394349826426341,-0.02782214684286699,0.3998001492144947,0.5,0.12698412698412698,0.0,0.12698412698412698,1.0,0.22535211267605634,0.0,55.0,0.0,8.0,0.0,1.0,0.0,1.0,0.12698412698412698,220.0,252.0,12,2268,227,126,60,sigmoid,-0.08209804241224669,2021-03-10,2021-12-31,2022-04-06,f1,0.13333333333333333,,,stress_q10_20d__combined__naive_frequency
63,29,0.4603174603174603,0.23015873015873015,0.5,0.4603174603174603,1.0,0.3013983371126228,-0.21323529411764697,0.8173652031622275,0.5,0.4603174603174603,0.0,0.4603174603174603,1.0,0.6304347826086957,0.0,34.0,0.0,29.0,0.0,1.0,0.0,1.0,0.4603174603174603,136.0,252.0,13,2394,240,126,60,isotonic,-0.08129003278009612,2021-09-09,2022-07-08,2022-10-06,f1,0.3741935483870968,,,stress_q10_20d__combined__naive_frequency
63,3,0.047619047619047616,0.4126984126984127,0.5,0.047619047619047616,1.0,0.1786344167296548,-2.938888888888889,0.5490178315864868,0.5,0.047619047619047616,0.0,0.047619047619047616,1.0,0.09090909090909091,0.0,60.0,0.0,3.0,0.0,1.0,0.0,1.0,0.047619047619047616,240.0,252.0,14,2520,252,126,60,isotonic,-0.08026373534453113,2022-03-14,2023-01-05,2023-04-10,f1,0.5842696629213483,,,stress_q10_20d__combined__naive_frequency
63,17,0.2698412698412698,0.039691200357529044,0.5,0.2698412698412698,1.0,0.24999601341509164,-0.2688416588804332,0.9002485008908988,0.5,0.2698412698412698,0.0,0.2698412698412698,1.0,0.425,0.0,46.0,0.0,17.0,0.0,1.0,0.0,1.0,0.2698412698412698,184.0,252.0,15,2646,265,126,60,sigmoid,-0.08567215868458511,2022-09-13,2023-07-12,2023-10-10,f1,0.07633587786259542,,,stress_q10_20d__combined__naive_frequency
63,0,0.0,0.1428671226065254,,,,,,,,,,,,,,,,,,,,,,,,16,2772,278,126,60,sigmoid,-0.08829511041028286,2023-03-16,2024-01-09,2024-04-11,f1,0.25,degenerate label distribution; most metrics undefined,,stress_q10_20d__combined__naive_frequency
63,0,0.0,0.5,,,,,,,,,,,,,,,,,,,,,,,,17,2898,290,126,60,none,-0.08793742719542438,2023-09-15,2024-07-16,2024-10-14,f1,,degenerate label distribution; most metrics undefined,insufficient data; used fixed threshold,stress_q10_20d__combined__naive_frequency
63,19,0.30158730158730157,0.5,0.5,0.30158730158730157,1.0,0.25118988567649286,-0.19255102422248838,0.7675717402971876,0.5,0.6984126984126984,0.0,0.0,0.0,0.0,44.0,0.0,19.0,0.0,1.0,0.0,1.0,0.0,,0.0,0.0,18,3024,303,126,60,none,-0.0877847771591055,2024-03-19,2025-01-13,2025-04-17,f1,,,insufficient data; used fixed threshold,stress_q10_20d__combined__naive_frequency
63,5,0.07936507936507936,0.15873342774703425,0.5,0.07936507936507936,1.0,0.07936559826733337,-0.08621399835533161,0.3052024399407245,0.5,0.07936507936507936,0.0,0.07936507936507936,1.0,0.14705882352941177,0.0,58.0,0.0,5.0,0.0,1.0,0.0,1.0,0.07936507936507936,232.0,252.0,19,3150,315,126,60,sigmoid,-0.08662291166662969,2024-09-19,2025-07-21,2025-10-17,f1,0.273972602739726,,,stress_q10_20d__combined__naive_frequency
63,17,0.2698412698412698,0.03969120042093755,0.5,0.2698412698412698,1.0,0.24999601338590458,-0.2688416587322957,0.9002485005080262,0.5,0.2698412698412698,0.0,0.2698412698412698,1.0,0.425,0.0,46.0,0.0,17.0,0.0,1.0,0.0,1.0,0.2698412698412698,184.0,252.0,20,3276,328,126,60,sigmoid,-0.08648735386725492,2025-03-24,2026-01-19,2026-04-22,f1,0.07633587786259542,,,stress_q10_20d__combined__naive_frequency
63,6,0.09523809523809523,0.15434303625788384,0.42397660818713456,0.09106114290092227,0.9561420004596838,0.08771626662868653,-0.017970357453967578,0.3217830277787456,0.5,0.9047619047619048,0.0,0.0,0.0,0.0,57.0,0.0,6.0,0.0,1.0,0.0,1.0,0.0,,0.0,0.0,0,756,76,126,60,sigmoid,-0.07701839080627831,2015-02-13,2015-12-16,2016-03-21,f1,0.35714285714285715,,,stress_q10_20d__combined__logistic_elasticnet
63,0,0.0,0.19007790920082412,,,,,,,,,,,,,,,,,,,,,,,,1,882,89,126,60,sigmoid,-0.08102550798358218,2015-08-24,2016-06-22,2016-09-19,f1,0.375,degenerate label distribution; most metrics undefined,,stress_q10_20d__combined__logistic_elasticnet
63,0,0.0,0.5,,,,,,,,,,,,,,,,,,,,,,,,2,1008,101,126,60,none,-0.08013653044333327,2016-02-25,2016-12-16,2017-03-22,f1,,degenerate label distribution; most metrics undefined,insufficient data; used fixed threshold,stress_q10_20d__combined__logistic_elasticnet
63,0,0.0,0.5,,,,,,,,,,,,,,,,,,,,,,,,3,1134,114,126,60,none,-0.07696411832046837,2016-08-24,2017-06-23,2017-09-20,f1,,degenerate label distribution; most metrics undefined,insufficient data; used fixed threshold,stress_q10_20d__combined__logistic_elasticnet
63,10,0.15873015873015872,0.5,0.5641509433962264,0.1814614083067066,1.1432068723322517,0.36718136219769115,-1.749703446344597,2.084758898264168,0.661320754716981,0.6349206349206349,0.2382456847233716,0.25925925925925924,0.7,0.3783783783783784,33.0,20.0,3.0,7.0,0.6226415094339622,0.37735849056603776,0.3,0.7,0.25925925925925924,80.0,108.0,4,1260,126,126,60,none,-0.0746857994631628,2017-02-27,2017-12-19,2018-03-27,f1,,,insufficient data; used fixed threshold,stress_q10_20d__combined__logistic_elasticnet
63,1,0.015873015873015872,0.25882352941176473,0.6693548387096775,0.030303030303030304,1.9090909090909092,0.04179425677118244,-1.6755065342713404,0.1553565073850297,0.43548387096774194,0.8571428571428571,-0.04843594796964828,0.0,0.0,0.0,54.0,8.0,1.0,0.0,0.8709677419354839,0.12903225806451613,1.0,0.0,0.0,32.0,32.0,5,1386,139,126,60,isotonic,-0.07241394173315696,2017-08-25,2018-06-28,2018-09-25,f1,0.6041666666666666,,,stress_q10_20d__combined__logistic_elasticnet
63,0,0.0,0.3333333333333333,,,,,,,,,,,,,,,,,,,,,,,,6,1512,152,126,60,isotonic,-0.07147231561605213,2018-03-02,2018-12-24,2019-03-29,f1,0.5660377358490566,degenerate label distribution; most metrics undefined,,stress_q10_20d__combined__logistic_elasticnet
63,0,0.0,0.07059836485751282,,,,,,,,,,,,,,,,,,,,,,,,7,1638,164,126,60,sigmoid,-0.07993013234656555,2018-08-30,2019-07-03,2019-09-30,f1,0.32727272727272727,degenerate label distribution; most metrics undefined,,stress_q10_20d__combined__logistic_elasticnet
63,30,0.47619047619047616,0.5,0.7666666666666666,0.7767858835403901,1.6312503554348194,0.22993324211519195,0.07817672933818498,0.650290103067374,0.6439393939393939,0.6349206349206349,0.3088716421621187,0.5813953488372093,0.8333333333333334,0.684931506849315,15.0,18.0,5.0,25.0,0.45454545454545453,0.5454545454545454,0.16666666666666666,0.8333333333333334,0.5813953488372093,72.0,172.0,8,1764,177,126,60,none,-0.08051344682712602,2019-03-06,2019-12-27,2020-04-01,f1,,,insufficient data; used fixed threshold,stress_q10_20d__combined__logistic_elasticnet
63,14,0.2222222222222222,0.3,0.3396501457725948,0.2132034632034632,0.9594155844155845,0.2358405314901904,-0.3645059321932447,0.7130279658061695,0.37755102040816324,0.5873015873015873,-0.25928148942086576,0.0,0.0,0.0,37.0,12.0,14.0,0.0,0.7551020408163265,0.24489795918367346,1.0,0.0,0.0,48.0,48.0,9,1890,189,126,60,isotonic,-0.07841169566247412,2019-09-05,2020-07-03,2020-09-30,f1,0.5970149253731343,,,stress_q10_20d__combined__logistic_elasticnet
63,16,0.25396825396825395,0.13682140697389422,0.9840425531914894,0.9569667505159959,3.768056580156734,0.15875565706577432,0.16209946423662458,0.4642544056637086,0.8829787234042553,0.8253968253968254,0.6737215368532152,0.5925925925925926,1.0,0.7441860465116279,36.0,11.0,0.0,16.0,0.7659574468085106,0.23404255319148937,0.0,1.0,0.5925925925925926,44.0,108.0,10,2016,202,126,60,sigmoid,-0.08017099001645406,2020-03-09,2020-12-29,2021-04-02,f1,0.33962264150943394,,,stress_q10_20d__combined__logistic_elasticnet
63,2,0.031746031746031744,0.524618611432796,0.9180327868852459,0.22619047619047616,7.125,0.03197297196690973,-0.04016988308741576,0.18555747583683682,0.5,0.9682539682539683,0.0,0.0,0.0,0.0,61.0,0.0,2.0,0.0,1.0,0.0,1.0,0.0,,0.0,0.0,11,2142,215,126,60,sigmoid,-0.08129365253852175,2020-09-07,2021-07-06,2021-10-04,f1,0.8235294117647058,,,stress_q10_20d__combined__logistic_elasticnet
63,8,0.12698412698412698,0.08566704264075098,0.5386363636363636,0.14201629423296314,1.1183783170845847,0.11938979228465334,-0.07695019449497531,0.44493411799691895,0.37272727272727274,0.6507936507936508,-0.20385887657505022,0.0,0.0,0.0,41.0,14.0,8.0,0.0,0.7454545454545455,0.2545454545454545,1.0,0.0,0.0,56.0,56.0,12,2268,227,126,60,sigmoid,-0.08209804241224669,2021-03-10,2021-12-31,2022-04-06,f1,0.2702702702702703,,,stress_q10_20d__combined__logistic_elasticnet
63,29,0.4603174603174603,0.35802469135802467,0.034482758620689655,0.4324028461959496,0.9393579072532698,0.5108315508093209,-1.0562783216655114,6.19273137367463,0.034482758620689655,0.031746031746031744,-0.9377154924749757,0.05555555555555555,0.06896551724137931,0.06153846153846154,0.0,34.0,27.0,2.0,0.0,1.0,0.9310344827586207,0.06896551724137931,0.05555555555555555,136.0,144.0,13,2394,240,126,60,isotonic,-0.08129003278009612,2021-09-09,2022-07-08,2022-10-06,f1,0.5272727272727272,,,stress_q10_20d__combined__logistic_elasticnet
63,3,0.047619047619047616,0.3619047619047619,0.5,0.047619047619047616,1.0,0.14412698412698413,-2.178000000000001,0.47627280027439456,0.5,0.047619047619047616,0.0,0.047619047619047616,1.0,0.09090909090909091,0.0,60.0,0.0,3.0,0.0,1.0,0.0,1.0,0.047619047619047616,240.0,252.0,14,2520,252,126,60,isotonic,-0.08026373534453113,2022-03-14,2023-01-05,2023-04-10,f1,0.5842696629213483,,,stress_q10_20d__combined__logistic_elasticnet
63,17,0.2698412698412698,0.04043607996577394,0.4040920716112532,0.31377121621355625,1.1627992130267084,0.2503672747836033,-0.270725976491204,0.9051716689810584,0.5,0.7301587301587301,0.0,0.0,0.0,0.0,46.0,0.0,17.0,0.0,1.0,0.0,1.0,0.0,,0.0,0.0,15,2646,265,126,60,sigmoid,-0.08567215868458511,2022-09-13,2023-07-12,2023-10-10,f1,0.14814814814814814,,,stress_q10_20d__combined__logistic_elasticnet
63,0,0.0,0.31037311905047116,,,,,,,,,,,,,,,,,,,,,,,,16,2772,278,126,60,sigmoid,-0.08829511041028286,2023-03-16,2024-01-09,2024-04-11,f1,0.5161290322580645,degenerate label distribution; most metrics undefined,,stress_q10_20d__combined__logistic_elasticnet
63,0,0.0,0.5,,,,,,,,,,,,,,,,,,,,,,,,17,2898,290,126,60,none,-0.08793742719542438,2023-09-15,2024-07-16,2024-10-14,f1,,degenerate label distribution; most metrics undefined,insufficient data; used fixed threshold,stress_q10_20d__combined__logistic_elasticnet
63,19,0.30158730158730157,0.5,0.46052631578947373,0.27467363380854315,0.9107599436809589,0.2947167325237398,-0.39919941553435834,0.8129969506147061,0.4013157894736842,0.5396825396825397,-0.23067742478059178,0.08333333333333333,0.05263157894736842,0.06451612903225806,33.0,11.0,18.0,1.0,0.75,0.25,0.9473684210526315,0.05263157894736842,0.08333333333333333,44.0,48.0,18,3024,303,126,60,none,-0.0877847771591055,2024-03-19,2025-01-13,2025-04-17,f1,,,insufficient data; used fixed threshold,stress_q10_20d__combined__logistic_elasticnet
63,5,0.07936507936507936,0.1693775727949372,0.22413793103448276,0.061684994997073764,0.7772309369631295,0.08827829109388229,-0.20819495638489238,0.36742328167210336,0.3879310344827586,0.7142857142857143,-0.1497123679040856,0.0,0.0,0.0,45.0,13.0,5.0,0.0,0.7758620689655172,0.22413793103448276,1.0,0.0,0.0,52.0,52.0,19,3150,315,126,60,sigmoid,-0.08662291166662969,2024-09-19,2025-07-21,2025-10-17,f1,0.33766233766233766,,,stress_q10_20d__combined__logistic_elasticnet
63,17,0.2698412698412698,0.08783073825505198,0.7544757033248082,0.5166020627995267,1.9144664680217756,0.20492475072956595,-0.04008482819136483,0.5991400818732863,0.698849104859335,0.5873015873015873,0.3703000270088819,0.3902439024390244,0.9411764705882353,0.5517241379310345,21.0,25.0,1.0,16.0,0.45652173913043476,0.5434782608695652,0.058823529411764705,0.9411764705882353,0.3902439024390244,100.0,164.0,20,3276,328,126,60,sigmoid,-0.08648735386725492,2025-03-24,2026-01-19,2026-04-22,f1,0.3225806451612903,,,stress_q10_20d__combined__logistic_elasticnet
63,6,0.09523809523809523,0.143751589415033,0.736842105263158,0.17864089814554213,1.8757294305281924,0.0905131551873364,-0.050428985200404064,0.33284091404236993,0.5,0.09523809523809523,0.0,0.09523809523809523,1.0,0.17391304347826086,0.0,57.0,0.0,6.0,0.0,1.0,0.0,1.0,0.09523809523809523,228.0,252.0,0,756,76,126,60,sigmoid,-0.07701839080627831,2015-02-13,2015-12-16,2016-03-21,f1,0.28368794326241137,,,stress_q10_20d__combined__logistic_l2
63,0,0.0,0.06487831731367501,,,,,,,,,,,,,,,,,,,,,,,,1,882,89,126,60,sigmoid,-0.08102550798358218,2015-08-24,2016-06-22,2016-09-19,f1,0.47619047619047616,degenerate label distribution; most metrics undefined,,stress_q10_20d__combined__logistic_l2
63,0,0.0,0.5,,,,,,,,,,,,,,,,,,,,,,,,2,1008,101,126,60,none,-0.08013653044333327,2016-02-25,2016-12-16,2017-03-22,f1,,degenerate label distribution; most metrics undefined,insufficient data; used fixed threshold,stress_q10_20d__combined__logistic_l2
63,0,0.0,0.5,,,,,,,,,,,,,,,,,,,,,,,,3,1134,114,126,60,none,-0.07696411832046837,2016-08-24,2017-06-23,2017-09-20,f1,,degenerate label distribution; most metrics undefined,insufficient data; used fixed threshold,stress_q10_20d__combined__logistic_l2
63,10,0.15873015873015872,0.5,0.5566037735849056,0.17764925980171375,1.1191903367507967,0.40861424069242663,-2.0599809836004557,3.1865692137128363,0.33962264150943394,0.5714285714285714,-0.26406303470998377,0.0,0.0,0.0,36.0,17.0,10.0,0.0,0.6792452830188679,0.32075471698113206,1.0,0.0,0.0,68.0,68.0,4,1260,126,126,60,none,-0.0746857994631628,2017-02-27,2017-12-19,2018-03-27,f1,,,insufficient data; used fixed threshold,stress_q10_20d__combined__logistic_l2
63,1,0.015873015873015872,0.32536606373815674,0.5967741935483871,0.030303030303030304,1.9090909090909092,0.05759940511680911,-2.6872909501389572,0.21472115363822528,0.3629032258064516,0.7142857142857143,-0.07720575958283794,0.0,0.0,0.0,45.0,17.0,1.0,0.0,0.7258064516129032,0.27419354838709675,1.0,0.0,0.0,68.0,68.0,5,1386,139,126,60,isotonic,-0.07241394173315696,2017-08-25,2018-06-28,2018-09-25,f1,0.5263157894736842,,,stress_q10_20d__combined__logistic_l2
63,0,0.0,0.2714285714285714,,,,,,,,,,,,,,,,,,,,,,,,6,1512,152,126,60,isotonic,-0.07147231561605213,2018-03-02,2018-12-24,2019-03-29,f1,0.5714285714285714,degenerate label distribution; most metrics undefined,,stress_q10_20d__combined__logistic_l2
63,0,0.0,0.06918434775366031,,,,,,,,,,,,,,,,,,,,,,,,7,1638,164,126,60,sigmoid,-0.07993013234656555,2018-08-30,2019-07-03,2019-09-30,f1,0.14754098360655737,degenerate label distribution; most metrics undefined,,stress_q10_20d__combined__logistic_l2
63,30,0.47619047619047616,0.5,0.7565656565656566,0.7470421902760851,1.5687885995797788,0.29770247718901627,-0.1935162949123288,1.0798454669425595,0.65,0.6349206349206349,0.38156026430187623,0.5686274509803921,0.9666666666666667,0.7160493827160493,11.0,22.0,1.0,29.0,0.3333333333333333,0.6666666666666666,0.03333333333333333,0.9666666666666667,0.5686274509803921,88.0,204.0,8,1764,177,126,60,none,-0.08051344682712602,2019-03-06,2019-12-27,2020-04-01,f1,,,insufficient data; used fixed threshold,stress_q10_20d__combined__logistic_l2
63,14,0.2222222222222222,0.3333333333333333,0.29446064139941686,0.23866778382907414,1.0740050272308337,0.24171849266371379,-0.3985141361257727,0.8178911567335488,0.3469387755102041,0.5396825396825397,-0.29880715233359845,0.0,0.0,0.0,34.0,15.0,14.0,0.0,0.6938775510204082,0.30612244897959184,1.0,0.0,0.0,60.0,60.0,9,1890,189,126,60,isotonic,-0.07841169566247412,2019-09-05,2020-07-03,2020-09-30,f1,0.6329113924050633,,,stress_q10_20d__combined__logistic_l2
63,16,0.25396825396825395,0.11907670577196712,0.9880319148936171,0.9686855005159959,3.814199158281734,0.1985785325971591,-0.04808270728474007,0.5948065113886034,0.8191489361702128,0.7301587301587301,0.5563072498954754,0.48484848484848486,1.0,0.6530612244897959,30.0,17.0,0.0,16.0,0.6382978723404256,0.3617021276595745,0.0,1.0,0.48484848484848486,68.0,132.0,10,2016,202,126,60,sigmoid,-0.08017099001645406,2020-03-09,2020-12-29,2021-04-02,f1,0.25196850393700787,,,stress_q10_20d__combined__logistic_l2
63,2,0.031746031746031744,0.2029191133173826,0.9508196721311475,0.325,10.2375,0.031650477982281815,-0.029678255013741994,0.20634462781200788,0.5,0.9682539682539683,0.0,0.0,0.0,0.0,61.0,0.0,2.0,0.0,1.0,0.0,1.0,0.0,,0.0,0.0,11,2142,215,126,60,sigmoid,-0.08129365253852175,2020-09-07,2021-07-06,2021-10-04,f1,0.8,,,stress_q10_20d__combined__logistic_l2
63,8,0.12698412698412698,0.058108665470062076,0.5204545454545455,0.1392053737603247,1.0962423183625571,0.11816033289808214,-0.06585991198292751,0.43580282057190906,0.37272727272727274,0.6507936507936508,-0.20385887657505022,0.0,0.0,0.0,41.0,14.0,8.0,0.0,0.7454545454545455,0.2545454545454545,1.0,0.0,0.0,56.0,56.0,12,2268,227,126,60,sigmoid,-0.08209804241224669,2021-03-10,2021-12-31,2022-04-06,f1,0.29508196721311475,,,stress_q10_20d__combined__logistic_l2
63,29,0.4603174603174603,0.14285764285714284,0.0,0.4603174603174603,1.0,0.5128934490070947,-1.0645781938226762,6.561359011670629,0.0,0.0,-1.0,0.0,0.0,0.0,0.0,34.0,29.0,0.0,0.0,1.0,1.0,0.0,0.0,136.0,136.0,13,2394,240,126,60,isotonic,-0.08129003278009612,2021-09-09,2022-07-08,2022-10-06,f1,0.47540983606557374,,,stress_q10_20d__combined__logistic_l2
63,3,0.047619047619047616,0.3584905660377358,0.5,0.047619047619047616,1.0,0.14199257488684328,-2.1309362762548947,0.47164193871928056,0.5,0.047619047619047616,0.0,0.047619047619047616,1.0,0.09090909090909091,0.0,60.0,0.0,3.0,0.0,1.0,0.0,1.0,0.047619047619047616,240.0,252.0,14,2520,252,126,60,isotonic,-0.08026373534453113,2022-03-14,2023-01-05,2023-04-10,f1,0.5842696629213483,,,stress_q10_20d__combined__logistic_l2
63,17,0.2698412698412698,0.04452714337205636,0.29539641943734013,0.19927679228161993,0.7384963478671798,0.2518757684841222,-0.2783822571783643,0.9261796516113143,0.5,0.7301587301587301,0.0,0.0,0.0,0.0,46.0,0.0,17.0,0.0,1.0,0.0,1.0,0.0,,0.0,0.0,15,2646,265,126,60,sigmoid,-0.08567215868458511,2022-09-13,2023-07-12,2023-10-10,f1,0.13793103448275862,,,stress_q10_20d__combined__logistic_l2
63,0,0.0,0.2193695335705271,,,,,,,,,,,,,,,,,,,,,,,,16,2772,278,126,60,sigmoid,-0.08829511041028286,2023-03-16,2024-01-09,2024-04-11,f1,0.45161290322580644,degenerate label distribution; most metrics undefined,,stress_q10_20d__combined__logistic_l2
63,0,0.0,0.5,,,,,,,,,,,,,,,,,,,,,,,,17,2898,290,126,60,none,-0.08793742719542438,2023-09-15,2024-07-16,2024-10-14,f1,,degenerate label distribution; most metrics undefined,insufficient data; used fixed threshold,stress_q10_20d__combined__logistic_l2
63,19,0.30158730158730157,0.5,0.45334928229665067,0.26774510610167535,0.8877864044423972,0.3831464851609179,-0.8190291861288079,1.187267808074053,0.44976076555023925,0.5238095238095238,-0.09782319760890369,0.23809523809523808,0.2631578947368421,0.25,28.0,16.0,14.0,5.0,0.6363636363636364,0.36363636363636365,0.7368421052631579,0.2631578947368421,0.23809523809523808,64.0,84.0,18,3024,303,126,60,none,-0.0877847771591055,2024-03-19,2025-01-13,2025-04-17,f1,,,insufficient data; used fixed threshold,stress_q10_20d__combined__logistic_l2
63,5,0.07936507936507936,0.16109429507196485,0.2379310344827586,0.06226087404658834,0.7844870129870131,0.08093301773564464,-0.10766602549232274,0.3128444347147999,0.3706896551724138,0.6825396825396826,-0.16413304107465318,0.0,0.0,0.0,43.0,15.0,5.0,0.0,0.7413793103448276,0.25862068965517243,1.0,0.0,0.0,60.0,60.0,19,3150,315,126,60,sigmoid,-0.08662291166662969,2024-09-19,2025-07-21,2025-10-17,f1,0.3333333333333333,,,stress_q10_20d__combined__logistic_l2
63,17,0.2698412698412698,0.06816529707429136,0.7672634271099744,0.4672367264318488,1.7315243391297928,0.20828843537963856,-0.05715703327594057,0.6129334836055891,0.5760869565217391,0.38095238095238093,0.2149317384052738,0.30357142857142855,1.0,0.4657534246575342,7.0,39.0,0.0,17.0,0.15217391304347827,0.8478260869565217,0.0,1.0,0.30357142857142855,156.0,224.0,20,3276,328,126,60,sigmoid,-0.08648735386725492,2025-03-24,2026-01-19,2026-04-22,f1,0.23809523809523808,,,stress_q10_20d__combined__logistic_l2
63,6,0.09523809523809523,0.1755526029941317,0.7719298245614035,0.20467726717726717,2.1491113053613056,0.08463669790001185,0.017768848055125464,0.3004995027994918,0.47368421052631576,0.8571428571428571,-0.07254762501100116,0.0,0.0,0.0,54.0,3.0,6.0,0.0,0.9473684210526315,0.05263157894736842,1.0,0.0,0.0,12.0,12.0,0,756,76,126,60,sigmoid,-0.07701839080627831,2015-02-13,2015-12-16,2016-03-21,f1,0.5483870967741935,,,stress_q10_20d__combined__random_forest
63,0,0.0,0.049413458082473063,,,,,,,,,,,,,,,,,,,,,,,,1,882,89,126,60,sigmoid,-0.08102550798358218,2015-08-24,2016-06-22,2016-09-19,f1,0.43478260869565216,degenerate label distribution; most metrics undefined,,stress_q10_20d__combined__random_forest
63,0,0.0,0.5,,,,,,,,,,,,,,,,,,,,,,,,2,1008,101,126,60,none,-0.08013653044333327,2016-02-25,2016-12-16,2017-03-22,f1,,degenerate label distribution; most metrics undefined,insufficient data; used fixed threshold,stress_q10_20d__combined__random_forest
63,0,0.0,0.5,,,,,,,,,,,,,,,,,,,,,,,,3,1134,114,126,60,none,-0.07696411832046837,2016-08-24,2017-06-23,2017-09-20,f1,,degenerate label distribution; most metrics undefined,insufficient data; used fixed threshold,stress_q10_20d__combined__random_forest
63,10,0.15873015873015872,0.5,0.2528301886792452,0.1159305690828783,0.7303625852221334,0.21380227193443224,-0.601096636429739,0.6192484710767007,0.41509433962264153,0.6984126984126984,-0.17733172553297716,0.0,0.0,0.0,44.0,9.0,10.0,0.0,0.8301886792452831,0.16981132075471697,1.0,0.0,0.0,36.0,36.0,4,1260,126,126,60,none,-0.0746857994631628,2017-02-27,2017-12-19,2018-03-27,f1,,,insufficient data; used fixed threshold,stress_q10_20d__combined__random_forest
63,1,0.015873015873015872,0.45,0.29838709677419356,0.015873015873015872,1.0,0.038332401014092944,-1.453891929434434,0.31474774005214023,0.46774193548387094,0.9206349206349206,-0.03306801645716225,0.0,0.0,0.0,58.0,4.0,1.0,0.0,0.9354838709677419,0.06451612903225806,1.0,0.0,0.0,16.0,16.0,5,1386,139,126,60,isotonic,-0.07241394173315696,2017-08-25,2018-06-28,2018-09-25,f1,0.5897435897435898,,,stress_q10_20d__combined__random_forest
63,0,0.0,0.21428571428571463,,,,,,,,,,,,,,,,,,,,,,,,6,1512,152,126,60,isotonic,-0.07147231561605213,2018-03-02,2018-12-24,2019-03-29,f1,0.55,degenerate label distribution; most metrics undefined,,stress_q10_20d__combined__random_forest
63,0,0.0,0.07867493315341953,,,,,,,,,,,,,,,,,,,,,,,,7,1638,164,126,60,sigmoid,-0.07993013234656555,2018-08-30,2019-07-03,2019-09-30,f1,0.225,degenerate label distribution; most metrics undefined,,stress_q10_20d__combined__random_forest
63,30,0.47619047619047616,0.5,0.8348484848484848,0.8106276498286783,1.7023180646402245,0.16768188006670343,0.3277480990053071,0.5115643586234053,0.803030303030303,0.7936507936507936,0.6502560887623552,0.6976744186046512,1.0,0.821917808219178,20.0,13.0,0.0,30.0,0.6060606060606061,0.3939393939393939,0.0,1.0,0.6976744186046512,52.0,172.0,8,1764,177,126,60,none,-0.08051344682712602,2019-03-06,2019-12-27,2020-04-01,f1,,,insufficient data; used fixed threshold,stress_q10_20d__combined__random_forest
63,14,0.2222222222222222,0.4999997500000094,0.6399416909620991,0.289429360594412,1.302432122674854,0.5309003166967625,-2.0716375466026977,6.572291908756154,0.5918367346938775,0.4444444444444444,0.16903085094570333,0.26666666666666666,0.8571428571428571,0.4067796610169492,16.0,33.0,2.0,12.0,0.32653061224489793,0.673469387755102,0.14285714285714285,0.8571428571428571,0.26666666666666666,132.0,180.0,9,1890,189,126,60,isotonic,-0.07841169566247412,2019-09-05,2020-07-03,2020-09-30,f1,0.7307692307692307,,,stress_q10_20d__combined__random_forest
63,16,0.25396825396825395,0.15419937068205886,0.5558510638297872,0.27113278933020096,1.0675853579876664,0.21654449731666484,-0.14290573118330152,0.6888051385586247,0.40425531914893614,0.6031746031746031,-0.23819653367016547,0.0,0.0,0.0,38.0,9.0,16.0,0.0,0.8085106382978723,0.19148936170212766,1.0,0.0,0.0,36.0,36.0,10,2016,202,126,60,sigmoid,-0.08017099001645406,2020-03-09,2020-12-29,2021-04-02,f1,0.3218390804597701,,,stress_q10_20d__combined__random_forest
63,2,0.031746031746031744,0.12345873795303064,0.9180327868852459,0.2857142857142857,9.0,0.038166450135300574,-0.24166098841809824,0.18964069619802318,0.7049180327868853,0.42857142857142855,0.14686837386151166,0.05263157894736842,1.0,0.1,25.0,36.0,0.0,2.0,0.4098360655737705,0.5901639344262295,0.0,1.0,0.05263157894736842,144.0,152.0,11,2142,215,126,60,sigmoid,-0.08129365253852175,2020-09-07,2021-07-06,2021-10-04,f1,0.33766233766233766,,,stress_q10_20d__combined__random_forest
63,8,0.12698412698412698,0.18318632291232967,0.7147727272727273,0.22177691589456294,1.7464932126696833,0.11343774185205877,-0.023259994115502947,0.48594455202137754,0.8193181818181818,0.7777777777777778,0.45680490235555443,0.35,0.875,0.5,42.0,13.0,1.0,7.0,0.7636363636363637,0.23636363636363636,0.125,0.875,0.35,52.0,80.0,12,2268,227,126,60,sigmoid,-0.08209804241224669,2021-03-10,2021-12-31,2022-04-06,f1,0.56,,,stress_q10_20d__combined__random_forest
63,29,0.4603174603174603,0.20703764320785598,0.1724137931034483,0.37455437900376726,0.8136870992150806,0.3684271899623396,-0.4830502200411011,1.0636836509015892,0.1724137931034483,0.15873015873015872,-0.711526241593723,0.22727272727272727,0.3448275862068966,0.273972602739726,0.0,34.0,19.0,10.0,0.0,1.0,0.6551724137931034,0.3448275862068966,0.22727272727272727,136.0,176.0,13,2394,240,126,60,isotonic,-0.08129003278009612,2021-09-09,2022-07-08,2022-10-06,f1,0.4485981308411215,,,stress_q10_20d__combined__random_forest
63,3,0.047619047619047616,0.3333335833333333,0.5083333333333333,0.04838709677419355,1.0161290322580645,0.19968645894573417,-3.403086419753439,0.5890826171091192,0.5083333333333333,0.06349206349206349,0.028398091712353243,0.04838709677419355,1.0,0.09230769230769231,1.0,59.0,0.0,3.0,0.016666666666666666,0.9833333333333333,0.0,1.0,0.04838709677419355,236.0,248.0,14,2520,252,126,60,isotonic,-0.08026373534453113,2022-03-14,2023-01-05,2023-04-10,f1,0.6153846153846154,,,stress_q10_20d__combined__random_forest
63,17,0.2698412698412698,0.08716564410803583,0.3625319693094629,0.21621773756842755,0.8012774980477021,0.24367312796016266,-0.23675018526072322,0.8432417264785677,0.4744245524296675,0.47619047619047616,-0.045415152695787026,0.25,0.47058823529411764,0.32653061224489793,22.0,24.0,9.0,8.0,0.4782608695652174,0.5217391304347826,0.5294117647058824,0.47058823529411764,0.25,96.0,128.0,15,2646,265,126,60,sigmoid,-0.08567215868458511,2022-09-13,2023-07-12,2023-10-10,f1,0.19047619047619047,,,stress_q10_20d__combined__random_forest
63,0,0.0,0.16559704973540984,,,,,,,,,,,,,,,,,,,,,,,,16,2772,278,126,60,sigmoid,-0.08829511041028286,2023-03-16,2024-01-09,2024-04-11,f1,0.4,degenerate label distribution; most metrics undefined,,stress_q10_20d__combined__random_forest
63,0,0.0,0.5,,,,,,,,,,,,,,,,,,,,,,,,17,2898,290,126,60,none,-0.08793742719542438,2023-09-15,2024-07-16,2024-10-14,f1,,degenerate label distribution; most metrics undefined,insufficient data; used fixed threshold,stress_q10_20d__combined__random_forest
63,19,0.30158730158730157,0.5,0.18779904306220094,0.20407555242155612,0.6766715685556861,0.3252674263844266,-0.5442421235882646,1.139986518451266,0.45454545454545453,0.6349206349206349,-0.17110175024477653,0.0,0.0,0.0,40.0,4.0,19.0,0.0,0.9090909090909091,0.09090909090909091,1.0,0.0,0.0,16.0,16.0,18,3024,303,126,60,none,-0.0877847771591055,2024-03-19,2025-01-13,2025-04-17,f1,,,insufficient data; used fixed threshold,stress_q10_20d__combined__random_forest
63,5,0.07936507936507936,0.32492534885626084,0.810344827586207,0.21529304029304028,2.7126923076923077,0.07930631429351306,-0.08540262562397705,0.6264095053622661,0.5,0.9206349206349206,0.0,0.0,0.0,0.0,58.0,0.0,5.0,0.0,1.0,0.0,1.0,0.0,,0.0,0.0,19,3150,315,126,60,sigmoid,-0.08662291166662969,2024-09-19,2025-07-21,2025-10-17,f1,0.6153846153846154,,,stress_q10_20d__combined__random_forest
63,17,0.2698412698412698,0.04046521746653533,0.6585677749360614,0.3870567431345464,1.4343867539692015,0.2450554336840117,-0.24376600548828953,0.8433618721193336,0.5,0.2698412698412698,0.0,0.2698412698412698,1.0,0.425,0.0,46.0,0.0,17.0,0.0,1.0,0.0,1.0,0.2698412698412698,184.0,252.0,20,3276,328,126,60,sigmoid,-0.08648735386725492,2025-03-24,2026-01-19,2026-04-22,f1,0.17543859649122806,,,stress_q10_20d__combined__random_forest
63,6,0.09523809523809523,0.17453324952123292,0.6169590643274854,0.145882136439412,1.5317624326138262,0.09138616543912419,-0.06056049891194126,0.335777870565995,0.6491228070175439,0.36507936507936506,0.19723488999328598,0.13043478260869565,1.0,0.23076923076923078,17.0,40.0,0.0,6.0,0.2982456140350877,0.7017543859649122,0.0,1.0,0.13043478260869565,160.0,184.0,0,756,76,126,60,sigmoid,-0.07701839080627831,2015-02-13,2015-12-16,2016-03-21,f1,0.38461538461538464,,,stress_q10_20d__combined__hist_gradient_boosting
63,0,0.0,0.039275784704421106,,,,,,,,,,,,,,,,,,,,,,,,1,882,89,126,60,sigmoid,-0.08102550798358218,2015-08-24,2016-06-22,2016-09-19,f1,0.08620689655172414,degenerate label distribution; most metrics undefined,,stress_q10_20d__combined__hist_gradient_boosting
63,0,0.0,0.5,,,,,,,,,,,,,,,,,,,,,,,,2,1008,101,126,60,none,-0.08013653044333327,2016-02-25,2016-12-16,2017-03-22,f1,,degenerate label distribution; most metrics undefined,insufficient data; used fixed threshold,stress_q10_20d__combined__hist_gradient_boosting
63,0,0.0,0.5,,,,,,,,,,,,,,,,,,,,,,,,3,1134,114,126,60,none,-0.07696411832046837,2016-08-24,2017-06-23,2017-09-20,f1,,degenerate label distribution; most metrics undefined,insufficient data; used fixed threshold,stress_q10_20d__combined__hist_gradient_boosting
63,10,0.15873015873015872,0.5,0.13773584905660377,0.1003472346261679,0.6321875781448578,0.457448582003878,-2.425685701836589,1.3418096778232407,0.2169811320754717,0.36507936507936506,-0.4141576832812911,0.0,0.0,0.0,23.0,30.0,10.0,0.0,0.4339622641509434,0.5660377358490566,1.0,0.0,0.0,120.0,120.0,4,1260,126,126,60,none,-0.0746857994631628,2017-02-27,2017-12-19,2018-03-27,f1,,,insufficient data; used fixed threshold,stress_q10_20d__combined__hist_gradient_boosting
63,1,0.015873015873015872,0.3333333333333333,0.5,0.015873015873015872,1.0,0.045555555555555564,-1.9162903225806458,0.23248111961190845,0.5,0.9841269841269841,0.0,0.0,0.0,0.0,62.0,0.0,1.0,0.0,1.0,0.0,1.0,0.0,,0.0,0.0,5,1386,139,126,60,isotonic,-0.07241394173315696,2017-08-25,2018-06-28,2018-09-25,f1,0.463768115942029,,,stress_q10_20d__combined__hist_gradient_boosting
63,0,0.0,0.2857142857142857,,,,,,,,,,,,,,,,,,,,,,,,6,1512,152,126,60,isotonic,-0.07147231561605213,2018-03-02,2018-12-24,2019-03-29,f1,0.5432098765432098,degenerate label distribution; most metrics undefined,,stress_q10_20d__combined__hist_gradient_boosting
63,0,0.0,0.12255429905532468,,,,,,,,,,,,,,,,,,,,,,,,7,1638,164,126,60,sigmoid,-0.07993013234656555,2018-08-30,2019-07-03,2019-09-30,f1,0.28,degenerate label distribution; most metrics undefined,,stress_q10_20d__combined__hist_gradient_boosting
63,30,0.47619047619047616,0.5,0.7752525252525253,0.8070059638342769,1.6947125240519816,0.3782155851136399,-0.5163006639555927,1.4180522301381238,0.5,0.5238095238095238,0.0,0.0,0.0,0.0,33.0,0.0,30.0,0.0,1.0,0.0,1.0,0.0,,0.0,0.0,8,1764,177,126,60,none,-0.08051344682712602,2019-03-06,2019-12-27,2020-04-01,f1,,,insufficient data; used fixed threshold,stress_q10_20d__combined__hist_gradient_boosting
63,14,0.2222222222222222,0.35714285714285715,0.6785714285714286,0.3273497179981438,1.473073730991647,0.16597753215307848,0.039701421114331614,0.5040714889652613,0.6326530612244898,0.6666666666666666,0.22909489747632844,0.34782608695652173,0.5714285714285714,0.43243243243243246,34.0,15.0,6.0,8.0,0.6938775510204082,0.30612244897959184,0.42857142857142855,0.5714285714285714,0.34782608695652173,60.0,92.0,9,1890,189,126,60,isotonic,-0.07841169566247412,2019-09-05,2020-07-03,2020-09-30,f1,0.6031746031746031,,,stress_q10_20d__combined__hist_gradient_boosting
63,16,0.25396825396825395,0.11021949565936875,0.9055851063829787,0.6992248922515866,2.753198013240622,0.16526507442891386,0.12774324413782034,0.4864031831019252,0.8517287234042553,0.8095238095238095,0.6219553611554134,0.5769230769230769,0.9375,0.7142857142857143,36.0,11.0,1.0,15.0,0.7659574468085106,0.23404255319148937,0.0625,0.9375,0.5769230769230769,44.0,104.0,10,2016,202,126,60,sigmoid,-0.08017099001645406,2020-03-09,2020-12-29,2021-04-02,f1,0.40625,,,stress_q10_20d__combined__hist_gradient_boosting
63,2,0.031746031746031744,0.09808444951048008,0.5573770491803278,0.06896551724137931,2.1724137931034484,0.03787452867071191,-0.23216396962340635,0.1857630575360111,0.7049180327868853,0.42857142857142855,0.14686837386151166,0.05263157894736842,1.0,0.1,25.0,36.0,0.0,2.0,0.4098360655737705,0.5901639344262295,0.0,1.0,0.05263157894736842,144.0,152.0,11,2142,215,126,60,sigmoid,-0.08129365253852175,2020-09-07,2021-07-06,2021-10-04,f1,0.33707865168539325,,,stress_q10_20d__combined__hist_gradient_boosting
63,8,0.12698412698412698,0.1015687525499249,0.3568181818181818,0.10523261201475415,0.828706819616189,0.1339281771768881,-0.20809303457970207,0.5403211525166983,0.3977272727272727,0.5079365079365079,-0.13762047064079508,0.07407407407407407,0.25,0.11428571428571428,30.0,25.0,6.0,2.0,0.5454545454545454,0.45454545454545453,0.75,0.25,0.07407407407407407,100.0,108.0,12,2268,227,126,60,sigmoid,-0.08209804241224669,2021-03-10,2021-12-31,2022-04-06,f1,0.3684210526315789,,,stress_q10_20d__combined__hist_gradient_boosting
63,29,0.4603174603174603,0.06651451146788992,0.3793103448275862,0.40718174747212854,0.8845672445084172,0.3369128849264596,-0.35619395565224954,2.0105594392132766,0.3793103448275862,0.3492063492063492,-0.38282074674438826,0.39285714285714285,0.7586206896551724,0.5176470588235295,0.0,34.0,7.0,22.0,0.0,1.0,0.2413793103448276,0.7586206896551724,0.39285714285714285,136.0,224.0,13,2394,240,126,60,isotonic,-0.08129003278009612,2021-09-09,2022-07-08,2022-10-06,f1,0.42028985507246375,,,stress_q10_20d__combined__hist_gradient_boosting
63,3,0.047619047619047616,0.4270986745213543,0.20833333333333331,0.047619047619047616,1.0,0.1816288211532886,-3.004915506430014,0.5503346337029115,0.20833333333333334,0.3968253968253968,-0.25,0.0,0.0,0.0,25.0,35.0,3.0,0.0,0.4166666666666667,0.5833333333333334,1.0,0.0,0.0,140.0,140.0,14,2520,252,126,60,isotonic,-0.08026373534453113,2022-03-14,2023-01-05,2023-04-10,f1,0.6174496644295302,,,stress_q10_20d__combined__hist_gradient_boosting
63,17,0.2698412698412698,0.09506293514891728,0.33248081841432225,0.21512376036242675,0.7972233472254638,0.2657278366964369,-0.3486877031306368,2.1629669979483555,0.42966751918158563,0.49206349206349204,-0.12762257587800854,0.2,0.29411764705882354,0.23809523809523808,26.0,20.0,12.0,5.0,0.5652173913043478,0.43478260869565216,0.7058823529411765,0.29411764705882354,0.2,80.0,100.0,15,2646,265,126,60,sigmoid,-0.08567215868458511,2022-09-13,2023-07-12,2023-10-10,f1,0.4,,,stress_q10_20d__combined__hist_gradient_boosting
63,0,0.0,0.1534088990199726,,,,,,,,,,,,,,,,,,,,,,,,16,2772,278,126,60,sigmoid,-0.08829511041028286,2023-03-16,2024-01-09,2024-04-11,f1,0.41025641025641024,degenerate label distribution; most metrics undefined,,stress_q10_20d__combined__hist_gradient_boosting
63,0,0.0,0.5,,,,,,,,,,,,,,,,,,,,,,,,17,2898,290,126,60,none,-0.08793742719542438,2023-09-15,2024-07-16,2024-10-14,f1,,degenerate label distribution; most metrics undefined,insufficient data; used fixed threshold,stress_q10_20d__combined__hist_gradient_boosting
63,19,0.30158730158730157,0.5,0.4611244019138756,0.3943623128861197,1.307622405885555,0.2891957354055887,-0.37298788735021726,1.405526898939736,0.5,0.6984126984126984,0.0,0.0,0.0,0.0,44.0,0.0,19.0,0.0,1.0,0.0,1.0,0.0,,0.0,0.0,18,3024,303,126,60,none,-0.0877847771591055,2024-03-19,2025-01-13,2025-04-17,f1,,,insufficient data; used fixed threshold,stress_q10_20d__combined__hist_gradient_boosting
63,5,0.07936507936507936,0.10398214366637665,0.7655172413793103,0.17862745098039215,2.2507058823529413,0.07351290771739075,-0.00611286458732363,0.2653068304767651,0.4051724137931034,0.746031746031746,-0.1350410095880397,0.0,0.0,0.0,47.0,11.0,5.0,0.0,0.8103448275862069,0.1896551724137931,1.0,0.0,0.0,44.0,44.0,19,3150,315,126,60,sigmoid,-0.08662291166662969,2024-09-19,2025-07-21,2025-10-17,f1,0.3076923076923077,,,stress_q10_20d__combined__hist_gradient_boosting
63,17,0.2698412698412698,0.045692673420811764,0.34974424552429667,0.21418089964769632,0.7937292163414629,0.2596973063972282,-0.31808006277570167,1.071365423070227,0.358695652173913,0.5238095238095238,-0.30997896141793096,0.0,0.0,0.0,33.0,13.0,17.0,0.0,0.717391304347826,0.2826086956521739,1.0,0.0,0.0,52.0,52.0,20,3276,328,126,60,sigmoid,-0.08648735386725492,2025-03-24,2026-01-19,2026-04-22,f1,0.2127659574468085,,,stress_q10_20d__combined__hist_gradient_boosting
63,2,0.031746031746031744,0.2777777777777778,0.5,0.031746031746031744,1.0,0.09126984126984128,-1.9692622950819678,0.35575609710216577,0.5,0.031746031746031744,0.0,0.031746031746031744,1.0,0.06153846153846154,0.0,61.0,0.0,2.0,0.0,1.0,0.0,1.0,0.031746031746031744,244.0,252.0,0,756,76,126,36,isotonic,-0.09378297351683601,2015-02-13,2015-12-16,2016-03-21,f1,0.43478260869565216,,,stress_q10_40d__market__naive_frequency
63,0,0.0,0.10090702947845805,,,,,,,,,,,,,,,,,,,,,,,,1,882,89,126,36,none,-0.1068906319769873,2015-08-24,2016-06-22,2016-09-19,f1,0.03125,degenerate label distribution; most metrics undefined,,stress_q10_40d__market__naive_frequency
63,0,0.0,0.5,,,,,,,,,,,,,,,,,,,,,,,,2,1008,101,126,36,none,-0.09978172651836652,2016-02-25,2016-12-16,2017-03-22,f1,,degenerate label distribution; most metrics undefined,insufficient data; used fixed threshold,stress_q10_40d__market__naive_frequency
63,0,0.0,0.5,,,,,,,,,,,,,,,,,,,,,,,,3,1134,114,126,36,none,-0.09519987438021837,2016-08-24,2017-06-23,2017-09-20,f1,,degenerate label distribution; most metrics undefined,insufficient data; used fixed threshold,stress_q10_40d__market__naive_frequency
63,10,0.15873015873015872,0.5,0.5,0.15873015873015872,1.0,0.136984126984127,-0.02583018867924558,0.45412632158421046,0.5,0.8412698412698413,0.0,0.0,0.0,0.0,53.0,0.0,10.0,0.0,1.0,0.0,1.0,0.0,,0.0,0.0,4,1260,126,126,36,none,-0.0922300101778092,2017-02-27,2017-12-19,2018-03-27,f1,,,insufficient data; used fixed threshold,stress_q10_40d__market__naive_frequency
63,10,0.15873015873015872,0.30952380952380953,0.5,0.15873015873015872,1.0,0.15627362055933486,-0.17028301886792474,0.49773037123736036,0.5,0.15873015873015872,0.0,0.15873015873015872,1.0,0.273972602739726,0.0,53.0,0.0,10.0,0.0,1.0,0.0,1.0,0.15873015873015872,212.0,252.0,5,1386,139,126,36,isotonic,-0.08841917260696935,2017-08-25,2018-06-28,2018-09-25,f1,0.4727272727272727,,,stress_q10_40d__market__naive_frequency
63,0,0.0,0.4126984126984127,,,,,,,,,,,,,,,,,,,,,,,,6,1512,152,126,36,isotonic,-0.08743871471267566,2018-03-02,2018-12-24,2019-03-29,f1,0.5842696629213483,degenerate label distribution; most metrics undefined,,stress_q10_40d__market__naive_frequency
63,0,0.0,0.10012210012210013,,,,,,,,,,,,,,,,,,,,,,,,7,1638,164,126,36,none,-0.09679371574654895,2018-08-30,2019-07-03,2019-09-30,f1,0.03125,degenerate label distribution; most metrics undefined,,stress_q10_40d__market__naive_frequency
63,49,0.7777777777777778,0.5,0.5,0.7777777777777778,1.0,0.6317612645965416,-2.6551901737371337,1.8117559511145573,0.5,0.2222222222222222,0.0,0.0,0.0,0.0,14.0,0.0,49.0,0.0,1.0,0.0,1.0,0.0,,0.0,0.0,8,1764,177,126,36,none,-0.0978804848876821,2019-03-06,2019-12-27,2020-04-01,f1,,,insufficient data; used fixed threshold,stress_q10_40d__market__naive_frequency
63,5,0.07936507936507936,0.3888888888888889,0.5,0.07936507936507936,1.0,0.1688712522045855,-1.3112068965517234,0.5283483203154969,0.5,0.07936507936507936,0.0,0.07936507936507936,1.0,0.14705882352941177,0.0,58.0,0.0,5.0,0.0,1.0,0.0,1.0,0.07936507936507936,232.0,252.0,9,1890,189,126,36,isotonic,-0.09530652262149947,2019-09-05,2020-07-03,2020-09-30,f1,0.56,,,stress_q10_40d__market__naive_frequency
63,11,0.1746031746031746,0.07937425668960983,0.5,0.1746031746031746,1.0,0.15318545282865637,-0.06292493405058952,0.5106330259845087,0.5,0.1746031746031746,0.0,0.1746031746031746,1.0,0.2972972972972973,0.0,52.0,0.0,11.0,0.0,1.0,0.0,1.0,0.1746031746031746,208.0,252.0,10,2016,202,126,36,sigmoid,-0.10588711010301116,2020-03-09,2020-12-29,2021-04-02,f1,0.14705882352941177,,,stress_q10_40d__market__naive_frequency
63,1,0.015873015873015872,0.0793742561897613,0.5,0.015873015873015872,1.0,0.019653470761875905,-0.25813912022395913,0.12160453317149256,0.5,0.015873015873015872,0.0,0.015873015873015872,1.0,0.03125,0.0,62.0,0.0,1.0,0.0,1.0,0.0,1.0,0.015873015873015872,248.0,252.0,11,2142,215,126,36,sigmoid,-0.10665322348477255,2020-09-07,2021-07-06,2021-10-04,f1,0.14705882352941177,,,stress_q10_40d__market__naive_frequency
63,21,0.3333333333333333,0.031774522552920195,0.5,0.3333333333333333,1.0,0.31315993858151925,-0.40921972361683645,1.1712236876857027,0.5,0.3333333333333333,0.0,0.3333333333333333,1.0,0.5,0.0,42.0,0.0,21.0,0.0,1.0,0.0,1.0,0.3333333333333333,168.0,252.0,12,2268,227,126,36,sigmoid,-0.1064228702476001,2021-03-10,2021-12-31,2022-04-06,f1,0.06153846153846154,,,stress_q10_40d__market__naive_frequency
63,44,0.6984126984126984,0.3333333333333333,0.5,0.6984126984126984,1.0,0.34391534391534384,-0.6327751196172244,0.8895679008801896,0.5,0.6984126984126984,0.0,0.6984126984126984,1.0,0.822429906542056,0.0,19.0,0.0,44.0,0.0,1.0,0.0,1.0,0.6984126984126984,76.0,252.0,13,2394,240,126,36,isotonic,-0.1026929455209826,2021-09-09,2022-07-08,2022-10-06,f1,0.5,,,stress_q10_40d__market__naive_frequency
63,1,0.015873015873015872,0.47619047619047616,0.5,0.015873015873015872,1.0,0.2275132275132275,-13.564516129032258,0.6481400249219462,0.5,0.015873015873015872,0.0,0.015873015873015872,1.0,0.03125,0.0,62.0,0.0,1.0,0.0,1.0,0.0,1.0,0.015873015873015872,248.0,252.0,14,2520,252,126,36,isotonic,-0.10131055156165944,2022-03-14,2023-01-05,2023-04-10,f1,0.6451612903225806,,,stress_q10_40d__market__naive_frequency
63,17,0.2698412698412698,0.5,0.5,0.2698412698412698,1.0,0.22582168837972752,-0.14614613961526657,0.6979774243548773,0.5,0.7301587301587301,0.0,0.0,0.0,0.0,46.0,0.0,17.0,0.0,1.0,0.0,1.0,0.0,,0.0,0.0,15,2646,265,126,36,none,-0.11300651880562279,2022-09-13,2023-07-12,2023-10-10,f1,,,insufficient data; used fixed threshold,stress_q10_40d__market__naive_frequency
63,0,0.0,0.13493745452896921,,,,,,,,,,,,,,,,,,,,,,,,16,2772,278,126,36,sigmoid,-0.11717695789006531,2023-03-16,2024-01-09,2024-04-11,f1,0.23776223776223776,degenerate label distribution; most metrics undefined,,stress_q10_40d__market__naive_frequency
63,0,0.0,0.5,,,,,,,,,,,,,,,,,,,,,,,,17,2898,290,126,36,none,-0.11698651285167787,2023-09-15,2024-07-16,2024-10-14,f1,,degenerate label distribution; most metrics undefined,insufficient data; used fixed threshold,stress_q10_40d__market__naive_frequency
63,37,0.5873015873015873,0.5,0.5,0.5873015873015873,1.0,0.47964793556311436,-0.9789216800935561,1.3947208640897237,0.5,0.4126984126984127,0.0,0.0,0.0,0.0,26.0,0.0,37.0,0.0,1.0,0.0,1.0,0.0,,0.0,0.0,18,3024,303,126,36,none,-0.11568726379945414,2024-03-19,2025-01-13,2025-04-17,f1,,,insufficient data; used fixed threshold,stress_q10_40d__market__naive_frequency
63,0,0.0,0.29365079365079366,,,,,,,,,,,,,,,,,,,,,,,,19,3150,315,126,36,isotonic,-0.11246714518753848,2024-09-19,2025-07-21,2025-10-17,f1,0.4539877300613497,degenerate label distribution; most metrics undefined,,stress_q10_40d__market__naive_frequency
63,22,0.3492063492063492,0.5,0.5,0.3492063492063492,1.0,0.2893042380221867,-0.2730027945787794,0.8723074644947142,0.5,0.6507936507936508,0.0,0.0,0.0,0.0,41.0,0.0,22.0,0.0,1.0,0.0,1.0,0.0,,0.0,0.0,20,3276,328,126,36,none,-0.11660239443997072,2025-03-24,2026-01-19,2026-04-22,f1,,,insufficient data; used fixed threshold,stress_q10_40d__market__naive_frequency
63,2,0.031746031746031744,0.26966292134831454,0.7704918032786885,0.06666666666666667,2.1,0.056956377414325896,-0.8529496881758973,0.23445880728376542,0.7704918032786885,0.5555555555555556,0.18990938305015842,0.06666666666666667,1.0,0.125,33.0,28.0,0.0,2.0,0.5409836065573771,0.45901639344262296,0.0,1.0,0.06666666666666667,112.0,120.0,0,756,76,126,36,isotonic,-0.09378297351683601,2015-02-13,2015-12-16,2016-03-21,f1,0.4714285714285714,,,stress_q10_40d__market__logistic_elasticnet
63,0,0.0,0.9310540981092595,,,,,,,,,,,,,,,,,,,,,,,,1,882,89,126,36,none,-0.1068906319769873,2015-08-24,2016-06-22,2016-09-19,f1,0.4,degenerate label distribution; most metrics undefined,,stress_q10_40d__market__logistic_elasticnet
63,0,0.0,0.5,,,,,,,,,,,,,,,,,,,,,,,,2,1008,101,126,36,none,-0.09978172651836652,2016-02-25,2016-12-16,2017-03-22,f1,,degenerate label distribution; most metrics undefined,insufficient data; used fixed threshold,stress_q10_40d__market__logistic_elasticnet
63,0,0.0,0.5,,,,,,,,,,,,,,,,,,,,,,,,3,1134,114,126,36,none,-0.09519987438021837,2016-08-24,2017-06-23,2017-09-20,f1,,degenerate label distribution; most metrics undefined,insufficient data; used fixed threshold,stress_q10_40d__market__logistic_elasticnet
63,10,0.15873015873015872,0.5,0.660377358490566,0.2976934638788087,1.8754688224364948,0.8251516414533852,-5.179295971563182,4.2121675263436105,0.5,0.15873015873015872,0.0,0.15873015873015872,1.0,0.273972602739726,0.0,53.0,0.0,10.0,0.0,1.0,0.0,1.0,0.15873015873015872,212.0,252.0,4,1260,126,126,36,none,-0.0922300101778092,2017-02-27,2017-12-19,2018-03-27,f1,,,insufficient data; used fixed threshold,stress_q10_40d__market__logistic_elasticnet
63,10,0.15873015873015872,0.33498023715415015,0.46226415094339623,0.19230769230769232,1.2115384615384617,0.15442357978705396,-0.15642865693361752,0.4787066325174627,0.46226415094339623,0.7777777777777778,-0.11310089849124409,0.0,0.0,0.0,49.0,4.0,10.0,0.0,0.9245283018867925,0.07547169811320754,1.0,0.0,0.0,16.0,16.0,5,1386,139,126,36,isotonic,-0.08841917260696935,2017-08-25,2018-06-28,2018-09-25,f1,0.5783132530120482,,,stress_q10_40d__market__logistic_elasticnet
63,0,0.0,0.2609890109890107,,,,,,,,,,,,,,,,,,,,,,,,6,1512,152,126,36,isotonic,-0.08743871471267566,2018-03-02,2018-12-24,2019-03-29,f1,0.6125,degenerate label distribution; most metrics undefined,,stress_q10_40d__market__logistic_elasticnet
63,0,0.0,0.4415467551814899,,,,,,,,,,,,,,,,,,,,,,,,7,1638,164,126,36,none,-0.09679371574654895,2018-08-30,2019-07-03,2019-09-30,f1,0.05970149253731343,degenerate label distribution; most metrics undefined,,stress_q10_40d__market__logistic_elasticnet
63,49,0.7777777777777778,0.5,0.03790087463556851,0.5850512439599713,0.7522087422342488,0.7485053459309404,-3.3306380728861553,3.173331758017464,0.5,0.2222222222222222,0.0,0.0,0.0,0.0,14.0,0.0,49.0,0.0,1.0,0.0,1.0,0.0,,0.0,0.0,8,1764,177,126,36,none,-0.0978804848876821,2019-03-06,2019-12-27,2020-04-01,f1,,,insufficient data; used fixed threshold,stress_q10_40d__market__logistic_elasticnet
63,5,0.07936507936507936,0.3888888888888889,0.5,0.07936507936507936,1.0,0.1688712522045855,-1.3112068965517234,0.5283483203154969,0.5,0.07936507936507936,0.0,0.07936507936507936,1.0,0.14705882352941177,0.0,58.0,0.0,5.0,0.0,1.0,0.0,1.0,0.07936507936507936,232.0,252.0,9,1890,189,126,36,isotonic,-0.09530652262149947,2019-09-05,2020-07-03,2020-09-30,f1,0.56,,,stress_q10_40d__market__logistic_elasticnet
63,11,0.1746031746031746,0.1107624595844873,0.11013986013986016,0.11013877163033317,0.6307947829737264,0.17423964761817415,-0.20901601642750567,0.7383528905788245,0.16346153846153846,0.2698412698412698,-0.5142208445046514,0.0,0.0,0.0,17.0,35.0,11.0,0.0,0.3269230769230769,0.6730769230769231,1.0,0.0,0.0,140.0,140.0,10,2016,202,126,36,sigmoid,-0.10588711010301116,2020-03-09,2020-12-29,2021-04-02,f1,0.2962962962962963,,,stress_q10_40d__market__logistic_elasticnet
63,1,0.015873015873015872,0.06765652777829939,0.6451612903225806,0.043478260869565216,2.739130434782609,0.01780574280473886,-0.13985472890336337,0.10754946800565855,0.46774193548387094,0.9206349206349206,-0.03306801645716225,0.0,0.0,0.0,58.0,4.0,1.0,0.0,0.9354838709677419,0.06451612903225806,1.0,0.0,0.0,16.0,16.0,11,2142,215,126,36,sigmoid,-0.10665322348477255,2020-09-07,2021-07-06,2021-10-04,f1,0.25316455696202533,,,stress_q10_40d__market__logistic_elasticnet
63,21,0.3333333333333333,0.03240664007256784,0.1564625850340136,0.21696370202337895,0.6508911060701369,0.31772946958667303,-0.42978261314002864,1.2811649099849267,0.21428571428571427,0.2222222222222222,-0.5443310539518174,0.1111111111111111,0.19047619047619047,0.14035087719298245,10.0,32.0,17.0,4.0,0.23809523809523808,0.7619047619047619,0.8095238095238095,0.19047619047619047,0.1111111111111111,128.0,144.0,12,2268,227,126,36,sigmoid,-0.1064228702476001,2021-03-10,2021-12-31,2022-04-06,f1,0.12307692307692308,,,stress_q10_40d__market__logistic_elasticnet
63,44,0.6984126984126984,0.29411764705882354,0.2595693779904306,0.6124768543781148,0.8769554960413918,0.4817141398246442,-1.2869897379952304,3.414947820977852,0.32954545454545453,0.4603174603174603,-0.36734613352828666,0.6041666666666666,0.6590909090909091,0.6304347826086957,0.0,19.0,15.0,29.0,0.0,1.0,0.3409090909090909,0.6590909090909091,0.6041666666666666,76.0,192.0,13,2394,240,126,36,isotonic,-0.1026929455209826,2021-09-09,2022-07-08,2022-10-06,f1,0.5316455696202531,,,stress_q10_40d__market__logistic_elasticnet
63,1,0.015873015873015872,0.47580645161290325,0.8870967741935484,0.06666666666666667,4.2,0.38033667132481475,-23.347681427228867,3.521214314639895,0.532258064516129,0.07936507936507936,0.03306801645716225,0.01694915254237288,1.0,0.03333333333333333,4.0,58.0,0.0,1.0,0.06451612903225806,0.9354838709677419,0.0,1.0,0.01694915254237288,232.0,236.0,14,2520,252,126,36,isotonic,-0.10131055156165944,2022-03-14,2023-01-05,2023-04-10,f1,0.6486486486486487,,,stress_q10_40d__market__logistic_elasticnet
63,17,0.2698412698412698,0.5,0.5012787723785166,0.2617097524562608,0.9698655532202608,0.27157203122743323,-0.3783496060635325,0.7530556168435689,0.3881074168797954,0.5396825396825397,-0.23893106246854823,0.07142857142857142,0.058823529411764705,0.06451612903225806,33.0,13.0,16.0,1.0,0.717391304347826,0.2826086956521739,0.9411764705882353,0.058823529411764705,0.07142857142857142,52.0,56.0,15,2646,265,126,36,none,-0.11300651880562279,2022-09-13,2023-07-12,2023-10-10,f1,,,insufficient data; used fixed threshold,stress_q10_40d__market__logistic_elasticnet
63,0,0.0,0.21175604590586578,,,,,,,,,,,,,,,,,,,,,,,,16,2772,278,126,36,sigmoid,-0.11717695789006531,2023-03-16,2024-01-09,2024-04-11,f1,0.4,degenerate label distribution; most metrics undefined,,stress_q10_40d__market__logistic_elasticnet
63,0,0.0,0.5,,,,,,,,,,,,,,,,,,,,,,,,17,2898,290,126,36,none,-0.11698651285167787,2023-09-15,2024-07-16,2024-10-14,f1,,degenerate label distribution; most metrics undefined,insufficient data; used fixed threshold,stress_q10_40d__market__logistic_elasticnet
63,37,0.5873015873015873,0.5,0.5748440748440748,0.5824982801203036,0.9918213958805169,0.35906519240554396,-0.48142385515343467,1.1292806693444857,0.4485446985446986,0.4126984126984127,-0.11215151616435053,0.5,0.24324324324324326,0.32727272727272727,17.0,9.0,28.0,9.0,0.6538461538461539,0.34615384615384615,0.7567567567567568,0.24324324324324326,0.5,36.0,72.0,18,3024,303,126,36,none,-0.11568726379945414,2024-03-19,2025-01-13,2025-04-17,f1,,,insufficient data; used fixed threshold,stress_q10_40d__market__logistic_elasticnet
63,0,0.0,0.21578947368421098,,,,,,,,,,,,,,,,,,,,,,,,19,3150,315,126,36,isotonic,-0.11246714518753848,2024-09-19,2025-07-21,2025-10-17,f1,0.5238095238095238,degenerate label distribution; most metrics undefined,,stress_q10_40d__market__logistic_elasticnet
63,22,0.3492063492063492,0.5,0.6784922394678492,0.4640835298468184,1.328966471834071,0.3565010200202004,-0.5686835348782433,1.0544827602857638,0.6341463414634146,0.5238095238095238,0.3369101405074289,0.4230769230769231,1.0,0.5945945945945946,11.0,30.0,0.0,22.0,0.2682926829268293,0.7317073170731707,0.0,1.0,0.4230769230769231,120.0,208.0,20,3276,328,126,36,none,-0.11660239443997072,2025-03-24,2026-01-19,2026-04-22,f1,,,insufficient data; used fixed threshold,stress_q10_40d__market__logistic_elasticnet
63,2,0.031746031746031744,0.18750000000000014,0.7868852459016393,0.07142857142857142,2.25,0.06548957139787404,-1.1305582694931315,0.25552751469634066,0.7213114754098361,0.4603174603174603,0.156812512046795,0.05555555555555555,1.0,0.10526315789473684,27.0,34.0,0.0,2.0,0.4426229508196721,0.5573770491803278,0.0,1.0,0.05555555555555555,136.0,144.0,0,756,76,126,36,isotonic,-0.09378297351683601,2015-02-13,2015-12-16,2016-03-21,f1,0.4563758389261745,,,stress_q10_40d__market__logistic_l2
63,0,0.0,0.9947447396622533,,,,,,,,,,,,,,,,,,,,,,,,1,882,89,126,36,none,-0.1068906319769873,2015-08-24,2016-06-22,2016-09-19,f1,0.3333333333333333,degenerate label distribution; most metrics undefined,,stress_q10_40d__market__logistic_l2
63,0,0.0,0.5,,,,,,,,,,,,,,,,,,,,,,,,2,1008,101,126,36,none,-0.09978172651836652,2016-02-25,2016-12-16,2017-03-22,f1,,degenerate label distribution; most metrics undefined,insufficient data; used fixed threshold,stress_q10_40d__market__logistic_l2
63,0,0.0,0.5,,,,,,,,,,,,,,,,,,,,,,,,3,1134,114,126,36,none,-0.09519987438021837,2016-08-24,2017-06-23,2017-09-20,f1,,degenerate label distribution; most metrics undefined,insufficient data; used fixed threshold,stress_q10_40d__market__logistic_l2
63,10,0.15873015873015872,0.5,0.44339622641509435,0.18377951302860485,1.1578109320802106,0.838375733707302,-5.278326956762797,6.533163607903407,0.5,0.15873015873015872,0.0,0.15873015873015872,1.0,0.273972602739726,0.0,53.0,0.0,10.0,0.0,1.0,0.0,1.0,0.15873015873015872,212.0,252.0,4,1260,126,126,36,none,-0.0922300101778092,2017-02-27,2017-12-19,2018-03-27,f1,,,insufficient data; used fixed threshold,stress_q10_40d__market__logistic_l2
63,10,0.15873015873015872,0.46153846153846156,0.5830188679245283,0.1864826123523604,1.1748404578198706,0.1894573336226203,-0.4187852021663774,0.5414239663667089,0.49528301886792453,0.49206349206349204,-0.006895666249533423,0.15625,0.5,0.23809523809523808,26.0,27.0,5.0,5.0,0.49056603773584906,0.5094339622641509,0.5,0.5,0.15625,108.0,128.0,5,1386,139,126,36,isotonic,-0.08841917260696935,2017-08-25,2018-06-28,2018-09-25,f1,0.6060606060606061,,,stress_q10_40d__market__logistic_l2
63,0,0.0,0.3901515151515166,,,,,,,,,,,,,,,,,,,,,,,,6,1512,152,126,36,isotonic,-0.08743871471267566,2018-03-02,2018-12-24,2019-03-29,f1,0.6142857142857143,degenerate label distribution; most metrics undefined,,stress_q10_40d__market__logistic_l2
63,0,0.0,0.5589609513144916,,,,,,,,,,,,,,,,,,,,,,,,7,1638,164,126,36,none,-0.09679371574654895,2018-08-30,2019-07-03,2019-09-30,f1,0.06557377049180328,degenerate label distribution; most metrics undefined,,stress_q10_40d__market__logistic_l2
63,49,0.7777777777777778,0.5,0.04810495626822158,0.5882031664356759,0.7562612139887261,0.770281295991098,-3.4566274982342096,4.730446719992611,0.5,0.2222222222222222,0.0,0.0,0.0,0.0,14.0,0.0,49.0,0.0,1.0,0.0,1.0,0.0,,0.0,0.0,8,1764,177,126,36,none,-0.0978804848876821,2019-03-06,2019-12-27,2020-04-01,f1,,,insufficient data; used fixed threshold,stress_q10_40d__market__logistic_l2
63,5,0.07936507936507936,0.3888888888888889,0.5,0.07936507936507936,1.0,0.1688712522045855,-1.3112068965517234,0.5283483203154969,0.5,0.07936507936507936,0.0,0.07936507936507936,1.0,0.14705882352941177,0.0,58.0,0.0,5.0,0.0,1.0,0.0,1.0,0.07936507936507936,232.0,252.0,9,1890,189,126,36,isotonic,-0.09530652262149947,2019-09-05,2020-07-03,2020-09-30,f1,0.56,,,stress_q10_40d__market__logistic_l2
63,11,0.1746031746031746,0.10594809521181844,0.3688811188811189,0.14698060724049328,0.8417980232864616,0.15981940022758126,-0.10895664248823445,0.6014983189330854,0.4178321678321678,0.5714285714285714,-0.13402339455427803,0.1,0.18181818181818182,0.12903225806451613,34.0,18.0,9.0,2.0,0.6538461538461539,0.34615384615384615,0.8181818181818182,0.18181818181818182,0.1,72.0,80.0,10,2016,202,126,36,sigmoid,-0.10588711010301116,2020-03-09,2020-12-29,2021-04-02,f1,0.25806451612903225,,,stress_q10_40d__market__logistic_l2
63,1,0.015873015873015872,0.08064183007807417,0.24193548387096775,0.020833333333333332,1.3125,0.022501273749933905,-0.44044444376593006,0.1390984421791921,0.5,0.015873015873015872,0.0,0.015873015873015872,1.0,0.03125,0.0,62.0,0.0,1.0,0.0,1.0,0.0,1.0,0.015873015873015872,248.0,252.0,11,2142,215,126,36,sigmoid,-0.10665322348477255,2020-09-07,2021-07-06,2021-10-04,f1,0.1875,,,stress_q10_40d__market__logistic_l2
63,21,0.3333333333333333,0.0322792239110508,0.20294784580498867,0.22528777764086932,0.675863332922608,0.3099158166204963,-0.39462117479223324,1.1248088895858386,0.4523809523809524,0.30158730158730157,-0.25607375986579195,0.3114754098360656,0.9047619047619048,0.4634146341463415,0.0,42.0,2.0,19.0,0.0,1.0,0.09523809523809523,0.9047619047619048,0.3114754098360656,168.0,244.0,12,2268,227,126,36,sigmoid,-0.1064228702476001,2021-03-10,2021-12-31,2022-04-06,f1,0.09195402298850575,,,stress_q10_40d__market__logistic_l2
63,44,0.6984126984126984,0.32,0.2458133971291866,0.6392397806871492,0.9152751405293272,0.5417890384767168,-1.5722017867393405,5.346719943755426,0.29126794258373206,0.36507936507936506,-0.3916160526742528,0.5526315789473685,0.4772727272727273,0.5121951219512195,2.0,17.0,23.0,21.0,0.10526315789473684,0.8947368421052632,0.5227272727272727,0.4772727272727273,0.5526315789473685,68.0,152.0,13,2394,240,126,36,isotonic,-0.1026929455209826,2021-09-09,2022-07-08,2022-10-06,f1,0.5675675675675675,,,stress_q10_40d__market__logistic_l2
63,1,0.015873015873015872,0.4270833333333333,0.7338709677419355,0.029411764705882353,1.8529411764705883,0.6458749677338445,-40.3464152731553,7.660531370192703,0.5564516129032258,0.12698412698412698,0.04490132550669373,0.017857142857142856,1.0,0.03508771929824561,7.0,55.0,0.0,1.0,0.11290322580645161,0.8870967741935484,0.0,1.0,0.017857142857142856,220.0,224.0,14,2520,252,126,36,isotonic,-0.10131055156165944,2022-03-14,2023-01-05,2023-04-10,f1,0.6744186046511628,,,stress_q10_40d__market__logistic_l2
63,17,0.2698412698412698,0.5,0.3746803069053708,0.225009433637603,0.8338584893628818,0.30989436402269427,-0.572852596938713,0.8982847830008368,0.4469309462915601,0.5714285714285714,-0.10823452001989722,0.1875,0.17647058823529413,0.18181818181818182,33.0,13.0,14.0,3.0,0.717391304347826,0.2826086956521739,0.8235294117647058,0.17647058823529413,0.1875,52.0,64.0,15,2646,265,126,36,none,-0.11300651880562279,2022-09-13,2023-07-12,2023-10-10,f1,,,insufficient data; used fixed threshold,stress_q10_40d__market__logistic_l2
63,0,0.0,0.39915411701866965,,,,,,,,,,,,,,,,,,,,,,,,16,2772,278,126,36,sigmoid,-0.11717695789006531,2023-03-16,2024-01-09,2024-04-11,f1,0.6428571428571429,degenerate label distribution; most metrics undefined,,stress_q10_40d__market__logistic_l2
63,0,0.0,0.5,,,,,,,,,,,,,,,,,,,,,,,,17,2898,290,126,36,none,-0.11698651285167787,2023-09-15,2024-07-16,2024-10-14,f1,,degenerate label distribution; most metrics undefined,insufficient data; used fixed threshold,stress_q10_40d__market__logistic_l2
63,37,0.5873015873015873,0.5,0.6891891891891891,0.6801160493052463,1.1580354353035274,0.31624253452202883,-0.3047470057358965,1.025018620185753,0.5446985446985447,0.49206349206349204,0.10875625314046714,0.6923076923076923,0.24324324324324326,0.36,22.0,4.0,28.0,9.0,0.8461538461538461,0.15384615384615385,0.7567567567567568,0.24324324324324326,0.6923076923076923,16.0,52.0,18,3024,303,126,36,none,-0.11568726379945414,2024-03-19,2025-01-13,2025-04-17,f1,,,insufficient data; used fixed threshold,stress_q10_40d__market__logistic_l2
63,0,0.0,0.3779489648531547,,,,,,,,,,,,,,,,,,,,,,,,19,3150,315,126,36,isotonic,-0.11246714518753848,2024-09-19,2025-07-21,2025-10-17,f1,0.5384615384615384,degenerate label distribution; most metrics undefined,,stress_q10_40d__market__logistic_l2
63,22,0.3492063492063492,0.5,0.6152993348115299,0.39149620953176945,1.1211027818409762,0.3607911563204648,-0.5875610858491407,1.127233380741985,0.6341463414634146,0.5238095238095238,0.3369101405074289,0.4230769230769231,1.0,0.5945945945945946,11.0,30.0,0.0,22.0,0.2682926829268293,0.7317073170731707,0.0,1.0,0.4230769230769231,120.0,208.0,20,3276,328,126,36,none,-0.11660239443997072,2025-03-24,2026-01-19,2026-04-22,f1,,,insufficient data; used fixed threshold,stress_q10_40d__market__logistic_l2
63,2,0.031746031746031744,0.6666666666666666,0.5,0.031746031746031744,1.0,0.031745968254968254,-0.03278481970466407,0.43858860501522284,0.5,0.9682539682539683,0.0,0.0,0.0,0.0,61.0,0.0,2.0,0.0,1.0,0.0,1.0,0.0,,0.0,0.0,0,756,76,126,36,isotonic,-0.09378297351683601,2015-02-13,2015-12-16,2016-03-21,f1,0.9066666666666666,,,stress_q10_40d__market__random_forest
63,0,0.0,0.401983965234723,,,,,,,,,,,,,,,,,,,,,,,,1,882,89,126,36,none,-0.1068906319769873,2015-08-24,2016-06-22,2016-09-19,f1,0.18181818181818182,degenerate label distribution; most metrics undefined,,stress_q10_40d__market__random_forest
63,0,0.0,0.5,,,,,,,,,,,,,,,,,,,,,,,,2,1008,101,126,36,none,-0.09978172651836652,2016-02-25,2016-12-16,2017-03-22,f1,,degenerate label distribution; most metrics undefined,insufficient data; used fixed threshold,stress_q10_40d__market__random_forest
63,0,0.0,0.5,,,,,,,,,,,,,,,,,,,,,,,,3,1134,114,126,36,none,-0.09519987438021837,2016-08-24,2017-06-23,2017-09-20,f1,,degenerate label distribution; most metrics undefined,insufficient data; used fixed threshold,stress_q10_40d__market__random_forest
63,10,0.15873015873015872,0.5,0.4867924528301887,0.16033679644109683,1.0101218175789102,0.3477435058523912,-1.6041395749587566,1.0148004846831138,0.27358490566037735,0.4603174603174603,-0.3407496218479928,0.0,0.0,0.0,29.0,24.0,10.0,0.0,0.5471698113207547,0.4528301886792453,1.0,0.0,0.0,96.0,96.0,4,1260,126,126,36,none,-0.0922300101778092,2017-02-27,2017-12-19,2018-03-27,f1,,,insufficient data; used fixed threshold,stress_q10_40d__market__random_forest
63,10,0.15873015873015872,0.29901960784313725,0.6,0.326984126984127,2.06,0.12524944618370223,0.062047071880916516,0.4148629804364087,0.6,0.873015873015873,0.41685787962239446,1.0,0.2,0.3333333333333333,53.0,0.0,8.0,2.0,1.0,0.0,0.8,0.2,1.0,0.0,8.0,5,1386,139,126,36,isotonic,-0.08841917260696935,2017-08-25,2018-06-28,2018-09-25,f1,0.49645390070921985,,,stress_q10_40d__market__random_forest
63,0,0.0,0.33035714285714285,,,,,,,,,,,,,,,,,,,,,,,,6,1512,152,126,36,isotonic,-0.08743871471267566,2018-03-02,2018-12-24,2019-03-29,f1,0.6782608695652174,degenerate label distribution; most metrics undefined,,stress_q10_40d__market__random_forest
63,0,0.0,0.006758910606909005,,,,,,,,,,,,,,,,,,,,,,,,7,1638,164,126,36,none,-0.09679371574654895,2018-08-30,2019-07-03,2019-09-30,f1,0.041666666666666664,degenerate label distribution; most metrics undefined,,stress_q10_40d__market__random_forest
63,49,0.7777777777777778,0.5,0.6530612244897959,0.9028636817666056,1.1608247336999213,0.7405529604326142,-3.2846278425029825,3.6900500144061583,0.5,0.2222222222222222,0.0,0.0,0.0,0.0,14.0,0.0,49.0,0.0,1.0,0.0,1.0,0.0,,0.0,0.0,8,1764,177,126,36,none,-0.0978804848876821,2019-03-06,2019-12-27,2020-04-01,f1,,,insufficient data; used fixed threshold,stress_q10_40d__market__random_forest
63,5,0.07936507936507936,0.3448275862068966,0.5775862068965517,0.09259259259259259,1.1666666666666667,0.693223373697861,-8.487598517954519,2.132517426504561,0.5431034482758621,0.15873015873015872,0.08620689655172414,0.08620689655172414,1.0,0.15873015873015872,5.0,53.0,0.0,5.0,0.08620689655172414,0.9137931034482759,0.0,1.0,0.08620689655172414,212.0,232.0,9,1890,189,126,36,isotonic,-0.09530652262149947,2019-09-05,2020-07-03,2020-09-30,f1,0.6666666666666666,,,stress_q10_40d__market__random_forest
63,11,0.1746031746031746,0.08460270093943659,0.9326923076923077,0.780985680985681,4.47291799109981,0.16107630222718572,-0.1176780481463291,0.6482487924671995,0.5,0.8253968253968254,0.0,0.0,0.0,0.0,52.0,0.0,11.0,0.0,1.0,0.0,1.0,0.0,,0.0,0.0,10,2016,202,126,36,sigmoid,-0.10588711010301116,2020-03-09,2020-12-29,2021-04-02,f1,0.2962962962962963,,,stress_q10_40d__market__random_forest
63,1,0.015873015873015872,0.0665963547144936,0.564516129032258,0.03571428571428571,2.25,0.017769615749547694,-0.13754201467669036,0.10713275635505115,0.4274193548387097,0.8412698412698413,-0.05184758473652126,0.0,0.0,0.0,53.0,9.0,1.0,0.0,0.8548387096774194,0.14516129032258066,1.0,0.0,0.0,36.0,36.0,11,2142,215,126,36,sigmoid,-0.10665322348477255,2020-09-07,2021-07-06,2021-10-04,f1,0.2597402597402597,,,stress_q10_40d__market__random_forest
63,21,0.3333333333333333,0.17997224960258254,0.159297052154195,0.30705905550626045,0.9211771665187813,0.33363312455128685,-0.5013490604807906,4.555055131248623,0.5,0.6666666666666666,0.0,0.0,0.0,0.0,42.0,0.0,21.0,0.0,1.0,0.0,1.0,0.0,,0.0,0.0,12,2268,227,126,36,sigmoid,-0.1064228702476001,2021-03-10,2021-12-31,2022-04-06,f1,0.4444444444444444,,,stress_q10_40d__market__random_forest
63,44,0.6984126984126984,0.4158415841584143,0.5113636363636364,0.7052669552669553,1.009814049586777,0.6879548421406435,-2.2661396751868588,9.443562283984617,0.5113636363636364,0.31746031746031744,0.08345543352091715,1.0,0.022727272727272728,0.044444444444444446,19.0,0.0,43.0,1.0,1.0,0.0,0.9772727272727273,0.022727272727272728,1.0,0.0,4.0,13,2394,240,126,36,isotonic,-0.1026929455209826,2021-09-09,2022-07-08,2022-10-06,f1,0.5874125874125874,,,stress_q10_40d__market__random_forest
63,1,0.015873015873015872,0.44915254237288127,0.9435483870967742,0.125,7.875,0.27329912736250633,-16.495552201641736,0.7802402353782971,0.5,0.015873015873015872,0.0,0.015873015873015872,1.0,0.03125,0.0,62.0,0.0,1.0,0.0,1.0,0.0,1.0,0.015873015873015872,248.0,252.0,14,2520,252,126,36,isotonic,-0.10131055156165944,2022-03-14,2023-01-05,2023-04-10,f1,0.6451612903225806,,,stress_q10_40d__market__random_forest
63,17,0.2698412698412698,0.5,0.6317135549872123,0.3158480922932688,1.170495871439761,0.24647282037640988,-0.2509598773324435,0.7123483020681065,0.7934782608695652,0.6984126984126984,0.5264730886222754,0.4722222222222222,1.0,0.6415094339622641,27.0,19.0,0.0,17.0,0.5869565217391305,0.41304347826086957,0.0,1.0,0.4722222222222222,76.0,144.0,15,2646,265,126,36,none,-0.11300651880562279,2022-09-13,2023-07-12,2023-10-10,f1,,,insufficient data; used fixed threshold,stress_q10_40d__market__random_forest
63,0,0.0,0.13001722401621357,,,,,,,,,,,,,,,,,,,,,,,,16,2772,278,126,36,sigmoid,-0.11717695789006531,2023-03-16,2024-01-09,2024-04-11,f1,0.37362637362637363,degenerate label distribution; most metrics undefined,,stress_q10_40d__market__random_forest
63,0,0.0,0.5,,,,,,,,,,,,,,,,,,,,,,,,17,2898,290,126,36,none,-0.11698651285167787,2023-09-15,2024-07-16,2024-10-14,f1,,degenerate label distribution; most metrics undefined,insufficient data; used fixed threshold,stress_q10_40d__market__random_forest
63,37,0.5873015873015873,0.5,0.09043659043659043,0.41185277844359525,0.701262838971527,0.6277342100793871,-1.589893014350403,3.163604545458793,0.34615384615384615,0.2857142857142857,-0.4549648414910838,0.0,0.0,0.0,18.0,8.0,37.0,0.0,0.6923076923076923,0.3076923076923077,1.0,0.0,0.0,32.0,32.0,18,3024,303,126,36,none,-0.11568726379945414,2024-03-19,2025-01-13,2025-04-17,f1,,,insufficient data; used fixed threshold,stress_q10_40d__market__random_forest
63,0,0.0,0.29365079365079366,,,,,,,,,,,,,,,,,,,,,,,,19,3150,315,126,36,isotonic,-0.11246714518753848,2024-09-19,2025-07-21,2025-10-17,f1,0.4539877300613497,degenerate label distribution; most metrics undefined,,stress_q10_40d__market__random_forest
63,22,0.3492063492063492,0.5,0.17516629711751658,0.23755833745629704,0.6802806936248507,0.4437866081316742,-0.9527594763576661,1.1462610412779153,0.5277161862527716,0.4126984126984127,0.07936707906472479,0.36363636363636365,0.9090909090909091,0.5194805194805194,6.0,35.0,2.0,20.0,0.14634146341463414,0.8536585365853658,0.09090909090909091,0.9090909090909091,0.36363636363636365,140.0,220.0,20,3276,328,126,36,none,-0.11660239443997072,2025-03-24,2026-01-19,2026-04-22,f1,,,insufficient data; used fixed threshold,stress_q10_40d__market__random_forest
63,2,0.031746031746031744,0.20238095238095238,0.7049180327868853,0.06060606060606061,1.9090909090909092,0.08456866542,-1.7512543692785245,0.301534106289161,0.6967213114754098,0.4126984126984127,0.142044164845687,0.05128205128205128,1.0,0.0975609756097561,24.0,37.0,0.0,2.0,0.39344262295081966,0.6065573770491803,0.0,1.0,0.05128205128205128,148.0,156.0,0,756,76,126,36,isotonic,-0.09378297351683601,2015-02-13,2015-12-16,2016-03-21,f1,0.53125,,,stress_q10_40d__market__hist_gradient_boosting
63,0,0.0,0.061712094340815274,,,,,,,,,,,,,,,,,,,,,,,,1,882,89,126,36,none,-0.1068906319769873,2015-08-24,2016-06-22,2016-09-19,f1,0.09523809523809523,degenerate label distribution; most metrics undefined,,stress_q10_40d__market__hist_gradient_boosting
63,0,0.0,0.5,,,,,,,,,,,,,,,,,,,,,,,,2,1008,101,126,36,none,-0.09978172651836652,2016-02-25,2016-12-16,2017-03-22,f1,,degenerate label distribution; most metrics undefined,insufficient data; used fixed threshold,stress_q10_40d__market__hist_gradient_boosting
63,0,0.0,0.5,,,,,,,,,,,,,,,,,,,,,,,,3,1134,114,126,36,none,-0.09519987438021837,2016-08-24,2017-06-23,2017-09-20,f1,,degenerate label distribution; most metrics undefined,insufficient data; used fixed threshold,stress_q10_40d__market__hist_gradient_boosting
63,10,0.15873015873015872,0.5,0.45660377358490567,0.1493748950607086,0.9410618388824643,0.6425048746913651,-3.811512920094393,2.6262398642127285,0.5,0.15873015873015872,0.0,0.15873015873015872,1.0,0.273972602739726,0.0,53.0,0.0,10.0,0.0,1.0,0.0,1.0,0.15873015873015872,212.0,252.0,4,1260,126,126,36,none,-0.0922300101778092,2017-02-27,2017-12-19,2018-03-27,f1,,,insufficient data; used fixed threshold,stress_q10_40d__market__hist_gradient_boosting
63,10,0.15873015873015872,0.28532608695652273,0.6,0.326984126984127,2.06,0.14986949576006456,-0.122324582399427,1.814378384245798,0.5,0.8412698412698413,0.0,0.0,0.0,0.0,53.0,0.0,10.0,0.0,1.0,0.0,1.0,0.0,,0.0,0.0,5,1386,139,126,36,isotonic,-0.08841917260696935,2017-08-25,2018-06-28,2018-09-25,f1,0.5631067961165048,,,stress_q10_40d__market__hist_gradient_boosting
63,0,0.0,0.359375,,,,,,,,,,,,,,,,,,,,,,,,6,1512,152,126,36,isotonic,-0.08743871471267566,2018-03-02,2018-12-24,2019-03-29,f1,0.6710526315789473,degenerate label distribution; most metrics undefined,,stress_q10_40d__market__hist_gradient_boosting
63,0,0.0,0.0002739766945805003,,,,,,,,,,,,,,,,,,,,,,,,7,1638,164,126,36,none,-0.09679371574654895,2018-08-30,2019-07-03,2019-09-30,f1,0.04,degenerate label distribution; most metrics undefined,,stress_q10_40d__market__hist_gradient_boosting
63,49,0.7777777777777778,0.5,0.5262390670553936,0.8043688283571399,1.034188493602037,0.7775034651739494,-3.498412905649279,7.636896280484472,0.5,0.2222222222222222,0.0,0.0,0.0,0.0,14.0,0.0,49.0,0.0,1.0,0.0,1.0,0.0,,0.0,0.0,8,1764,177,126,36,none,-0.0978804848876821,2019-03-06,2019-12-27,2020-04-01,f1,,,insufficient data; used fixed threshold,stress_q10_40d__market__hist_gradient_boosting
63,5,0.07936507936507936,0.303030303030303,0.5086206896551724,0.08064516129032258,1.0161290322580645,0.18030958940049863,-1.467754345967514,0.5519817393229431,0.5086206896551724,0.09523809523809523,0.03728852122772354,0.08064516129032258,1.0,0.14925373134328357,1.0,57.0,0.0,5.0,0.017241379310344827,0.9827586206896551,0.0,1.0,0.08064516129032258,228.0,248.0,9,1890,189,126,36,isotonic,-0.09530652262149947,2019-09-05,2020-07-03,2020-09-30,f1,0.5679012345679012,,,stress_q10_40d__market__hist_gradient_boosting
63,11,0.1746031746031746,0.09663714299318536,0.21328671328671328,0.21254115556577677,1.2172811636949035,0.45119590140650734,-2.1307631690252236,1.6709867997679082,0.4090909090909091,0.14285714285714285,-0.3936909300900535,0.14754098360655737,0.8181818181818182,0.25,0.0,52.0,2.0,9.0,0.0,1.0,0.18181818181818182,0.8181818181818182,0.14754098360655737,208.0,244.0,10,2016,202,126,36,sigmoid,-0.10588711010301116,2020-03-09,2020-12-29,2021-04-02,f1,0.21052631578947367,,,stress_q10_40d__market__hist_gradient_boosting
63,1,0.015873015873015872,0.08733736317999066,0.9838709677419355,0.5,31.5,0.016643361097194297,-0.06544355152845416,0.09654699574065968,0.5,0.9841269841269841,0.0,0.0,0.0,0.0,62.0,0.0,1.0,0.0,1.0,0.0,1.0,0.0,,0.0,0.0,11,2142,215,126,36,sigmoid,-0.10665322348477255,2020-09-07,2021-07-06,2021-10-04,f1,0.21333333333333335,,,stress_q10_40d__market__hist_gradient_boosting
63,21,0.3333333333333333,0.07027569864248366,0.36507936507936506,0.2712562672383685,0.8137688017151055,0.30929219382687534,-0.3918148722209389,1.2318892056398982,0.44047619047619047,0.5396825396825397,-0.13498731178900975,0.21428571428571427,0.14285714285714285,0.17142857142857143,31.0,11.0,18.0,3.0,0.7380952380952381,0.2619047619047619,0.8571428571428571,0.14285714285714285,0.21428571428571427,44.0,56.0,12,2268,227,126,36,sigmoid,-0.1064228702476001,2021-03-10,2021-12-31,2022-04-06,f1,0.1935483870967742,,,stress_q10_40d__market__hist_gradient_boosting
63,44,0.6984126984126984,0.4666666666666667,0.5,0.6984126984126984,1.0,0.6984113015883014,-2.3157828421100097,9.6489283103244,0.5,0.30158730158730157,0.0,0.0,0.0,0.0,19.0,0.0,44.0,0.0,1.0,0.0,1.0,0.0,,0.0,0.0,13,2394,240,126,36,isotonic,-0.1026929455209826,2021-09-09,2022-07-08,2022-10-06,f1,0.5982905982905983,,,stress_q10_40d__market__hist_gradient_boosting
63,1,0.015873015873015872,0.45689655172413807,0.4274193548387097,0.015873015873015872,1.0,0.28527417483601736,-17.262148385873434,1.5065744893659518,0.5,0.015873015873015872,0.0,0.015873015873015872,1.0,0.03125,0.0,62.0,0.0,1.0,0.0,1.0,0.0,1.0,0.015873015873015872,248.0,252.0,14,2520,252,126,36,isotonic,-0.10131055156165944,2022-03-14,2023-01-05,2023-04-10,f1,0.6486486486486487,,,stress_q10_40d__market__hist_gradient_boosting
63,17,0.2698412698412698,0.5,0.6368286445012787,0.3196778478262105,1.1846884948853684,0.28381762923005394,-0.44050149669320215,0.8875405210508777,0.42838874680306904,0.5714285714285714,-0.15291587997987086,0.14285714285714285,0.11764705882352941,0.12903225806451613,34.0,12.0,15.0,2.0,0.7391304347826086,0.2608695652173913,0.8823529411764706,0.11764705882352941,0.14285714285714285,48.0,56.0,15,2646,265,126,36,none,-0.11300651880562279,2022-09-13,2023-07-12,2023-10-10,f1,,,insufficient data; used fixed threshold,stress_q10_40d__market__hist_gradient_boosting
63,0,0.0,0.13469421359832157,,,,,,,,,,,,,,,,,,,,,,,,16,2772,278,126,36,sigmoid,-0.11717695789006531,2023-03-16,2024-01-09,2024-04-11,f1,0.28,degenerate label distribution; most metrics undefined,,stress_q10_40d__market__hist_gradient_boosting
63,0,0.0,0.5,,,,,,,,,,,,,,,,,,,,,,,,17,2898,290,126,36,none,-0.11698651285167787,2023-09-15,2024-07-16,2024-10-14,f1,,degenerate label distribution; most metrics undefined,insufficient data; used fixed threshold,stress_q10_40d__market__hist_gradient_boosting
63,37,0.5873015873015873,0.5,0.4719334719334719,0.5486972746392533,0.9342683324938638,0.5870129361578559,-1.4218860120691579,4.989447538878051,0.5,0.4126984126984127,0.0,0.0,0.0,0.0,26.0,0.0,37.0,0.0,1.0,0.0,1.0,0.0,,0.0,0.0,18,3024,303,126,36,none,-0.11568726379945414,2024-03-19,2025-01-13,2025-04-17,f1,,,insufficient data; used fixed threshold,stress_q10_40d__market__hist_gradient_boosting
63,0,0.0,0.1875,,,,,,,,,,,,,,,,,,,,,,,,19,3150,315,126,36,isotonic,-0.11246714518753848,2024-09-19,2025-07-21,2025-10-17,f1,0.5,degenerate label distribution; most metrics undefined,,stress_q10_40d__market__hist_gradient_boosting
63,22,0.3492063492063492,0.5,0.925720620842572,0.8572737179696699,2.454920192367691,0.20870270449852923,0.08166182466223659,0.6053023925476128,0.5559866962305986,0.6825396825396826,0.21890823708845092,0.75,0.13636363636363635,0.23076923076923078,40.0,1.0,19.0,3.0,0.975609756097561,0.024390243902439025,0.8636363636363636,0.13636363636363635,0.75,4.0,16.0,20,3276,328,126,36,none,-0.11660239443997072,2025-03-24,2026-01-19,2026-04-22,f1,,,insufficient data; used fixed threshold,stress_q10_40d__market__hist_gradient_boosting
63,2,0.031746031746031744,0.2777777777777778,0.5,0.031746031746031744,1.0,0.09126984126984128,-1.9692622950819678,0.35575609710216577,0.5,0.031746031746031744,0.0,0.031746031746031744,1.0,0.06153846153846154,0.0,61.0,0.0,2.0,0.0,1.0,0.0,1.0,0.031746031746031744,244.0,252.0,0,737,76,126,60,isotonic,-0.09378297351683601,2015-02-13,2015-12-16,2016-03-21,f1,0.43478260869565216,,,stress_q10_40d__graph__naive_frequency
63,0,0.0,0.10312862108922363,,,,,,,,,,,,,,,,,,,,,,,,1,863,89,126,60,none,-0.1068906319769873,2015-08-24,2016-06-22,2016-09-19,f1,0.03125,degenerate label distribution; most metrics undefined,,stress_q10_40d__graph__naive_frequency
63,0,0.0,0.5,,,,,,,,,,,,,,,,,,,,,,,,2,989,101,126,60,none,-0.09978172651836652,2016-02-25,2016-12-16,2017-03-22,f1,,degenerate label distribution; most metrics undefined,insufficient data; used fixed threshold,stress_q10_40d__graph__naive_frequency
63,0,0.0,0.5,,,,,,,,,,,,,,,,,,,,,,,,3,1115,114,126,60,none,-0.09519987438021837,2016-08-24,2017-06-23,2017-09-20,f1,,degenerate label distribution; most metrics undefined,insufficient data; used fixed threshold,stress_q10_40d__graph__naive_frequency
63,10,0.15873015873015872,0.5,0.5,0.15873015873015872,1.0,0.13680663652580713,-0.024501019567789717,0.4531468754282834,0.5,0.8412698412698413,0.0,0.0,0.0,0.0,53.0,0.0,10.0,0.0,1.0,0.0,1.0,0.0,,0.0,0.0,4,1241,126,126,60,none,-0.0922300101778092,2017-02-27,2017-12-19,2018-03-27,f1,,,insufficient data; used fixed threshold,stress_q10_40d__graph__naive_frequency
63,10,0.15873015873015872,0.30952380952380953,0.5,0.15873015873015872,1.0,0.15627362055933486,-0.17028301886792474,0.49773037123736036,0.5,0.15873015873015872,0.0,0.15873015873015872,1.0,0.273972602739726,0.0,53.0,0.0,10.0,0.0,1.0,0.0,1.0,0.15873015873015872,212.0,252.0,5,1367,139,126,60,isotonic,-0.08841917260696935,2017-08-25,2018-06-28,2018-09-25,f1,0.4727272727272727,,,stress_q10_40d__graph__naive_frequency
63,0,0.0,0.4126984126984127,,,,,,,,,,,,,,,,,,,,,,,,6,1493,152,126,60,isotonic,-0.08743871471267566,2018-03-02,2018-12-24,2019-03-29,f1,0.5842696629213483,degenerate label distribution; most metrics undefined,,stress_q10_40d__graph__naive_frequency
63,0,0.0,0.1012970969734404,,,,,,,,,,,,,,,,,,,,,,,,7,1619,164,126,60,none,-0.09679371574654895,2018-08-30,2019-07-03,2019-09-30,f1,0.03125,degenerate label distribution; most metrics undefined,,stress_q10_40d__graph__naive_frequency
63,49,0.7777777777777778,0.5,0.5,0.7777777777777778,1.0,0.6302822180806762,-2.646632833181055,1.803603109099027,0.5,0.2222222222222222,0.0,0.0,0.0,0.0,14.0,0.0,49.0,0.0,1.0,0.0,1.0,0.0,,0.0,0.0,8,1745,177,126,60,none,-0.0978804848876821,2019-03-06,2019-12-27,2020-04-01,f1,,,insufficient data; used fixed threshold,stress_q10_40d__graph__naive_frequency
63,5,0.07936507936507936,0.3888888888888889,0.5,0.07936507936507936,1.0,0.1688712522045855,-1.3112068965517234,0.5283483203154969,0.5,0.07936507936507936,0.0,0.07936507936507936,1.0,0.14705882352941177,0.0,58.0,0.0,5.0,0.0,1.0,0.0,1.0,0.07936507936507936,232.0,252.0,9,1871,189,126,60,isotonic,-0.09530652262149947,2019-09-05,2020-07-03,2020-09-30,f1,0.56,,,stress_q10_40d__graph__naive_frequency
63,11,0.1746031746031746,0.07937425395750067,0.5,0.1746031746031746,1.0,0.15318545334900793,-0.06292493766121088,0.5106330295449523,0.5,0.1746031746031746,0.0,0.1746031746031746,1.0,0.2972972972972973,0.0,52.0,0.0,11.0,0.0,1.0,0.0,1.0,0.1746031746031746,208.0,252.0,10,1997,202,126,60,sigmoid,-0.10588711010301116,2020-03-09,2020-12-29,2021-04-02,f1,0.14705882352941177,,,stress_q10_40d__graph__naive_frequency
63,1,0.015873015873015872,0.07937425361164421,0.5,0.015873015873015872,1.0,0.01965347043444865,-0.25813909926333367,0.12160453093111058,0.5,0.015873015873015872,0.0,0.015873015873015872,1.0,0.03125,0.0,62.0,0.0,1.0,0.0,1.0,0.0,1.0,0.015873015873015872,248.0,252.0,11,2123,215,126,60,sigmoid,-0.10665322348477255,2020-09-07,2021-07-06,2021-10-04,f1,0.14705882352941177,,,stress_q10_40d__graph__naive_frequency
63,21,0.3333333333333333,0.031774517528363015,0.5,0.3333333333333333,1.0,0.31315994161191824,-0.4092197372536319,1.1712237369366194,0.5,0.3333333333333333,0.0,0.3333333333333333,1.0,0.5,0.0,42.0,0.0,21.0,0.0,1.0,0.0,1.0,0.3333333333333333,168.0,252.0,12,2249,227,126,60,sigmoid,-0.1064228702476001,2021-03-10,2021-12-31,2022-04-06,f1,0.06153846153846154,,,stress_q10_40d__graph__naive_frequency
63,44,0.6984126984126984,0.3333333333333333,0.5,0.6984126984126984,1.0,0.34391534391534384,-0.6327751196172244,0.8895679008801896,0.5,0.6984126984126984,0.0,0.6984126984126984,1.0,0.822429906542056,0.0,19.0,0.0,44.0,0.0,1.0,0.0,1.0,0.6984126984126984,76.0,252.0,13,2375,240,126,60,isotonic,-0.1026929455209826,2021-09-09,2022-07-08,2022-10-06,f1,0.5,,,stress_q10_40d__graph__naive_frequency
63,1,0.015873015873015872,0.47619047619047616,0.5,0.015873015873015872,1.0,0.2275132275132275,-13.564516129032258,0.6481400249219462,0.5,0.015873015873015872,0.0,0.015873015873015872,1.0,0.03125,0.0,62.0,0.0,1.0,0.0,1.0,0.0,1.0,0.015873015873015872,248.0,252.0,14,2501,252,126,60,isotonic,-0.10131055156165944,2022-03-14,2023-01-05,2023-04-10,f1,0.6451612903225806,,,stress_q10_40d__graph__naive_frequency
63,17,0.2698412698412698,0.5,0.5,0.2698412698412698,1.0,0.22557638239854863,-0.14490110196910422,0.6966207913902714,0.5,0.7301587301587301,0.0,0.0,0.0,0.0,46.0,0.0,17.0,0.0,1.0,0.0,1.0,0.0,,0.0,0.0,15,2627,265,126,60,none,-0.11300651880562279,2022-09-13,2023-07-12,2023-10-10,f1,,,insufficient data; used fixed threshold,stress_q10_40d__graph__naive_frequency
63,0,0.0,0.13493744969541868,,,,,,,,,,,,,,,,,,,,,,,,16,2753,278,126,60,sigmoid,-0.11717695789006531,2023-03-16,2024-01-09,2024-04-11,f1,0.23776223776223776,degenerate label distribution; most metrics undefined,,stress_q10_40d__graph__naive_frequency
63,0,0.0,0.5,,,,,,,,,,,,,,,,,,,,,,,,17,2879,290,126,60,none,-0.11698651285167787,2023-09-15,2024-07-16,2024-10-14,f1,,degenerate label distribution; most metrics undefined,insufficient data; used fixed threshold,stress_q10_40d__graph__naive_frequency
63,37,0.5873015873015873,0.5,0.5,0.5873015873015873,1.0,0.4790311440277527,-0.9763769341436077,1.391309842439619,0.5,0.4126984126984127,0.0,0.0,0.0,0.0,26.0,0.0,37.0,0.0,1.0,0.0,1.0,0.0,,0.0,0.0,18,3005,303,126,60,none,-0.11568726379945414,2024-03-19,2025-01-13,2025-04-17,f1,,,insufficient data; used fixed threshold,stress_q10_40d__graph__naive_frequency
63,0,0.0,0.29365079365079366,,,,,,,,,,,,,,,,,,,,,,,,19,3131,315,126,60,isotonic,-0.11246714518753848,2024-09-19,2025-07-21,2025-10-17,f1,0.4539877300613497,degenerate label distribution; most metrics undefined,,stress_q10_40d__graph__naive_frequency
63,22,0.3492063492063492,0.5,0.5,0.3492063492063492,1.0,0.289013613288228,-0.2717239813092871,0.8706987956827698,0.5,0.6507936507936508,0.0,0.0,0.0,0.0,41.0,0.0,22.0,0.0,1.0,0.0,1.0,0.0,,0.0,0.0,20,3257,328,126,60,none,-0.11660239443997072,2025-03-24,2026-01-19,2026-04-22,f1,,,insufficient data; used fixed threshold,stress_q10_40d__graph__naive_frequency
63,2,0.031746031746031744,0.25287356321839083,0.6475409836065573,0.044444444444444446,1.4000000000000001,0.061580244760872094,-1.0033769791467324,0.2445836346943486,0.6475409836065573,0.31746031746031744,0.11451966686277364,0.044444444444444446,1.0,0.0851063829787234,18.0,43.0,0.0,2.0,0.29508196721311475,0.7049180327868853,0.0,1.0,0.044444444444444446,172.0,180.0,0,737,76,126,60,isotonic,-0.09378297351683601,2015-02-13,2015-12-16,2016-03-21,f1,0.5,,,stress_q10_40d__graph__logistic_elasticnet
63,0,0.0,0.0021364822181122,,,,,,,,,,,,,,,,,,,,,,,,1,863,89,126,60,none,-0.1068906319769873,2015-08-24,2016-06-22,2016-09-19,f1,0.06896551724137931,degenerate label distribution; most metrics undefined,,stress_q10_40d__graph__logistic_elasticnet
63,0,0.0,0.5,,,,,,,,,,,,,,,,,,,,,,,,2,989,101,126,60,none,-0.09978172651836652,2016-02-25,2016-12-16,2017-03-22,f1,,degenerate label distribution; most metrics undefined,insufficient data; used fixed threshold,stress_q10_40d__graph__logistic_elasticnet
63,0,0.0,0.5,,,,,,,,,,,,,,,,,,,,,,,,3,1115,114,126,60,none,-0.09519987438021837,2016-08-24,2017-06-23,2017-09-20,f1,,degenerate label distribution; most metrics undefined,insufficient data; used fixed threshold,stress_q10_40d__graph__logistic_elasticnet
63,10,0.15873015873015872,0.5,0.7754716981132076,0.49647581149057174,3.127797612390602,0.22686366688153742,-0.6989092336845701,0.6569325356843109,0.7113207547169811,0.6507936507936508,0.31081147595432457,0.2857142857142857,0.8,0.42105263157894735,33.0,20.0,2.0,8.0,0.6226415094339622,0.37735849056603776,0.2,0.8,0.2857142857142857,80.0,112.0,4,1241,126,126,60,none,-0.0922300101778092,2017-02-27,2017-12-19,2018-03-27,f1,,,insufficient data; used fixed threshold,stress_q10_40d__graph__logistic_elasticnet
63,10,0.15873015873015872,0.317321178120618,0.6056603773584905,0.2411111111111111,1.5190000000000001,0.143114464305395,-0.07173831854360913,1.6230339229484219,0.5,0.8412698412698413,0.0,0.0,0.0,0.0,53.0,0.0,10.0,0.0,1.0,0.0,1.0,0.0,,0.0,0.0,5,1367,139,126,60,isotonic,-0.08841917260696935,2017-08-25,2018-06-28,2018-09-25,f1,0.6037735849056604,,,stress_q10_40d__graph__logistic_elasticnet
63,0,0.0,0.3491379310344842,,,,,,,,,,,,,,,,,,,,,,,,6,1493,152,126,60,isotonic,-0.08743871471267566,2018-03-02,2018-12-24,2019-03-29,f1,0.672,degenerate label distribution; most metrics undefined,,stress_q10_40d__graph__logistic_elasticnet
63,0,0.0,0.32348166000896145,,,,,,,,,,,,,,,,,,,,,,,,7,1619,164,126,60,none,-0.09679371574654895,2018-08-30,2019-07-03,2019-09-30,f1,0.043478260869565216,degenerate label distribution; most metrics undefined,,stress_q10_40d__graph__logistic_elasticnet
63,49,0.7777777777777778,0.5,0.47667638483965014,0.794241453761382,1.0211675834074911,0.28498093622765963,-0.6488182738886021,0.97038902368517,0.5255102040816326,0.6190476190476191,0.045567663536030575,0.7906976744186046,0.6938775510204082,0.7391304347826086,5.0,9.0,15.0,34.0,0.35714285714285715,0.6428571428571429,0.30612244897959184,0.6938775510204082,0.7906976744186046,36.0,172.0,8,1745,177,126,60,none,-0.0978804848876821,2019-03-06,2019-12-27,2020-04-01,f1,,,insufficient data; used fixed threshold,stress_q10_40d__graph__logistic_elasticnet
63,5,0.07936507936507936,0.5230769230769231,0.29310344827586204,0.07015873015873016,0.884,0.16689267783377515,-1.2841277183525985,1.203259347483909,0.3620689655172414,0.6666666666666666,-0.171309744653808,0.0,0.0,0.0,42.0,16.0,5.0,0.0,0.7241379310344828,0.27586206896551724,1.0,0.0,0.0,64.0,64.0,9,1871,189,126,60,isotonic,-0.09530652262149947,2019-09-05,2020-07-03,2020-09-30,f1,0.7313432835820896,,,stress_q10_40d__graph__logistic_elasticnet
63,11,0.1746031746031746,0.1428564476405542,0.8986013986013985,0.7315337440337442,4.189693261284171,0.13399038802093854,0.0702659964071588,0.40597789433145764,0.8225524475524475,0.8253968253968254,0.5421080324816437,0.5,0.8181818181818182,0.6206896551724138,43.0,9.0,2.0,9.0,0.8269230769230769,0.17307692307692307,0.18181818181818182,0.8181818181818182,0.5,36.0,72.0,10,1997,202,126,60,sigmoid,-0.10588711010301116,2020-03-09,2020-12-29,2021-04-02,f1,0.3404255319148936,,,stress_q10_40d__graph__logistic_elasticnet
63,1,0.015873015873015872,0.1682819465836693,0.5483870967741935,0.034482758620689655,2.1724137931034484,0.0809695208636253,-4.183355295285948,0.26294741402741717,0.33064516129032256,0.6507936507936508,-0.08980265101338744,0.0,0.0,0.0,41.0,21.0,1.0,0.0,0.6612903225806451,0.3387096774193548,1.0,0.0,0.0,84.0,84.0,11,2123,215,126,60,sigmoid,-0.10665322348477255,2020-09-07,2021-07-06,2021-10-04,f1,0.6153846153846154,,,stress_q10_40d__graph__logistic_elasticnet
63,21,0.3333333333333333,0.04367618167593818,0.26077097505668934,0.23923146391961134,0.7176943917588341,0.3225482659086745,-0.45146719658903534,1.4061364194059767,0.4642857142857143,0.6190476190476191,-0.15811388300841897,0.0,0.0,0.0,39.0,3.0,21.0,0.0,0.9285714285714286,0.07142857142857142,1.0,0.0,0.0,12.0,12.0,12,2249,227,126,60,sigmoid,-0.1064228702476001,2021-03-10,2021-12-31,2022-04-06,f1,0.13333333333333333,,,stress_q10_40d__graph__logistic_elasticnet
63,44,0.6984126984126984,0.2501638269986894,0.5,0.6984126984126984,1.0,0.32665066138679477,-0.5508091806748665,0.8513776912983136,0.5,0.6984126984126984,0.0,0.6984126984126984,1.0,0.822429906542056,0.0,19.0,0.0,44.0,0.0,1.0,0.0,1.0,0.6984126984126984,76.0,252.0,13,2375,240,126,60,isotonic,-0.1026929455209826,2021-09-09,2022-07-08,2022-10-06,f1,0.5165562913907285,,,stress_q10_40d__graph__logistic_elasticnet
63,1,0.015873015873015872,0.59,0.27419354838709675,0.015873015873015872,1.0,0.15407933673785132,-8.863562701815031,0.5817747680139063,0.33064516129032256,0.6507936507936508,-0.08980265101338744,0.0,0.0,0.0,41.0,21.0,1.0,0.0,0.6612903225806451,0.3387096774193548,1.0,0.0,0.0,84.0,84.0,14,2501,252,126,60,isotonic,-0.10131055156165944,2022-03-14,2023-01-05,2023-04-10,f1,0.7375,,,stress_q10_40d__graph__logistic_elasticnet
63,17,0.2698412698412698,0.5,0.0166240409207161,0.15853137551998686,0.5874986269270102,0.281606508533848,-0.4292790695279318,1.6564097068716153,0.5,0.7301587301587301,0.0,0.0,0.0,0.0,46.0,0.0,17.0,0.0,1.0,0.0,1.0,0.0,,0.0,0.0,15,2627,265,126,60,none,-0.11300651880562279,2022-09-13,2023-07-12,2023-10-10,f1,,,insufficient data; used fixed threshold,stress_q10_40d__graph__logistic_elasticnet
63,0,0.0,0.13426827507475733,,,,,,,,,,,,,,,,,,,,,,,,16,2753,278,126,60,sigmoid,-0.11717695789006531,2023-03-16,2024-01-09,2024-04-11,f1,0.4050632911392405,degenerate label distribution; most metrics undefined,,stress_q10_40d__graph__logistic_elasticnet
63,0,0.0,0.5,,,,,,,,,,,,,,,,,,,,,,,,17,2879,290,126,60,none,-0.11698651285167787,2023-09-15,2024-07-16,2024-10-14,f1,,degenerate label distribution; most metrics undefined,insufficient data; used fixed threshold,stress_q10_40d__graph__logistic_elasticnet
63,37,0.5873015873015873,0.5,0.8492723492723493,0.8920924737932032,1.518968266188427,0.15489482813767244,0.36093807393095434,0.4774021067038839,0.8248440748440748,0.8412698412698413,0.6709485405561167,0.8292682926829268,0.918918918918919,0.8717948717948718,19.0,7.0,3.0,34.0,0.7307692307692307,0.2692307692307692,0.08108108108108109,0.918918918918919,0.8292682926829268,28.0,164.0,18,3005,303,126,60,none,-0.11568726379945414,2024-03-19,2025-01-13,2025-04-17,f1,,,insufficient data; used fixed threshold,stress_q10_40d__graph__logistic_elasticnet
63,0,0.0,1.0000000025837846e-06,,,,,,,,,,,,,,,,,,,,,,,,19,3131,315,126,60,isotonic,-0.11246714518753848,2024-09-19,2025-07-21,2025-10-17,f1,0.7254901960784313,degenerate label distribution; most metrics undefined,,stress_q10_40d__graph__logistic_elasticnet
63,22,0.3492063492063492,0.5,0.15853658536585366,0.22738934665411276,0.651160401782232,0.4051818972039588,-0.7828901884728521,1.5421174332874992,0.35365853658536583,0.4603174603174603,-0.3553243310003705,0.0,0.0,0.0,29.0,12.0,22.0,0.0,0.7073170731707317,0.2926829268292683,1.0,0.0,0.0,48.0,48.0,20,3257,328,126,60,none,-0.11660239443997072,2025-03-24,2026-01-19,2026-04-22,f1,,,insufficient data; used fixed threshold,stress_q10_40d__graph__logistic_elasticnet
63,2,0.031746031746031744,0.30147058823529416,0.48360655737704916,0.031746031746031744,1.0,0.033408603776344296,-0.08687498678943051,0.44683584969577184,0.5,0.9682539682539683,0.0,0.0,0.0,0.0,61.0,0.0,2.0,0.0,1.0,0.0,1.0,0.0,,0.0,0.0,0,737,76,126,60,isotonic,-0.09378297351683601,2015-02-13,2015-12-16,2016-03-21,f1,0.6304347826086957,,,stress_q10_40d__graph__logistic_l2
63,0,0.0,4.01656076117076e-05,,,,,,,,,,,,,,,,,,,,,,,,1,863,89,126,60,none,-0.1068906319769873,2015-08-24,2016-06-22,2016-09-19,f1,0.3076923076923077,degenerate label distribution; most metrics undefined,,stress_q10_40d__graph__logistic_l2
63,0,0.0,0.5,,,,,,,,,,,,,,,,,,,,,,,,2,989,101,126,60,none,-0.09978172651836652,2016-02-25,2016-12-16,2017-03-22,f1,,degenerate label distribution; most metrics undefined,insufficient data; used fixed threshold,stress_q10_40d__graph__logistic_l2
63,0,0.0,0.5,,,,,,,,,,,,,,,,,,,,,,,,3,1115,114,126,60,none,-0.09519987438021837,2016-08-24,2017-06-23,2017-09-20,f1,,degenerate label distribution; most metrics undefined,insufficient data; used fixed threshold,stress_q10_40d__graph__logistic_l2
63,10,0.15873015873015872,0.5,0.7018867924528303,0.30628427128427127,1.9295909090909091,0.2856000251730844,-1.1387669809659853,0.9455208924017071,0.5613207547169812,0.6031746031746031,0.0916038272770162,0.2,0.5,0.2857142857142857,33.0,20.0,5.0,5.0,0.6226415094339622,0.37735849056603776,0.5,0.5,0.2,80.0,100.0,4,1241,126,126,60,none,-0.0922300101778092,2017-02-27,2017-12-19,2018-03-27,f1,,,insufficient data; used fixed threshold,stress_q10_40d__graph__logistic_l2
63,10,0.15873015873015872,0.12500050000000001,0.5,0.15873015873015872,1.0,0.15872984127084125,-0.188676867932017,2.1929390250741148,0.5,0.8412698412698413,0.0,0.0,0.0,0.0,53.0,0.0,10.0,0.0,1.0,0.0,1.0,0.0,,0.0,0.0,5,1367,139,126,60,isotonic,-0.08841917260696935,2017-08-25,2018-06-28,2018-09-25,f1,0.4968152866242038,,,stress_q10_40d__graph__logistic_l2
63,0,0.0,0.30492424242424243,,,,,,,,,,,,,,,,,,,,,,,,6,1493,152,126,60,isotonic,-0.08743871471267566,2018-03-02,2018-12-24,2019-03-29,f1,0.6623376623376623,degenerate label distribution; most metrics undefined,,stress_q10_40d__graph__logistic_l2
63,0,0.0,0.0067594356532080105,,,,,,,,,,,,,,,,,,,,,,,,7,1619,164,126,60,none,-0.09679371574654895,2018-08-30,2019-07-03,2019-09-30,f1,0.037037037037037035,degenerate label distribution; most metrics undefined,,stress_q10_40d__graph__logistic_l2
63,49,0.7777777777777778,0.5,0.48396501457725943,0.7957881288124041,1.0231561656159482,0.20344470320806926,-0.17707292570382926,1.226195987275976,0.5867346938775511,0.7142857142857143,0.17346938775510204,0.8163265306122449,0.8163265306122449,0.8163265306122449,5.0,9.0,9.0,40.0,0.35714285714285715,0.6428571428571429,0.1836734693877551,0.8163265306122449,0.8163265306122449,36.0,196.0,8,1745,177,126,60,none,-0.0978804848876821,2019-03-06,2019-12-27,2020-04-01,f1,,,insufficient data; used fixed threshold,stress_q10_40d__graph__logistic_l2
63,5,0.07936507936507936,0.4075500770416044,0.3448275862068966,0.07936507936507936,1.0,0.12954222352113187,-0.77294167294956,1.2451904803644993,0.4224137931034483,0.7777777777777778,-0.11986582537134605,0.0,0.0,0.0,49.0,9.0,5.0,0.0,0.8448275862068966,0.15517241379310345,1.0,0.0,0.0,36.0,36.0,9,1871,189,126,60,isotonic,-0.09530652262149947,2019-09-05,2020-07-03,2020-09-30,f1,0.7540983606557377,,,stress_q10_40d__graph__logistic_l2
63,11,0.1746031746031746,0.1379748965695336,0.8741258741258742,0.6735300053481872,3.857490030630527,0.14107356761188447,0.02111715060914421,0.548624637430875,0.6171328671328671,0.8412698412698413,0.32900900517813303,0.6,0.2727272727272727,0.375,50.0,2.0,8.0,3.0,0.9615384615384616,0.038461538461538464,0.7272727272727273,0.2727272727272727,0.6,8.0,20.0,10,1997,202,126,60,sigmoid,-0.10588711010301116,2020-03-09,2020-12-29,2021-04-02,f1,0.32432432432432434,,,stress_q10_40d__graph__logistic_l2
63,1,0.015873015873015872,0.23217390506834634,0.5967741935483871,0.038461538461538464,2.4230769230769234,0.0808108055878619,-4.173194957713288,0.2654677451624464,0.33064516129032256,0.6507936507936508,-0.08980265101338744,0.0,0.0,0.0,41.0,21.0,1.0,0.0,0.6612903225806451,0.3387096774193548,1.0,0.0,0.0,84.0,84.0,11,2123,215,126,60,sigmoid,-0.10665322348477255,2020-09-07,2021-07-06,2021-10-04,f1,0.6153846153846154,,,stress_q10_40d__graph__logistic_l2
63,21,0.3333333333333333,0.07867800927899742,0.13832199546485263,0.21494696706325878,0.6448409011897763,0.3316715764155085,-0.49252209386978807,1.9056531509751107,0.5,0.6666666666666666,0.0,0.0,0.0,0.0,42.0,0.0,21.0,0.0,1.0,0.0,1.0,0.0,,0.0,0.0,12,2249,227,126,60,sigmoid,-0.1064228702476001,2021-03-10,2021-12-31,2022-04-06,f1,0.17142857142857143,,,stress_q10_40d__graph__logistic_l2
63,44,0.6984126984126984,0.35454545454545455,0.0,0.6984126984126984,1.0,0.3392207792207792,-0.610487168334058,0.878255722487551,0.5,0.6984126984126984,0.0,0.6984126984126984,1.0,0.822429906542056,0.0,19.0,0.0,44.0,0.0,1.0,0.0,1.0,0.6984126984126984,76.0,252.0,13,2375,240,126,60,isotonic,-0.1026929455209826,2021-09-09,2022-07-08,2022-10-06,f1,0.5222929936305732,,,stress_q10_40d__graph__logistic_l2
63,1,0.015873015873015872,0.5940594059405919,0.20161290322580644,0.015873015873015872,1.0,0.2123491466088146,-12.59377036919976,0.7230778305580668,0.21774193548387097,0.42857142857142855,-0.1419904585617662,0.0,0.0,0.0,27.0,35.0,1.0,0.0,0.43548387096774194,0.5645161290322581,1.0,0.0,0.0,140.0,140.0,14,2501,252,126,60,isotonic,-0.10131055156165944,2022-03-14,2023-01-05,2023-04-10,f1,0.7453416149068323,,,stress_q10_40d__graph__logistic_l2
63,17,0.2698412698412698,0.5,0.06777493606138106,0.16154106372006596,0.5986521773155387,0.26991325941340744,-0.36993059669029926,2.5013553725086064,0.5,0.7301587301587301,0.0,0.0,0.0,0.0,46.0,0.0,17.0,0.0,1.0,0.0,1.0,0.0,,0.0,0.0,15,2627,265,126,60,none,-0.11300651880562279,2022-09-13,2023-07-12,2023-10-10,f1,,,insufficient data; used fixed threshold,stress_q10_40d__graph__logistic_l2
63,0,0.0,0.1040293285948704,,,,,,,,,,,,,,,,,,,,,,,,16,2753,278,126,60,sigmoid,-0.11717695789006531,2023-03-16,2024-01-09,2024-04-11,f1,0.3106796116504854,degenerate label distribution; most metrics undefined,,stress_q10_40d__graph__logistic_l2
63,0,0.0,0.5,,,,,,,,,,,,,,,,,,,,,,,,17,2879,290,126,60,none,-0.11698651285167787,2023-09-15,2024-07-16,2024-10-14,f1,,degenerate label distribution; most metrics undefined,insufficient data; used fixed threshold,stress_q10_40d__graph__logistic_l2
63,37,0.5873015873015873,0.5,0.8243243243243243,0.8007842956006155,1.363497584401048,0.166510338949216,0.3130150360816649,0.5559796969229139,0.7671517671517671,0.7936507936507936,0.5731554736092551,0.7727272727272727,0.918918918918919,0.8395061728395061,16.0,10.0,3.0,34.0,0.6153846153846154,0.38461538461538464,0.08108108108108109,0.918918918918919,0.7727272727272727,40.0,176.0,18,3005,303,126,60,none,-0.11568726379945414,2024-03-19,2025-01-13,2025-04-17,f1,,,insufficient data; used fixed threshold,stress_q10_40d__graph__logistic_l2
63,0,0.0,0.43548412096774197,,,,,,,,,,,,,,,,,,,,,,,,19,3131,315,126,60,isotonic,-0.11246714518753848,2024-09-19,2025-07-21,2025-10-17,f1,0.7872340425531915,degenerate label distribution; most metrics undefined,,stress_q10_40d__graph__logistic_l2
63,22,0.3492063492063492,0.5,0.11197339246119735,0.21929329614215137,0.6279762571343426,0.4618665431157037,-1.0323151991421597,2.5888976673976813,0.35365853658536583,0.4603174603174603,-0.3553243310003705,0.0,0.0,0.0,29.0,12.0,22.0,0.0,0.7073170731707317,0.2926829268292683,1.0,0.0,0.0,48.0,48.0,20,3257,328,126,60,none,-0.11660239443997072,2025-03-24,2026-01-19,2026-04-22,f1,,,insufficient data; used fixed threshold,stress_q10_40d__graph__logistic_l2
63,2,0.031746031746031744,0.22435922435897435,0.5737704918032787,0.037037037037037035,1.1666666666666667,0.08945660227725799,-1.9102725773642377,0.33170324600576717,0.5737704918032787,0.1746031746031746,0.07392212709545729,0.037037037037037035,1.0,0.07142857142857142,9.0,52.0,0.0,2.0,0.14754098360655737,0.8524590163934426,0.0,1.0,0.037037037037037035,208.0,216.0,0,737,76,126,60,isotonic,-0.09378297351683601,2015-02-13,2015-12-16,2016-03-21,f1,0.4605263157894737,,,stress_q10_40d__graph__random_forest
63,0,0.0,0.14832030632267973,,,,,,,,,,,,,,,,,,,,,,,,1,863,89,126,60,none,-0.1068906319769873,2015-08-24,2016-06-22,2016-09-19,f1,0.2857142857142857,degenerate label distribution; most metrics undefined,,stress_q10_40d__graph__random_forest
63,0,0.0,0.5,,,,,,,,,,,,,,,,,,,,,,,,2,989,101,126,60,none,-0.09978172651836652,2016-02-25,2016-12-16,2017-03-22,f1,,degenerate label distribution; most metrics undefined,insufficient data; used fixed threshold,stress_q10_40d__graph__random_forest
63,0,0.0,0.5,,,,,,,,,,,,,,,,,,,,,,,,3,1115,114,126,60,none,-0.09519987438021837,2016-08-24,2017-06-23,2017-09-20,f1,,degenerate label distribution; most metrics undefined,insufficient data; used fixed threshold,stress_q10_40d__graph__random_forest
63,10,0.15873015873015872,0.5,0.8679245283018868,0.7603785103785103,4.790384615384616,0.14997543497053115,-0.12311792716610981,0.4797908025958205,0.8245283018867925,0.8412698412698413,0.5448934500789859,0.5,0.8,0.6153846153846154,45.0,8.0,2.0,8.0,0.8490566037735849,0.1509433962264151,0.2,0.8,0.5,32.0,64.0,4,1241,126,126,60,none,-0.0922300101778092,2017-02-27,2017-12-19,2018-03-27,f1,,,insufficient data; used fixed threshold,stress_q10_40d__graph__random_forest
63,10,0.15873015873015872,0.3472222222222222,0.6415094339622642,0.23809523809523808,1.5,0.20327952220988102,-0.5222951389641848,0.75060772603004,0.6226415094339622,0.36507936507936506,0.2214872542011953,0.2,1.0,0.3333333333333333,13.0,40.0,0.0,10.0,0.24528301886792453,0.7547169811320755,0.0,1.0,0.2,160.0,200.0,5,1367,139,126,60,isotonic,-0.08841917260696935,2017-08-25,2018-06-28,2018-09-25,f1,0.7628865979381443,,,stress_q10_40d__graph__random_forest
63,0,0.0,0.2939191689189189,,,,,,,,,,,,,,,,,,,,,,,,6,1493,152,126,60,isotonic,-0.08743871471267566,2018-03-02,2018-12-24,2019-03-29,f1,0.6153846153846154,degenerate label distribution; most metrics undefined,,stress_q10_40d__graph__random_forest
63,0,0.0,0.3219114006982732,,,,,,,,,,,,,,,,,,,,,,,,7,1619,164,126,60,none,-0.09679371574654895,2018-08-30,2019-07-03,2019-09-30,f1,0.06451612903225806,degenerate label distribution; most metrics undefined,,stress_q10_40d__graph__random_forest
63,49,0.7777777777777778,0.5,0.45991253644314867,0.7725493034021963,0.9932776758028238,0.5288884459816381,-2.059997437465192,1.4732881448659783,0.5,0.2222222222222222,0.0,0.0,0.0,0.0,14.0,0.0,49.0,0.0,1.0,0.0,1.0,0.0,,0.0,0.0,8,1745,177,126,60,none,-0.0978804848876821,2019-03-06,2019-12-27,2020-04-01,f1,,,insufficient data; used fixed threshold,stress_q10_40d__graph__random_forest
63,5,0.07936507936507936,0.3652173913043478,0.5,0.07936507936507936,1.0,0.15477780778347885,-1.1183211003194056,0.4983448953787497,0.5,0.07936507936507936,0.0,0.07936507936507936,1.0,0.14705882352941177,0.0,58.0,0.0,5.0,0.0,1.0,0.0,1.0,0.07936507936507936,232.0,252.0,9,1871,189,126,60,isotonic,-0.09530652262149947,2019-09-05,2020-07-03,2020-09-30,f1,0.56,,,stress_q10_40d__graph__random_forest
63,11,0.1746031746031746,0.07888278730094557,0.9353146853146853,0.7596886446886447,4.350944055944057,0.14754927568170578,-0.02381656500120677,0.4746972888519332,0.8968531468531469,0.8888888888888888,0.6922276111332427,0.625,0.9090909090909091,0.7407407407407407,46.0,6.0,1.0,10.0,0.8846153846153846,0.11538461538461539,0.09090909090909091,0.9090909090909091,0.625,24.0,64.0,10,1997,202,126,60,sigmoid,-0.10588711010301116,2020-03-09,2020-12-29,2021-04-02,f1,0.21621621621621623,,,stress_q10_40d__graph__random_forest
63,1,0.015873015873015872,0.5805494650478574,0.41935483870967744,0.015873015873015872,1.0,0.09338458313743933,-4.978119523749947,0.47086851165636284,0.4596774193548387,0.9047619047619048,-0.03728852122772354,0.0,0.0,0.0,57.0,5.0,1.0,0.0,0.9193548387096774,0.08064516129032258,1.0,0.0,0.0,20.0,20.0,11,2123,215,126,60,sigmoid,-0.10665322348477255,2020-09-07,2021-07-06,2021-10-04,f1,0.9090909090909091,,,stress_q10_40d__graph__random_forest
63,21,0.3333333333333333,0.03556948399629714,0.5782312925170068,0.37263509809996415,1.1179052942998926,0.31012574810369814,-0.3955658664666415,1.1879755866845811,0.6428571428571428,0.6507936507936508,0.2721655269759087,0.48148148148148145,0.6190476190476191,0.5416666666666666,28.0,14.0,8.0,13.0,0.6666666666666666,0.3333333333333333,0.38095238095238093,0.6190476190476191,0.48148148148148145,56.0,108.0,12,2249,227,126,60,sigmoid,-0.1064228702476001,2021-03-10,2021-12-31,2022-04-06,f1,0.125,,,stress_q10_40d__graph__random_forest
63,44,0.6984126984126984,0.25000025,0.4431818181818182,0.6753682141613176,0.9670044884582504,0.3366766928779094,-0.5984088445363904,0.8734192691860456,0.5,0.6984126984126984,0.0,0.6984126984126984,1.0,0.822429906542056,0.0,19.0,0.0,44.0,0.0,1.0,0.0,1.0,0.6984126984126984,76.0,252.0,13,2375,240,126,60,isotonic,-0.1026929455209826,2021-09-09,2022-07-08,2022-10-06,f1,0.5121951219512195,,,stress_q10_40d__graph__random_forest
63,1,0.015873015873015872,0.46730462519936206,0.33870967741935487,0.02,1.26,0.1631395939464884,-9.443565296348588,0.4837672386572795,0.27419354838709675,0.5396825396825397,-0.11359236684941297,0.0,0.0,0.0,34.0,28.0,1.0,0.0,0.5483870967741935,0.45161290322580644,1.0,0.0,0.0,112.0,112.0,14,2501,252,126,60,isotonic,-0.10131055156165944,2022-03-14,2023-01-05,2023-04-10,f1,0.6790123456790124,,,stress_q10_40d__graph__random_forest
63,17,0.2698412698412698,0.5,0.6368286445012789,0.3216774968540308,1.1920989589296436,0.2146340639628052,-0.08936393845060597,0.6197531735239709,0.8043478260869565,0.7142857142857143,0.5437390678561211,0.4857142857142857,1.0,0.6538461538461539,28.0,18.0,0.0,17.0,0.6086956521739131,0.391304347826087,0.0,1.0,0.4857142857142857,72.0,140.0,15,2627,265,126,60,none,-0.11300651880562279,2022-09-13,2023-07-12,2023-10-10,f1,,,insufficient data; used fixed threshold,stress_q10_40d__graph__random_forest
63,0,0.0,0.1484074848198379,,,,,,,,,,,,,,,,,,,,,,,,16,2753,278,126,60,sigmoid,-0.11717695789006531,2023-03-16,2024-01-09,2024-04-11,f1,0.4533333333333333,degenerate label distribution; most metrics undefined,,stress_q10_40d__graph__random_forest
63,0,0.0,0.5,,,,,,,,,,,,,,,,,,,,,,,,17,2879,290,126,60,none,-0.11698651285167787,2023-09-15,2024-07-16,2024-10-14,f1,,degenerate label distribution; most metrics undefined,insufficient data; used fixed threshold,stress_q10_40d__graph__random_forest
63,37,0.5873015873015873,0.5,0.3861746361746361,0.5494406170184545,0.935534023571963,0.344955374532964,-0.4232098560512829,0.922437640754417,0.46049896049896055,0.4603174603174603,-0.07779832024680092,0.5483870967741935,0.4594594594594595,0.5,12.0,14.0,20.0,17.0,0.46153846153846156,0.5384615384615384,0.5405405405405406,0.4594594594594595,0.5483870967741935,56.0,124.0,18,3005,303,126,60,none,-0.11568726379945414,2024-03-19,2025-01-13,2025-04-17,f1,,,insufficient data; used fixed threshold,stress_q10_40d__graph__random_forest
63,0,0.0,0.25,,,,,,,,,,,,,,,,,,,,,,,,19,3131,315,126,60,isotonic,-0.11246714518753848,2024-09-19,2025-07-21,2025-10-17,f1,0.4567901234567901,degenerate label distribution; most metrics undefined,,stress_q10_40d__graph__random_forest
63,22,0.3492063492063492,0.5,0.11751662971175167,0.22577439048800685,0.6465357545792924,0.2708837377867596,-0.19194850917477702,0.7399956893173467,0.5,0.6507936507936508,0.0,0.0,0.0,0.0,41.0,0.0,22.0,0.0,1.0,0.0,1.0,0.0,,0.0,0.0,20,3257,328,126,60,none,-0.11660239443997072,2025-03-24,2026-01-19,2026-04-22,f1,,,insufficient data; used fixed threshold,stress_q10_40d__graph__random_forest
63,2,0.031746031746031744,0.4362745098039216,0.9672131147540983,0.41666666666666663,13.125,0.08453145004960251,-1.7500436495645277,0.6086171196940512,0.8934426229508197,0.7936507936507936,0.3239105320715664,0.13333333333333333,1.0,0.23529411764705882,48.0,13.0,0.0,2.0,0.7868852459016393,0.21311475409836064,0.0,1.0,0.13333333333333333,52.0,60.0,0,737,76,126,60,isotonic,-0.09378297351683601,2015-02-13,2015-12-16,2016-03-21,f1,0.7073170731707317,,,stress_q10_40d__graph__hist_gradient_boosting
63,0,0.0,0.015204681803225529,,,,,,,,,,,,,,,,,,,,,,,,1,863,89,126,60,none,-0.1068906319769873,2015-08-24,2016-06-22,2016-09-19,f1,0.8,degenerate label distribution; most metrics undefined,,stress_q10_40d__graph__hist_gradient_boosting
63,0,0.0,0.5,,,,,,,,,,,,,,,,,,,,,,,,2,989,101,126,60,none,-0.09978172651836652,2016-02-25,2016-12-16,2017-03-22,f1,,degenerate label distribution; most metrics undefined,insufficient data; used fixed threshold,stress_q10_40d__graph__hist_gradient_boosting
63,0,0.0,0.5,,,,,,,,,,,,,,,,,,,,,,,,3,1115,114,126,60,none,-0.09519987438021837,2016-08-24,2017-06-23,2017-09-20,f1,,degenerate label distribution; most metrics undefined,insufficient data; used fixed threshold,stress_q10_40d__graph__hist_gradient_boosting
63,10,0.15873015873015872,0.5,0.6433962264150943,0.41741111477737447,2.629690023097459,0.2173773437410381,-0.6278692024682648,0.6610231211143069,0.5990566037735849,0.6666666666666666,0.1535737792084878,0.23809523809523808,0.5,0.3225806451612903,37.0,16.0,5.0,5.0,0.6981132075471698,0.3018867924528302,0.5,0.5,0.23809523809523808,64.0,84.0,4,1241,126,126,60,none,-0.0922300101778092,2017-02-27,2017-12-19,2018-03-27,f1,,,insufficient data; used fixed threshold,stress_q10_40d__graph__hist_gradient_boosting
63,10,0.15873015873015872,0.35294117647058826,0.819811320754717,0.3533033033033033,2.225810810810811,0.12045609407931945,0.09794294830034156,0.35483726773838153,0.7452830188679245,0.5714285714285714,0.3641228029172075,0.2702702702702703,1.0,0.425531914893617,26.0,27.0,0.0,10.0,0.49056603773584906,0.5094339622641509,0.0,1.0,0.2702702702702703,108.0,148.0,5,1367,139,126,60,isotonic,-0.08841917260696935,2017-08-25,2018-06-28,2018-09-25,f1,0.624,,,stress_q10_40d__graph__hist_gradient_boosting
63,0,0.0,0.3,,,,,,,,,,,,,,,,,,,,,,,,6,1493,152,126,60,isotonic,-0.08743871471267566,2018-03-02,2018-12-24,2019-03-29,f1,0.5875706214689266,degenerate label distribution; most metrics undefined,,stress_q10_40d__graph__hist_gradient_boosting
63,0,0.0,0.0007307859167248407,,,,,,,,,,,,,,,,,,,,,,,,7,1619,164,126,60,none,-0.09679371574654895,2018-08-30,2019-07-03,2019-09-30,f1,0.045454545454545456,degenerate label distribution; most metrics undefined,,stress_q10_40d__graph__hist_gradient_boosting
63,49,0.7777777777777778,0.5,0.4416909620991253,0.7617417877693708,0.9793822985606196,0.6313046397228438,-2.652548272682168,2.715958601852194,0.5153061224489797,0.2857142857142857,0.043355498476206,0.8333333333333334,0.10204081632653061,0.18181818181818182,13.0,1.0,44.0,5.0,0.9285714285714286,0.07142857142857142,0.8979591836734694,0.10204081632653061,0.8333333333333334,4.0,24.0,8,1745,177,126,60,none,-0.0978804848876821,2019-03-06,2019-12-27,2020-04-01,f1,,,insufficient data; used fixed threshold,stress_q10_40d__graph__hist_gradient_boosting
63,5,0.07936507936507936,0.24193573387096773,0.16551724137931034,0.06793650793650793,0.856,0.18782295769527585,-1.5705838589398269,1.2611761869538556,0.2206896551724138,0.23809523809523808,-0.33425160871869336,0.022222222222222223,0.2,0.04,14.0,44.0,4.0,1.0,0.2413793103448276,0.7586206896551724,0.8,0.2,0.022222222222222223,176.0,180.0,9,1871,189,126,60,isotonic,-0.09530652262149947,2019-09-05,2020-07-03,2020-09-30,f1,0.6086956521739131,,,stress_q10_40d__graph__hist_gradient_boosting
63,11,0.1746031746031746,0.1667729473662771,0.9300699300699301,0.6986946134673409,4.001614604403861,0.09842970054072338,0.3170148925766938,0.28946004693606947,0.861013986013986,0.8888888888888888,0.6593104804948194,0.6428571428571429,0.8181818181818182,0.72,47.0,5.0,2.0,9.0,0.9038461538461539,0.09615384615384616,0.18181818181818182,0.8181818181818182,0.6428571428571429,20.0,56.0,10,1997,202,126,60,sigmoid,-0.10588711010301116,2020-03-09,2020-12-29,2021-04-02,f1,0.37037037037037035,,,stress_q10_40d__graph__hist_gradient_boosting
63,1,0.015873015873015872,0.4137615855266155,0.31451612903225806,0.022727272727272728,1.4318181818181819,0.016361678740395746,-0.047411337429527745,0.10792717217545612,0.5,0.9841269841269841,0.0,0.0,0.0,0.0,62.0,0.0,1.0,0.0,1.0,0.0,1.0,0.0,,0.0,0.0,11,2123,215,126,60,sigmoid,-0.10665322348477255,2020-09-07,2021-07-06,2021-10-04,f1,0.9090909090909091,,,stress_q10_40d__graph__hist_gradient_boosting
63,21,0.3333333333333333,0.03329439652221362,0.3469387755102041,0.2628142609060453,0.788442782718136,0.3134642104237431,-0.410588946906844,1.1776310224165152,0.36904761904761907,0.38095238095238093,-0.24695729028681548,0.21875,0.3333333333333333,0.2641509433962264,17.0,25.0,14.0,7.0,0.40476190476190477,0.5952380952380952,0.6666666666666666,0.3333333333333333,0.21875,100.0,128.0,12,2249,227,126,60,sigmoid,-0.1064228702476001,2021-03-10,2021-12-31,2022-04-06,f1,0.16216216216216217,,,stress_q10_40d__graph__hist_gradient_boosting
63,44,0.6984126984126984,0.3783783783783783,0.32954545454545453,0.6362959956709956,0.9110601756198347,0.4591459289021131,-1.1798447270484291,3.880153420871278,0.32954545454545453,0.4603174603174603,-0.36734613352828666,0.6041666666666666,0.6590909090909091,0.6304347826086957,0.0,19.0,15.0,29.0,0.0,1.0,0.3409090909090909,0.6590909090909091,0.6041666666666666,76.0,192.0,13,2375,240,126,60,isotonic,-0.1026929455209826,2021-09-09,2022-07-08,2022-10-06,f1,0.5490196078431373,,,stress_q10_40d__graph__hist_gradient_boosting
63,1,0.015873015873015872,0.19047619047619047,0.1774193548387097,0.015873015873015872,1.0,0.1709284751159407,-9.942179318309172,0.5109401658938633,0.1774193548387097,0.3492063492063492,-0.16748280772542135,0.0,0.0,0.0,22.0,40.0,1.0,0.0,0.3548387096774194,0.6451612903225806,1.0,0.0,0.0,160.0,160.0,14,2501,252,126,60,isotonic,-0.10131055156165944,2022-03-14,2023-01-05,2023-04-10,f1,0.659217877094972,,,stress_q10_40d__graph__hist_gradient_boosting
63,17,0.2698412698412698,0.5,0.16112531969309465,0.17964469530002602,0.6657421061118612,0.27172422466226664,-0.3791220558625783,1.6301692893497062,0.5,0.7301587301587301,0.0,0.0,0.0,0.0,46.0,0.0,17.0,0.0,1.0,0.0,1.0,0.0,,0.0,0.0,15,2627,265,126,60,none,-0.11300651880562279,2022-09-13,2023-07-12,2023-10-10,f1,,,insufficient data; used fixed threshold,stress_q10_40d__graph__hist_gradient_boosting
63,0,0.0,0.2937946175293868,,,,,,,,,,,,,,,,,,,,,,,,16,2753,278,126,60,sigmoid,-0.11717695789006531,2023-03-16,2024-01-09,2024-04-11,f1,0.5,degenerate label distribution; most metrics undefined,,stress_q10_40d__graph__hist_gradient_boosting
63,0,0.0,0.5,,,,,,,,,,,,,,,,,,,,,,,,17,2879,290,126,60,none,-0.11698651285167787,2023-09-15,2024-07-16,2024-10-14,f1,,degenerate label distribution; most metrics undefined,insufficient data; used fixed threshold,stress_q10_40d__graph__hist_gradient_boosting
63,37,0.5873015873015873,0.5,0.7858627858627859,0.7924818217567083,1.3493609397479087,0.2543272205034655,-0.04929806463436037,0.7184819950303492,0.6065488565488566,0.5714285714285714,0.22538089512993587,0.75,0.40540540540540543,0.5263157894736842,21.0,5.0,22.0,15.0,0.8076923076923077,0.19230769230769232,0.5945945945945946,0.40540540540540543,0.75,20.0,80.0,18,3005,303,126,60,none,-0.11568726379945414,2024-03-19,2025-01-13,2025-04-17,f1,,,insufficient data; used fixed threshold,stress_q10_40d__graph__hist_gradient_boosting
63,0,0.0,0.5,,,,,,,,,,,,,,,,,,,,,,,,19,3131,315,126,60,isotonic,-0.11246714518753848,2024-09-19,2025-07-21,2025-10-17,f1,0.6233766233766234,degenerate label distribution; most metrics undefined,,stress_q10_40d__graph__hist_gradient_boosting
63,22,0.3492063492063492,0.5,0.1790465631929046,0.23682780134857687,0.6781887038618338,0.47651109659336366,-1.0967544815732375,1.5706493670501689,0.2926829268292683,0.38095238095238093,-0.44531257267306057,0.0,0.0,0.0,24.0,17.0,22.0,0.0,0.5853658536585366,0.4146341463414634,1.0,0.0,0.0,68.0,68.0,20,3257,328,126,60,none,-0.11660239443997072,2025-03-24,2026-01-19,2026-04-22,f1,,,insufficient data; used fixed threshold,stress_q10_40d__graph__hist_gradient_boosting
63,2,0.031746031746031744,0.2777777777777778,0.5,0.031746031746031744,1.0,0.09126984126984128,-1.9692622950819678,0.35575609710216577,0.5,0.031746031746031744,0.0,0.031746031746031744,1.0,0.06153846153846154,0.0,61.0,0.0,2.0,0.0,1.0,0.0,1.0,0.031746031746031744,244.0,252.0,0,756,76,126,60,isotonic,-0.09378297351683601,2015-02-13,2015-12-16,2016-03-21,f1,0.43478260869565216,,,stress_q10_40d__combined__naive_frequency
63,0,0.0,0.10090702947845805,,,,,,,,,,,,,,,,,,,,,,,,1,882,89,126,60,none,-0.1068906319769873,2015-08-24,2016-06-22,2016-09-19,f1,0.03125,degenerate label distribution; most metrics undefined,,stress_q10_40d__combined__naive_frequency
63,0,0.0,0.5,,,,,,,,,,,,,,,,,,,,,,,,2,1008,101,126,60,none,-0.09978172651836652,2016-02-25,2016-12-16,2017-03-22,f1,,degenerate label distribution; most metrics undefined,insufficient data; used fixed threshold,stress_q10_40d__combined__naive_frequency
63,0,0.0,0.5,,,,,,,,,,,,,,,,,,,,,,,,3,1134,114,126,60,none,-0.09519987438021837,2016-08-24,2017-06-23,2017-09-20,f1,,degenerate label distribution; most metrics undefined,insufficient data; used fixed threshold,stress_q10_40d__combined__naive_frequency
63,10,0.15873015873015872,0.5,0.5,0.15873015873015872,1.0,0.136984126984127,-0.02583018867924558,0.45412632158421046,0.5,0.8412698412698413,0.0,0.0,0.0,0.0,53.0,0.0,10.0,0.0,1.0,0.0,1.0,0.0,,0.0,0.0,4,1260,126,126,60,none,-0.0922300101778092,2017-02-27,2017-12-19,2018-03-27,f1,,,insufficient data; used fixed threshold,stress_q10_40d__combined__naive_frequency
63,10,0.15873015873015872,0.30952380952380953,0.5,0.15873015873015872,1.0,0.15627362055933486,-0.17028301886792474,0.49773037123736036,0.5,0.15873015873015872,0.0,0.15873015873015872,1.0,0.273972602739726,0.0,53.0,0.0,10.0,0.0,1.0,0.0,1.0,0.15873015873015872,212.0,252.0,5,1386,139,126,60,isotonic,-0.08841917260696935,2017-08-25,2018-06-28,2018-09-25,f1,0.4727272727272727,,,stress_q10_40d__combined__naive_frequency
63,0,0.0,0.4126984126984127,,,,,,,,,,,,,,,,,,,,,,,,6,1512,152,126,60,isotonic,-0.08743871471267566,2018-03-02,2018-12-24,2019-03-29,f1,0.5842696629213483,degenerate label distribution; most metrics undefined,,stress_q10_40d__combined__naive_frequency
63,0,0.0,0.10012210012210013,,,,,,,,,,,,,,,,,,,,,,,,7,1638,164,126,60,none,-0.09679371574654895,2018-08-30,2019-07-03,2019-09-30,f1,0.03125,degenerate label distribution; most metrics undefined,,stress_q10_40d__combined__naive_frequency
63,49,0.7777777777777778,0.5,0.5,0.7777777777777778,1.0,0.6317612645965416,-2.6551901737371337,1.8117559511145573,0.5,0.2222222222222222,0.0,0.0,0.0,0.0,14.0,0.0,49.0,0.0,1.0,0.0,1.0,0.0,,0.0,0.0,8,1764,177,126,60,none,-0.0978804848876821,2019-03-06,2019-12-27,2020-04-01,f1,,,insufficient data; used fixed threshold,stress_q10_40d__combined__naive_frequency
63,5,0.07936507936507936,0.3888888888888889,0.5,0.07936507936507936,1.0,0.1688712522045855,-1.3112068965517234,0.5283483203154969,0.5,0.07936507936507936,0.0,0.07936507936507936,1.0,0.14705882352941177,0.0,58.0,0.0,5.0,0.0,1.0,0.0,1.0,0.07936507936507936,232.0,252.0,9,1890,189,126,60,isotonic,-0.09530652262149947,2019-09-05,2020-07-03,2020-09-30,f1,0.56,,,stress_q10_40d__combined__naive_frequency
63,11,0.1746031746031746,0.07937425668960983,0.5,0.1746031746031746,1.0,0.15318545282865637,-0.06292493405058952,0.5106330259845087,0.5,0.1746031746031746,0.0,0.1746031746031746,1.0,0.2972972972972973,0.0,52.0,0.0,11.0,0.0,1.0,0.0,1.0,0.1746031746031746,208.0,252.0,10,2016,202,126,60,sigmoid,-0.10588711010301116,2020-03-09,2020-12-29,2021-04-02,f1,0.14705882352941177,,,stress_q10_40d__combined__naive_frequency
63,1,0.015873015873015872,0.0793742561897613,0.5,0.015873015873015872,1.0,0.019653470761875905,-0.25813912022395913,0.12160453317149256,0.5,0.015873015873015872,0.0,0.015873015873015872,1.0,0.03125,0.0,62.0,0.0,1.0,0.0,1.0,0.0,1.0,0.015873015873015872,248.0,252.0,11,2142,215,126,60,sigmoid,-0.10665322348477255,2020-09-07,2021-07-06,2021-10-04,f1,0.14705882352941177,,,stress_q10_40d__combined__naive_frequency
63,21,0.3333333333333333,0.031774522552920195,0.5,0.3333333333333333,1.0,0.31315993858151925,-0.40921972361683645,1.1712236876857027,0.5,0.3333333333333333,0.0,0.3333333333333333,1.0,0.5,0.0,42.0,0.0,21.0,0.0,1.0,0.0,1.0,0.3333333333333333,168.0,252.0,12,2268,227,126,60,sigmoid,-0.1064228702476001,2021-03-10,2021-12-31,2022-04-06,f1,0.06153846153846154,,,stress_q10_40d__combined__naive_frequency
63,44,0.6984126984126984,0.3333333333333333,0.5,0.6984126984126984,1.0,0.34391534391534384,-0.6327751196172244,0.8895679008801896,0.5,0.6984126984126984,0.0,0.6984126984126984,1.0,0.822429906542056,0.0,19.0,0.0,44.0,0.0,1.0,0.0,1.0,0.6984126984126984,76.0,252.0,13,2394,240,126,60,isotonic,-0.1026929455209826,2021-09-09,2022-07-08,2022-10-06,f1,0.5,,,stress_q10_40d__combined__naive_frequency
63,1,0.015873015873015872,0.47619047619047616,0.5,0.015873015873015872,1.0,0.2275132275132275,-13.564516129032258,0.6481400249219462,0.5,0.015873015873015872,0.0,0.015873015873015872,1.0,0.03125,0.0,62.0,0.0,1.0,0.0,1.0,0.0,1.0,0.015873015873015872,248.0,252.0,14,2520,252,126,60,isotonic,-0.10131055156165944,2022-03-14,2023-01-05,2023-04-10,f1,0.6451612903225806,,,stress_q10_40d__combined__naive_frequency
63,17,0.2698412698412698,0.5,0.5,0.2698412698412698,1.0,0.22582168837972752,-0.14614613961526657,0.6979774243548773,0.5,0.7301587301587301,0.0,0.0,0.0,0.0,46.0,0.0,17.0,0.0,1.0,0.0,1.0,0.0,,0.0,0.0,15,2646,265,126,60,none,-0.11300651880562279,2022-09-13,2023-07-12,2023-10-10,f1,,,insufficient data; used fixed threshold,stress_q10_40d__combined__naive_frequency
63,0,0.0,0.13493745452896921,,,,,,,,,,,,,,,,,,,,,,,,16,2772,278,126,60,sigmoid,-0.11717695789006531,2023-03-16,2024-01-09,2024-04-11,f1,0.23776223776223776,degenerate label distribution; most metrics undefined,,stress_q10_40d__combined__naive_frequency
63,0,0.0,0.5,,,,,,,,,,,,,,,,,,,,,,,,17,2898,290,126,60,none,-0.11698651285167787,2023-09-15,2024-07-16,2024-10-14,f1,,degenerate label distribution; most metrics undefined,insufficient data; used fixed threshold,stress_q10_40d__combined__naive_frequency
63,37,0.5873015873015873,0.5,0.5,0.5873015873015873,1.0,0.47964793556311436,-0.9789216800935561,1.3947208640897237,0.5,0.4126984126984127,0.0,0.0,0.0,0.0,26.0,0.0,37.0,0.0,1.0,0.0,1.0,0.0,,0.0,0.0,18,3024,303,126,60,none,-0.11568726379945414,2024-03-19,2025-01-13,2025-04-17,f1,,,insufficient data; used fixed threshold,stress_q10_40d__combined__naive_frequency
63,0,0.0,0.29365079365079366,,,,,,,,,,,,,,,,,,,,,,,,19,3150,315,126,60,isotonic,-0.11246714518753848,2024-09-19,2025-07-21,2025-10-17,f1,0.4539877300613497,degenerate label distribution; most metrics undefined,,stress_q10_40d__combined__naive_frequency
63,22,0.3492063492063492,0.5,0.5,0.3492063492063492,1.0,0.2893042380221867,-0.2730027945787794,0.8723074644947142,0.5,0.6507936507936508,0.0,0.0,0.0,0.0,41.0,0.0,22.0,0.0,1.0,0.0,1.0,0.0,,0.0,0.0,20,3276,328,126,60,none,-0.11660239443997072,2025-03-24,2026-01-19,2026-04-22,f1,,,insufficient data; used fixed threshold,stress_q10_40d__combined__naive_frequency
63,2,0.031746031746031744,0.6666661666666667,0.2459016393442623,0.031746031746031744,1.0,0.10980370471270687,-2.5722205246289636,1.2225200796949074,0.47540983606557374,0.9206349206349206,-0.0404888165089458,0.0,0.0,0.0,58.0,3.0,2.0,0.0,0.9508196721311475,0.04918032786885246,1.0,0.0,0.0,12.0,12.0,0,756,76,126,60,isotonic,-0.09378297351683601,2015-02-13,2015-12-16,2016-03-21,f1,0.6792452830188679,,,stress_q10_40d__combined__logistic_elasticnet
63,0,0.0,0.0012530883182631525,,,,,,,,,,,,,,,,,,,,,,,,1,882,89,126,60,none,-0.1068906319769873,2015-08-24,2016-06-22,2016-09-19,f1,0.0547945205479452,degenerate label distribution; most metrics undefined,,stress_q10_40d__combined__logistic_elasticnet
63,0,0.0,0.5,,,,,,,,,,,,,,,,,,,,,,,,2,1008,101,126,60,none,-0.09978172651836652,2016-02-25,2016-12-16,2017-03-22,f1,,degenerate label distribution; most metrics undefined,insufficient data; used fixed threshold,stress_q10_40d__combined__logistic_elasticnet
63,0,0.0,0.5,,,,,,,,,,,,,,,,,,,,,,,,3,1134,114,126,60,none,-0.09519987438021837,2016-08-24,2017-06-23,2017-09-20,f1,,degenerate label distribution; most metrics undefined,insufficient data; used fixed threshold,stress_q10_40d__combined__logistic_elasticnet
63,10,0.15873015873015872,0.5,0.9415094339622643,0.8131608005521048,5.122913043478261,0.5962227223244133,-3.464920726236975,2.123650568872594,0.5566037735849056,0.25396825396825395,0.1409289650415634,0.17543859649122806,1.0,0.29850746268656714,6.0,47.0,0.0,10.0,0.11320754716981132,0.8867924528301887,0.0,1.0,0.17543859649122806,188.0,228.0,4,1260,126,126,60,none,-0.0922300101778092,2017-02-27,2017-12-19,2018-03-27,f1,,,insufficient data; used fixed threshold,stress_q10_40d__combined__logistic_elasticnet
63,10,0.15873015873015872,0.36111111111111505,0.5,0.15873015873015872,1.0,0.15872984127084125,-0.188676867932017,2.1929390250741148,0.5,0.8412698412698413,0.0,0.0,0.0,0.0,53.0,0.0,10.0,0.0,1.0,0.0,1.0,0.0,,0.0,0.0,5,1386,139,126,60,isotonic,-0.08841917260696935,2017-08-25,2018-06-28,2018-09-25,f1,0.6753246753246753,,,stress_q10_40d__combined__logistic_elasticnet
63,0,0.0,0.3254901960784314,,,,,,,,,,,,,,,,,,,,,,,,6,1512,152,126,60,isotonic,-0.08743871471267566,2018-03-02,2018-12-24,2019-03-29,f1,0.7076923076923077,degenerate label distribution; most metrics undefined,,stress_q10_40d__combined__logistic_elasticnet
63,0,0.0,0.8841050627069997,,,,,,,,,,,,,,,,,,,,,,,,7,1638,164,126,60,none,-0.09679371574654895,2018-08-30,2019-07-03,2019-09-30,f1,0.07692307692307693,degenerate label distribution; most metrics undefined,,stress_q10_40d__combined__logistic_elasticnet
63,49,0.7777777777777778,0.5,0.9241982507288629,0.9768686665248828,1.2559739998177064,0.5304120226041185,-2.068812416495257,1.8805363479447363,0.5816326530612245,0.3492063492063492,0.20385887657505022,1.0,0.16326530612244897,0.2807017543859649,14.0,0.0,41.0,8.0,1.0,0.0,0.8367346938775511,0.16326530612244897,1.0,0.0,32.0,8,1764,177,126,60,none,-0.0978804848876821,2019-03-06,2019-12-27,2020-04-01,f1,,,insufficient data; used fixed threshold,stress_q10_40d__combined__logistic_elasticnet
63,5,0.07936507936507936,0.3611111111111111,0.6810344827586207,0.11904761904761904,1.5,0.7222107703365676,-8.884326025744263,8.464414120677068,0.5,0.07936507936507936,0.0,0.07936507936507936,1.0,0.14705882352941177,0.0,58.0,0.0,5.0,0.0,1.0,0.0,1.0,0.07936507936507936,232.0,252.0,9,1890,189,126,60,isotonic,-0.09530652262149947,2019-09-05,2020-07-03,2020-09-30,f1,0.6666666666666666,,,stress_q10_40d__combined__logistic_elasticnet
63,11,0.1746031746031746,0.1324087225081795,0.9318181818181819,0.7637904168734209,4.374436023911411,0.1332493250555074,0.07540809240330604,0.39026586748393516,0.8033216783216783,0.7936507936507936,0.49474593521632426,0.45,0.8181818181818182,0.5806451612903226,41.0,11.0,2.0,9.0,0.7884615384615384,0.21153846153846154,0.18181818181818182,0.8181818181818182,0.45,44.0,80.0,10,2016,202,126,60,sigmoid,-0.10588711010301116,2020-03-09,2020-12-29,2021-04-02,f1,0.35555555555555557,,,stress_q10_40d__combined__logistic_elasticnet
63,1,0.015873015873015872,0.26963972669308184,0.5806451612903225,0.037037037037037035,2.3333333333333335,0.03888747940136888,-1.4894258990973075,0.1649477006883682,0.4112903225806452,0.8095238095238095,-0.058411562810587306,0.0,0.0,0.0,51.0,11.0,1.0,0.0,0.8225806451612904,0.1774193548387097,1.0,0.0,0.0,44.0,44.0,11,2142,215,126,60,sigmoid,-0.10665322348477255,2020-09-07,2021-07-06,2021-10-04,f1,0.6153846153846154,,,stress_q10_40d__combined__logistic_elasticnet
63,21,0.3333333333333333,0.07464037770404083,0.43764172335600904,0.29917635294617345,0.8975290588385204,0.3311531561284926,-0.49018920257821663,2.1330672695282074,0.5,0.6666666666666666,0.0,0.0,0.0,0.0,42.0,0.0,21.0,0.0,1.0,0.0,1.0,0.0,,0.0,0.0,12,2268,227,126,60,sigmoid,-0.1064228702476001,2021-03-10,2021-12-31,2022-04-06,f1,0.2,,,stress_q10_40d__combined__logistic_elasticnet
63,44,0.6984126984126984,0.3783783783783784,0.5,0.6984126984126984,1.0,0.313054367108421,-0.48625930987239574,0.8221415220771572,0.5,0.6984126984126984,0.0,0.6984126984126984,1.0,0.822429906542056,0.0,19.0,0.0,44.0,0.0,1.0,0.0,1.0,0.6984126984126984,76.0,252.0,13,2394,240,126,60,isotonic,-0.1026929455209826,2021-09-09,2022-07-08,2022-10-06,f1,0.5490196078431373,,,stress_q10_40d__combined__logistic_elasticnet
63,1,0.015873015873015872,0.39646464646464646,0.25806451612903225,0.015873015873015872,1.0,0.1434594151320848,-8.183716429987815,0.5604075915021173,0.3225806451612903,0.6349206349206349,-0.0930301170323837,0.0,0.0,0.0,40.0,22.0,1.0,0.0,0.6451612903225806,0.3548387096774194,1.0,0.0,0.0,88.0,88.0,14,2520,252,126,60,isotonic,-0.10131055156165944,2022-03-14,2023-01-05,2023-04-10,f1,0.7295597484276729,,,stress_q10_40d__combined__logistic_elasticnet
63,17,0.2698412698412698,0.5,0.0217391304347826,0.15867916204748714,0.5880463064112759,0.28886795599772624,-0.4661341654155695,1.6257043690088848,0.5,0.7301587301587301,0.0,0.0,0.0,0.0,46.0,0.0,17.0,0.0,1.0,0.0,1.0,0.0,,0.0,0.0,15,2646,265,126,60,none,-0.11300651880562279,2022-09-13,2023-07-12,2023-10-10,f1,,,insufficient data; used fixed threshold,stress_q10_40d__combined__logistic_elasticnet
63,0,0.0,0.11330462244526952,,,,,,,,,,,,,,,,,,,,,,,,16,2772,278,126,60,sigmoid,-0.11717695789006531,2023-03-16,2024-01-09,2024-04-11,f1,0.38202247191011235,degenerate label distribution; most metrics undefined,,stress_q10_40d__combined__logistic_elasticnet
63,0,0.0,0.5,,,,,,,,,,,,,,,,,,,,,,,,17,2898,290,126,60,none,-0.11698651285167787,2023-09-15,2024-07-16,2024-10-14,f1,,degenerate label distribution; most metrics undefined,insufficient data; used fixed threshold,stress_q10_40d__combined__logistic_elasticnet
63,37,0.5873015873015873,0.5,0.6008316008316008,0.6215321138771366,1.0582844101151243,0.2562188493063699,-0.057102508208921154,1.2581197893112204,0.6153846153846154,0.6825396825396826,0.38703691148287445,0.6491228070175439,1.0,0.7872340425531915,6.0,20.0,0.0,37.0,0.23076923076923078,0.7692307692307693,0.0,1.0,0.6491228070175439,80.0,228.0,18,3024,303,126,60,none,-0.11568726379945414,2024-03-19,2025-01-13,2025-04-17,f1,,,insufficient data; used fixed threshold,stress_q10_40d__combined__logistic_elasticnet
63,0,0.0,0.55,,,,,,,,,,,,,,,,,,,,,,,,19,3150,315,126,60,isotonic,-0.11246714518753848,2024-09-19,2025-07-21,2025-10-17,f1,0.7741935483870968,degenerate label distribution; most metrics undefined,,stress_q10_40d__combined__logistic_elasticnet
63,22,0.3492063492063492,0.5,0.15521064301552107,0.22812420928413923,0.6532647811318533,0.5423904897896807,-1.3866384190412893,1.6266735308812326,0.22671840354767184,0.25396825396825395,-0.5211800874655133,0.0967741935483871,0.13636363636363635,0.11320754716981132,13.0,28.0,19.0,3.0,0.3170731707317073,0.6829268292682927,0.8636363636363636,0.13636363636363635,0.0967741935483871,112.0,124.0,20,3276,328,126,60,none,-0.11660239443997072,2025-03-24,2026-01-19,2026-04-22,f1,,,insufficient data; used fixed threshold,stress_q10_40d__combined__logistic_elasticnet
63,2,0.031746031746031744,0.32196969696969696,0.180327868852459,0.031746031746031744,1.0,0.11868525354165771,-2.8611620598921266,0.7005269521286706,0.4016393442622951,0.7777777777777778,-0.08783257501821178,0.0,0.0,0.0,49.0,12.0,2.0,0.0,0.8032786885245902,0.19672131147540983,1.0,0.0,0.0,48.0,48.0,0,756,76,126,60,isotonic,-0.09378297351683601,2015-02-13,2015-12-16,2016-03-21,f1,0.6376811594202898,,,stress_q10_40d__combined__logistic_l2
63,0,0.0,1.0903802639195443e-06,,,,,,,,,,,,,,,,,,,,,,,,1,882,89,126,60,none,-0.1068906319769873,2015-08-24,2016-06-22,2016-09-19,f1,0.05063291139240506,degenerate label distribution; most metrics undefined,,stress_q10_40d__combined__logistic_l2
63,0,0.0,0.5,,,,,,,,,,,,,,,,,,,,,,,,2,1008,101,126,60,none,-0.09978172651836652,2016-02-25,2016-12-16,2017-03-22,f1,,degenerate label distribution; most metrics undefined,insufficient data; used fixed threshold,stress_q10_40d__combined__logistic_l2
63,0,0.0,0.5,,,,,,,,,,,,,,,,,,,,,,,,3,1134,114,126,60,none,-0.09519987438021837,2016-08-24,2017-06-23,2017-09-20,f1,,degenerate label distribution; most metrics undefined,insufficient data; used fixed threshold,stress_q10_40d__combined__logistic_l2
63,10,0.15873015873015872,0.5,0.9056603773584906,0.7422319617502173,4.676061359026369,0.5336201931716525,-2.9961104654684703,4.077614747158353,0.660377358490566,0.42857142857142855,0.26406303470998377,0.21739130434782608,1.0,0.35714285714285715,17.0,36.0,0.0,10.0,0.32075471698113206,0.6792452830188679,0.0,1.0,0.21739130434782608,144.0,184.0,4,1260,126,126,60,none,-0.0922300101778092,2017-02-27,2017-12-19,2018-03-27,f1,,,insufficient data; used fixed threshold,stress_q10_40d__combined__logistic_l2
63,10,0.15873015873015872,0.4,0.5,0.15873015873015872,1.0,0.15872984127084125,-0.188676867932017,2.1929390250741148,0.5,0.8412698412698413,0.0,0.0,0.0,0.0,53.0,0.0,10.0,0.0,1.0,0.0,1.0,0.0,,0.0,0.0,5,1386,139,126,60,isotonic,-0.08841917260696935,2017-08-25,2018-06-28,2018-09-25,f1,0.6582278481012658,,,stress_q10_40d__combined__logistic_l2
63,0,0.0,0.3469387755102041,,,,,,,,,,,,,,,,,,,,,,,,6,1512,152,126,60,isotonic,-0.08743871471267566,2018-03-02,2018-12-24,2019-03-29,f1,0.6486486486486487,degenerate label distribution; most metrics undefined,,stress_q10_40d__combined__logistic_l2
63,0,0.0,0.9792970590287885,,,,,,,,,,,,,,,,,,,,,,,,7,1638,164,126,60,none,-0.09679371574654895,2018-08-30,2019-07-03,2019-09-30,f1,0.08333333333333333,degenerate label distribution; most metrics undefined,,stress_q10_40d__combined__logistic_l2
63,49,0.7777777777777778,0.5,0.9037900874635569,0.9681078665320504,1.2447101141126362,0.6174987599839816,-2.5726713970501796,3.4972810558250735,0.5612244897959183,0.31746031746031744,0.173421993904824,1.0,0.12244897959183673,0.21818181818181817,14.0,0.0,43.0,6.0,1.0,0.0,0.8775510204081632,0.12244897959183673,1.0,0.0,24.0,8,1764,177,126,60,none,-0.0978804848876821,2019-03-06,2019-12-27,2020-04-01,f1,,,insufficient data; used fixed threshold,stress_q10_40d__combined__logistic_l2
63,5,0.07936507936507936,0.49444444444444446,0.4706896551724138,0.07619047619047618,0.96,0.8081515617188428,-10.060529477455473,9.128455858551215,0.5086206896551724,0.09523809523809523,0.03728852122772354,0.08064516129032258,1.0,0.14925373134328357,1.0,57.0,0.0,5.0,0.017241379310344827,0.9827586206896551,0.0,1.0,0.08064516129032258,228.0,248.0,9,1890,189,126,60,isotonic,-0.09530652262149947,2019-09-05,2020-07-03,2020-09-30,f1,0.8163265306122449,,,stress_q10_40d__combined__logistic_l2
63,11,0.1746031746031746,0.13111847328174447,0.8898601398601398,0.6408238226420044,3.6701728024042075,0.1396470734852957,0.031015324015491785,0.41487735156181915,0.6171328671328671,0.8412698412698413,0.32900900517813303,0.6,0.2727272727272727,0.375,50.0,2.0,8.0,3.0,0.9615384615384616,0.038461538461538464,0.7272727272727273,0.2727272727272727,0.6,8.0,20.0,10,2016,202,126,60,sigmoid,-0.10588711010301116,2020-03-09,2020-12-29,2021-04-02,f1,0.41025641025641024,,,stress_q10_40d__combined__logistic_l2
63,1,0.015873015873015872,0.15292495402856116,0.6935483870967742,0.05,3.1500000000000004,0.04125697941635716,-1.6411121177987353,0.18351207516105023,0.7741935483870968,0.5555555555555556,0.1375132716822827,0.034482758620689655,1.0,0.06666666666666667,34.0,28.0,0.0,1.0,0.5483870967741935,0.45161290322580644,0.0,1.0,0.034482758620689655,112.0,116.0,11,2142,215,126,60,sigmoid,-0.10665322348477255,2020-09-07,2021-07-06,2021-10-04,f1,0.42105263157894735,,,stress_q10_40d__combined__logistic_l2
63,21,0.3333333333333333,0.10002363348558888,0.4285714285714286,0.3333333333333333,1.0,0.3333329578828747,-0.49999831047293597,4.605279988182047,0.5,0.6666666666666666,0.0,0.0,0.0,0.0,42.0,0.0,21.0,0.0,1.0,0.0,1.0,0.0,,0.0,0.0,12,2268,227,126,60,sigmoid,-0.1064228702476001,2021-03-10,2021-12-31,2022-04-06,f1,0.25,,,stress_q10_40d__combined__logistic_l2
63,44,0.6984126984126984,0.20000000000000032,0.5,0.6984126984126984,1.0,0.3167033976124886,-0.503583475028669,0.8299217225807102,0.5,0.6984126984126984,0.0,0.6984126984126984,1.0,0.822429906542056,0.0,19.0,0.0,44.0,0.0,1.0,0.0,1.0,0.6984126984126984,76.0,252.0,13,2394,240,126,60,isotonic,-0.1026929455209826,2021-09-09,2022-07-08,2022-10-06,f1,0.5394736842105263,,,stress_q10_40d__combined__logistic_l2
63,1,0.015873015873015872,0.26111111111111024,0.3064516129032258,0.02040816326530612,1.2857142857142856,0.23619414746326928,-14.120235020672835,0.6233981946681173,0.6129032258064516,0.23809523809523808,0.06788442333021306,0.02040816326530612,1.0,0.04,14.0,48.0,0.0,1.0,0.22580645161290322,0.7741935483870968,0.0,1.0,0.02040816326530612,192.0,196.0,14,2520,252,126,60,isotonic,-0.10131055156165944,2022-03-14,2023-01-05,2023-04-10,f1,0.7195121951219512,,,stress_q10_40d__combined__logistic_l2
63,17,0.2698412698412698,0.5,0.051150895140664954,0.16022684772084378,0.5937818474360682,0.2701355532901954,-0.37105883760714264,2.4716872709802953,0.5,0.7301587301587301,0.0,0.0,0.0,0.0,46.0,0.0,17.0,0.0,1.0,0.0,1.0,0.0,,0.0,0.0,15,2646,265,126,60,none,-0.11300651880562279,2022-09-13,2023-07-12,2023-10-10,f1,,,insufficient data; used fixed threshold,stress_q10_40d__combined__logistic_l2
63,0,0.0,0.11400306075966354,,,,,,,,,,,,,,,,,,,,,,,,16,2772,278,126,60,sigmoid,-0.11717695789006531,2023-03-16,2024-01-09,2024-04-11,f1,0.30303030303030304,degenerate label distribution; most metrics undefined,,stress_q10_40d__combined__logistic_l2
63,0,0.0,0.5,,,,,,,,,,,,,,,,,,,,,,,,17,2898,290,126,60,none,-0.11698651285167787,2023-09-15,2024-07-16,2024-10-14,f1,,degenerate label distribution; most metrics undefined,insufficient data; used fixed threshold,stress_q10_40d__combined__logistic_l2
63,37,0.5873015873015873,0.5,0.7245322245322245,0.6840779922262179,1.1647814462230197,0.21181481154666038,0.12609876608243753,1.335681506051547,0.7115384615384616,0.7619047619047619,0.5486670237571963,0.7115384615384616,1.0,0.8314606741573034,11.0,15.0,0.0,37.0,0.4230769230769231,0.5769230769230769,0.0,1.0,0.7115384615384616,60.0,208.0,18,3024,303,126,60,none,-0.11568726379945414,2024-03-19,2025-01-13,2025-04-17,f1,,,insufficient data; used fixed threshold,stress_q10_40d__combined__logistic_l2
63,0,0.0,0.375,,,,,,,,,,,,,,,,,,,,,,,,19,3150,315,126,60,isotonic,-0.11246714518753848,2024-09-19,2025-07-21,2025-10-17,f1,0.7578947368421053,degenerate label distribution; most metrics undefined,,stress_q10_40d__combined__logistic_l2
63,22,0.3492063492063492,0.5,0.10864745011086475,0.2190913810274319,0.6273980456694641,0.6584549698765164,-1.8973478663413457,2.5849557273389085,0.19179600886917958,0.2222222222222222,-0.5877811939773334,0.06451612903225806,0.09090909090909091,0.07547169811320754,12.0,29.0,20.0,2.0,0.2926829268292683,0.7073170731707317,0.9090909090909091,0.09090909090909091,0.06451612903225806,116.0,124.0,20,3276,328,126,60,none,-0.11660239443997072,2025-03-24,2026-01-19,2026-04-22,f1,,,insufficient data; used fixed threshold,stress_q10_40d__combined__logistic_l2
63,2,0.031746031746031744,0.31250000000000355,0.5901639344262295,0.045454545454545456,1.4318181818181819,0.06592435078381338,-1.1447028545979943,0.2251765022591161,0.45081967213114754,0.873015873015873,-0.058747349544604664,0.0,0.0,0.0,55.0,6.0,2.0,0.0,0.9016393442622951,0.09836065573770492,1.0,0.0,0.0,24.0,24.0,0,756,76,126,60,isotonic,-0.09378297351683601,2015-02-13,2015-12-16,2016-03-21,f1,0.7837837837837838,,,stress_q10_40d__combined__random_forest
63,0,0.0,0.13258244147179427,,,,,,,,,,,,,,,,,,,,,,,,1,882,89,126,60,none,-0.1068906319769873,2015-08-24,2016-06-22,2016-09-19,f1,0.8,degenerate label distribution; most metrics undefined,,stress_q10_40d__combined__random_forest
63,0,0.0,0.5,,,,,,,,,,,,,,,,,,,,,,,,2,1008,101,126,60,none,-0.09978172651836652,2016-02-25,2016-12-16,2017-03-22,f1,,degenerate label distribution; most metrics undefined,insufficient data; used fixed threshold,stress_q10_40d__combined__random_forest
63,0,0.0,0.5,,,,,,,,,,,,,,,,,,,,,,,,3,1134,114,126,60,none,-0.09519987438021837,2016-08-24,2017-06-23,2017-09-20,f1,,degenerate label distribution; most metrics undefined,insufficient data; used fixed threshold,stress_q10_40d__combined__random_forest
63,10,0.15873015873015872,0.5,0.9188679245283019,0.8207922824302134,5.170991379310345,0.2236306291987043,-0.6746980514899199,0.6395269746580986,0.7207547169811321,0.6666666666666666,0.32602041067408744,0.2962962962962963,0.8,0.43243243243243246,34.0,19.0,2.0,8.0,0.6415094339622641,0.3584905660377358,0.2,0.8,0.2962962962962963,76.0,108.0,4,1260,126,126,60,none,-0.0922300101778092,2017-02-27,2017-12-19,2018-03-27,f1,,,insufficient data; used fixed threshold,stress_q10_40d__combined__random_forest
63,10,0.15873015873015872,0.5,0.6415094339622642,0.26666666666666666,1.6800000000000002,0.13089545330556607,0.019765935528694767,0.5178603531095326,0.6216981132075472,0.8412698412698413,0.3029972748393613,0.5,0.3,0.375,50.0,3.0,7.0,3.0,0.9433962264150944,0.05660377358490566,0.7,0.3,0.5,12.0,24.0,5,1386,139,126,60,isotonic,-0.08841917260696935,2017-08-25,2018-06-28,2018-09-25,f1,0.7872340425531915,,,stress_q10_40d__combined__random_forest
63,0,0.0,0.24725299725274724,,,,,,,,,,,,,,,,,,,,,,,,6,1512,152,126,60,isotonic,-0.08743871471267566,2018-03-02,2018-12-24,2019-03-29,f1,0.6153846153846154,degenerate label distribution; most metrics undefined,,stress_q10_40d__combined__random_forest
63,0,0.0,0.09830264336823633,,,,,,,,,,,,,,,,,,,,,,,,7,1638,164,126,60,none,-0.09679371574654895,2018-08-30,2019-07-03,2019-09-30,f1,0.06779661016949153,degenerate label distribution; most metrics undefined,,stress_q10_40d__combined__random_forest
63,49,0.7777777777777778,0.5,0.4766763848396501,0.761967873571172,0.9796729803057925,0.5809718063679729,-2.3613368797004144,1.630257788304671,0.5,0.2222222222222222,0.0,0.0,0.0,0.0,14.0,0.0,49.0,0.0,1.0,0.0,1.0,0.0,,0.0,0.0,8,1764,177,126,60,none,-0.0978804848876821,2019-03-06,2019-12-27,2020-04-01,f1,,,insufficient data; used fixed threshold,stress_q10_40d__combined__random_forest
63,5,0.07936507936507936,0.37651331719128417,0.6637931034482758,0.11363636363636363,1.4318181818181819,0.6689499390439398,-8.155387269191024,8.709944682942819,0.5,0.07936507936507936,0.0,0.07936507936507936,1.0,0.14705882352941177,0.0,58.0,0.0,5.0,0.0,1.0,0.0,1.0,0.07936507936507936,232.0,252.0,9,1890,189,126,60,isotonic,-0.09530652262149947,2019-09-05,2020-07-03,2020-09-30,f1,0.6115702479338843,,,stress_q10_40d__combined__random_forest
63,11,0.1746031746031746,0.07981842849372187,0.9405594405594405,0.7893939393939393,4.521074380165289,0.14645900151439595,-0.01625135841020553,0.4680795723425007,0.8872377622377623,0.873015873015873,0.6623725639560103,0.5882352941176471,0.9090909090909091,0.7142857142857143,45.0,7.0,1.0,10.0,0.8653846153846154,0.1346153846153846,0.09090909090909091,0.9090909090909091,0.5882352941176471,28.0,68.0,10,2016,202,126,60,sigmoid,-0.10588711010301116,2020-03-09,2020-12-29,2021-04-02,f1,0.2222222222222222,,,stress_q10_40d__combined__random_forest
63,1,0.015873015873015872,0.4259156232313345,0.41935483870967744,0.015873015873015872,1.0,0.020315172478805522,-0.30049870271579215,0.2422643805786939,0.5,0.9841269841269841,0.0,0.0,0.0,0.0,62.0,0.0,1.0,0.0,1.0,0.0,1.0,0.0,,0.0,0.0,11,2142,215,126,60,sigmoid,-0.10665322348477255,2020-09-07,2021-07-06,2021-10-04,f1,0.9090909090909091,,,stress_q10_40d__combined__random_forest
63,21,0.3333333333333333,0.031376053946945225,0.5997732426303855,0.4153431465679273,1.246029439703782,0.3099492532464223,-0.39477163960890027,1.1646594537909136,0.6071428571428572,0.6031746031746031,0.20225995873897262,0.43333333333333335,0.6190476190476191,0.5098039215686274,25.0,17.0,8.0,13.0,0.5952380952380952,0.40476190476190477,0.38095238095238093,0.6190476190476191,0.43333333333333335,68.0,120.0,12,2268,227,126,60,sigmoid,-0.1064228702476001,2021-03-10,2021-12-31,2022-04-06,f1,0.12121212121212122,,,stress_q10_40d__combined__random_forest
63,44,0.6984126984126984,0.298728813559322,0.4772727272727273,0.6888634970998799,0.9863272799384645,0.3474958270671551,-0.6497738488391609,0.9175947318290396,0.4772727272727273,0.6666666666666666,-0.11898728156558,0.6885245901639344,0.9545454545454546,0.8,0.0,19.0,2.0,42.0,0.0,1.0,0.045454545454545456,0.9545454545454546,0.6885245901639344,76.0,244.0,13,2394,240,126,60,isotonic,-0.1026929455209826,2021-09-09,2022-07-08,2022-10-06,f1,0.5125,,,stress_q10_40d__combined__random_forest
63,1,0.015873015873015872,0.5,0.31451612903225806,0.02,1.26,0.2242528622688279,-13.355800166854483,0.634537790908361,0.6048387096774194,0.2222222222222222,0.06475761258027332,0.02,1.0,0.0392156862745098,13.0,49.0,0.0,1.0,0.20967741935483872,0.7903225806451613,0.0,1.0,0.02,196.0,200.0,14,2520,252,126,60,isotonic,-0.10131055156165944,2022-03-14,2023-01-05,2023-04-10,f1,0.6666666666666666,,,stress_q10_40d__combined__random_forest
63,17,0.2698412698412698,0.5,0.6508951406649616,0.3269784242139969,1.2117435720871652,0.21174186415484664,-0.07468472996238651,0.6122010120142238,0.8043478260869565,0.7142857142857143,0.5437390678561211,0.4857142857142857,1.0,0.6538461538461539,28.0,18.0,0.0,17.0,0.6086956521739131,0.391304347826087,0.0,1.0,0.4857142857142857,72.0,140.0,15,2646,265,126,60,none,-0.11300651880562279,2022-09-13,2023-07-12,2023-10-10,f1,,,insufficient data; used fixed threshold,stress_q10_40d__combined__random_forest
63,0,0.0,0.12441084119019877,,,,,,,,,,,,,,,,,,,,,,,,16,2772,278,126,60,sigmoid,-0.11717695789006531,2023-03-16,2024-01-09,2024-04-11,f1,0.4358974358974359,degenerate label distribution; most metrics undefined,,stress_q10_40d__combined__random_forest
63,0,0.0,0.5,,,,,,,,,,,,,,,,,,,,,,,,17,2898,290,126,60,none,-0.11698651285167787,2023-09-15,2024-07-16,2024-10-14,f1,,degenerate label distribution; most metrics undefined,insufficient data; used fixed threshold,stress_q10_40d__combined__random_forest
63,37,0.5873015873015873,0.5,0.2733887733887734,0.4944138366034197,0.8418397758382551,0.4419693619590385,-0.823468188789422,1.2729817885886758,0.511954261954262,0.4603174603174603,0.029085974677101674,0.6153846153846154,0.21621621621621623,0.32,21.0,5.0,29.0,8.0,0.8076923076923077,0.19230769230769232,0.7837837837837838,0.21621621621621623,0.6153846153846154,20.0,52.0,18,3024,303,126,60,none,-0.11568726379945414,2024-03-19,2025-01-13,2025-04-17,f1,,,insufficient data; used fixed threshold,stress_q10_40d__combined__random_forest
63,0,0.0,0.29365079365079366,,,,,,,,,,,,,,,,,,,,,,,,19,3150,315,126,60,isotonic,-0.11246714518753848,2024-09-19,2025-07-21,2025-10-17,f1,0.4539877300613497,degenerate label distribution; most metrics undefined,,stress_q10_40d__combined__random_forest
63,22,0.3492063492063492,0.5,0.147450110864745,0.22899413521542353,0.6557559326623492,0.2715512719533981,-0.19488580751999685,0.7392930596827149,0.36585365853658536,0.47619047619047616,-0.3369101405074289,0.0,0.0,0.0,30.0,11.0,22.0,0.0,0.7317073170731707,0.2682926829268293,1.0,0.0,0.0,44.0,44.0,20,3276,328,126,60,none,-0.11660239443997072,2025-03-24,2026-01-19,2026-04-22,f1,,,insufficient data; used fixed threshold,stress_q10_40d__combined__random_forest
63,2,0.031746031746031744,0.3029411764705882,0.7540983606557377,0.07142857142857142,2.25,0.036622305199113844,-0.19142565028920377,0.13677921069781862,0.48360655737704916,0.9365079365079365,-0.03278688524590164,0.0,0.0,0.0,59.0,2.0,2.0,0.0,0.9672131147540983,0.03278688524590164,1.0,0.0,0.0,8.0,8.0,0,756,76,126,60,isotonic,-0.09378297351683601,2015-02-13,2015-12-16,2016-03-21,f1,0.6835443037974683,,,stress_q10_40d__combined__hist_gradient_boosting
63,0,0.0,0.007888075517203351,,,,,,,,,,,,,,,,,,,,,,,,1,882,89,126,60,none,-0.1068906319769873,2015-08-24,2016-06-22,2016-09-19,f1,0.8,degenerate label distribution; most metrics undefined,,stress_q10_40d__combined__hist_gradient_boosting
63,0,0.0,0.5,,,,,,,,,,,,,,,,,,,,,,,,2,1008,101,126,60,none,-0.09978172651836652,2016-02-25,2016-12-16,2017-03-22,f1,,degenerate label distribution; most metrics undefined,insufficient data; used fixed threshold,stress_q10_40d__combined__hist_gradient_boosting
63,0,0.0,0.5,,,,,,,,,,,,,,,,,,,,,,,,3,1134,114,126,60,none,-0.09519987438021837,2016-08-24,2017-06-23,2017-09-20,f1,,degenerate label distribution; most metrics undefined,insufficient data; used fixed threshold,stress_q10_40d__combined__hist_gradient_boosting
63,10,0.15873015873015872,0.5,0.8867924528301887,0.7525367647058823,4.7409816176470585,0.5945844444314462,-3.452652188581906,2.529377207605439,0.6132075471698113,0.3492063492063492,0.2107014867939496,0.19607843137254902,1.0,0.32786885245901637,12.0,41.0,0.0,10.0,0.22641509433962265,0.7735849056603774,0.0,1.0,0.19607843137254902,164.0,204.0,4,1260,126,126,60,none,-0.0922300101778092,2017-02-27,2017-12-19,2018-03-27,f1,,,insufficient data; used fixed threshold,stress_q10_40d__combined__hist_gradient_boosting
63,10,0.15873015873015872,0.42,0.5,0.15873015873015872,1.0,0.1340351567624295,-0.00374629658506187,0.43959183776303895,0.5,0.8412698412698413,0.0,0.0,0.0,0.0,53.0,0.0,10.0,0.0,1.0,0.0,1.0,0.0,,0.0,0.0,5,1386,139,126,60,isotonic,-0.08841917260696935,2017-08-25,2018-06-28,2018-09-25,f1,0.6060606060606061,,,stress_q10_40d__combined__hist_gradient_boosting
63,0,0.0,0.32189542483660305,,,,,,,,,,,,,,,,,,,,,,,,6,1512,152,126,60,isotonic,-0.08743871471267566,2018-03-02,2018-12-24,2019-03-29,f1,0.6379310344827587,degenerate label distribution; most metrics undefined,,stress_q10_40d__combined__hist_gradient_boosting
63,0,0.0,0.00017993816013185866,,,,,,,,,,,,,,,,,,,,,,,,7,1638,164,126,60,none,-0.09679371574654895,2018-08-30,2019-07-03,2019-09-30,f1,0.044444444444444446,degenerate label distribution; most metrics undefined,,stress_q10_40d__combined__hist_gradient_boosting
63,49,0.7777777777777778,0.5,0.5604956268221575,0.8489232803980465,1.0914727890832028,0.774987318178802,-3.4838551980344974,5.445282772025125,0.5,0.2222222222222222,0.0,0.0,0.0,0.0,14.0,0.0,49.0,0.0,1.0,0.0,1.0,0.0,,0.0,0.0,8,1764,177,126,60,none,-0.0978804848876821,2019-03-06,2019-12-27,2020-04-01,f1,,,insufficient data; used fixed threshold,stress_q10_40d__combined__hist_gradient_boosting
63,5,0.07936507936507936,0.3109605911330043,0.3275862068965517,0.09433962264150944,1.188679245283019,0.5606853353312387,-6.673655503205815,6.664561108970973,0.5517241379310345,0.1746031746031746,0.09525969852639353,0.08771929824561403,1.0,0.16129032258064516,6.0,52.0,0.0,5.0,0.10344827586206896,0.896551724137931,0.0,1.0,0.08771929824561403,208.0,228.0,9,1890,189,126,60,isotonic,-0.09530652262149947,2019-09-05,2020-07-03,2020-09-30,f1,0.6027397260273972,,,stress_q10_40d__combined__hist_gradient_boosting
63,11,0.1746031746031746,0.07155916430936979,0.04545454545454546,0.10248365346946224,0.5869518335069202,0.1721190511755897,-0.19430159810474756,0.7684149156749402,0.10576923076923077,0.1746031746031746,-0.627877989127481,0.0,0.0,0.0,11.0,41.0,11.0,0.0,0.21153846153846154,0.7884615384615384,1.0,0.0,0.0,164.0,164.0,10,2016,202,126,60,sigmoid,-0.10588711010301116,2020-03-09,2020-12-29,2021-04-02,f1,0.17699115044247787,,,stress_q10_40d__combined__hist_gradient_boosting
63,1,0.015873015873015872,0.49114956070472504,0.4032258064516129,0.02631578947368421,1.6578947368421053,0.015869209038419114,-0.015885333443313998,0.14314726716590231,0.5,0.9841269841269841,0.0,0.0,0.0,0.0,62.0,0.0,1.0,0.0,1.0,0.0,1.0,0.0,,0.0,0.0,11,2142,215,126,60,sigmoid,-0.10665322348477255,2020-09-07,2021-07-06,2021-10-04,f1,0.7619047619047619,,,stress_q10_40d__combined__hist_gradient_boosting
63,21,0.3333333333333333,0.048773233908659765,0.5782312925170068,0.36895925200095026,1.1068777560028509,0.3084730201738373,-0.3881285907822678,1.1463134872176002,0.5238095238095238,0.5873015873015873,0.048911598804451846,0.3684210526315789,0.3333333333333333,0.35,30.0,12.0,14.0,7.0,0.7142857142857143,0.2857142857142857,0.6666666666666666,0.3333333333333333,0.3684210526315789,48.0,76.0,12,2268,227,126,60,sigmoid,-0.1064228702476001,2021-03-10,2021-12-31,2022-04-06,f1,0.2,,,stress_q10_40d__combined__hist_gradient_boosting
63,44,0.6984126984126984,0.2581969713114754,0.5,0.6984126984126984,1.0,0.3360549092879113,-0.5954568600044496,0.872021532617829,0.5,0.6984126984126984,0.0,0.6984126984126984,1.0,0.822429906542056,0.0,19.0,0.0,44.0,0.0,1.0,0.0,1.0,0.6984126984126984,76.0,252.0,13,2394,240,126,60,isotonic,-0.1026929455209826,2021-09-09,2022-07-08,2022-10-06,f1,0.5121951219512195,,,stress_q10_40d__combined__hist_gradient_boosting
63,1,0.015873015873015872,0.4838709677419355,0.13709677419354838,0.015873015873015872,1.0,0.1950317641973932,-11.485178582249253,0.7121270609494038,0.1774193548387097,0.3492063492063492,-0.16748280772542135,0.0,0.0,0.0,22.0,40.0,1.0,0.0,0.3548387096774194,0.6451612903225806,1.0,0.0,0.0,160.0,160.0,14,2520,252,126,60,isotonic,-0.10131055156165944,2022-03-14,2023-01-05,2023-04-10,f1,0.7151515151515152,,,stress_q10_40d__combined__hist_gradient_boosting
63,17,0.2698412698412698,0.5,0.17774936061381072,0.17953357925271307,0.6653303231129956,0.2693147673393757,-0.36689298154729166,1.6553698898001412,0.5,0.7301587301587301,0.0,0.0,0.0,0.0,46.0,0.0,17.0,0.0,1.0,0.0,1.0,0.0,,0.0,0.0,15,2646,265,126,60,none,-0.11300651880562279,2022-09-13,2023-07-12,2023-10-10,f1,,,insufficient data; used fixed threshold,stress_q10_40d__combined__hist_gradient_boosting
63,0,0.0,0.302270348556892,,,,,,,,,,,,,,,,,,,,,,,,16,2772,278,126,60,sigmoid,-0.11717695789006531,2023-03-16,2024-01-09,2024-04-11,f1,0.5833333333333334,degenerate label distribution; most metrics undefined,,stress_q10_40d__combined__hist_gradient_boosting
63,0,0.0,0.5,,,,,,,,,,,,,,,,,,,,,,,,17,2898,290,126,60,none,-0.11698651285167787,2023-09-15,2024-07-16,2024-10-14,f1,,degenerate label distribution; most metrics undefined,insufficient data; used fixed threshold,stress_q10_40d__combined__hist_gradient_boosting
63,37,0.5873015873015873,0.5,0.5145530145530146,0.6049047543391376,1.029972960090964,0.5072025157518794,-1.0926058056332737,2.0486577602537617,0.4693347193347193,0.3968253968253968,-0.111703164504662,0.4,0.05405405405405406,0.09523809523809523,23.0,3.0,35.0,2.0,0.8846153846153846,0.11538461538461539,0.9459459459459459,0.05405405405405406,0.4,12.0,20.0,18,3024,303,126,60,none,-0.11568726379945414,2024-03-19,2025-01-13,2025-04-17,f1,,,insufficient data; used fixed threshold,stress_q10_40d__combined__hist_gradient_boosting
63,0,0.0,0.5,,,,,,,,,,,,,,,,,,,,,,,,19,3150,315,126,60,isotonic,-0.11246714518753848,2024-09-19,2025-07-21,2025-10-17,f1,0.6153846153846154,degenerate label distribution; most metrics undefined,,stress_q10_40d__combined__hist_gradient_boosting
63,22,0.3492063492063492,0.5,0.09866962305986697,0.22460985523968308,0.6432009490954561,0.47291756182364386,-1.0809421317938388,1.6056104223615508,0.3170731707317073,0.4126984126984127,-0.40949105830197113,0.0,0.0,0.0,26.0,15.0,22.0,0.0,0.6341463414634146,0.36585365853658536,1.0,0.0,0.0,60.0,60.0,20,3276,328,126,60,none,-0.11660239443997072,2025-03-24,2026-01-19,2026-04-22,f1,,,insufficient data; used fixed threshold,stress_q10_40d__combined__hist_gradient_boosting
