date,n_assets,estimator,rule,condition_number,off_diagonal_zeros,shrinkage,turnover_traded,cost,effective_n_weights,effective_n_bets,diversification_ratio,max_weight,max_risk_contribution,ex_ante_volatility_annual,forecast_frobenius,forecast_log_likelihood,forecast_n,key
2012-05-02,13,sample,equal_weight,57.21504473420251,0.0,,1.0,0.0015,12.999999999999995,1.1668222548456573,1.4902101285350153,0.07692307692307694,0.12364433288804588,0.27620437080479227,0.0023434115470995416,32.42321219850659,20,equal_weight__sample
2012-05-30,13,sample,equal_weight,50.197786727881955,0.0,,0.05734035554814713,8.60105333222207e-05,12.999999999999995,1.1999929207915199,1.5013907913475348,0.07692307692307694,0.13102866316535297,0.2579036007154262,0.0027335254615584695,36.68236595406121,20,equal_weight__sample
2012-06-27,13,sample,equal_weight,114.24741656682295,0.0,,0.040859053631112446,6.128858044666868e-05,12.999999999999995,1.1335007881461923,1.4858881918437257,0.07692307692307694,0.14976277115508344,0.20703193814598198,0.001522654596574831,37.93348589163162,20,equal_weight__sample
2012-07-25,13,sample,equal_weight,196.4801841799704,0.0,,0.02508314557530915,3.762471836296372e-05,12.999999999999995,1.1625040957932224,1.466578374783291,0.07692307692307694,0.14636582305199092,0.19830005938720674,0.002349768799451847,14.05587323777188,20,equal_weight__sample
2012-08-22,14,sample,equal_weight,69.50427208017032,0.0,,0.15463222199443102,0.00023194833299164651,13.999999999999998,1.2528495556153456,1.5143147557592798,0.07142857142857144,0.1324642960040794,0.18264034701111823,0.005381174697579563,18.88868685008744,20,equal_weight__sample
2012-09-20,14,sample,equal_weight,83.26657805398501,0.0,,0.08010791159631894,0.0001201618673944784,13.999999999999998,1.1168235204736963,1.4329712619124735,0.07142857142857144,0.10890920389885023,0.2456748203929034,0.0022160056111247594,36.82741107160095,20,equal_weight__sample
2012-10-18,14,sample,equal_weight,115.24492667207588,0.0,,0.04426423422788474,6.639635134182711e-05,13.999999999999998,1.1122247660377143,1.4390503487849922,0.07142857142857144,0.10978147183267008,0.24907064793509612,0.002419136237617863,35.65667041888591,20,equal_weight__sample
2012-11-15,14,sample,equal_weight,67.50936824355847,0.0,,0.05325674785047968,7.988512177571951e-05,13.999999999999998,1.1411224808364533,1.4845073186498852,0.07142857142857144,0.1023789306225879,0.23785416003948204,0.002909206130742586,39.510521646334055,20,equal_weight__sample
2012-12-13,14,sample,equal_weight,76.45801977179782,0.0,,0.035376237535224245,5.306435630283637e-05,13.999999999999998,1.2836267270548363,1.685193951424428,0.07142857142857144,0.13809950563112,0.15878469138036544,0.002816971010425325,21.86712777773631,20,equal_weight__sample
2013-01-14,14,sample,equal_weight,58.36629678917569,0.0,,0.04770493443003139,7.155740164504707e-05,13.999999999999998,1.328909572364249,1.7395070906065864,0.07142857142857144,0.13005274459766988,0.178077903509354,0.0027656127073196427,34.48740355229562,20,equal_weight__sample
2013-02-18,14,sample,equal_weight,53.65797576049927,0.0,,0.05270809160690282,7.906213741035422e-05,13.999999999999998,1.248380730586642,1.6333531101746421,0.07142857142857144,0.1508294193400542,0.1944000337636777,0.003650461515830945,32.452934484482256,20,equal_weight__sample
2013-03-18,14,sample,equal_weight,81.90686448010126,0.0,,0.05236173094140065,7.854259641210097e-05,13.999999999999998,1.1619715215138113,1.478918817030501,0.07142857142857144,0.14918863287260714,0.25174836842688597,0.002313155465218153,35.7141505105582,20,equal_weight__sample
2013-04-15,14,sample,equal_weight,169.47264443780853,0.0,,0.062183992833052426,9.327598924957863e-05,13.999999999999998,1.1029683730481512,1.386581261084403,0.07142857142857144,0.1469605015292367,0.2593194524643967,0.0027894268579757575,40.12164648153973,20,equal_weight__sample
2013-05-17,14,sample,equal_weight,176.82992632051716,0.0,,0.022620033497624106,3.393005024643616e-05,13.999999999999998,1.1106104165587023,1.4193631662163184,0.07142857142857144,0.13780979028845008,0.2371402060682338,0.002519497622854346,35.63968280561656,20,equal_weight__sample
2013-06-14,14,sample,equal_weight,85.28145649767117,0.0,,0.0537577851192776,8.063667767891639e-05,13.999999999999998,1.1373477605031093,1.5394130833793018,0.07142857142857144,0.1297758549516443,0.19348564570989973,0.0014273819566646888,40.370566263360516,20,equal_weight__sample
2013-07-12,14,sample,equal_weight,104.40802289658893,0.0,,0.04100893089294848,6.151339633942273e-05,13.999999999999998,1.1395852258693564,1.578117337181435,0.07142857142857144,0.13777781106778964,0.1688201331382846,0.001281143074531893,42.57403855922888,20,equal_weight__sample
2013-08-09,14,sample,equal_weight,83.3208005578718,0.0,,0.04108216409180143,6.162324613770214e-05,13.999999999999998,1.1457184584161935,1.6336820832623582,0.07142857142857144,0.13417530201903516,0.15336292934237863,0.0012962561107951326,40.160297345473026,20,equal_weight__sample
2013-09-09,14,sample,equal_weight,149.39318123304773,0.0,,0.03850058086230432,5.775087129345647e-05,13.999999999999998,1.141845754653339,1.5074458470031917,0.07142857142857144,0.16798485790961018,0.15614589720445368,0.0015078464050453134,37.18820046561996,20,equal_weight__sample
2013-10-08,14,sample,equal_weight,86.64341437946074,0.0,,0.03907623064944643,5.861434597416965e-05,13.999999999999998,1.242971504326463,1.6827028649593934,0.07142857142857144,0.1695564966006727,0.13097318202003275,0.0010428352941181896,44.252364423232635,20,equal_weight__sample
2013-11-05,14,sample,equal_weight,52.873209036380956,0.0,,0.01897077104584005,2.8456156568760076e-05,13.999999999999998,1.250192708519389,1.666312559448531,0.07142857142857144,0.16822624079527385,0.12365345139267958,0.0009473710927109619,45.349100971287186,20,equal_weight__sample
2013-12-03,14,sample,equal_weight,30.551269058962394,0.0,,0.028005525735462083,4.2008288603193124e-05,13.999999999999998,1.362810440384293,2.061911289603797,0.07142857142857144,0.12309249749749702,0.08120318951972465,0.0008612522522957201,38.58333016027778,20,equal_weight__sample
2013-12-31,14,sample,equal_weight,37.76506748505056,0.0,,0.02651380642595423,3.9770709638931345e-05,13.999999999999998,1.4063642457834469,1.9225137359036553,0.07142857142857144,0.1276231680062761,0.08368535556671909,0.002858426609406189,14.428907035368216,20,equal_weight__sample
2014-02-07,14,sample,equal_weight,52.51655614945461,0.0,,0.05681325956787302,8.521988935180953e-05,13.999999999999998,1.535693040427882,1.8465407703481476,0.07142857142857144,0.14198308092803752,0.1221721353336931,0.0026387562059105186,26.838810569506986,20,equal_weight__sample
2014-03-10,14,sample,equal_weight,65.51966834129126,0.0,,0.05780055127610993,8.67008269141649e-05,13.999999999999998,1.3031400219447777,1.7069913546216042,0.07142857142857144,0.11876481983218799,0.16242577628145427,0.0019004051461838276,33.37231303468249,20,equal_weight__sample
2014-04-07,14,sample,equal_weight,64.54997320150505,0.0,,0.06058492844050932,9.087739266076397e-05,13.999999999999998,1.225254922923283,1.699451241928108,0.07142857142857144,0.10973451108893809,0.1826416355767803,0.004969858985886722,34.506831053088476,20,equal_weight__sample
2014-05-09,15,sample,equal_weight,136.24381594115246,0.0,,0.16000996258555455,0.00024001494387833184,14.999999999999995,1.1064879425922698,1.3877020476117876,0.06666666666666668,0.10998506034047292,0.2440689555112648,0.0031669389696780377,34.52735276942303,20,equal_weight__sample
2014-06-06,15,sample,equal_weight,112.17762848906115,0.0,,0.04424166821280574,6.636250231920862e-05,14.999999999999995,1.0889362047980593,1.3438235574172976,0.06666666666666668,0.10920758779463696,0.26940721228629505,0.0044399436048407435,41.85642998597755,20,equal_weight__sample
2014-07-04,15,sample,equal_weight,121.55620007316793,0.0,,0.04155107759820519,6.232661639730779e-05,14.999999999999995,1.0912207670264669,1.3416099290617303,0.06666666666666668,0.11128307192164545,0.2533793451458542,0.003686213815438141,43.47472827668003,20,equal_weight__sample
2014-08-01,15,sample,equal_weight,91.97110052258638,0.0,,0.031372994379184074,4.705949156877611e-05,14.999999999999995,1.1645011599753925,1.5292553913159503,0.06666666666666668,0.12535660303549406,0.17930219274649803,0.001901182868507977,43.65593626095249,20,equal_weight__sample
2014-08-29,15,sample,equal_weight,49.42387875087435,0.0,,0.05615521626026831,8.423282439040246e-05,14.999999999999995,1.2531420591267726,2.0599407041272846,0.06666666666666668,0.11831385144330864,0.10034436515923596,0.0011070506316425263,41.37163595877641,20,equal_weight__sample
2014-09-30,16,sample,equal_weight,131.68463460387844,0.0,,0.1385957346107503,0.00020789360191612546,16.0,1.627056903551619,2.2680836254862284,0.0625,0.1345474076089817,0.1047766222914082,0.0015475477161375952,44.218242965359515,20,equal_weight__sample
2014-10-28,16,sample,equal_weight,104.34368797002327,0.0,,0.031261889316828835,4.689283397524325e-05,16.0,1.5906535443943934,2.087912932454685,0.0625,0.09885261137257155,0.11675671232268219,0.0013431478221140397,42.0788973112432,20,equal_weight__sample
2014-11-25,16,sample,equal_weight,47.28519046997389,0.0,,0.03262713999709232,4.8940709995638476e-05,16.0,1.3606984100299508,1.9253414209239454,0.0625,0.09342610197086311,0.12429937840999361,0.0029869355196287914,37.73386258265668,20,equal_weight__sample
2014-12-23,16,sample,equal_weight,68.95698387637196,0.0,,0.06322360145009345,9.483540217514018e-05,16.0,1.1711153313504226,1.6392677340672657,0.0625,0.11315585187850899,0.16498900081642792,0.0023249288740435628,34.3584175556098,20,equal_weight__sample
2015-01-22,16,sample,equal_weight,69.0743137919775,0.0,,0.05496948878234142,8.245423317351212e-05,16.0,1.129723751946708,1.6802737482568535,0.0625,0.11255367624953674,0.17397524138873377,0.003797518189640858,39.24452071774491,20,equal_weight__sample
2015-02-27,16,sample,equal_weight,117.50308695443772,0.0,,0.04676567608690167,7.014851413035252e-05,16.0,1.159654201079715,1.6074843178076714,0.0625,0.10079693399922843,0.20564685967785645,0.002545083327321196,45.413323253926194,20,equal_weight__sample
2015-03-27,16,sample,equal_weight,102.52479717709407,0.0,,0.04548944867200641,6.823417300800961e-05,16.0,1.3217176458914304,1.6441809110616248,0.0625,0.12533183076896962,0.1803612626666724,0.002213028965419064,46.34764894504268,20,equal_weight__sample
2015-04-24,16,sample,equal_weight,117.69596654446737,0.0,,0.025837003580940578,3.875550537141086e-05,16.0,1.2946537308121084,1.6125079220132112,0.0625,0.11744282384427725,0.1684662746512303,0.0023052364186462756,39.12096765692048,20,equal_weight__sample
2015-05-28,16,sample,equal_weight,118.93760398747138,0.0,,0.06464947188275302,9.697420782412954e-05,16.0,1.0823623585022015,1.578091159629185,0.0625,0.10241780161182662,0.16756161881958687,0.0018122542192028348,31.892365353041,20,equal_weight__sample
2015-06-25,16,sample,equal_weight,76.58362046166856,0.0,,0.05237359456114419,7.856039184171628e-05,16.0,1.14237946485258,1.6579990945721266,0.0625,0.10574703363423174,0.17062942938233805,0.0036562168942445928,32.8786088196531,20,equal_weight__sample
2015-07-23,16,sample,equal_weight,80.33473809468761,0.0,,0.07605540463881433,0.00011408310695822151,16.0,1.196908538833469,1.6932000336848823,0.0625,0.11668073267120611,0.19431214350271522,0.002301006429819535,40.015322977575856,20,equal_weight__sample
2015-08-20,16,sample,equal_weight,99.83589196836266,0.0,,0.06008328550728313,9.01249282609247e-05,16.0,1.2951567217926823,1.646006815381762,0.0625,0.12316201806398248,0.20205650158195584,0.004731876839373564,33.870775835807194,20,equal_weight__sample
2015-09-18,16,sample,equal_weight,143.26474676146495,0.0,,0.05049037168738137,7.573555753107206e-05,16.0,1.1171075263283425,1.4548393153696062,0.0625,0.1111446626130551,0.2596422613616135,0.003710625355573974,44.417222826224936,20,equal_weight__sample
2015-10-16,16,sample,equal_weight,181.12677637511896,0.0,,0.046552448991980154,6.982867348797022e-05,16.0,1.0864287148097997,1.414055361822067,0.0625,0.1090850139405841,0.2431257896780037,0.003588830961623449,40.37435969556203,20,equal_weight__sample
2015-11-13,16,sample,equal_weight,79.33530898087295,0.0,,0.06988334834414114,0.00010482502251621171,16.0,1.0634486584697889,1.4646872312069181,0.0625,0.10500244718990673,0.21626864603978516,0.0021284263532631944,44.49724540456402,20,equal_weight__sample
2015-12-11,16,sample,equal_weight,62.908345152319995,0.0,,0.04416201382776864,6.624302074165295e-05,16.0,1.2607011510085064,1.6086821370641642,0.0625,0.14330510906859378,0.14991796096497031,0.0018976795316577855,27.67351077065903,20,equal_weight__sample
2016-01-11,16,sample,equal_weight,60.480731030541214,0.0,,0.04330930722225479,6.496396083338219e-05,16.0,1.3585739786888629,1.8114968192785523,0.0625,0.12895190288341626,0.14419053918635377,0.004893712389726506,35.80373001243815,20,equal_weight__sample
2016-02-15,16,sample,equal_weight,140.84872441475827,0.0,,0.05654218200860422,8.481327301290633e-05,16.0,1.0942369385343749,1.5097449200020447,0.0625,0.1006803700367042,0.2038178943358646,0.0021401291326705743,39.028652897964186,20,equal_weight__sample
2016-03-14,16,sample,equal_weight,132.39422686974567,0.0,,0.049397841452485165,7.409676217872775e-05,16.0,1.1012983282194286,1.5595507619333278,0.0625,0.10274116533488482,0.20017896353109604,0.002516447141258487,44.80858708113068,20,equal_weight__sample
2016-04-11,16,sample,equal_weight,111.68511688135948,0.0,,0.03618739157251858,5.428108735877787e-05,16.0,1.1119404730388673,1.5052946386435917,0.0625,0.10033887628281477,0.19284233619198424,0.002207640170873589,38.46227230420727,20,equal_weight__sample
2016-05-12,16,sample,equal_weight,55.85510127528593,0.0,,0.048382519840905816,7.257377976135872e-05,16.0,1.2845178318663166,1.9059468878835253,0.0625,0.12407953644838524,0.1341666993128527,0.0012213284463240067,44.116197248316155,20,equal_weight__sample
2016-06-09,16,sample,equal_weight,70.50877416092706,0.0,,0.05133610767878313,7.70041615181747e-05,16.0,1.3973783243798585,1.9396547615183706,0.0625,0.13443128616392053,0.1283187828630263,0.0017575459853408197,39.91006582468575,20,equal_weight__sample
2016-07-07,16,sample,equal_weight,43.80820227486112,0.0,,0.07071607280621808,0.00010607410920932712,16.0,1.3198943092987536,1.9372842578067757,0.0625,0.12883586306487665,0.13576369626287857,0.0016314743938803918,40.711695765729225,20,equal_weight__sample
2016-08-04,16,sample,equal_weight,69.55201569301636,0.0,,0.04292535438704779,6.438803158057168e-05,16.0,1.199330674473648,1.8291634246919735,0.0625,0.09473639618107747,0.14533092554535498,0.0016470039076974241,40.11926271782961,20,equal_weight__sample
2016-09-01,16,sample,equal_weight,121.97542663060936,0.0,,0.0633406722544793,9.501100838171896e-05,16.0,1.328774075738745,1.867070735995539,0.0625,0.10314605426307935,0.14677996626237802,0.0017647468806213772,38.474420956885844,20,equal_weight__sample
2016-09-30,16,sample,equal_weight,78.39095807249973,0.0,,0.05871670157695574,8.807505236543362e-05,16.0,1.2653984949598052,2.020378805264807,0.0625,0.12015735530278253,0.1386138835695941,0.0018539961038118052,43.38625191982142,20,equal_weight__sample
2016-10-28,16,sample,equal_weight,105.02400606969034,0.0,,0.05239713771082376,7.859570656623563e-05,16.0,1.5064506955588028,2.1894512312404557,0.0625,0.11785216426476953,0.12274765253675311,0.0011697691873127675,44.93347046156115,20,equal_weight__sample
2016-11-25,16,sample,equal_weight,72.78115525977313,0.0,,0.036908452315582534,5.5362678473373806e-05,16.0,1.4872890704757926,2.03155470563694,0.0625,0.11737689288429515,0.12225442201872731,0.0013929778812995816,38.488086663284165,20,equal_weight__sample
2016-12-23,16,sample,equal_weight,82.45474510125763,0.0,,0.02928996660509424,4.393494990764136e-05,16.0,1.2140132408917408,1.8462766011997005,0.0625,0.11128445541588149,0.13532227914104422,0.002459075702284286,32.808632162201135,20,equal_weight__sample
2017-01-23,16,sample,equal_weight,42.99251506889937,0.0,,0.06974934388336021,0.0001046240158250403,16.0,1.3902642375036944,1.9267536526269446,0.0625,0.10569491235845241,0.13371997559556623,0.0013263613117244155,43.38619284170284,20,equal_weight__sample
2017-02-27,16,sample,equal_weight,30.86176105136959,0.0,,0.03753038495589974,5.6295577433849605e-05,16.0,2.014779451489501,2.1174350485765956,0.0625,0.11731611069677497,0.12303439833406399,0.0012957609192583792,44.36621164672889,20,equal_weight__sample
2017-03-27,17,sample,equal_weight,40.611472647651915,0.0,,0.13989406564127804,0.00020984109846191706,17.0,3.529204801172042,2.455244014192192,0.058823529411764705,0.1294873366636563,0.09791749800543995,0.001956337678716277,44.197077025530994,20,equal_weight__sample
2017-04-25,18,sample,equal_weight,34.80717886541968,0.0,,0.11822895158652025,0.00017734342737978038,18.0,2.435898690197819,2.4099258889611677,0.05555555555555555,0.12321605992194666,0.0984472901595075,0.0023779278590173583,40.81421526310153,20,equal_weight__sample
2017-05-25,19,sample,equal_weight,67.65706324444938,0.0,,0.13595850296995246,0.0002039377544549287,18.99999999999999,2.88366930048473,2.4533001977466093,0.05263157894736843,0.13354617443532535,0.10841251234254318,0.0015090412290477218,49.17911226651725,20,equal_weight__sample
2017-06-22,19,sample,equal_weight,46.01994230384732,0.0,,0.03846995982063798,5.770493973095697e-05,18.99999999999999,2.4101381421398296,2.357029869994249,0.05263157894736843,0.12683054240229152,0.1091819587995009,0.0016410671093166653,55.54779598483525,20,equal_weight__sample
2017-07-20,20,sample,equal_weight,50.64139725191821,0.0,,0.11488016514861399,0.00017232024772292098,20.000000000000004,1.3587984299196738,2.24166748973287,0.04999999999999999,0.09234884055837862,0.11100678479423615,0.001927220053452538,54.01346914681211,20,equal_weight__sample
2017-08-17,20,sample,equal_weight,80.94806803607156,0.0,,0.02957673129892968,4.436509694839452e-05,20.000000000000004,1.2503387815991485,1.8470596559040355,0.04999999999999999,0.10389783324425661,0.1274222172423147,0.0014885941687144421,54.38844922044089,20,equal_weight__sample
2017-09-15,20,sample,equal_weight,139.03098633096403,0.0,,0.05056153465482683,7.584230198224025e-05,20.000000000000004,1.347748367648985,1.8357577161285326,0.04999999999999999,0.1039842804992083,0.12456956107316021,0.0017425948240004255,46.198713321752095,20,equal_weight__sample
2017-10-13,20,sample,equal_weight,68.48440033035192,0.0,,0.0444450015371321,6.666750230569815e-05,20.000000000000004,1.7098744011998133,2.0816221677658855,0.04999999999999999,0.10664708610292577,0.1091631692676091,0.0017458367423370477,45.46670404561232,20,equal_weight__sample
2017-11-10,21,sample,equal_weight,46.434353829264765,0.0,,0.109831223076027,0.0001647468346140405,21.000000000000018,1.990995228086464,2.3843894762241264,0.0476190476190476,0.08160073353098715,0.09904737317850107,0.0034146502831975418,34.56677792194881,20,equal_weight__sample
2017-12-08,21,sample,equal_weight,43.0094956504404,0.0,,0.03924640127809234,5.8869601917138516e-05,21.000000000000018,1.2293994429870356,2.1310432475952235,0.0476190476190476,0.07065534517830069,0.13287807469151727,0.004146132912595198,46.89224808359504,20,equal_weight__sample
2018-01-08,22,sample,equal_weight,67.15828685497057,0.0,,0.11435852391437806,0.0001715377858715671,21.999999999999993,1.1931702016608825,1.9047991235757744,0.04545454545454546,0.08013993167320897,0.17077714580274556,0.012247191558790838,25.246919196090545,20,equal_weight__sample
2018-02-07,23,sample,equal_weight,120.43600733437175,0.0,,0.13729323296573043,0.00020593984944859565,23.000000000000004,1.1201571269883073,1.6633154981991316,0.04347826086956522,0.06446192308988703,0.2563846235891867,0.005685021568880531,47.78766766718624,20,equal_weight__sample
2018-03-14,23,sample,equal_weight,142.7213579068896,0.0,,0.08830357464335434,0.0001324553619650315,23.000000000000004,1.094609506156124,1.5572383237120075,0.04347826086956522,0.06646359545655237,0.2909861486801528,0.006466955452877201,56.007686441271176,20,equal_weight__sample
2018-04-11,24,sample,equal_weight,193.56355796792604,0.0,,0.11120538661780144,0.00016680807992670217,24.0,1.094696449131258,1.5747922262146814,0.041666666666666664,0.060739429527729094,0.28590238013344715,0.010376262660576814,44.824745005788245,20,equal_weight__sample
2018-05-14,25,sample,equal_weight,312.07463472377077,0.0,,0.12634171829861918,0.00018951257744792875,25.0,1.1758972120786897,1.600570681965386,0.04,0.07307155229879068,0.27983256584999955,0.01100003370217592,47.433398375566966,20,equal_weight__sample
2018-06-11,26,sample,equal_weight,648.3854791878136,0.0,,0.10777903999434012,0.00016166855999151018,26.0,1.0794755140270371,1.476414897827925,0.038461538461538464,0.060377256310551825,0.341001108917799,0.0071518340166761,57.28727558828492,20,equal_weight__sample
2018-07-09,27,sample,equal_weight,950.4122494831844,0.0,,0.10167667924568059,0.00015251501886852088,26.999999999999996,1.0640901610148683,1.392998056787964,0.03703703703703704,0.056243329539885215,0.3832776240120303,0.012861486239418863,52.16256846399959,20,equal_weight__sample
2018-08-06,28,sample,equal_weight,1138.0996387272921,0.0,,0.1077233698376078,0.0001615850547564117,27.99999999999999,1.073976701372528,1.4692722146756727,0.03571428571428572,0.05956092763456175,0.3325173292394592,0.012115015424650169,64.8588391800578,20,equal_weight__sample
2018-09-04,29,sample,equal_weight,503.0720739224109,0.0,,0.09645017612591518,0.00014467526418887277,28.999999999999993,1.0970196524888935,1.5370259565427056,0.03448275862068966,0.062764810108406,0.2615387804761852,0.008132419151508093,71.12815644606162,20,equal_weight__sample
2018-10-02,29,sample,equal_weight,229.55144402107493,0.0,,0.05590138726975237,8.385208090462856e-05,28.999999999999993,1.2682351220826678,1.9573151742830435,0.03448275862068966,0.06499262028979018,0.16359735850383664,0.008314620997315213,61.05509496491227,20,equal_weight__sample
2018-10-30,29,sample,equal_weight,333.0210021308287,0.0,,0.06108151606938915,9.162227410408372e-05,28.999999999999993,1.0586843391187941,1.5639982954354965,0.03448275862068966,0.05568320361682891,0.20113814801030255,0.0038984107469365653,62.152602550354885,20,equal_weight__sample
2018-11-27,29,sample,equal_weight,399.46873849894615,0.0,,0.043921546654014564,6.588231998102184e-05,28.999999999999993,1.0444845056909629,1.5303381244545116,0.03448275862068966,0.05265164804565852,0.21740653466393917,0.0035062692207261177,73.55668022408472,20,equal_weight__sample
2018-12-25,29,sample,equal_weight,420.2243740064178,0.0,,0.036694757324133936,5.50421359862009e-05,28.999999999999993,1.0459654404277876,1.4519591735911517,0.03448275862068966,0.0547559186304756,0.22782376828047962,0.00507529553167129,60.36309158948809,20,equal_weight__sample
2019-01-24,29,sample,equal_weight,382.5366895718319,0.0,,0.03423393517968612,5.1350902769529184e-05,28.999999999999993,1.1139221503577326,1.6679863839976814,0.03448275862068966,0.06028236019168438,0.17981260135338586,0.0034391527253932264,69.5786076433553,20,equal_weight__sample
2019-02-28,29,sample,equal_weight,240.1315581131362,0.0,,0.03709617363828074,5.5644260457421104e-05,28.999999999999993,1.125119336460576,1.7819780674012633,0.03448275862068966,0.055071481364861806,0.15652316966172328,0.002570896609755791,76.05760300397992,20,equal_weight__sample
2019-03-28,29,sample,equal_weight,200.19432310427075,0.0,,0.03655208215136819,5.4828123227052285e-05,28.999999999999993,1.2611809128169282,1.8662991023387325,0.03448275862068966,0.05858865477415094,0.1453430844525381,0.002683269177922234,77.37665724322032,20,equal_weight__sample
2019-04-26,29,sample,equal_weight,289.70835727765643,0.0,,0.03936003690407252,5.904005535610878e-05,28.999999999999993,1.4029113118510126,1.8989701013198286,0.03448275862068966,0.06041967096140006,0.13014679067722704,0.002293297627073938,73.53304981192045,20,equal_weight__sample
2019-05-29,29,sample,equal_weight,202.53119199202624,0.0,,0.0482688253881022,7.24032380821533e-05,28.999999999999993,1.1468990769098677,1.85707030656813,0.03448275862068966,0.05539930514581321,0.1255109985650896,0.0017607008263076799,77.7874237704616,20,equal_weight__sample
2019-06-26,29,sample,equal_weight,231.26380178303697,0.0,,0.038702131471731946,5.8053197207597916e-05,28.999999999999993,1.1803704522805443,2.0039481591488753,0.03448275862068966,0.052776232549354096,0.10766598110315392,0.001879059631747281,64.68254780649342,20,equal_weight__sample
2019-07-24,29,sample,equal_weight,240.25511387459352,0.0,,0.04719795778305322,7.079693667457982e-05,28.999999999999993,1.157979997295597,1.925737451881078,0.03448275862068966,0.06292935976230762,0.11832880190105033,0.002699399376711845,58.80944082469291,20,equal_weight__sample
2019-08-21,29,sample,equal_weight,121.67324372945781,0.0,,0.059082770160763964,8.862415524114596e-05,28.999999999999993,1.126199132755731,2.136605775102487,0.03448275862068966,0.06461038314044536,0.10867082236208682,0.0017177206204108868,76.77250059236934,20,equal_weight__sample
2019-09-19,29,sample,equal_weight,129.89474068046326,0.0,,0.041259509418211965,6.188926412731795e-05,28.999999999999993,1.4569036594676164,2.261049887812652,0.03448275862068966,0.06397465183655339,0.1011962946763737,0.001717090067361911,81.7444195631314,20,equal_weight__sample
2019-10-17,29,sample,equal_weight,117.72483696196109,0.0,,0.03695860129878488,5.543790194817732e-05,28.999999999999993,1.5997392959122747,2.317925233434959,0.03448275862068966,0.06410487749174486,0.09211246383238363,0.0013267278082380416,84.52501843495949,20,equal_weight__sample
2019-11-14,29,sample,equal_weight,134.0603575832662,0.0,,0.035569354562541594,5.335403184381239e-05,28.999999999999993,1.3627101927981269,2.229535188686111,0.03448275862068966,0.06386570208014716,0.0860017007165802,0.002324823297202914,67.8578624940246,20,equal_weight__sample
2019-12-12,29,sample,equal_weight,213.7930852208595,0.0,,0.032324958114471385,4.848743717170708e-05,28.999999999999993,1.2286874799377245,1.9613488416858982,0.03448275862068966,0.0610071487313535,0.10228032112351758,0.002199774628850011,67.2288746890672,20,equal_weight__sample
2020-01-10,29,sample,equal_weight,293.1357185269599,0.0,,0.04571184646681225,6.856776970021838e-05,28.999999999999993,1.1599145058500726,1.892760173820488,0.03448275862068966,0.06268019932176448,0.11432081853463816,0.006167958162393333,15.314046470118445,20,equal_weight__sample
2020-02-14,29,sample,equal_weight,489.41543707179096,0.0,,0.08077549472511622,0.00012116324208767432,28.999999999999993,1.098841282185417,1.663981410133027,0.03448275862068966,0.056125265821905794,0.16897660178690582,0.016824887936392512,-19.91159088087731,20,equal_weight__sample
2020-03-13,29,sample,equal_weight,542.0845494075832,0.0,,0.11793447443962292,0.00017690171165943438,28.999999999999993,1.0269093665881077,1.4409581484305618,0.03448275862068966,0.05246292608543176,0.26924462486763584,0.02122736331500556,5.925357989616149,20,equal_weight__sample
2020-04-13,29,sample,equal_weight,907.9134436093838,0.0,,0.1092131347143514,0.0001638197020715271,28.999999999999993,1.0205513721608768,1.3694757374354667,0.03448275862068966,0.04921764028231649,0.38300294094374193,0.010711522051196206,55.19250615306373,20,equal_weight__sample
2020-05-13,29,sample,equal_weight,852.2719244594886,0.0,,0.06314475413603979,9.471713120405968e-05,28.999999999999993,1.0187628238853446,1.3707455155125339,0.03448275862068966,0.048315540272242635,0.3973604893508592,0.015587450484053286,68.84885370371542,20,equal_weight__sample
2020-06-10,29,sample,equal_weight,844.4019640431566,0.0,,0.052145963167700295,7.821894475155044e-05,28.999999999999993,1.0237144269549017,1.4508586506020296,0.03448275862068966,0.048504531707402467,0.33771652246763234,0.007013751459303155,74.12206447851379,20,equal_weight__sample
2020-07-08,29,sample,equal_weight,506.36801677361166,0.0,,0.04565593559939442,6.848390339909163e-05,28.999999999999993,1.0387469892120567,1.5112364305995942,0.03448275862068966,0.048067883137576324,0.2524083755519135,0.009326192068090497,73.38533758104698,20,equal_weight__sample
2020-08-05,29,sample,equal_weight,713.9936417637923,0.0,,0.027256227453709016,4.088434118056352e-05,28.999999999999993,1.020923233860389,1.3296337981269972,0.03448275862068966,0.047218644605883785,0.2870654407627627,0.008339479391195113,70.81732370634778,20,equal_weight__sample
2020-09-03,29,sample,equal_weight,742.4509559547183,0.0,,0.04127270778566825,6.190906167850237e-05,28.999999999999993,1.0213291558275588,1.2906454015041784,0.03448275862068966,0.04668930094734639,0.2780238884637508,0.007487239231746363,74.19301416270153,20,equal_weight__sample
2020-10-01,29,sample,equal_weight,457.18349649862625,0.0,,0.06397770822135793,9.596656233203689e-05,28.999999999999993,1.0429990987748767,1.347323114037355,0.03448275862068966,0.05053866760568674,0.2335153641136636,0.004798751310585657,54.00740231028506,20,equal_weight__sample
2020-10-29,29,sample,equal_weight,163.3885806697785,0.0,,0.06997581862435195,0.00010496372793652793,28.999999999999993,1.340994959132183,2.10340013519004,0.03448275862068966,0.06100852345109343,0.11776927319713051,0.002547334772684802,56.51782633586272,20,equal_weight__sample
2020-11-26,28,sample,equal_weight,254.62225784734665,0.0,,0.08664101624001451,0.00012996152436002176,27.99999999999999,1.1841243754178103,1.9019924565886686,0.03571428571428572,0.0619447485058155,0.14071022631044555,0.0036763351322886685,51.7137930961537,20,equal_weight__sample
2020-12-24,28,sample,equal_weight,330.72538726869516,0.0,,0.08351132552956039,0.0001252669882943406,27.99999999999999,1.2443184613722904,1.8502122487624353,0.03571428571428572,0.0678472996027115,0.15968592331774273,0.006600980269898371,47.31767258182919,20,equal_weight__sample
2021-01-22,28,sample,equal_weight,328.54758682360205,0.0,,0.0630384436766161,9.455766551492414e-05,27.99999999999999,1.1382971175334844,1.631857645403516,0.03571428571428572,0.0541803426994585,0.20080136802280582,0.020571400008430465,29.663093958231833,20,equal_weight__sample
2021-02-26,29,sample,equal_weight,870.5036884827233,0.0,,0.09782050644645345,0.00014673075966968016,28.999999999999993,1.027454202579842,1.3077277395862665,0.03448275862068966,0.047605230192527714,0.33305933678601163,0.010235756983509465,74.0511777764785,20,equal_weight__sample
2021-03-26,29,sample,equal_weight,1004.4104521622514,0.0,,0.04397808672160111,6.596713008240167e-05,28.999999999999993,1.0234100651928264,1.2859998396683463,0.03448275862068966,0.04861220855136575,0.32501834137552565,0.0071357162296573195,59.69850327656067,20,equal_weight__sample
2021-04-26,29,sample,equal_weight,692.6638807394246,0.0,,0.09039761695364279,0.0001355964254304642,28.999999999999993,1.0216514436564914,1.2956357533262874,0.03448275862068966,0.049887563486503424,0.3169273814371761,0.009544843714602206,47.18292787825891,20,equal_weight__sample
2021-05-26,29,sample,equal_weight,215.9647774128974,0.0,,0.1050426293242361,0.00015756394398635414,28.999999999999993,1.0951420848946096,1.705019176616147,0.03448275862068966,0.06628791629897575,0.18717977366970032,0.00768744445670475,49.11731043316705,20,equal_weight__sample
2021-06-23,30,sample,equal_weight,262.10471941968586,0.0,,0.09260247276544568,0.00013890370914816853,30.0,1.24551817373626,1.8289352341161702,0.03333333333333333,0.07219331747733221,0.20064949836128398,0.011785977039430665,56.22474499670609,20,equal_weight__sample
2021-07-21,30,sample,equal_weight,447.78814638811457,0.0,,0.0674278299379601,0.00010114174490694014,30.0,1.1518369390621623,1.5932960500101458,0.03333333333333333,0.06236575862974332,0.2551314545171176,0.007264123658734682,78.07585467391212,20,equal_weight__sample
2021-08-18,30,sample,equal_weight,584.5488475512483,0.0,,0.040694935086484675,6.1042402629727e-05,30.0,1.141687107585465,1.5254401730831137,0.03333333333333333,0.06292650347291708,0.2551617954867214,0.006665867902282381,68.19533952022326,20,equal_weight__sample
2021-09-17,30,sample,equal_weight,362.56599658220887,0.0,,0.06275546207611726,9.41331931141759e-05,30.0,1.081221715083729,1.466129415132536,0.03333333333333333,0.05755851542094206,0.24317822937432096,0.006573093201507424,74.3980398677763,20,equal_weight__sample
2021-10-15,30,sample,equal_weight,523.3525819232375,0.0,,0.04291142484838663,6.436713727257994e-05,30.0,1.155382613671642,1.8005217721103661,0.03333333333333333,0.05783232122211465,0.1533550353831315,0.002977390244953398,65.4380770408305,20,equal_weight__sample
2021-11-12,30,sample,equal_weight,316.42424388607327,0.0,,0.037613628170995284,5.642044225649292e-05,30.0,1.1736789366166434,1.9132181644040156,0.03333333333333333,0.05522769074446982,0.14259550744137126,0.005424448836013555,49.32095907717574,20,equal_weight__sample
2021-12-10,30,sample,equal_weight,430.768603990115,0.0,,0.06320878238227823,9.481317357341735e-05,30.0,1.5294170814402541,1.9268300704829893,0.03333333333333333,0.05871319399683407,0.15402182841053022,0.003523088117970367,59.149475610877175,20,equal_weight__sample
2022-01-10,30,sample,equal_weight,380.05978590187493,0.0,,0.049538295893019495,7.430744383952924e-05,30.0,1.5755767324368697,1.8936863042306928,0.03333333333333333,0.05558884832291142,0.16236899218393647,0.007928314395294766,42.93988552447746,20,equal_weight__sample
2022-02-14,30,sample,equal_weight,472.164372163933,0.0,,0.06492587256364889,9.738880884547333e-05,30.0,1.219885888733761,1.7607454118565826,0.03333333333333333,0.05816106231121566,0.2031100233345829,0.00507673828470569,73.0115535739068,20,equal_weight__sample
2022-03-14,30,sample,equal_weight,286.3955746158262,0.0,,0.03623880830998202,5.435821246497302e-05,30.0,1.2242871255269534,1.8452070390682005,0.03333333333333333,0.06285478320875838,0.18081685283180832,0.0037650615670621543,67.53065554236676,20,equal_weight__sample
2022-04-12,30,sample,equal_weight,448.1668776662658,0.0,,0.04706519091664391,7.059778637496587e-05,30.0,1.1860975944327181,1.7801100785555706,0.03333333333333333,0.058508072991916155,0.18328084705260136,0.016280548014435132,31.100200378119194,20,equal_weight__sample
2022-05-12,30,sample,equal_weight,426.09676286276715,0.0,,0.09382781865806133,0.000140741727987092,30.0,1.0433317241757258,1.4391469473615592,0.03333333333333333,0.045916037816296815,0.25400649099889916,0.007023700194371981,63.64601271885118,20,equal_weight__sample
2022-06-09,30,sample,equal_weight,804.0304966261981,0.0,,0.0708140775188631,0.00010622111627829465,30.0,1.0347253740722928,1.351566406111974,0.03333333333333333,0.048820152132200055,0.30501040114562283,0.006740629341241791,50.25906168279556,20,equal_weight__sample
2022-07-07,30,sample,equal_weight,784.4743534562824,0.0,,0.0787829506503718,0.0001181744259755577,30.0,1.0586164856981508,1.3746356357271174,0.03333333333333333,0.049897391098099604,0.33865521877482807,0.012372688785069778,77.37561538356921,20,equal_weight__sample
2022-08-04,30,sample,equal_weight,607.1044461713336,0.0,,0.05579203626386654,8.368805439579981e-05,30.0,1.09580225897335,1.4840509265875828,0.03333333333333333,0.05334265689579084,0.26856352762528635,0.009141182440617441,82.2007034622739,20,equal_weight__sample
2022-09-05,30,sample,equal_weight,721.4622415278303,0.0,,0.040982925164071184,6.147438774610678e-05,30.0,1.1972142399918002,1.6239083574642312,0.03333333333333333,0.057958402794426496,0.20654619200655192,0.004468578305356394,71.5584277440553,20,equal_weight__sample
2022-10-03,30,sample,equal_weight,502.0769948368157,0.0,,0.06588859343538864,9.883289015308295e-05,30.0,1.1085229454943752,1.558775101288477,0.03333333333333333,0.057478475927655495,0.1816455867266969,0.019102928229163808,-5.343655542024681,20,equal_weight__sample
2022-10-31,30,sample,equal_weight,699.099318523219,0.0,,0.08041637554583518,0.00012062456331875277,30.0,1.0660950738575863,1.3580456308617654,0.03333333333333333,0.05597558300283317,0.2785644302594502,0.011528961986838481,33.45789039504382,20,equal_weight__sample
2022-11-28,30,sample,equal_weight,1071.6296228727856,0.0,,0.07276141520144966,0.00010914212280217448,30.0,1.0627724107184953,1.3339168573409126,0.03333333333333333,0.05826686901662105,0.34934137748444277,0.007446522412770757,56.519652485140895,20,equal_weight__sample
2022-12-26,30,sample,equal_weight,753.7220519124988,0.0,,0.05313770742535624,7.970656113803437e-05,30.0,1.054109845482308,1.3286375612738952,0.03333333333333333,0.05530482301340132,0.3736446019689598,0.014181402067280873,76.95121137350661,20,equal_weight__sample
2023-01-31,30,sample,equal_weight,1069.9107870619375,0.0,,0.05284350898515369,7.926526347773054e-05,30.0,1.0717271302400848,1.381965165106557,0.03333333333333333,0.05837010344394684,0.31347503718092196,0.007720581473761812,69.78927674298023,20,equal_weight__sample
2023-02-28,30,sample,equal_weight,646.2567020089307,0.0,,0.050671387253049364,7.600708087957405e-05,30.0,1.0532779477950722,1.3797549826961857,0.03333333333333333,0.062302584060043444,0.26780861361151076,0.006267577003928698,82.21740065561781,20,equal_weight__sample
2023-03-28,30,sample,equal_weight,965.4840644592517,0.0,,0.0455664385883279,6.834965788249186e-05,30.0,1.0648262536882709,1.450120117733417,0.03333333333333333,0.06469911113048869,0.2115629068343207,0.005294394022753411,80.43049421397379,20,equal_weight__sample
2023-04-25,30,sample,equal_weight,522.457162623967,0.0,,0.040432727882809445,6.064909182421416e-05,30.0,1.0845934435699802,1.5210792876315262,0.03333333333333333,0.06867916628548959,0.17911928486431786,0.003745437261752985,76.80303257224881,20,equal_weight__sample
2023-05-26,30,sample,equal_weight,274.4490368075037,0.0,,0.036431241681731535,5.464686252259731e-05,30.0,1.2012164215833743,1.735066853514118,0.03333333333333333,0.0688098373086694,0.13071032186195258,0.001652329208624916,79.11457933637294,20,equal_weight__sample
2023-06-23,30,sample,equal_weight,248.086458696063,0.0,,0.045817670911879646,6.872650636781948e-05,30.0,1.3195249289514837,1.9903796169264323,0.03333333333333333,0.0716486612180925,0.10129804867956203,0.0015955186793610626,70.17306365841804,20,equal_weight__sample
2023-07-21,30,sample,equal_weight,185.7498594028006,0.0,,0.03700285948852849,5.5504289232792734e-05,30.0,1.3089150788737942,2.111554057625181,0.03333333333333333,0.07250540261482223,0.09697005166167633,0.005171679343763088,41.71133863656101,20,equal_weight__sample
2023-08-18,30,sample,equal_weight,236.37748073612218,0.0,,0.051776921652643026,7.766538247896454e-05,30.0,1.0829936382495395,1.702981399576081,0.03333333333333333,0.05272399059211079,0.14527253917231311,0.0023340040048972673,70.00258591680199,20,equal_weight__sample
2023-09-19,30,sample,equal_weight,261.19694573646285,0.0,,0.05742115601565502,8.613173402348253e-05,30.0,1.070953965520776,1.6744843068803505,0.03333333333333333,0.05473051250153474,0.15536764756869564,0.005117376205949224,63.134914812926354,20,equal_weight__sample
2023-10-17,30,sample,equal_weight,419.0041295101054,0.0,,0.042729270912400405,6.40939063686006e-05,30.0,1.0844876858949493,1.5194608916949548,0.03333333333333333,0.061878240696205775,0.1928238220895176,0.0071926432564343645,48.465771587210995,20,equal_weight__sample
2023-11-14,30,sample,equal_weight,821.1975335262182,0.0,,0.05754102188182303,8.631153282273454e-05,30.0,1.0668257142410695,1.432139145963672,0.03333333333333333,0.06734420231602228,0.22601522618897815,0.004300555657032113,83.68372978956396,20,equal_weight__sample
2023-12-12,30,sample,equal_weight,695.6173628927316,0.0,,0.029344345650702423,4.4016518476053635e-05,30.0,1.0716491273494033,1.3957887038736072,0.03333333333333333,0.0671964253267664,0.22921784899432207,0.006067182455745238,77.56011643713403,20,equal_weight__sample
2024-01-10,30,sample,equal_weight,512.0972520100622,0.0,,0.0485067321414044,7.27600982121066e-05,30.0,1.0544502819199946,1.4227755585934174,0.03333333333333333,0.060024745512828485,0.2015743536171778,0.004477556345201831,82.85973297765061,20,equal_weight__sample
2024-02-07,30,sample,equal_weight,390.3592723499637,0.0,,0.051805848258651185,7.770877238797677e-05,30.0,1.045348091750809,1.6845861409265437,0.03333333333333333,0.045346197712013675,0.12639779451324554,0.0027125615199017706,53.68746235203473,20,equal_weight__sample
2024-03-13,30,sample,equal_weight,335.08025542280467,0.0,,0.054013526384393065,8.10202895765896e-05,30.0,1.065796248196417,1.8166194632105115,0.03333333333333333,0.05985565290258944,0.12254006623250119,0.0030674718035008366,67.21275945685878,20,equal_weight__sample
2024-04-10,30,sample,equal_weight,280.90958540962237,0.0,,0.039765131082109356,5.9647696623164034e-05,30.0,1.146150645415033,1.7361309971381773,0.03333333333333333,0.05546132890573259,0.13813222530579225,0.005376863342470304,47.468411508372,20,equal_weight__sample
2024-05-14,30,sample,equal_weight,648.8916296090727,0.0,,0.051586002532485936,7.73790037987289e-05,30.0,1.0805788550393498,1.5300238404776247,0.03333333333333333,0.059319587081441874,0.1840867716899268,0.0034045209044035836,77.60376185910079,20,equal_weight__sample
2024-06-11,30,sample,equal_weight,607.3995488395359,0.0,,0.058107229584002565,8.716084437600385e-05,30.0,1.082635857364842,1.53483755577881,0.03333333333333333,0.056195970213650644,0.17836630285689464,0.0029135087076990886,60.708867164990465,20,equal_weight__sample
2024-07-09,30,sample,equal_weight,406.5450773997088,0.0,,0.04538813972892787,6.808220959339181e-05,30.0,1.071993508399685,1.5577621627457585,0.03333333333333333,0.05582327083357663,0.1746777781668464,0.0026734088209830857,72.02581437046115,20,equal_weight__sample
2024-08-06,30,sample,equal_weight,521.5554479866563,0.0,,0.052997603923455025,7.949640588518255e-05,30.0,1.103215107510637,1.607823149379859,0.03333333333333333,0.06158265031285863,0.16089568202871396,0.0024702080816811057,68.49955388358822,20,equal_weight__sample
2024-09-05,30,sample,equal_weight,468.3840625616854,0.0,,0.044032717207803905,6.604907581170586e-05,30.0,1.1554666554716793,1.6189735614084475,0.03333333333333333,0.07688763810963141,0.15603842837988938,0.0029513764830722006,80.41262283734454,20,equal_weight__sample
2024-10-03,30,sample,equal_weight,249.82690120521968,0.0,,0.044459807350620786,6.668971102593118e-05,30.0,1.0946212565299573,1.6127208877062826,0.03333333333333333,0.06830446240827297,0.14765568969301118,0.002463510936585098,86.6156092775964,20,equal_weight__sample
2024-10-31,30,sample,equal_weight,189.6124608680431,0.0,,0.024675363712253512,3.7013045568380266e-05,30.0,1.0854208795906453,1.9195098022489885,0.03333333333333333,0.06138652244707513,0.10195367023527924,0.0012950196544351928,90.1493526746855,20,equal_weight__sample
2024-11-28,30,sample,equal_weight,243.93146005813006,0.0,,0.025802271552165034,3.870340732824755e-05,30.0,1.1506650475140248,1.8502563109877934,0.03333333333333333,0.059339422842097325,0.09858700965516941,0.0015637937010762096,87.51200167547803,20,equal_weight__sample
2024-12-26,30,sample,equal_weight,388.18566304578417,0.0,,0.038597188067498234,5.789578210124735e-05,30.0,1.1518077778181703,1.726340983242891,0.03333333333333333,0.06387897192819128,0.10578519742770832,0.0016153155742267178,68.2258628947685,20,equal_weight__sample
2025-01-24,30,sample,equal_weight,399.22887206776284,0.0,,0.03408655239641667,5.1129828594625006e-05,30.0,1.0976610123707822,1.6512869939065085,0.03333333333333333,0.0618425120826141,0.11245732889919995,0.0015211915239517495,73.32538807469825,20,equal_weight__sample
2025-02-28,30,sample,equal_weight,319.72678021172266,0.0,,0.03567089762296064,5.350634643444097e-05,30.0,1.1010046307751695,1.7943435747525385,0.03333333333333333,0.06013879443898702,0.10266796420150015,0.0022243900069202787,25.218620250962513,20,equal_weight__sample
2025-03-28,30,sample,equal_weight,143.6189071530471,0.0,,0.07074028104291641,0.00010611042156437462,30.0,1.387250217009938,2.285729920728769,0.03333333333333333,0.06281467292907769,0.08468775266670212,0.026952512361918927,-61.3476714381971,20,equal_weight__sample
2025-04-28,30,sample,equal_weight,1015.1370045539128,0.0,,0.08256941875753698,0.00012385412813630548,30.0,1.0231708159626491,1.301406728525235,0.03333333333333333,0.04019497372972788,0.28134419407379024,0.007985678075647129,69.789339282643,20,equal_weight__sample
2025-05-29,30,sample,equal_weight,1181.6225165116243,0.0,,0.06759880459650534,0.00010139820689475802,30.0,1.022514727375399,1.3244882811839207,0.03333333333333333,0.043480704586843395,0.28906319852840934,0.0091774030408626,74.87508630633492,20,equal_weight__sample
2025-06-26,30,sample,equal_weight,1097.265780974678,0.0,,0.03935508549406501,5.903262824109752e-05,30.0,1.0241307428449762,1.332351135892729,0.03333333333333333,0.04626786128840554,0.29271235335894136,0.009160737585867476,68.33995049293658,20,equal_weight__sample
2025-07-24,30,sample,equal_weight,244.15984364475068,0.0,,0.06140421840130757,9.210632760196135e-05,30.0,2.2802770519880675,2.202263708304178,0.03333333333333333,0.06881218173441943,0.11191679145367793,0.009773628007334743,-7.065867295481343,20,equal_weight__sample
2025-08-21,30,sample,equal_weight,645.2172321431576,0.0,,0.1127992029117201,0.00016919880436758015,30.0,1.1352725213178394,1.8745158449721933,0.03333333333333333,0.058545312660985414,0.16445171509981607,0.005766522812842398,48.97543340073551,20,equal_weight__sample
2025-09-22,30,sample,equal_weight,354.24413152293,0.0,,0.058973242853816644,8.845986428072497e-05,30.0,1.144121365381649,1.6292054423887499,0.03333333333333333,0.05839808263389269,0.21231485927037344,0.005229453433163833,73.85226094412506,20,equal_weight__sample
2025-10-20,30,sample,equal_weight,900.0791986355716,0.0,,0.08055778001026756,0.00012083667001540135,30.0,1.0883834855649943,1.484957138932131,0.03333333333333333,0.0578614372054349,0.2541830677616245,0.005417142424721384,60.518451362490254,20,equal_weight__sample
2025-11-17,30,sample,equal_weight,656.8296340741823,0.0,,0.06434362253841679,9.651543380762518e-05,30.0,1.079261627316397,1.4728384584289125,0.03333333333333333,0.05522679766421559,0.23946575144005422,0.005673515783778208,62.93875159924575,20,equal_weight__sample
2025-12-15,30,sample,equal_weight,818.2073471809673,0.0,,0.049060246955910145,7.359037043386521e-05,30.0,1.1305877273327913,1.5529582155122057,0.03333333333333333,0.06806584416342536,0.21513848205434338,0.00789848897075428,36.61832945164193,20,equal_weight__sample
2026-01-14,30,sample,equal_weight,466.42503932583463,0.0,,0.10650614164652632,0.00015975921246978947,30.0,1.4758855892108544,1.8565028822275957,0.03333333333333333,0.06465707560712686,0.19120881245027813,0.007135725658212407,40.88670976018591,20,equal_weight__sample
2026-02-11,30,sample,equal_weight,332.6089290282663,0.0,,0.05805316465225091,8.707974697837637e-05,30.0,1.3637262127320486,2.188481355349254,0.03333333333333333,0.05652466374911222,0.17080382793959162,0.010636123885599877,50.5347552741419,20,equal_weight__sample
2026-03-18,30,sample,equal_weight,548.2459105134491,0.0,,0.04904262113149796,7.356393169724694e-05,30.0,1.2348570117839013,1.8284509289794764,0.03333333333333333,0.04613043311719138,0.23273334048894487,0.006902567863981845,71.55842561084539,20,equal_weight__sample
2026-04-15,30,sample,equal_weight,606.8413586793914,0.0,,0.05580129485349482,8.370194228024223e-05,30.0,1.0398407137675876,1.6204814525598306,0.03333333333333333,0.046957873807019726,0.25535904807240045,0.007967627278900014,73.32314362477125,20,equal_weight__sample
2026-05-18,30,sample,equal_weight,551.9665940449746,0.0,,0.0694748001588837,0.00010421220023832555,30.0,1.0594888696109588,1.5657073828841817,0.03333333333333333,0.04656248989206135,0.24836308722009076,0.00675691329227832,73.2695999410713,20,equal_weight__sample
2026-06-15,30,sample,equal_weight,511.85513970599817,0.0,,0.05899145726605928,8.848718589908892e-05,30.0,1.1734278067350128,1.762323706847944,0.03333333333333333,0.06071848733111593,0.18528932530123604,0.004305172437392425,81.22231270526572,20,equal_weight__sample
2026-07-13,30,sample,equal_weight,345.4591849764964,0.0,,0.053060973954272124,7.959146093140819e-05,30.0,2.5926712111902925,2.469288763037371,0.03333333333333333,0.0662004303428046,0.11312295270801927,0.008650697963146301,58.25771967412331,9,equal_weight__sample
2012-05-02,13,sample,inverse_volatility,57.21504473420251,0.0,,1.0,0.0015,11.862966419745792,1.355223148696382,1.5082153659057635,0.14218213721811998,0.09764028583125053,0.2538286503678156,0.0023434115470995416,32.42321219850659,20,inverse_volatility__sample
2012-05-30,13,sample,inverse_volatility,50.197786727881955,0.0,,0.08598747506175303,0.00012898121259262953,11.95719570780321,1.4246683574014465,1.5185033418138316,0.13709449995839657,0.09371218789902554,0.23665215752607394,0.0027335254615584695,36.68236595406121,20,inverse_volatility__sample
2012-06-27,13,sample,inverse_volatility,114.24741656682295,0.0,,0.17233567702183356,0.0002585035155327503,10.381496223826222,1.3287178776056359,1.537365528284343,0.17488142113438152,0.09874058558348303,0.168566606711908,0.001522654596574831,37.93348589163162,20,inverse_volatility__sample
2012-07-25,13,sample,inverse_volatility,196.4801841799704,0.0,,0.1271919003190909,0.00019078785047863634,9.890878658215383,1.4268879067482958,1.5278218168818536,0.19297101968654437,0.10199878117910027,0.15510486826773193,0.002349768799451847,14.05587323777188,20,inverse_volatility__sample
2012-08-22,14,sample,inverse_volatility,69.50427208017032,0.0,,0.40820822769635,0.000612312341544525,13.28120770215761,1.5586962945651621,1.5483530850679867,0.09527881333431133,0.09357353441144982,0.1663512830939285,0.005381174697579563,18.88868685008744,20,inverse_volatility__sample
2012-09-20,14,sample,inverse_volatility,83.26657805398501,0.0,,0.10373119525167337,0.00015559679287751007,13.418560551047188,1.283860950946954,1.445285545644252,0.09628239457337312,0.09066253594792927,0.23139195345165994,0.0022160056111247594,36.82741107160095,20,inverse_volatility__sample
2012-10-18,14,sample,inverse_volatility,115.24492667207588,0.0,,0.0988411446869722,0.0001482617170304583,13.263274248711452,1.301665105365091,1.451466117340339,0.09616244402294359,0.09185096672381361,0.23166217551092855,0.002419136237617863,35.65667041888591,20,inverse_volatility__sample
2012-11-15,14,sample,inverse_volatility,67.50936824355847,0.0,,0.08582932126849376,0.00012874398190274063,13.147241248541798,1.3888874137888534,1.5187746383537235,0.10701621694886669,0.09207631863284602,0.21752197278370317,0.002909206130742586,39.510521646334055,20,inverse_volatility__sample
2012-12-13,14,sample,inverse_volatility,76.45801977179782,0.0,,0.18177839513855448,0.00027266759270783175,11.741479521320988,1.7793140188443894,1.7468812673250156,0.16316045616040864,0.09606077251755929,0.13260950757168447,0.002816971010425325,21.86712777773631,20,inverse_volatility__sample
2013-01-14,14,sample,inverse_volatility,58.36629678917569,0.0,,0.19843996507494033,0.0002976599476124105,13.134919812820463,1.640282053070907,1.7776170497072235,0.11154175129733629,0.09944309557916767,0.1626313178106766,0.0027656127073196427,34.48740355229562,20,inverse_volatility__sample
2013-02-18,14,sample,inverse_volatility,53.65797576049927,0.0,,0.10956833410204507,0.0001643525011530676,13.293580450977936,1.5126995713126437,1.6617920761803684,0.09857089451470234,0.0923243398419901,0.17867582746556535,0.003650461515830945,32.452934484482256,20,inverse_volatility__sample
2013-03-18,14,sample,inverse_volatility,81.90686448010126,0.0,,0.07877632597578856,0.00011816448896368283,13.094281126159357,1.3693373076415263,1.4990337953730253,0.10578954951707621,0.09430780691908214,0.22808863078308073,0.002313155465218153,35.7141505105582,20,inverse_volatility__sample
2013-04-15,14,sample,inverse_volatility,169.47264443780853,0.0,,0.1408093387919977,0.00021121400818799657,12.624428909065951,1.2489392184931594,1.3985579024895622,0.12468392982795153,0.08724683503649834,0.23104960431554428,0.0027894268579757575,40.12164648153973,20,inverse_volatility__sample
2013-05-17,14,sample,inverse_volatility,176.82992632051716,0.0,,0.05750153739941117,8.625230609911674e-05,12.387708742710187,1.2752955599339366,1.4331083515427432,0.1381435232546701,0.089999676512456,0.20997554212878422,0.002519497622854346,35.63968280561656,20,inverse_volatility__sample
2013-06-14,14,sample,inverse_volatility,85.28145649767117,0.0,,0.13208171801194535,0.00019812257701791802,12.496383480643477,1.2788099517290727,1.562756010766603,0.1401364909506576,0.0904979831286889,0.17410493962634485,0.0014273819566646888,40.370566263360516,20,inverse_volatility__sample
2013-07-12,14,sample,inverse_volatility,104.40802289658893,0.0,,0.06952823765449753,0.00010429235648174631,12.17626423857227,1.2990779369587957,1.63305364646052,0.1438477212548071,0.09468951642270501,0.145510711876044,0.001281143074531893,42.57403855922888,20,inverse_volatility__sample
2013-08-09,14,sample,inverse_volatility,83.3208005578718,0.0,,0.07326924638792606,0.00010990386958188909,12.1911631746036,1.309476162981897,1.6980546976592519,0.14591191774760223,0.09352272038224249,0.13233441522949613,0.0012962561107951326,40.160297345473026,20,inverse_volatility__sample
2013-09-09,14,sample,inverse_volatility,149.39318123304773,0.0,,0.1366719619780372,0.0002050079429670558,11.58033677940727,1.4495584609373602,1.6302191907624026,0.14445070340854022,0.09625218998964441,0.12207969424684373,0.0015078464050453134,37.18820046561996,20,inverse_volatility__sample
2013-10-08,14,sample,inverse_volatility,86.64341437946074,0.0,,0.10293731194194275,0.00015440596791291413,12.189541966397975,1.5932953155479161,1.7809630389447724,0.13268403597475384,0.0983299106054594,0.10915300039730302,0.0010428352941181896,44.252364423232635,20,inverse_volatility__sample
2013-11-05,14,sample,inverse_volatility,52.873209036380956,0.0,,0.08168230605599283,0.00012252345908398925,12.462370425023796,1.5095669643810805,1.73919736790927,0.13228232396738776,0.09973204035699205,0.10615933082947092,0.0009473710927109619,45.349100971287186,20,inverse_volatility__sample
2013-12-03,14,sample,inverse_volatility,30.551269058962394,0.0,,0.16077382797233392,0.00024116074195850085,12.619970081617414,2.04994368006039,2.132918023970969,0.13157374968604138,0.11134534131184552,0.07140329671089028,0.0008612522522957201,38.58333016027778,20,inverse_volatility__sample
2013-12-31,14,sample,inverse_volatility,37.76506748505056,0.0,,0.15982782884058477,0.00023974174326087718,12.378843039351327,2.071131564055188,2.0066617289845152,0.13737652763223884,0.10957160957445101,0.07170270273029,0.002858426609406189,14.428907035368216,20,inverse_volatility__sample
2014-02-07,14,sample,inverse_volatility,52.51655614945461,0.0,,0.1986022169742112,0.00029790332546131683,12.009062580473602,2.465853344890717,1.9659813265078125,0.13061339335149902,0.10256597839805491,0.09841882379300816,0.0026387562059105186,26.838810569506986,20,inverse_volatility__sample
2014-03-10,14,sample,inverse_volatility,65.51966834129126,0.0,,0.19458320752394206,0.0002918748112859131,12.156379295223797,1.8787007607621828,1.7939545349931454,0.14230626318964978,0.09389598991661241,0.13726958474192233,0.0019004051461838276,33.37231303468249,20,inverse_volatility__sample
2014-04-07,14,sample,inverse_volatility,64.54997320150505,0.0,,0.12194737415631793,0.00018292106123447689,12.619564428598393,1.6243898837100965,1.740960700279668,0.11977927544769311,0.09383975734245928,0.16138637865815478,0.004969858985886722,34.506831053088476,20,inverse_volatility__sample
2014-05-09,15,sample,inverse_volatility,136.24381594115246,0.0,,0.22981391518304056,0.00034472087277456087,13.980521417665114,1.2929647638628416,1.40151502857987,0.09178371345690205,0.07907910429200612,0.2231918682189485,0.0031669389696780377,34.52735276942303,20,inverse_volatility__sample
2014-06-06,15,sample,inverse_volatility,112.17762848906115,0.0,,0.10930479564860922,0.00016395719347291383,13.902105359179421,1.2274258612753008,1.356404913945853,0.1112362949620037,0.07819040406177295,0.24618667989156479,0.0044399436048407435,41.85642998597755,20,inverse_volatility__sample
2014-07-04,15,sample,inverse_volatility,121.55620007316793,0.0,,0.06495962092302261,9.743943138453392e-05,13.752882097449387,1.2289809703270702,1.358455339951961,0.11917369274594686,0.0766204534692793,0.23024821013555924,0.003686213815438141,43.47472827668003,20,inverse_volatility__sample
2014-08-01,15,sample,inverse_volatility,91.97110052258638,0.0,,0.11094020638524617,0.00016641030957786925,13.53478626812006,1.3421999733283843,1.5769454214312628,0.1300784610711623,0.08425582593364626,0.1590693106714288,0.001901182868507977,43.65593626095249,20,inverse_volatility__sample
2014-08-29,15,sample,inverse_volatility,49.42387875087435,0.0,,0.19461875034560078,0.0002919281255184012,12.829537874652079,1.5211062009560237,2.072518208041635,0.14768501529239617,0.09362912821789632,0.089321377402547,0.0011070506316425263,41.37163595877641,20,inverse_volatility__sample
2014-09-30,16,sample,inverse_volatility,131.68463460387844,0.0,,0.14003471855469762,0.00021005207783204646,12.502565071466742,2.687374378944109,2.090819260780006,0.1647607080020217,0.09882038677913664,0.09125662219559239,0.0015475477161375952,44.218242965359515,20,inverse_volatility__sample
2014-10-28,16,sample,inverse_volatility,104.34368797002327,0.0,,0.07714928171593924,0.00011572392257390887,12.184137736022953,2.690792310018277,2.022441829774187,0.17357399117976194,0.10054212815280134,0.09613383430681027,0.0013431478221140397,42.0788973112432,20,inverse_volatility__sample
2014-11-25,16,sample,inverse_volatility,47.28519046997389,0.0,,0.20092453650755648,0.0003013868047613347,14.462146796818251,1.4883879983370927,1.8813218413516233,0.10730857907979158,0.0824848036033027,0.1142586657064324,0.0029869355196287914,37.73386258265668,20,inverse_volatility__sample
2014-12-23,16,sample,inverse_volatility,68.95698387637196,0.0,,0.10766304125015672,0.00016149456187523507,14.571058241733166,1.4429497910631564,1.6298633712856758,0.10216620781184,0.08270919123494032,0.1506033815661442,0.0023249288740435628,34.3584175556098,20,inverse_volatility__sample
2015-01-22,16,sample,inverse_volatility,69.0743137919775,0.0,,0.21341260932604805,0.0003201189139890721,14.90605054716378,1.2759525513670902,1.664429659802257,0.09269233759515783,0.08241035073042315,0.1633283153191783,0.003797518189640858,39.24452071774491,20,inverse_volatility__sample
2015-02-27,16,sample,inverse_volatility,117.50308695443772,0.0,,0.14709108808680027,0.00022063663213020042,14.621638058212874,1.3949034818791821,1.6166242849504153,0.10778911882090142,0.08745436474136757,0.1880951942075484,0.002545083327321196,45.413323253926194,20,inverse_volatility__sample
2015-03-27,16,sample,inverse_volatility,102.52479717709407,0.0,,0.08118100095464265,0.00012177150143196398,14.260686402547558,1.7073119063321933,1.7019646976078162,0.12579889151653192,0.08765506907062594,0.15812825875248387,0.002213028965419064,46.34764894504268,20,inverse_volatility__sample
2015-04-24,16,sample,inverse_volatility,117.69596654446737,0.0,,0.10513821313392954,0.0001577073197008943,14.897412252040523,1.5338533958818452,1.6495411123171153,0.1044777509081851,0.08548273351351991,0.1542350198728087,0.0023052364186462756,39.12096765692048,20,inverse_volatility__sample
2015-05-28,16,sample,inverse_volatility,118.93760398747138,0.0,,0.18159913055105714,0.00027239869582658567,14.537840834068861,1.1618338126345833,1.577336801252885,0.11344861708446723,0.08184165870588737,0.15413988127383293,0.0018122542192028348,31.892365353041,20,inverse_volatility__sample
2015-06-25,16,sample,inverse_volatility,76.58362046166856,0.0,,0.14790410069735838,0.00022185615104603756,15.219200680767054,1.225661157787648,1.6587586397793455,0.10108117714422306,0.08635607643752764,0.16290961975757765,0.0036562168942445928,32.8786088196531,20,inverse_volatility__sample
2015-07-23,16,sample,inverse_volatility,80.33473809468761,0.0,,0.15751229103409742,0.00023626843655114613,14.796581411353246,1.4452382441936575,1.7085558568790284,0.10686817064014807,0.08917079052278276,0.17897214068975023,0.002301006429819535,40.015322977575856,20,inverse_volatility__sample
2015-08-20,16,sample,inverse_volatility,99.83589196836266,0.0,,0.11726075381350563,0.00017589113072025847,14.860702167815317,1.6913104943792836,1.6995072466786407,0.10450612287106224,0.0876486022614249,0.18027794418361895,0.004731876839373564,33.870775835807194,20,inverse_volatility__sample
2015-09-18,16,sample,inverse_volatility,143.26474676146495,0.0,,0.11034719530178341,0.00016552079295267512,14.398848910592415,1.2991051598324077,1.4714787760517967,0.11645892149771006,0.076970506978653,0.23154534779621389,0.003710625355573974,44.417222826224936,20,inverse_volatility__sample
2015-10-16,16,sample,inverse_volatility,181.12677637511896,0.0,,0.12037370071423849,0.00018056055107135773,14.252282259999957,1.215101307082614,1.4225164041773215,0.12890308632436517,0.07618938954411766,0.21923774825435546,0.003588830961623449,40.37435969556203,20,inverse_volatility__sample
2015-11-13,16,sample,inverse_volatility,79.33530898087295,0.0,,0.1861649261856767,0.00027924738927851507,15.096972781786068,1.1512498269086116,1.467362496719635,0.09900960065435295,0.07755763976034309,0.2034794588476576,0.0021284263532631944,44.49724540456402,20,inverse_volatility__sample
2015-12-11,16,sample,inverse_volatility,62.908345152319995,0.0,,0.2593193037513496,0.0003889789556270244,13.974567171866605,1.650485976060195,1.6596468211588011,0.13100827097650858,0.08271094179592488,0.12666824460551604,0.0018976795316577855,27.67351077065903,20,inverse_volatility__sample
2016-01-11,16,sample,inverse_volatility,60.480731030541214,0.0,,0.259188143760019,0.00038878221564002846,14.688006256762577,1.6302931989044591,1.8136015419762557,0.11084705890286754,0.09179098132828231,0.13231622935887208,0.004893712389726506,35.80373001243815,20,inverse_volatility__sample
2016-02-15,16,sample,inverse_volatility,140.84872441475827,0.0,,0.1998486574996171,0.0002997729862494257,14.382605069951865,1.2257451744420345,1.5271334617261958,0.1245985716056447,0.08075394449252106,0.1843097377695437,0.0021401291326705743,39.028652897964186,20,inverse_volatility__sample
2016-03-14,16,sample,inverse_volatility,132.39422686974567,0.0,,0.11796318654359486,0.0001769447798153923,14.803235108910378,1.2350604482332375,1.5774425375482253,0.10101353599588031,0.08090769141848726,0.18370647119687028,0.002516447141258487,44.80858708113068,20,inverse_volatility__sample
2016-04-11,16,sample,inverse_volatility,111.68511688135948,0.0,,0.0920097149244489,0.00013801457238667335,15.063020290599432,1.2856686741148555,1.537705704612613,0.09734372691998852,0.0803101680577287,0.17678654169388036,0.002207640170873589,38.46227230420727,20,inverse_volatility__sample
2016-05-12,16,sample,inverse_volatility,55.85510127528593,0.0,,0.15515297192955343,0.00023272945789433016,14.342508787238991,1.5605015697422286,1.9624757660898955,0.13201151033085234,0.09226546281721583,0.11978055774429372,0.0012213284463240067,44.116197248316155,20,inverse_volatility__sample
2016-06-09,16,sample,inverse_volatility,70.50877416092706,0.0,,0.12475915989275477,0.00018713873983913217,13.759446842968332,1.9093503450795692,2.001775701617833,0.1425335418989186,0.09457495916866432,0.1106089803965876,0.0017575459853408197,39.91006582468575,20,inverse_volatility__sample
2016-07-07,16,sample,inverse_volatility,43.80820227486112,0.0,,0.2132123619654468,0.0003198185429481702,14.632935453074035,1.5714147506376819,1.9750039762094092,0.10433800474114613,0.09244026618317447,0.12194155020762026,0.0016314743938803918,40.711695765729225,20,inverse_volatility__sample
2016-08-04,16,sample,inverse_volatility,69.55201569301636,0.0,,0.11592837684284601,0.00017389256526426902,14.411564408990237,1.6304960673113367,1.8665740686618486,0.10587481120299644,0.09329654734554237,0.1280821938609499,0.0016470039076974241,40.11926271782961,20,inverse_volatility__sample
2016-09-01,16,sample,inverse_volatility,121.97542663060936,0.0,,0.19530491906270286,0.00029295737859405427,13.496173558761566,1.7473131961587973,1.863176109101441,0.14066082924041323,0.0908891062790956,0.12800894183523498,0.0017647468806213772,38.474420956885844,20,inverse_volatility__sample
2016-09-30,16,sample,inverse_volatility,78.39095807249973,0.0,,0.10762984677953888,0.00016144477016930833,13.395388415346488,1.5815687178711901,2.0117594778165784,0.15246558546576663,0.09056798933499069,0.12252105771988969,0.0018539961038118052,43.38625191982142,20,inverse_volatility__sample
2016-10-28,16,sample,inverse_volatility,105.02400606969034,0.0,,0.1677531164522953,0.00025162967467844295,11.598890777928798,1.9093851293934125,2.2189059367292643,0.20000781807657758,0.08668954678800771,0.10012337219621921,0.0011697691873127675,44.93347046156115,20,inverse_volatility__sample
2016-11-25,16,sample,inverse_volatility,72.78115525977313,0.0,,0.09536040264110762,0.00014304060396166143,12.886710172291707,1.8304475195654737,2.0688966915187703,0.16759377684561866,0.07926175496928692,0.1035023797801327,0.0013929778812995816,38.488086663284165,20,inverse_volatility__sample
2016-12-23,16,sample,inverse_volatility,82.45474510125763,0.0,,0.135397976311672,0.00020309696446750797,13.405517556129144,1.4775132602473104,1.856009260894258,0.14979747940761046,0.08337552203446129,0.11702555349724766,0.002459075702284286,32.808632162201135,20,inverse_volatility__sample
2017-01-23,16,sample,inverse_volatility,42.99251506889937,0.0,,0.29609865454575446,0.0004441479818186317,14.718104418699225,1.6012280948008992,1.9205409857823998,0.09876450187034987,0.09109719784684414,0.12341539379264596,0.0013263613117244155,43.38619284170284,20,inverse_volatility__sample
2017-02-27,16,sample,inverse_volatility,30.86176105136959,0.0,,0.07653396996085383,0.00011480095494128075,14.965811146400586,2.2014438769390092,2.085668440314731,0.09463291862230513,0.09392831292916218,0.1160563831417677,0.0012957609192583792,44.36621164672889,20,inverse_volatility__sample
2017-03-27,17,sample,inverse_volatility,40.611472647651915,0.0,,0.22165264451506628,0.0003324789667725994,15.959820753999004,3.9327320827198906,2.433716138506617,0.09040711986944269,0.1060420460904295,0.0914770215806435,0.001956337678716277,44.197077025530994,20,inverse_volatility__sample
2017-04-25,18,sample,inverse_volatility,34.80717886541968,0.0,,0.2267408473625479,0.00034011127104382186,16.742439146480642,3.409734140965499,2.3674150137170615,0.08927763917924292,0.08910598093902058,0.09056349593951336,0.0023779278590173583,40.81421526310153,20,inverse_volatility__sample
2017-05-25,19,sample,inverse_volatility,67.65706324444938,0.0,,0.22164876532979844,0.0003324731479946977,16.93304272871999,3.4182442276108254,2.371261622338391,0.08473964810502424,0.09334153034806535,0.09721989139459013,0.0015090412290477218,49.17911226651725,20,inverse_volatility__sample
2017-06-22,19,sample,inverse_volatility,46.01994230384732,0.0,,0.13609833478795252,0.00020414750218192878,16.987007737856278,2.8821632665806964,2.404331767221999,0.0841806445399616,0.09018489365994979,0.09329272342076704,0.0016410671093166653,55.54779598483525,20,inverse_volatility__sample
2017-07-20,20,sample,inverse_volatility,50.64139725191821,0.0,,0.14867425838011794,0.00022301138757017692,17.806888181732138,1.6852050217167998,2.339940314884256,0.09513293050685145,0.08810748164448046,0.09391720561479824,0.001927220053452538,54.01346914681211,20,inverse_volatility__sample
2017-08-17,20,sample,inverse_volatility,80.94806803607156,0.0,,0.13272489914141988,0.00019908734871212984,17.852801563364128,1.5420769308889224,1.9297777518710089,0.10336442956813569,0.07445669890101674,0.11076519279400975,0.0014885941687144421,54.38844922044089,20,inverse_volatility__sample
2017-09-15,20,sample,inverse_volatility,139.03098633096403,0.0,,0.16820555471732374,0.0002523083320759856,18.074075218513677,1.633424804115171,1.8642340265047168,0.08655742260096279,0.07176172653969817,0.11248705045807704,0.0017425948240004255,46.198713321752095,20,inverse_volatility__sample
2017-10-13,20,sample,inverse_volatility,68.48440033035192,0.0,,0.1831709704802958,0.0002747564557204437,17.684792581032557,2.1022464277481414,2.1104813451358857,0.10886409953693903,0.07445437511449815,0.09776999783081353,0.0017458367423370477,45.46670404561232,20,inverse_volatility__sample
2017-11-10,21,sample,inverse_volatility,46.434353829264765,0.0,,0.21252093138337486,0.00031878139707506225,20.194077287935972,1.87334132188478,2.3150667341554017,0.07170945085411869,0.07660602582470855,0.09834770647860444,0.0034146502831975418,34.56677792194881,20,inverse_volatility__sample
2017-12-08,21,sample,inverse_volatility,43.0094956504404,0.0,,0.155177084560355,0.00023276562684053254,20.618946023278884,1.2533481531808566,2.0879820014880934,0.05966183163593636,0.07525801056775656,0.1330749184226416,0.004146132912595198,46.89224808359504,20,inverse_volatility__sample
2018-01-08,22,sample,inverse_volatility,67.15828685497057,0.0,,0.1400686569505207,0.00021010298542578108,21.55105398269785,1.2202840351340576,1.8967002261272365,0.06235888300508091,0.0698500719869245,0.16784383717730975,0.012247191558790838,25.246919196090545,20,inverse_volatility__sample
2018-02-07,23,sample,inverse_volatility,120.43600733437175,0.0,,0.24040162232698448,0.0003606024334904767,22.378622624322073,1.17440481152786,1.6718102335765346,0.05870937087461952,0.05965722062916879,0.2487011122691219,0.005685021568880531,47.78766766718624,20,inverse_volatility__sample
2018-03-14,23,sample,inverse_volatility,142.7213579068896,0.0,,0.14441855007540566,0.0002166278251131085,22.21303985652228,1.1630378234788152,1.5862324351490844,0.06927649350204924,0.056134337436724704,0.2772507346603421,0.006466955452877201,56.007686441271176,20,inverse_volatility__sample
2018-04-11,24,sample,inverse_volatility,193.56355796792604,0.0,,0.14183393052063348,0.00021275089578095022,22.987651655703235,1.1716336602344708,1.6001653173887511,0.06633134191884961,0.05399191672678326,0.27137569954302165,0.010376262660576814,44.824745005788245,20,inverse_volatility__sample
2018-05-14,25,sample,inverse_volatility,312.07463472377077,0.0,,0.17008095024012063,0.0002551214253601809,23.57012020083618,1.2403550970758077,1.6120789122796035,0.07016176058410586,0.05631987164913726,0.26383457380546166,0.01100003370217592,47.433398375566966,20,inverse_volatility__sample
2018-06-11,26,sample,inverse_volatility,648.3854791878136,0.0,,0.14081689299085953,0.0002112253394862893,25.003204056998403,1.0938544781134,1.469968369958713,0.06146612326126724,0.05088958116146005,0.3303938583599104,0.0071518340166761,57.28727558828492,20,inverse_volatility__sample
2018-07-09,27,sample,inverse_volatility,950.4122494831844,0.0,,0.14889022490455422,0.00022333533735683134,25.517331470256448,1.0900993732084667,1.3881932257053802,0.05880240511656755,0.04808895568134932,0.3652250306923422,0.012861486239418863,52.16256846399959,20,inverse_volatility__sample
2018-08-06,28,sample,inverse_volatility,1138.0996387272921,0.0,,0.12556399509866273,0.0001883459926479941,26.229003599177883,1.1588869383851306,1.4813964826205206,0.05894799433230402,0.048256203877359835,0.309493915981905,0.012115015424650169,64.8588391800578,20,inverse_volatility__sample
2018-09-04,29,sample,inverse_volatility,503.0720739224109,0.0,,0.1193689403704941,0.00017905341055574116,27.028039552301866,1.1775311687306373,1.557189597534038,0.05735493185396672,0.04690405293051264,0.24076930936168936,0.008132419151508093,71.12815644606162,20,inverse_volatility__sample
2018-10-02,29,sample,inverse_volatility,229.55144402107493,0.0,,0.12071608075741705,0.00018107412113612558,27.50119383672927,1.4853796565518878,1.9630022841260961,0.04970975311786881,0.05548077052568649,0.1533911985124709,0.008314620997315213,61.05509496491227,20,inverse_volatility__sample
2018-10-30,29,sample,inverse_volatility,333.0210021308287,0.0,,0.146289123263048,0.000219433684894572,26.656523971020665,1.1212225880511468,1.5457953359158347,0.0731910394809456,0.04592465290290845,0.1884788408194817,0.0038984107469365653,62.152602550354885,20,inverse_volatility__sample
2018-11-27,29,sample,inverse_volatility,399.46873849894615,0.0,,0.1137898705692012,0.0001706848058538018,26.149713658542804,1.1277407505356076,1.515445444047945,0.08260440884979914,0.046879321167171646,0.20210617120243135,0.0035062692207261177,73.55668022408472,20,inverse_volatility__sample
2018-12-25,29,sample,inverse_volatility,420.2243740064178,0.0,,0.06537887026311998,9.806830539467996e-05,26.95944497569673,1.1066479875066557,1.456167562904009,0.07139840647447972,0.04571734537102321,0.2132712948063813,0.00507529553167129,60.36309158948809,20,inverse_volatility__sample
2019-01-24,29,sample,inverse_volatility,382.5366895718319,0.0,,0.1338507865141692,0.00020077617977125382,27.9423297416983,1.163470299012514,1.6602373789587843,0.04950273244409099,0.051196367111351324,0.17401348779091366,0.0034391527253932264,69.5786076433553,20,inverse_volatility__sample
2019-02-28,29,sample,inverse_volatility,240.1315581131362,0.0,,0.11335587394187133,0.00017003381091280697,27.98846748169206,1.1585593952157247,1.7370197516384507,0.04622658454497675,0.0511442580769544,0.1549474816371047,0.002570896609755791,76.05760300397992,20,inverse_volatility__sample
2019-03-28,29,sample,inverse_volatility,200.19432310427075,0.0,,0.09901199248221114,0.0001485179887233167,27.439351347105774,1.2960911967262623,1.7900876253712452,0.049040288652567376,0.05163744816226914,0.1418679782548999,0.002683269177922234,77.37665724322032,20,inverse_volatility__sample
2019-04-26,29,sample,inverse_volatility,289.70835727765643,0.0,,0.0855983076627677,0.00012839746149415155,27.355188431280627,1.4094516416398575,1.7918329846517198,0.0494634148027362,0.04941710604596395,0.12815089785189737,0.002293297627073938,73.53304981192045,20,inverse_volatility__sample
2019-05-29,29,sample,inverse_volatility,202.53119199202624,0.0,,0.12019867867134057,0.00018029801800701085,27.271403678770714,1.1215310430879344,1.7710001456382631,0.05164257688098957,0.048205693389119016,0.12203202553414084,0.0017607008263076799,77.7874237704616,20,inverse_volatility__sample
2019-06-26,29,sample,inverse_volatility,231.26380178303697,0.0,,0.10720704059232168,0.00016081056088848252,27.123834342903677,1.3912435632917088,1.9202913383750226,0.0569672624062165,0.05071397202906247,0.10344852683445584,0.001879059631747281,64.68254780649342,20,inverse_volatility__sample
2019-07-24,29,sample,inverse_volatility,240.25511387459352,0.0,,0.1469844543912055,0.00022047668158680826,27.363950721967033,1.3537619163434473,1.8731006478108778,0.05054583668106239,0.051333504549089776,0.11301260912123327,0.002699399376711845,58.80944082469291,20,inverse_volatility__sample
2019-08-21,29,sample,inverse_volatility,121.67324372945781,0.0,,0.14627724202399953,0.00021941586303599929,27.319686302007472,1.3157864907225438,2.0525169678550172,0.04852287065698126,0.053737403932559415,0.10457766222466018,0.0017177206204108868,76.77250059236934,20,inverse_volatility__sample
2019-09-19,29,sample,inverse_volatility,129.89474068046326,0.0,,0.10174653362274175,0.00015261980043411262,27.122757481462777,1.4986436238249,2.2070323297859566,0.06300438015026696,0.05068692838716222,0.09648705418628509,0.001717090067361911,81.7444195631314,20,inverse_volatility__sample
2019-10-17,29,sample,inverse_volatility,117.72483696196109,0.0,,0.12040844698136119,0.0001806126704720418,27.208869493439593,1.5336904033754764,2.275987289938196,0.06032876610808053,0.05600353275034635,0.08770279136722842,0.0013267278082380416,84.52501843495949,20,inverse_volatility__sample
2019-11-14,29,sample,inverse_volatility,134.0603575832662,0.0,,0.09295466005981629,0.00013943199008972443,27.67407983974963,1.5402594018246698,2.2397202939184213,0.0581340099779292,0.058153897818819515,0.08187873077962163,0.002324823297202914,67.8578624940246,20,inverse_volatility__sample
2019-12-12,29,sample,inverse_volatility,213.7930852208595,0.0,,0.11810539289109033,0.00017715808933663552,26.561778895018396,1.4356262741257102,2.025147094869608,0.06585640056853202,0.05321330097085443,0.09256899363977969,0.002199774628850011,67.2288746890672,20,inverse_volatility__sample
2020-01-10,29,sample,inverse_volatility,293.1357185269599,0.0,,0.12029906496609886,0.0001804485974491483,25.8439334531929,1.320963400352678,1.9056703352438114,0.07035357552307403,0.05169586763516675,0.10250149320452762,0.006167958162393333,15.314046470118445,20,inverse_volatility__sample
2020-02-14,29,sample,inverse_volatility,489.41543707179096,0.0,,0.20436909723574154,0.00030655364585361233,22.92042173609371,1.1959783773614705,1.6724741504475003,0.11874419968748978,0.05090403950819543,0.1481880065880562,0.016824887936392512,-19.91159088087731,20,inverse_volatility__sample
2020-03-13,29,sample,inverse_volatility,542.0845494075832,0.0,,0.23544916721235826,0.0003531737508185374,27.560592892250305,1.0779336087970306,1.4082166647363576,0.05543828837084486,0.043803852305097805,0.2603542011813003,0.02122736331500556,5.925357989616149,20,inverse_volatility__sample
2020-04-13,29,sample,inverse_volatility,907.9134436093838,0.0,,0.15445349363685199,0.00023168024045527798,28.259071538052865,1.0399373198335515,1.369017606738484,0.04835977947025386,0.044083273441150414,0.3730465748454312,0.010711522051196206,55.19250615306373,20,inverse_volatility__sample
2020-05-13,29,sample,inverse_volatility,852.2719244594886,0.0,,0.10095580458485866,0.00015143370687728798,28.33403391427196,1.0334186576364148,1.3659025518480146,0.04608549163190905,0.044277542905378685,0.38905321747800325,0.015587450484053286,68.84885370371542,20,inverse_volatility__sample
2020-06-10,29,sample,inverse_volatility,844.4019640431566,0.0,,0.07347048950524174,0.00011020573425786259,28.15637094708381,1.0461978946200867,1.4463478267211736,0.048881999166855775,0.04626501177692925,0.3287629556377414,0.007013751459303155,74.12206447851379,20,inverse_volatility__sample
2020-07-08,29,sample,inverse_volatility,506.36801677361166,0.0,,0.10872558514970546,0.00016308837772455818,27.53260179505829,1.1092123756956778,1.4912007422647249,0.050759645055616975,0.04612242246160234,0.24209359701117011,0.009326192068090497,73.38533758104698,20,inverse_volatility__sample
2020-08-05,29,sample,inverse_volatility,713.9936417637923,0.0,,0.0980650718007245,0.00014709760770108675,27.826125417844228,1.0652893480440218,1.3138451077462763,0.0505997831406592,0.04291069528414125,0.27808792936920307,0.008339479391195113,70.81732370634778,20,inverse_volatility__sample
2020-09-03,29,sample,inverse_volatility,742.4509559547183,0.0,,0.08080572534196791,0.00012120858801295187,28.198589953278066,1.0424082392087242,1.2823287038350675,0.04895865500832193,0.041844866022956465,0.2719555193613725,0.007487239231746363,74.19301416270153,20,inverse_volatility__sample
2020-10-01,29,sample,inverse_volatility,457.18349649862625,0.0,,0.1097589334601195,0.00016463840019017924,27.980574409244525,1.063861118566745,1.3257645530588016,0.04966902123777978,0.04133080499701479,0.22819468717335273,0.004798751310585657,54.00740231028506,20,inverse_volatility__sample
2020-10-29,29,sample,inverse_volatility,163.3885806697785,0.0,,0.20413003481670813,0.00030619505222506216,26.588520232123344,1.527520624578969,2.014257244322488,0.06033632710433067,0.05257707247994612,0.11268606225514616,0.002547334772684802,56.51782633586272,20,inverse_volatility__sample
2020-11-26,28,sample,inverse_volatility,254.62225784734665,0.0,,0.16336263471986592,0.0002450439520797989,26.445140670820546,1.2685481227930864,1.8614197273720103,0.0534223698562584,0.05259667190111837,0.1353408926283689,0.0036763351322886685,51.7137930961537,20,inverse_volatility__sample
2020-12-24,28,sample,inverse_volatility,330.72538726869516,0.0,,0.1701168939968448,0.0002551753409952672,26.17837940763283,1.4369311543067376,1.8249042510533222,0.06371144578175568,0.049333591711959536,0.1515659536725275,0.006600980269898371,47.31767258182919,20,inverse_volatility__sample
2021-01-22,28,sample,inverse_volatility,328.54758682360205,0.0,,0.1358031017701572,0.0002037046526552358,26.814168003800233,1.253551237036208,1.6057877099930737,0.054668888872741274,0.04806470379367589,0.19491789950254237,0.020571400008430465,29.663093958231833,20,inverse_volatility__sample
2021-02-26,29,sample,inverse_volatility,870.5036884827233,0.0,,0.12820696098321183,0.00019231044147481776,28.216701191832403,1.0675825692859517,1.3024135047710426,0.046547785989619,0.03937897305327225,0.3246949817500984,0.010235756983509465,74.0511777764785,20,inverse_volatility__sample
2021-03-26,29,sample,inverse_volatility,1004.4104521622514,0.0,,0.056745229946884024,8.511784492032604e-05,28.238863387845974,1.058384293468497,1.2841233182124545,0.04778340875677874,0.038846666317615075,0.3164315358547839,0.0071357162296573195,59.69850327656067,20,inverse_volatility__sample
2021-04-26,29,sample,inverse_volatility,692.6638807394246,0.0,,0.12127799253778143,0.00018191698880667216,28.12956287850412,1.0595986421320085,1.2930590504684596,0.05015655498324533,0.04049316382993118,0.30731109645214827,0.009544843714602206,47.18292787825891,20,inverse_volatility__sample
2021-05-26,29,sample,inverse_volatility,215.9647774128974,0.0,,0.1897645324135678,0.0002846467986203517,27.491094245561627,1.1596370784389813,1.7045616661286003,0.05643711619084622,0.05207706311677555,0.17676192872748914,0.00768744445670475,49.11731043316705,20,inverse_volatility__sample
2021-06-23,30,sample,inverse_volatility,262.10471941968586,0.0,,0.13658768031889007,0.0002048815204783351,28.369741985520932,1.5331452859149046,1.8963915583184017,0.05068456124483995,0.05292229492255567,0.18196434540639017,0.011785977039430665,56.22474499670609,20,inverse_volatility__sample
2021-07-21,30,sample,inverse_volatility,447.78814638811457,0.0,,0.1256904293947372,0.0001885356440921058,28.10257122559849,1.3615040527542355,1.6656019658231747,0.05215773813116714,0.04815254059659395,0.22937703359090605,0.007264123658734682,78.07585467391212,20,inverse_volatility__sample
2021-08-18,30,sample,inverse_volatility,584.5488475512483,0.0,,0.09305060504031996,0.00013957590756047994,27.61602890752687,1.3250195604641506,1.6013314433754198,0.06315926146091266,0.04843117305194938,0.22671149575866045,0.006665867902282381,68.19533952022326,20,inverse_volatility__sample
2021-09-17,30,sample,inverse_volatility,362.56599658220887,0.0,,0.1223261036786342,0.00018348915551795128,28.040811886728658,1.1716322855186856,1.492096952442353,0.060527062633738436,0.044530240905880515,0.2257941177485321,0.006573093201507424,74.3980398677763,20,inverse_volatility__sample
2021-10-15,30,sample,inverse_volatility,523.3525819232375,0.0,,0.13673158598368387,0.0002050973789755258,28.25138740893554,1.2724633433620045,1.8122855439549093,0.0529587022651583,0.052051089559235736,0.1437616011676347,0.002977390244953398,65.4380770408305,20,inverse_volatility__sample
2021-11-12,30,sample,inverse_volatility,316.42424388607327,0.0,,0.11613913659555118,0.00017420870489332678,27.855220032137385,1.2216418194181906,1.881813945931834,0.05553571703031666,0.05058238989160737,0.1352471736376587,0.005424448836013555,49.32095907717574,20,inverse_volatility__sample
2021-12-10,30,sample,inverse_volatility,430.768603990115,0.0,,0.14294245316648593,0.0002144136797497289,27.816981525776296,1.6032149985160358,1.9041876665803905,0.05993469130552405,0.05044028526639547,0.1451238666799567,0.003523088117970367,59.149475610877175,20,inverse_volatility__sample
2022-01-10,30,sample,inverse_volatility,380.05978590187493,0.0,,0.11349543713389926,0.0001702431557008489,26.923206912644993,1.7090879598553887,1.8511325918505597,0.07299354933848731,0.04990420298281157,0.15149606608902952,0.007928314395294766,42.93988552447746,20,inverse_volatility__sample
2022-02-14,30,sample,inverse_volatility,472.164372163933,0.0,,0.11072716446064779,0.00016609074669097167,27.34498863085914,1.3796680105712509,1.787580243983187,0.06433823879642799,0.0489852567599341,0.18365172849378644,0.00507673828470569,73.0115535739068,20,inverse_volatility__sample
2022-03-14,30,sample,inverse_volatility,286.3955746158262,0.0,,0.0747502452651416,0.00011212536789771239,27.53727630194454,1.3437626053844514,1.8743325359927085,0.058303103076830814,0.052053232605617616,0.16454936680919094,0.0037650615670621543,67.53065554236676,20,inverse_volatility__sample
2022-04-12,30,sample,inverse_volatility,448.1668776662658,0.0,,0.1572465853374257,0.0002358698780061385,28.697883376185562,1.2601663548164983,1.8127488191225265,0.04991728902877665,0.05161323608462677,0.17229189799354078,0.016280548014435132,31.100200378119194,20,inverse_volatility__sample
2022-05-12,30,sample,inverse_volatility,426.09676286276715,0.0,,0.15178892294162896,0.00022768338441244343,28.636779591025956,1.0963629523408045,1.4524890605100567,0.054599986936966154,0.04186549537531035,0.2418195921345565,0.007023700194371981,63.64601271885118,20,inverse_volatility__sample
2022-06-09,30,sample,inverse_volatility,804.0304966261981,0.0,,0.14620328527343385,0.00021930492791015076,27.273561204033285,1.1050689981486166,1.3766933554944678,0.07333675150319961,0.04184012244804181,0.2790791679326019,0.006740629341241791,50.25906168279556,20,inverse_volatility__sample
2022-07-07,30,sample,inverse_volatility,784.4743534562824,0.0,,0.0947466927438303,0.00014212003911574545,27.28297817379043,1.167230098591659,1.4007978329349837,0.06759491572216417,0.041925311206772654,0.30827232178818675,0.012372688785069778,77.37561538356921,20,inverse_volatility__sample
2022-08-04,30,sample,inverse_volatility,607.1044461713336,0.0,,0.10176864754473969,0.00015265297131710954,27.131256661385205,1.249987821778837,1.5230480350386866,0.06038209086789051,0.044890417820192104,0.24039483651633847,0.009141182440617441,82.2007034622739,20,inverse_volatility__sample
2022-09-05,30,sample,inverse_volatility,721.4622415278303,0.0,,0.09686566451940395,0.00014529849677910595,27.77330164287209,1.3970713095586536,1.6519118395817027,0.06011043955378952,0.04602960830167863,0.18885179160943358,0.004468578305356394,71.5584277440553,20,inverse_volatility__sample
2022-10-03,30,sample,inverse_volatility,502.0769948368157,0.0,,0.16085540411901247,0.00024128310617851868,27.491964847025802,1.2181793361710906,1.5826975232322884,0.0652294097259427,0.047895308351129776,0.1659338618235767,0.019102928229163808,-5.343655542024681,20,inverse_volatility__sample
2022-10-31,30,sample,inverse_volatility,699.099318523219,0.0,,0.16850915348526233,0.0002527637302278935,28.050328186106306,1.1515141481797335,1.4034944842842074,0.058245937186865604,0.04368660321801923,0.2529279355128273,0.011528961986838481,33.45789039504382,20,inverse_volatility__sample
2022-11-28,30,sample,inverse_volatility,1071.6296228727856,0.0,,0.10695181490908742,0.00016042772236363114,27.325060527667105,1.1699432138668877,1.3869977611853446,0.06347657893387745,0.04254337039479523,0.30898326819834676,0.007446522412770757,56.519652485140895,20,inverse_volatility__sample
2022-12-26,30,sample,inverse_volatility,753.7220519124988,0.0,,0.09315645696327957,0.00013973468544491933,26.567587740676128,1.161289398279875,1.383661395819902,0.0670313005378201,0.04201359867393758,0.32333255035516756,0.014181402067280873,76.95121137350661,20,inverse_volatility__sample
2023-01-31,30,sample,inverse_volatility,1069.9107870619375,0.0,,0.10934187967295819,0.00016401281950943728,25.37978783511992,1.193582462463422,1.436448604426546,0.09138711669822049,0.04285078965622427,0.2682192955252148,0.007720581473761812,69.78927674298023,20,inverse_volatility__sample
2023-02-28,30,sample,inverse_volatility,646.2567020089307,0.0,,0.11575852749152603,0.00017363779123728904,25.554102348802466,1.1533859590611188,1.427631605621296,0.08334108542655894,0.042824878198314154,0.22949481725460605,0.006267577003928698,82.21740065561781,20,inverse_volatility__sample
2023-03-28,30,sample,inverse_volatility,965.4840644592517,0.0,,0.10678105787969769,0.00016017158681954654,26.396907972066323,1.1585988125084812,1.4722632274262133,0.06755957701149251,0.04447582119389181,0.18778894979161737,0.005294394022753411,80.43049421397379,20,inverse_volatility__sample
2023-04-25,30,sample,inverse_volatility,522.457162623967,0.0,,0.10127672343626419,0.00015191508515439628,25.03818668623272,1.1976170013898857,1.5476552107456667,0.08598649891965261,0.04518517037657151,0.15388383208707598,0.003745437261752985,76.80303257224881,20,inverse_volatility__sample
2023-05-26,30,sample,inverse_volatility,274.4490368075037,0.0,,0.12454521021669747,0.0001868178153250462,26.62988446279094,1.3526321952355853,1.7545494804264952,0.07797300216002298,0.04748767460875266,0.11741804891436805,0.001652329208624916,79.11457933637294,20,inverse_volatility__sample
2023-06-23,30,sample,inverse_volatility,248.086458696063,0.0,,0.1781665173171728,0.00026724977597575924,27.675269293660822,1.5768136277584643,2.0470695712662343,0.05507343729752386,0.05368027639869936,0.09052777548980871,0.0015955186793610626,70.17306365841804,20,inverse_volatility__sample
2023-07-21,30,sample,inverse_volatility,185.7498594028006,0.0,,0.11824215367864854,0.00017736323051797284,27.931099658942138,1.5436784201887053,2.1805792809043436,0.058640351388570294,0.05628132887200398,0.08766192055014445,0.005171679343763088,41.71133863656101,20,inverse_volatility__sample
2023-08-18,30,sample,inverse_volatility,236.37748073612218,0.0,,0.13503278115400288,0.0002025491717310043,28.1555282815544,1.2008289978869713,1.7394990392804561,0.05185705993565838,0.04653239783621256,0.13338130999906608,0.0023340040048972673,70.00258591680199,20,inverse_volatility__sample
2023-09-19,30,sample,inverse_volatility,261.19694573646285,0.0,,0.11104912526182519,0.0001665736878927378,28.571079056772415,1.1860636643808427,1.6838409630917803,0.04501702005106765,0.04631665540890855,0.14604158823695992,0.005117376205949224,63.134914812926354,20,inverse_volatility__sample
2023-10-17,30,sample,inverse_volatility,419.0041295101054,0.0,,0.06956554559990957,0.00010434831839986436,28.146309460169935,1.2163798701774422,1.5405324145738044,0.048936007907422606,0.04520653528616867,0.17678760625463016,0.0071926432564343645,48.465771587210995,20,inverse_volatility__sample
2023-11-14,30,sample,inverse_volatility,821.1975335262182,0.0,,0.1006294836930512,0.0001509442255395768,27.88409193982559,1.173064255496739,1.4406545702288684,0.05496889856066052,0.04343615244167051,0.20855150777625941,0.004300555657032113,83.68372978956396,20,inverse_volatility__sample
2023-12-12,30,sample,inverse_volatility,695.6173628927316,0.0,,0.06424936112341953,9.63740416851293e-05,27.815647307572455,1.1917334631845837,1.4053069412775976,0.055354130947673656,0.04290357011706662,0.21047922233860814,0.006067182455745238,77.56011643713403,20,inverse_volatility__sample
2024-01-10,30,sample,inverse_volatility,512.0972520100622,0.0,,0.10049141293050379,0.00015073711939575567,28.590920500280024,1.1405326390185515,1.4214823583174243,0.04760509248934086,0.04212783055287088,0.1914982078151417,0.004477556345201831,82.85973297765061,20,inverse_volatility__sample
2024-02-07,30,sample,inverse_volatility,390.3592723499637,0.0,,0.1694131957352172,0.0002541197936028258,28.80122153486035,1.1004413340282668,1.6764589226328872,0.050200562004949774,0.04333442532324888,0.12198731397085567,0.0027125615199017706,53.68746235203473,20,inverse_volatility__sample
2024-03-13,30,sample,inverse_volatility,335.08025542280467,0.0,,0.15358362666765268,0.00023037544000147902,28.03602866810764,1.1871844065148314,1.8331053593076692,0.06304795392731981,0.04529986821753617,0.11411772719049094,0.0030674718035008366,67.21275945685878,20,inverse_volatility__sample
2024-04-10,30,sample,inverse_volatility,280.90958540962237,0.0,,0.14193533577646644,0.00021290300366469967,25.128804731827078,1.2894917931875487,1.7396188669483845,0.09323243181052246,0.04504418619677974,0.12215340515462239,0.005376863342470304,47.468411508372,20,inverse_volatility__sample
2024-05-14,30,sample,inverse_volatility,648.8916296090727,0.0,,0.13990369151183557,0.00020985553726775335,25.450197973176323,1.200354787927188,1.5404199727815813,0.09936721603055985,0.043558833510693916,0.164898868058342,0.0034045209044035836,77.60376185910079,20,inverse_volatility__sample
2024-06-11,30,sample,inverse_volatility,607.3995488395359,0.0,,0.14005276837980954,0.00021007915256971433,25.92316847735724,1.189587579405952,1.5367600442455425,0.08902701454684002,0.04337166526340712,0.16143508510580995,0.0029135087076990886,60.708867164990465,20,inverse_volatility__sample
2024-07-09,30,sample,inverse_volatility,406.5450773997088,0.0,,0.14903935387120867,0.00022355903080681304,27.68360135112953,1.1585218300449769,1.5404457839104035,0.062466689878296955,0.04318510982625774,0.16429724123270545,0.0026734088209830857,72.02581437046115,20,inverse_volatility__sample
2024-08-06,30,sample,inverse_volatility,521.5554479866563,0.0,,0.12574930375228843,0.00018862395562843263,27.695686298914364,1.2433656505256456,1.5866168858987117,0.05607473208748795,0.044256828557634964,0.15009158204332407,0.0024702080816811057,68.49955388358822,20,inverse_volatility__sample
2024-09-05,30,sample,inverse_volatility,468.3840625616854,0.0,,0.14840519298847007,0.0002226077894827051,28.19202940967101,1.2792149523476921,1.6026703111765324,0.05214529323022672,0.04606305872911968,0.1471987651494071,0.0029513764830722006,80.41262283734454,20,inverse_volatility__sample
2024-10-03,30,sample,inverse_volatility,249.82690120521968,0.0,,0.11302535824957463,0.00016953803737436196,28.578902248927964,1.1644319200952378,1.5945635999603012,0.05032763084596037,0.04365554912833322,0.1415630158097122,0.002463510936585098,86.6156092775964,20,inverse_volatility__sample
2024-10-31,30,sample,inverse_volatility,189.6124608680431,0.0,,0.12311194815653909,0.00018466792223480863,28.306978731980085,1.256246730553867,1.8684604264567353,0.04889144865619803,0.048759246030683955,0.09751144552027277,0.0012950196544351928,90.1493526746855,20,inverse_volatility__sample
2024-11-28,30,sample,inverse_volatility,243.93146005813006,0.0,,0.09548544483870716,0.00014322816725806075,28.069218608675715,1.3356652747067075,1.8228826257394009,0.051176920522471525,0.04875017132521365,0.09257758712749278,0.0015637937010762096,87.51200167547803,20,inverse_volatility__sample
2024-12-26,30,sample,inverse_volatility,388.18566304578417,0.0,,0.1570541263843281,0.00023558118957649218,27.3349707941146,1.2610602068552255,1.7272712686640963,0.06699477727594809,0.0488310557175742,0.09706698555978026,0.0016153155742267178,68.2258628947685,20,inverse_volatility__sample
2025-01-24,30,sample,inverse_volatility,399.22887206776284,0.0,,0.1349857270147205,0.00020247859052208077,26.552868999402623,1.2382861154695342,1.661944024241043,0.06195060945768814,0.04617054653713293,0.09981561900534078,0.0015211915239517495,73.32538807469825,20,inverse_volatility__sample
2025-02-28,30,sample,inverse_volatility,319.72678021172266,0.0,,0.09408562380470767,0.00014112843570706152,26.796898048633135,1.3035890042247906,1.794594720268429,0.06322236677908599,0.049187151630997294,0.0922546651263312,0.0022243900069202787,25.218620250962513,20,inverse_volatility__sample
2025-03-28,30,sample,inverse_volatility,143.6189071530471,0.0,,0.22892311906788781,0.0003433846786018317,26.901161607796112,1.5855291010078876,2.2274168639256087,0.0674071576244346,0.05479191346899459,0.07912843940279495,0.026952512361918927,-61.3476714381971,20,inverse_volatility__sample
2025-04-28,30,sample,inverse_volatility,1015.1370045539128,0.0,,0.2048284387470948,0.00030724265812064224,29.37040322419195,1.0475531908230933,1.2920561998264954,0.04405216848777123,0.04034302372029258,0.27703999422391584,0.007985678075647129,69.789339282643,20,inverse_volatility__sample
2025-05-29,30,sample,inverse_volatility,1181.6225165116243,0.0,,0.08556706235289138,0.00012835059352933706,29.304605726188598,1.054601065013388,1.3110322248413935,0.044827891326942364,0.040004349581974255,0.284508522317546,0.0091774030408626,74.87508630633492,20,inverse_volatility__sample
2025-06-26,30,sample,inverse_volatility,1097.265780974678,0.0,,0.06854969934610187,0.00010282454901915282,29.14829448556953,1.070520354197782,1.3154466548554653,0.04537190230911803,0.04042897696781279,0.28698057097170976,0.009160737585867476,68.33995049293658,20,inverse_volatility__sample
2025-07-24,30,sample,inverse_volatility,244.15984364475068,0.0,,0.18305851575470364,0.00027458777363205546,27.10292724639629,2.7835709748784114,2.1217522561317064,0.06508943307142495,0.0510672597285144,0.10404368773788696,0.009773628007334743,-7.065867295481343,20,inverse_volatility__sample
2025-08-21,30,sample,inverse_volatility,645.2172321431576,0.0,,0.3165713857938433,0.0004748570786907649,27.59863597188019,1.2746170927701281,1.8644202589652092,0.06698678329208292,0.05178082723627931,0.15394114031578635,0.005766522812842398,48.97543340073551,20,inverse_volatility__sample
2025-09-22,30,sample,inverse_volatility,354.24413152293,0.0,,0.1496339061821253,0.00022445085927318793,26.786818477317503,1.3250938585805898,1.6464068936603267,0.06786710466081768,0.0431590090908537,0.1924664200397822,0.005229453433163833,73.85226094412506,20,inverse_volatility__sample
2025-10-20,30,sample,inverse_volatility,900.0791986355716,0.0,,0.11236761259501285,0.00016855141889251927,26.136525986001615,1.2237204716976193,1.4944351772827313,0.07404194242442061,0.04219030124361952,0.2290271799753768,0.005417142424721384,60.518451362490254,20,inverse_volatility__sample
2025-11-17,30,sample,inverse_volatility,656.8296340741823,0.0,,0.13957588320891826,0.00020936382481337738,26.84358584266912,1.2195802658520234,1.4814546537576405,0.07708555676815926,0.04102376565863454,0.21944741575353727,0.005673515783778208,62.93875159924575,20,inverse_volatility__sample
2025-12-15,30,sample,inverse_volatility,818.2073471809673,0.0,,0.20167257805672553,0.0003025088670850883,27.736627134325378,1.324073543334123,1.5302760713539567,0.05838775671367764,0.04327143547625336,0.2011192038012313,0.00789848897075428,36.61832945164193,20,inverse_volatility__sample
2026-01-14,30,sample,inverse_volatility,466.42503932583463,0.0,,0.29491466427223,0.000442371996408345,27.77815131284295,1.7564999346441847,1.7967584895056055,0.05785887238776221,0.04754174689249796,0.18195883574432264,0.007135725658212407,40.88670976018591,20,inverse_volatility__sample
2026-02-11,30,sample,inverse_volatility,332.6089290282663,0.0,,0.14111040579502213,0.00021166560869253316,26.374786021553707,1.9253018859080269,1.9990479349705363,0.0676449113824831,0.05235244064379748,0.16460585695289454,0.010636123885599877,50.5347552741419,20,inverse_volatility__sample
2026-03-18,30,sample,inverse_volatility,548.2459105134491,0.0,,0.11099757758928734,0.000166496366383931,26.596083497503543,1.572756363314283,1.6963864065054717,0.07661362775886257,0.04733293192962737,0.22401233669702547,0.006902567863981845,71.55842561084539,20,inverse_volatility__sample
2026-04-15,30,sample,inverse_volatility,606.8413586793914,0.0,,0.09639150013071006,0.0001445872501960651,26.391581010269313,1.214780265326604,1.54237634764495,0.08639270029616132,0.045445139823714946,0.24200430597554515,0.007967627278900014,73.32314362477125,20,inverse_volatility__sample
2026-05-18,30,sample,inverse_volatility,551.9665940449746,0.0,,0.10161858781154541,0.00015242788171731812,25.927768686209696,1.2563348389836628,1.49560893346318,0.09221131594699465,0.04364719357393161,0.23263004540982682,0.00675691329227832,73.2695999410713,20,inverse_volatility__sample
2026-06-15,30,sample,inverse_volatility,511.85513970599817,0.0,,0.14185160365825283,0.00021277740548737925,26.83016995372651,1.456004108195714,1.6964194260153382,0.06413971667651007,0.05027829041280349,0.17137758276294207,0.004305172437392425,81.22231270526572,20,inverse_volatility__sample
2026-07-13,30,sample,inverse_volatility,345.4591849764964,0.0,,0.12859151961863852,0.00019288727942795778,26.67913514801071,3.1503350708594975,2.2118479259548325,0.06530912603794972,0.058356875458675087,0.11059842831120657,0.008650697963146301,58.25771967412331,9,inverse_volatility__sample
2012-05-02,13,sample,community_risk_parity,57.21504473420251,0.0,,1.0,0.0015,11.862966419745792,1.355223148696382,1.5082153659057635,0.14218213721811998,0.09764028583125053,0.2538286503678156,0.0023434115470995416,32.42321219850659,20,community_risk_parity__sample
2012-05-30,13,sample,community_risk_parity,50.197786727881955,0.0,,0.08598747506175303,0.00012898121259262953,11.95719570780321,1.4246683574014465,1.5185033418138316,0.13709449995839657,0.09371218789902554,0.23665215752607394,0.0027335254615584695,36.68236595406121,20,community_risk_parity__sample
2012-06-27,13,sample,community_risk_parity,114.24741656682295,0.0,,0.26063916213745486,0.0003909587432061823,8.635975584235682,1.4058878489073103,1.5596340148409489,0.25,0.10851670251637394,0.1582658419525455,0.001522654596574831,37.93348589163162,20,community_risk_parity__sample
2012-07-25,13,sample,community_risk_parity,196.4801841799704,0.0,,0.45633838323724235,0.0006845075748558635,8.419936201242182,1.5829852292644695,1.4294952910475807,0.20000000000000004,0.29407487581847913,0.17578287334977993,0.002349768799451847,14.05587323777188,20,community_risk_parity__sample
2012-08-22,14,sample,community_risk_parity,69.50427208017032,0.0,,0.7446898192379429,0.0011170347288569143,9.67773760391996,1.9645077603575876,1.472553773057544,0.14285714285714285,0.17635560721532018,0.16761015999239734,0.005381174697579563,18.88868685008744,20,community_risk_parity__sample
2012-09-20,14,sample,community_risk_parity,83.26657805398501,0.0,,0.5423955909843889,0.0008135933864765834,10.5852747031557,1.2933380078376855,1.3542158435638998,0.17305458426123396,0.21937638042387067,0.25094828707314576,0.0022160056111247594,36.82741107160095,20,community_risk_parity__sample
2012-10-18,14,sample,community_risk_parity,115.24492667207588,0.0,,0.388983501853983,0.0005834752527809745,12.128582765801305,1.4019915281276916,1.4575547224935508,0.13097839088673063,0.11780581255368694,0.22704793055979355,0.002419136237617863,35.65667041888591,20,community_risk_parity__sample
2012-11-15,14,sample,community_risk_parity,67.50936824355847,0.0,,0.4059935253603578,0.0006089902880405367,8.99619045975078,1.5800999075456945,1.4297116869724513,0.25000000000000006,0.25933895514073096,0.23383636584123418,0.002909206130742586,39.510521646334055,20,community_risk_parity__sample
2012-12-13,14,sample,community_risk_parity,76.45801977179782,0.0,,0.42220844591424445,0.0006333126688713666,8.967375115883478,2.0386093647187695,1.7208049421196887,0.2,0.16771445310412608,0.12849471911499866,0.002816971010425325,21.86712777773631,20,community_risk_parity__sample
2013-01-14,14,sample,community_risk_parity,58.36629678917569,0.0,,0.4196721659557123,0.0006295082489335684,12.786238858455476,1.6218195766737944,1.7534103939532537,0.11353122599934719,0.13014182287416873,0.16566261130291876,0.0027656127073196427,34.48740355229562,20,community_risk_parity__sample
2013-02-18,14,sample,community_risk_parity,53.65797576049927,0.0,,0.6399176655329204,0.0009598764982993806,9.905782681541304,1.9136599405772183,1.658769276411586,0.19395906735162988,0.191757441230781,0.18317080984128573,0.003650461515830945,32.452934484482256,20,community_risk_parity__sample
2013-03-18,14,sample,community_risk_parity,81.90686448010126,0.0,,0.5675414992617844,0.0008513122488926767,10.662595595621019,1.4523240568116411,1.4477110058030926,0.2,0.203653725823688,0.2328982174301848,0.002313155465218153,35.7141505105582,20,community_risk_parity__sample
2013-04-15,14,sample,community_risk_parity,169.47264443780853,0.0,,0.5218591900531727,0.0007827887850797591,8.624941012294412,1.378340922492264,1.354792639497848,0.2,0.1482395733154918,0.22000773748019425,0.0027894268579757575,40.12164648153973,20,community_risk_parity__sample
2013-05-17,14,sample,community_risk_parity,176.82992632051716,0.0,,0.3004086082849652,0.00045061291242744775,8.854778193035745,1.3907129778085192,1.4031203238884264,0.25,0.16013913578286632,0.20285399185574773,0.002519497622854346,35.63968280561656,20,community_risk_parity__sample
2013-06-14,14,sample,community_risk_parity,85.28145649767117,0.0,,0.26503530337572234,0.0003975529550635835,9.135990650580101,1.3651827200685402,1.5393692172786564,0.25000000000000006,0.1644084299314368,0.16493067154790927,0.0014273819566646888,40.370566263360516,20,community_risk_parity__sample
2013-07-12,14,sample,community_risk_parity,104.40802289658893,0.0,,0.35321882474478655,0.0005298282371171798,10.37997602282775,1.5097792420471368,1.5996191782889868,0.2,0.22772556633644023,0.1484255626374905,0.001281143074531893,42.57403855922888,20,community_risk_parity__sample
2013-08-09,14,sample,community_risk_parity,83.3208005578718,0.0,,0.18936555761354637,0.00028404833642031957,8.91361078847354,1.7230134721252923,1.6684785450637962,0.2,0.25656502407132786,0.13000012670986433,0.0012962561107951326,40.160297345473026,20,community_risk_parity__sample
2013-09-09,14,sample,community_risk_parity,149.39318123304773,0.0,,0.5461171271396247,0.0008191756907094371,6.529112797888972,2.1565498744369025,1.5214584003341305,0.25,0.3948321665871213,0.12463180848689157,0.0015078464050453134,37.18820046561996,20,community_risk_parity__sample
2013-10-08,14,sample,community_risk_parity,86.64341437946074,0.0,,0.48008512388505914,0.0007201276858275887,9.038762516057774,1.736350858723992,1.7901898227545798,0.25,0.16187968163979466,0.10228770944770992,0.0010428352941181896,44.252364423232635,20,community_risk_parity__sample
2013-11-05,14,sample,community_risk_parity,52.873209036380956,0.0,,0.2854875333338153,0.000428231300000723,10.333427889914994,1.6335437147935694,1.738198232218076,0.16666666666666666,0.13927076926945406,0.10108405957124074,0.0009473710927109619,45.349100971287186,20,community_risk_parity__sample
2013-12-03,14,sample,community_risk_parity,30.551269058962394,0.0,,0.41890290056054946,0.0006283543508408242,12.447352343111122,1.9290967391564382,2.068619087464532,0.1166588758635691,0.12390232656824857,0.07451319805238826,0.0008612522522957201,38.58333016027778,20,community_risk_parity__sample
2013-12-31,14,sample,community_risk_parity,37.76506748505056,0.0,,0.3840123858561955,0.0005760185787842933,10.13661620296451,2.707663256039899,1.8882040422557893,0.2,0.24402715759454757,0.07713738714574793,0.002858426609406189,14.428907035368216,20,community_risk_parity__sample
2014-02-07,14,sample,community_risk_parity,52.51655614945461,0.0,,0.7389082619307403,0.0011083623928961105,9.540822722604949,3.0389848714100633,1.8658166125296753,0.14285714285714285,0.19833437701757303,0.10105229885705638,0.0026387562059105186,26.838810569506986,20,community_risk_parity__sample
2014-03-10,14,sample,community_risk_parity,65.51966834129126,0.0,,0.5610780678263383,0.0008416171017395075,10.367903815785036,2.1484855232545614,1.7424830755134089,0.16666666666666669,0.20024777568004593,0.13736760782633758,0.0019004051461838276,33.37231303468249,20,community_risk_parity__sample
2014-04-07,14,sample,community_risk_parity,64.54997320150505,0.0,,0.2994465798371438,0.00044916986975571566,9.177835013367538,1.9152227922283387,1.7570938040180344,0.25,0.14541375679571528,0.15197265129902787,0.004969858985886722,34.506831053088476,20,community_risk_parity__sample
2014-05-09,15,sample,community_risk_parity,136.24381594115246,0.0,,0.5095907149379477,0.0007643860724069215,11.243004239471565,1.4185408502299657,1.3920064056563808,0.19999999999999996,0.1637384094362941,0.21957171791746916,0.0031669389696780377,34.52735276942303,20,community_risk_parity__sample
2014-06-06,15,sample,community_risk_parity,112.17762848906115,0.0,,0.4610928403381259,0.0006916392605071888,12.447629169750089,1.2337375193978255,1.3273871610676033,0.14271353863126393,0.1739512466891516,0.26784194413354667,0.0044399436048407435,41.85642998597755,20,community_risk_parity__sample
2014-07-04,15,sample,community_risk_parity,121.55620007316793,0.0,,0.5183920036360741,0.0007775880054541111,10.595497436680715,1.4411297528490574,1.3391298666553857,0.19999999999999998,0.21424926403534605,0.2266886340019219,0.003686213815438141,43.47472827668003,20,community_risk_parity__sample
2014-08-01,15,sample,community_risk_parity,91.97110052258638,0.0,,0.3263241840544915,0.0004894862760817372,9.160718126728018,1.6076291865403214,1.5360173376508088,0.2,0.20125720307261102,0.14961454796071755,0.001901182868507977,43.65593626095249,20,community_risk_parity__sample
2014-08-29,15,sample,community_risk_parity,49.42387875087435,0.0,,0.25049824626984907,0.0003757473694047736,9.57270450119851,1.847829826974047,1.982165595108834,0.16666666666666666,0.19123920739855413,0.0861739857925065,0.0011070506316425263,41.37163595877641,20,community_risk_parity__sample
2014-09-30,16,sample,community_risk_parity,131.68463460387844,0.0,,0.3752357531621233,0.000562853629743185,10.049657930956895,2.371481189538862,2.180077652441385,0.14285714285714285,0.5045242867795797,0.10322450959345869,0.0015475477161375952,44.218242965359515,20,community_risk_parity__sample
2014-10-28,16,sample,community_risk_parity,104.34368797002327,0.0,,0.32895266744520035,0.0004934290011678005,10.678319336149656,2.1815247343723727,2.124033879333182,0.16666666666666666,0.555708605356616,0.11234488676632744,0.0013431478221140397,42.0788973112432,20,community_risk_parity__sample
2014-11-25,16,sample,community_risk_parity,47.28519046997389,0.0,,0.495418411474087,0.0007431276172111305,13.746648326108518,1.5595615609847744,1.9183250436296801,0.12688092195882203,0.11491764324366106,0.11434507166736996,0.0029869355196287914,37.73386258265668,20,community_risk_parity__sample
2014-12-23,16,sample,community_risk_parity,68.95698387637196,0.0,,0.32796420551999106,0.0004919463082799865,14.149745266808381,1.4331093059740867,1.6130015690702613,0.09715804466010812,0.11240226431549395,0.15270468518587033,0.0023249288740435628,34.3584175556098,20,community_risk_parity__sample
2015-01-22,16,sample,community_risk_parity,69.0743137919775,0.0,,0.6581797498394163,0.0009872696247591245,9.161611772132902,1.8241337430918363,1.568516406416233,0.20000000000000004,0.20748190989644263,0.16022211991372948,0.003797518189640858,39.24452071774491,20,community_risk_parity__sample
2015-02-27,16,sample,community_risk_parity,117.50308695443772,0.0,,0.392913654877623,0.0005893704823164344,11.694380285664494,1.3474868855221056,1.5674418215456267,0.2,0.13969361947791498,0.18961084388119326,0.002545083327321196,45.413323253926194,20,community_risk_parity__sample
2015-03-27,16,sample,community_risk_parity,102.52479717709407,0.0,,0.27607668951461584,0.00041411503427192373,14.452229119698385,1.5902546205869847,1.6969903439150416,0.12709762312372885,0.11099318184335324,0.1627474851602025,0.002213028965419064,46.34764894504268,20,community_risk_parity__sample
2015-04-24,16,sample,community_risk_parity,117.69596654446737,0.0,,0.5057743176946595,0.0007586614765419892,12.985189239502988,1.3127664642521202,1.5310525701223927,0.12727446980784643,0.1368130565945671,0.16806880525852969,0.0023052364186462756,39.12096765692048,20,community_risk_parity__sample
2015-05-28,16,sample,community_risk_parity,118.93760398747138,0.0,,0.403578902125708,0.0006053683531885621,13.97294071103155,1.1776485255335438,1.5222841850955375,0.10449841288449536,0.16206938029178922,0.16603016351104902,0.0018122542192028348,31.892365353041,20,community_risk_parity__sample
2015-06-25,16,sample,community_risk_parity,76.58362046166856,0.0,,0.5229017999699836,0.0007843526999549755,11.618486072056102,1.9751272120726164,1.756351120193595,0.2,0.2999096013280647,0.16689124084455442,0.0036562168942445928,32.8786088196531,20,community_risk_parity__sample
2015-07-23,16,sample,community_risk_parity,80.33473809468761,0.0,,0.271568844114195,0.00040735326617129253,9.333297786882914,2.594072085231936,1.8059149873958027,0.25,0.3501576845111449,0.17831538314194728,0.002301006429819535,40.015322977575856,20,community_risk_parity__sample
2015-08-20,16,sample,community_risk_parity,99.83589196836266,0.0,,0.5010611184560797,0.0007515916776841196,12.711004751960111,1.743878213910794,1.6421468380632918,0.14495939800616328,0.17340900883653862,0.18681533358989566,0.004731876839373564,33.870775835807194,20,community_risk_parity__sample
2015-09-18,16,sample,community_risk_parity,143.26474676146495,0.0,,0.6160780188230854,0.0009241170282346282,12.520841291480792,1.5399033243140496,1.490721510682239,0.13446747852594929,0.11544098321208549,0.2275638501645875,0.003710625355573974,44.417222826224936,20,community_risk_parity__sample
2015-10-16,16,sample,community_risk_parity,181.12677637511896,0.0,,0.5994381231042158,0.0008991571846563238,13.972349263897346,1.12487726941967,1.3779684368884941,0.10273883916302269,0.13071847421467694,0.23626829897782642,0.003588830961623449,40.37435969556203,20,community_risk_parity__sample
2015-11-13,16,sample,community_risk_parity,79.33530898087295,0.0,,0.3741152045234505,0.0005611728067851757,13.210029238523193,1.172531078023901,1.4590859979998336,0.14974784556909407,0.1278978578314871,0.20411398497688812,0.0021284263532631944,44.49724540456402,20,community_risk_parity__sample
2015-12-11,16,sample,community_risk_parity,62.908345152319995,0.0,,0.5546065956052246,0.0008319098934078369,12.298935536109695,1.7227931190454662,1.6257009782064624,0.14143314000286036,0.1775072945106431,0.1395968575773409,0.0018976795316577855,27.67351077065903,20,community_risk_parity__sample
2016-01-11,16,sample,community_risk_parity,60.480731030541214,0.0,,0.48291977056560886,0.0007243796558484134,11.676446571209636,1.6197260157024347,1.777998320098237,0.2,0.1421728956764879,0.13553174134955434,0.004893712389726506,35.80373001243815,20,community_risk_parity__sample
2016-02-15,16,sample,community_risk_parity,140.84872441475827,0.0,,0.23647051535846508,0.00035470577303769763,11.562586199309886,1.255214162837889,1.5093339777251158,0.2,0.11568342075703013,0.1799976463802777,0.0021401291326705743,39.028652897964186,20,community_risk_parity__sample
2016-03-14,16,sample,community_risk_parity,132.39422686974567,0.0,,0.28860377683892013,0.00043290566525838015,9.25442432722618,1.5346195864081345,1.5723195412601894,0.25,0.20029540530993514,0.17017651082525703,0.002516447141258487,44.80858708113068,20,community_risk_parity__sample
2016-04-11,16,sample,community_risk_parity,111.68511688135948,0.0,,0.29800576154778335,0.00044700864232167506,10.855560405694165,1.721457471702233,1.619701708118482,0.2,0.14118072844515608,0.16404422653796513,0.002207640170873589,38.46227230420727,20,community_risk_parity__sample
2016-05-12,16,sample,community_risk_parity,55.85510127528593,0.0,,0.5666177570124926,0.000849926635518739,9.63695965057434,2.0221123581156832,1.8835781764384383,0.25,0.24513343461760462,0.12179469885040103,0.0012213284463240067,44.116197248316155,20,community_risk_parity__sample
2016-06-09,16,sample,community_risk_parity,70.50877416092706,0.0,,0.6531488110508162,0.0009797232165762245,10.798089157668844,1.321403549321277,1.6178241648447547,0.2,0.3954427715775478,0.16315830724489352,0.0017575459853408197,39.91006582468575,20,community_risk_parity__sample
2016-07-07,16,sample,community_risk_parity,43.80820227486112,0.0,,0.5053125617474505,0.0007579688426211759,11.577211842870035,1.7416104362666456,1.9323221653048903,0.2,0.11543770786839225,0.12399168411674297,0.0016314743938803918,40.711695765729225,20,community_risk_parity__sample
2016-08-04,16,sample,community_risk_parity,69.55201569301636,0.0,,0.37774964723260845,0.0005666244708489126,14.039389024650042,1.7059597177364774,1.8530073684788586,0.12302445792521371,0.10983990343459431,0.12805346796312084,0.0016470039076974241,40.11926271782961,20,community_risk_parity__sample
2016-09-01,16,sample,community_risk_parity,121.97542663060936,0.0,,0.42210069306926934,0.000633151039603904,10.897138533227933,1.9006278301537096,1.8071627109519093,0.2,0.2442675970044182,0.137161187669808,0.0017647468806213772,38.474420956885844,20,community_risk_parity__sample
2016-09-30,16,sample,community_risk_parity,78.39095807249973,0.0,,0.48584482089958875,0.0007287672313493832,10.844193159803272,1.8503192237899941,1.942373873468596,0.16666666666666666,0.3016283861720401,0.1286849674662929,0.0018539961038118052,43.38625191982142,20,community_risk_parity__sample
2016-10-28,16,sample,community_risk_parity,105.02400606969034,0.0,,0.4482889828566333,0.00067243347428495,11.517747910055832,1.9907090320879333,2.2254791929015414,0.2,0.10857643985822624,0.10119249396387556,0.0011697691873127675,44.93347046156115,20,community_risk_parity__sample
2016-11-25,16,sample,community_risk_parity,72.78115525977313,0.0,,0.601501034592631,0.0009022515518889465,11.474585509659125,2.187596796796207,1.9382894277548266,0.1533765539159566,0.1669871512019464,0.11089718260621563,0.0013929778812995816,38.488086663284165,20,community_risk_parity__sample
2016-12-23,16,sample,community_risk_parity,82.45474510125763,0.0,,0.6221417307021644,0.0009332125960532466,9.338505555983483,1.845480058038873,1.741860994620984,0.25,0.29392941210882556,0.1203500878555744,0.002459075702284286,32.808632162201135,20,community_risk_parity__sample
2017-01-23,16,sample,community_risk_parity,42.99251506889937,0.0,,0.6216369941325478,0.0009324554911988217,11.174832712276713,2.017159091894487,1.900378840920527,0.16666666666666669,0.16576334079675809,0.11741166334181213,0.0013263613117244155,43.38619284170284,20,community_risk_parity__sample
2017-02-27,16,sample,community_risk_parity,30.86176105136959,0.0,,0.5099852126296771,0.0007649778189445157,9.22499362133549,2.2634021898909027,1.9449286767061698,0.25,0.22958687877805936,0.12223789665915982,0.0012957609192583792,44.36621164672889,20,community_risk_parity__sample
2017-03-27,17,sample,community_risk_parity,40.611472647651915,0.0,,0.7141490548441263,0.0010712235822661893,8.698516098331808,5.661680633690226,2.265205350378243,0.25,0.3691698007079668,0.09689418872012322,0.001956337678716277,44.197077025530994,20,community_risk_parity__sample
2017-04-25,18,sample,community_risk_parity,34.80717886541968,0.0,,0.8321691867258452,0.0012482537800887676,11.507346544627053,4.9573274072247475,2.3869480685401663,0.2,0.257754459038534,0.09285023366710284,0.0023779278590173583,40.81421526310153,20,community_risk_parity__sample
2017-05-25,19,sample,community_risk_parity,67.65706324444938,0.0,,0.7399978714682642,0.0011099968072023963,13.20695791573551,4.738744847387365,2.4004262891441455,0.14285714285714285,0.30570281019642126,0.09982634500461315,0.0015090412290477218,49.17911226651725,20,community_risk_parity__sample
2017-06-22,19,sample,community_risk_parity,46.01994230384732,0.0,,0.3873858785126728,0.0005810788177690093,9.822777970469273,4.222558956757749,2.208815140738024,0.16666666666666669,0.37109234220301174,0.0967055348628272,0.0016410671093166653,55.54779598483525,20,community_risk_parity__sample
2017-07-20,20,sample,community_risk_parity,50.64139725191821,0.0,,0.6417342791832354,0.0009626014187748531,11.629038233325247,3.173774281917985,2.2525504891857286,0.14285714285714285,0.3614981756930812,0.09932687109065846,0.001927220053452538,54.01346914681211,20,community_risk_parity__sample
2017-08-17,20,sample,community_risk_parity,80.94806803607156,0.0,,0.5755421226781243,0.0008633131840171865,12.00902541832308,2.752652944680074,1.9312750997400652,0.16666666666666669,0.3026618281746417,0.11229383042892714,0.0014885941687144421,54.38844922044089,20,community_risk_parity__sample
2017-09-15,20,sample,community_risk_parity,139.03098633096403,0.0,,0.5520001800982771,0.0008280002701474157,13.552968678300438,1.8036885854081461,1.811600899375021,0.14285714285714285,0.1207534413429826,0.11074342991645691,0.0017425948240004255,46.198713321752095,20,community_risk_parity__sample
2017-10-13,20,sample,community_risk_parity,68.48440033035192,0.0,,0.49257403909999037,0.0007388610586499855,12.702540078572143,1.9051464691970128,1.9982940083783085,0.2,0.10090177414586739,0.09831273709441027,0.0017458367423370477,45.46670404561232,20,community_risk_parity__sample
2017-11-10,21,sample,community_risk_parity,46.434353829264765,0.0,,0.8054233749288824,0.0012081350623933235,9.622626247690883,2.3245035271291283,1.9510411164123016,0.19999999999999998,0.36603109273360174,0.11819710204103226,0.0034146502831975418,34.56677792194881,20,community_risk_parity__sample
2017-12-08,21,sample,community_risk_parity,43.0094956504404,0.0,,0.6247286363248923,0.0009370929544873384,12.519855996893844,1.9890021666802904,1.9224157488905915,0.14285714285714288,0.2258428785718256,0.1470809058980729,0.004146132912595198,46.89224808359504,20,community_risk_parity__sample
2018-01-08,22,sample,community_risk_parity,67.15828685497057,0.0,,0.6827226631379455,0.0010240839947069182,13.847514116000683,1.9671658036764212,1.8993351502563902,0.2,0.24091745569643436,0.16768154990709003,0.012247191558790838,25.246919196090545,20,community_risk_parity__sample
2018-02-07,23,sample,community_risk_parity,120.43600733437175,0.0,,0.7189578441788169,0.0010784367662682254,14.815775976262637,1.6431879702462457,1.6992112160672148,0.16666666666666666,0.2109000767158784,0.2586501733019782,0.005685021568880531,47.78766766718624,20,community_risk_parity__sample
2018-03-14,23,sample,community_risk_parity,142.7213579068896,0.0,,0.5994696103064208,0.0008992044154596311,20.961563533395953,1.098431108245915,1.538831741453168,0.08027072351027047,0.08376434317460449,0.28701231550278994,0.006466955452877201,56.007686441271176,20,community_risk_parity__sample
2018-04-11,24,sample,community_risk_parity,193.56355796792604,0.0,,0.5954723830224531,0.0008932085745336796,12.858689276783592,1.7311082897823398,1.60639406451945,0.2,0.25095868048267356,0.25836801546339894,0.010376262660576814,44.824745005788245,20,community_risk_parity__sample
2018-05-14,25,sample,community_risk_parity,312.07463472377077,0.0,,0.3948171988509704,0.0005922257982764556,19.663786600172315,1.6205874204582198,1.7348607730439385,0.12447459034291365,0.13774238824229082,0.25220618566199476,0.01100003370217592,47.433398375566966,20,community_risk_parity__sample
2018-06-11,26,sample,community_risk_parity,648.3854791878136,0.0,,0.5856028262712157,0.0008784042394068235,18.94106099403972,1.3476766425321705,1.563490807513922,0.12543637365860313,0.07155352504763138,0.3273647969807629,0.0071518340166761,57.28727558828492,20,community_risk_parity__sample
2018-07-09,27,sample,community_risk_parity,950.4122494831844,0.0,,0.6001271352453349,0.0009001907028680023,20.991630200322376,1.1396078906509162,1.4398027151273567,0.10886040720251679,0.0803926315937804,0.3452704546943252,0.012861486239418863,52.16256846399959,20,community_risk_parity__sample
2018-08-06,28,sample,community_risk_parity,1138.0996387272921,0.0,,0.39248251912878007,0.0005887237786931701,21.44896873148811,1.267341306722714,1.5410102111818782,0.1070077557899958,0.07791257990377268,0.29148345840585144,0.012115015424650169,64.8588391800578,20,community_risk_parity__sample
2018-09-04,29,sample,community_risk_parity,503.0720739224109,0.0,,0.44463306226078564,0.0006669495933911784,20.397154008020063,1.3154169007963858,1.5856770247989047,0.11208383443184781,0.09129169779437919,0.23835247526177336,0.008132419151508093,71.12815644606162,20,community_risk_parity__sample
2018-10-02,29,sample,community_risk_parity,229.55144402107493,0.0,,0.37276265779483014,0.0005591439866922453,23.627121236428703,1.4319117029141961,1.963875915257988,0.09471876014178701,0.0857131577595974,0.1560342097733009,0.008314620997315213,61.05509496491227,20,community_risk_parity__sample
2018-10-30,29,sample,community_risk_parity,333.0210021308287,0.0,,0.3911836650818035,0.0005867754976227053,24.427063145226025,1.1577412311376876,1.5511557071034188,0.07886235411126813,0.07098004718410401,0.18896546940840922,0.0038984107469365653,62.152602550354885,20,community_risk_parity__sample
2018-11-27,29,sample,community_risk_parity,399.46873849894615,0.0,,0.3081638930548374,0.00046224583958225606,27.05939895143443,1.1093510978663752,1.5107529205676646,0.0667956626947235,0.05000698399397169,0.20701781860389293,0.0035062692207261177,73.55668022408472,20,community_risk_parity__sample
2018-12-25,29,sample,community_risk_parity,420.2243740064178,0.0,,0.32620631836116465,0.000489309477541747,25.89157162222391,1.0939358555103162,1.4105803207156444,0.05635282899166413,0.0577905623812958,0.22334320180597442,0.00507529553167129,60.36309158948809,20,community_risk_parity__sample
2019-01-24,29,sample,community_risk_parity,382.5366895718319,0.0,,0.32816079840752826,0.0004922411976112924,21.116525589929754,1.202323357850381,1.5329571240449091,0.1034120565970028,0.11391615588100927,0.18319528004519556,0.0034391527253932264,69.5786076433553,20,community_risk_parity__sample
2019-02-28,29,sample,community_risk_parity,240.1315581131362,0.0,,0.3713049848111687,0.000556957477216753,26.193434542173403,1.2328594178165058,1.7450779693628975,0.06495942859629021,0.06448992862773528,0.15457361369723335,0.002570896609755791,76.05760300397992,20,community_risk_parity__sample
2019-03-28,29,sample,community_risk_parity,200.19432310427075,0.0,,0.41931052098276894,0.0006289657814741534,24.293884788476394,1.4005782796997825,1.8188243757477267,0.07343688467914983,0.08423472295563979,0.14045659817846656,0.002683269177922234,77.37665724322032,20,community_risk_parity__sample
2019-04-26,29,sample,community_risk_parity,289.70835727765643,0.0,,0.4469025563740748,0.0006703538345611122,24.02914061683124,1.466864178202115,1.7796337649320542,0.07923589106283485,0.06969550810482956,0.12775536406027874,0.002293297627073938,73.53304981192045,20,community_risk_parity__sample
2019-05-29,29,sample,community_risk_parity,202.53119199202624,0.0,,0.4093868021099805,0.0006140802031649708,26.4673936651841,1.1154004860393425,1.752032666647935,0.06476123873945767,0.061284613961995645,0.12408095474781887,0.0017607008263076799,77.7874237704616,20,community_risk_parity__sample
2019-06-26,29,sample,community_risk_parity,231.26380178303697,0.0,,0.2706177412136065,0.00040592661182040974,24.551867006156925,1.3690018352747944,1.8736557092366364,0.0825270541655414,0.09432788789158145,0.10795940035579193,0.001879059631747281,64.68254780649342,20,community_risk_parity__sample
2019-07-24,29,sample,community_risk_parity,240.25511387459352,0.0,,0.41908066256838944,0.0006286209938525842,25.437907559311878,1.4467162753711815,1.8537226230461263,0.06224647482720319,0.0758572488594229,0.11366460784906049,0.002699399376711845,58.80944082469291,20,community_risk_parity__sample
2019-08-21,29,sample,community_risk_parity,121.67324372945781,0.0,,0.5368653438959897,0.0008052980158439846,19.490613572331444,1.8270174502092287,2.1245748796198267,0.14622554553837622,0.11306117958055693,0.1071211081582108,0.0017177206204108868,76.77250059236934,20,community_risk_parity__sample
2019-09-19,29,sample,community_risk_parity,129.89474068046326,0.0,,0.5065481882891332,0.0007598222824336997,26.696862858726217,1.617399332795481,2.274607821249368,0.05973953909916075,0.07244953934893156,0.09660778659717056,0.001717090067361911,81.7444195631314,20,community_risk_parity__sample
2019-10-17,29,sample,community_risk_parity,117.72483696196109,0.0,,0.33344647015604045,0.0005001697052340607,25.60167379182661,1.630925635978829,2.256803453931506,0.07293111860623219,0.06443478825109286,0.08884010523621223,0.0013267278082380416,84.52501843495949,20,community_risk_parity__sample
2019-11-14,29,sample,community_risk_parity,134.0603575832662,0.0,,0.25239218989612494,0.0003785882848441874,27.021132350068164,1.5255379012833163,2.200431904708477,0.059804847426041106,0.08539127544625003,0.08379368421446844,0.002324823297202914,67.8578624940246,20,community_risk_parity__sample
2019-12-12,29,sample,community_risk_parity,213.7930852208595,0.0,,0.3443972729796635,0.0005165959094694953,17.59776465352913,1.6746503305351181,1.9484431386333643,0.16666666666666666,0.09060394284594925,0.09179089961964929,0.002199774628850011,67.2288746890672,20,community_risk_parity__sample
2020-01-10,29,sample,community_risk_parity,293.1357185269599,0.0,,0.4651590890063847,0.0006977386335095771,13.492837305541432,1.8043978975479684,1.9376521252979997,0.16666666666666666,0.09277296502390746,0.08984990544921707,0.006167958162393333,15.314046470118445,20,community_risk_parity__sample
2020-02-14,29,sample,community_risk_parity,489.41543707179096,0.0,,0.5054044627492709,0.0007581066941239064,15.310181388339192,1.2606790679739435,1.5533462903451867,0.14285714285714285,0.2335667976509377,0.15975047673060072,0.016824887936392512,-19.91159088087731,20,community_risk_parity__sample
2020-03-13,29,sample,community_risk_parity,542.0845494075832,0.0,,0.6137350826611409,0.0009206026239917113,15.474369659430264,1.1705542524381003,1.3753394334272147,0.2,0.20801604350237635,0.26172197423940324,0.02122736331500556,5.925357989616149,20,community_risk_parity__sample
2020-04-13,29,sample,community_risk_parity,907.9134436093838,0.0,,0.429714033530156,0.000644571050295234,25.366264146220868,1.0871208883340757,1.3637450795434785,0.07464067198467803,0.0727056973795726,0.3773216774433572,0.010711522051196206,55.19250615306373,20,community_risk_parity__sample
2020-05-13,29,sample,community_risk_parity,852.2719244594886,0.0,,0.41355867474456376,0.0006203380121168456,21.50519792065409,1.1311026575501726,1.347441362265934,0.125,0.17954010227236097,0.415600516629031,0.015587450484053286,68.84885370371542,20,community_risk_parity__sample
2020-06-10,29,sample,community_risk_parity,844.4019640431566,0.0,,0.4930226003893749,0.0007395339005840624,25.977352912321688,1.1047645194090678,1.4736060728652918,0.06322043625936365,0.056611989821940316,0.3249585866306588,0.007013751459303155,74.12206447851379,20,community_risk_parity__sample
2020-07-08,29,sample,community_risk_parity,506.36801677361166,0.0,,0.3026871990993596,0.0004540307986490394,26.19099704515704,1.13983963506129,1.478252804495774,0.06369800949044095,0.06084723206515322,0.24740206719754682,0.009326192068090497,73.38533758104698,20,community_risk_parity__sample
2020-08-05,29,sample,community_risk_parity,713.9936417637923,0.0,,0.31409189459851483,0.00047113784189777225,27.47241167464889,1.0667359288408402,1.3143618117439704,0.0596854140785637,0.04906441589959089,0.28148959796272355,0.008339479391195113,70.81732370634778,20,community_risk_parity__sample
2020-09-03,29,sample,community_risk_parity,742.4509559547183,0.0,,0.199352843178017,0.0002990292647670255,27.28468526687029,1.0483395422402997,1.286238651511223,0.05718288140959233,0.04957447126626422,0.27235597374063214,0.007487239231746363,74.19301416270153,20,community_risk_parity__sample
2020-10-01,29,sample,community_risk_parity,457.18349649862625,0.0,,0.4354400417981334,0.0006531600626972,17.4462789497916,1.1391197859418327,1.295529662256501,0.16666666666666666,0.16601809482357252,0.2260479497616488,0.004798751310585657,54.00740231028506,20,community_risk_parity__sample
2020-10-29,29,sample,community_risk_parity,163.3885806697785,0.0,,0.6857437291796986,0.001028615593769548,14.989568811614559,1.7815460978860593,1.9220583151611155,0.2,0.19686648358819175,0.11301203345712388,0.002547334772684802,56.51782633586272,20,community_risk_parity__sample
2020-11-26,28,sample,community_risk_parity,254.62225784734665,0.0,,0.5051767929452209,0.0007577651894178313,26.228610829838324,1.219736768968651,1.84694122049598,0.056283129203064275,0.06740323050328932,0.1394841293006391,0.0036763351322886685,51.7137930961537,20,community_risk_parity__sample
2020-12-24,28,sample,community_risk_parity,330.72538726869516,0.0,,0.4514505615091579,0.0006771758422637369,14.753504506163154,1.5584000784202998,1.7512105398558695,0.19999999999999998,0.18746796492014,0.1550075051740617,0.006600980269898371,47.31767258182919,20,community_risk_parity__sample
2021-01-22,28,sample,community_risk_parity,328.54758682360205,0.0,,0.7042782013692467,0.00105641730205387,21.780404472754594,1.2555378318130765,1.6015835366347089,0.09585338156213577,0.10663701417795954,0.20003863973233252,0.020571400008430465,29.663093958231833,20,community_risk_parity__sample
2021-02-26,29,sample,community_risk_parity,870.5036884827233,0.0,,0.5894889143717047,0.0008842333715575571,22.970099100367086,1.0946361090684618,1.2891845104646527,0.08944823801695506,0.09306368287098665,0.3258133601334347,0.010235756983509465,74.0511777764785,20,community_risk_parity__sample
2021-03-26,29,sample,community_risk_parity,1004.4104521622514,0.0,,0.41488464804593445,0.0006223269720689017,22.206102019703508,1.1126908917560678,1.2873950992559737,0.10458720773810447,0.07772958636946095,0.30946832800497115,0.0071357162296573195,59.69850327656067,20,community_risk_parity__sample
2021-04-26,29,sample,community_risk_parity,692.6638807394246,0.0,,0.5175643844891192,0.0007763465767336789,18.722311759551605,1.1147597473274167,1.2605110662722245,0.1330636120303921,0.14114952643784567,0.3144382781715362,0.009544843714602206,47.18292787825891,20,community_risk_parity__sample
2021-05-26,29,sample,community_risk_parity,215.9647774128974,0.0,,0.4937621461295927,0.000740643219194389,24.722306868585864,1.1616199627162223,1.6346517834746817,0.08288139031713936,0.08126580745275003,0.184361155661436,0.00768744445670475,49.11731043316705,20,community_risk_parity__sample
2021-06-23,30,sample,community_risk_parity,262.10471941968586,0.0,,0.5949940512442499,0.0008924910768663748,15.329444714027426,2.6006590574538424,1.9299917822618888,0.2,0.3346453821102522,0.18985583524555663,0.011785977039430665,56.22474499670609,20,community_risk_parity__sample
2021-07-21,30,sample,community_risk_parity,447.78814638811457,0.0,,0.20648201049958292,0.0003097230157493744,12.024623780443449,2.0469293938224267,1.5742528833524012,0.25,0.38777179706246045,0.25764430813832223,0.007264123658734682,78.07585467391212,20,community_risk_parity__sample
2021-08-18,30,sample,community_risk_parity,584.5488475512483,0.0,,0.5456843453538142,0.0008185265180307212,23.240671555266438,1.391644051215865,1.5971005453457932,0.08205124150774462,0.08102119177331693,0.2267949170164313,0.006665867902282381,68.19533952022326,20,community_risk_parity__sample
2021-09-17,30,sample,community_risk_parity,362.56599658220887,0.0,,0.39146957823635037,0.0005872043673545256,26.628832605115345,1.14605539094316,1.4810089543068856,0.06396331780892957,0.06940415461528913,0.23145486831459924,0.006573093201507424,74.3980398677763,20,community_risk_parity__sample
2021-10-15,30,sample,community_risk_parity,523.3525819232375,0.0,,0.3392029791114645,0.0005088044686671968,27.01647279809655,1.2841161614753245,1.8128231431212942,0.06259204252222893,0.06809741111407501,0.1449774167910108,0.002977390244953398,65.4380770408305,20,community_risk_parity__sample
2021-11-12,30,sample,community_risk_parity,316.42424388607327,0.0,,0.2916499666865226,0.00043747495002978393,27.342189858068192,1.2304544932628816,1.8681352353826923,0.06387733958345954,0.06008763604964631,0.13659754167560653,0.005424448836013555,49.32095907717574,20,community_risk_parity__sample
2021-12-10,30,sample,community_risk_parity,430.768603990115,0.0,,0.4538979329077806,0.0006808468993616709,11.964197228559057,2.293616438602322,1.8246427140232169,0.25,0.23123411101025448,0.14106008978013518,0.003523088117970367,59.149475610877175,20,community_risk_parity__sample
2022-01-10,30,sample,community_risk_parity,380.05978590187493,0.0,,0.413408627610786,0.000620112941416179,25.939647121272824,1.6260410340313196,1.8151562245544677,0.07794469353943341,0.06221905967303122,0.15344643420640336,0.007928314395294766,42.93988552447746,20,community_risk_parity__sample
2022-02-14,30,sample,community_risk_parity,472.164372163933,0.0,,0.28682658756970425,0.00043023988135455635,24.44592661981803,1.4006189796492952,1.7538209821267143,0.0925842727949091,0.0785699828285445,0.18700983760047715,0.00507673828470569,73.0115535739068,20,community_risk_parity__sample
2022-03-14,30,sample,community_risk_parity,286.3955746158262,0.0,,0.4488014509151003,0.0006732021763726504,23.72882806134485,1.472669940071388,1.900707844236136,0.08896820525446554,0.09955891300748514,0.16932951925437628,0.0037650615670621543,67.53065554236676,20,community_risk_parity__sample
2022-04-12,30,sample,community_risk_parity,448.1668776662658,0.0,,0.5075159623033684,0.0007612739434550526,20.485906798943805,1.6359878702090023,1.7320801094576435,0.10097673562828761,0.17478402993053888,0.19318532223442977,0.016280548014435132,31.100200378119194,20,community_risk_parity__sample
2022-05-12,30,sample,community_risk_parity,426.09676286276715,0.0,,0.5951585876071289,0.0008927378814106933,18.252523781191147,1.2818868902217686,1.4711906190455488,0.16666666666666666,0.1327887643847208,0.23032692255816298,0.007023700194371981,63.64601271885118,20,community_risk_parity__sample
2022-06-09,30,sample,community_risk_parity,804.0304966261981,0.0,,0.41174020546253154,0.0006176103081937973,22.557850549370098,1.1632192127989853,1.3904010529497304,0.09478114628190758,0.07356893931769543,0.27920871531926444,0.006740629341241791,50.25906168279556,20,community_risk_parity__sample
2022-07-07,30,sample,community_risk_parity,784.4743534562824,0.0,,0.4633272912802976,0.0006949909369204464,26.31523922173458,1.1975912069406096,1.404907774891658,0.061560146394814504,0.06048398800721651,0.3080356905509609,0.012372688785069778,77.37561538356921,20,community_risk_parity__sample
2022-08-04,30,sample,community_risk_parity,607.1044461713336,0.0,,0.36717056607643517,0.0005507558491146527,23.69208673388458,1.2795058628698786,1.5109860150814252,0.09296290084284693,0.08039541437933272,0.2455923820070737,0.009141182440617441,82.2007034622739,20,community_risk_parity__sample
2022-09-05,30,sample,community_risk_parity,721.4622415278303,0.0,,0.3842512101248536,0.0005763768151872804,26.349635691812818,1.3968279575289457,1.6412714800007342,0.06689509486105814,0.05402717222589611,0.18945421977484322,0.004468578305356394,71.5584277440553,20,community_risk_parity__sample
2022-10-03,30,sample,community_risk_parity,502.0769948368157,0.0,,0.5950843781424384,0.0008926265672136576,13.109586929522536,1.528987938659443,1.5158318565095938,0.16666666666666666,0.13259154571976653,0.1703987320112363,0.019102928229163808,-5.343655542024681,20,community_risk_parity__sample
2022-10-31,30,sample,community_risk_parity,699.099318523219,0.0,,0.7605742744703721,0.001140861411705558,25.75683535769853,1.1981974516278135,1.4181538587133904,0.06176818552746111,0.05710595616559942,0.2522202848403697,0.011528961986838481,33.45789039504382,20,community_risk_parity__sample
2022-11-28,30,sample,community_risk_parity,1071.6296228727856,0.0,,0.5766274376392728,0.0008649411564589092,20.09797537673145,1.102445409043495,1.304540105892017,0.14285714285714285,0.09103707864051135,0.34142658187521,0.007446522412770757,56.519652485140895,20,community_risk_parity__sample
2022-12-26,30,sample,community_risk_parity,753.7220519124988,0.0,,0.4519911272791622,0.0006779866909187433,27.170104970136734,1.1434054555516056,1.361270343442156,0.055094465095470946,0.06303048623975815,0.3536901710649521,0.014181402067280873,76.95121137350661,20,community_risk_parity__sample
2023-01-31,30,sample,community_risk_parity,1069.9107870619375,0.0,,0.4280722143793993,0.000642108321569099,23.943922744388736,1.1992796184474717,1.4312992179266437,0.09200760871431644,0.06569722504697838,0.2701201843124016,0.007720581473761812,69.78927674298023,20,community_risk_parity__sample
2023-02-28,30,sample,community_risk_parity,646.2567020089307,0.0,,0.6384076274657796,0.0009576114411986694,13.57111543829118,1.323588417481929,1.4146580202038606,0.16666666666666666,0.11179391249896925,0.2233443832651318,0.006267577003928698,82.21740065561781,20,community_risk_parity__sample
2023-03-28,30,sample,community_risk_parity,965.4840644592517,0.0,,0.6148815077808549,0.0009223222616712825,13.33235932236874,1.2894040944296343,1.3747526654377755,0.14285714285714285,0.20099812783309529,0.18408250560779985,0.005294394022753411,80.43049421397379,20,community_risk_parity__sample
2023-04-25,30,sample,community_risk_parity,522.457162623967,0.0,,0.4728024665338477,0.0007092036998007716,10.480488881962678,1.7109521596876014,1.5264082443520748,0.16666666666666666,0.1429829891712197,0.1282516391117823,0.003745437261752985,76.80303257224881,20,community_risk_parity__sample
2023-05-26,30,sample,community_risk_parity,274.4490368075037,0.0,,0.5943986775283222,0.0008915980162924834,20.326143444601353,1.3433060823394762,1.707169633886432,0.14285714285714288,0.09257257311818332,0.12014371324841973,0.001652329208624916,79.11457933637294,20,community_risk_parity__sample
2023-06-23,30,sample,community_risk_parity,248.086458696063,0.0,,0.4944344439557344,0.0007416516659336015,25.817625147104643,1.6944593744812115,2.0875326952692355,0.06463824219813799,0.0617424508117652,0.08785267686442852,0.0015955186793610626,70.17306365841804,20,community_risk_parity__sample
2023-07-21,30,sample,community_risk_parity,185.7498594028006,0.0,,0.2958266693315813,0.00044374000399737196,26.513539500576982,1.598352453913985,2.163459946851317,0.07336478296180185,0.0553543864131314,0.08758732917972825,0.005171679343763088,41.71133863656101,20,community_risk_parity__sample
2023-08-18,30,sample,community_risk_parity,236.37748073612218,0.0,,0.5520706758326954,0.0008281060137490431,22.473526716426605,1.2084191357687204,1.6276549227886146,0.0961528434287038,0.10866749563165105,0.1516106190572341,0.0023340040048972673,70.00258591680199,20,community_risk_parity__sample
2023-09-19,30,sample,community_risk_parity,261.19694573646285,0.0,,0.5797810612922146,0.000869671591938322,25.298784975787168,1.2505520256997205,1.7269351820943304,0.06138155284772371,0.06301381597094224,0.140007856722158,0.005117376205949224,63.134914812926354,20,community_risk_parity__sample
2023-10-17,30,sample,community_risk_parity,419.0041295101054,0.0,,0.41966690230567494,0.0006295003534585124,26.73128358793089,1.2086227898343354,1.5155459789710546,0.07183843941089608,0.06324343562488884,0.18332510187161993,0.0071926432564343645,48.465771587210995,20,community_risk_parity__sample
2023-11-14,30,sample,community_risk_parity,821.1975335262182,0.0,,0.45174766667278027,0.0006776215000091705,18.352019021194682,1.3119522365356344,1.393714362682372,0.16666666666666666,0.19836047444650556,0.2175677989981021,0.004300555657032113,83.68372978956396,20,community_risk_parity__sample
2023-12-12,30,sample,community_risk_parity,695.6173628927316,0.0,,0.5867911611687613,0.0008801867417531419,14.95372158042639,1.2786335094307455,1.3513336505341842,0.2,0.17401838156373256,0.20786215042401146,0.006067182455745238,77.56011643713403,20,community_risk_parity__sample
2024-01-10,30,sample,community_risk_parity,512.0972520100622,0.0,,0.4553501469337824,0.0006830252204006736,26.32086398874675,1.1623100705902407,1.437668791677219,0.056216876453038765,0.05214042820889118,0.18859240054629717,0.004477556345201831,82.85973297765061,20,community_risk_parity__sample
2024-02-07,30,sample,community_risk_parity,390.3592723499637,0.0,,0.35134375236423865,0.000527015628546358,28.340270490873756,1.1009333591157988,1.6686071820375814,0.05124243986238477,0.05879039985128654,0.12416276059865104,0.0027125615199017706,53.68746235203473,20,community_risk_parity__sample
2024-03-13,30,sample,community_risk_parity,335.08025542280467,0.0,,0.23432396997829819,0.00035148595496744726,27.487880343241684,1.2429205142640074,1.812757027234683,0.053748476152087575,0.06630830626195545,0.11563751911793292,0.0030674718035008366,67.21275945685878,20,community_risk_parity__sample
2024-04-10,30,sample,community_risk_parity,280.90958540962237,0.0,,0.5620565002258674,0.000843084750338801,16.082109463210834,1.6333499659557233,1.8189030379348832,0.14285714285714285,0.07108899728248927,0.11268300057984254,0.005376863342470304,47.468411508372,20,community_risk_parity__sample
2024-05-14,30,sample,community_risk_parity,648.8916296090727,0.0,,0.5835815255069833,0.000875372288260475,24.755059349662286,1.2121427199869825,1.5338455106495155,0.06820208576768295,0.09872355897727864,0.17852989834744543,0.0034045209044035836,77.60376185910079,20,community_risk_parity__sample
2024-06-11,30,sample,community_risk_parity,607.3995488395359,0.0,,0.49547148200561864,0.000743207223008428,20.57303946404722,1.2862944829221632,1.5100880642426133,0.14285714285714285,0.12470080122952291,0.16560476842414995,0.0029135087076990886,60.708867164990465,20,community_risk_parity__sample
2024-07-09,30,sample,community_risk_parity,406.5450773997088,0.0,,0.5451321388279728,0.0008176982082419592,17.459576450523887,1.1953823950816393,1.5008502343157286,0.16666666666666666,0.1859119185534485,0.1631647493464021,0.0026734088209830857,72.02581437046115,20,community_risk_parity__sample
2024-08-06,30,sample,community_risk_parity,521.5554479866563,0.0,,0.40540967420186474,0.0006081145113027971,26.72690631573368,1.3077589633611046,1.587450123417487,0.05931397695740616,0.05374974614064083,0.1490964580290667,0.0024702080816811057,68.49955388358822,20,community_risk_parity__sample
2024-09-05,30,sample,community_risk_parity,468.3840625616854,0.0,,0.2911798434604291,0.0004367697651906436,25.242479225110422,1.3421138454841053,1.6135667011921588,0.0747409799712556,0.060109171695111006,0.14351603796628287,0.0029513764830722006,80.41262283734454,20,community_risk_parity__sample
2024-10-03,30,sample,community_risk_parity,249.82690120521968,0.0,,0.41346079345609277,0.0006201911901841391,25.86755217646288,1.1595410262710757,1.6385948560142356,0.06386063873319087,0.09908108501217802,0.14641578418860948,0.002463510936585098,86.6156092775964,20,community_risk_parity__sample
2024-10-31,30,sample,community_risk_parity,189.6124608680431,0.0,,0.3799389027781792,0.0005699083541672688,28.332200555363542,1.1901552611009465,1.876425003172496,0.04945175964434157,0.0604616045636738,0.09911244914643566,0.0012950196544351928,90.1493526746855,20,community_risk_parity__sample
2024-11-28,30,sample,community_risk_parity,243.93146005813006,0.0,,0.36481666467715756,0.0005472249970157364,22.372985352269094,1.4192126000766558,1.7600229824391596,0.1006672856941671,0.11207059540237137,0.09701900101818509,0.0015637937010762096,87.51200167547803,20,community_risk_parity__sample
2024-12-26,30,sample,community_risk_parity,388.18566304578417,0.0,,0.45548033258408205,0.0006832204988761231,26.91230326860747,1.2383707098163896,1.7165251461777942,0.05977664696536892,0.06501347688699609,0.09790184973275365,0.0016153155742267178,68.2258628947685,20,community_risk_parity__sample
2025-01-24,30,sample,community_risk_parity,399.22887206776284,0.0,,0.35013205793340085,0.0005251980869001013,15.52278730268305,1.5003724214536756,1.6538383539918433,0.19999999999999998,0.13082802837309748,0.09402507057616778,0.0015211915239517495,73.32538807469825,20,community_risk_parity__sample
2025-02-28,30,sample,community_risk_parity,319.72678021172266,0.0,,0.2804394478893845,0.0004206591718340768,26.361151253718116,1.30397600791635,1.8029951602426397,0.07206514796148256,0.055551392470347793,0.09220235728849899,0.0022243900069202787,25.218620250962513,20,community_risk_parity__sample
2025-03-28,30,sample,community_risk_parity,143.6189071530471,0.0,,0.3409631252236672,0.0005114446878355007,24.44011664366442,1.502134104666309,2.2185503687328247,0.09069027930393088,0.08560446608041154,0.07925237080814827,0.026952512361918927,-61.3476714381971,20,community_risk_parity__sample
2025-04-28,30,sample,community_risk_parity,1015.1370045539128,0.0,,0.4976737525474381,0.0007465106288211572,18.193760226756854,1.0799133555653668,1.2420033782902529,0.16666666666666663,0.17395822354143842,0.2839140457534847,0.007985678075647129,69.789339282643,20,community_risk_parity__sample
2025-05-29,30,sample,community_risk_parity,1181.6225165116243,0.0,,0.565055817792243,0.0008475837266883644,25.204265984241463,1.0972352771332956,1.3191254610842933,0.06966341508407509,0.07043848043203937,0.2797020049211257,0.0091774030408626,74.87508630633492,20,community_risk_parity__sample
2025-06-26,30,sample,community_risk_parity,1097.265780974678,0.0,,0.46654044791385624,0.0006998106718707843,22.226927862397723,1.1234648594530514,1.3090068242930093,0.10463080518580443,0.12561730647199312,0.3029724244398081,0.009160737585867476,68.33995049293658,20,community_risk_parity__sample
2025-07-24,30,sample,community_risk_parity,244.15984364475068,0.0,,0.3772605469456718,0.0005658908204185078,18.246838575642716,3.628618171849704,2.108043016846097,0.1192009332321607,0.15366526788539503,0.10820862915959448,0.009773628007334743,-7.065867295481343,20,community_risk_parity__sample
2025-08-21,30,sample,community_risk_parity,645.2172321431576,0.0,,0.6411070625096544,0.0009616605937644816,23.559723472025834,1.435962457460104,1.870282318877931,0.07669759894305696,0.08211647457345682,0.15222452103641113,0.005766522812842398,48.97543340073551,20,community_risk_parity__sample
2025-09-22,30,sample,community_risk_parity,354.24413152293,0.0,,0.5456119942466495,0.0008184179913699744,25.827473454183036,1.236748986318556,1.6025228178552877,0.0618863686919325,0.05867737403231395,0.21007805923962203,0.005229453433163833,73.85226094412506,20,community_risk_parity__sample
2025-10-20,30,sample,community_risk_parity,900.0791986355716,0.0,,0.4192993953461012,0.0006289490930191518,26.05231240494509,1.2174193749345148,1.497044048287881,0.07877453506399612,0.046763950716167645,0.22968750366210614,0.005417142424721384,60.518451362490254,20,community_risk_parity__sample
2025-11-17,30,sample,community_risk_parity,656.8296340741823,0.0,,0.24771298874902542,0.00037156948312353817,27.78626644207447,1.1278689107953475,1.4671453273296182,0.054426799502523715,0.06326609054260396,0.22984469325175375,0.005673515783778208,62.93875159924575,20,community_risk_parity__sample
2025-12-15,30,sample,community_risk_parity,818.2073471809673,0.0,,0.3841387524173754,0.0005762081286260631,22.242596570460474,1.3875948069618778,1.4993925223711513,0.10799241948078134,0.10968134514128661,0.2053637360830944,0.00789848897075428,36.61832945164193,20,community_risk_parity__sample
2026-01-14,30,sample,community_risk_parity,466.42503932583463,0.0,,0.4185745339998505,0.0006278618009997758,23.655734349266915,1.9707136146791118,1.7884526612424132,0.08230953613476222,0.08176094757525443,0.18558539550159603,0.007135725658212407,40.88670976018591,20,community_risk_parity__sample
2026-02-11,30,sample,community_risk_parity,332.6089290282663,0.0,,0.3335606062469245,0.0005003409093703868,23.68846797152067,1.925929969311634,1.9499137311854697,0.08355655533437255,0.09333896165142239,0.1839163815242854,0.010636123885599877,50.5347552741419,20,community_risk_parity__sample
2026-03-18,30,sample,community_risk_parity,548.2459105134491,0.0,,0.4403493000618396,0.0006605239500927593,27.580152811393244,1.4593769645423273,1.7228789249286376,0.05516389851979592,0.05204484297713601,0.22728732297761045,0.006902567863981845,71.55842561084539,20,community_risk_parity__sample
2026-04-15,30,sample,community_risk_parity,606.8413586793914,0.0,,0.4872216930682803,0.0007308325396024204,14.53270561239339,1.3533114125393655,1.5157274323630963,0.19999999999999998,0.0923682525232273,0.22593038030462242,0.007967627278900014,73.32314362477125,20,community_risk_parity__sample
2026-05-18,30,sample,community_risk_parity,551.9665940449746,0.0,,0.4646381087830739,0.0006969571631746108,20.332303065050173,1.203750918822709,1.5829828715868148,0.14285714285714285,0.0813654818855272,0.23086381688632027,0.00675691329227832,73.2695999410713,20,community_risk_parity__sample
2026-06-15,30,sample,community_risk_parity,511.85513970599817,0.0,,0.3909792104744927,0.0005864688157117391,22.42008542176962,1.3381446794986191,1.6681676648222157,0.08725063903094976,0.17020997868174423,0.2032089827530919,0.004305172437392425,81.22231270526572,20,community_risk_parity__sample
2026-07-13,30,sample,community_risk_parity,345.4591849764964,0.0,,0.5542005931552202,0.0008313008897328303,15.639305431016007,3.8766140352515635,2.250153955196133,0.19999999999999998,0.12690968909309328,0.1030714095419667,0.008650697963146301,58.25771967412331,9,community_risk_parity__sample
2012-05-02,13,sample,risk_parity,57.21504473420251,0.0,,1.0,0.0015,11.365124402211492,1.5566000657599008,1.5734286052204438,0.14211472435341427,0.07692307692644564,0.24225602289929407,0.0023434115470995416,32.42321219850659,20,risk_parity__sample
2012-05-30,13,sample,risk_parity,50.197786727881955,0.0,,0.10791428690903745,0.0001618714303635562,11.62025773087072,1.613960822806781,1.5662101310008298,0.13011358778902532,0.07692307692688927,0.22878757270928388,0.0027335254615584695,36.68236595406121,20,risk_parity__sample
2012-06-27,13,sample,risk_parity,114.24741656682295,0.0,,0.21439685076104478,0.00032159527614156717,9.908732649951364,1.5331662664122958,1.6314577518479931,0.18757414399190953,0.07692307692620877,0.15674549751891848,0.001522654596574831,37.93348589163162,20,risk_parity__sample
2012-07-25,13,sample,risk_parity,196.4801841799704,0.0,,0.16486240075021713,0.00024729360112532567,9.970522665245175,1.6706389201762792,1.6417966444861352,0.16264266307244307,0.07692307692596152,0.144205958676643,0.002349768799451847,14.05587323777188,20,risk_parity__sample
2012-08-22,14,sample,risk_parity,69.50427208017032,0.0,,0.3649978373603049,0.0005474967560404574,12.535858607228219,1.7291209785646742,1.6084758879480063,0.11642267480042619,0.07142857143155129,0.15803854164890285,0.005381174697579563,18.88868685008744,20,risk_parity__sample
2012-09-20,14,sample,risk_parity,83.26657805398501,0.0,,0.16406129114944215,0.00024609193672416323,12.691738956578309,1.3930060135276665,1.489393587424244,0.11705381637527508,0.07142857143423875,0.22239191944671596,0.0022160056111247594,36.82741107160095,20,risk_parity__sample
2012-10-18,14,sample,risk_parity,115.24492667207588,0.0,,0.08186831478854541,0.0001228024721828181,12.504752056819216,1.3809178840616398,1.4942902141249401,0.12736798429084034,0.07142857143405833,0.22275020565883163,0.002419136237617863,35.65667041888591,20,risk_parity__sample
2012-11-15,14,sample,risk_parity,67.50936824355847,0.0,,0.09546831388342826,0.0001432024708251424,12.033068920252273,1.5910575356162457,1.571862772147093,0.13228813699499575,0.07142857143322227,0.20555922412646493,0.002909206130742586,39.510521646334055,20,risk_parity__sample
2012-12-13,14,sample,risk_parity,76.45801977179782,0.0,,0.21591347640034853,0.00032387021460052276,11.203885364205105,2.0420547321409823,1.8066306034053239,0.1671621522021546,0.07142857144279664,0.1260802925193307,0.002816971010425325,21.86712777773631,20,risk_parity__sample
2013-01-14,14,sample,risk_parity,58.36629678917569,0.0,,0.2540968082759853,0.00038114521241397795,11.655378935986896,1.9262804814050538,1.875746596118008,0.15952056556423738,0.07142857143418371,0.15051921874674704,0.0027656127073196427,34.48740355229562,20,risk_parity__sample
2013-02-18,14,sample,risk_parity,53.65797576049927,0.0,,0.1959371846203891,0.00029390577693058363,12.403667331316097,1.6900850191262538,1.7330468552223208,0.1283808087911208,0.07142857145531857,0.16931892882630065,0.003650461515830945,32.452934484482256,20,risk_parity__sample
2013-03-18,14,sample,risk_parity,81.90686448010126,0.0,,0.11747805668774103,0.00017621708503161155,12.634457626531665,1.4378471773270407,1.5533689997053823,0.11677441568972764,0.07142857143323707,0.21918087431810307,0.002313155465218153,35.7141505105582,20,risk_parity__sample
2013-04-15,14,sample,risk_parity,169.47264443780853,0.0,,0.18676211834648482,0.0002801431775197272,12.624680814728045,1.2767288044834713,1.4280516945487667,0.10988154538187571,0.07142857142982481,0.22688814403152466,0.0027894268579757575,40.12164648153973,20,risk_parity__sample
2013-05-17,14,sample,risk_parity,176.82992632051716,0.0,,0.09208906939428389,0.00013813360409142584,12.44254557057258,1.3287255516325722,1.4726488163847726,0.11820081649612121,0.07142857142953163,0.20529357332312087,0.002519497622854346,35.63968280561656,20,risk_parity__sample
2013-06-14,14,sample,risk_parity,85.28145649767117,0.0,,0.15855021370203992,0.00023782532055305987,11.844488266611316,1.4500335049187116,1.6177957633582583,0.15365144146817475,0.07142857143288933,0.1664067632437983,0.0014273819566646888,40.370566263360516,20,risk_parity__sample
2013-07-12,14,sample,risk_parity,104.40802289658893,0.0,,0.20103770039799404,0.00030155655059699104,10.44186711921994,1.6128715325289058,1.7842305027562586,0.15727012525436765,0.07142857143124072,0.12842802792001407,0.001281143074531893,42.57403855922888,20,risk_parity__sample
2013-08-09,14,sample,risk_parity,83.3208005578718,0.0,,0.11249296736682812,0.00016873945105024218,9.915189101029725,1.7408954682025664,1.9034299296214396,0.18133615331691527,0.07142857143192943,0.11270126410594976,0.0012962561107951326,40.160297345473026,20,risk_parity__sample
2013-09-09,14,sample,risk_parity,149.39318123304773,0.0,,0.22153228149960708,0.00033229842224941064,7.330406096629895,2.3489440870839218,1.8989752391358374,0.288849383208679,0.07142857145353046,0.0936556374491865,0.0015078464050453134,37.18820046561996,20,risk_parity__sample
2013-10-08,14,sample,risk_parity,86.64341437946074,0.0,,0.2896921585828103,0.0004345382378742154,10.83312856081021,1.9779056887158883,1.8966567245742145,0.14338902680867996,0.07142857144154793,0.09823843969617364,0.0010428352941181896,44.252364423232635,20,risk_parity__sample
2013-11-05,14,sample,risk_parity,52.873209036380956,0.0,,0.12085434340049785,0.00018128151510074677,11.585907581606914,1.7452729321115128,1.8303563831343952,0.14149564136375167,0.07142857142933277,0.09830855615443866,0.0009473710927109619,45.349100971287186,20,risk_parity__sample
2013-12-03,14,sample,risk_parity,30.551269058962394,0.0,,0.27887567987469175,0.0004183135198120376,10.251635810329928,2.4480790453950143,2.287993815251475,0.2131105586523413,0.0714285714288836,0.06400125892700745,0.0008612522522957201,38.58333016027778,20,risk_parity__sample
2013-12-31,14,sample,risk_parity,37.76506748505056,0.0,,0.22757590753003987,0.0003413638612950598,10.439581552703553,2.5396188448057524,2.1843495724725903,0.19298976797513087,0.07142857142986732,0.06347832776958297,0.002858426609406189,14.428907035368216,20,risk_parity__sample
2014-02-07,14,sample,risk_parity,52.51655614945461,0.0,,0.24956719178485992,0.0003743507876772899,10.245238567312802,3.0891250337316705,2.070964695686165,0.1856319307257813,0.07142857142951914,0.08918874892900647,0.0026387562059105186,26.838810569506986,20,risk_parity__sample
2014-03-10,14,sample,risk_parity,65.51966834129126,0.0,,0.24598721033307291,0.00036898081549960934,10.537074812116991,2.3126428192964537,1.8735438322325952,0.16941222546599055,0.07142857143455533,0.12582585159802623,0.0019004051461838276,33.37231303468249,20,risk_parity__sample
2014-04-07,14,sample,risk_parity,64.54997320150505,0.0,,0.13730308080554066,0.00020595462120831097,11.585363482897572,1.8189532924137959,1.7920680949891634,0.15032699372187935,0.07142857143842479,0.15347675671983732,0.004969858985886722,34.506831053088476,20,risk_parity__sample
2014-05-09,15,sample,risk_parity,136.24381594115246,0.0,,0.3097094425652504,0.00046456416384787564,13.579540128532077,1.3310504401828671,1.419572197534256,0.11367507420696815,0.0666666666684819,0.21890335025837238,0.0031669389696780377,34.52735276942303,20,risk_parity__sample
2014-06-06,15,sample,risk_parity,112.17762848906115,0.0,,0.11993343431966666,0.0001799001514795,13.577740102145277,1.2813877912515377,1.3790367499532472,0.11513444839011988,0.06666666666882902,0.24096514130749933,0.0044399436048407435,41.85642998597755,20,risk_parity__sample
2014-07-04,15,sample,risk_parity,121.55620007316793,0.0,,0.07970322774536005,0.00011955484161804009,13.288380995947113,1.304141131057127,1.3889001832784333,0.1266955139648625,0.06666666666876073,0.22353040561791404,0.003686213815438141,43.47472827668003,20,risk_parity__sample
2014-08-01,15,sample,risk_parity,91.97110052258638,0.0,,0.1747691931122243,0.00026215378966833647,12.508606976901216,1.7160713837383168,1.6924171227322033,0.13248380433100343,0.06666666666730613,0.1460061989966932,0.001901182868507977,43.65593626095249,20,risk_parity__sample
2014-08-29,15,sample,risk_parity,49.42387875087435,0.0,,0.23462166340672186,0.0003519324951100828,12.36115064425857,1.7873843973276344,2.1957818176214627,0.16208315502184592,0.06666666667082005,0.08472643059086504,0.0011070506316425263,41.37163595877641,20,risk_parity__sample
2014-09-30,16,sample,risk_parity,131.68463460387844,0.0,,0.1934486648601368,0.00029017299729020517,12.726475669389878,2.3442901463697896,2.4199470439764488,0.16577050410425126,0.06250000000729851,0.085318386851775,0.0015475477161375952,44.218242965359515,20,risk_parity__sample
2014-10-28,16,sample,risk_parity,104.34368797002327,0.0,,0.17643660149390106,0.0002646549022408516,10.323771605062941,2.3608578536266434,2.235016530192695,0.2262685862742207,0.06250000000078296,0.08725351051237072,0.0013431478221140397,42.0788973112432,20,risk_parity__sample
2014-11-25,16,sample,risk_parity,47.28519046997389,0.0,,0.2124421463802107,0.00031866321957031604,12.930764347367536,1.862584119691199,2.0279953404237157,0.1687750406725428,0.0625000000157374,0.10704732688632232,0.0029869355196287914,37.73386258265668,20,risk_parity__sample
2014-12-23,16,sample,risk_parity,68.95698387637196,0.0,,0.11227778623553791,0.00016841667935330685,13.642202623781229,1.5487005559464326,1.7214569507539859,0.14282828142832815,0.0625000000037423,0.1433928512518373,0.0023249288740435628,34.3584175556098,20,risk_parity__sample
2015-01-22,16,sample,risk_parity,69.0743137919775,0.0,,0.24934970688587887,0.0003740245603288183,14.647142354253882,1.3652988848266252,1.7438099444163802,0.10495861641070764,0.0625000000023436,0.15823510517041764,0.003797518189640858,39.24452071774491,20,risk_parity__sample
2015-02-27,16,sample,risk_parity,117.50308695443772,0.0,,0.22378958044268393,0.0003356843706640259,14.310444443676374,1.5041927989561252,1.6725229679304967,0.10123294477508414,0.06250000000367453,0.18230790182738874,0.002545083327321196,45.413323253926194,20,risk_parity__sample
2015-03-27,16,sample,risk_parity,102.52479717709407,0.0,,0.14287900580001153,0.00021431850870001732,13.396263073062187,2.023429859220909,1.7809826876450465,0.12064299322840108,0.06250000000166267,0.14823495676318124,0.002213028965419064,46.34764894504268,20,risk_parity__sample
2015-04-24,16,sample,risk_parity,117.69596654446737,0.0,,0.14003726036103611,0.00021005589054155416,13.781455193778045,1.8719054211687252,1.7369955983119272,0.11920821775728717,0.06250000000314435,0.1442194937314228,0.0023052364186462756,39.12096765692048,20,risk_parity__sample
2015-05-28,16,sample,risk_parity,118.93760398747138,0.0,,0.23708060011962262,0.00035562090017943394,14.068888669190226,1.272249957747456,1.6511412336074378,0.1268251711703862,0.06250000000399318,0.14784747662759726,0.0018122542192028348,31.892365353041,20,risk_parity__sample
2015-06-25,16,sample,risk_parity,76.58362046166856,0.0,,0.1591612049953985,0.00023874180749309772,14.762851756724475,1.4076978586121391,1.7454342971082506,0.1033462261186299,0.06250000000242197,0.15575909013224962,0.0036562168942445928,32.8786088196531,20,risk_parity__sample
2015-07-23,16,sample,risk_parity,80.33473809468761,0.0,,0.19186228610499942,0.00028779342915749914,14.059007435318113,1.5806144529736288,1.7959089233449597,0.120703964378176,0.06250000000166601,0.17001170349457656,0.002301006429819535,40.015322977575856,20,risk_parity__sample
2015-08-20,16,sample,risk_parity,99.83589196836266,0.0,,0.18011207264949336,0.00027016810897424005,13.673860764153714,1.9409308712778386,1.795306213311112,0.1272094802571899,0.06250000000218642,0.16748517234620497,0.004731876839373564,33.870775835807194,20,risk_parity__sample
2015-09-18,16,sample,risk_parity,143.26474676146495,0.0,,0.1518334402085852,0.0002277501603128778,13.714688382106214,1.3412765812316774,1.5034619258605553,0.13270679646223427,0.06250000000851859,0.2240006427106181,0.003710625355573974,44.417222826224936,20,risk_parity__sample
2015-10-16,16,sample,risk_parity,181.12677637511896,0.0,,0.14159207103160165,0.00021238810654740248,13.682900513653609,1.2708872951893684,1.4557065371243865,0.14095640091650466,0.06250000000173761,0.21288406685080455,0.003588830961623449,40.37435969556203,20,risk_parity__sample
2015-11-13,16,sample,risk_parity,79.33530898087295,0.0,,0.15872249137444175,0.00023808373706166264,14.453376832890532,1.188707540723546,1.5002706695585584,0.11942704995915797,0.06250000000137683,0.19795570565671147,0.0021284263532631944,44.49724540456402,20,risk_parity__sample
2015-12-11,16,sample,risk_parity,62.908345152319995,0.0,,0.382206033462394,0.0005733090501935911,10.684992261770528,1.9815907916776976,1.7542776922825325,0.2197655821478669,0.06250000000249872,0.11331966054635112,0.0018976795316577855,27.67351077065903,20,risk_parity__sample
2016-01-11,16,sample,risk_parity,60.480731030541214,0.0,,0.22507451909617782,0.0003376117786442667,13.492225999534455,2.337737795226988,2.0382937981822637,0.1395883113879408,0.06250000000334649,0.11980765406678158,0.004893712389726506,35.80373001243815,20,risk_parity__sample
2016-02-15,16,sample,risk_parity,140.84872441475827,0.0,,0.32977873601912616,0.0004946681040286893,12.418770078304659,1.4964716816567352,1.6747875613314203,0.16677432074814555,0.06250000000086649,0.16621046015836036,0.0021401291326705743,39.028652897964186,20,risk_parity__sample
2016-03-14,16,sample,risk_parity,132.39422686974567,0.0,,0.10387455736477649,0.00015581183604716474,12.417677912419116,1.5348825715595857,1.7381903300538506,0.17150444177114066,0.06250000000595299,0.16393142683541667,0.002516447141258487,44.80858708113068,20,risk_parity__sample
2016-04-11,16,sample,risk_parity,111.68511688135948,0.0,,0.11301878597001441,0.00016952817895502163,12.434387774332594,1.5363748603764475,1.6736133134036446,0.16477981554499865,0.0625000000071183,0.1574690804142192,0.002207640170873589,38.46227230420727,20,risk_parity__sample
2016-05-12,16,sample,risk_parity,55.85510127528593,0.0,,0.3743178517556994,0.0005614767776335491,14.006746374369163,1.8972530832067123,2.066681558394849,0.120049217830152,0.06250000000618708,0.11286149893325341,0.0012213284463240067,44.116197248316155,20,risk_parity__sample
2016-06-09,16,sample,risk_parity,70.50877416092706,0.0,,0.13592702807894286,0.0002038905421184143,13.273045184923774,2.4269982442082783,2.1653720511112797,0.13039182642732153,0.0625000000062629,0.10167862902646578,0.0017575459853408197,39.91006582468575,20,risk_parity__sample
2016-07-07,16,sample,risk_parity,43.80820227486112,0.0,,0.2596543533641258,0.0003894815300461887,13.218476322615626,2.0514061103412726,2.1615274541822713,0.12655661775333957,0.06250000000479501,0.11008652619611654,0.0016314743938803918,40.711695765729225,20,risk_parity__sample
2016-08-04,16,sample,risk_parity,69.55201569301636,0.0,,0.17791115010637382,0.0002668667251595607,13.000204065903455,1.866619757606618,1.9702053973894362,0.13672346134141278,0.06250000001114829,0.11894212729314049,0.0016470039076974241,40.11926271782961,20,risk_parity__sample
2016-09-01,16,sample,risk_parity,121.97542663060936,0.0,,0.177819774590098,0.000266729661885147,13.055282320145034,2.0199167601597576,1.965235447942053,0.13873435813193175,0.06250000001465397,0.12220147683416467,0.0017647468806213772,38.474420956885844,20,risk_parity__sample
2016-09-30,16,sample,risk_parity,78.39095807249973,0.0,,0.13681867394030928,0.00020522801091046392,13.104280447702552,1.7684950623090918,2.113793361862049,0.1526659661277063,0.06250000000388442,0.11772759148611969,0.0018539961038118052,43.38625191982142,20,risk_parity__sample
2016-10-28,16,sample,risk_parity,105.02400606969034,0.0,,0.2886692096930497,0.0004330038145395745,9.039728463135097,2.018219808959726,2.364475282346793,0.2671321892053434,0.06250000000811863,0.08984874035162885,0.0011697691873127675,44.93347046156115,20,risk_parity__sample
2016-11-25,16,sample,risk_parity,72.78115525977313,0.0,,0.1638639860890876,0.00024579597913363137,10.570740467470221,2.1775733990990562,2.194077947464142,0.22508020069114218,0.06250000000175272,0.09415854302858351,0.0013929778812995816,38.488086663284165,20,risk_parity__sample
2016-12-23,16,sample,risk_parity,82.45474510125763,0.0,,0.10703631171371049,0.00016055446757056572,10.802630272556272,1.5283166568604072,1.9262408076224493,0.22337718502435974,0.06250000001049151,0.10901550800210386,0.002459075702284286,32.808632162201135,20,risk_parity__sample
2017-01-23,16,sample,risk_parity,42.99251506889937,0.0,,0.37152470783517366,0.0005572870617527605,13.891967772756978,1.9961168959034348,2.0509078354754386,0.11762307174908757,0.06250000000652502,0.11591526494190713,0.0013263613117244155,43.38619284170284,20,risk_parity__sample
2017-02-27,16,sample,risk_parity,30.86176105136959,0.0,,0.10452734016443581,0.00015679101024665372,14.341450141925675,2.8744299700822475,2.2810470837234638,0.10485420136415076,0.06250000000405004,0.10810739259391217,0.0012957609192583792,44.36621164672889,20,risk_parity__sample
2017-03-27,17,sample,risk_parity,40.611472647651915,0.0,,0.29124908818720996,0.00043687363228081495,15.165670811585281,5.925085842634225,2.7527840207193193,0.09748507092041335,0.05882352942037781,0.0823921022778205,0.001956337678716277,44.197077025530994,20,risk_parity__sample
2017-04-25,18,sample,risk_parity,34.80717886541968,0.0,,0.42167579478974965,0.0006325136921846244,15.439328951658496,4.370853389343733,2.652058782940074,0.12067858817698235,0.055555555562486626,0.08238886663270929,0.0023779278590173583,40.81421526310153,20,risk_parity__sample
2017-05-25,19,sample,risk_parity,67.65706324444938,0.0,,0.22400557027082718,0.0003360083554062408,15.738504078231543,5.760926901952824,2.7613113122470128,0.12788407135206095,0.05263157895034762,0.08682633945484264,0.0015090412290477218,49.17911226651725,20,risk_parity__sample
2017-06-22,19,sample,risk_parity,46.01994230384732,0.0,,0.2061010025914896,0.0003091515038872344,13.540970210182392,5.354593774749736,2.8552071809910378,0.15338175612026902,0.05263157895179711,0.07698882049650307,0.0016410671093166653,55.54779598483525,20,risk_parity__sample
2017-07-20,20,sample,risk_parity,50.64139725191821,0.0,,0.2160229735057578,0.0003240344602586367,11.200886267190452,3.8842686198239247,3.125719591200251,0.21515919763113592,0.05000000001042619,0.06648246460261535,0.001927220053452538,54.01346914681211,20,risk_parity__sample
2017-08-17,20,sample,risk_parity,80.94806803607156,0.0,,0.32958895536307037,0.0004943834330446055,15.396991356218727,2.170660305000817,2.130104414488978,0.1245632746139811,0.050000000025030654,0.09737417067137746,0.0014885941687144421,54.38844922044089,20,risk_parity__sample
2017-09-15,20,sample,risk_parity,139.03098633096403,0.0,,0.18452676998655698,0.00027679015497983545,16.918669436870832,2.1664893451709566,2.0172167285499465,0.10582940682447992,0.05000000000209466,0.10400431597226827,0.0017425948240004255,46.198713321752095,20,risk_parity__sample
2017-10-13,20,sample,risk_parity,68.48440033035192,0.0,,0.24679412242832793,0.0003701911836424919,17.278857823866037,2.742595609556057,2.2165884330368746,0.11201519767130681,0.05000000000736021,0.09324236081245553,0.0017458367423370477,45.46670404561232,20,risk_parity__sample
2017-11-10,21,sample,risk_parity,46.434353829264765,0.0,,0.32502092746387334,0.00048753139119581004,19.24817974322267,3.2131735224990257,2.627113044695183,0.07532868983680364,0.04761904762270519,0.08915469130135119,0.0034146502831975418,34.56677792194881,20,risk_parity__sample
2017-12-08,21,sample,risk_parity,43.0094956504404,0.0,,0.25220702139482765,0.0003783105320922415,19.64521789190319,1.5967458258665457,2.2913400835550273,0.06914297635615423,0.047619047621676416,0.12361703177697746,0.004146132912595198,46.89224808359504,20,risk_parity__sample
2018-01-08,22,sample,risk_parity,67.15828685497057,0.0,,0.28020648626833883,0.00042030972940250823,19.18371514990757,1.6936892649052036,2.144480218578012,0.08867645952728258,0.04545454548462041,0.14893487480389273,0.012247191558790838,25.246919196090545,20,risk_parity__sample
2018-02-07,23,sample,risk_parity,120.43600733437175,0.0,,0.3330403990702533,0.00049956059860538,20.563032560359833,1.4059007037577915,1.789118345313326,0.08136892932677144,0.0434782608752759,0.23095849912840713,0.005685021568880531,47.78766766718624,20,risk_parity__sample
2018-03-14,23,sample,risk_parity,142.7213579068896,0.0,,0.14488757895961163,0.00021733136843941745,19.662249295436794,1.4081296366991805,1.6947171475854048,0.0985783465655747,0.04347826087112967,0.2542664036237382,0.006466955452877201,56.007686441271176,20,risk_parity__sample
2018-04-11,24,sample,risk_parity,193.56355796792604,0.0,,0.14549750938177383,0.00021824626407266075,20.556248167436703,1.3993147304803337,1.6969624988959737,0.09000196092009347,0.04166666666827378,0.2510832768888209,0.010376262660576814,44.824745005788245,20,risk_parity__sample
2018-05-14,25,sample,risk_parity,312.07463472377077,0.0,,0.3731230014050699,0.0005596845021076048,17.418921065370444,1.8884804811244218,1.909357279764626,0.14692545902845763,0.040000000002375094,0.21996210417534348,0.01100003370217592,47.433398375566966,20,risk_parity__sample
2018-06-11,26,sample,risk_parity,648.3854791878136,0.0,,0.27104936112539907,0.00040657404168809854,21.138900598572718,1.3871200083189728,1.7134034497992412,0.08644438805495616,0.03846153846443519,0.28712350993768165,0.0071518340166761,57.28727558828492,20,risk_parity__sample
2018-07-09,27,sample,risk_parity,950.4122494831844,0.0,,0.19661255380449288,0.0002949188307067393,21.90838533634307,1.313235734129079,1.5897999467320036,0.08975662086560202,0.03703703704048492,0.32293630873135565,0.012861486239418863,52.16256846399959,20,risk_parity__sample
2018-08-06,28,sample,risk_parity,1138.0996387272921,0.0,,0.33447779521929116,0.0005017166928289367,18.21532031051101,1.5621736769771604,1.8080924705659795,0.13585694326689376,0.035714285716959115,0.24793600375887548,0.012115015424650169,64.8588391800578,20,risk_parity__sample
2018-09-04,29,sample,risk_parity,503.0720739224109,0.0,,0.18833073997064273,0.0002824961099559641,21.00400348802227,1.5031101234915023,1.7884477300907855,0.09614381987037458,0.03448275863157885,0.2039523024496101,0.008132419151508093,71.12815644606162,20,risk_parity__sample
2018-10-02,29,sample,risk_parity,229.55144402107493,0.0,,0.1816964877689924,0.0002725447316534886,19.43729400564796,2.4747834765360923,2.4882532558046515,0.12045101243500915,0.03448275862385601,0.11885947548318491,0.008314620997315213,61.05509496491227,20,risk_parity__sample
2018-10-30,29,sample,risk_parity,333.0210021308287,0.0,,0.3206428348481371,0.0004809642522722057,22.35220151249673,1.2348357277430946,1.6713847313737387,0.12200406665615539,0.034482758623527315,0.173502957770423,0.0038984107469365653,62.152602550354885,20,risk_parity__sample
2018-11-27,29,sample,risk_parity,399.46873849894615,0.0,,0.1691535448146878,0.0002537303172220317,17.69724094440347,1.2674758117580527,1.6592124748369823,0.17383155123705651,0.03448275862347085,0.17766482136255396,0.0035062692207261177,73.55668022408472,20,risk_parity__sample
2018-12-25,29,sample,risk_parity,420.2243740064178,0.0,,0.09291580500856597,0.00013937370751284896,19.855234890548807,1.270562842519417,1.5874974790666312,0.14759499205830803,0.03448275862411606,0.1888912041689124,0.00507529553167129,60.36309158948809,20,risk_parity__sample
2019-01-24,29,sample,risk_parity,382.5366895718319,0.0,,0.17667456517871785,0.00026501184776807677,21.173892487969237,1.5745782258487304,2.024611949919662,0.11641781858765347,0.034482758628401125,0.14306089269567562,0.0034391527253932264,69.5786076433553,20,risk_parity__sample
2019-02-28,29,sample,risk_parity,240.1315581131362,0.0,,0.2458769921075849,0.00036881548816137735,25.40113299014034,1.468235810212823,2.008422777144982,0.06760546731885006,0.03448275862659788,0.1383584250592668,0.002570896609755791,76.05760300397992,20,risk_parity__sample
2019-03-28,29,sample,risk_parity,200.19432310427075,0.0,,0.20347453673842114,0.0003052118051076317,25.77453203719505,1.6825261272761955,2.056108568514988,0.06696862117536675,0.03448275862763389,0.12923528811704668,0.002683269177922234,77.37665724322032,20,risk_parity__sample
2019-04-26,29,sample,risk_parity,289.70835727765643,0.0,,0.14078095874573848,0.00021117143811860773,25.642888747425875,2.049260973972924,2.110615277151259,0.07929947676126435,0.034482758622473526,0.11631124850619065,0.002293297627073938,73.53304981192045,20,risk_parity__sample
2019-05-29,29,sample,risk_parity,202.53119199202624,0.0,,0.20254669289800648,0.0003038200393470097,24.20651809909608,1.4463240272183548,1.9945634930551195,0.10555888115885374,0.03448275862732444,0.1117171983131577,0.0017607008263076799,77.7874237704616,20,risk_parity__sample
2019-06-26,29,sample,risk_parity,231.26380178303697,0.0,,0.19472698190786192,0.00029209047286179286,26.631979053496007,1.421592991929656,2.081580787241594,0.05991854811937034,0.03448275862407619,0.09870793982757055,0.001879059631747281,64.68254780649342,20,risk_parity__sample
2019-07-24,29,sample,risk_parity,240.25511387459352,0.0,,0.15771802852230463,0.00023657704278345695,26.25100063539786,1.4513733239374476,2.0343931082084907,0.06300212476968434,0.03448275862385403,0.10649747012041698,0.002699399376711845,58.80944082469291,20,risk_parity__sample
2019-08-21,29,sample,risk_parity,121.67324372945781,0.0,,0.19138375550588177,0.00028707563325882263,25.364066154022375,1.456735323652384,2.3180632400395424,0.07916973310388348,0.034482758648079787,0.09572568976711456,0.0017177206204108868,76.77250059236934,20,risk_parity__sample
2019-09-19,29,sample,risk_parity,129.89474068046326,0.0,,0.1752036573326855,0.00026280548599902825,25.446240117926507,1.904014269958594,2.4216440844927316,0.07633184983933536,0.03448275863827188,0.08956543129853707,0.001717090067361911,81.7444195631314,20,risk_parity__sample
2019-10-17,29,sample,risk_parity,117.72483696196109,0.0,,0.20923821853346186,0.00031385732780019277,24.441808662612605,2.3474876706154086,2.5732371871218147,0.08071361388419653,0.034482758623749984,0.07874371819873781,0.0013267278082380416,84.52501843495949,20,risk_parity__sample
2019-11-14,29,sample,risk_parity,134.0603575832662,0.0,,0.17519151845571396,0.00026278727768357096,25.219956428495816,2.2583170536952686,2.517909137795567,0.0682425191345005,0.03448275864196565,0.07335233162461126,0.002324823297202914,67.8578624940246,20,risk_parity__sample
2019-12-12,29,sample,risk_parity,213.7930852208595,0.0,,0.29911122835530574,0.00044866684253295857,18.580098531960537,2.7794358962322256,2.4622680746547405,0.14195853720126972,0.03448275862592464,0.07353509879641672,0.002199774628850011,67.2288746890672,20,risk_parity__sample
2020-01-10,29,sample,risk_parity,293.1357185269599,0.0,,0.20467981522243178,0.00030701972283364766,19.37081925898028,2.2169479150623808,2.2571780022457526,0.13071379369536346,0.03448275862695372,0.08521238776251844,0.006167958162393333,15.314046470118445,20,risk_parity__sample
2020-02-14,29,sample,risk_parity,489.41543707179096,0.0,,0.46728665108807416,0.0007009299766321113,10.618297011468151,1.4992917833083879,1.8651185325505002,0.2702418969078137,0.034482758629584116,0.11862626459884532,0.016824887936392512,-19.91159088087731,20,risk_parity__sample
2020-03-13,29,sample,risk_parity,542.0845494075832,0.0,,0.4585110776698802,0.0006877666165048203,26.77749751963821,1.1058147332519965,1.501743904551465,0.05990923592756005,0.03448275862486796,0.2503008323342867,0.02122736331500556,5.925357989616149,20,risk_parity__sample
2020-04-13,29,sample,risk_parity,907.9134436093838,0.0,,0.17014136287545426,0.0002552120443131814,26.75773848641284,1.081237446927989,1.4196533642854545,0.06804862045979915,0.034482758625871635,0.3587132049481456,0.010711522051196206,55.19250615306373,20,risk_parity__sample
2020-05-13,29,sample,risk_parity,852.2719244594886,0.0,,0.10540612134668315,0.0001581091820200247,27.158962964101036,1.0672879743057353,1.4149773589525143,0.06046799913247594,0.034482758626079864,0.37595681764120936,0.015587450484053286,68.84885370371542,20,risk_parity__sample
2020-06-10,29,sample,risk_parity,844.4019640431566,0.0,,0.09200900909922226,0.00013801351364883338,26.22945282152323,1.0940015163293098,1.5067435613490616,0.07564040046523099,0.0344827586249892,0.31441553680541917,0.007013751459303155,74.12206447851379,20,risk_parity__sample
2020-07-08,29,sample,risk_parity,506.36801677361166,0.0,,0.16262031026724347,0.0002439304654008652,26.446133870916757,1.1457622219361556,1.5512390254336417,0.07454411925200338,0.0344827586246722,0.2345624284069397,0.009326192068090497,73.38533758104698,20,risk_parity__sample
2020-08-05,29,sample,risk_parity,713.9936417637923,0.0,,0.13879750549975098,0.00020819625824962647,27.07056361135227,1.0804313617697545,1.3615117014756957,0.061938773262679846,0.03448275862706115,0.2708924601587512,0.008339479391195113,70.81732370634778,20,risk_parity__sample
2020-09-03,29,sample,risk_parity,742.4509559547183,0.0,,0.07188996900870642,0.00010783495351305963,27.66790338878568,1.075473323591383,1.3207361188873772,0.05444983468283639,0.03448275862766671,0.26605180927892474,0.007487239231746363,74.19301416270153,20,risk_parity__sample
2020-10-01,29,sample,risk_parity,457.18349649862625,0.0,,0.11751161193306664,0.00017626741789959996,27.199379920431863,1.1488539190119067,1.4054637695140597,0.059366300436215845,0.034482758626432734,0.22045071161365495,0.004798751310585657,54.00740231028506,20,risk_parity__sample
2020-10-29,29,sample,risk_parity,163.3885806697785,0.0,,0.25522258264018444,0.00038283387396027666,24.786051983551555,1.982761455333967,2.3193352671965797,0.08967559780380344,0.03448275862368118,0.10272989676617512,0.002547334772684802,56.51782633586272,20,risk_parity__sample
2020-11-26,28,sample,risk_parity,254.62225784734665,0.0,,0.21843429740053297,0.00032765144610079946,22.450327042951923,1.9382473698653,2.1741307332703528,0.09508958388040058,0.0357142857210388,0.11883550525908186,0.0036763351322886685,51.7137930961537,20,risk_parity__sample
2020-12-24,28,sample,risk_parity,330.72538726869516,0.0,,0.19234917395624768,0.0002885237609343715,21.163807553578838,2.035018824328348,2.143233047353426,0.12408956639624052,0.035714285716300226,0.13233606561506406,0.006600980269898371,47.31767258182919,20,risk_parity__sample
2021-01-22,28,sample,risk_parity,328.54758682360205,0.0,,0.2721829685933461,0.0004082744528900192,25.83399290706736,1.4119525319719375,1.7283153419949864,0.062262520058018425,0.03571428571652756,0.1854801225815872,0.020571400008430465,29.663093958231833,20,risk_parity__sample
2021-02-26,29,sample,risk_parity,870.5036884827233,0.0,,0.14906786736804353,0.00022360180105206529,27.418586119435748,1.0975899176464792,1.337368406335697,0.06594067949431902,0.03448275862697234,0.3175640449350764,0.010235756983509465,74.0511777764785,20,risk_parity__sample
2021-03-26,29,sample,risk_parity,1004.4104521622514,0.0,,0.0575568441627824,8.63352662441736e-05,27.48001538276432,1.0849330879133317,1.309004653517136,0.06627357177950902,0.03448275862734053,0.3107249497584671,0.0071357162296573195,59.69850327656067,20,risk_parity__sample
2021-04-26,29,sample,risk_parity,692.6638807394246,0.0,,0.10178311962525156,0.00015267467943787735,27.23569003368545,1.0803157942246295,1.322420816681826,0.06664885689549647,0.03448275862754959,0.3006289675263875,0.009544843714602206,47.18292787825891,20,risk_parity__sample
2021-05-26,29,sample,risk_parity,215.9647774128974,0.0,,0.25748799613291373,0.0003862319941993706,25.06278317319218,1.329522919574247,1.8454847822330225,0.06578642791899393,0.03448275862753579,0.16285584623505595,0.00768744445670475,49.11731043316705,20,risk_parity__sample
2021-06-23,30,sample,risk_parity,262.10471941968586,0.0,,0.2833464131946719,0.0004250196197920078,20.01189988610069,2.354299527364052,2.2148663997258664,0.13194005152878002,0.0333333333391095,0.1480246696035065,0.011785977039430665,56.22474499670609,20,risk_parity__sample
2021-07-21,30,sample,risk_parity,447.78814638811457,0.0,,0.21587504522119422,0.00032381256783179133,18.660131734936865,2.08052289408891,1.8910860919518222,0.14594331107813163,0.0333333333359453,0.18913460791820583,0.007264123658734682,78.07585467391212,20,risk_parity__sample
2021-08-18,30,sample,risk_parity,584.5488475512483,0.0,,0.12578049602249727,0.0001886707440337459,16.97903818983656,2.086397838069137,1.834638493434511,0.16065496190664658,0.033333333336828426,0.18175114174119192,0.006665867902282381,68.19533952022326,20,risk_parity__sample
2021-09-17,30,sample,risk_parity,362.56599658220887,0.0,,0.21449278852345735,0.000321739182785186,22.545103678909243,1.435713202971247,1.609230788343183,0.10881912766823391,0.03333333333669032,0.20231605439654624,0.006573093201507424,74.3980398677763,20,risk_parity__sample
2021-10-15,30,sample,risk_parity,523.3525819232375,0.0,,0.16041316657513915,0.00024061974986270873,22.936600186343888,1.63172307942799,1.9896983766794363,0.11217560479576362,0.03333333334009498,0.12833382215917982,0.002977390244953398,65.4380770408305,20,risk_parity__sample
2021-11-12,30,sample,risk_parity,316.42424388607327,0.0,,0.17127738126360076,0.00025691607189540114,26.19928125545917,1.495233130047121,2.0200936340982993,0.0779628566531855,0.033333333338925776,0.12747814414035466,0.005424448836013555,49.32095907717574,20,risk_parity__sample
2021-12-10,30,sample,risk_parity,430.768603990115,0.0,,0.2731778735076445,0.00040976681026146675,24.39775465181707,2.0879791051305863,2.0778286297726396,0.09813257849291987,0.033333333343737545,0.1334629077748448,0.003523088117970367,59.149475610877175,20,risk_parity__sample
2022-01-10,30,sample,risk_parity,380.05978590187493,0.0,,0.14309067438978168,0.00021463601158467252,26.737857475077483,2.1286116950185137,1.989480442042813,0.06290279028169446,0.033333333334597315,0.14518320106610255,0.007928314395294766,42.93988552447746,20,risk_parity__sample
2022-02-14,30,sample,risk_parity,472.164372163933,0.0,,0.2490389084089144,0.0003735583626133716,22.13674076186414,2.0078134145157387,2.040568240747784,0.08768117678117941,0.033333333334630844,0.15836264079245824,0.00507673828470569,73.0115535739068,20,risk_parity__sample
2022-03-14,30,sample,risk_parity,286.3955746158262,0.0,,0.13958786527669906,0.00020938179791504862,21.806752113993017,2.3281315152656794,2.2415415695208822,0.09635952150887218,0.03333333333508298,0.13551408886189112,0.0037650615670621543,67.53065554236676,20,risk_parity__sample
2022-04-12,30,sample,risk_parity,448.1668776662658,0.0,,0.16419967892539833,0.0002462995183880975,22.125708218801265,2.246036726143973,2.2187531359582815,0.09523113509174079,0.03333333333603903,0.13834896561937998,0.016280548014435132,31.100200378119194,20,risk_parity__sample
2022-05-12,30,sample,risk_parity,426.09676286276715,0.0,,0.2793775889485926,0.00041906638342288893,26.253854383777785,1.2092210839571578,1.5165256985320557,0.06923109158016086,0.03333333333774599,0.22875423181635632,0.007023700194371981,63.64601271885118,20,risk_parity__sample
2022-06-09,30,sample,risk_parity,804.0304966261981,0.0,,0.16554035596185682,0.00024831053394278524,24.36585170323523,1.1825825316465701,1.421179934534593,0.08229256486931864,0.03333333333895812,0.2626156170501565,0.006740629341241791,50.25906168279556,20,risk_parity__sample
2022-07-07,30,sample,risk_parity,784.4743534562824,0.0,,0.0950370193803513,0.00014255552907052697,24.58917914214005,1.2699460255306965,1.4403216664465552,0.07782348008043775,0.03333333333858137,0.2916009625349642,0.012372688785069778,77.37561538356921,20,risk_parity__sample
2022-08-04,30,sample,risk_parity,607.1044461713336,0.0,,0.13908319755857407,0.00020862479633786108,22.31079041531051,1.4635070866726936,1.606434574031072,0.09570438217989136,0.033333333336316044,0.2174825000619362,0.009141182440617441,82.2007034622739,20,risk_parity__sample
2022-09-05,30,sample,risk_parity,721.4622415278303,0.0,,0.12640898325753008,0.00018961347488629513,24.774292951509477,1.6891864914110204,1.760032373019546,0.08090843678253956,0.0333333333350438,0.17389911109815018,0.004468578305356394,71.5584277440553,20,risk_parity__sample
2022-10-03,30,sample,risk_parity,502.0769948368157,0.0,,0.1783574753735499,0.00026753621306032483,24.682641243449346,1.39383536673555,1.6798623995981843,0.09021039607024903,0.03333333333580494,0.153584059830946,0.019102928229163808,-5.343655542024681,20,risk_parity__sample
2022-10-31,30,sample,risk_parity,699.099318523219,0.0,,0.23641075179100976,0.00035461612768651466,24.629276980330605,1.2994752232111346,1.4724963684361454,0.07880482900817834,0.03333333333772945,0.2328029416617473,0.011528961986838481,33.45789039504382,20,risk_parity__sample
2022-11-28,30,sample,risk_parity,1071.6296228727856,0.0,,0.16887430081170046,0.00025331145121755067,22.09237443424644,1.3752877283894729,1.47000562525689,0.10259059250191094,0.03333333333791146,0.2766037738728246,0.007446522412770757,56.519652485140895,20,risk_parity__sample
2022-12-26,30,sample,risk_parity,753.7220519124988,0.0,,0.1008022173286717,0.00015120332599300755,20.95051294089925,1.3365749927018928,1.4672210111658954,0.10923488984993701,0.03333333333784818,0.2867596354270843,0.014181402067280873,76.95121137350661,20,risk_parity__sample
2023-01-31,30,sample,risk_parity,1069.9107870619375,0.0,,0.1586955046355341,0.00023804325695330118,19.801781198548447,1.486498359810927,1.5535885340255269,0.11798342631653068,0.03333333333749917,0.23419054618732693,0.007720581473761812,69.78927674298023,20,risk_parity__sample
2023-02-28,30,sample,risk_parity,646.2567020089307,0.0,,0.22686324933545426,0.0003402948740031814,21.452412779503373,1.2664278220138308,1.4891175532035699,0.11837924922645277,0.033333333337613874,0.20970878928403017,0.006267577003928698,82.21740065561781,20,risk_parity__sample
2023-03-28,30,sample,risk_parity,965.4840644592517,0.0,,0.1287741642239393,0.00019316124633590896,24.72912151035613,1.2509956878827724,1.5310299262197833,0.08571606645568985,0.03333333333722157,0.17835404602387042,0.005294394022753411,80.43049421397379,20,risk_parity__sample
2023-04-25,30,sample,risk_parity,522.457162623967,0.0,,0.11831542845110676,0.00017747314267666013,23.68358410446135,1.346042200828901,1.6296332861405385,0.0796171860712064,0.03333333333641996,0.14450263992788018,0.003745437261752985,76.80303257224881,20,risk_parity__sample
2023-05-26,30,sample,risk_parity,274.4490368075037,0.0,,0.20176039990083647,0.0003026405998512547,24.827567955455336,1.6891065351033188,1.878714360097783,0.08305934176216133,0.033333333334622864,0.10933456520679517,0.001652329208624916,79.11457933637294,20,risk_parity__sample
2023-06-23,30,sample,risk_parity,248.086458696063,0.0,,0.2707509415013961,0.00040612641225209415,24.56058448286498,2.0428690044124798,2.2277563995981673,0.07407535989557747,0.03333333333688698,0.08151125800654195,0.0015955186793610626,70.17306365841804,20,risk_parity__sample
2023-07-21,30,sample,risk_parity,185.7498594028006,0.0,,0.15737899317275636,0.00023606848975913454,24.739113684940538,1.9872750430534738,2.3748671512322286,0.06617495534598504,0.033333333335131714,0.07833290978982262,0.005171679343763088,41.71133863656101,20,risk_parity__sample
2023-08-18,30,sample,risk_parity,236.37748073612218,0.0,,0.30223837671101317,0.0004533575650665197,21.845500019152258,1.5747306035171256,1.9390363074890329,0.10635769931982522,0.03333333334092508,0.11527468401711417,0.0023340040048972673,70.00258591680199,20,risk_parity__sample
2023-09-19,30,sample,risk_parity,261.19694573646285,0.0,,0.15299334285358546,0.00022949001428037818,22.869010770195974,1.4457817593118438,1.8519625955850554,0.11454260908284614,0.03333333333569545,0.13045222476123988,0.005117376205949224,63.134914812926354,20,risk_parity__sample
2023-10-17,30,sample,risk_parity,419.0041295101054,0.0,,0.14382430464472984,0.00021573645696709476,24.789822959341286,1.3789382700332027,1.6467103596584167,0.0819018702951089,0.033333333336455974,0.16247664040428236,0.0071926432564343645,48.465771587210995,20,risk_parity__sample
2023-11-14,30,sample,risk_parity,821.1975335262182,0.0,,0.17568139888134898,0.0002635220983220235,26.17845063097761,1.256142376798098,1.5150812842492876,0.07038710906744489,0.033333333337295226,0.19818993411793961,0.004300555657032113,83.68372978956396,20,risk_parity__sample
2023-12-12,30,sample,risk_parity,695.6173628927316,0.0,,0.06262876686105219,9.394315029157829e-05,25.98428820125798,1.2774807389953688,1.4653358450597613,0.0738140220096278,0.03333333333770226,0.20091359707346906,0.006067182455745238,77.56011643713403,20,risk_parity__sample
2024-01-10,30,sample,risk_parity,512.0972520100622,0.0,,0.10801499171922496,0.00016202248757883744,27.666497459253595,1.1801563812937554,1.47085634492767,0.05915392669406204,0.03333333333766712,0.18562822058451076,0.004477556345201831,82.85973297765061,20,risk_parity__sample
2024-02-07,30,sample,risk_parity,390.3592723499637,0.0,,0.15506392923316212,0.00023259589384974318,27.593513358219223,1.1780359418206192,1.73634257615988,0.07103080941579358,0.03333333333540785,0.1181559296164551,0.0027125615199017706,53.68746235203473,20,risk_parity__sample
2024-03-13,30,sample,risk_parity,335.08025542280467,0.0,,0.290142646359676,0.000435213969539514,21.786446173149415,1.3730996006213432,1.9730767202857067,0.11058162223216242,0.03333333333874663,0.10226212102925661,0.0030674718035008366,67.21275945685878,20,risk_parity__sample
2024-04-10,30,sample,risk_parity,280.90958540962237,0.0,,0.2006289842034349,0.00030094347630515235,21.993719876171266,1.4455476323659395,1.818794438334702,0.12305066524640373,0.033333333334759956,0.11487126707271274,0.005376863342470304,47.468411508372,20,risk_parity__sample
2024-05-14,30,sample,risk_parity,648.8916296090727,0.0,,0.1551268983860269,0.00023269034757904033,23.47393668503274,1.2860273650737004,1.5853140857255772,0.11479507193832789,0.03333333333679998,0.15816646794977957,0.0034045209044035836,77.60376185910079,20,risk_parity__sample
2024-06-11,30,sample,risk_parity,607.3995488395359,0.0,,0.16276502666860365,0.00024414754000290546,25.132929617815172,1.2854870586648968,1.5879100977158216,0.09302756741127262,0.033333333336645225,0.15645049540330044,0.0029135087076990886,60.708867164990465,20,risk_parity__sample
2024-07-09,30,sample,risk_parity,406.5450773997088,0.0,,0.10487938789732894,0.00015731908184599342,26.94414835504695,1.241335213523559,1.6137374398193733,0.0706013885757769,0.0333333333363545,0.15888430559358946,0.0026734088209830857,72.02581437046115,20,risk_parity__sample
2024-08-06,30,sample,risk_parity,521.5554479866563,0.0,,0.1830212794146519,0.00027453191912197786,26.422339512615398,1.3082675004268256,1.6669588400578976,0.06552179273122348,0.03333333333589955,0.14419768434174932,0.0024702080816811057,68.49955388358822,20,risk_parity__sample
2024-09-05,30,sample,risk_parity,468.3840625616854,0.0,,0.11197126253034875,0.0001679568937955231,25.89444222430739,1.5118358688873312,1.7446414984277288,0.07247831091252702,0.03333333333551357,0.13657728938380412,0.0029513764830722006,80.41262283734454,20,risk_parity__sample
2024-10-03,30,sample,risk_parity,249.82690120521968,0.0,,0.09605879117931276,0.00014408818676896914,26.620411582282482,1.31490535042023,1.701962352898529,0.07289575489175945,0.03333333333575852,0.1339317059431951,0.002463510936585098,86.6156092775964,20,risk_parity__sample
2024-10-31,30,sample,risk_parity,189.6124608680431,0.0,,0.20558313837646322,0.00030837470756469486,27.556245158957534,1.2865823655431556,1.9916433482303944,0.05663116087336903,0.03333333333847422,0.09351003873434394,0.0012950196544351928,90.1493526746855,20,risk_parity__sample
2024-11-28,30,sample,risk_parity,243.93146005813006,0.0,,0.16013520590261343,0.00024020280885392014,26.182581903751885,1.5244667553611324,1.9603062587106828,0.07160750495658794,0.0333333333382281,0.08695635262478595,0.0015637937010762096,87.51200167547803,20,risk_parity__sample
2024-12-26,30,sample,risk_parity,388.18566304578417,0.0,,0.25850625200892874,0.0003877593780133931,24.02295509043372,1.5742920221318135,1.928001026218111,0.08633247741264836,0.03333333333446195,0.08674622893113657,0.0016153155742267178,68.2258628947685,20,risk_parity__sample
2025-01-24,30,sample,risk_parity,399.22887206776284,0.0,,0.1496080729639144,0.00022441210944587161,23.72942105295723,1.4633928076814864,1.8561965824907036,0.07491705929600577,0.033333333334780404,0.08891077594876093,0.0015211915239517495,73.32538807469825,20,risk_parity__sample
2025-02-28,30,sample,risk_parity,319.72678021172266,0.0,,0.10560720937724166,0.00015841081406586249,24.221498036835772,1.454191628065468,1.9657718769704011,0.07598730217016592,0.03333333333875149,0.0837994765646398,0.0022243900069202787,25.218620250962513,20,risk_parity__sample
2025-03-28,30,sample,risk_parity,143.6189071530471,0.0,,0.2391937529247668,0.0003587906293871502,22.229970769073933,2.423884203629574,2.632617961445479,0.11848200430407857,0.03333333334190759,0.06836503697078328,0.026952512361918927,-61.3476714381971,20,risk_parity__sample
2025-04-28,30,sample,risk_parity,1015.1370045539128,0.0,,0.2825666077353398,0.0004238499116030098,26.642382243979334,1.1199058639327546,1.3486048048865857,0.09362575248034255,0.0333333333393136,0.26526215045390855,0.007985678075647129,69.789339282643,20,risk_parity__sample
2025-05-29,30,sample,risk_parity,1181.6225165116243,0.0,,0.07752896294326492,0.00011629344441489737,27.104800116577344,1.1070692764546755,1.3653732542343169,0.0881026645029545,0.03333333333939602,0.2739162002119307,0.0091774030408626,74.87508630633492,20,risk_parity__sample
2025-06-26,30,sample,risk_parity,1097.265780974678,0.0,,0.04637005433985885,6.955508150978828e-05,26.923993503023947,1.1131531053833903,1.3723724640904345,0.09011889090481583,0.03333333333926327,0.2764044848824504,0.009160737585867476,68.33995049293658,20,risk_parity__sample
2025-07-24,30,sample,risk_parity,244.15984364475068,0.0,,0.2841651266912032,0.0004262476900368048,27.706365804796217,2.8741064523216036,2.2624077191413896,0.05504657874200922,0.03333333333487878,0.10163296388286276,0.009773628007334743,-7.065867295481343,20,risk_parity__sample
2025-08-21,30,sample,risk_parity,645.2172321431576,0.0,,0.36501999711556055,0.0005475299956733409,26.467874435591938,1.4627683432063725,1.9824104156922469,0.06864581403485816,0.033333333338513994,0.14595258150427404,0.005766522812842398,48.97543340073551,20,risk_parity__sample
2025-09-22,30,sample,risk_parity,354.24413152293,0.0,,0.13979289435293998,0.00020968934152940997,25.648911921695934,1.4846340469771804,1.7102246515785924,0.0728007429409597,0.03333333333566215,0.18465180891599145,0.005229453433163833,73.85226094412506,20,risk_parity__sample
2025-10-20,30,sample,risk_parity,900.0791986355716,0.0,,0.11964921270061042,0.00017947381905091564,25.17813255449418,1.3306821338416175,1.5586133958460788,0.07694349506834072,0.033333333337021646,0.2197118091529352,0.005417142424721384,60.518451362490254,20,risk_parity__sample
2025-11-17,30,sample,risk_parity,656.8296340741823,0.0,,0.13903589227894034,0.0002085538384184105,24.7465125606749,1.3292057932970212,1.5629918770394189,0.08439985874433965,0.033333333336648625,0.20681630257643657,0.005673515783778208,62.93875159924575,20,risk_parity__sample
2025-12-15,30,sample,risk_parity,818.2073471809673,0.0,,0.17519805361550125,0.0002627970804232519,26.643735708396328,1.426888570135424,1.6496213195468457,0.06986827319642586,0.03333333333562684,0.19041700918265128,0.00789848897075428,36.61832945164193,20,risk_parity__sample
2026-01-14,30,sample,risk_parity,466.42503932583463,0.0,,0.28870042247649474,0.00043305063371474207,27.87399660514166,1.9216398984597083,1.9498598064167771,0.04931527124779271,0.03333333333823063,0.17395317468114754,0.007135725658212407,40.88670976018591,20,risk_parity__sample
2026-02-11,30,sample,risk_parity,332.6089290282663,0.0,,0.18284029877604996,0.00027426044816407494,27.265792958040276,1.6331064176328516,2.3326853761486435,0.061004507489264365,0.033333333337915765,0.15420424976197697,0.010636123885599877,50.5347552741419,20,risk_parity__sample
2026-03-18,30,sample,risk_parity,548.2459105134491,0.0,,0.13067224190063814,0.00019600836285095722,27.93251533844232,1.3703414552269508,1.8531494240255786,0.0694635683096011,0.03333333334018608,0.2202175543877895,0.006902567863981845,71.55842561084539,20,risk_parity__sample
2026-04-15,30,sample,risk_parity,606.8413586793914,0.0,,0.12618588258019175,0.00018927882387028764,25.997135093598796,1.1305430932797498,1.6475915361264075,0.0939385605927524,0.0333333333359479,0.23580149133517028,0.007967627278900014,73.32314362477125,20,risk_parity__sample
2026-05-18,30,sample,risk_parity,551.9665940449746,0.0,,0.10578689951771339,0.0001586803492765701,25.79997249998609,1.1787637655574852,1.582582992481853,0.09634510032861869,0.03333333333662909,0.2283781753105575,0.00675691329227832,73.2695999410713,20,risk_parity__sample
2026-06-15,30,sample,risk_parity,511.85513970599817,0.0,,0.14046064296562732,0.00021069096444844098,23.05011664010721,1.6440118029454363,1.90897245628738,0.11087159203798916,0.03333333333983628,0.15621987951251232,0.004305172437392425,81.22231270526572,20,risk_parity__sample
2026-07-13,30,sample,risk_parity,345.4591849764964,0.0,,0.2556326555204863,0.00038344898328072945,26.932036006412034,3.1513059672439643,2.6489604210144284,0.06776861098017282,0.03333333334233627,0.10168875563010997,0.008650697963146301,58.25771967412331,9,risk_parity__sample
2012-05-02,13,ledoit_wolf,risk_parity,40.86074187633928,0.0,0.12302472957490147,1.0,0.0015,11.40164393572437,1.6143797721726167,1.6539998485906324,0.14258977652979452,0.07692307692519469,0.2304313323914484,0.002210272177069333,33.016111824386925,20,risk_parity__ledoit_wolf
2012-05-30,13,ledoit_wolf,risk_parity,35.36230328467992,0.0,0.14523836254301808,0.10612802454780644,0.00015919203682170967,11.656483731376458,1.6506817802581832,1.6641574425893135,0.13080615765262207,0.07692307692479042,0.21534436867977322,0.0023760044042956756,36.30758460883203,20,risk_parity__ledoit_wolf
2012-06-27,13,ledoit_wolf,risk_parity,76.47363090749583,0.0,0.13359644162468845,0.21055005574620655,0.0003158250836193099,9.941314657678522,1.6869767484129297,1.7184972238674165,0.1874019365992721,0.07692307692453207,0.1488141202399088,0.0013906422192893747,37.89099174868389,20,risk_parity__ledoit_wolf
2012-07-25,13,ledoit_wolf,risk_parity,131.5803726319646,0.0,0.14422309475726175,0.16238614476277635,0.0002435792171441645,9.980470122366029,1.8347468032051524,1.7338241569228539,0.1652633129524593,0.0769230769243669,0.13639452550911602,0.002315503759142798,20.487462796159587,20,risk_parity__ledoit_wolf
2012-08-22,14,ledoit_wolf,risk_parity,23.031823555718294,0.0,0.2707118647580273,0.3677827717372424,0.0005516741576058636,12.647270900082624,2.066623399819914,1.8140469745237853,0.11425121942330718,0.07142857144012481,0.14031726163883965,0.005712765648693576,26.583909583475393,20,risk_parity__ledoit_wolf
2012-09-20,14,ledoit_wolf,risk_parity,31.20769751883439,0.0,0.15113911838095262,0.15973887192002353,0.00023960830788003528,12.744139662280112,1.4617512338992134,1.591502034851207,0.11604735453692286,0.0714285714318658,0.20822404693354862,0.0018738593688709386,37.8679618064905,20,risk_parity__ledoit_wolf
2012-10-18,14,ledoit_wolf,risk_parity,38.888506809347966,0.0,0.1539927065842066,0.08051461575571028,0.00012077192363356541,12.564566710154766,1.4710548212108272,1.598794329677416,0.12516462280773274,0.07142857143174333,0.20831948705508685,0.0020425706099560697,37.09679211319873,20,risk_parity__ledoit_wolf
2012-11-15,14,ledoit_wolf,risk_parity,27.406463302914865,0.0,0.16930312324861688,0.09293186969815227,0.0001393978045472284,12.128941300947188,1.6702640169384235,1.6901028561702085,0.13089734049447105,0.07142857143071453,0.19145074973966839,0.002459648126278373,39.73373031674562,20,risk_parity__ledoit_wolf
2012-12-13,14,ledoit_wolf,risk_parity,41.94204112051945,0.0,0.33994911808641753,0.2048796585496752,0.0003073194878245128,11.29316220270333,2.5990369506184527,2.089248726749347,0.167523808676914,0.07142857143050547,0.10922769254179887,0.0030562428513271774,26.029032520312885,20,risk_parity__ledoit_wolf
2013-01-14,14,ledoit_wolf,risk_parity,19.73623221018494,0.0,0.2785799615862363,0.2444361921143307,0.00036665428817149605,11.984412805832486,2.3689526534876233,2.0894336132254847,0.15083182187694086,0.07142857143079451,0.1357065525626792,0.0030029689248900213,36.50996546040564,20,risk_parity__ledoit_wolf
2013-02-18,14,ledoit_wolf,risk_parity,25.757520483287866,0.0,0.19435368123760038,0.17898841449773376,0.0002684826217466006,12.543042996815428,1.9367546910303417,1.8746240869324373,0.12446229719428435,0.07142857143848895,0.15674582038286983,0.003903034100560808,34.337136724706355,20,risk_parity__ledoit_wolf
2013-03-18,14,ledoit_wolf,risk_parity,44.57320987498167,0.0,0.14728835230834172,0.11167413367658305,0.00016751120051487458,12.689760541578845,1.596972321177097,1.6537156135435265,0.1144386198187747,0.07142857143084924,0.20594969216544626,0.002223361900701735,35.946220944206175,20,risk_parity__ledoit_wolf
2013-04-15,14,ledoit_wolf,risk_parity,91.8406404612846,0.0,0.11755006418668917,0.18223794242504285,0.0002733569136375643,12.634808802901759,1.3717168345174535,1.504260588562078,0.11039161449883925,0.07142857142940204,0.21537540884360235,0.002432687147555233,40.132987875739985,20,risk_parity__ledoit_wolf
2013-05-17,14,ledoit_wolf,risk_parity,90.94743889670033,0.0,0.1453054338368453,0.08983512879439116,0.00013475269319158673,12.451948315631387,1.4506282327064803,1.5699089814018488,0.11912442097825504,0.07142857143339576,0.19251967574007212,0.0021716862084829812,36.99959173709226,20,risk_parity__ledoit_wolf
2013-06-14,14,ledoit_wolf,risk_parity,52.09147772059542,0.0,0.16981870905459076,0.1565618423097973,0.00023484276346469595,11.927764568000772,1.5539808009869642,1.7379949675897095,0.1502960719408534,0.07142857144616377,0.15504938093852147,0.0013783268352353256,40.610831417901494,20,risk_parity__ledoit_wolf
2013-07-12,14,ledoit_wolf,risk_parity,58.35885630026031,0.0,0.1642786260780034,0.18592757039729096,0.00027889135559593646,10.69117246318219,1.7278480767343072,1.8914818161953895,0.15091052651958542,0.0714285714442756,0.12160767802433024,0.0010772205772916381,42.72984935872138,20,risk_parity__ledoit_wolf
2013-08-09,14,ledoit_wolf,risk_parity,47.50615134166964,0.0,0.1948610335524326,0.10608972109380589,0.00015913458164070883,10.315158246423033,1.9286156677669293,2.0256376833469685,0.1673152646552812,0.07142857144407255,0.10655962696205187,0.0013971709821871587,41.022502647650754,20,risk_parity__ledoit_wolf
2013-09-09,14,ledoit_wolf,risk_parity,85.22202056062099,0.0,0.15615761140902268,0.21300984731160208,0.0003195147709674031,7.816605286411266,2.3589463026072184,1.9834531371956705,0.2699755562529291,0.0714285714365016,0.09072281756448172,0.0013136480117738976,39.39264795159029,20,risk_parity__ledoit_wolf
2013-10-08,14,ledoit_wolf,risk_parity,37.62051524371226,0.0,0.2398039564305256,0.2692516544817133,0.00040387748172256995,11.052578353717655,2.33997074792166,2.073554600634783,0.14001020614930865,0.07142857143147495,0.0903103688702887,0.0008746599970658602,45.094539958741976,20,risk_parity__ledoit_wolf
2013-11-05,14,ledoit_wolf,risk_parity,32.100223696519556,0.0,0.2480353870693446,0.11447119724004437,0.00017170679586006656,11.724103124663763,2.157917398505188,2.0183696734092993,0.1406476080509423,0.071428571430749,0.08939734771314622,0.0007947033146823129,45.286203890754976,20,risk_parity__ledoit_wolf
2013-12-03,14,ledoit_wolf,risk_parity,13.736727353741621,0.0,0.46265563850113406,0.2466695168506412,0.0003700042752759618,11.286939592219031,3.339060931295917,2.6603629163882223,0.18117377256211184,0.07142857143197337,0.055879931439363546,0.000877027180100952,40.839345036552004,20,risk_parity__ledoit_wolf
2013-12-31,14,ledoit_wolf,risk_parity,21.56433822271659,0.0,0.3478080757606941,0.18681998789188786,0.0002802299818378318,10.929164738167813,3.1514202782651917,2.444557899783598,0.18061798409557286,0.0714285714310365,0.05716055240821046,0.00290397994248664,22.772021630534017,20,risk_parity__ledoit_wolf
2014-02-07,14,ledoit_wolf,risk_parity,19.350994941872035,0.0,0.5105966405350694,0.21974373909149542,0.00032961560863724315,10.950784396395292,4.019100813022846,2.5379748145900893,0.1649612676230802,0.07142857142987247,0.07394198982244926,0.002822020156263764,32.42856076280529,20,risk_parity__ledoit_wolf
2014-03-10,14,ledoit_wolf,risk_parity,27.71526583578839,0.0,0.3334423455443068,0.2281278033425777,0.00034219170501386656,10.837799386057164,2.867064051596755,2.1467366035432436,0.16557895275870338,0.07142857143335635,0.11062554987293144,0.001890043671913132,35.654161162004996,20,risk_parity__ledoit_wolf
2014-04-07,14,ledoit_wolf,risk_parity,26.295514411658807,0.0,0.26393430536509416,0.12850946790124254,0.0001927642018518638,11.744410364039444,2.0972334124241634,2.0001628349883,0.1463060801507352,0.07142857143020212,0.13789602577882498,0.005293831006511591,35.354020195435055,20,risk_parity__ledoit_wolf
2014-05-09,15,ledoit_wolf,risk_parity,53.514923678006454,0.0,0.1647921475678915,0.296829148645762,0.00044524372296864297,13.610568644093062,1.4567426110102353,1.531956703775016,0.112401981402504,0.06666666667177265,0.20292042857071052,0.003380021370842154,38.08528791723362,20,risk_parity__ledoit_wolf
2014-06-06,15,ledoit_wolf,risk_parity,60.272956837518194,0.0,0.12948809164388023,0.12027148709230251,0.00018040723063845375,13.596872348372019,1.3572433497772167,1.4632265946203842,0.1150472514932481,0.06666666666803064,0.2271398094698571,0.003935198552359988,42.23858657744543,20,risk_parity__ledoit_wolf
2014-07-04,15,ledoit_wolf,risk_parity,64.2416803164879,0.0,0.15372941339548424,0.07803039150651818,0.00011704558725977727,13.322150241245613,1.3822269874327417,1.4905666581663597,0.1264815706428445,0.06666666666793636,0.20834864333551353,0.003163753868422274,43.6695385559764,20,risk_parity__ledoit_wolf
2014-08-01,15,ledoit_wolf,risk_parity,45.12983797275769,0.0,0.26418498658767275,0.15792737362647624,0.00023689106043971436,12.749462201846109,1.8425600583719959,1.8893593583641206,0.12489472029311609,0.0666666666892031,0.1309887655553187,0.0014713962169084177,43.84600224690986,20,risk_parity__ledoit_wolf
2014-08-29,15,ledoit_wolf,risk_parity,22.336459815583076,0.0,0.42885963318160697,0.23149039518604098,0.00034723559277906145,12.586999227499634,2.41108411486648,2.569107990610098,0.15888898340064977,0.06666666667042001,0.07229676836458959,0.001148950707931491,43.20725128001591,20,risk_parity__ledoit_wolf
2014-09-30,16,ledoit_wolf,risk_parity,73.30723155183442,0.0,0.3935623296631881,0.16607744803338068,0.00024911617205007104,12.597177762721133,2.2676771322252165,2.687736183120231,0.17078381422630634,0.06250000000510679,0.07457029882709615,0.0015615133277858222,46.2447639375352,20,risk_parity__ledoit_wolf
2014-10-28,16,ledoit_wolf,risk_parity,70.34237361223786,0.0,0.3480873314766269,0.13415162865571936,0.00020122744298357908,10.736262627905992,2.1945875585915093,2.5068326782314827,0.21536851601146276,0.0625000000094751,0.07747949057345145,0.0012899132656039878,43.68700188520938,20,risk_parity__ledoit_wolf
2014-11-25,16,ledoit_wolf,risk_parity,18.051442833756152,0.0,0.31272319090982753,0.21074785580705033,0.0003161217837105755,13.382175410104209,1.8625676588812108,2.279711835054818,0.15578057835723408,0.06250000000207595,0.09500093723489293,0.003179010571353743,40.59937315622135,20,risk_parity__ledoit_wolf
2014-12-23,16,ledoit_wolf,risk_parity,32.413077697989,0.0,0.20193081794694867,0.10566504083609504,0.00015849756125414256,13.768286202249515,1.745470616852167,1.8722400278646847,0.13899931372228783,0.06250000000151572,0.1316929122796144,0.002276206461746355,38.66408992158532,20,risk_parity__ledoit_wolf
2015-01-22,16,ledoit_wolf,risk_parity,30.3952907581329,0.0,0.21507038815094975,0.2448962012893473,0.00036734430193402094,14.725744885811467,1.5114791174239461,1.9080419503085377,0.10414050436129713,0.06250000000095156,0.14434832389279612,0.003911620418458444,40.80564621342233,20,risk_parity__ledoit_wolf
2015-02-27,16,ledoit_wolf,risk_parity,52.45455663326331,0.0,0.17853708851438305,0.2166375554480983,0.0003249563331721475,14.35355674265824,1.6208758821792595,1.806498469978434,0.10043143706758927,0.06250000000139075,0.16872704920953085,0.0021690729284493202,45.536887004425694,20,risk_parity__ledoit_wolf
2015-03-27,16,ledoit_wolf,risk_parity,51.23400070088573,0.0,0.20803228476958216,0.1356567523546207,0.00020348512853193105,13.47913705277443,2.242704754705468,1.9437213952818366,0.12153989371230914,0.06250000001177264,0.13598449583890063,0.0018969509884066377,46.365543903177084,20,risk_parity__ledoit_wolf
2015-04-24,16,ledoit_wolf,risk_parity,35.950714538131926,0.0,0.19699674744906676,0.13689782022050673,0.00020534673033076008,13.896841873637051,1.991192864539387,1.887152318575387,0.11675777061072404,0.06250000001947345,0.1328806227872238,0.0024767539886881846,41.779827426925735,20,risk_parity__ledoit_wolf
2015-05-28,16,ledoit_wolf,risk_parity,50.079842617266486,0.0,0.17566941629701116,0.2298062285924789,0.00034470934288871835,14.114297419530816,1.3463856868176642,1.7801957132195414,0.1264482074951524,0.06250000000190804,0.13702611413017543,0.0016956365854631176,38.1653388763775,20,risk_parity__ledoit_wolf
2015-06-25,16,ledoit_wolf,risk_parity,26.42611205884508,0.0,0.19911829290952898,0.1554869900301244,0.0002332304850451866,14.820658603901512,1.499622090125359,1.8959602428858875,0.10363608050500113,0.06250000000102673,0.14318969187044367,0.003772928669758109,36.556680107855414,20,risk_parity__ledoit_wolf
2015-07-23,16,ledoit_wolf,risk_parity,30.323875872945564,0.0,0.1978231787343077,0.18816055874209797,0.000282240838113147,14.151950059553938,1.759569692698657,1.9468864975764564,0.11992384716869779,0.06250000000975482,0.15673453305406276,0.0025128738224921296,41.16961630398942,20,risk_parity__ledoit_wolf
2015-08-20,16,ledoit_wolf,risk_parity,48.25976933454438,0.0,0.17416501252006558,0.1732247703420337,0.0002598371555130506,13.830058932681492,2.2351904368618465,1.925518937482993,0.12175502968656843,0.06250000001547298,0.15636441175476073,0.0049970002895977665,38.30929218563535,20,risk_parity__ledoit_wolf
2015-09-18,16,ledoit_wolf,risk_parity,64.43667849301286,0.0,0.15921476698523063,0.14556446476816182,0.0002183466971522427,13.760740266221118,1.459170974243318,1.61616106479428,0.13192169829832126,0.06250000000439164,0.20850828078059458,0.0031759026686082985,44.42236232748434,20,risk_parity__ledoit_wolf
2015-10-16,16,ledoit_wolf,risk_parity,76.20126886071915,0.0,0.16192486969448286,0.14015899463549966,0.00021023849195324947,13.71826371110852,1.357474355148845,1.5681443245222246,0.14055842851522232,0.06250000000568472,0.19766952850731045,0.0030985287488795787,42.592095814505996,20,risk_parity__ledoit_wolf
2015-11-13,16,ledoit_wolf,risk_parity,28.72745178475652,0.0,0.23880306747253816,0.16117672945659214,0.0002417650941848882,14.523467018911177,1.3088379287249725,1.6795227737013907,0.11780488791121108,0.06250000000281214,0.17690095004038617,0.0017303641268737197,45.54041692568224,20,risk_parity__ledoit_wolf
2015-12-11,16,ledoit_wolf,risk_parity,43.53976158218101,0.0,0.18747085229073113,0.3672871203136003,0.0005509306804704004,11.044040817115985,2.225035328208261,1.8939992357511162,0.21066132719396524,0.06250000000130311,0.10557165512596976,0.00186981481575597,31.207505980957563,20,risk_parity__ledoit_wolf
2016-01-11,16,ledoit_wolf,risk_parity,33.167651965169306,0.0,0.22540347785645437,0.24073844670759548,0.0003611076700613932,13.937873668901469,2.6145005139619255,2.18970034516961,0.12399687733690337,0.0625000000118387,0.11119005577584468,0.0050788943413948955,38.16335600343784,20,risk_parity__ledoit_wolf
2016-02-15,16,ledoit_wolf,risk_parity,62.996369222180206,0.0,0.20818764548984806,0.306340603654428,0.000459510905481642,12.824200684566147,1.611901966175984,1.8184323770859765,0.15541312011452466,0.06250000000274221,0.1533487770810292,0.001709851868554379,42.28755144456536,20,risk_parity__ledoit_wolf
2016-03-14,16,ledoit_wolf,risk_parity,47.597277839588166,0.0,0.21360610466896224,0.101684253020833,0.0001525263795312495,12.903394996955914,1.6218337998913215,1.88723103196645,0.1584095079043848,0.0625000000021189,0.1514055362258839,0.0020702185566428407,45.607904880513104,20,risk_parity__ledoit_wolf
2016-04-11,16,ledoit_wolf,risk_parity,41.317260030270674,0.0,0.2299676549112997,0.10184785373612586,0.0001527717806041888,12.919459784210602,1.713131743352979,1.837972796529957,0.1526870444426928,0.06250000000255451,0.14401181972975444,0.001958174292831057,41.99696705759217,20,risk_parity__ledoit_wolf
2016-05-12,16,ledoit_wolf,risk_parity,27.83504694138164,0.0,0.36094916094682994,0.34003836659091147,0.0005100575498863672,14.117353842414394,2.2691188015530743,2.3871185482213915,0.12282388366743202,0.0625000000064792,0.097793044650287,0.0011342966363826112,45.0913595383895,20,risk_parity__ledoit_wolf
2016-06-09,16,ledoit_wolf,risk_parity,36.1798945064422,0.0,0.3579380133045524,0.1290061547565952,0.00019350923213489276,13.449086321280127,3.057072319165302,2.4665614364825363,0.1335892727587874,0.06250000000518575,0.08927665675926154,0.0017545338696947988,41.4977349587617,20,risk_parity__ledoit_wolf
2016-07-07,16,ledoit_wolf,risk_parity,16.95534672022398,0.0,0.36053686063924073,0.24481326671131992,0.0003672199000669799,13.62974559565824,2.692190655699176,2.4559131534725833,0.12141441017218836,0.06250000000538126,0.09699705832947546,0.0017519705947898281,42.94024107385371,20,risk_parity__ledoit_wolf
2016-08-04,16,ledoit_wolf,risk_parity,21.481294393862193,0.0,0.3023525120176623,0.1561043100932247,0.00023415646513983703,13.281910417605237,2.1670711643173397,2.224605043440956,0.13137095779766667,0.06250000000197345,0.10565308137135593,0.0015190637843847427,41.75675736619766,20,risk_parity__ledoit_wolf
2016-09-01,16,ledoit_wolf,risk_parity,47.32611077964694,0.0,0.2976457039487891,0.17999379712290509,0.0002699906956843576,13.154130909528387,2.57137997576554,2.2152863325562464,0.13947085452426203,0.06250000000241748,0.10824453435067645,0.0016063539927914287,41.84306249982102,20,risk_parity__ledoit_wolf
2016-09-30,16,ledoit_wolf,risk_parity,33.29400715934274,0.0,0.39385601780039803,0.12651096169203913,0.0001897664425380587,13.22557898304111,2.4193506830035023,2.4712380082343905,0.15324559326851056,0.06250000000477067,0.1004669624419635,0.001804461968425847,44.188475083002594,20,risk_parity__ledoit_wolf
2016-10-28,16,ledoit_wolf,risk_parity,54.00420466816686,0.0,0.4419450805127956,0.2505786469253669,0.00037586797038805035,9.876148446066098,3.8309315192891247,2.7520975119628437,0.245605839549624,0.0625000000061356,0.0784289594271015,0.00108559647255657,46.480266673375056,20,risk_parity__ledoit_wolf
2016-11-25,16,ledoit_wolf,risk_parity,42.25239520482297,0.0,0.3667759822459235,0.13789314606136405,0.00020683971909204608,11.158735143527304,3.3345489015637186,2.51163319110951,0.2117668196301052,0.06250000000217919,0.08299304903665185,0.0014589927766744221,42.21346462027932,20,risk_parity__ledoit_wolf
2016-12-23,16,ledoit_wolf,risk_parity,44.09196945610933,0.0,0.25972425844212205,0.09144287376499605,0.00013716431064749406,11.254097479628516,1.930373276165382,2.1416058194960614,0.21200379001160394,0.0625000000019872,0.09868511011725718,0.002421450916944707,37.68913043136467,20,risk_parity__ledoit_wolf
2017-01-23,16,ledoit_wolf,risk_parity,16.832198536059853,0.0,0.330052326158009,0.3567554765637512,0.0005351332148456268,14.11886928249105,2.2236515576007903,2.3313647582516226,0.1127968298292157,0.06250000001515232,0.10189403435660586,0.0010868307520396578,45.019638824979815,20,risk_parity__ledoit_wolf
2017-02-27,16,ledoit_wolf,risk_parity,11.553379163850988,0.0,0.40853547707936244,0.09590502240391585,0.0001438575336058738,14.614260496881103,4.151094422292285,2.6233876934465044,0.10261046327869028,0.06250000000383044,0.09332974584586443,0.0011370404313539256,45.17588983735967,20,risk_parity__ledoit_wolf
2017-03-27,17,ledoit_wolf,risk_parity,10.229979139795143,0.0,0.552770255457617,0.25053901792659206,0.0003758085268898881,15.650534892542417,4.634892792919162,3.1941098920299833,0.09586346816769818,0.05882352941232469,0.07025164930780788,0.0018525094727150657,47.15253365848203,20,risk_parity__ledoit_wolf
2017-04-25,18,ledoit_wolf,risk_parity,15.770112008466775,0.0,0.48936349960623726,0.333526564347694,0.000500289846521541,16.398827910943165,6.42987476355897,3.065632783988752,0.09761503507748139,0.055555555558674925,0.07097021915150319,0.00242950182294219,45.20216993717446,20,risk_parity__ledoit_wolf
2017-05-25,19,ledoit_wolf,risk_parity,18.432286071172612,0.0,0.4211394811433587,0.23008250454955795,0.0003451237568243369,16.499094760002794,7.372948838987763,3.0746267861421614,0.10790735200287715,0.052631578949751415,0.0770194455600398,0.0014626721972223328,52.94363650087962,20,risk_parity__ledoit_wolf
2017-06-22,19,ledoit_wolf,risk_parity,16.746980140592786,0.0,0.440804264681715,0.1680552110131575,0.00025208281651973625,15.083096857804964,7.735112420516305,3.1505795548775994,0.1257215171257108,0.052631578949102316,0.07021295763887073,0.0015492560401614362,55.68063969311493,20,risk_parity__ledoit_wolf
2017-07-20,20,ledoit_wolf,risk_parity,21.04152877737257,0.0,0.4129859027420621,0.14901883548548467,0.000223528253228227,13.904224511871156,3.7925762978268405,3.2371386606908783,0.160259444254763,0.05000000002342449,0.06533804438955929,0.0021219724352929564,56.939376562006714,20,risk_parity__ledoit_wolf
2017-08-17,20,ledoit_wolf,risk_parity,36.902229113835574,0.0,0.3027007700165636,0.22498115115108147,0.0003374717267266222,15.909640936491343,2.4426913374807406,2.3935546222125708,0.12344899203862282,0.05000000000374179,0.0869388032892833,0.0012664690057759833,56.29823499858627,20,risk_parity__ledoit_wolf
2017-09-15,20,ledoit_wolf,risk_parity,39.34350379077925,0.0,0.27452943866059,0.17363542109188895,0.00026045313163783345,17.19551751777558,2.368745878206023,2.255656481024407,0.10415500283071467,0.05000000000490308,0.09291023715755031,0.0015177067287947255,53.504956432702485,20,risk_parity__ledoit_wolf
2017-10-13,20,ledoit_wolf,risk_parity,30.995772838024074,0.0,0.37237786633010506,0.23803958627842364,0.00035705937941763545,17.358318452881573,3.470219476862623,2.5933765767215275,0.11237264413348279,0.05000000000853618,0.079583223792415,0.0017977368930028406,50.170351318798,20,risk_parity__ledoit_wolf
2017-11-10,21,ledoit_wolf,risk_parity,10.952020488431089,0.0,0.3987812907963738,0.2896560484745972,0.00043448407271189576,19.83474176513804,3.558226813303411,2.982748774376294,0.07283113384689459,0.04761904762103096,0.07791121567012203,0.0035078635747555096,45.3220926608785,20,risk_parity__ledoit_wolf
2017-12-08,21,ledoit_wolf,risk_parity,9.904001240846824,0.0,0.37590875802283996,0.2160661507858558,0.0003240992261787837,20.122093741272845,1.7585164762472387,2.652316622347856,0.06559379914054424,0.047619047622216824,0.10637553888121491,0.00444986886520781,51.59247853793948,20,risk_parity__ledoit_wolf
2018-01-08,22,ledoit_wolf,risk_parity,19.584376955561087,0.0,0.24334645632493163,0.2650399022606446,0.0003975598533909669,19.69366658380687,1.816278912724892,2.3495538344371822,0.08178128455166897,0.045454545465681576,0.13589414276521133,0.012675430356529382,37.01357234723068,20,risk_parity__ledoit_wolf
2018-02-07,23,ledoit_wolf,risk_parity,33.72955740079106,0.0,0.21066486887243063,0.3230984470790811,0.0004846476706186216,20.765083733245184,1.4842334667102932,1.9672112682565368,0.07948361719632242,0.04347826087233139,0.2101460129455885,0.006233869859732942,53.36663577874013,20,risk_parity__ledoit_wolf
2018-03-14,23,ledoit_wolf,risk_parity,47.158657494446224,0.0,0.15662317006677634,0.14768635112713527,0.00022152952669070292,19.841191680565363,1.462993489764675,1.8173469870811576,0.09723902339693874,0.04347826087534073,0.2373189165091477,0.005392114174047774,57.192508242103145,20,risk_parity__ledoit_wolf
2018-04-11,24,ledoit_wolf,risk_parity,55.058634360024584,0.0,0.15847034004563165,0.14568360472696268,0.00021852540709044402,20.703834395648542,1.4540409018312173,1.82357582814125,0.08911749025721923,0.04166666667258946,0.23382437173028187,0.011224784172362884,52.8838834313714,20,risk_parity__ledoit_wolf
2018-05-14,25,ledoit_wolf,risk_parity,61.82312735184753,0.0,0.1560488989909709,0.35102459317554613,0.0005265368897633192,18.137427174333983,1.961331674013349,2.0166204686074476,0.13949690889663993,0.04000000000906905,0.20818552094756312,0.011909192940406677,55.18618108334279,20,risk_parity__ledoit_wolf
2018-06-11,26,ledoit_wolf,risk_parity,101.68904071510488,0.0,0.10504040978131442,0.2633999295801731,0.00039509989437025965,21.42258533169959,1.433392038442314,1.7832086694345821,0.0857618283806423,0.03846153846384406,0.27541892323284345,0.00769736366991174,62.94717987769011,20,risk_parity__ledoit_wolf
2018-07-09,27,ledoit_wolf,risk_parity,193.6293131757175,0.0,0.07963987052171793,0.19482204727896682,0.00029223307091845024,22.08840814299911,1.340080692914014,1.641514676315643,0.08820461284406168,0.03703703704003387,0.31238936260463107,0.011640324827926218,64.09374558349437,20,risk_parity__ledoit_wolf
2018-08-06,28,ledoit_wolf,risk_parity,164.76828745941984,0.0,0.1010060437020801,0.32240324913142465,0.000483604873697137,18.706482166351268,1.6606288211093356,1.8738513669023538,0.13021087564017222,0.03571428571644457,0.2392989905590968,0.010849663538071663,74.09095433150696,20,risk_parity__ledoit_wolf
2018-09-04,29,ledoit_wolf,risk_parity,103.38642872592015,0.0,0.13258253713529614,0.1837054421450637,0.00027555816321759555,21.389658214221193,1.5470518082886024,1.8890998633897436,0.09316570719604585,0.034482758628598335,0.1932188686459695,0.007070459970543344,77.70999734740448,20,risk_parity__ledoit_wolf
2018-10-02,29,ledoit_wolf,risk_parity,37.930790815441135,0.0,0.24247200967336982,0.1557007387520044,0.0002335511081280066,21.098465021876027,2.7147073031119797,2.6618515206512856,0.10316307083928886,0.03448275864253539,0.11125726753520723,0.008715635217632777,74.02440082875006,20,risk_parity__ledoit_wolf
2018-10-30,29,ledoit_wolf,risk_parity,81.7541691680152,0.0,0.2048702731675546,0.2809262499686557,0.0004213893749529835,22.743568015899477,1.2929182127803585,1.8393169471158046,0.1184267366110671,0.034482758628398454,0.15761512165038474,0.004015426189956821,74.29493154372535,20,risk_parity__ledoit_wolf
2018-11-27,29,ledoit_wolf,risk_parity,135.8980214413052,0.0,0.17928762262791265,0.1633154220860281,0.00024497313312904213,18.355169781687415,1.294450232508095,1.8025134466688135,0.16684267159933502,0.03448275862888673,0.1641268042721143,0.0031006779669551063,81.05103511839455,20,risk_parity__ledoit_wolf
2018-12-25,29,ledoit_wolf,risk_parity,111.8141470329608,0.0,0.15837557470365926,0.08864520427878461,0.00013296780641817692,20.330009995272377,1.3056127879908266,1.7088928167949422,0.14285403243943184,0.034482758623161,0.1758790686264639,0.004291625200912477,74.56477343635807,20,risk_parity__ledoit_wolf
2019-01-24,29,ledoit_wolf,risk_parity,73.52438655700047,0.0,0.1781403930083667,0.17161201599422746,0.0002574180239913412,22.29680745782493,1.6845886047643548,2.1561510270716484,0.10642579587070197,0.03448275862588179,0.13447196976536366,0.0029890014257410637,79.24974937430832,20,risk_parity__ledoit_wolf
2019-02-28,29,ledoit_wolf,risk_parity,48.79493630145845,0.0,0.2092105314872735,0.2273519642661704,0.0003410279463992556,25.93588834997994,1.5743170924367778,2.185883672953101,0.061737314183342405,0.03448275862446202,0.12673293787921286,0.00252700068076263,83.32189391178672,20,risk_parity__ledoit_wolf
2019-03-28,29,ledoit_wolf,risk_parity,53.58451381255521,0.0,0.19739858340065533,0.19367991772282495,0.0002905198765842374,26.074179131376894,1.7915157957231995,2.2256344976176643,0.06617379666925337,0.03448275862480078,0.11880369694566385,0.002273830497796151,84.63302716611857,20,risk_parity__ledoit_wolf
2019-04-26,29,ledoit_wolf,risk_parity,52.64243046150582,0.0,0.2091895209089564,0.13161036597067846,0.0001974155489560177,26.079138693926016,2.175463884737609,2.280361292759916,0.07667923592776536,0.034482758625971784,0.10668983450027177,0.0021306036239265437,82.69674646203175,20,risk_parity__ledoit_wolf
2019-05-29,29,ledoit_wolf,risk_parity,60.22631335293651,0.0,0.19147728539429826,0.19128498070319966,0.0002869274710547995,24.669846533096607,1.4722318762874407,2.163111800556032,0.10079023045338283,0.03448275862485428,0.10282382807520138,0.0016388901454510115,86.32016799708897,20,risk_parity__ledoit_wolf
2019-06-26,29,ledoit_wolf,risk_parity,43.66780436409688,0.0,0.24998539344062118,0.19063039285127698,0.00028594558927691547,26.761126255826063,1.7652896100460689,2.328241031067575,0.05996229298064501,0.03448275862224565,0.08794538750513381,0.00191361828713382,79.23473906242295,20,risk_parity__ledoit_wolf
2019-07-24,29,ledoit_wolf,risk_parity,45.082900270417106,0.0,0.2220633036751084,0.15431157675042687,0.0002314673651256403,26.479518166826498,1.6432605911589293,2.2456162015429637,0.06042693646997545,0.03448275862220456,0.09632125174766046,0.0025766776392436895,77.8799669506162,20,risk_parity__ledoit_wolf
2019-08-21,29,ledoit_wolf,risk_parity,25.175414139971277,0.0,0.29672415093873855,0.1730977600478235,0.00025964664007173524,25.98555403876374,2.13642570931581,2.6140280939514113,0.07170967235510896,0.0344827586271182,0.0844452738025834,0.0015081215585220525,85.3178039838466,20,risk_parity__ledoit_wolf
2019-09-19,29,ledoit_wolf,risk_parity,22.735462054431373,0.0,0.38653731723201074,0.1563897466971968,0.0002345846200457952,25.85669551855966,2.836818840825529,2.8575217076982327,0.07526420906776901,0.03448275862274098,0.0754306763682055,0.0015330503565777656,88.12163279393162,20,risk_parity__ledoit_wolf
2019-10-17,29,ledoit_wolf,risk_parity,21.590264537281787,0.0,0.38172975842903156,0.18070467658559852,0.0002710570148783978,25.44692041799294,3.9868805808151526,2.9718217624599985,0.07069354996420431,0.03448275862370296,0.06776944721987342,0.0011682117552115207,89.93962275768459,20,risk_parity__ledoit_wolf
2019-11-14,29,ledoit_wolf,risk_parity,23.029656158729818,0.0,0.3536682380577974,0.1575043265946809,0.00023625648989202133,26.056573988265008,2.705927168799943,2.891637756746948,0.058582070213708946,0.03448275862308411,0.06365424387138054,0.002455004092083592,82.88519040463726,20,risk_parity__ledoit_wolf
2019-12-12,29,ledoit_wolf,risk_parity,47.693676667488084,0.0,0.28399655637298854,0.27038425848589925,0.00040557638772884886,20.59534724344625,2.9866304332389793,2.694044191147991,0.11691090186530113,0.03448275863347492,0.06744078576792449,0.0022530371724361533,81.71864230109561,20,risk_parity__ledoit_wolf
2020-01-10,29,ledoit_wolf,risk_parity,66.37923742459814,0.0,0.24014804236734766,0.18570371978229877,0.0002785555796734482,20.786074306113935,2.3572890241636895,2.4567305796461945,0.11228059805057566,0.03448275863811645,0.07837680530235289,0.006411547327044463,54.08661376604796,20,risk_parity__ledoit_wolf
2020-02-14,29,ledoit_wolf,risk_parity,214.9642424608831,0.0,0.21175417270253774,0.4313748686335874,0.0006470623029503812,11.590629304044656,1.5364244831515936,2.0453895773055493,0.253558797164203,0.03448275862553248,0.109668139058196,0.017354599334625225,36.36585951584321,20,risk_parity__ledoit_wolf
2020-03-13,29,ledoit_wolf,risk_parity,91.48273736122442,0.0,0.17568649682541648,0.43005569290703305,0.0006450835393605496,26.859906505255765,1.134304383193507,1.6340410419904738,0.059933695307190366,0.03448275862366288,0.22962594842070475,0.02247895170888794,42.97378379144958,20,risk_parity__ledoit_wolf
2020-04-13,29,ledoit_wolf,risk_parity,142.7719533499703,0.0,0.10306767612801436,0.1677379883025027,0.000251606982453754,26.804990792633344,1.0953439357444736,1.4917989888712866,0.06763039343858886,0.03448275862509118,0.3413777725276566,0.009314808978534914,67.10976863832038,20,risk_parity__ledoit_wolf
2020-05-13,29,ledoit_wolf,risk_parity,153.13290809474412,0.0,0.09683618177887532,0.10513702846128911,0.00015770554269193366,27.19526887366901,1.0788398631451825,1.4823272592012182,0.060222469840935995,0.03448275862525525,0.3588651991411031,0.013928843771720146,73.02189797367582,20,risk_parity__ledoit_wolf
2020-06-10,29,ledoit_wolf,risk_parity,101.76269468145746,0.0,0.14128336706627273,0.08994591980823635,0.00013491887971235451,26.338689643171808,1.1143327894351103,1.6132880037053265,0.07446260755488282,0.03448275862389843,0.2937290615032751,0.005966778999936541,75.67957011099755,20,risk_parity__ledoit_wolf
2020-07-08,29,ledoit_wolf,risk_parity,91.89197311243429,0.0,0.15121115715032338,0.16045574941099663,0.00024068362411649495,26.514619141347954,1.1724497468979997,1.6691211178511831,0.07360647312214234,0.034482758623369816,0.21795050437324207,0.010163556747988516,77.98536059370015,20,risk_parity__ledoit_wolf
2020-08-05,29,ledoit_wolf,risk_parity,164.0748746243153,0.0,0.11177347064224423,0.13664144802886258,0.00020496217204329388,27.101097468342278,1.0937404925251457,1.4376194104967535,0.06175063214504211,0.03448275862606613,0.2564896622285021,0.0073498186759978525,81.21987220583983,20,risk_parity__ledoit_wolf
2020-09-03,29,ledoit_wolf,risk_parity,151.71176188519945,0.0,0.12376340469645845,0.07189275367788346,0.0001078391305168252,27.695739994805816,1.0878591262773083,1.4037908242130357,0.05433705356201868,0.034482758626487836,0.25024844269125635,0.006459222978999411,82.59187413462033,20,risk_parity__ledoit_wolf
2020-10-01,29,ledoit_wolf,risk_parity,88.17610420377873,0.0,0.1801701968639443,0.11478433714549581,0.00017217650571824372,27.329078114777072,1.1711774400767496,1.5337335590768881,0.05798824473024714,0.03448275862490167,0.2015934472339564,0.00398436689502936,72.50307375403223,20,risk_parity__ledoit_wolf
2020-10-29,29,ledoit_wolf,risk_parity,38.7281198404459,0.0,0.27391745478656554,0.23703896057552287,0.0003555584408632843,25.420276007286162,2.215919540927066,2.572489940597724,0.0828570632910224,0.03448275862277475,0.09186215904898311,0.0025695624893706274,73.37001107714396,20,risk_parity__ledoit_wolf
2020-11-26,28,ledoit_wolf,risk_parity,36.066284697869236,0.0,0.2823548810085312,0.20346826430869464,0.00030520239646304194,23.576038806634728,2.03726173270871,2.416575724236584,0.08925262031472093,0.03571428571879782,0.10632146419575204,0.003894607000692442,72.34735196921369,20,risk_parity__ledoit_wolf
2020-12-24,28,ledoit_wolf,risk_parity,49.231813692367496,0.0,0.23897568890705012,0.1814917213012409,0.00027223758195186136,22.68986386160409,2.144906356078321,2.3285379331141893,0.10581139761712623,0.035714285719678884,0.12131850333325934,0.007060503647953005,67.3629901442608,20,risk_parity__ledoit_wolf
2021-01-22,28,ledoit_wolf,risk_parity,39.25454610006829,0.0,0.3212870462514375,0.24509925340469702,0.00036764888010704555,26.162787447110432,1.5225674391472586,2.024374404351611,0.05527603870449016,0.03571428571861632,0.15773299386748538,0.021838923030991095,63.093197863179846,20,risk_parity__ledoit_wolf
2021-02-26,29,ledoit_wolf,risk_parity,147.0094188023876,0.0,0.12352938382840176,0.13734417179544753,0.0002060162576931713,27.46940396507262,1.1109648698939907,1.4211634766172998,0.06506115491074,0.03448275862579303,0.29881796443391856,0.008755516998902263,80.46510489489653,20,risk_parity__ledoit_wolf
2021-03-26,29,ledoit_wolf,risk_parity,164.35492708659947,0.0,0.11574195439737414,0.057216788057782145,8.582518208667321e-05,27.520301104026085,1.0948311311737986,1.385948302896222,0.0654734127274686,0.03448275862622954,0.2934781468913553,0.0060114460463772945,73.64141707061607,20,risk_parity__ledoit_wolf
2021-04-26,29,ledoit_wolf,risk_parity,162.30449796537107,0.0,0.10908999071378274,0.10200410978745256,0.00015300616468117884,27.27693874391353,1.0941604735195862,1.3951211274214252,0.065891242337299,0.034482758626551153,0.28497187856752254,0.008379836226986808,68.66129852193949,20,risk_parity__ledoit_wolf
2021-05-26,29,ledoit_wolf,risk_parity,65.82984967408457,0.0,0.17573311893742571,0.2511962245485156,0.0003767943368227734,25.261167697249725,1.400962744631878,1.9975619269546032,0.0652991668941436,0.034482758625137486,0.1504143582496069,0.007981217944953704,64.9014013814524,20,risk_parity__ledoit_wolf
2021-06-23,30,ledoit_wolf,risk_parity,56.562855638120844,0.0,0.20799502607102938,0.25922167733720136,0.00038883251600580203,21.176171018904952,2.5054464731652004,2.398019953515919,0.12031233396000966,0.03333333333601877,0.13745423204060758,0.012569695890929992,69.26873130926751,20,risk_parity__ledoit_wolf
2021-07-21,30,ledoit_wolf,risk_parity,100.03682141805422,0.0,0.16683680799273615,0.2105121151959053,0.00031576817279385796,19.571333132260268,2.209651874692528,2.027222837568954,0.1361561571427068,0.03333333333508069,0.17725557276087725,0.005979893528029339,80.96590135049601,20,risk_parity__ledoit_wolf
2021-08-18,30,ledoit_wolf,risk_parity,120.29932292720868,0.0,0.15061858198776962,0.12552022168367316,0.00018828033252550977,17.812732274032605,2.1481553859964055,1.9521864586657158,0.15045628219203175,0.033333333335768565,0.17169721920299455,0.005580566175118551,79.33157005565997,20,risk_parity__ledoit_wolf
2021-09-17,30,ledoit_wolf,risk_parity,125.0737038078999,0.0,0.14756362996526415,0.20376054291302387,0.0003056408143695358,22.87480060126876,1.489155374953064,1.7239448688299277,0.10599024065530888,0.033333333335737875,0.18916338749233794,0.005572059094604987,82.0308984161001,20,risk_parity__ledoit_wolf
2021-10-15,30,ledoit_wolf,risk_parity,55.2143041310207,0.0,0.23588941037779865,0.16639588592062438,0.00024959382888093654,23.83544436986208,1.7691640067414591,2.209628385916306,0.10296681675029627,0.03333333333653348,0.11591083008941513,0.002638470230797035,82.22490218387702,20,risk_parity__ledoit_wolf
2021-11-12,30,ledoit_wolf,risk_parity,42.872985016541904,0.0,0.28000249601804583,0.1603813211261308,0.0002405719816891962,26.604924400705126,1.6102637953307886,2.3032933774665527,0.07274098609096294,0.03333333335708459,0.11176132914360189,0.005837529451961912,75.20332022323382,20,risk_parity__ledoit_wolf
2021-12-10,30,ledoit_wolf,risk_parity,54.50796224646552,0.0,0.23841101775436407,0.2556225943948277,0.0003834338915922415,25.22934851573813,2.201550818463773,2.3057181221609424,0.08913167610487725,0.033333333337057215,0.12039639051576503,0.003306911899673373,78.99736608444921,20,risk_parity__ledoit_wolf
2022-01-10,30,ledoit_wolf,risk_parity,88.33144011470242,0.0,0.20765716248685087,0.13125993010042258,0.00019688989515063388,26.920307370634735,2.2528680350857107,2.1846625988838317,0.0618182509382762,0.033333333337584196,0.1319537681828948,0.0082350131545204,65.17581434038158,20,risk_parity__ledoit_wolf
2022-02-14,30,ledoit_wolf,risk_parity,76.82968767854169,0.0,0.18409716586306607,0.22762332332810795,0.00034143498499216194,22.888456305790573,2.1375969083439403,2.1930505885565448,0.0822041302590524,0.03333333333851453,0.14747415671764497,0.00427590533745309,80.80410370631756,20,risk_parity__ledoit_wolf
2022-03-14,30,ledoit_wolf,risk_parity,70.20198302605158,0.0,0.21340379604717988,0.1266606426538051,0.00018999096398070766,22.67150650060195,2.541438185442637,2.424545584414674,0.08631362175469692,0.03333333333970253,0.12537686702095516,0.003203433596496112,78.4230114371478,20,risk_parity__ledoit_wolf
2022-04-12,30,ledoit_wolf,risk_parity,82.11300003151753,0.0,0.19758139235579034,0.16275163070654397,0.00024412744605981594,23.057561984592414,2.3372739461178944,2.3783882628038384,0.08576875969332509,0.03333333333439099,0.12916725538932589,0.016984193078890677,62.82595015105136,20,risk_parity__ledoit_wolf
2022-05-12,30,ledoit_wolf,risk_parity,116.84735166590909,0.0,0.14322918609321164,0.2582326802821446,0.0003873490204232169,26.385556624133955,1.2346277274272965,1.6249670308821997,0.06731169077692031,0.033333333336612835,0.21355108878233747,0.00773893096835754,74.49298545762491,20,risk_parity__ledoit_wolf
2022-06-09,30,ledoit_wolf,risk_parity,236.13621568772592,0.0,0.11827166838477592,0.16628109454928525,0.0002494216418239279,24.446690223988288,1.2073469658569616,1.505465121558641,0.08220456023204652,0.033333333337851434,0.24806820771400026,0.00685402813591516,66.75611895120363,20,risk_parity__ledoit_wolf
2022-07-07,30,ledoit_wolf,risk_parity,223.08503578865506,0.0,0.09649114884447359,0.09437302794630792,0.00014155954191946186,24.64191412594031,1.290121862965331,1.5089437625637334,0.07769805280007544,0.03333333333778863,0.2784650001734083,0.011051560680956567,80.31336999469872,20,risk_parity__ledoit_wolf
2022-08-04,30,ledoit_wolf,risk_parity,123.21426551423076,0.0,0.15088413394863007,0.13580114000563334,0.00020370171000845004,22.522701521725676,1.50673222859865,1.726544094774221,0.09408419384630155,0.03333333333544477,0.2027251962235005,0.007822318606269009,85.02086611011694,20,risk_parity__ledoit_wolf
2022-09-05,30,ledoit_wolf,risk_parity,87.1648587669199,0.0,0.21230801042190864,0.12392970960805884,0.00018589456441208825,24.99124697420595,1.8300281951163648,1.9485399174419555,0.0797916845017324,0.033333333338612915,0.1572222805607609,0.005139000541923108,81.39245405907447,20,risk_parity__ledoit_wolf
2022-10-03,30,ledoit_wolf,risk_parity,120.88597012958917,0.0,0.181248942895123,0.17569446358950333,0.000263541695384255,24.86247462648412,1.4479613550325823,1.8322228639690663,0.0889570106856662,0.033333333334844964,0.14092822884133285,0.019782577041451817,52.003814418179545,20,risk_parity__ledoit_wolf
2022-10-31,30,ledoit_wolf,risk_parity,158.5093491304571,0.0,0.11583883214946689,0.23538950295805972,0.0003530842544370896,24.73083666282913,1.3354146959534632,1.556596629319814,0.07839400790338907,0.03333333333690114,0.22038085415310024,0.012380783902350983,62.41617767613292,20,risk_parity__ledoit_wolf
2022-11-28,30,ledoit_wolf,risk_parity,246.41777218671592,0.0,0.08371947330328734,0.16738053414484266,0.00025107080121726397,22.227211427893263,1.3916691136325259,1.5286119183817506,0.10106484547725417,0.033333333337321455,0.266249487838655,0.00712808349734068,72.64740513468026,20,risk_parity__ledoit_wolf
2022-12-26,30,ledoit_wolf,risk_parity,298.4473737853602,0.0,0.07654907297253766,0.10089933992998787,0.0001513490098949818,21.07701581937143,1.3667069855232796,1.520356427882901,0.10778082051826435,0.033333333337333966,0.2770211867189932,0.012842192403072496,79.3605887206203,20,risk_parity__ledoit_wolf
2023-01-31,30,ledoit_wolf,risk_parity,404.96289356363803,0.0,0.10681219017040267,0.15501479168154328,0.0002325221875223149,20.079961412646814,1.5279031600427968,1.6305970482639551,0.11448907852045168,0.033333333336755644,0.22352756021341907,0.006549350052403384,78.33563530262208,20,risk_parity__ledoit_wolf
2023-02-28,30,ledoit_wolf,risk_parity,275.46080995113977,0.0,0.1136552590021934,0.22098989655526372,0.0003314848448328956,21.57376172519922,1.310592958635906,1.5723794526139985,0.11744643428569532,0.03333333333688888,0.1988391716736237,0.005331370784190992,85.5908025471393,20,risk_parity__ledoit_wolf
2023-03-28,30,ledoit_wolf,risk_parity,250.78474309223773,0.0,0.11964737138332536,0.1279449346792875,0.00019191740201893125,24.79209093341625,1.2941202177593696,1.621335822068084,0.08527988607968316,0.03333333333651292,0.16846705947725127,0.004654902422088431,88.83966367772847,20,risk_parity__ledoit_wolf
2023-04-25,30,ledoit_wolf,risk_parity,263.14505551208845,0.0,0.13532751833484208,0.11721998684967877,0.00017582998027451815,23.75533522189209,1.3996980743784846,1.7373144522353645,0.0791221885715633,0.03333333333567627,0.1355842543162838,0.0032335790032163875,86.05656064002787,20,risk_parity__ledoit_wolf
2023-05-26,30,ledoit_wolf,risk_parity,115.81945954606489,0.0,0.19504520186445873,0.19529469346560357,0.00029294204019840534,25.09106329321725,1.7963521961310311,2.054992426341453,0.07898923214961615,0.03333333333831058,0.09997830013257525,0.0015191916657597002,88.32590477601528,20,risk_parity__ledoit_wolf
2023-06-23,30,ledoit_wolf,risk_parity,47.5773358979331,0.0,0.29777009292106227,0.2582725765683647,0.00038740886485254706,25.16989616530203,2.5539575197758784,2.5405693742883777,0.06711759178963345,0.033333333334334955,0.0716289333880494,0.0015400925657122267,85.54238789715815,20,risk_parity__ledoit_wolf
2023-07-21,30,ledoit_wolf,risk_parity,33.42559398787786,0.0,0.35373735969851194,0.1426942958261218,0.0002140414437391827,25.344903830647144,2.4713393392589365,2.777284918400153,0.062380428971200975,0.03333333333606241,0.06721930120219273,0.005440687740254577,72.73623978534486,20,risk_parity__ledoit_wolf
2023-08-18,30,ledoit_wolf,risk_parity,32.49160024843451,0.0,0.3684209469697387,0.2677513754975722,0.00040162706324635834,23.311389979702344,1.7995122577985632,2.3082603621220503,0.0952196368159772,0.03333333333561503,0.097442043682058,0.0022812027640904593,83.58414339464449,20,risk_parity__ledoit_wolf
2023-09-19,30,ledoit_wolf,risk_parity,38.923059936558374,0.0,0.29619343557777905,0.13398676058168624,0.00020098014087252934,24.19291975234428,1.6057699343469602,2.1250670252668384,0.10081414436768102,0.03333333333765926,0.11404727799430804,0.005657830969888292,80.91275600837928,20,risk_parity__ledoit_wolf
2023-10-17,30,ledoit_wolf,risk_parity,103.26559640121363,0.0,0.17792240540391144,0.12813770936011734,0.00019220656404017602,25.063021708680743,1.459415492679542,1.7913676901399562,0.0799539368876713,0.033333333335307934,0.14949806494305282,0.007783767955884302,73.2457435477228,20,risk_parity__ledoit_wolf
2023-11-14,30,ledoit_wolf,risk_parity,199.9245798933454,0.0,0.11394664751755389,0.17028347329159116,0.00025542520993738674,26.282572878280597,1.297774941466278,1.5987164012590052,0.07013505651067964,0.033333333336599914,0.18780997714828526,0.003672258902761413,88.92347024410574,20,risk_parity__ledoit_wolf
2023-12-12,30,ledoit_wolf,risk_parity,190.94659460485857,0.0,0.10758740661970145,0.06286342021250188,9.429513031875282e-05,26.0771719607739,1.30977086822606,1.542504833845373,0.07238750819239867,0.03333333333702375,0.1908872741632313,0.005399623703195838,87.12688631936928,20,risk_parity__ledoit_wolf
2024-01-10,30,ledoit_wolf,risk_parity,115.37550203624123,0.0,0.13700754967681142,0.10736819931554561,0.00016105229897331842,27.726386721602672,1.2118171376851619,1.5725528831872042,0.05815453230780376,0.03333333333682298,0.17361469709678484,0.0038748686996736116,89.59967338741993,20,risk_parity__ledoit_wolf
2024-02-07,30,ledoit_wolf,risk_parity,53.259216206292336,0.0,0.20327858277476551,0.1527394191484265,0.00022910912872263974,27.732782679863025,1.2169135499841703,1.9159985299864046,0.0695008842224346,0.033333333339441044,0.10705206935990898,0.0028580608436425572,80.54667405164996,20,risk_parity__ledoit_wolf
2024-03-13,30,ledoit_wolf,risk_parity,54.99251996325366,0.0,0.2207141612042618,0.2734836093809475,0.0004102254140714213,22.543345121426196,1.4722064622157682,2.1795713394544967,0.10607360504998005,0.033333333336251755,0.09296631481216523,0.00312712182453779,85.33160998622148,20,risk_parity__ledoit_wolf
2024-04-10,30,ledoit_wolf,risk_parity,142.77753411191821,0.0,0.18652925621091856,0.1954015341345129,0.0002931023012017693,22.199711792192545,1.516920745427002,1.9861577952553042,0.12130019626445479,0.0333333333380337,0.10528382070422222,0.005692205670523544,70.01526623525355,20,risk_parity__ledoit_wolf
2024-05-14,30,ledoit_wolf,risk_parity,232.60578627019524,0.0,0.17248895481062845,0.15150928603569985,0.00022726392905354979,23.548068687844236,1.338442904284571,1.7257256485345407,0.11432186653801239,0.03333333333563038,0.1453486222761686,0.002902604978185785,85.45561378980454,20,risk_parity__ledoit_wolf
2024-06-11,30,ledoit_wolf,risk_parity,189.6720797278574,0.0,0.18465432004406362,0.16097901410061005,0.00024146852115091507,25.173121254913898,1.3411499126746642,1.73928601173226,0.09303417998339755,0.0333333333355154,0.14279003787090522,0.0024648326950128235,78.61465819553604,20,risk_parity__ledoit_wolf
2024-07-09,30,ledoit_wolf,risk_parity,105.25996469723097,0.0,0.1992757367468793,0.10570484750033637,0.00015855727125050457,27.057411319425878,1.2909811918611656,1.779540827254842,0.06865527043014431,0.03333333333530109,0.14399973524501458,0.0030220827990930016,84.66699451588772,20,risk_parity__ledoit_wolf
2024-08-06,30,ledoit_wolf,risk_parity,96.52029937261253,0.0,0.1912626917831367,0.17974021566208742,0.00026961032349313114,26.532036150837467,1.3961784509536557,1.8287233088947523,0.06495734924659605,0.033333333334899184,0.13137861163902828,0.0021325899831158256,84.74022903861004,20,risk_parity__ledoit_wolf
2024-09-05,30,ledoit_wolf,risk_parity,85.19811636132656,0.0,0.20376121088742932,0.10934511516193826,0.0001640176727429074,26.200066099616677,1.6337178630835203,1.9188992083635836,0.06944698222652722,0.03333333333948453,0.12413544214429893,0.002482724878909655,90.5897052330114,20,risk_parity__ledoit_wolf
2024-10-03,30,ledoit_wolf,risk_parity,51.944166863472375,0.0,0.2340394373931028,0.09388144280460299,0.00014082216420690448,26.923188705373608,1.4163630621604764,1.9059718774137686,0.07151846427355509,0.03333333333959199,0.11952251361375053,0.001968304479979618,92.7124197200774,20,risk_parity__ledoit_wolf
2024-10-31,30,ledoit_wolf,risk_parity,36.67218849032131,0.0,0.2478307348707291,0.1969814551517987,0.00029547218272769806,27.70339309705847,1.4286613050641637,2.235408350754662,0.0546799378971945,0.0333333333358312,0.08314148072947047,0.0013244360515952455,96.29944690552266,20,risk_parity__ledoit_wolf
2024-11-28,30,ledoit_wolf,risk_parity,51.89225172084274,0.0,0.19044180424265664,0.15206128347260828,0.00022809192520891242,26.377727127236806,1.637792775555516,2.1359474151347997,0.06910897639272137,0.03333333333620035,0.07972844644397115,0.0016538671278374594,93.80500725180151,20,risk_parity__ledoit_wolf
2024-12-26,30,ledoit_wolf,risk_parity,74.29933052475162,0.0,0.2059276381871047,0.25044441829701886,0.0003756666274455283,24.31653483454066,1.6945376499848763,2.110451260849205,0.08521971766871132,0.03333333333676164,0.0791701539734309,0.0015915161059211328,89.45543834997454,20,risk_parity__ledoit_wolf
2025-01-24,30,ledoit_wolf,risk_parity,102.55048180753082,0.0,0.18106626205902224,0.14608305822715684,0.00021912458734073525,23.939959089044933,1.5698817439461388,2.0107768012119216,0.07442938368127397,0.03333333333855375,0.08203077756049938,0.0013016342659621404,89.5878293526161,20,risk_parity__ledoit_wolf
2025-02-28,30,ledoit_wolf,risk_parity,69.51612217353733,0.0,0.2539882416733999,0.1032202902279441,0.00015483043534191614,24.501094932728773,1.611982039953407,2.208394438509824,0.07542823526111433,0.033333333335959066,0.07456507232513619,0.0020958372040992415,68.08049040380908,20,risk_parity__ledoit_wolf
2025-03-28,30,ledoit_wolf,risk_parity,35.94033103572417,0.0,0.33713181909596446,0.23013645197221574,0.00034520467795832365,23.991579545890243,2.771412597332324,2.9574609538027548,0.09879726000989997,0.03333333333512973,0.060636393817906496,0.02719609295240333,5.370263349756467,20,risk_parity__ledoit_wolf
2025-04-28,30,ledoit_wolf,risk_parity,86.1954899987101,0.0,0.2189953191603688,0.2495108742874703,0.0003742663114312054,26.970117513621222,1.1387568947371192,1.5091369328205084,0.08991153234876643,0.033333333337697675,0.23717401230679805,0.00610446435327342,83.46189273818895,20,risk_parity__ledoit_wolf
2025-05-29,30,ledoit_wolf,risk_parity,88.99882994000738,0.0,0.2027797391110079,0.07815083226462219,0.00011722624839693328,27.336982411032263,1.1258301927898295,1.5140483262504938,0.08535512599908221,0.03333333333775287,0.24709296781866757,0.007289922236158307,85.34790530346437,20,risk_parity__ledoit_wolf
2025-06-26,30,ledoit_wolf,risk_parity,95.9510581428091,0.0,0.1963067021049195,0.04663511771645137,6.995267657467706e-05,27.163605987691213,1.1331194217546217,1.5159019519140202,0.08731120078424581,0.0333333333376869,0.2502972911947471,0.007314136575292125,82.38422252674269,20,risk_parity__ledoit_wolf
2025-07-24,30,ledoit_wolf,risk_parity,54.65261829942666,0.0,0.31600065825564205,0.2765459837346771,0.00041481897560201564,27.765301767671232,3.433653197134848,2.612473169961527,0.05624153870260851,0.033333333333818306,0.0876053836668752,0.00999771419761014,46.489045338315606,20,risk_parity__ledoit_wolf
2025-08-21,30,ledoit_wolf,risk_parity,50.724110178248566,0.0,0.3540938769400705,0.3550841406077292,0.0005326262109115938,26.770642462254514,1.6685073138761155,2.3639808759332652,0.06663093114543,0.03333333333474163,0.12228947519823496,0.006471020549093213,76.66742941964716,20,risk_parity__ledoit_wolf
2025-09-22,30,ledoit_wolf,risk_parity,118.59178923604257,0.0,0.19972037890509964,0.13897655204098394,0.00020846482806147592,25.71443245562083,1.5633655840601086,1.8839940444541734,0.07277118099419459,0.03333333334033087,0.16753324202424807,0.005739053976323557,80.60510193612072,20,risk_parity__ledoit_wolf
2025-10-20,30,ledoit_wolf,risk_parity,231.0487505502986,0.0,0.1497859344046266,0.11778857899815218,0.00017668286849722826,25.221970214503404,1.3723765145190217,1.6750607845387588,0.07696383888173387,0.03333333333601307,0.2043447272104698,0.004858985904691331,75.51149026797967,20,risk_parity__ledoit_wolf
2025-11-17,30,ledoit_wolf,risk_parity,173.1155584084645,0.0,0.1407297617964597,0.13872796220994002,0.00020809194331491003,24.85127017432316,1.3706245527113643,1.6713423133445109,0.08435457943222668,0.03333333333580197,0.19341261018746225,0.004876699876731684,73.6864409135132,20,risk_parity__ledoit_wolf
2025-12-15,30,ledoit_wolf,risk_parity,135.1444689829195,0.0,0.17622846213073934,0.17692781322354487,0.0002653917198353173,26.77755655260066,1.506378570623567,1.7928275486628071,0.06826963991451669,0.03333333334164317,0.17501770386273224,0.007836162606046554,62.04309455179934,20,risk_parity__ledoit_wolf
2026-01-14,30,ledoit_wolf,risk_parity,97.51650593585109,0.0,0.17469664422093045,0.28719565506439665,0.0004307934825965949,27.957473923559647,2.0859373563654673,2.1081496760219225,0.049257059572355384,0.03333333333662685,0.16059529401416847,0.006907608926157442,67.44180639583152,20,risk_parity__ledoit_wolf
2026-02-11,30,ledoit_wolf,risk_parity,74.97511826076826,0.0,0.21145370126924076,0.17639405665380425,0.00026459108498070634,27.521107883692356,1.7538513802098312,2.524391948998738,0.061785255235194576,0.03333333333560419,0.14146202909160685,0.01101015086248167,70.49014605485178,20,risk_parity__ledoit_wolf
2026-03-18,30,ledoit_wolf,risk_parity,99.51615370779659,0.0,0.22261365567528324,0.1177549754601354,0.0001766324631902031,27.96616141655949,1.552010051153234,2.054702770916818,0.06998743835067715,0.03333333333711496,0.19774827330356395,0.006996639435640861,78.42789444027913,20,risk_parity__ledoit_wolf
2026-04-15,30,ledoit_wolf,risk_parity,146.46617643432745,0.0,0.17611930993154018,0.1226827486262457,0.00018402412293936856,26.051578881656994,1.173837717290883,1.7923053116916061,0.09380412473456588,0.03333333334130134,0.21640430696666954,0.00678528659347482,79.40326851338833,20,risk_parity__ledoit_wolf
2026-05-18,30,ledoit_wolf,risk_parity,192.98534074283955,0.0,0.19619897911923592,0.10561537829154946,0.00015842306743732418,25.8431700159803,1.230968274043326,1.7426953180110192,0.09635516929817664,0.03333333333533742,0.20707309153763884,0.0054574689226932396,81.06787145695915,20,risk_parity__ledoit_wolf
2026-06-15,30,ledoit_wolf,risk_parity,90.11681671302728,0.0,0.18779969252254156,0.12869182925861103,0.00019303774388791656,23.57155278854222,1.7449623151833529,2.0692201615298216,0.10688979511276755,0.033333333337554935,0.1439771827975907,0.003666147165304334,85.44401932350084,20,risk_parity__ledoit_wolf
2026-07-13,30,ledoit_wolf,risk_parity,56.08827699346386,0.0,0.2654415891979707,0.23956718086273673,0.00035935077129410506,27.27950511422944,3.571477342672129,2.8969505976072005,0.06949817612178676,0.03333333333890769,0.09185427565791962,0.008848012152781273,74.22556485712094,9,risk_parity__ledoit_wolf
2012-05-02,13,glasso,risk_parity,46.760021421642875,0.1282051282051282,,1.0,0.0015,11.348662074224428,1.5575602587812276,1.5888348031349042,0.1427593538745632,0.07692307692618913,0.23976810493019954,0.0022764730097119884,32.94112495185482,20,risk_parity__glasso
2012-05-30,13,glasso,risk_parity,42.90402082532355,0.14102564102564102,,0.10978644315994772,0.00016467966473992157,11.593851073513763,1.61947508328126,1.5810027337894423,0.131089249952074,0.07692307692647471,0.22634324738700864,0.002669086922869652,36.66051039159106,20,risk_parity__glasso
2012-06-27,13,glasso,risk_parity,98.72877427767666,0.21794871794871795,,0.21399283612559242,0.00032098925418838864,9.882127895436174,1.5987631140594858,1.637933377393108,0.1887421385425067,0.07692307692573805,0.15579805707691619,0.0014953004094011898,38.020358067930516,20,risk_parity__glasso
2012-07-25,13,glasso,risk_parity,164.80733191466766,0.1282051282051282,,0.1666507712789958,0.00024997615691849367,9.953170447960028,1.6648768987906228,1.6428595631120908,0.16460363223959823,0.07692307692549868,0.14380259478269689,0.002333892588307881,17.830245013941443,20,risk_parity__glasso
2012-08-22,14,glasso,risk_parity,50.88086590935739,0.26373626373626374,,0.36893263123522635,0.0005533989468528395,12.539093414708141,1.7178578582938089,1.623295693162552,0.11681386810751473,0.07142857143096654,0.156604122333141,0.005404450532273966,22.073048122265124,20,risk_parity__glasso
2012-09-20,14,glasso,risk_parity,53.922221982190806,0.15384615384615385,,0.1614561962692488,0.00024218429440387318,12.68731038040206,1.376451910970562,1.5008911620793668,0.11731226757944045,0.07142857143417679,0.22054051786875034,0.002145748020724153,37.53331077016246,20,risk_parity__glasso
2012-10-18,14,glasso,risk_parity,68.49078544043935,0.18681318681318682,,0.08410022000014844,0.00012615033000022265,12.491055266107598,1.3939557172018764,1.505008422565101,0.12750157390468658,0.07142857143389739,0.22103123492986185,0.0023599218591780504,36.6792671479639,20,risk_parity__glasso
2012-11-15,14,glasso,risk_parity,43.300378091432776,0.1978021978021978,,0.09507221910452267,0.000142608328656784,12.01585221869742,1.5808083323650592,1.5814735012104217,0.13395235365992872,0.07142857143292626,0.2041146342409293,0.0028568473922996867,39.831056726329265,20,risk_parity__glasso
2012-12-13,14,glasso,risk_parity,65.33508780698344,0.12087912087912088,,0.2122872252070056,0.0003184308378105084,11.210721346090114,2.1678979048751863,1.8273430963523294,0.16631479353827008,0.07142857144248838,0.12459741422659133,0.0028375818300321242,23.497238819662943,20,risk_parity__glasso
2013-01-14,14,glasso,risk_parity,33.58253017495678,0.12087912087912088,,0.2540659293110507,0.0003810988939665761,11.674405819184583,1.9327084564828014,1.8966249785391223,0.15845240788861625,0.07142857143576142,0.14881504941929496,0.0027775426890474537,35.97071233142289,20,risk_parity__glasso
2013-02-18,14,glasso,risk_parity,40.25491188006037,0.15384615384615385,,0.19471280260357254,0.0002920692039053588,12.419960853889085,1.7483279542423937,1.7533108976673522,0.12821992741780183,0.07142857145199681,0.1674077705334428,0.0036871095567637346,33.968856628589734,20,risk_parity__glasso
2013-03-18,14,glasso,risk_parity,62.91856019044339,0.17582417582417584,,0.119554987615014,0.000179332481422521,12.660638214094702,1.4685820328796402,1.5639217427792222,0.11557699614452482,0.07142857143293119,0.21773190188006245,0.002292667815943101,35.97155034592504,20,risk_parity__glasso
2013-04-15,14,glasso,risk_parity,120.1402368579362,0.24175824175824176,,0.18523416752775376,0.00027785125129163065,12.633192177068072,1.2972626586576148,1.4366432733934835,0.11008790996140795,0.0714285714298164,0.2255497001307979,0.0027178821590786925,40.331905397827285,20,risk_parity__glasso
2013-05-17,14,glasso,risk_parity,131.37076409923992,0.16483516483516483,,0.09009987562973687,0.0001351498134446053,12.419626359598857,1.334339382135511,1.4833016079846926,0.11861316291695011,0.07142857142948227,0.2036051993167342,0.0024590278629650552,36.63651973802692,20,risk_parity__glasso
2013-06-14,14,glasso,risk_parity,69.51057756893698,0.18681318681318682,,0.15781655252753352,0.00023672482879130027,11.823510569040932,1.4623218445938775,1.633877104346375,0.15449238879306823,0.07142857143240201,0.16470169459500197,0.001403891937255756,40.68158574201642,20,risk_parity__glasso
2013-07-12,14,glasso,risk_parity,75.96975746181789,0.25274725274725274,,0.19474083540336812,0.00029211125310505217,10.46853636895591,1.629233489501711,1.7960035258942368,0.15748544137296666,0.07142857143098842,0.1277637033374925,0.0012546810382813916,42.78050645233232,20,risk_parity__glasso
2013-08-09,14,glasso,risk_parity,66.96470225962825,0.21978021978021978,,0.10953914946639187,0.0001643087241995878,9.948073609880954,1.8076975934098138,1.9154044837730486,0.18126344967627991,0.07142857143151847,0.11215697384434696,0.0013079594460874873,40.60090934814464,20,risk_parity__glasso
2013-09-09,14,glasso,risk_parity,109.1862813630517,0.1978021978021978,,0.22341746077599836,0.00033512619116399754,7.369060527187274,2.4334034548943895,1.9118895731786236,0.28841183627109246,0.07142857145001857,0.09326883567891973,0.001467660941519282,38.79377645027358,20,risk_parity__glasso
2013-10-08,14,glasso,risk_parity,55.365740250629166,0.0989010989010989,,0.2846640470738267,0.00042699607061074004,10.91250495513991,1.9833213941061434,1.900523532437848,0.14325416463387167,0.07142857144097796,0.09828927722708089,0.0010142829100993893,45.17195474388993,20,risk_parity__glasso
2013-11-05,14,glasso,risk_parity,43.29400077856352,0.13186813186813187,,0.12102384275377953,0.0001815357641306693,11.625147482751363,1.790225434470017,1.8424167082161609,0.14117813452726324,0.07142857142929135,0.09776796290390777,0.000924638682366252,45.45856884056616,20,risk_parity__glasso
2013-12-03,14,glasso,risk_parity,24.21596162542835,0.14285714285714285,,0.27683932592075444,0.0004152589888811317,10.405393841983607,2.4225998273479608,2.3043939114115966,0.20818485395315717,0.07142857142883186,0.06367859894268278,0.0008589277950204069,39.587572238081435,20,risk_parity__glasso
2013-12-31,14,glasso,risk_parity,32.64248421081074,0.15384615384615385,,0.22419447250426106,0.0003362917087563916,10.49993547100588,2.6284029817780774,2.1930900073460102,0.19144926939783694,0.0714285714297185,0.06324299914201549,0.0028608738787243926,17.35690445302315,20,risk_parity__glasso
2014-02-07,14,glasso,risk_parity,40.291579515838166,0.12087912087912088,,0.2462229799942906,0.00036933446999143593,10.241699695106858,2.998494342015389,2.0838072444981477,0.18785852547645646,0.07142857142985737,0.08857399544278037,0.002644194483569387,29.885989286353084,20,risk_parity__glasso
2014-03-10,14,glasso,risk_parity,46.57289131074204,0.10989010989010989,,0.2518890486142422,0.00037783357292136334,10.585760820539566,2.2997777594757918,1.8881090088247152,0.16909449375665392,0.0714285714349281,0.12492851162005318,0.0018880121122760707,34.522719243792196,20,risk_parity__glasso
2014-04-07,14,glasso,risk_parity,46.90539450205215,0.16483516483516483,,0.13551953250996102,0.00020327929876494153,11.636836013770555,1.8783583052517339,1.8017557410674079,0.14882452511554597,0.07142857143923151,0.1528579970830174,0.004995800094835196,35.08205449937496,20,risk_parity__glasso
2014-05-09,15,glasso,risk_parity,83.59571742553024,0.2761904761904762,,0.311563238103889,0.00046734485715583347,13.599988136369648,1.319214024606175,1.427174913488611,0.11210512865219406,0.06666666666844447,0.21775096719000292,0.0031742655739631894,37.28899172454996,20,risk_parity__glasso
2014-06-06,15,glasso,risk_parity,80.03811584810771,0.20952380952380953,,0.12174818682911465,0.00018262228024367198,13.576120659571842,1.2884175888943812,1.3897664873709465,0.11543113839138956,0.06666666666871046,0.23900556304926115,0.004357845693978702,42.270802522370275,20,risk_parity__glasso
2014-07-04,15,glasso,risk_parity,87.53828211755419,0.19047619047619047,,0.07905344925384247,0.00011858017388076372,13.29322028857178,1.3144765522500281,1.399116259983545,0.12655918511742809,0.06666666666865316,0.22188455873083912,0.0036141270620085896,43.82600910225836,20,risk_parity__glasso
2014-08-01,15,glasso,risk_parity,74.70914172314583,0.23809523809523808,,0.18014979892026192,0.00027022469838039286,12.534933867644153,1.7323080603843926,1.7112872684300737,0.13303800590019887,0.06666666667162717,0.1445405971914516,0.0018511719423720478,43.97033339598205,20,risk_parity__glasso
2014-08-29,15,glasso,risk_parity,40.63054832228329,0.20952380952380953,,0.24070358082540905,0.0003610553712381136,12.429108558463371,1.8350055326501766,2.2204122406481517,0.16089807001094486,0.06666666666773108,0.08384159645429282,0.001108449477316262,41.97115130277255,20,risk_parity__glasso
2014-09-30,16,glasso,risk_parity,100.14388739675043,0.15833333333333333,,0.19889780552783554,0.00029834670829175327,12.669417555459978,2.333793443231401,2.4498483564121782,0.1671696964257826,0.06250000000669782,0.08407284438045574,0.0015304467960048367,45.35033164420582,20,risk_parity__glasso
2014-10-28,16,glasso,risk_parity,87.56098667378697,0.175,,0.16680830134893984,0.0002502124520234098,10.454786961666697,2.2638089710600315,2.253678092622703,0.2227596686536032,0.06250000000069346,0.08671198328830468,0.0013200150124051354,43.11921156999814,20,risk_parity__glasso
2014-11-25,16,glasso,risk_parity,34.78435124123078,0.13333333333333333,,0.2133134748142394,0.0003199702122213591,13.026856814660176,1.9102636163070688,2.049989714412884,0.16627484506319862,0.06250000001468829,0.10602317986589467,0.003007789310769493,39.34200974416067,20,risk_parity__glasso
2014-12-23,16,glasso,risk_parity,50.93926967682346,0.1,,0.10900997545158952,0.00016351496317738428,13.691138050132379,1.5721116499649632,1.7298974032286392,0.14090820855913494,0.06250000000368588,0.14267586558898393,0.0023159704427913002,37.102513226860054,20,risk_parity__glasso
2015-01-22,16,glasso,risk_parity,54.91234321275445,0.175,,0.25279183210819545,0.00037918774816229315,14.67746832686858,1.3970689683295525,1.7548415165208096,0.1045393706288066,0.06250000000244944,0.15729560395823333,0.0038085097020851663,40.34996847836513,20,risk_parity__glasso
2015-02-27,16,glasso,risk_parity,79.51005949813604,0.15833333333333333,,0.22230647218166458,0.0003334597082724969,14.318384394822585,1.4925309186440276,1.6807495116250097,0.10068585893282432,0.06250000000351477,0.18145164337668176,0.002489230900728434,45.91547260283527,20,risk_parity__glasso
2015-03-27,16,glasso,risk_parity,72.98312977612156,0.175,,0.14116567355842458,0.00021174851033763686,13.416355993691315,2.01919268092667,1.8022562041529993,0.12013275932152394,0.06250000000142678,0.14656706893661198,0.002164961769627996,46.760696450509705,20,risk_parity__glasso
2015-04-24,16,glasso,risk_parity,81.11604337128395,0.25833333333333336,,0.1437302226132176,0.0002155953339198264,13.735919490034957,1.8732997388988932,1.7489790545769341,0.12145742173181014,0.06250000000283029,0.14305680299952972,0.0023062275849219946,40.9661233922047,20,risk_parity__glasso
2015-05-28,16,glasso,risk_parity,85.30803486089822,0.18333333333333332,,0.23186982039279216,0.0003478047305891883,14.09955121322887,1.280151472721604,1.6623095109233794,0.12605282128790787,0.06250000000371136,0.1469601821648777,0.0017880536563449154,35.578847094755254,20,risk_parity__glasso
2015-06-25,16,glasso,risk_parity,43.75773095072206,0.20833333333333334,,0.16210634174581035,0.00024315951261871552,14.774373629930635,1.4270519666985724,1.7610021447182567,0.10386580936047973,0.0625000000023059,0.1544003175674061,0.0036581908537742227,34.692041736758945,20,risk_parity__glasso
2015-07-23,16,glasso,risk_parity,46.25097382420902,0.26666666666666666,,0.18896605887528883,0.00028344908831293326,14.089907688128218,1.5868118683946029,1.8028681606323191,0.12035947402762534,0.06250000000171103,0.16946372031245582,0.0023059055208326787,40.878793293771395,20,risk_parity__glasso
2015-08-20,16,glasso,risk_parity,69.01999250932914,0.24166666666666667,,0.1776556211293281,0.00026648343169399216,13.672941364130795,1.963255590335502,1.8113460003903938,0.1277662064752932,0.06250000000191762,0.16604191643350627,0.004757942407584243,36.86773089749098,20,risk_parity__glasso
2015-09-18,16,glasso,risk_parity,105.78783755970734,0.18333333333333332,,0.15068310953342362,0.00022602466430013542,13.748704592649887,1.3522299375719167,1.5157261949447915,0.131631858955127,0.06250000000782067,0.22239472105833813,0.003618899244188073,44.70195877997335,20,risk_parity__glasso
2015-10-16,16,glasso,risk_parity,104.38186627532083,0.25,,0.14207143448181428,0.00021310715172272144,13.678692458205662,1.2731050724578858,1.4642658231526546,0.14087873335686826,0.06250000000167577,0.21155581802012655,0.0035325982416596334,41.70116926580947,20,risk_parity__glasso
2015-11-13,16,glasso,risk_parity,52.396024943110774,0.225,,0.157508233271888,0.000236262349907832,14.44273164184561,1.2035567766179183,1.5130200671872356,0.11965414788697738,0.06250000000128361,0.19613129544610225,0.0020764466150949477,45.485606175225605,20,risk_parity__glasso
2015-12-11,16,glasso,risk_parity,49.24866988702825,0.225,,0.37642248440476855,0.0005646337266071528,10.721342042966604,1.9396268071616298,1.7674970929841962,0.21907838844931055,0.06250000000232515,0.11248613849206066,0.0018891951609933308,30.02907349779653,20,risk_parity__glasso
2016-01-11,16,glasso,risk_parity,49.32972092338274,0.19166666666666668,,0.22981391868330697,0.0003447208780249605,13.486783537352578,2.3633476577468686,2.051404320821303,0.13916090712733037,0.06250000000312056,0.11886020491722994,0.004904879900758328,37.480329062850295,20,risk_parity__glasso
2016-02-15,16,glasso,risk_parity,97.06127999732635,0.18333333333333332,,0.32776830636448034,0.0004916524595467205,12.44714545251083,1.5189746577206702,1.6911317431752164,0.1657805620858666,0.06250000000080776,0.16472531622223935,0.0020755146338924226,41.26794807146348,20,risk_parity__glasso
2016-03-14,16,glasso,risk_parity,89.24473328496256,0.175,,0.10284099784640122,0.00015426149676960185,12.515602813158699,1.5332145869235385,1.748721389531902,0.16890871694727058,0.0625000000053285,0.16315823782979316,0.002459040261263319,45.66424598036759,20,risk_parity__glasso
2016-04-11,16,glasso,risk_parity,76.08601717251993,0.25,,0.11117797050838202,0.00016676695576257303,12.51576045227254,1.5438063916508333,1.6790493884373214,0.16277498863742396,0.06250000000670052,0.1570588489014862,0.0021781319805624097,40.376764068879446,20,risk_parity__glasso
2016-05-12,16,glasso,risk_parity,45.93360727898125,0.18333333333333332,,0.36813284121089423,0.0005521992618163414,14.060024858387884,1.9587326138048127,2.0914731627871626,0.11805868174746303,0.06250000000552325,0.11169146679262207,0.0011984222016533678,44.74172393507322,20,risk_parity__glasso
2016-06-09,16,glasso,risk_parity,58.66957966976226,0.16666666666666666,,0.13305708140922312,0.00019958562211383468,13.317735320706035,2.410826683311663,2.1776427343074563,0.13009975210105812,0.06250000000621952,0.10118897019420622,0.0017448005187123044,40.81555000128467,20,risk_parity__glasso
2016-07-07,16,glasso,risk_parity,28.928194189761136,0.19166666666666668,,0.2537069476888678,0.0003805604215333017,13.285359755664247,2.0182380377972793,2.1618560885941425,0.12449181162911034,0.06250000000554964,0.11000773708925732,0.001620235341648162,41.969496745261075,20,risk_parity__glasso
2016-08-04,16,glasso,risk_parity,42.6314702616506,0.18333333333333332,,0.172856161393903,0.0002592842420908545,13.065451137463382,1.8204700299715912,1.9790971938736028,0.1343387074950907,0.06250000001056664,0.11847691683360755,0.001622270521359331,41.09800484093503,20,risk_parity__glasso
2016-09-01,16,glasso,risk_parity,92.89093784440948,0.11666666666666667,,0.17752447652761066,0.000266286714791416,13.171113684626711,1.9804973957477228,1.9679345371401311,0.13598762195439962,0.06250000001384652,0.1222375542702709,0.0017535922265357348,40.104666363504705,20,risk_parity__glasso
2016-09-30,16,glasso,risk_parity,60.91625447897173,0.15833333333333333,,0.13825994477694084,0.00020738991716541126,13.153353710926185,1.8339264424347934,2.1327111249869017,0.151328479676424,0.06250000000363842,0.11679589081787292,0.0018305462217108161,44.09425965754469,20,risk_parity__glasso
2016-10-28,16,glasso,risk_parity,88.35493548049288,0.175,,0.2893234419019353,0.000433985162852903,9.202093467394498,2.1238345816364217,2.380958838973603,0.26301111151042245,0.06250000000740386,0.08964092635342102,0.0011352625041600067,45.909798625273794,20,risk_parity__glasso
2016-11-25,16,glasso,risk_parity,61.11227286176046,0.14166666666666666,,0.15697871865264962,0.00023546807797897445,10.674548415143619,2.199196144226581,2.2128230482784965,0.22268752893271912,0.06250000000179963,0.09366079352240322,0.0013859005152285827,40.55492293653695,20,risk_parity__glasso
2016-12-23,16,glasso,risk_parity,63.005898398023604,0.11666666666666667,,0.10984577244269719,0.0001647686586640458,11.007728518280826,1.5405692959725397,1.9397511264848435,0.21829290905723348,0.06250000000863547,0.10866429023277283,0.002446425586220432,36.30648831598932,20,risk_parity__glasso
2017-01-23,16,glasso,risk_parity,31.48768182874005,0.21666666666666667,,0.36755960141234484,0.0005513394021185173,13.903817483584856,2.046618240850766,2.0679066662177754,0.11636697003002773,0.06250000000650284,0.11494904977718841,0.0013002034949051845,44.33647319966797,20,risk_parity__glasso
2017-02-27,16,glasso,risk_parity,22.170042584259562,0.15833333333333333,,0.1047499272928552,0.00015712489093928282,14.367409991190375,2.8088802026687367,2.3023540598932684,0.10421685571566293,0.0625000000038269,0.10712264092351322,0.0012689798111297707,44.96215024484547,20,risk_parity__glasso
2017-03-27,17,glasso,risk_parity,23.222402390754556,0.18382352941176472,,0.29143270846797487,0.00043714906270196234,15.15898726182823,5.819118771824661,2.7858770480962445,0.09787151640714034,0.05882352941941111,0.0812645911456775,0.0019377083806172662,46.26466676281407,20,risk_parity__glasso
2017-04-25,18,glasso,risk_parity,25.033182541945035,0.16339869281045752,,0.4099779108016461,0.0006149668662024691,15.572787366064077,4.10749360787976,2.669413071007106,0.11829934529224946,0.0555555555628417,0.08181087147271908,0.002374216611308552,43.076197563692716,20,risk_parity__glasso
2017-05-25,19,glasso,risk_parity,48.33480417905432,0.1286549707602339,,0.22815414768615722,0.00034223122152923584,15.84068799695893,5.430658755230446,2.783078233386657,0.12427568210144341,0.052631578950895395,0.08596909092202419,0.00147609161995241,50.97943080787363,20,risk_parity__glasso
2017-06-22,19,glasso,risk_parity,30.69267854895451,0.15204678362573099,,0.19337102850493593,0.00029005654275740387,13.974139046040339,5.353444479846446,2.8385474217465245,0.1444088551529689,0.052631578953465784,0.07775218997452099,0.0016065489889144293,55.85530061062842,20,risk_parity__glasso
2017-07-20,20,glasso,risk_parity,35.33942296547884,0.2,,0.1983947485007787,0.00029759212275116807,11.566036792481775,4.168909726800021,3.0712260714544577,0.20760048152756322,0.05000000000812739,0.06776871042556887,0.0019164168328234376,56.03161534501555,20,risk_parity__glasso
2017-08-17,20,glasso,risk_parity,56.21577761896047,0.16842105263157894,,0.3129302645698156,0.0004693953968547234,15.309409014828068,2.1375580460113723,2.1479163360024005,0.12888657590144972,0.050000000021946066,0.09635652455672174,0.0014584889632542686,55.735755217241206,20,risk_parity__glasso
2017-09-15,20,glasso,risk_parity,71.55400844796554,0.15789473684210525,,0.18433145833741693,0.0002764971875061254,16.984746202859178,2.162387368209756,2.033947900666206,0.10423080522949825,0.05000000000193615,0.10318763760825642,0.001720626126409698,51.6966253401724,20,risk_parity__glasso
2017-10-13,20,glasso,risk_parity,51.79143601522578,0.1736842105263158,,0.24521810842362707,0.00036782716263544064,17.26672169477959,2.7859800777807058,2.241732817918391,0.11211632853856825,0.05000000000665043,0.09214249421378133,0.0017387271591458697,48.21038514048642,20,risk_parity__glasso
2017-11-10,21,glasso,risk_parity,25.457760303165408,0.1619047619047619,,0.32585977425479296,0.0004887896613821895,19.31322639779246,3.1902973451371044,2.636960011593813,0.07543173478159551,0.04761904762592368,0.08873890179751551,0.0034154062412971617,40.706203794261164,20,risk_parity__glasso
2017-12-08,21,glasso,risk_parity,25.705607312504583,0.21428571428571427,,0.2430247099829145,0.00036453706497437176,19.765944918999157,1.5941792308235394,2.300656487082959,0.06721161897218775,0.0476190476238349,0.12302844177654766,0.00415918481343642,49.36631208074741,20,risk_parity__glasso
2018-01-08,22,glasso,risk_parity,36.39907836519288,0.19913419913419914,,0.2813356441523375,0.00042200346622850633,19.237021488513044,1.702107040088914,2.159923494040683,0.08842489392211844,0.045454545482675135,0.14780984768588432,0.012282479523480808,32.436386382835245,20,risk_parity__glasso
2018-02-07,23,glasso,risk_parity,60.909398140229506,0.19367588932806323,,0.3305306689881657,0.0004957960034822485,20.623568806403533,1.4080982113308995,1.7965633176348235,0.08124953346009893,0.04347826087494401,0.22999977735190666,0.005683964813307898,52.21979476434123,20,risk_parity__glasso
2018-03-14,23,glasso,risk_parity,73.55423908808777,0.2490118577075099,,0.1487436249011531,0.00022311543735172964,19.642919552216977,1.4188029073567994,1.7064832978964855,0.09929783313695585,0.043478260871052096,0.25237608636305076,0.0063315246388295264,57.416483486879045,20,risk_parity__glasso
2018-04-11,24,glasso,risk_parity,86.69597736488339,0.2391304347826087,,0.14606581460662038,0.00021909872190993055,20.512741682475504,1.4077793207030191,1.7060215742653937,0.09171558607375624,0.04166666666823216,0.2495262525798982,0.010403330483466798,52.194446342299685,20,risk_parity__glasso
2018-05-14,25,glasso,risk_parity,112.44209042701756,0.25,,0.36816396798601253,0.0005522459519790189,17.44112312781392,1.9045091819511517,1.9229548510345509,0.14630455039906293,0.040000000003095414,0.2183185310426664,0.011046602537115573,54.455477309071824,20,risk_parity__glasso
2018-06-11,26,glasso,risk_parity,136.19466632303673,0.29846153846153844,,0.26838865025786834,0.0004025829753868025,21.318992086093825,1.423385210649178,1.7265927985943377,0.08488779057281229,0.03846153846436224,0.28488447197509914,0.007222931606503665,63.65925462793064,20,risk_parity__glasso
2018-07-09,27,glasso,risk_parity,226.13235389807707,0.3162393162393162,,0.19354840082134547,0.00029032260123201825,21.982148897401803,1.3283434341528646,1.6002309248263484,0.08884085953509822,0.03703703704044038,0.3206459909571628,0.012532645783453396,64.34587305556602,20,risk_parity__glasso
2018-08-06,28,glasso,risk_parity,229.21184821412453,0.25396825396825395,,0.3298315684637335,0.0004947473526956003,18.33602988808487,1.5832348158690297,1.7978453603024482,0.13516727934247547,0.03571428571701529,0.2491397339870244,0.012026661273766335,74.41518266429853,20,risk_parity__glasso
2018-09-04,29,glasso,risk_parity,195.37709963434025,0.2660098522167488,,0.18762800847227806,0.0002814420127084171,21.03260007813646,1.5163403815224097,1.7982130938245222,0.09606436253563895,0.034482758631155616,0.20275136900080618,0.007985843916571225,78.16620363524142,20,risk_parity__glasso
2018-10-02,29,glasso,risk_parity,93.8707942265693,0.21428571428571427,,0.17879076516065828,0.0002681861477409874,19.83183000806429,2.554310006714081,2.486383771879315,0.11483796346303804,0.03448275862360113,0.11901457123213985,0.008315164312791548,71.97331028425049,20,risk_parity__glasso
2018-10-30,29,glasso,risk_parity,121.35261344713086,0.2536945812807882,,0.31331186114458853,0.0004699677917168828,22.363200492732076,1.2462428721872312,1.6791072264960658,0.12201650998329415,0.03448275862352938,0.17268008950185224,0.003890020951073259,71.7497734398408,20,risk_parity__glasso
2018-11-27,29,glasso,risk_parity,183.7465465218723,0.27586206896551724,,0.16704705690052155,0.0002505705853507823,17.78406429661592,1.2585272572139266,1.662398177717402,0.17304207182901368,0.03448275862348298,0.17728700617610016,0.0034375943273959966,80.30226328777717,20,risk_parity__glasso
2018-12-25,29,glasso,risk_parity,184.1906197857987,0.2881773399014778,,0.09119002254347967,0.0001367850338152195,19.887300202918222,1.273991344049932,1.59292000088323,0.1474536361828979,0.03448275862411327,0.18821128786417257,0.004988455690894562,73.902488683787,20,risk_parity__glasso
2019-01-24,29,glasso,risk_parity,118.14439115506465,0.24630541871921183,,0.17828714911649143,0.0002674307236747372,21.35114266050704,1.5842414574562746,2.0301551951188612,0.11478591633728112,0.03448275862863632,0.142667521865875,0.0033804734158410774,77.9092957062387,20,risk_parity__glasso
2019-02-28,29,glasso,risk_parity,104.67226103062194,0.2019704433497537,,0.24072395598034055,0.0003610859339705108,25.436132710942868,1.4515963391399398,2.0168432277726445,0.06684852440897933,0.03448275862680486,0.13769844667280287,0.0025228365747161645,82.0530722097443,20,risk_parity__glasso
2019-03-28,29,glasso,risk_parity,105.51446708823829,0.19458128078817735,,0.20567945540558344,0.0003085191831083752,25.823571145474567,1.6676077379198626,2.063550719420958,0.06697093138870597,0.034482758627182857,0.12871406129182658,0.0026222947180051972,83.33939623186151,20,risk_parity__glasso
2019-04-26,29,glasso,risk_parity,98.69260783115041,0.19458128078817735,,0.1370717677276169,0.00020560765159142536,25.72597293818849,2.007289599953263,2.1142090039355463,0.07813207006669191,0.034482758622365405,0.11587728938358441,0.0022491715100159387,81.41400900592349,20,risk_parity__glasso
2019-05-29,29,glasso,risk_parity,110.12478210884062,0.20689655172413793,,0.19993967383911335,0.00029990951075867,24.262371128817506,1.438085409861169,2.0089564369486816,0.10494219635220726,0.03448275862707959,0.11099307572266238,0.0017095540221807193,85.57937163963216,20,risk_parity__glasso
2019-06-26,29,glasso,risk_parity,89.25000709551745,0.2019704433497537,,0.19236362275680952,0.0002885454341352143,26.68207717734665,1.4289993251141344,2.0934659245457437,0.060119539626311044,0.0344827586241318,0.09825150898092262,0.0018676612329265889,75.80905355750009,20,risk_parity__glasso
2019-07-24,29,glasso,risk_parity,77.00076450062024,0.23891625615763548,,0.15488923182780007,0.00023233384774170012,26.287706894194766,1.465636173137779,2.0422032979870877,0.062473646257836614,0.034482758623971016,0.10611407966500776,0.002667093513074081,74.68001122738427,20,risk_parity__glasso
2019-08-21,29,glasso,risk_parity,52.34274928304368,0.19950738916256158,,0.1878579510646313,0.00028178692659694697,25.401569837233502,1.4620199734955608,2.3292062590563396,0.07820938073684644,0.034482758646457994,0.09516558920552064,0.0016691436779435677,83.21780548918382,20,risk_parity__glasso
2019-09-19,29,glasso,risk_parity,50.86219647291552,0.1724137931034483,,0.17843668742741398,0.00026765503114112093,25.305344855489952,1.9258876371557645,2.4425856058989446,0.07911973363255737,0.03448275863914688,0.08867949955223234,0.0016704883283094388,86.92511741761021,20,risk_parity__glasso
2019-10-17,29,glasso,risk_parity,49.36314687100817,0.17980295566502463,,0.20807559607179982,0.0003121133941076997,24.499699519473143,2.4301040878721727,2.6038699410864017,0.08060950068091696,0.03448275862379184,0.07791861344632783,0.0012902996395967785,89.01363809076499,20,risk_parity__glasso
2019-11-14,29,glasso,risk_parity,47.01077517942398,0.18226600985221675,,0.1757120887896385,0.00026356813318445776,25.153477662020187,2.3638936664016805,2.545449735895612,0.0697130944520727,0.03448275862210413,0.07258417420604399,0.002322599756274111,78.32971365162798,20,risk_parity__glasso
2019-12-12,29,glasso,risk_parity,86.86056331641151,0.22660098522167488,,0.3023128270093306,0.0004534692405139959,18.784738463786777,2.771625272407521,2.465746659595419,0.13806138791491498,0.03448275862486984,0.07330846032448629,0.0021971488529633674,78.30644483809641,20,risk_parity__glasso
2020-01-10,29,glasso,risk_parity,106.99855705523498,0.2044334975369458,,0.20628587862917774,0.00030942881794376664,19.550164543182742,2.174987116156334,2.2592720431219697,0.12850925717180114,0.034482758625766684,0.0851025504764827,0.006178612027560937,45.94448403741845,20,risk_parity__glasso
2020-02-14,29,glasso,risk_parity,305.618495741575,0.21428571428571427,,0.4630518514031796,0.0006945777771047695,10.616002857376198,1.4613607907972752,1.8756693426449889,0.2703001862383169,0.03448275862934016,0.11785579108593007,0.016859291573911375,25.59273316089565,20,risk_parity__glasso
2020-03-13,29,glasso,risk_parity,179.05392842625633,0.27832512315270935,,0.45865538210636375,0.0006879830731595457,26.82175503469806,1.1082931825976154,1.504876808226792,0.05968506638956743,0.03448275862490557,0.24962284673488833,0.021284778093577622,32.14685711106911,20,risk_parity__glasso
2020-04-13,29,glasso,risk_parity,279.525423159974,0.3399014778325123,,0.1694923663979095,0.0002542385495968643,26.769901887667853,1.083198378257319,1.4253901788203411,0.06805056163227022,0.03448275862576179,0.3572256012683065,0.010504344979694687,67.12535252390971,20,risk_parity__glasso
2020-05-13,29,glasso,risk_parity,277.4841579032409,0.35960591133004927,,0.10649237357864241,0.0001597385603679636,27.17884392662299,1.072552533659485,1.4220377451243822,0.060370833572721876,0.03448275862594617,0.37411669520706964,0.015334044983330727,73.5774740955407,20,risk_parity__glasso
2020-06-10,29,glasso,risk_parity,237.12371399388505,0.32019704433497537,,0.0920112296475512,0.00013801684447132677,26.256281946169867,1.094737006655158,1.5124056398809764,0.07580501199660446,0.03448275862486923,0.3133391853066534,0.0068546023590523395,76.50223263648058,20,risk_parity__glasso
2020-07-08,29,glasso,risk_parity,186.22264936927715,0.27832512315270935,,0.16168180939538576,0.00024252271409307867,26.44403360190112,1.1465835517774365,1.5584652843941793,0.07410133903995239,0.034482758624571966,0.23344493873162567,0.009346004722996546,78.36342252665852,20,risk_parity__glasso
2020-08-05,29,glasso,risk_parity,269.9819250809675,0.3374384236453202,,0.13755900378840547,0.00020633850568260818,27.068735959126833,1.0813516077862138,1.3699491404048416,0.06157225660784046,0.03448275862697799,0.269207363620661,0.008197334144765912,81.34802313934841,20,risk_parity__glasso
2020-09-03,29,glasso,risk_parity,269.0398420582814,0.33004926108374383,,0.07407790010540552,0.00011111685015810828,27.70073454405949,1.0742236620793935,1.322578048394095,0.0542811135581532,0.0344827586276652,0.26564970466548365,0.007417687349457122,82.18598046359203,20,risk_parity__glasso
2020-10-01,29,glasso,risk_parity,162.41013744693498,0.312807881773399,,0.11773364644303086,0.00017660046966454628,27.23543841612922,1.1459920343513978,1.4103639105413484,0.058553107740904886,0.034482758626401704,0.2195472286365085,0.004739119967805942,67.10079099939925,20,risk_parity__glasso
2020-10-29,29,glasso,risk_parity,67.76194895048891,0.19458128078817735,,0.2539749925570487,0.0003809624888355731,24.915765561420997,1.9453554461835045,2.3214839812899473,0.08801978611872016,0.03448275862386919,0.10247697234249714,0.0025166852571326575,68.27345142140888,20,risk_parity__glasso
2020-11-26,28,glasso,risk_parity,78.5000079926361,0.18253968253968253,,0.21785573330758415,0.00032678359996137624,22.600339980743232,1.9095016048410676,2.1779234968638317,0.0942749037986184,0.035714285720272396,0.11859771463239568,0.0036742125232623666,67.55954174250266,20,risk_parity__glasso
2020-12-24,28,glasso,risk_parity,81.15252435562905,0.21164021164021163,,0.18796340662087846,0.00028194510993131766,21.510466735308754,2.0511089372737867,2.1384629482349182,0.12065130091568342,0.03571428571677219,0.13259645802015094,0.006612444686586935,63.23119415635541,20,risk_parity__glasso
2021-01-22,28,glasso,risk_parity,116.46873133910401,0.23809523809523808,,0.2659765834693638,0.0003989648752040457,25.868063216551345,1.4014051190294534,1.730064539860652,0.06099856531193613,0.03571428571654285,0.18514535455295367,0.020593224626271472,55.018403712366016,20,risk_parity__glasso
2021-02-26,29,glasso,risk_parity,223.81934785133666,0.35714285714285715,,0.144823295155146,0.00021723494273271902,27.41637153698657,1.0924757852560516,1.3426758972683872,0.06588141840674001,0.034482758626848506,0.3163014904533072,0.010097983616794117,80.97937648408816,20,risk_parity__glasso
2021-03-26,29,glasso,risk_parity,234.60797287383332,0.3694581280788177,,0.05923568093822689,8.885352140734034e-05,27.437588654839697,1.0809024898796593,1.3131520288598373,0.06704864546322585,0.03448275862727215,0.30965943270576773,0.007042460956687156,72.8767954649496,20,risk_parity__glasso
2021-04-26,29,glasso,risk_parity,205.25848930790903,0.34236453201970446,,0.10026186220860603,0.00015039279331290905,27.238496241357172,1.0810031746916693,1.3289770131865546,0.06672529327636888,0.03448275862745137,0.2991577887685345,0.00940891742823856,66.28948817721854,20,risk_parity__glasso
2021-05-26,29,glasso,risk_parity,90.72428176701716,0.23399014778325122,,0.25596973863616834,0.00038395460795425247,25.1561873763747,1.3368074318392276,1.8525220368392523,0.06538111099222063,0.03448275862776807,0.1623799438708752,0.007704984077135431,61.27081590829415,20,risk_parity__glasso
2021-06-23,30,glasso,risk_parity,87.67096141053341,0.23448275862068965,,0.2849681076223263,0.0004274521614334895,20.201741544989645,2.3792019545776157,2.218072850009449,0.12886554079054385,0.03333333333881271,0.14789126460870028,0.011806824725646215,66.36096012026458,20,risk_parity__glasso
2021-07-21,30,glasso,risk_parity,133.32263555005642,0.25057471264367814,,0.21481473634991843,0.0003222221045248776,18.658213734502944,2.096141998096404,1.9034157744992577,0.14661784660545435,0.033333333335984115,0.18794907296711466,0.0071199974171986275,81.55479370791159,20,risk_parity__glasso
2021-08-18,30,glasso,risk_parity,148.69051006345438,0.28735632183908044,,0.1270222793681574,0.0001905334190522361,16.857070142680683,2.1199344541781553,1.8496370038727015,0.16325211678407173,0.033333333336991344,0.18021898548146406,0.006505606765250176,79.49056062453693,20,risk_parity__glasso
2021-09-17,30,glasso,risk_parity,171.87900444580555,0.30114942528735633,,0.21378934891251086,0.0003206840233687663,22.4595841904459,1.4264216047190765,1.617544591309364,0.10958414238472247,0.0333333333366827,0.2011179439198453,0.006478847200175614,81.62205729983656,20,risk_parity__glasso
2021-10-15,30,glasso,risk_parity,143.256943261609,0.25287356321839083,,0.16419367239529514,0.00024629050859294275,23.143283011632985,1.6455004010374539,1.9997876772250904,0.1100448504286599,0.03333333333999651,0.1278051803984585,0.0029393165878312502,79.29257430901237,20,risk_parity__glasso
2021-11-12,30,glasso,risk_parity,116.68223620363133,0.24367816091954023,,0.16467886221674388,0.0002470182933251158,26.2036718801176,1.5133910163024669,2.0358441539345074,0.07823237890910881,0.03333333333877836,0.12653715637503804,0.005438011348629625,69.89772138703945,20,risk_parity__glasso
2021-12-10,30,glasso,risk_parity,110.56389109944548,0.21379310344827587,,0.27355554687374645,0.0004103333203106197,24.425023970230612,2.0811656346434293,2.089922309630825,0.09855512379454627,0.03333333334330854,0.1327457380720147,0.003462518548551646,75.46939540681032,20,risk_parity__glasso
2022-01-10,30,glasso,risk_parity,126.70564294389989,0.22528735632183908,,0.1429795383118254,0.0002144693074677381,26.735816560459455,2.108843061356162,2.0001984341036727,0.06264253544213975,0.03333333334109973,0.14429194952450844,0.007942128059989697,59.8739611892418,20,risk_parity__glasso
2022-02-14,30,glasso,risk_parity,175.9782015147799,0.22298850574712645,,0.2440585614907536,0.0003660878422361304,22.176819283921727,1.9956000513035117,2.048825862145221,0.08953999220533444,0.03333333333466011,0.15769419685763186,0.004954927791574524,80.30461463063776,20,risk_parity__glasso
2022-03-14,30,glasso,risk_parity,148.51496024779232,0.2735632183908046,,0.13538042104279754,0.0002030706315641963,21.863691243393504,2.372124272582777,2.2523225877866624,0.0960225075750972,0.033333333335232085,0.1348584058421567,0.0036624431651914335,77.32063293616417,20,risk_parity__glasso
2022-04-12,30,glasso,risk_parity,183.4844974405036,0.28735632183908044,,0.16020550259887756,0.00024030825389831633,22.190874530194385,2.2076283248963473,2.2207978538945805,0.09516926045762689,0.03333333333584561,0.1382598663568845,0.01630671027641356,54.972905237188556,20,risk_parity__glasso
2022-05-12,30,glasso,risk_parity,150.09656702514582,0.2896551724137931,,0.27803573385549357,0.00041705360078324034,26.27599647291421,1.1980785749029077,1.5227237894185555,0.0687797083725132,0.033333333337748,0.22780664335637882,0.0070547140386548425,73.26737992205027,20,risk_parity__glasso
2022-06-09,30,glasso,risk_parity,263.3810078117365,0.2988505747126437,,0.16609934303919244,0.00024914901455878863,24.35072166293423,1.1798397266155494,1.4269815581473084,0.08230838533333229,0.033333333338902545,0.26150359798694156,0.006739836470626128,65.15086408060309,20,risk_parity__glasso
2022-07-07,30,glasso,risk_parity,242.66587823509124,0.32873563218390806,,0.09708579695066658,0.00014562869542599985,24.639320858995543,1.2621156824430881,1.4453385278098723,0.07728067432056504,0.03333333333857148,0.2906854736208721,0.01218895623552105,80.99110218731695,20,risk_parity__glasso
2022-08-04,30,glasso,risk_parity,186.60265402606657,0.29195402298850576,,0.1399112845756656,0.00020986692686349837,22.28729165919451,1.461986389800883,1.6190456277577114,0.09586132203264762,0.033333333336273016,0.21566734169676288,0.008973940841462554,85.79455050675041,20,risk_parity__glasso
2022-09-05,30,glasso,risk_parity,198.13408842349583,0.25287356321839083,,0.12740554090306738,0.00019110831135460106,24.798178762184,1.6847310452696667,1.7660072769747235,0.08143765713207923,0.033333333343048575,0.17327789864710438,0.004456045858234508,80.54708994709725,20,risk_parity__glasso
2022-10-03,30,glasso,risk_parity,215.8372948460343,0.2482758620689655,,0.17863236579537783,0.00026794854869306673,24.708384914840725,1.3900067647640633,1.6884517726339072,0.0899955421983713,0.03333333333580146,0.1527851642721229,0.01916347139057273,38.45387592993464,20,risk_parity__glasso
2022-10-31,30,glasso,risk_parity,185.17555817559634,0.26436781609195403,,0.2358377884700047,0.000353756682705007,24.662089957120916,1.2864214982239128,1.4714230981850147,0.07871722866887516,0.033333333337813284,0.23302238003612044,0.011540202028141202,60.242045751775564,20,risk_parity__glasso
2022-11-28,30,glasso,risk_parity,222.58251055297768,0.31494252873563217,,0.17261739415729807,0.0002589260912359471,22.133685454649207,1.3620624492520994,1.4741843746594203,0.10227270887191135,0.03333333333791618,0.2758582448227554,0.007354946585734159,72.98616197820448,20,risk_parity__glasso
2022-12-26,30,glasso,risk_parity,247.02125413832007,0.27586206896551724,,0.1005634777218383,0.00015084521658275744,21.00370863487636,1.3440405733543686,1.4702678072729978,0.10884713579530159,0.03333333333789084,0.2863253421531431,0.013946633757366092,80.1302610922345,20,risk_parity__glasso
2023-01-31,30,glasso,risk_parity,425.47910257469647,0.2896551724137931,,0.15709687107061676,0.00023564530660592515,19.827212639269163,1.4745473491391548,1.5602054723293406,0.11763767522740873,0.03333333333745826,0.23327752853421058,0.007526279408182598,79.37193986985282,20,risk_parity__glasso
2023-02-28,30,glasso,risk_parity,337.5765514912414,0.2574712643678161,,0.22836822527582018,0.00034255233791373024,21.459512544874816,1.2697042468066377,1.4963258356599727,0.1185989185486001,0.03333333333759272,0.20869364135411872,0.00611838325565505,86.41632201543581,20,risk_parity__glasso
2023-03-28,30,glasso,risk_parity,286.0301130403787,0.2850574712643678,,0.1273643088203101,0.00019104646323046516,24.73410469502003,1.248449950844917,1.541412354566063,0.08584619774060029,0.03333333333709144,0.1771044505708612,0.005184944420637331,88.70967633295102,20,risk_parity__glasso
2023-04-25,30,glasso,risk_parity,328.24142997203614,0.24367816091954023,,0.11958358717504042,0.00017937538076256062,23.66471818481565,1.3186012795041266,1.6291425189527926,0.07964723084303076,0.03333333333636313,0.14449275217603882,0.0037095520254853626,85.07640720056011,20,risk_parity__glasso
2023-05-26,30,glasso,risk_parity,156.77344364276325,0.21379310344827587,,0.1999652050231901,0.00029994780753478514,24.758997337099316,1.6835235891934608,1.8893674070692024,0.08356250874633789,0.033333333334614856,0.1086260829816107,0.001618031752788521,86.65170593457178,20,risk_parity__glasso
2023-06-23,30,glasso,risk_parity,97.51772940934298,0.20229885057471264,,0.2733267408545948,0.0004099901112818922,24.62639226472503,2.0606433509621733,2.244571214925813,0.07268007176022939,0.033333333336649174,0.08092114358200884,0.00157532728608295,81.22362565289768,20,risk_parity__glasso
2023-07-21,30,glasso,risk_parity,74.74171871221736,0.1724137931034483,,0.15011358416319695,0.00022517037624479542,24.817536460068553,2.0669525974111713,2.389994789554442,0.06488172941115891,0.03333333333507893,0.07792535144616543,0.005179968184103311,65.3721811782969,20,risk_parity__glasso
2023-08-18,30,glasso,risk_parity,86.19092949650552,0.23448275862068965,,0.29504318655301515,0.0004425647798295227,21.944668025803868,1.5768436472961247,1.9505247285849583,0.10510529858943439,0.033333333340851305,0.11460217635587218,0.0023046511003951687,80.3609210149551,20,risk_parity__glasso
2023-09-19,30,glasso,risk_parity,98.24672003858068,0.23448275862068965,,0.15319835872332177,0.00022979753808498264,22.893832253883108,1.463258238481496,1.862790522266569,0.11404440682565711,0.03333333333556371,0.1296821692098015,0.0051192016581093815,77.22884343195462,20,risk_parity__glasso
2023-10-17,30,glasso,risk_parity,184.06197873184396,0.24367816091954023,,0.14053107555282823,0.00021079661332924237,24.796035853397434,1.3773299932516427,1.655011453031535,0.0817352618719037,0.033333333336408935,0.1616609820563537,0.007218613533123971,70.44861984687492,20,risk_parity__glasso
2023-11-14,30,glasso,risk_parity,245.41239309082758,0.26666666666666666,,0.17385186143401363,0.00026077779215102047,26.269057318658025,1.2520279287356304,1.520476246645921,0.07015052795860238,0.033333333337380186,0.19750554464530584,0.004177772200965777,89.34716948103423,20,risk_parity__glasso
2023-12-12,30,glasso,risk_parity,268.8161214991894,0.28735632183908044,,0.06220808542847494,9.331212814271241e-05,25.981876475716888,1.2729799099318562,1.4814436547940637,0.07388694414391138,0.033333333337680716,0.19873977354684974,0.00591298326065644,87.55513070216507,20,risk_parity__glasso
2024-01-10,30,glasso,risk_parity,183.2860763020744,0.3195402298850575,,0.10626361605825743,0.00015939542408738614,27.656863006421148,1.182208340892356,1.4805386789667414,0.059425804852113975,0.033333333337795173,0.1844204095719895,0.004399975563900813,88.7632840699792,20,risk_parity__glasso
2024-02-07,30,glasso,risk_parity,91.18913157256661,0.2574712643678161,,0.15602540029549977,0.00023403810044324964,27.545345939504912,1.1752900527532038,1.748543725622532,0.07116827438344446,0.033333333335360975,0.11731642600319067,0.002713081127649976,75.98383757350918,20,risk_parity__glasso
2024-03-13,30,glasso,risk_parity,99.11245728970013,0.24597701149425288,,0.2910009807725205,0.0004365014711587808,21.759424752916875,1.3819143361595456,1.982924837588493,0.11159063050796111,0.0333333333387593,0.1016904907839359,0.0030590802592136814,82.07676097901553,20,risk_parity__glasso
2024-04-10,30,glasso,risk_parity,184.72462863413674,0.24367816091954023,,0.20500435809722167,0.0003075065371458325,21.911856493551646,1.4468088808073343,1.829152856364709,0.12410836650595486,0.033333333340410665,0.11412389143571558,0.005392000036300354,65.7363714910727,20,risk_parity__glasso
2024-05-14,30,glasso,risk_parity,308.4276109458319,0.271264367816092,,0.1550680428982111,0.00023260206434731664,23.427352935912978,1.2728764751091417,1.5896198408648123,0.11531817246166183,0.033333333336858555,0.1576433240876285,0.0033437374874885945,84.90656368255682,20,risk_parity__glasso
2024-06-11,30,glasso,risk_parity,263.84492380561437,0.2735632183908046,,0.16322316943466886,0.0002448347541520033,25.128127145869463,1.2835132165217733,1.5950083304905853,0.09303918410966701,0.03333333333665754,0.1556658682022946,0.0028550186745343914,76.55402984996464,20,risk_parity__glasso
2024-07-09,30,glasso,risk_parity,181.24264401827128,0.29195402298850576,,0.10347929125998075,0.00015521893688997114,26.877641250823896,1.2363468479192365,1.6220568897702226,0.07141313096322244,0.03333333333637173,0.1579519704187278,0.0026686720803174636,82.43819910922846,20,risk_parity__glasso
2024-08-06,30,glasso,risk_parity,158.97295547488508,0.24597701149425288,,0.182174209686099,0.0002732613145291485,26.39756327895217,1.3016125220659067,1.6747626993754685,0.0655951506947156,0.033333333335924385,0.1434668526583614,0.002418073215475468,82.59779572473462,20,risk_parity__glasso
2024-09-05,30,glasso,risk_parity,210.30084011219233,0.26666666666666666,,0.1090010225654088,0.0001635015338481132,25.995199947423707,1.4859220356200553,1.7514654616118244,0.07178584487431945,0.03333333333550437,0.13605390860549751,0.0028946588314733538,88.63709133827244,20,risk_parity__glasso
2024-10-03,30,glasso,risk_parity,107.25141756927272,0.23448275862068965,,0.09852119386610522,0.00014778179079915783,26.60508020000596,1.3252939400400452,1.7113915511436075,0.07332503757653741,0.03333333333570689,0.13315450570299792,0.002418181878459509,91.48605066802737,20,risk_parity__glasso
2024-10-31,30,glasso,risk_parity,81.39571621226342,0.2,,0.20726740350369938,0.0003109011052555491,27.52410895608729,1.288535241311659,2.0016048667154407,0.057298393415430394,0.03333333333863462,0.09296891772691146,0.0012703534435095974,95.38500282851385,20,risk_parity__glasso
2024-11-28,30,glasso,risk_parity,99.29695037979675,0.20689655172413793,,0.16123464466216222,0.00024185196699324333,26.091297591680377,1.5134077612552426,1.9663172644222704,0.07261738706235561,0.03333333333841839,0.08650499846837764,0.001552755401140166,93.30801615015142,20,risk_parity__glasso
2024-12-26,30,glasso,risk_parity,120.31997649909451,0.21149425287356322,,0.2564964011597055,0.00038474460173955826,24.03777529686125,1.569442554419372,1.9385999808912289,0.0864020814081032,0.03333333333441237,0.08619973505945035,0.0016040897578085778,86.69860854543113,20,risk_parity__glasso
2025-01-24,30,glasso,risk_parity,165.14670028928364,0.23908045977011494,,0.15072973559688704,0.00022609460339533056,23.733582044992186,1.4582934106023784,1.8667544663043174,0.0739376467824463,0.03333333333477329,0.08843069001486921,0.0014965078185999853,86.99429571972834,20,risk_parity__glasso
2025-02-28,30,glasso,risk_parity,124.88694991465111,0.20689655172413793,,0.10868298799778844,0.00016302448199668267,24.26428642818118,1.4471839844948098,1.9735798095864534,0.07566871961674923,0.03333333333854738,0.08349907496604515,0.0022060738208903963,53.83263706076443,20,risk_parity__glasso
2025-03-28,30,glasso,risk_parity,72.6725782070332,0.167816091954023,,0.23402781183478116,0.0003510417177521718,22.468072851795597,2.4335773651355366,2.625379206720485,0.11447904908709541,0.0333333333422398,0.0683136241305949,0.02696572053677776,-12.827689836403554,20,risk_parity__glasso
2025-04-28,30,glasso,risk_parity,330.9421761747965,0.37701149425287356,,0.28253419310854533,0.000423801289662818,26.64809481069419,1.1121078011823893,1.3421862372268198,0.09362281669149576,0.03333333333950389,0.2663880780414207,0.008021063057862248,81.19248070549709,20,risk_parity__glasso
2025-05-29,30,glasso,risk_parity,277.4755978331582,0.3632183908045977,,0.07641214184653458,0.00011461821276980186,27.052188250346966,1.1057477977400094,1.3709002608634804,0.08865659659542685,0.033333333339387976,0.2727104633912818,0.00908531920418683,85.43289789843213,20,risk_parity__glasso
2025-06-26,30,glasso,risk_parity,318.6079716144924,0.3724137931034483,,0.04732046358652022,7.098069537978033e-05,26.90052768731615,1.1110599606267288,1.3777611181677314,0.0903502352679074,0.03333333333925781,0.27528746675260907,0.009062130124831536,80.89420991983384,20,risk_parity__glasso
2025-07-24,30,glasso,risk_parity,116.39563147140869,0.21379310344827587,,0.28612425897491595,0.0004291863884623739,27.724886402630375,2.860888564688367,2.2765493948126223,0.056102308698901066,0.033333333334960594,0.1009693603433258,0.009774501315013059,28.477894282486556,20,risk_parity__glasso
2025-08-21,30,glasso,risk_parity,125.03032129007327,0.2160919540229885,,0.3622603058728324,0.0005433904588092487,26.53601771795828,1.4549267218214237,1.9897725648257547,0.06715010696995466,0.033333333338483054,0.14547761809126658,0.005770052176025575,71.55753138817254,20,risk_parity__glasso
2025-09-22,30,glasso,risk_parity,177.53902919113978,0.2413793103448276,,0.138144171647311,0.00020721625747096648,25.606682830080263,1.472953011756908,1.7206787066660056,0.07316263908332273,0.03333333333564875,0.1834661748569043,0.005206227556287832,80.7441243880963,20,risk_parity__glasso
2025-10-20,30,glasso,risk_parity,334.53981347002065,0.27816091954022987,,0.11781996825750612,0.0001767299523862592,25.17958783304475,1.3262557583148586,1.566211137503301,0.07702072516420955,0.03333333333696123,0.21858679367191483,0.005320087753960632,74.57963014353973,20,risk_parity__glasso
2025-11-17,30,glasso,risk_parity,254.76952829045558,0.2482758620689655,,0.1365101598681555,0.00020476523980223326,24.77486522353704,1.3171256919653316,1.5706811638746738,0.0839373774105574,0.03333333333666259,0.2058153149157723,0.005562847295554186,72.724600129212,20,risk_parity__glasso
2025-12-15,30,glasso,risk_parity,240.83253632245763,0.2896551724137931,,0.17347420130638744,0.0002602113019595812,26.644900882739954,1.4092001412528343,1.6575445308207162,0.06936046008299811,0.033333333335709425,0.18952551932737716,0.007907305912408088,56.95987252878734,20,risk_parity__glasso
2026-01-14,30,glasso,risk_parity,174.7383133253787,0.27586206896551724,,0.2873096538129465,0.0004309644807194197,27.852524645499134,1.9133409131165178,1.9672064313293354,0.04918219068568102,0.033333333338363254,0.17248453647829834,0.007076851313832983,63.19772884923715,20,risk_parity__glasso
2026-02-11,30,glasso,risk_parity,158.2973094959999,0.28045977011494255,,0.18177143961304607,0.0002726571594195691,27.278047062200297,1.648219656715877,2.3538734316866274,0.061035803387212983,0.03333333333880955,0.15281254891224783,0.010647465642299495,66.98603980551711,20,risk_parity__glasso
2026-03-18,30,glasso,risk_parity,155.33462941348216,0.2574712643678161,,0.1306163986731265,0.00019592459800968974,27.95857144879611,1.3673612658555339,1.8654907414634612,0.06918273719670483,0.03333333334019184,0.2186028336750615,0.006822800413578574,78.80066500949368,20,risk_parity__glasso
2026-04-15,30,glasso,risk_parity,190.64317874488,0.296551724137931,,0.12507989360784846,0.00018761984041177268,26.06786477727886,1.1255972814524502,1.654608953670755,0.09318961080269507,0.03333333333585323,0.2348764971124547,0.007836717774746224,79.49541319528365,20,risk_parity__glasso
2026-05-18,30,glasso,risk_parity,286.56348438660865,0.3218390804597701,,0.10514508469018284,0.00015771762703527424,25.880412155113557,1.1641234871003137,1.5929116104626428,0.09550032875968707,0.03333333333658584,0.22711040482718595,0.0066085866267818925,80.80290643572204,20,risk_parity__glasso
2026-06-15,30,glasso,risk_parity,202.6651746342134,0.27816091954022987,,0.14153971596429787,0.0002123095739464468,23.017332388330395,1.6397049053175157,1.9137880794055007,0.11177112842184032,0.033333333339577984,0.1556111646524492,0.0042286766508239345,85.6876965392056,20,risk_parity__glasso
2026-07-13,30,glasso,risk_parity,132.38624347105758,0.27586206896551724,,0.2573335921216241,0.0003860003881824361,26.89414067037284,3.196197069509946,2.647965591191937,0.07047810865407969,0.03333333333583057,0.1014337387823231,0.008639701020076818,71.30392877358265,9,risk_parity__glasso
2012-05-02,13,diagonal,risk_parity,8.059520504405329,1.0,,1.0,0.0015,11.862966419745794,12.999999999999995,3.605551275463988,0.14218213721811995,0.07692307692307693,0.1061774584644053,0.003840835421010309,30.81612487328371,20,risk_parity__diagonal
2012-05-30,13,diagonal,risk_parity,8.440057083535375,1.0,,0.08598747506175297,0.00012898121259262947,11.95719570780321,13.0,3.605551275463989,0.13709449995839657,0.07692307692307694,0.09966772473775234,0.0022748572368224223,34.11774260593131,20,risk_parity__diagonal
2012-06-27,13,diagonal,risk_parity,16.853185632955565,1.0,,0.17233567702183358,0.0002585035155327504,10.381496223826225,13.0,3.6055512754639896,0.1748814211343815,0.07692307692307694,0.07187485923228268,0.0021544103194492546,35.7789132525788,20,risk_parity__diagonal
2012-07-25,13,diagonal,risk_parity,24.64084777355782,1.0,,0.1271919003190909,0.00019078785047863634,9.89087865821538,12.999999999999995,3.605551275463988,0.19297101968654437,0.07692307692307693,0.06572437431597238,0.003030804535978866,23.387906001342092,20,risk_parity__diagonal
2012-08-22,14,diagonal,risk_parity,6.773679915684329,1.0,,0.40820822769635007,0.0006123123415445251,13.281207702157605,13.999999999999996,3.741657386773942,0.09527881333431135,0.07142857142857148,0.0688386176922467,0.006731540492615748,21.532926249692753,20,risk_parity__diagonal
2012-09-20,14,diagonal,risk_parity,5.16240760016998,1.0,,0.10373119525167333,0.00015559679287751,13.41856055104719,13.999999999999991,3.7416573867739413,0.09628239457337309,0.07142857142857145,0.08937949446793553,0.0022257303354961603,36.37399937616895,20,risk_parity__diagonal
2012-10-18,14,diagonal,risk_parity,5.426096023430331,1.0,,0.09884114468697228,0.0001482617170304584,13.263274248711456,13.999999999999991,3.741657386773942,0.09616244402294359,0.07142857142857142,0.08986653871945724,0.002163717914138326,35.795339118349744,20,risk_parity__diagonal
2012-11-15,14,diagonal,risk_parity,5.5797054407108035,1.0,,0.08582932126849377,0.00012874398190274066,13.147241248541798,13.999999999999991,3.7416573867739418,0.10701621694886669,0.07142857142857145,0.08829425610060991,0.0016140105583189544,38.08615794525976,20,risk_parity__diagonal
2012-12-13,14,diagonal,risk_parity,18.572959180778792,1.0,,0.18177839513855445,0.0002726675927078317,11.741479521320985,13.999999999999996,3.741657386773942,0.16316045616040864,0.07142857142857145,0.06191188575015463,0.0036779909135839007,24.2357688560484,20,risk_parity__diagonal
2013-01-14,14,diagonal,risk_parity,7.4448267809535755,1.0,,0.19843996507494036,0.0002976599476124105,13.134919812820456,14.000000000000004,3.7416573867739418,0.11154175129733633,0.07142857142857147,0.07726421034125512,0.0038569421264233674,34.35955851866473,20,risk_parity__diagonal
2013-02-18,14,diagonal,risk_parity,6.252773254571788,1.0,,0.1095683341020451,0.00016435250115306765,13.293580450977931,13.999999999999991,3.7416573867739413,0.09857089451470236,0.07142857142857145,0.07935576232522279,0.005165546932096814,31.68885915891008,20,risk_parity__diagonal
2013-03-18,14,diagonal,risk_parity,8.360033593745014,1.0,,0.07877632597578843,0.00011816448896368263,13.094281126159357,13.999999999999991,3.741657386773941,0.1057895495170762,0.07142857142857144,0.09137997698367445,0.0036831710303427785,33.26825758723831,20,risk_parity__diagonal
2013-04-15,14,diagonal,risk_parity,12.314700586366632,1.0,,0.14080933879199775,0.0002112140081879966,12.624428909065951,13.999999999999991,3.7416573867739418,0.12468392982795151,0.07142857142857144,0.08636179547727085,0.0021951689832093043,37.59513670452324,20,risk_parity__diagonal
2013-05-17,14,diagonal,risk_parity,13.397231113369678,1.0,,0.05750153739941115,8.625230609911673e-05,12.387708742710185,14.000000000000004,3.741657386773942,0.1381435232546701,0.07142857142857147,0.08042363902910071,0.0020077861313351026,35.932246896126244,20,risk_parity__diagonal
2013-06-14,14,diagonal,risk_parity,10.339778918895885,1.0,,0.1320817180119453,0.00019812257701791794,12.496383480643479,13.999999999999991,3.741657386773941,0.1401364909506576,0.07142857142857144,0.07271738504626088,0.0022022825677323454,38.2284654257857,20,risk_parity__diagonal
2013-07-12,14,diagonal,risk_parity,12.0155571066562,1.0,,0.06952823765449757,0.00010429235648174635,12.17626423857227,14.000000000000004,3.74165738677394,0.1438477212548071,0.07142857142857147,0.06350843331305696,0.0010500713466032542,41.214024930760374,20,risk_parity__diagonal
2013-08-09,14,diagonal,risk_parity,11.131111012156191,1.0,,0.07326924638792606,0.00010990386958188909,12.1911631746036,14.000000000000016,3.741657386773942,0.14591191774760226,0.07142857142857145,0.06005656109422192,0.0021591707667044458,38.59081176093916,20,risk_parity__diagonal
2013-09-09,14,diagonal,risk_parity,18.470050157482433,1.0,,0.13667196197803705,0.00020500794296705557,11.580336779407261,13.999999999999991,3.7416573867739418,0.14445070340854024,0.07142857142857145,0.053189439810041886,0.0009214511324639231,39.967551572781844,20,risk_parity__diagonal
2013-10-08,14,diagonal,risk_parity,13.348507515539369,1.0,,0.1029373119419428,0.00015440596791291422,12.189541966397973,14.000000000000004,3.7416573867739418,0.13268403597475384,0.07142857142857145,0.05195490639647537,0.0007574367208215605,44.40775339687404,20,risk_parity__diagonal
2013-11-05,14,diagonal,risk_parity,12.329402801693133,1.0,,0.0816823060559928,0.0001225234590839892,12.462370425023794,13.999999999999996,3.741657386773942,0.13228232396738776,0.07142857142857147,0.04934498530257337,0.000683407192227518,44.184682567730604,20,risk_parity__diagonal
2013-12-03,14,diagonal,risk_parity,8.469664869588577,1.0,,0.16077382797233386,0.00024116074195850077,12.619970081617415,13.999999999999991,3.7416573867739418,0.13157374968604132,0.07142857142857144,0.040703186524759745,0.000934804797542008,40.42188393719486,20,risk_parity__diagonal
2013-12-31,14,diagonal,risk_parity,11.376732584566584,1.0,,0.15982782884058472,0.0002397417432608771,12.378843039351327,13.999999999999991,3.741657386773941,0.13737652763223884,0.07142857142857145,0.03845436782700261,0.0030065864985079458,23.33985952943782,20,risk_parity__diagonal
2014-02-07,14,diagonal,risk_parity,11.089811040660603,1.0,,0.19860221697421115,0.0002979033254613167,12.009062580473607,13.999999999999991,3.7416573867739427,0.130613393351499,0.07142857142857147,0.05171226270953247,0.0030608672856047943,29.789392618748575,20,risk_parity__diagonal
2014-03-10,14,diagonal,risk_parity,10.716304985805461,1.0,,0.19458320752394193,0.0002918748112859129,12.1563792952238,13.999999999999991,3.741657386773942,0.14230626318964978,0.07142857142857145,0.0658145224452843,0.002272940029317574,34.32489188893203,20,risk_parity__diagonal
2014-04-07,14,diagonal,risk_parity,7.059525123112454,1.0,,0.121947374156318,0.000182921061234477,12.619564428598393,14.000000000000004,3.741657386773942,0.1197792754476931,0.07142857142857147,0.0750916809747113,0.006313742928795427,29.865570880557502,20,risk_parity__diagonal
2014-05-09,15,diagonal,risk_parity,6.217227688967713,1.0,,0.22981391518304056,0.00034472087277456087,13.980521417665122,14.999999999999993,3.8729833462074157,0.09178371345690203,0.06666666666666667,0.0807663575088665,0.0053965163140436,34.827966062268004,20,risk_parity__diagonal
2014-06-06,15,diagonal,risk_parity,8.22317709890783,1.0,,0.10930479564860922,0.00016395719347291383,13.902105359179421,15.0,3.8729833462074152,0.1112362949620037,0.06666666666666668,0.08622005118610439,0.0019738419609840606,40.61233778105633,20,risk_parity__diagonal
2014-07-04,15,diagonal,risk_parity,8.499694713451426,1.0,,0.06495962092302261,9.743943138453392e-05,13.752882097449383,14.999999999999993,3.8729833462074166,0.11917369274594689,0.06666666666666667,0.08075994204295263,0.0018655298476735153,41.5794264992781,20,risk_parity__diagonal
2014-08-01,15,diagonal,risk_parity,10.062880853439736,1.0,,0.11094020638524615,0.00016641030957786925,13.534786268120063,15.0,3.8729833462074157,0.13007846107116228,0.06666666666666668,0.06476754448200067,0.0011796074565498024,42.69084179262179,20,risk_parity__diagonal
2014-08-29,15,diagonal,risk_parity,12.50091952754672,1.0,,0.19461875034560078,0.0002919281255184012,12.829537874652079,15.0,3.872983346207417,0.14768501529239617,0.06666666666666667,0.04779782521280773,0.0012907204092887275,42.41622880288938,20,risk_parity__diagonal
2014-09-30,16,diagonal,risk_parity,60.100649975735884,1.0,,0.14003471855469768,0.00021005207783204654,12.502565071466742,15.999999999999991,4.000000000000001,0.16476070800202172,0.06250000000000001,0.04770027584006719,0.0017299404668860712,45.160163073233655,20,risk_parity__diagonal
2014-10-28,16,diagonal,risk_parity,58.55994670208872,1.0,,0.07714928171593916,0.00011572392257390874,12.184137736022953,16.000000000000007,4.0,0.1735739911797619,0.06250000000000001,0.04860627193966846,0.0014265373885826442,42.16282335063635,20,risk_parity__diagonal
2014-11-25,16,diagonal,risk_parity,12.910277993264394,1.0,,0.2009245365075564,0.0003013868047613346,14.46214679681825,16.000000000000007,4.0,0.10730857907979162,0.06250000000000003,0.05373933083930124,0.0036585009462547905,36.843728994566575,20,risk_parity__diagonal
2014-12-23,16,diagonal,risk_parity,9.583271703789116,1.0,,0.10766304125015688,0.0001614945618752353,14.571058241733166,15.999999999999998,4.000000000000001,0.10216620781184,0.06250000000000001,0.06136573380160469,0.0026120810744614384,37.34889769135977,20,risk_parity__diagonal
2015-01-22,16,diagonal,risk_parity,6.5331466387257695,1.0,,0.21341260932604814,0.0003201189139890722,14.906050547163773,15.999999999999991,4.0,0.09269233759515784,0.06250000000000001,0.06796212307569395,0.004623355773878517,37.04368179698853,20,risk_parity__diagonal
2015-02-27,16,diagonal,risk_parity,6.981913060708425,1.0,,0.14709108808680016,0.00022063663213020023,14.621638058212872,15.999999999999991,4.0,0.10778911882090142,0.06250000000000001,0.07601981470959684,0.0016904691022428192,43.623579783921315,20,risk_parity__diagonal
2015-03-27,16,diagonal,risk_parity,11.276473252427618,1.0,,0.08118100095464269,0.00012177150143196402,14.260686402547552,16.000000000000007,4.0,0.12579889151653192,0.06250000000000001,0.06728217852273045,0.0017339354239747885,44.20519007738608,20,risk_parity__diagonal
2015-04-24,16,diagonal,risk_parity,6.300892713391002,1.0,,0.10513821313392956,0.00015770731970089432,14.897412252040526,15.999999999999998,4.000000000000001,0.10447775090818509,0.06250000000000003,0.0636042515598113,0.003564472498113959,38.23505300405458,20,risk_parity__diagonal
2015-05-28,16,diagonal,risk_parity,9.624090620656663,1.0,,0.1815991305510572,0.0002723986958265858,14.537840834068863,15.999999999999991,4.0,0.11344861708446723,0.06250000000000003,0.060782626818491774,0.0019114420679757233,39.782933077196375,20,risk_parity__diagonal
2015-06-25,16,diagonal,risk_parity,5.908706842894335,1.0,,0.14790410069735843,0.00022185615104603764,15.219200680767054,16.000000000000007,4.0,0.10108117714422306,0.06250000000000003,0.06755693481901245,0.004532742861806367,35.69120848930147,20,risk_parity__diagonal
2015-07-23,16,diagonal,risk_parity,8.900783146653241,1.0,,0.15751229103409742,0.00023626843655114613,14.796581411353246,15.999999999999998,4.000000000000001,0.10686817064014807,0.06250000000000003,0.07644597479841254,0.003923316954028637,38.53898962932119,20,risk_parity__diagonal
2015-08-20,16,diagonal,risk_parity,11.78354197927599,1.0,,0.11726075381350565,0.00017589113072025847,14.860702167815317,15.999999999999998,4.000000000000001,0.10450612287106224,0.06250000000000004,0.07659591813909698,0.006617890152506036,34.215378736155195,20,risk_parity__diagonal
2015-09-18,16,diagonal,risk_parity,13.686325710257382,1.0,,0.11034719530178336,0.00016552079295267504,14.398848910592417,16.000000000000007,3.9999999999999996,0.11645892149771006,0.06250000000000001,0.0851785162439151,0.002583982154277531,42.00308612800129,20,risk_parity__diagonal
2015-10-16,16,diagonal,risk_parity,14.544846608202938,1.0,,0.12037370071423854,0.0001805605510713578,14.252282259999957,15.999999999999991,3.999999999999999,0.12890308632436517,0.06250000000000001,0.07796732332667966,0.002176640147943285,41.46955484157025,20,risk_parity__diagonal
2015-11-13,16,diagonal,risk_parity,7.4765316895391365,1.0,,0.18616492618567676,0.0002792473892785151,15.096972781786068,15.999999999999991,3.999999999999999,0.09900960065435294,0.06250000000000001,0.07464453169146477,0.002125613709174789,43.26165397246297,20,risk_parity__diagonal
2015-12-11,16,diagonal,risk_parity,23.93834499543118,1.0,,0.25931930375134965,0.0003889789556270245,13.974567171866605,15.999999999999998,4.0,0.1310082709765086,0.06250000000000001,0.05255613737532753,0.0022117653638263836,31.66986316596403,20,risk_parity__diagonal
2016-01-11,16,diagonal,risk_parity,10.740299468613577,1.0,,0.259188143760019,0.00038878221564002846,14.688006256762577,15.999999999999991,4.0,0.11084705890286754,0.06250000000000001,0.059992229398433586,0.005809327043306658,32.02899647373752,20,risk_parity__diagonal
2016-02-15,16,diagonal,risk_parity,10.29528838842659,1.0,,0.19984865749961708,0.0002997729862494256,14.382605069951863,16.000000000000007,4.000000000000001,0.12459857160564472,0.06250000000000003,0.07036639196746267,0.0016383809559475933,42.021381816090724,20,risk_parity__diagonal
2016-03-14,16,diagonal,risk_parity,6.605199586251095,1.0,,0.11796318654359486,0.0001769447798153923,14.803235108910378,16.000000000000007,4.000000000000001,0.1010135359958803,0.06250000000000001,0.07244660052220524,0.001506122154008119,44.355685754514994,20,risk_parity__diagonal
2016-04-11,16,diagonal,risk_parity,8.063923232992545,1.0,,0.09200971492444895,0.00013801457238667343,15.063020290599438,15.999999999999991,4.0,0.0973437269199885,0.0625,0.06796141841535386,0.002232463665522095,41.653891613140686,20,risk_parity__diagonal
2016-05-12,16,diagonal,risk_parity,12.679711582122087,1.0,,0.1551529719295534,0.0002327294578943301,14.342508787238991,16.000000000000007,3.9999999999999996,0.13201151033085234,0.06250000000000001,0.058766610455476945,0.0013772572429465596,44.27876868564312,20,risk_parity__diagonal
2016-06-09,16,diagonal,risk_parity,15.514170690649387,1.0,,0.12475915989275481,0.0001871387398391322,13.759446842968332,15.999999999999998,4.0,0.1425335418989186,0.06250000000000003,0.05535359233465307,0.001989290260449367,40.21774408060626,20,risk_parity__diagonal
2016-07-07,16,diagonal,risk_parity,7.269024067890167,1.0,,0.21321236196544685,0.0003198185429481703,14.632935453074035,16.000000000000007,4.0,0.10433800474114614,0.06250000000000003,0.06020876163129733,0.002201928480389866,41.447217132456636,20,risk_parity__diagonal
2016-08-04,16,diagonal,risk_parity,9.833929599490595,1.0,,0.11592837684284601,0.00017389256526426902,14.41156440899023,15.999999999999998,4.0,0.10587481120299647,0.06250000000000003,0.059768725429542244,0.001634581344154261,41.197212839952535,20,risk_parity__diagonal
2016-09-01,16,diagonal,risk_parity,20.548349270059266,1.0,,0.1953049190627029,0.0002929573785940543,13.496173558761566,16.000000000000007,4.0,0.14066082924041323,0.06250000000000001,0.05962580054469145,0.0016211575050847679,42.094592876643674,20,risk_parity__diagonal
2016-09-30,16,diagonal,risk_parity,17.23441801879186,1.0,,0.1076298467795389,0.00016144477016930835,13.395388415346494,16.000000000000007,3.9999999999999996,0.1524655854657666,0.06250000000000001,0.061620724775025025,0.001961704715552861,43.104468006935576,20,risk_parity__diagonal
2016-10-28,16,diagonal,risk_parity,39.0302448316228,1.0,,0.16775311645229532,0.000251629674678443,11.598890777928796,16.000000000000007,3.9999999999999996,0.2000078180765776,0.06250000000000001,0.05554108624288613,0.0012284476553785504,45.84048695239989,20,risk_parity__diagonal
2016-11-25,16,diagonal,risk_parity,30.350362942282793,1.0,,0.09536040264110765,0.00014304060396166148,12.886710172291702,15.999999999999991,4.0,0.16759377684561869,0.06250000000000003,0.053533932772858964,0.0017554725199964856,41.58018585571311,20,risk_parity__diagonal
2016-12-23,16,diagonal,risk_parity,24.012906381911694,1.0,,0.13539797631167205,0.00020309696446750808,13.405517556129142,16.000000000000007,4.0,0.14979747940761048,0.06250000000000001,0.05430012776304202,0.002501809193191968,38.0336605811848,20,risk_parity__diagonal
2017-01-23,16,diagonal,risk_parity,7.937476906951616,1.0,,0.29609865454575435,0.00044414798181863154,14.718104418699223,16.000000000000007,4.0,0.09876450187034987,0.06250000000000003,0.059256080513812835,0.0009743686413033562,44.79748412457532,20,risk_parity__diagonal
2017-02-27,16,diagonal,risk_parity,7.846882012204681,1.0,,0.07653396996085379,0.00011480095494128069,14.96581114640059,16.000000000000007,3.9999999999999996,0.09463291862230515,0.06250000000000001,0.06051378390396487,0.0012085135361679829,44.47496033959168,20,risk_parity__diagonal
2017-03-27,17,diagonal,risk_parity,8.868978115252736,1.0,,0.2216526445150663,0.00033247896677259946,15.959820753999004,16.999999999999993,4.123105625617661,0.09040711986944268,0.05882352941176473,0.05399548882281648,0.001869868953074545,46.565344449411185,20,risk_parity__diagonal
2017-04-25,18,diagonal,risk_parity,13.057017937595424,1.0,,0.22674084736254796,0.0003401112710438219,16.742439146480642,18.000000000000014,4.242640687119285,0.08927763917924292,0.05555555555555559,0.05053488989365363,0.002538777186515916,44.13615671546279,20,risk_parity__diagonal
2017-05-25,19,diagonal,risk_parity,12.588859146957518,1.0,,0.22164876532979844,0.0003324731479946977,16.933042728719986,18.999999999999996,4.358898943540674,0.08473964810502425,0.05263157894736843,0.05288808031062967,0.0016480075838845283,52.201377443670125,20,risk_parity__diagonal
2017-06-22,19,diagonal,risk_parity,12.119409217820332,1.0,,0.13609833478795252,0.00020414750218192878,16.987007737856274,18.999999999999996,4.358898943540672,0.08418064453996162,0.052631578947368425,0.051459476688166764,0.0016738229928610932,54.418938278280294,20,risk_parity__diagonal
2017-07-20,20,diagonal,risk_parity,15.767126464434693,1.0,,0.14867425838011805,0.00022301138757017708,17.806888181732145,20.000000000000014,4.4721359549995805,0.09513293050685145,0.05000000000000003,0.04913997648789303,0.0025503774099836568,55.302887180027696,20,risk_parity__diagonal
2017-08-17,20,diagonal,risk_parity,11.156998639103119,1.0,,0.13272489914141988,0.00019908734871212984,17.852801563364125,20.000000000000007,4.47213595499958,0.1033644295681357,0.050000000000000024,0.047796446012921615,0.001320379276597703,55.80753850005739,20,risk_parity__diagonal
2017-09-15,20,diagonal,risk_parity,8.414293896019238,1.0,,0.16820555471732368,0.00025230833207598555,18.074075218513684,19.99999999999999,4.47213595499958,0.08655742260096277,0.05000000000000001,0.046890834517377716,0.0013300780887456588,54.57866734106969,20,risk_parity__diagonal
2017-10-13,20,diagonal,risk_parity,12.762767533866151,1.0,,0.1831709704802958,0.0002747564557204437,17.684792581032564,19.99999999999999,4.47213595499958,0.10886409953693903,0.05000000000000001,0.04613941942110017,0.0020810077115324768,48.57710933516307,20,risk_parity__diagonal
2017-11-10,21,diagonal,risk_parity,4.483505095725945,1.0,,0.21252093138337494,0.0003187813970750624,20.194077287935972,21.00000000000001,4.58257569495584,0.07170945085411871,0.04761904761904765,0.04968417737206431,0.0037317747351253952,43.833363032998456,20,risk_parity__diagonal
2017-12-08,21,diagonal,risk_parity,2.5747407586811195,1.0,,0.15517708456035495,0.00023276562684053243,20.618946023278887,20.99999999999997,4.58257569495584,0.059661831635936365,0.04761904761904763,0.06063359407719496,0.0050729100873662765,47.400854124838254,20,risk_parity__diagonal
2018-01-08,22,diagonal,risk_parity,4.193131440474103,1.0,,0.14006865695052087,0.0002101029854257813,21.551053982697855,21.999999999999986,4.690415759823429,0.0623588830050809,0.045454545454545456,0.06787232949691666,0.014130616304838894,31.47780514839269,20,risk_parity__diagonal
2018-02-07,23,diagonal,risk_parity,3.029856753730539,1.0,,0.2404016223269845,0.00036060243349047676,22.378622624322077,23.00000000000001,4.79583152331272,0.05870937087461951,0.04347826086956524,0.08669634505971635,0.009744799781819788,48.7364733835045,20,risk_parity__diagonal
2018-03-14,23,diagonal,risk_parity,3.9548342954968856,1.0,,0.1444185500754057,0.00021662782511310853,22.213039856522286,22.99999999999999,4.7958315233127164,0.06927649350204924,0.04347826086956523,0.09170132558855333,0.004195476189451822,53.840987810016046,20,risk_parity__diagonal
2018-04-11,24,diagonal,risk_parity,4.175218529448358,1.0,,0.14183393052063337,0.00021275089578095003,22.987651655703218,23.999999999999993,4.898979485566355,0.06633134191884962,0.041666666666666685,0.08864008997593342,0.016770415426027745,46.54334900955516,20,risk_parity__diagonal
2018-05-14,25,diagonal,risk_parity,7.60270644220717,1.0,,0.17008095024012063,0.0002551214253601809,23.57012020083618,24.999999999999986,5.000000000000002,0.07016176058410588,0.040000000000000015,0.08506443055241225,0.017946733193627353,46.38644247055878,20,risk_parity__diagonal
2018-06-11,26,diagonal,risk_parity,6.606654127051706,1.0,,0.14081689299085953,0.0002112253394862893,25.003204056998403,26.000000000000004,5.0990195135927845,0.06146612326126723,0.038461538461538464,0.0952474333787132,0.016856697025309505,52.41915974565449,20,risk_parity__diagonal
2018-07-09,27,diagonal,risk_parity,7.01188042447137,1.0,,0.1488902249045542,0.0002233353373568313,25.517331470256448,27.000000000000014,5.196152422706632,0.05880240511656755,0.037037037037037056,0.0975727561896761,0.008046703038414432,59.930636388774076,20,risk_parity__diagonal
2018-08-06,28,diagonal,risk_parity,10.40580766142382,1.0,,0.12556399509866265,0.00018834599264799397,26.229003599177894,27.999999999999986,5.291502622129181,0.058947994332304014,0.03571428571428571,0.08664518025761872,0.005966694062068167,67.58595682259269,20,risk_parity__diagonal
2018-09-04,29,diagonal,risk_parity,9.634138924685432,1.0,,0.11936894037049413,0.00017905341055574119,27.028039552301866,28.999999999999964,5.385164807134505,0.05735493185396672,0.03448275862068967,0.06962153942749573,0.003861826916643191,73.1771476038884,20,risk_parity__diagonal
2018-10-02,29,diagonal,risk_parity,10.893503776926336,1.0,,0.12071608075741702,0.00018107412113612553,27.50119383672926,28.999999999999964,5.385164807134503,0.049709753117868814,0.034482758620689676,0.05591421689562772,0.010459986684350345,65.26727612408827,20,risk_parity__diagonal
2018-10-30,29,diagonal,risk_parity,16.72279623750865,1.0,,0.14628912326304797,0.00021943368489457194,26.65652397102066,28.99999999999999,5.385164807134506,0.0731910394809456,0.03448275862068968,0.054102283494013935,0.006229184856371343,69.93646586415782,20,risk_parity__diagonal
2018-11-27,29,diagonal,risk_parity,22.61220005539413,1.0,,0.1137898705692012,0.0001706848058538018,26.14971365854281,28.999999999999964,5.385164807134506,0.08260440884979914,0.03448275862068968,0.056874930913335085,0.004900715380334392,74.79246759858007,20,risk_parity__diagonal
2018-12-25,29,diagonal,risk_parity,16.088356623470666,1.0,,0.06537887026311998,9.806830539467996e-05,26.95944497569673,28.99999999999999,5.385164807134506,0.07139840647447972,0.03448275862068969,0.05766931054443284,0.0036888978479670737,73.7691631755642,20,risk_parity__diagonal
2019-01-24,29,diagonal,risk_parity,3.817037056266792,1.0,,0.13385078651416926,0.0002007761797712539,27.9423297416983,28.999999999999964,5.385164807134504,0.04950273244409099,0.034482758620689655,0.053648069691518176,0.0032448440897114884,75.99150256458445,20,risk_parity__diagonal
2019-02-28,29,diagonal,risk_parity,3.555859051182573,1.0,,0.1133558739418713,0.00017003381091280697,27.988467481692062,28.999999999999964,5.385164807134503,0.046226584544976745,0.03448275862068966,0.049979312743355486,0.0036723803268811682,78.42366395727343,20,risk_parity__diagonal
2019-03-28,29,diagonal,risk_parity,8.202146478179323,1.0,,0.09901199248221117,0.00014851798872331674,27.439351347105774,28.999999999999964,5.3851648071345,0.049040288652567376,0.034482758620689655,0.04715846615763386,0.0017715000339288208,83.64572541963993,20,risk_parity__diagonal
2019-04-26,29,diagonal,risk_parity,9.103977130462892,1.0,,0.08559830766276771,0.00012839746149415155,27.35518843128063,28.999999999999964,5.385164807134503,0.04946341480273621,0.03448275862068966,0.04264029310292336,0.0023816188919514097,80.77968952261779,20,risk_parity__diagonal
2019-05-29,29,diagonal,risk_parity,11.991768387030483,1.0,,0.12019867867134051,0.00018029801800701077,27.271403678770717,28.999999999999964,5.385164807134502,0.05164257688098957,0.034482758620689655,0.04013224158101384,0.00199722712819628,84.1523926541703,20,risk_parity__diagonal
2019-06-26,29,diagonal,risk_parity,14.628338931841492,1.0,,0.10720704059232172,0.00016081056088848258,27.123834342903674,28.999999999999964,5.385164807134504,0.056967262406216516,0.03448275862068965,0.036888622198652056,0.0023480628663879437,78.09865025732974,20,risk_parity__diagonal
2019-07-24,29,diagonal,risk_parity,10.097361397974046,1.0,,0.14698445439120555,0.00022047668158680836,27.363950721967033,28.999999999999964,5.385164807134505,0.0505458366810624,0.03448275862068966,0.0393087303614796,0.002591035207100301,79.27751325505248,20,risk_parity__diagonal
2019-08-21,29,diagonal,risk_parity,9.893219614587293,1.0,,0.14627724202399944,0.00021941586303599915,27.319686302007476,28.999999999999964,5.385164807134499,0.04852287065698124,0.03448275862068966,0.03985902639234948,0.0015667237673271275,84.45774072436753,20,risk_parity__diagonal
2019-09-19,29,diagonal,risk_parity,14.376218763962381,1.0,,0.10174653362274179,0.00015261980043411268,27.12275748146278,28.999999999999964,5.385164807134506,0.06300438015026698,0.03448275862068966,0.0395438311772399,0.001634500072760277,86.24221857182283,20,risk_parity__diagonal
2019-10-17,29,diagonal,risk_parity,11.643671188367033,1.0,,0.12040844698136116,0.00018061267047204174,27.208869493439582,28.999999999999964,5.3851648071345055,0.060328766108080537,0.034482758620689655,0.037066727870512045,0.0013132294492693385,87.81824511128633,20,risk_parity__diagonal
2019-11-14,29,diagonal,risk_parity,9.036514159396758,1.0,,0.09295466005981623,0.00013943199008972435,27.67407983974963,29.000000000000018,5.385164807134503,0.05813400997792921,0.034482758620689676,0.03405382407692414,0.002803617605655581,79.73451906070214,20,risk_parity__diagonal
2019-12-12,29,diagonal,risk_parity,9.610185597854615,1.0,,0.1181053928910903,0.00017715808933663546,26.561778895018396,28.99999999999994,5.3851648071345055,0.06585640056853202,0.034482758620689655,0.03481153042823128,0.0026802654465892277,80.54912078639013,20,risk_parity__diagonal
2020-01-10,29,diagonal,risk_parity,17.15178908722545,1.0,,0.12029906496609888,0.0001804485974491483,25.843933453192893,29.000000000000004,5.385164807134509,0.07035357552307403,0.03448275862068968,0.03627262338550457,0.007288522260322674,51.001539946285575,20,risk_parity__diagonal
2020-02-14,29,diagonal,risk_parity,41.138434694495075,1.0,,0.20436909723574154,0.00030655364585361233,22.92042173609371,28.99999999999999,5.385164807134505,0.11874419968748978,0.03448275862068966,0.046022845966852806,0.019461927045091337,25.234790045672998,20,risk_parity__diagonal
2020-03-13,29,diagonal,risk_parity,9.945992015398813,1.0,,0.23544916721235826,0.0003531737508185374,27.5605928922503,28.999999999999964,5.385164807134503,0.05543828837084486,0.03448275862068967,0.06808243349430923,0.028682622362769986,34.57751948761141,20,risk_parity__diagonal
2020-04-13,29,diagonal,risk_parity,4.083737382815376,1.0,,0.154453493636852,0.000231680240455278,28.259071538052865,28.999999999999964,5.385164807134503,0.04835977947025386,0.034482758620689676,0.09483597018614426,0.010395687024217939,62.40507339821126,20,risk_parity__diagonal
2020-05-13,29,diagonal,risk_parity,3.777477614745247,1.0,,0.10095580458485856,0.00015143370687728782,28.334033914271952,28.999999999999964,5.385164807134503,0.046085491631909045,0.034482758620689655,0.09868013358734194,0.0063991183337174665,66.00460881963468,20,risk_parity__diagonal
2020-06-10,29,diagonal,risk_parity,4.487401332804912,1.0,,0.07347048950524177,0.00011020573425786265,28.156370947083808,28.999999999999964,5.385164807134501,0.04888199916685578,0.034482758620689655,0.08829917067033982,0.010214219359065808,65.83884374390944,20,risk_parity__diagonal
2020-07-08,29,diagonal,risk_parity,7.015283086343668,1.0,,0.10872558514970544,0.00016308837772455816,27.532601795058298,28.999999999999964,5.3851648071345,0.050759645055616975,0.034482758620689655,0.0670379021793933,0.015546671728808314,62.63210789456565,20,risk_parity__diagonal
2020-08-05,29,diagonal,risk_parity,7.830644952276926,1.0,,0.09806507180072448,0.0001470976077010867,27.826125417844224,28.999999999999964,5.385164807134501,0.0505997831406592,0.03448275862068966,0.06784647798354633,0.0034950532839604616,75.69878496712899,20,risk_parity__diagonal
2020-09-03,29,diagonal,risk_parity,5.061182025117627,1.0,,0.08080572534196788,0.00012120858801295183,28.19858995327807,28.999999999999964,5.3851648071345055,0.04895865500832194,0.03448275862068967,0.06475871790988456,0.0032648233902026727,76.78198629924408,20,risk_parity__diagonal
2020-10-01,29,diagonal,risk_parity,5.486970259765669,1.0,,0.10975893346011951,0.00016463840019017927,27.98057440924452,28.999999999999964,5.385164807134503,0.0496690212377798,0.03448275862068966,0.056178861424995716,0.004105797675190902,72.84709982709447,20,risk_parity__diagonal
2020-10-29,29,diagonal,risk_parity,12.336903640241976,1.0,,0.20413003481670813,0.00030619505222506216,26.588520232123344,29.000000000000018,5.385164807134509,0.060336327104330664,0.03448275862068969,0.04214888965531592,0.0030697645334436304,73.88854743831405,20,risk_parity__diagonal
2020-11-26,28,diagonal,risk_parity,5.90140560608318,1.0,,0.16336263471986592,0.0002450439520797989,26.445140670820546,28.00000000000001,5.29150262212918,0.0534223698562584,0.03571428571428573,0.0476095781196483,0.004863903021267254,68.77440768166912,20,risk_parity__diagonal
2020-12-24,28,diagonal,risk_parity,10.966358788911252,1.0,,0.17011689399684476,0.00025517534099526713,26.178379407632836,28.00000000000001,5.291502622129181,0.06371144578175568,0.03571428571428574,0.052271230484744864,0.008815857627948436,60.670388723964315,20,risk_parity__diagonal
2021-01-22,28,diagonal,risk_parity,6.89044405613998,1.0,,0.13580310177015725,0.00020370465265523587,26.814168003800233,27.999999999999986,5.291502622129181,0.05466888887274127,0.03571428571428572,0.05915082913686714,0.02461406791908726,40.83973424606743,20,risk_parity__diagonal
2021-02-26,29,diagonal,risk_parity,4.590176796577754,1.0,,0.1282069609832119,0.00019231044147481786,28.216701191832417,28.999999999999964,5.385164807134504,0.046547785989619,0.034482758620689655,0.07852816846059303,0.004779080538106156,72.62270341198247,20,risk_parity__diagonal
2021-03-26,29,diagonal,risk_parity,4.214915364666429,1.0,,0.056745229946884045,8.511784492032606e-05,28.23886338784597,28.99999999999999,5.385164807134503,0.04778340875677876,0.03448275862068968,0.07545490776263247,0.0074518961976392725,68.19666052877704,20,risk_parity__diagonal
2021-04-26,29,diagonal,risk_parity,5.965477363513246,1.0,,0.12127799253778138,0.00018191698880667205,28.129562878504114,28.99999999999999,5.385164807134508,0.05015655498324534,0.03448275862068968,0.07379001549783225,0.0045704133097997585,69.57820494148409,20,risk_parity__diagonal
2021-05-26,29,diagonal,risk_parity,10.241023451171186,1.0,,0.18976453241356783,0.00028464679862035176,27.491094245561627,28.999999999999964,5.385164807134503,0.05643711619084623,0.03448275862068965,0.05595030394253787,0.010055291022530452,63.22078802841595,20,risk_parity__diagonal
2021-06-23,30,diagonal,risk_parity,7.425687550096656,1.0,,0.13658768031889007,0.0002048815204783351,28.369741985520925,29.99999999999999,5.477225575051664,0.05068456124483995,0.03333333333333335,0.06300190558435366,0.016097403593324917,60.536341451635295,20,risk_parity__diagonal
2021-07-21,30,diagonal,risk_parity,6.531551180991752,1.0,,0.12569042939473724,0.00018853564409210586,28.102571225598474,29.99999999999996,5.477225575051662,0.052157738131167156,0.033333333333333326,0.06975262070708088,0.0045296640568088945,75.81054624334861,20,risk_parity__diagonal
2021-08-18,30,diagonal,risk_parity,9.05753487251767,1.0,,0.09305060504031996,0.00013957590756047994,27.616028907526886,29.99999999999999,5.477225575051661,0.06315926146091265,0.03333333333333335,0.06628177747263803,0.005229066909288753,74.3384299355302,20,risk_parity__diagonal
2021-09-17,30,diagonal,risk_parity,7.9342196576190815,1.0,,0.12232610367863424,0.00018348915551795136,28.040811886728665,29.99999999999999,5.4772255750516585,0.060527062633738436,0.03333333333333333,0.06151046918837499,0.0033463391298049158,78.36294276169598,20,risk_parity__diagonal
2021-10-15,30,diagonal,risk_parity,5.926968829803357,1.0,,0.1367315859836839,0.00020509737897552585,28.25138740893555,29.99999999999999,5.477225575051659,0.052958702265158294,0.033333333333333354,0.04756734372209205,0.002885647143021938,80.75628011305221,20,risk_parity__diagonal
2021-11-12,30,diagonal,risk_parity,6.827077974797114,1.0,,0.11613913659555118,0.00017420870489332678,27.85522003213739,29.99999999999999,5.477225575051659,0.05553571703031666,0.03333333333333335,0.046466959231784045,0.007176205746729363,67.27204336265895,20,risk_parity__diagonal
2021-12-10,30,diagonal,risk_parity,7.991228458503221,1.0,,0.142942453166486,0.000214413679749729,27.816981525776285,29.99999999999999,5.477225575051659,0.05993469130552405,0.033333333333333354,0.050453112305096935,0.004002988262783625,77.62069482914309,20,risk_parity__diagonal
2022-01-10,30,diagonal,risk_parity,15.939156854728784,1.0,,0.1134954371338993,0.00017024315570084896,26.923206912644993,30.000000000000014,5.477225575051658,0.0729935493384873,0.03333333333333335,0.05120097787316418,0.009941697224495243,63.40514738767065,20,risk_parity__diagonal
2022-02-14,30,diagonal,risk_parity,11.752814475756129,1.0,,0.11072716446064779,0.00016609074669097167,27.34498863085913,29.99999999999999,5.477225575051661,0.06433823879642799,0.03333333333333333,0.059937681428386354,0.003857068221974119,77.16694810550854,20,risk_parity__diagonal
2022-03-14,30,diagonal,risk_parity,9.951850607161102,1.0,,0.07475024526514162,0.00011212536789771243,27.537276301944544,29.99999999999999,5.477225575051663,0.058303103076830814,0.033333333333333354,0.05630957275017036,0.0038068845568726825,76.24942922817512,20,risk_parity__diagonal
2022-04-12,30,diagonal,risk_parity,4.6242708349764765,1.0,,0.15724658533742572,0.00023586987800613857,28.697883376185555,29.99999999999999,5.477225575051663,0.04991728902877665,0.033333333333333326,0.057021922933897774,0.020079532542667814,50.82142138643054,20,risk_parity__diagonal
2022-05-12,30,diagonal,risk_parity,4.915624964137031,1.0,,0.15178892294162893,0.00022768338441244343,28.636779591025956,30.000000000000014,5.477225575051662,0.054599986936966154,0.03333333333333336,0.06412741403098668,0.013341734693610429,65.69913337408028,20,risk_parity__diagonal
2022-06-09,30,diagonal,risk_parity,9.773447210128579,1.0,,0.14620328527343388,0.0002193049279101508,27.273561204033275,29.99999999999999,5.477225575051659,0.07333675150319963,0.03333333333333335,0.07014617727262659,0.013423680605930707,62.98184733994054,20,risk_parity__diagonal
2022-07-07,30,diagonal,risk_parity,9.16335202151245,1.0,,0.0947466927438303,0.00014212003911574545,27.282978173790426,29.99999999999999,5.477225575051664,0.06759491572216418,0.03333333333333335,0.0788404995188928,0.005108567355484116,73.34678085921571,20,risk_parity__diagonal
2022-08-04,30,diagonal,risk_parity,8.620620524422765,1.0,,0.10176864754473963,0.00015265297131710945,27.131256661385212,30.000000000000004,5.477225575051664,0.0603820908678905,0.033333333333333354,0.0668464130923076,0.003531603306219051,79.25652412874481,20,risk_parity__diagonal
2022-09-05,30,diagonal,risk_parity,9.74159471734481,1.0,,0.09686566451940398,0.00014529849677910597,27.77330164287208,29.99999999999999,5.477225575051659,0.06011043955378952,0.03333333333333335,0.05695703165975549,0.008780402446906095,72.30977497972339,20,risk_parity__diagonal
2022-10-03,30,diagonal,risk_parity,9.999131499277127,1.0,,0.16085540411901253,0.0002412831061785188,27.4919648470258,29.99999999999999,5.47722557505166,0.0652294097259427,0.03333333333333335,0.04794820087833731,0.022942457622723535,35.85673973768881,20,risk_parity__diagonal
2022-10-31,30,diagonal,risk_parity,6.8308538948581665,1.0,,0.16850915348526233,0.0002527637302278935,28.05032818610631,29.99999999999999,5.477225575051662,0.05824593718686562,0.03333333333333333,0.06481072534798722,0.02010048208244512,57.95530639761499,20,risk_parity__diagonal
2022-11-28,30,diagonal,risk_parity,9.158447188407902,1.0,,0.10695181490908745,0.0001604277223636312,27.325060527667098,29.99999999999999,5.477225575051663,0.06347657893387745,0.03333333333333333,0.07824382899015356,0.015793116160209217,65.21753909222359,20,risk_parity__diagonal
2022-12-26,30,diagonal,risk_parity,10.302451490788913,1.0,,0.0931564569632795,0.00013973468544491925,26.567587740676128,30.000000000000004,5.477225575051661,0.0670313005378201,0.03333333333333336,0.08168054461299418,0.007633394877188477,70.82379748350576,20,risk_parity__diagonal
2023-01-31,30,diagonal,risk_parity,20.819673308035576,1.0,,0.10934187967295825,0.0001640128195094374,25.379787835119913,29.99999999999999,5.477225575051659,0.0913871166982205,0.03333333333333335,0.07034277253294104,0.007925953040084156,72.42368218439994,20,risk_parity__diagonal
2023-02-28,30,diagonal,risk_parity,18.899967201168767,1.0,,0.11575852749152606,0.00017363779123728907,25.554102348802466,29.99999999999999,5.477225575051663,0.08334108542655892,0.03333333333333333,0.05981752074103115,0.005107337493048569,78.20611724811211,20,risk_parity__diagonal
2023-03-28,30,diagonal,risk_parity,11.389913218246395,1.0,,0.10678105787969769,0.00016017158681954654,26.396907972066323,29.99999999999996,5.477225575051659,0.06755957701149251,0.03333333333333333,0.05047715517770657,0.002348511822307386,85.29947639367921,20,risk_parity__diagonal
2023-04-25,30,diagonal,risk_parity,20.810563955964025,1.0,,0.1012767234362641,0.00015191508515439615,25.03818668623272,29.99999999999999,5.47722557505166,0.08598649891965261,0.03333333333333336,0.04348170644347217,0.00199873623113001,85.97592173026815,20,risk_parity__diagonal
2023-05-26,30,diagonal,risk_parity,17.078477226857128,1.0,,0.12454521021669751,0.00018681781532504626,26.629884462790944,29.99999999999999,5.477225575051661,0.07797300216002297,0.033333333333333354,0.037613162702990206,0.002240012658833787,86.6945666218674,20,risk_parity__diagonal
2023-06-23,30,diagonal,risk_parity,10.620404698125657,1.0,,0.17816651731717278,0.0002672497759757592,27.67526929366083,29.99999999999999,5.477225575051659,0.05507343729752386,0.03333333333333335,0.033834037327896756,0.0018807381096079836,85.6684001527965,20,risk_parity__diagonal
2023-07-21,30,diagonal,risk_parity,9.480591546818953,1.0,,0.11824215367864854,0.00017736323051797284,27.931099658942145,29.99999999999999,5.47722557505166,0.05864035138857029,0.03333333333333333,0.03489974350273583,0.006004094008588002,65.91229906550257,20,risk_parity__diagonal
2023-08-18,30,diagonal,risk_parity,7.7594157491415245,1.0,,0.13503278115400286,0.0002025491717310043,28.155528281554403,29.99999999999999,5.477225575051658,0.051857059935658374,0.03333333333333335,0.042360252909458794,0.0031135227592385814,80.14552786495373,20,risk_parity__diagonal
2023-09-19,30,diagonal,risk_parity,6.337600746667962,1.0,,0.1110491252618252,0.0001665736878927378,28.57107905677242,29.99999999999999,5.4772255750516585,0.04501702005106765,0.03333333333333335,0.04489696566606288,0.0072475607477450014,74.66356306188314,20,risk_parity__diagonal
2023-10-17,30,diagonal,risk_parity,7.990479240708317,1.0,,0.06956554559990966,0.0001043483183998645,28.146309460169935,29.999999999999975,5.477225575051663,0.0489360079074226,0.03333333333333334,0.04972353871468943,0.010996170212382021,65.51515355015796,20,risk_parity__diagonal
2023-11-14,30,diagonal,risk_parity,9.524261169095922,1.0,,0.10062948369305132,0.00015094422553957697,27.884091939825602,29.99999999999999,5.477225575051663,0.05496889856066052,0.03333333333333333,0.05485453879688998,0.0036813815131941817,81.88873030883906,20,risk_parity__diagonal
2023-12-12,30,diagonal,risk_parity,9.661046832868834,1.0,,0.06424936112341946,9.637404168512918e-05,27.815647307572462,29.99999999999999,5.4772255750516585,0.055354130947673656,0.03333333333333334,0.05400323724011805,0.002671731254211881,83.48635095855957,20,risk_parity__diagonal
2024-01-10,30,diagonal,risk_parity,5.273757481101776,1.0,,0.10049141293050376,0.00015073711939575564,28.590920500280017,29.99999999999996,5.47722557505166,0.04760509248934086,0.03333333333333333,0.04969876086508641,0.002404761780244689,84.46421014006651,20,risk_parity__diagonal
2024-02-07,30,diagonal,risk_parity,5.11003348524518,1.0,,0.16941319573521718,0.0002541197936028258,28.801221534860357,29.99999999999996,5.477225575051663,0.050200562004949774,0.03333333333333333,0.03733764807605746,0.003805397403255509,77.6474525440241,20,risk_parity__diagonal
2024-03-13,30,diagonal,risk_parity,10.993318227637864,1.0,,0.15358362666765266,0.000230375440001479,28.036028668107654,29.99999999999999,5.4772255750516585,0.06304795392731981,0.03333333333333333,0.038192660579426004,0.003763591967574533,82.38238162576424,20,risk_parity__diagonal
2024-04-10,30,diagonal,risk_parity,37.133458310444986,1.0,,0.14193533577646644,0.00021290300366469967,25.128804731827078,29.99999999999999,5.47722557505166,0.09323243181052246,0.03333333333333336,0.03879708172635685,0.007268022902390418,65.97253852664562,20,risk_parity__diagonal
2024-05-14,30,diagonal,risk_parity,34.95459512115959,1.0,,0.13990369151183554,0.0002098555372677533,25.450197973176326,29.99999999999996,5.4772255750516585,0.09936721603055984,0.03333333333333334,0.04637630975126472,0.0029419543089281948,81.3682321856029,20,risk_parity__diagonal
2024-06-11,30,diagonal,risk_parity,24.560648239511647,1.0,,0.14005276837980957,0.00021007915256971436,25.92316847735724,29.99999999999999,5.477225575051661,0.08902701454684,0.03333333333333333,0.04529427994713317,0.0029516331758582966,78.81669803138604,20,risk_parity__diagonal
2024-07-09,30,diagonal,risk_parity,10.538703176469038,1.0,,0.14903935387120856,0.00022355903080681285,27.683601351129536,30.000000000000014,5.477225575051664,0.062466689878296955,0.033333333333333354,0.046207881909746694,0.005354722920939088,77.85747668761778,20,risk_parity__diagonal
2024-08-06,30,diagonal,risk_parity,11.853706426176663,1.0,,0.12574930375228846,0.00018862395562843268,27.695686298914342,29.99999999999996,5.4772255750516585,0.05607473208748797,0.033333333333333326,0.043477821980874666,0.002558957388642237,82.87117313881119,20,risk_parity__diagonal
2024-09-05,30,diagonal,risk_parity,10.869867347883872,1.0,,0.1484051929884701,0.00022260778948270517,28.19202940967101,29.99999999999999,5.477225575051657,0.05214529323022672,0.03333333333333334,0.043071275322557195,0.0020814322776642508,87.75573632535034,20,risk_parity__diagonal
2024-10-03,30,diagonal,risk_parity,7.865586728588655,1.0,,0.11302535824957466,0.000169538037374362,28.578902248927964,29.99999999999999,5.4772255750516585,0.050327630845960376,0.03333333333333335,0.04121269592016807,0.0015850533983335718,90.0425085581663,20,risk_parity__diagonal
2024-10-31,30,diagonal,risk_parity,8.478066665794957,1.0,,0.12311194815653911,0.0001846679222348087,28.306978731980085,30.000000000000004,5.477225575051665,0.04889144865619803,0.03333333333333336,0.03326433695028217,0.0018449437036755264,91.76919644609907,20,risk_parity__diagonal
2024-11-28,30,diagonal,risk_parity,9.852008723364483,1.0,,0.09548544483870716,0.00014322816725806075,28.069218608675722,29.99999999999996,5.477225575051662,0.051176920522471525,0.033333333333333326,0.030810868165857926,0.002293163892522913,88.31359018308744,20,risk_parity__diagonal
2024-12-26,30,diagonal,risk_parity,14.107798483078907,1.0,,0.1570541263843281,0.00023558118957649218,27.334970794114593,29.99999999999996,5.477225575051659,0.0669947772759481,0.03333333333333334,0.03061057336344228,0.002025589451299442,88.98056945111699,20,risk_parity__diagonal
2025-01-24,30,diagonal,risk_parity,13.065036904268181,1.0,,0.13498572701472053,0.00020247859052208083,26.552868999402623,29.999999999999975,5.477225575051657,0.06195060945768814,0.03333333333333333,0.0302868613422558,0.001158400453047271,92.15394435723015,20,risk_parity__diagonal
2025-02-28,30,diagonal,risk_parity,14.481146775340177,1.0,,0.09408562380470767,0.00014112843570706152,26.796898048633143,29.99999999999999,5.477225575051659,0.06322236677908598,0.033333333333333326,0.030226933816631114,0.002058021141420519,76.10261646585752,20,risk_parity__diagonal
2025-03-28,30,diagonal,risk_parity,11.60829457998844,1.0,,0.22892311906788773,0.0003433846786018316,26.901161607796112,29.999999999999975,5.477225575051658,0.0674071576244346,0.03333333333333333,0.03217906911570623,0.027682572977478167,-58.01660009128145,20,risk_parity__diagonal
2025-04-28,30,diagonal,risk_parity,3.7897130842670745,1.0,,0.20482843874709486,0.0003072426581206423,29.370403224191946,29.99999999999999,5.477225575051659,0.04405216848777123,0.03333333333333333,0.06535265660179258,0.003587868871270794,77.79692937256172,20,risk_parity__diagonal
2025-05-29,30,diagonal,risk_parity,4.252597998814789,1.0,,0.08556706235289144,0.00012835059352933714,29.30460572618859,30.000000000000014,5.477225575051663,0.04482789132694237,0.03333333333333334,0.06810014228723661,0.003209898620253592,79.15125980757094,20,risk_parity__diagonal
2025-06-26,30,diagonal,risk_parity,4.491127072746944,1.0,,0.06854969934610189,0.00010282454901915283,29.148294485569526,29.99999999999996,5.477225575051663,0.04537190230911804,0.03333333333333333,0.0689231485759442,0.0037187496989845074,77.03356305984204,20,risk_parity__diagonal
2025-07-24,30,diagonal,risk_parity,17.944523295927915,1.0,,0.18305851575470364,0.00027458777363205546,27.10292724639631,29.99999999999999,5.477225575051661,0.06508943307142494,0.03333333333333333,0.04030415146669255,0.010594973867025362,38.3261902459771,20,risk_parity__diagonal
2025-08-21,30,diagonal,risk_parity,11.052870256370394,1.0,,0.3165713857938433,0.0004748570786907649,27.598635971880196,29.99999999999999,5.477225575051659,0.06698678329208291,0.03333333333333336,0.05240079612573763,0.008127827901805879,69.33782357139998,20,risk_parity__diagonal
2025-09-22,30,diagonal,risk_parity,11.054740943533691,1.0,,0.14963390618212535,0.000224450859273188,26.786818477317492,30.000000000000014,5.477225575051661,0.06786710466081768,0.033333333333333354,0.057853750299234806,0.009141344636078547,71.2085442115997,20,risk_parity__diagonal
2025-10-20,30,diagonal,risk_parity,14.101840937878254,1.0,,0.1123676125950128,0.0001685514188925192,26.136525986001622,29.99999999999996,5.4772255750516585,0.0740419424244206,0.03333333333333332,0.06248898637077552,0.007120443023583898,72.13294297016706,20,risk_parity__diagonal
2025-11-17,30,diagonal,risk_parity,14.625336761158971,1.0,,0.13957588320891828,0.00020936382481337744,26.84358584266912,29.99999999999999,5.4772255750516585,0.07708555676815924,0.03333333333333334,0.059355122564967465,0.0044709657072727095,71.98838595358214,20,risk_parity__diagonal
2025-12-15,30,diagonal,risk_parity,11.680034658416265,1.0,,0.20167257805672548,0.00030250886708508824,27.73662713432538,29.99999999999999,5.477225575051663,0.05838775671367763,0.033333333333333354,0.05619047469372867,0.009368909204187034,58.95611114200278,20,risk_parity__diagonal
2026-01-14,30,diagonal,risk_parity,11.005288513763796,1.0,,0.29491466427223,0.000442371996408345,27.77815131284295,29.99999999999999,5.477225575051664,0.0578588723877622,0.03333333333333334,0.0596900891490276,0.007557733474635268,68.24561903053329,20,risk_parity__diagonal
2026-02-11,30,diagonal,risk_parity,16.880481104664952,1.0,,0.14111040579502213,0.00021166560869253316,26.374786021553717,29.99999999999996,5.477225575051661,0.0676449113824831,0.033333333333333326,0.06007694843253475,0.013206019976862864,60.75146686681762,20,risk_parity__diagonal
2026-03-18,30,diagonal,risk_parity,18.543014811535716,1.0,,0.11099757758928729,0.00016649636638393093,26.596083497503543,30.000000000000014,5.477225575051663,0.07661362775886257,0.033333333333333354,0.0693802870915676,0.010151812371932087,69.7637587124152,20,risk_parity__diagonal
2026-04-15,30,diagonal,risk_parity,22.294214447257627,1.0,,0.09639150013071013,0.0001445872501960652,26.391581010269313,29.99999999999999,5.477225575051664,0.08639270029616133,0.033333333333333354,0.06814795418780822,0.00502085085769545,75.15659462818279,20,risk_parity__diagonal
2026-05-18,30,diagonal,risk_parity,25.897964766136443,1.0,,0.10161858781154537,0.00015242788171731804,25.927768686209696,29.99999999999999,5.477225575051663,0.09221131594699464,0.033333333333333354,0.06352186327538656,0.0040278106520957885,75.85788850472942,20,risk_parity__diagonal
2026-06-15,30,diagonal,risk_parity,13.894681632329617,1.0,,0.14185160365825278,0.00021277740548737917,26.830169953726518,29.99999999999999,5.477225575051659,0.06413971667651007,0.03333333333333335,0.0530794754751112,0.003179921938693858,81.03707632024026,20,risk_parity__diagonal
2026-07-13,30,diagonal,risk_parity,17.731198515910595,1.0,,0.12859151961863866,0.00019288727942795797,26.67913514801069,29.99999999999999,5.477225575051664,0.06530912603794974,0.03333333333333336,0.04466255788117674,0.009674399423662718,63.163238295276386,9,risk_parity__diagonal
2012-05-02,13,sample,minimum_variance,57.21504473420251,0.0,,1.0,0.0015,5.76868963511313,3.881656334279018,1.6443116185474038,0.2,0.220549548396589,0.200048901307644,0.0023434115470995416,32.42321219850659,20,minimum_variance__sample
2012-05-30,13,sample,minimum_variance,50.197786727881955,0.0,,0.3542684549173201,0.0005314026823759802,5.61705197351445,4.383732660153494,1.5635705219996292,0.2,0.21083712347061864,0.1891737312401583,0.0027335254615584695,36.68236595406121,20,minimum_variance__sample
2012-06-27,13,sample,minimum_variance,114.24741656682295,0.0,,0.23354660151494816,0.0003503199022724222,5.750030532699603,3.3071019423509114,1.7719137015544937,0.2,0.207919104976602,0.11885708417610545,0.001522654596574831,37.93348589163162,20,minimum_variance__sample
2012-07-25,13,sample,minimum_variance,196.4801841799704,0.0,,0.1382254312514395,0.00020733814687715925,5.788483490845943,4.248065739342339,1.8400494370007525,0.2,0.23261653793512252,0.10495104721337666,0.002349768799451847,14.05587323777188,20,minimum_variance__sample
2012-08-22,14,sample,minimum_variance,69.50427208017032,0.0,,0.7096447400282417,0.0010644671100423625,6.286519719827937,3.9848387698804606,1.7486853030520997,0.2,0.19463617455977744,0.12985513817200345,0.005381174697579563,18.88868685008744,20,minimum_variance__sample
2012-09-20,14,sample,minimum_variance,83.26657805398501,0.0,,0.3444809784404294,0.0005167214676606442,6.002106173729911,3.5210137213956596,1.5368727615932845,0.2,0.19418717467466196,0.18422022173230335,0.0022160056111247594,36.82741107160095,20,minimum_variance__sample
2012-10-18,14,sample,minimum_variance,115.24492667207588,0.0,,0.3003764562511191,0.0004505646843766787,5.886651620477857,3.2644713381009987,1.4981329563105668,0.2,0.2051217079740675,0.18287942218377087,0.002419136237617863,35.65667041888591,20,minimum_variance__sample
2012-11-15,14,sample,minimum_variance,67.50936824355847,0.0,,0.12724295749398828,0.00019086443624098242,5.659467439358379,4.889534951107719,1.5826596795846601,0.2,0.2189917350430574,0.16602615883998795,0.002909206130742586,39.510521646334055,20,minimum_variance__sample
2012-12-13,14,sample,minimum_variance,76.45801977179782,0.0,,0.484222945941586,0.000726334418912379,6.4615541162737795,4.609804577400992,1.7785659595643093,0.2,0.20954684649157904,0.10260097454975518,0.002816971010425325,21.86712777773631,20,minimum_variance__sample
2013-01-14,14,sample,minimum_variance,58.36629678917569,0.0,,0.4419145813635151,0.0006628718720452726,6.132816808298322,4.422691942041173,1.9885782306251976,0.19999999999999998,0.23149767005707853,0.1250669224111071,0.0027656127073196427,34.48740355229562,20,minimum_variance__sample
2013-02-18,14,sample,minimum_variance,53.65797576049927,0.0,,0.2841327109892194,0.0004261990664838291,5.787278462348344,3.2802374350222183,1.785286844644978,0.2,0.2166773744528504,0.14089893280787408,0.003650461515830945,32.452934484482256,20,minimum_variance__sample
2013-03-18,14,sample,minimum_variance,81.90686448010126,0.0,,0.19731540773892348,0.0002959731116083852,5.778312028514008,2.8743544842213447,1.6212724004138361,0.2,0.19795434179498406,0.17658155679385662,0.002313155465218153,35.7141505105582,20,minimum_variance__sample
2013-04-15,14,sample,minimum_variance,169.47264443780853,0.0,,0.7043749511889578,0.0010565624267834365,5.799747036687885,1.9743310049285927,1.4200513535131694,0.19999999999999998,0.22473224142385761,0.17783723941795546,0.0027894268579757575,40.12164648153973,20,minimum_variance__sample
2013-05-17,14,sample,minimum_variance,176.82992632051716,0.0,,0.17819178252749518,0.00026728767379124275,5.941601966732287,2.3632451439126405,1.4737594454905871,0.2,0.22022169480694548,0.16196643228306967,0.002519497622854346,35.63968280561656,20,minimum_variance__sample
2013-06-14,14,sample,minimum_variance,85.28145649767117,0.0,,0.36950886095499935,0.000554263291432499,6.411617031598087,2.8844268478638067,1.6641868202376398,0.2,0.18322563982114456,0.13712589146742735,0.0014273819566646888,40.370566263360516,20,minimum_variance__sample
2013-07-12,14,sample,minimum_variance,104.40802289658893,0.0,,0.42919348009533864,0.000643790220143008,5.641955125614361,3.362134403165067,1.9146080605683455,0.2,0.2914581682960288,0.09676543318667835,0.001281143074531893,42.57403855922888,20,minimum_variance__sample
2013-08-09,14,sample,minimum_variance,83.3208005578718,0.0,,0.20020162369623215,0.0003003024355443482,6.232845142726924,2.7207483514288557,2.043655258513822,0.19999999999999998,0.2540376442288026,0.08835070092836157,0.0012962561107951326,40.160297345473026,20,minimum_variance__sample
2013-09-09,14,sample,minimum_variance,149.39318123304773,0.0,,0.49327114867338473,0.0007399067230100771,6.194608433325978,3.8630086689311423,1.9509253240787472,0.19999999999999998,0.2178582845062334,0.07896848575234851,0.0015078464050453134,37.18820046561996,20,minimum_variance__sample
2013-10-08,14,sample,minimum_variance,86.64341437946074,0.0,,0.30403931130229495,0.00045605896695344246,6.040392464679005,4.756601798164163,2.102727679679502,0.19999999999999996,0.21237369404396947,0.07340365165295673,0.0010428352941181896,44.252364423232635,20,minimum_variance__sample
2013-11-05,14,sample,minimum_variance,52.873209036380956,0.0,,0.20256367435874412,0.0003038455115381162,6.135528051357469,3.903034319673473,1.9784127423013103,0.2,0.22238778740847998,0.07573493505650443,0.0009473710927109619,45.349100971287186,20,minimum_variance__sample
2013-12-03,14,sample,minimum_variance,30.551269058962394,0.0,,0.5753933746758884,0.0008630900620138325,6.56327518982057,5.128328144627385,2.3044764397612427,0.20000000000000004,0.22327899539461893,0.05606968941812337,0.0008612522522957201,38.58333016027778,20,minimum_variance__sample
2013-12-31,14,sample,minimum_variance,37.76506748505056,0.0,,0.5608005319799765,0.0008412007979699647,6.280533668748985,5.312925440605519,2.36797420519541,0.2,0.23341100349877889,0.05255614355550455,0.002858426609406189,14.428907035368216,20,minimum_variance__sample
2014-02-07,14,sample,minimum_variance,52.51655614945461,0.0,,0.6004273574073672,0.0009006410361110508,6.364677196082421,7.131921130396105,2.1132048958550707,0.2,0.19276292765143802,0.07256915382607926,0.0026387562059105186,26.838810569506986,20,minimum_variance__sample
2014-03-10,14,sample,minimum_variance,65.51966834129126,0.0,,0.39319557732407906,0.0005897933659861186,6.099146989721046,5.614759119321893,1.918695552297732,0.2,0.22934269250792497,0.10417142508023966,0.0019004051461838276,33.37231303468249,20,minimum_variance__sample
2014-04-07,14,sample,minimum_variance,64.54997320150505,0.0,,0.21575275406012495,0.00032362913109018745,5.652821999376766,5.178021164861742,1.7773289503102303,0.20000000000000007,0.23107232076717107,0.1235104668377234,0.004969858985886722,34.506831053088476,20,minimum_variance__sample
2014-05-09,15,sample,minimum_variance,136.24381594115246,0.0,,0.8870810206683337,0.0013306215310025006,5.77819154565104,2.944477420608878,1.4227467181727294,0.2,0.20645539226325593,0.17574178317782818,0.0031669389696780377,34.52735276942303,20,minimum_variance__sample
2014-06-06,15,sample,minimum_variance,112.17762848906115,0.0,,0.3596547083770524,0.0005394820625655786,5.821633279766616,2.7988642895060742,1.4305251831210593,0.2,0.2144138204963051,0.19226413944720994,0.0044399436048407435,41.85642998597755,20,minimum_variance__sample
2014-07-04,15,sample,minimum_variance,121.55620007316793,0.0,,0.07788363600895146,0.00011682545401342719,5.816711418270304,2.8762914578709275,1.4463998892297687,0.19999999999999996,0.21692366238104593,0.17823191411411837,0.003686213815438141,43.47472827668003,20,minimum_variance__sample
2014-08-01,15,sample,minimum_variance,91.97110052258638,0.0,,0.5697553286983841,0.000854632993047576,6.905458549337315,4.552549545027146,1.8443849322137826,0.19999999999999998,0.19510971495693127,0.1147209351015683,0.001901182868507977,43.65593626095249,20,minimum_variance__sample
2014-08-29,15,sample,minimum_variance,49.42387875087435,0.0,,0.5859717023830986,0.0008789575535746479,7.354944270589522,3.8132819167773224,2.1944624912883257,0.20000000000000007,0.22067763420704042,0.07161081538247323,0.0011070506316425263,41.37163595877641,20,minimum_variance__sample
2014-09-30,16,sample,minimum_variance,131.68463460387844,0.0,,0.5994383228837667,0.0008991574843256502,7.312838881471514,4.759159979827358,2.3328107793140314,0.2,0.2169595294265121,0.07149696060533345,0.0015475477161375952,44.218242965359515,20,minimum_variance__sample
2014-10-28,16,sample,minimum_variance,104.34368797002327,0.0,,0.3658209039917697,0.0005487313559876545,6.169047344305209,5.811597306967184,2.076640437511787,0.2,0.23037292061929096,0.0717525053600262,0.0013431478221140397,42.0788973112432,20,minimum_variance__sample
2014-11-25,16,sample,minimum_variance,47.28519046997389,0.0,,0.5974618797365552,0.0008961928196048328,6.678532674460381,4.243955400965504,1.9696973511765534,0.20000000000000004,0.23051980739236216,0.09090175883457374,0.0029869355196287914,37.73386258265668,20,minimum_variance__sample
2014-12-23,16,sample,minimum_variance,68.95698387637196,0.0,,0.4334613806633049,0.0006501920709949574,6.546559607726769,3.9161370534629034,1.698907662731876,0.19999999999999996,0.20397145638779532,0.11829755983314132,0.0023249288740435628,34.3584175556098,20,minimum_variance__sample
2015-01-22,16,sample,minimum_variance,69.0743137919775,0.0,,0.7608750695225808,0.0011413126042838712,7.063561217315777,3.1344434876861476,1.801196539075732,0.19999999999999998,0.193941197227636,0.13308973906141386,0.003797518189640858,39.24452071774491,20,minimum_variance__sample
2015-02-27,16,sample,minimum_variance,117.50308695443772,0.0,,0.5271822327736396,0.0007907733491604595,5.85701590684946,4.542725483746803,1.5956850662470765,0.2,0.20634688742848994,0.1468931790500722,0.002545083327321196,45.413323253926194,20,minimum_variance__sample
2015-03-27,16,sample,minimum_variance,102.52479717709407,0.0,,0.3136911988927922,0.00047053679833918824,5.966422860318179,5.466103991016941,1.80771770601756,0.2,0.21602079360378013,0.11611730511691185,0.002213028965419064,46.34764894504268,20,minimum_variance__sample
2015-04-24,16,sample,minimum_variance,117.69596654446737,0.0,,0.3881742199453645,0.0005822613299180468,6.472700602430925,4.554828972959709,1.8137300366912332,0.2,0.18090883131019544,0.11652165386266146,0.0023052364186462756,39.12096765692048,20,minimum_variance__sample
2015-05-28,16,sample,minimum_variance,118.93760398747138,0.0,,0.8566105465999259,0.0012849158198998888,5.998868503636354,2.757345020763746,1.6617056984323284,0.2,0.21706452165945656,0.11726527003659461,0.0018122542192028348,31.892365353041,20,minimum_variance__sample
2015-06-25,16,sample,minimum_variance,76.58362046166856,0.0,,0.47994112420993723,0.0007199116863149058,7.0238638337081385,3.143685287891392,1.867874073375718,0.2,0.20099198614020827,0.1308050228674122,0.0036562168942445928,32.8786088196531,20,minimum_variance__sample
2015-07-23,16,sample,minimum_variance,80.33473809468761,0.0,,0.4529698444648733,0.0006794547666973099,6.361324375063451,3.926700477384341,1.8470988883555706,0.2,0.20472015248162478,0.1370415332281307,0.002301006429819535,40.015322977575856,20,minimum_variance__sample
2015-08-20,16,sample,minimum_variance,99.83589196836266,0.0,,0.38347385024416203,0.000575210775366243,6.234355125569999,5.051927367722029,1.8847900862113358,0.2,0.20093732498803754,0.13090018321148447,0.004731876839373564,33.870775835807194,20,minimum_variance__sample
2015-09-18,16,sample,minimum_variance,143.26474676146495,0.0,,0.22423668463225094,0.0003363550269483764,6.544036432276121,2.498750118424271,1.5335473931119112,0.2,0.21414781278618422,0.17195750353801806,0.003710625355573974,44.417222826224936,20,minimum_variance__sample
2015-10-16,16,sample,minimum_variance,181.12677637511896,0.0,,0.5787754619661964,0.0008681631929492946,5.5809707667563515,2.8521506530603946,1.4412686044812695,0.2,0.22169028832955456,0.16608156740918303,0.003588830961623449,40.37435969556203,20,minimum_variance__sample
2015-11-13,16,sample,minimum_variance,79.33530898087295,0.0,,0.24445332856042268,0.00036667999284063405,6.200104507505687,2.40592156738373,1.5523134668748102,0.2,0.19891685321927607,0.1607454394888506,0.0021284263532631944,44.49724540456402,20,minimum_variance__sample
2015-12-11,16,sample,minimum_variance,62.908345152319995,0.0,,0.8068832424926904,0.0012103248637390356,5.8141384463378545,4.131184589040745,1.8616149219065414,0.19999999999999998,0.22551555461477257,0.08941293151428668,0.0018976795316577855,27.67351077065903,20,minimum_variance__sample
2016-01-11,16,sample,minimum_variance,60.480731030541214,0.0,,0.42761522406012525,0.0006414228360901879,6.885564093065022,5.937655580864894,2.163429155019972,0.2,0.18742604949119376,0.09736361605084858,0.004893712389726506,35.80373001243815,20,minimum_variance__sample
2016-02-15,16,sample,minimum_variance,140.84872441475827,0.0,,0.6958649787667346,0.0010437974681501018,6.280403337456212,3.9505958527961615,1.7777001032619604,0.2,0.22916644255940338,0.1300747821132044,0.0021401291326705743,39.028652897964186,20,minimum_variance__sample
2016-03-14,16,sample,minimum_variance,132.39422686974567,0.0,,0.2786018660788435,0.00041790279911826526,5.98338865427346,3.9663176929763546,1.8127796829685157,0.20000000000000007,0.22807292027671514,0.1254362023052457,0.002516447141258487,44.80858708113068,20,minimum_variance__sample
2016-04-11,16,sample,minimum_variance,111.68511688135948,0.0,,0.14406324829145734,0.000216094872437186,5.575775397038755,4.47665878237912,1.7762725923857292,0.2,0.22634500527277357,0.11990582163483701,0.002207640170873589,38.46227230420727,20,minimum_variance__sample
2016-05-12,16,sample,minimum_variance,55.85510127528593,0.0,,0.7348092854245553,0.001102213928136833,7.999930602295092,4.436410830210178,2.190640001902113,0.2,0.20368687662864318,0.09306182754406866,0.0012213284463240067,44.116197248316155,20,minimum_variance__sample
2016-06-09,16,sample,minimum_variance,70.50877416092706,0.0,,0.4440665475103266,0.0006660998212654899,6.860213106033939,6.776255713930328,2.298307110881677,0.2,0.20297435955510978,0.08017947643782687,0.0017575459853408197,39.91006582468575,20,minimum_variance__sample
2016-07-07,16,sample,minimum_variance,43.80820227486112,0.0,,0.3941315392550593,0.0005911973088825889,6.6319777111205624,5.598182660996893,2.292338979553743,0.2,0.21156316184904986,0.08619474865640071,0.0016314743938803918,40.711695765729225,20,minimum_variance__sample
2016-08-04,16,sample,minimum_variance,69.55201569301636,0.0,,0.3870523780924242,0.0005805785671386364,5.993528726676112,5.68260699512453,1.9582748511811696,0.2,0.2197940073447789,0.0930441885639931,0.0016470039076974241,40.11926271782961,20,minimum_variance__sample
2016-09-01,16,sample,minimum_variance,121.97542663060936,0.0,,0.3940196955552807,0.000591029543332921,7.026873776620282,5.497949464447857,2.000575600770897,0.20000000000000004,0.21178395111128737,0.09811987163975901,0.0017647468806213772,38.474420956885844,20,minimum_variance__sample
2016-09-30,16,sample,minimum_variance,78.39095807249973,0.0,,0.22395548553272127,0.0003359332282990819,6.731548310872184,4.517693741897217,2.166931710066578,0.2,0.21514234816740543,0.09679753439161129,0.0018539961038118052,43.38625191982142,20,minimum_variance__sample
2016-10-28,16,sample,minimum_variance,105.02400606969034,0.0,,0.3941976312652621,0.0005912964468978931,7.848123199232637,3.8859231651065316,2.4555600510834097,0.19999999999999996,0.21967252742551505,0.08157068316608845,0.0011697691873127675,44.93347046156115,20,minimum_variance__sample
2016-11-25,16,sample,minimum_variance,72.78115525977313,0.0,,0.6616258718523338,0.0009924388077785008,6.663486220683714,5.089521446567433,2.1711706376366635,0.2,0.23419798000894052,0.08056349237012123,0.0013929778812995816,38.488086663284165,20,minimum_variance__sample
2016-12-23,16,sample,minimum_variance,82.45474510125763,0.0,,0.5284148066824871,0.0007926222100237307,7.0284713125326,2.9537751331933544,1.7953512156555926,0.19999999999999996,0.23469059562124978,0.09650868147471989,0.002459075702284286,32.808632162201135,20,minimum_variance__sample
2017-01-23,16,sample,minimum_variance,42.99251506889937,0.0,,0.6486321965380093,0.0009729482948070139,6.411606562042145,5.300983898568107,2.0053173444129575,0.2,0.18791060577674132,0.09429726111794257,0.0013263613117244155,43.38619284170284,20,minimum_variance__sample
2017-02-27,16,sample,minimum_variance,30.86176105136959,0.0,,0.2377012540743047,0.00035655188111145705,6.920007548275631,5.805891694660369,2.303631453125027,0.20000000000000004,0.19747310644493726,0.09209998012475504,0.0012957609192583792,44.36621164672889,20,minimum_variance__sample
2017-03-27,17,sample,minimum_variance,40.611472647651915,0.0,,0.8760909663086887,0.001314136449463033,8.906941333774743,10.368896576703834,2.879688032583592,0.2,0.18575344978479968,0.07227856031184444,0.001956337678716277,44.197077025530994,20,minimum_variance__sample
2017-04-25,18,sample,minimum_variance,34.80717886541968,0.0,,0.8170994722961737,0.0012256492084442606,7.968951484522828,7.856591744941774,2.693297570628494,0.2,0.19908841844928626,0.07106715693828501,0.0023779278590173583,40.81421526310153,20,minimum_variance__sample
2017-05-25,19,sample,minimum_variance,67.65706324444938,0.0,,0.5424427081168687,0.000813664062175303,8.387928875944914,10.31162216016138,2.7528466346124265,0.19248282884652185,0.1916543297010659,0.07414557595132729,0.0015090412290477218,49.17911226651725,20,minimum_variance__sample
2017-06-22,19,sample,minimum_variance,46.01994230384732,0.0,,0.4022782194195807,0.000603417329129371,7.52902611956258,9.320306999497365,2.968989335578338,0.2,0.20927586807154067,0.062068371250295705,0.0016410671093166653,55.54779598483525,20,minimum_variance__sample
2017-07-20,20,sample,minimum_variance,50.64139725191821,0.0,,0.3835415936937453,0.000575312390540618,7.426584112357441,8.26914956679473,3.3509977717522736,0.2,0.21173474210463814,0.05299981054442948,0.001927220053452538,54.01346914681211,20,minimum_variance__sample
2017-08-17,20,sample,minimum_variance,80.94806803607156,0.0,,0.5096612211960024,0.0007644918317940036,7.6221953356688665,5.873861453541415,2.30594941111961,0.2,0.20070455795246228,0.0751877857305665,0.0014885941687144421,54.38844922044089,20,minimum_variance__sample
2017-09-15,20,sample,minimum_variance,139.03098633096403,0.0,,0.509373621034996,0.0007640604315524939,7.3334130989960915,6.369890008934597,2.032966046089912,0.2,0.19648292377599008,0.08199517467521966,0.0017425948240004255,46.198713321752095,20,minimum_variance__sample
2017-10-13,20,sample,minimum_variance,68.48440033035192,0.0,,0.854010032986879,0.0012810150494803184,7.844776744246733,6.282949339423523,2.171290403365358,0.2,0.19182062664527955,0.07696438937330914,0.0017458367423370477,45.46670404561232,20,minimum_variance__sample
2017-11-10,21,sample,minimum_variance,46.434353829264765,0.0,,0.8353372507548246,0.0012530058761322368,9.759810214649852,7.230880815809355,2.8073691704074317,0.15548579151067626,0.15601771668103548,0.07733006329685982,0.0034146502831975418,34.56677792194881,20,minimum_variance__sample
2017-12-08,21,sample,minimum_variance,43.0094956504404,0.0,,1.0459806823327826,0.001568971023499174,8.622146973059598,4.170048408489308,2.7095032059263313,0.1883434741136794,0.1882674820303027,0.10640415633105162,0.004146132912595198,46.89224808359504,20,minimum_variance__sample
2018-01-08,22,sample,minimum_variance,67.15828685497057,0.0,,0.6978554221337929,0.0010467831332006893,6.845416333926255,7.121278699729298,2.5960353910268825,0.19703556020388344,0.19700884929986187,0.11653927836788043,0.012247191558790838,25.246919196090545,20,minimum_variance__sample
2018-02-07,23,sample,minimum_variance,120.43600733437175,0.0,,1.0112850349925382,0.0015169275524888073,6.78760846210699,4.742201781928461,1.9823641442893372,0.2,0.19654235088691974,0.18240432025642153,0.005685021568880531,47.78766766718624,20,minimum_variance__sample
2018-03-14,23,sample,minimum_variance,142.7213579068896,0.0,,0.45719659349890157,0.0006857948902483523,7.009883990775643,4.768664600741561,1.9548481553547685,0.2,0.19637683479387655,0.19783907306816212,0.006466955452877201,56.007686441271176,20,minimum_variance__sample
2018-04-11,24,sample,minimum_variance,193.56355796792604,0.0,,0.3018271872082402,0.0004527407808123603,6.879775905486065,5.039992546793455,1.956328192152813,0.2,0.186625108938831,0.1927215448741303,0.010376262660576814,44.824745005788245,20,minimum_variance__sample
2018-05-14,25,sample,minimum_variance,312.07463472377077,0.0,,1.0836658266538124,0.0016254987399807184,6.67187350456499,6.3155909074945376,2.154845265422632,0.2,0.2287957694145055,0.16567392975633163,0.01100003370217592,47.433398375566966,20,minimum_variance__sample
2018-06-11,26,sample,minimum_variance,648.3854791878136,0.0,,0.9497287108016355,0.0014245930662024533,6.23305253700875,5.279837296638061,2.26969881736706,0.2,0.2171354285493414,0.19696138476959316,0.0071518340166761,57.28727558828492,20,minimum_variance__sample
2018-07-09,27,sample,minimum_variance,950.4122494831844,0.0,,0.5206229456380613,0.000780934418457092,5.737384366688529,3.9303870645820607,2.033260458358828,0.19999999999999998,0.20869931996032362,0.20649629455299112,0.012861486239418863,52.16256846399959,20,minimum_variance__sample
2018-08-06,28,sample,minimum_variance,1138.0996387272921,0.0,,0.42718005135078185,0.0006407700770261728,5.71106073523609,7.223053084001591,2.427224192483648,0.2,0.20363928488657623,0.15317868172078547,0.012115015424650169,64.8588391800578,20,minimum_variance__sample
2018-09-04,29,sample,minimum_variance,503.0720739224109,0.0,,0.3099007352098664,0.0004648511028147996,5.973404036803481,7.780482495039848,2.2473893209745928,0.2,0.19976839066000365,0.12538110735320948,0.008132419151508093,71.12815644606162,20,minimum_variance__sample
2018-10-02,29,sample,minimum_variance,229.55144402107493,0.0,,0.5139554878282144,0.0007709332317423216,7.0795641754472625,10.310307534004595,3.190412293479062,0.2,0.18727247443022932,0.08158430569116701,0.008314620997315213,61.05509496491227,20,minimum_variance__sample
2018-10-30,29,sample,minimum_variance,333.0210021308287,0.0,,0.7310174602292171,0.0010965261903438256,6.1816845087314425,3.859943416556906,1.8728191632418114,0.2,0.22881691705908289,0.12547822276588305,0.0038984107469365653,62.152602550354885,20,minimum_variance__sample
2018-11-27,29,sample,minimum_variance,399.46873849894615,0.0,,0.5350704336237619,0.0008026056504356429,6.893145550525189,3.574134116082153,1.8473119519042795,0.19999999999999998,0.2263598167387055,0.13542196556846725,0.0035062692207261177,73.55668022408472,20,minimum_variance__sample
2018-12-25,29,sample,minimum_variance,420.2243740064178,0.0,,0.4579475721861258,0.0006869213582791887,5.7031292039536705,4.774158481621654,1.8117615887387308,0.20000000000000007,0.21418475962024647,0.133302792981739,0.00507529553167129,60.36309158948809,20,minimum_variance__sample
2019-01-24,29,sample,minimum_variance,382.5366895718319,0.0,,0.37841271003745325,0.0005676190650561798,6.531064796247378,5.9398054800182045,2.659609052598155,0.19999999999999998,0.20888726289882908,0.10078369478086625,0.0034391527253932264,69.5786076433553,20,minimum_variance__sample
2019-02-28,29,sample,minimum_variance,240.1315581131362,0.0,,0.41128659575981574,0.0006169298936397236,6.725259455945619,5.127311410200046,2.5081872595275967,0.2,0.2000789374379561,0.10595651600368403,0.002570896609755791,76.05760300397992,20,minimum_variance__sample
2019-03-28,29,sample,minimum_variance,200.19432310427075,0.0,,0.5757421285472797,0.0008636131928209196,7.940750866835928,5.434893899799759,2.4626968728459087,0.19999999999999998,0.19691733274352669,0.10201567626673261,0.002683269177922234,77.37665724322032,20,minimum_variance__sample
2019-04-26,29,sample,minimum_variance,289.70835727765643,0.0,,0.7387143811271302,0.0011080715716906954,9.443647014297625,6.286901209450776,2.367017682474414,0.19999999999999998,0.1677759617488254,0.09584994485758226,0.002293297627073938,73.53304981192045,20,minimum_variance__sample
2019-05-29,29,sample,minimum_variance,202.53119199202624,0.0,,1.0590739382675647,0.001588610907401347,7.833585227713407,2.6698228094608054,2.1011062406073746,0.2,0.22486831049707365,0.08803852058060731,0.0017607008263076799,77.7874237704616,20,minimum_variance__sample
2019-06-26,29,sample,minimum_variance,231.26380178303697,0.0,,0.667974093287305,0.0010019611399309574,7.89160971721533,4.272372132899215,2.1570349001439757,0.20000000000000004,0.20135084818660964,0.07751981163357877,0.001879059631747281,64.68254780649342,20,minimum_variance__sample
2019-07-24,29,sample,minimum_variance,240.25511387459352,0.0,,0.611966225626075,0.0009179493384391126,7.6273365249053615,4.8283862111913605,2.1490730643726175,0.16200706949593183,0.16193832227938038,0.08294311406231564,0.002699399376711845,58.80944082469291,20,minimum_variance__sample
2019-08-21,29,sample,minimum_variance,121.67324372945781,0.0,,0.9456751258336582,0.0014185126887504874,8.624809079484239,5.2257102958971515,2.4917957324196967,0.1690289681263433,0.16762425935949404,0.07574994513018156,0.0017177206204108868,76.77250059236934,20,minimum_variance__sample
2019-09-19,29,sample,minimum_variance,129.89474068046326,0.0,,0.5769777191304101,0.0008654665786956151,9.354762737829034,5.650243594420051,2.5925871021228892,0.20000000000000004,0.15394456831060468,0.07002555712467226,0.001717090067361911,81.7444195631314,20,minimum_variance__sample
2019-10-17,29,sample,minimum_variance,117.72483696196109,0.0,,0.6853220968262492,0.0010279831452393738,7.7412266513655466,8.510996748139172,2.832656038901097,0.19999999999999998,0.19274766638434712,0.059451581098196496,0.0013267278082380416,84.52501843495949,20,minimum_variance__sample
2019-11-14,29,sample,minimum_variance,134.0603575832662,0.0,,0.4245751588636247,0.000636862738295437,9.085529705653872,6.47204401058141,2.673334989549097,0.2,0.19132133707436524,0.059134968325643036,0.002324823297202914,67.8578624940246,20,minimum_variance__sample
2019-12-12,29,sample,minimum_variance,213.7930852208595,0.0,,0.8806628676559755,0.0013209943014839633,7.006968944030191,13.236242732014007,2.6444907581389203,0.2,0.20723262334903014,0.053026527982412947,0.002199774628850011,67.2288746890672,20,minimum_variance__sample
2020-01-10,29,sample,minimum_variance,293.1357185269599,0.0,,0.47722866163599426,0.0007158429924539913,6.543341158101262,8.894150592256103,2.437645768832447,0.19999999999999993,0.20880166656792346,0.05728555718238263,0.006167958162393333,15.314046470118445,20,minimum_variance__sample
2020-02-14,29,sample,minimum_variance,489.41543707179096,0.0,,0.928601031614871,0.0013929015474223065,6.365079472898882,4.981200172684724,1.8838568280107448,0.19999999999999996,0.2569613628100916,0.09708157215118975,0.016824887936392512,-19.91159088087731,20,minimum_variance__sample
2020-03-13,29,sample,minimum_variance,542.0845494075832,0.0,,0.6766679074428413,0.001015001861164262,7.442916434488133,2.813340237581932,1.6592713634455476,0.19999999999999998,0.17030205939006,0.1924149813192744,0.02122736331500556,5.925357989616149,20,minimum_variance__sample
2020-04-13,29,sample,minimum_variance,907.9134436093838,0.0,,0.641302458084288,0.0009619536871264319,5.934269949688696,2.722538930585316,1.647239284702257,0.19999999999999996,0.20795327925124363,0.2681645494415217,0.010711522051196206,55.19250615306373,20,minimum_variance__sample
2020-05-13,29,sample,minimum_variance,852.2719244594886,0.0,,0.15989651012726383,0.00023984476519089574,6.069626448576948,2.3245324830573884,1.6431715839612544,0.2,0.1995264814371757,0.2837302114538549,0.015587450484053286,68.84885370371542,20,minimum_variance__sample
2020-06-10,29,sample,minimum_variance,844.4019640431566,0.0,,0.3345236334878321,0.0005017854502317482,6.098559333967647,2.644841513518333,1.7389143875264783,0.19999999999999998,0.22326035942594447,0.22982467553114486,0.007013751459303155,74.12206447851379,20,minimum_variance__sample
2020-07-08,29,sample,minimum_variance,506.36801677361166,0.0,,1.0095403907279688,0.0015143105860919532,6.003922148018043,2.710387303235854,1.5405171142250038,0.19999999999999996,0.1870219099636205,0.17501792964332624,0.009326192068090497,73.38533758104698,20,minimum_variance__sample
2020-08-05,29,sample,minimum_variance,713.9936417637923,0.0,,0.5805769307154064,0.0008708653960731096,5.6826384163045836,2.587669315497334,1.4089174761791727,0.2,0.20805738975838275,0.2046329272312208,0.008339479391195113,70.81732370634778,20,minimum_variance__sample
2020-09-03,29,sample,minimum_variance,742.4509559547183,0.0,,0.23734915094908385,0.00035602372642362575,5.87554833595674,2.173602586062284,1.3640008877164318,0.2,0.20963812652960817,0.2133131727038487,0.007487239231746363,74.19301416270153,20,minimum_variance__sample
2020-10-01,29,sample,minimum_variance,457.18349649862625,0.0,,0.5464933574613823,0.0008197400361920733,6.7832301436020765,2.5367664263685255,1.508965045493097,0.2,0.20981607068615651,0.1773555087087013,0.004798751310585657,54.00740231028506,20,minimum_variance__sample
2020-10-29,29,sample,minimum_variance,163.3885806697785,0.0,,1.0176242611554778,0.0015264363917332168,7.542194229841821,8.104569081173372,2.391364645508554,0.1980674155110736,0.19807141420945962,0.08049115687677777,0.002547334772684802,56.51782633586272,20,minimum_variance__sample
2020-11-26,28,sample,minimum_variance,254.62225784734665,0.0,,0.7809172723073221,0.0011713759084609832,7.3974265874574465,7.55352061049953,2.339876811598766,0.2,0.20168860362951704,0.09274949510773724,0.0036763351322886685,51.7137930961537,20,minimum_variance__sample
2020-12-24,28,sample,minimum_variance,330.72538726869516,0.0,,0.7620737952935395,0.0011431106929403092,7.315547071260149,5.984159016875637,2.459609064931624,0.2,0.207164701521584,0.10025484574918468,0.006600980269898371,47.31767258182919,20,minimum_variance__sample
2021-01-22,28,sample,minimum_variance,328.54758682360205,0.0,,0.9836016492879176,0.0014754024739318764,7.180854726340494,3.943466650784981,1.940098053421824,0.2,0.1949130445698659,0.14884705693209135,0.020571400008430465,29.663093958231833,20,minimum_variance__sample
2021-02-26,29,sample,minimum_variance,870.5036884827233,0.0,,0.9767165726452701,0.0014650748589679053,7.097960626176442,2.2726481405569654,1.410769256953211,0.19999999999999998,0.20613828578238821,0.26010554838495614,0.010235756983509465,74.0511777764785,20,minimum_variance__sample
2021-03-26,29,sample,minimum_variance,1004.4104521622514,0.0,,0.26472604166195024,0.0003970890624929253,5.998712679567477,2.3638453425550114,1.3458549048225654,0.19999999999999996,0.20780983744023596,0.252778163950041,0.0071357162296573195,59.69850327656067,20,minimum_variance__sample
2021-04-26,29,sample,minimum_variance,692.6638807394246,0.0,,0.3551073263368442,0.0005326609895052664,6.085550346159049,2.345967386233399,1.4175099942671208,0.2,0.204695475531357,0.23435553798000414,0.009544843714602206,47.18292787825891,20,minimum_variance__sample
2021-05-26,29,sample,minimum_variance,215.9647774128974,0.0,,0.9126707824002852,0.0013690061736004277,6.884358557043285,4.5337211587534325,2.1582183264744823,0.19999999999999996,0.20499270976539324,0.11335345458630773,0.00768744445670475,49.11731043316705,20,minimum_variance__sample
2021-06-23,30,sample,minimum_variance,262.10471941968586,0.0,,0.4393614897641729,0.0006590422346462593,7.823777535346267,8.820143931731543,2.6359358987741475,0.2,0.1729093551976919,0.10559223816537226,0.011785977039430665,56.22474499670609,20,minimum_variance__sample
2021-07-21,30,sample,minimum_variance,447.78814638811457,0.0,,0.8108228863062831,0.0012162343294594247,7.0457787248502175,8.63552208187372,2.1387927710721213,0.20000000000000007,0.16911215486306957,0.13539204451781747,0.007264123658734682,78.07585467391212,20,minimum_variance__sample
2021-08-18,30,sample,minimum_variance,584.5488475512483,0.0,,0.417593915304997,0.0006263908729574955,5.971878208103731,7.6561122055829625,2.126854800711913,0.2,0.1965712304834498,0.12195862684022174,0.006665867902282381,68.19533952022326,20,minimum_variance__sample
2021-09-17,30,sample,minimum_variance,362.56599658220887,0.0,,0.5361409097402602,0.0008042113646103904,6.600482697806733,6.197391270293395,1.7665431200231163,0.2,0.1996668171911306,0.14155455704489878,0.006573093201507424,74.3980398677763,20,minimum_variance__sample
2021-10-15,30,sample,minimum_variance,523.3525819232375,0.0,,0.5798279219351697,0.0008697418829027546,6.583675289539939,5.889814458399263,2.2139217548236716,0.2,0.21541679656354037,0.0924378546430122,0.002977390244953398,65.4380770408305,20,minimum_variance__sample
2021-11-12,30,sample,minimum_variance,316.42424388607327,0.0,,0.4851068681234188,0.0007276603021851282,6.41637831219565,5.201880462410337,2.0966029785432645,0.20000000000000004,0.19449080005918892,0.09334952794954063,0.005424448836013555,49.32095907717574,20,minimum_variance__sample
2021-12-10,30,sample,minimum_variance,430.768603990115,0.0,,0.9408321283428364,0.0014112481925142545,6.868734225442322,7.3413641370512615,2.116234833592784,0.2,0.20937011324015575,0.10033291538128458,0.003523088117970367,59.149475610877175,20,minimum_variance__sample
2022-01-10,30,sample,minimum_variance,380.05978590187493,0.0,,0.43513326763654486,0.0006526999014548173,6.651153830026979,6.752364144440968,1.8086384096232286,0.2,0.21034200123570648,0.11250406404449868,0.007928314395294766,42.93988552447746,20,minimum_variance__sample
2022-02-14,30,sample,minimum_variance,472.164372163933,0.0,,0.5768253389950336,0.0008652380084925504,7.306361560518811,9.85530631183359,2.3532967170502026,0.2,0.17149133796377444,0.1084789445417009,0.00507673828470569,73.0115535739068,20,minimum_variance__sample
2022-03-14,30,sample,minimum_variance,286.3955746158262,0.0,,0.48155000092984557,0.0007223250013947683,6.7369151046650195,9.423821615839746,2.551281219134354,0.2,0.18522826474117057,0.09329303645871104,0.0037650615670621543,67.53065554236676,20,minimum_variance__sample
2022-04-12,30,sample,minimum_variance,448.1668776662658,0.0,,0.708921320898808,0.001063381981348212,7.756187680623003,11.241821685839561,2.6936853714921924,0.19766922785391505,0.19768520215537877,0.09843776301603945,0.016280548014435132,31.100200378119194,20,minimum_variance__sample
2022-05-12,30,sample,minimum_variance,426.09676286276715,0.0,,0.7916742112917662,0.0011875113169376491,6.351204104441177,5.320853709397297,1.6207995697705826,0.2,0.20934450154572706,0.16601643709953443,0.007023700194371981,63.64601271885118,20,minimum_variance__sample
2022-06-09,30,sample,minimum_variance,804.0304966261981,0.0,,0.482780928545417,0.0007241713928181255,5.582538303970639,4.654581769631164,1.560476072423732,0.19999999999999998,0.22340013191663546,0.16323482781471702,0.006740629341241791,50.25906168279556,20,minimum_variance__sample
2022-07-07,30,sample,minimum_variance,784.4743534562824,0.0,,0.1657759461681847,0.00024866391925227704,5.441293019591181,6.709662177113488,1.474096004904911,0.2,0.21944397556048828,0.18684318875215208,0.012372688785069778,77.37561538356921,20,minimum_variance__sample
2022-08-04,30,sample,minimum_variance,607.1044461713336,0.0,,0.33741491359765624,0.0005061223703964843,5.710356650967727,9.53796315681806,1.6886972978488075,0.2,0.2307435931515975,0.13894204682181996,0.009141182440617441,82.2007034622739,20,minimum_variance__sample
2022-09-05,30,sample,minimum_variance,721.4622415278303,0.0,,0.42639220192654786,0.0006395883028898218,7.080463707355535,6.5221835088041775,1.941386262404366,0.19999999999999996,0.19825830041515516,0.12522191298803256,0.004468578305356394,71.5584277440553,20,minimum_variance__sample
2022-10-03,30,sample,minimum_variance,502.0769948368157,0.0,,0.7150289097794573,0.001072543364669186,7.345506979871581,4.406965499113496,1.834577110998092,0.2,0.20529680235638012,0.10737660966279103,0.019102928229163808,-5.343655542024681,20,minimum_variance__sample
2022-10-31,30,sample,minimum_variance,699.099318523219,0.0,,0.6855577838271839,0.001028336675740776,6.480232344457111,3.9964450408238714,1.6818084802014879,0.2,0.19668588119687141,0.15653358005595214,0.011528961986838481,33.45789039504382,20,minimum_variance__sample
2022-11-28,30,sample,minimum_variance,1071.6296228727856,0.0,,0.26392494359710805,0.0003958874153956621,5.950893963891998,5.488659271214057,1.6638165212187204,0.2,0.20568518700814561,0.17643049842224012,0.007446522412770757,56.519652485140895,20,minimum_variance__sample
2022-12-26,30,sample,minimum_variance,753.7220519124988,0.0,,0.1614723196780812,0.0002422084795171218,5.443417317389834,5.645529497637047,1.690336148514002,0.2,0.21498855982356568,0.166225618889736,0.014181402067280873,76.95121137350661,20,minimum_variance__sample
2023-01-31,30,sample,minimum_variance,1069.9107870619375,0.0,,0.29917401149494127,0.000448761017242412,5.7848644627128865,8.451386304645306,1.7985838308281714,0.19999999999999996,0.21717670955661797,0.13549239672927738,0.007720581473761812,69.78927674298023,20,minimum_variance__sample
2023-02-28,30,sample,minimum_variance,646.2567020089307,0.0,,0.30842132836427877,0.0004626319925464181,5.883415351870504,5.170566057780625,1.6614091827857693,0.2,0.22512943629108212,0.12559533773169687,0.006267577003928698,82.21740065561781,20,minimum_variance__sample
2023-03-28,30,sample,minimum_variance,965.4840644592517,0.0,,0.323301884095743,0.0004849528261436145,6.061157730679772,3.9195090648751325,1.574360586279516,0.2,0.18478468068123777,0.11519666455036394,0.005294394022753411,80.43049421397379,20,minimum_variance__sample
2023-04-25,30,sample,minimum_variance,522.457162623967,0.0,,0.20761558673633213,0.0003114233801044982,6.548668651002133,4.763679285054986,1.6584669299019128,0.19999999999999998,0.17025599481417475,0.08902635484561505,0.003745437261752985,76.80303257224881,20,minimum_variance__sample
2023-05-26,30,sample,minimum_variance,274.4490368075037,0.0,,0.5289451629182026,0.0007934177443773039,6.126668078890607,6.073474029778598,1.9269261534602615,0.2,0.2104317151495011,0.07411079371340512,0.001652329208624916,79.11457933637294,20,minimum_variance__sample
2023-06-23,30,sample,minimum_variance,248.086458696063,0.0,,1.009009648451372,0.001513514472677058,7.318728843422152,7.848371487655542,2.424343007969981,0.20000000000000004,0.19828341319507764,0.05790444254125134,0.0015955186793610626,70.17306365841804,20,minimum_variance__sample
2023-07-21,30,sample,minimum_variance,185.7498594028006,0.0,,0.48676208211466926,0.0007301431231720039,8.783144509157347,6.92288239481092,2.587790876824662,0.2,0.18721967380456936,0.0571691467032048,0.005171679343763088,41.71133863656101,20,minimum_variance__sample
2023-08-18,30,sample,minimum_variance,236.37748073612218,0.0,,0.9343231101313628,0.0014014846651970443,7.432560223022081,7.553659035075532,2.2876378682410574,0.19999999999999998,0.20680658903024932,0.0794141941102631,0.0023340040048972673,70.00258591680199,20,minimum_variance__sample
2023-09-19,30,sample,minimum_variance,261.19694573646285,0.0,,0.6227362315940991,0.0009341043473911487,6.98110975989028,6.593010943623397,2.086312405970955,0.2,0.20575678082475232,0.09531160062741327,0.005117376205949224,63.134914812926354,20,minimum_variance__sample
2023-10-17,30,sample,minimum_variance,419.0041295101054,0.0,,0.3164376065665727,0.0004746564098498591,6.965741448519724,5.3156772668660865,1.945719689218528,0.2,0.17843006756778887,0.11142711884637227,0.0071926432564343645,48.465771587210995,20,minimum_variance__sample
2023-11-14,30,sample,minimum_variance,821.1975335262182,0.0,,0.866299476910734,0.0012994492153661009,6.233472275168119,3.6003341871614127,1.6080362096079457,0.2,0.20760838696245146,0.1445695144522562,0.004300555657032113,83.68372978956396,20,minimum_variance__sample
2023-12-12,30,sample,minimum_variance,695.6173628927316,0.0,,0.19171241758435364,0.0002875686263765305,6.212238187316198,3.994554352517221,1.546465884980213,0.19999999999999993,0.19520410149554168,0.14456199928821453,0.006067182455745238,77.56011643713403,20,minimum_variance__sample
2024-01-10,30,sample,minimum_variance,512.0972520100622,0.0,,0.23359062560158972,0.0003503859384023846,6.565512221925859,3.357313557129027,1.5532811681584437,0.2,0.19186658590734335,0.14382173814078375,0.004477556345201831,82.85973297765061,20,minimum_variance__sample
2024-02-07,30,sample,minimum_variance,390.3592723499637,0.0,,0.7868097934198224,0.0011802146901297335,7.819600839113424,3.474047077091839,1.8026811054956426,0.2,0.19339176267389613,0.0948139276576372,0.0027125615199017706,53.68746235203473,20,minimum_variance__sample
2024-03-13,30,sample,minimum_variance,335.08025542280467,0.0,,0.7222760972736033,0.001083414145910405,7.521623013932917,4.275619964218727,2.226972453655127,0.2000000000000001,0.1816360293654065,0.07618962422710264,0.0030674718035008366,67.21275945685878,20,minimum_variance__sample
2024-04-10,30,sample,minimum_variance,280.90958540962237,0.0,,0.5504978098022132,0.0008257467147033198,7.7309739885203985,4.180596735211805,1.9717979558772627,0.2,0.17151665964540738,0.0824904675836919,0.005376863342470304,47.468411508372,20,minimum_variance__sample
2024-05-14,30,sample,minimum_variance,648.8916296090727,0.0,,0.8665047101722219,0.0012997570652583327,6.649680469406492,5.052807826444303,1.6193969401000519,0.2,0.21845749211991067,0.11630313652427772,0.0034045209044035836,77.60376185910079,20,minimum_variance__sample
2024-06-11,30,sample,minimum_variance,607.3995488395359,0.0,,0.690431951039659,0.0010356479265594884,6.8918755849152635,4.046445206098709,1.5196969873439725,0.20000000000000007,0.2021519216157302,0.11107930881339724,0.0029135087076990886,60.708867164990465,20,minimum_variance__sample
2024-07-09,30,sample,minimum_variance,406.5450773997088,0.0,,0.3069216215343958,0.0004603824323015937,5.9231691216849836,4.238724901101242,1.569219911153623,0.19999999999999996,0.2014954489184599,0.1148870771033016,0.0026734088209830857,72.02581437046115,20,minimum_variance__sample
2024-08-06,30,sample,minimum_variance,521.5554479866563,0.0,,0.746126373421407,0.0011191895601321104,6.229457001134254,4.610763861378716,1.7065933987623227,0.2,0.20814938406023978,0.10326240084568077,0.0024702080816811057,68.49955388358822,20,minimum_variance__sample
2024-09-05,30,sample,minimum_variance,468.3840625616854,0.0,,0.7833859944070922,0.0011750789916106382,6.548636737411615,5.767244989115115,1.8666321595730229,0.2,0.20154634689658088,0.1012581858733544,0.0029513764830722006,80.41262283734454,20,minimum_variance__sample
2024-10-03,30,sample,minimum_variance,249.82690120521968,0.0,,0.2242599468557419,0.00033638992028361286,6.057842498731964,4.711003370947607,1.829990872551178,0.2,0.2053512235406667,0.10222033297649544,0.002463510936585098,86.6156092775964,20,minimum_variance__sample
2024-10-31,30,sample,minimum_variance,189.6124608680431,0.0,,0.5568032939008821,0.0008352049408513232,7.844297705029894,4.143081713869234,2.0977926478060867,0.2,0.19892108603832528,0.07491744110292006,0.0012950196544351928,90.1493526746855,20,minimum_variance__sample
2024-11-28,30,sample,minimum_variance,243.93146005813006,0.0,,0.7675830071578879,0.0011513745107368317,7.418525244595485,6.700872643282028,1.9493101644243247,0.2,0.1928634092380795,0.06689484279000109,0.0015637937010762096,87.51200167547803,20,minimum_variance__sample
2024-12-26,30,sample,minimum_variance,388.18566304578417,0.0,,0.7141010256195333,0.0010711515384292998,7.664163465311839,7.103576072852746,2.2848212544130173,0.2,0.17822100021520834,0.06014124240376298,0.0016153155742267178,68.2258628947685,20,minimum_variance__sample
2025-01-24,30,sample,minimum_variance,399.22887206776284,0.0,,0.47506331545686403,0.0007125949731852961,7.612366562936248,6.204052485017633,2.0378985590412855,0.2,0.17666756903739397,0.058075852144261246,0.0015211915239517495,73.32538807469825,20,minimum_variance__sample
2025-02-28,30,sample,minimum_variance,319.72678021172266,0.0,,0.4140087355611761,0.0006210131033417642,6.960546891264251,6.8394931416696645,2.095634139464077,0.2,0.18322608989598752,0.055472962473564605,0.0022243900069202787,25.218620250962513,20,minimum_variance__sample
2025-03-28,30,sample,minimum_variance,143.6189071530471,0.0,,0.9894362620930199,0.00148415439313953,7.355764750876056,10.970638142941615,2.657496720817107,0.19714027444284993,0.1967568545839576,0.05212254854209717,0.026952512361918927,-61.3476714381971,20,minimum_variance__sample
2025-04-28,30,sample,minimum_variance,1015.1370045539128,0.0,,0.8322419649777065,0.00124836294746656,6.38014607498244,2.53796215588252,1.4188141546003246,0.2,0.2188500596876466,0.22378576266434855,0.007985678075647129,69.789339282643,20,minimum_variance__sample
2025-05-29,30,sample,minimum_variance,1181.6225165116243,0.0,,0.7437404207500881,0.0011156106311251321,7.021774322849759,2.4165774912133866,1.4286054257377259,0.2,0.21979878408184267,0.2334044946225945,0.0091774030408626,74.87508630633492,20,minimum_variance__sample
2025-06-26,30,sample,minimum_variance,1097.265780974678,0.0,,0.3005994868154195,0.00045089923022312924,6.881694199647213,2.316787881976579,1.437634421974312,0.2,0.21326862209000572,0.23618488789153586,0.009160737585867476,68.33995049293658,20,minimum_variance__sample
2025-07-24,30,sample,minimum_variance,244.15984364475068,0.0,,1.0724474036590292,0.0016086711054885438,9.22065434214848,7.125293992717432,2.243317475359379,0.19999999999999998,0.18565881245830174,0.08345845050592714,0.009773628007334743,-7.065867295481343,20,minimum_variance__sample
2025-08-21,30,sample,minimum_variance,645.2172321431576,0.0,,1.0155213581320222,0.0015232820371980332,8.415640396959075,5.061112194704742,2.0149588158455285,0.2,0.2036932362211154,0.11406606032938194,0.005766522812842398,48.97543340073551,20,minimum_variance__sample
2025-09-22,30,sample,minimum_variance,354.24413152293,0.0,,0.5987934819095938,0.0008981902228643907,7.466801292075129,5.700661613639024,1.6865292645921808,0.2,0.17343221585384908,0.13589344110406285,0.005229453433163833,73.85226094412506,20,minimum_variance__sample
2025-10-20,30,sample,minimum_variance,900.0791986355716,0.0,,0.43288599592700044,0.0006493289938905007,6.95180269305324,5.174548507260283,1.5876975601635848,0.2,0.22094333677154482,0.15144367893812002,0.005417142424721384,60.518451362490254,20,minimum_variance__sample
2025-11-17,30,sample,minimum_variance,656.8296340741823,0.0,,0.469657939075394,0.000704486908613091,6.533141893016766,5.53986382758682,1.6815349133131205,0.19999999999999996,0.2086863541008573,0.1451999131204168,0.005673515783778208,62.93875159924575,20,minimum_variance__sample
2025-12-15,30,sample,minimum_variance,818.2073471809673,0.0,,0.9489863417556774,0.0014234795126335162,6.660373622782869,4.322856591460053,1.682653339796729,0.2,0.1989842907989359,0.14394632914153885,0.00789848897075428,36.61832945164193,20,minimum_variance__sample
2026-01-14,30,sample,minimum_variance,466.42503932583463,0.0,,1.1168926206216758,0.0016753389309325135,8.716960411953302,4.0754151410450605,2.0832453248193845,0.19999999999999998,0.1777987395029917,0.14048780821059856,0.007135725658212407,40.88670976018591,20,minimum_variance__sample
2026-02-11,30,sample,minimum_variance,332.6089290282663,0.0,,0.7366024877943149,0.0011049037316914723,9.323603623444338,3.870861837406903,2.674894635071486,0.19999999999999998,0.16954799783786761,0.12033443405357125,0.010636123885599877,50.5347552741419,20,minimum_variance__sample
2026-03-18,30,sample,minimum_variance,548.2459105134491,0.0,,0.7148496889110018,0.0010722745333665027,7.9160506071634975,2.9461806821759184,1.9690894538470216,0.2,0.19215303699046726,0.17637602825608212,0.006902567863981845,71.55842561084539,20,minimum_variance__sample
2026-04-15,30,sample,minimum_variance,606.8413586793914,0.0,,0.3611361833350224,0.0005417042750025336,6.827910580510016,2.8920914822827233,1.7636303029537017,0.2,0.22364831707010607,0.18485238637981047,0.007967627278900014,73.32314362477125,20,minimum_variance__sample
2026-05-18,30,sample,minimum_variance,551.9665940449746,0.0,,0.5403550885291524,0.0008105326327937286,6.603155042205063,3.370490335536809,1.6871412492945161,0.2,0.220335049449995,0.17932654937596876,0.00675691329227832,73.2695999410713,20,minimum_variance__sample
2026-06-15,30,sample,minimum_variance,511.85513970599817,0.0,,0.6180974721382395,0.0009271462082073592,6.803580043333376,5.463927550121727,2.2158836485136515,0.19999999999999996,0.23107303437086887,0.11301194790450451,0.004305172437392425,81.22231270526572,20,minimum_variance__sample
2026-07-13,30,sample,minimum_variance,345.4591849764964,0.0,,0.6584083324180338,0.0009876124986270506,9.779319988537768,7.301129283904571,2.8834644311947213,0.2,0.17770413524422085,0.08367654398641837,0.008650697963146301,58.25771967412331,9,minimum_variance__sample
2012-05-02,13,ledoit_wolf,minimum_variance,40.86074187633928,0.0,0.12302472957490147,1.0,0.0015,5.824889579086614,4.357401856800305,1.7026224964863756,0.2,0.2296984354095788,0.19304215254067772,0.002210272177069333,33.016111824386925,20,minimum_variance__ledoit_wolf
2012-05-30,13,ledoit_wolf,minimum_variance,35.36230328467992,0.0,0.14523836254301808,0.36358475439365223,0.0005453771315904784,5.631458798829785,4.6063574418927375,1.631011505555203,0.2,0.20982050867104723,0.18114401322586138,0.0023760044042956756,36.30758460883203,20,minimum_variance__ledoit_wolf
2012-06-27,13,ledoit_wolf,minimum_variance,76.47363090749583,0.0,0.13359644162468845,0.24479446088208134,0.000367191691323122,5.895666335089386,4.002001727895283,1.8272902582378023,0.2,0.21097644307531788,0.11509602428620071,0.0013906422192893747,37.89099174868389,20,minimum_variance__ledoit_wolf
2012-07-25,13,ledoit_wolf,minimum_variance,131.5803726319646,0.0,0.14422309475726175,0.12823114543199662,0.00019234671814799493,5.901563360920427,4.755408445652547,1.8976013873719488,0.2,0.2361967817060544,0.10169894304359119,0.002315503759142798,20.487462796159587,20,minimum_variance__ledoit_wolf
2012-08-22,14,ledoit_wolf,minimum_variance,23.031823555718294,0.0,0.2707118647580273,0.5738398143970774,0.0008607597215956162,6.937298692026461,4.762093014754958,1.8776388451343329,0.2,0.1933299758324154,0.11952654121132249,0.005712765648693576,26.583909583475393,20,minimum_variance__ledoit_wolf
2012-09-20,14,ledoit_wolf,minimum_variance,31.20769751883439,0.0,0.15113911838095262,0.454045135913723,0.0006810677038705845,6.243785394715447,3.878611824196319,1.618771033154304,0.2,0.1976474667499556,0.17527683534089125,0.0018738593688709386,37.8679618064905,20,minimum_variance__ledoit_wolf
2012-10-18,14,ledoit_wolf,minimum_variance,38.888506809347966,0.0,0.1539927065842066,0.2544154993550253,0.0003816232490325379,6.04665867184694,3.838465558787166,1.5894313576966421,0.2,0.20939176051007224,0.17369545241461753,0.0020425706099560697,37.09679211319873,20,minimum_variance__ledoit_wolf
2012-11-15,14,ledoit_wolf,minimum_variance,27.406463302914865,0.0,0.16930312324861688,0.09534504948146884,0.00014301757422220324,5.928223231920813,5.167107571796061,1.6821583869284593,0.2,0.21249984767243618,0.15757849463258594,0.002459648126278373,39.73373031674562,20,minimum_variance__ledoit_wolf
2012-12-13,14,ledoit_wolf,minimum_variance,41.94204112051945,0.0,0.33994911808641753,0.4802777707749304,0.0007204166561623956,6.943650003020828,6.517087315717367,2.024807654567707,0.2,0.1962195574076793,0.09189899161040187,0.0030562428513271774,26.029032520312885,20,minimum_variance__ledoit_wolf
2013-01-14,14,ledoit_wolf,minimum_variance,19.73623221018494,0.0,0.2785799615862363,0.40371198260447194,0.0006055679739067079,6.777560083333337,5.511067305404622,2.127844932350348,0.19999999999999998,0.2095068232497682,0.11713027456315045,0.0030029689248900213,36.50996546040564,20,minimum_variance__ledoit_wolf
2013-02-18,14,ledoit_wolf,minimum_variance,25.757520483287866,0.0,0.19435368123760038,0.2929793777441036,0.0004394690666161554,6.49377566364941,4.2384177805442675,1.8991897572416085,0.2,0.19938387250532186,0.13382080465003626,0.003903034100560808,34.337136724706355,20,minimum_variance__ledoit_wolf
2013-03-18,14,ledoit_wolf,minimum_variance,44.57320987498167,0.0,0.14728835230834172,0.2565782474369815,0.00038486737115547224,6.060147466924594,3.4917793953688956,1.6925730102633636,0.2,0.1976994596155996,0.16912233665161,0.002223361900701735,35.946220944206175,20,minimum_variance__ledoit_wolf
2013-04-15,14,ledoit_wolf,minimum_variance,91.8406404612846,0.0,0.11755006418668917,0.6558349506871245,0.0009837524260306867,5.822057499343153,2.22586937605747,1.4828930449194402,0.2,0.22525295377454413,0.17056704221044797,0.002432687147555233,40.132987875739985,20,minimum_variance__ledoit_wolf
2013-05-17,14,ledoit_wolf,minimum_variance,90.94743889670033,0.0,0.1453054338368453,0.18624084168294192,0.0002793612625244129,6.255582783864217,2.7099519666702574,1.5606856295353724,0.19999999999999998,0.2007224571880221,0.15392284082051494,0.0021716862084829812,36.99959173709226,20,minimum_variance__ledoit_wolf
2013-06-14,14,ledoit_wolf,minimum_variance,52.09147772059542,0.0,0.16981870905459076,0.33058896455104947,0.0004958834468265742,6.590910640209422,3.6469075012594256,1.7608690379461014,0.2,0.17432226582646784,0.130006726109892,0.0013783268352353256,40.610831417901494,20,minimum_variance__ledoit_wolf
2013-07-12,14,ledoit_wolf,minimum_variance,58.35885630026031,0.0,0.1642786260780034,0.39259568138155876,0.0005888935220723381,5.859641168460722,3.8104926943435284,1.9939003342838169,0.2,0.26181717104494673,0.09359714745540369,0.0010772205772916381,42.72984935872138,20,minimum_variance__ledoit_wolf
2013-08-09,14,ledoit_wolf,minimum_variance,47.50615134166964,0.0,0.1948610335524326,0.21962782218930588,0.0003294417332839588,6.450055629336144,3.538234520881047,2.1389333621200564,0.19999999999999998,0.20350563400546878,0.08466314907936175,0.0013971709821871587,41.022502647650754,20,minimum_variance__ledoit_wolf
2013-09-09,14,ledoit_wolf,minimum_variance,85.22202056062099,0.0,0.15615761140902268,0.43519807201775007,0.0006527971080266252,6.325513121146076,4.396270173817226,2.026679683278206,0.20000000000000004,0.20019658197399828,0.07610798762669221,0.0013136480117738976,39.39264795159029,20,minimum_variance__ledoit_wolf
2013-10-08,14,ledoit_wolf,minimum_variance,37.62051524371226,0.0,0.2398039564305256,0.29254362894966396,0.0004388154434244959,6.253059279004425,5.370515272295227,2.218600103756525,0.2,0.2091476524454403,0.0701520416347825,0.0008746599970658602,45.094539958741976,20,minimum_variance__ledoit_wolf
2013-11-05,14,ledoit_wolf,minimum_variance,32.100223696519556,0.0,0.2480353870693446,0.18289148450752385,0.00027433722676128573,6.551619686994372,4.988613466192198,2.119038532985787,0.2,0.19920076226180722,0.07167120739970734,0.0007947033146823129,45.286203890754976,20,minimum_variance__ledoit_wolf
2013-12-03,14,ledoit_wolf,minimum_variance,13.736727353741621,0.0,0.46265563850113406,0.5069994518395494,0.0007604991777593242,7.882157823114938,7.149189732452828,2.595259780070795,0.19999999999999998,0.18316679665016963,0.050768416022903495,0.000877027180100952,40.839345036552004,20,minimum_variance__ledoit_wolf
2013-12-31,14,ledoit_wolf,minimum_variance,21.56433822271659,0.0,0.3478080757606941,0.4391272484587557,0.0006586908726881335,7.26961414333983,6.0677068532451885,2.4792761368534593,0.2,0.20790357317645378,0.04966266901846142,0.00290397994248664,22.772021630534017,20,minimum_variance__ledoit_wolf
2014-02-07,14,ledoit_wolf,minimum_variance,19.350994941872035,0.0,0.5105966405350694,0.49777346912389864,0.0007466602036858479,6.861474643403319,7.7937585152013105,2.403559072295892,0.2,0.20889795064250502,0.06315994140480768,0.002822020156263764,32.42856076280529,20,minimum_variance__ledoit_wolf
2014-03-10,14,ledoit_wolf,minimum_variance,27.71526583578839,0.0,0.3334423455443068,0.312148335064715,0.0004682225025970725,6.635250794264368,7.230266273535293,2.1246520979006003,0.2,0.2163167854987207,0.0949466058390937,0.001890043671913132,35.654161162004996,20,minimum_variance__ledoit_wolf
2014-04-07,14,ledoit_wolf,minimum_variance,26.295514411658807,0.0,0.26393430536509416,0.2543434235112818,0.00038151513526692274,6.064682715917701,6.184615036657136,1.940913455609876,0.2,0.2130006114568013,0.11524698991261191,0.005293831006511591,35.354020195435055,20,minimum_variance__ledoit_wolf
2014-05-09,15,ledoit_wolf,minimum_variance,53.514923678006454,0.0,0.1647921475678915,0.7953424660335127,0.001193013699050269,6.10575826861949,3.9564861919576346,1.5032057512263157,0.19999999999999996,0.20456617610548816,0.16572803325709906,0.003380021370842154,38.08528791723362,20,minimum_variance__ledoit_wolf
2014-06-06,15,ledoit_wolf,minimum_variance,60.272956837518194,0.0,0.12948809164388023,0.3777837063792259,0.0005666755595688388,5.9616431246924,3.334154544920045,1.4947850514371495,0.2,0.21589955321696316,0.18379954454790837,0.003935198552359988,42.23858657744543,20,minimum_variance__ledoit_wolf
2014-07-04,15,ledoit_wolf,minimum_variance,64.2416803164879,0.0,0.15372941339548424,0.13223734033174736,0.00019835601049762104,6.213119638143968,3.3341011690509372,1.5268019286425218,0.2,0.2146136480778318,0.16890140134193063,0.003163753868422274,43.6695385559764,20,minimum_variance__ledoit_wolf
2014-08-01,15,ledoit_wolf,minimum_variance,45.12983797275769,0.0,0.26418498658767275,0.5883567849173162,0.0008825351773759744,7.312938605164342,4.63875567491252,1.9785783008180655,0.19999999999999998,0.21500735705208718,0.10623959244178374,0.0014713962169084177,43.84600224690986,20,minimum_variance__ledoit_wolf
2014-08-29,15,ledoit_wolf,minimum_variance,22.336459815583076,0.0,0.42885963318160697,0.5463516065941616,0.0008195274098912425,7.62545445449748,5.430384171002825,2.458980351070624,0.2,0.21763842948901851,0.06377796497246804,0.001148950707931491,43.20725128001591,20,minimum_variance__ledoit_wolf
2014-09-30,16,ledoit_wolf,minimum_variance,73.30723155183442,0.0,0.3935623296631881,0.3442548479246247,0.000516382271886937,7.913723967858352,4.545215368129888,2.5013745283254574,0.2,0.2010710029889191,0.06471931678242043,0.0015615133277858222,46.2447639375352,20,minimum_variance__ledoit_wolf
2014-10-28,16,ledoit_wolf,minimum_variance,70.34237361223786,0.0,0.3480873314766269,0.261415467020505,0.0003921232005307575,6.630488605458349,5.055656596146352,2.255141507739261,0.2,0.21887657060203888,0.06625593831594005,0.0012899132656039878,43.68700188520938,20,minimum_variance__ledoit_wolf
2014-11-25,16,ledoit_wolf,minimum_variance,18.051442833756152,0.0,0.31272319090982753,0.4496344641359826,0.000674451696203974,7.115565770291265,5.480969900152806,2.1390311947546787,0.2,0.21063929907932225,0.08269780330148185,0.003179010571353743,40.59937315622135,20,minimum_variance__ledoit_wolf
2014-12-23,16,ledoit_wolf,minimum_variance,32.413077697989,0.0,0.20193081794694867,0.27064086938120213,0.0004059613040718032,6.999962874287224,4.595022856560814,1.8268692054200297,0.2,0.20132560634156452,0.1102932500580133,0.002276206461746355,38.66408992158532,20,minimum_variance__ledoit_wolf
2015-01-22,16,ledoit_wolf,minimum_variance,30.3952907581329,0.0,0.21507038815094975,0.7024583189396681,0.0010536874784095023,7.516096451603266,3.601519411965639,1.894507801323903,0.2,0.19411239979831021,0.12396349464793754,0.003911620418458444,40.80564621342233,20,minimum_variance__ledoit_wolf
2015-02-27,16,ledoit_wolf,minimum_variance,52.45455663326331,0.0,0.17853708851438305,0.5058689258608686,0.0007588033887913029,6.121902467271448,5.164085569339724,1.7034162042438428,0.2,0.20322306781160218,0.13855478566816473,0.0021690729284493202,45.536887004425694,20,minimum_variance__ledoit_wolf
2015-03-27,16,ledoit_wolf,minimum_variance,51.23400070088573,0.0,0.20803228476958216,0.357329820175417,0.0005359947302631254,6.295469450121874,6.562083497685341,1.9285297256650131,0.2,0.215233448720559,0.10983545161707944,0.0018969509884066377,46.365543903177084,20,minimum_variance__ledoit_wolf
2015-04-24,16,ledoit_wolf,minimum_variance,35.950714538131926,0.0,0.19699674744906676,0.36006402304045243,0.0005400960345606786,6.9521591233494515,5.246488549452127,1.9203495616638602,0.2,0.16475488809372338,0.11008935006506201,0.0024767539886881846,41.779827426925735,20,minimum_variance__ledoit_wolf
2015-05-28,16,ledoit_wolf,minimum_variance,50.079842617266486,0.0,0.17566941629701116,0.7207692179855167,0.0010811538269782752,6.505925326968663,3.078886966889992,1.7689656001281995,0.2,0.2038822211381023,0.11084650672244349,0.0016956365854631176,38.1653388763775,20,minimum_variance__ledoit_wolf
2015-06-25,16,ledoit_wolf,minimum_variance,26.42611205884508,0.0,0.19911829290952898,0.448767545482355,0.0006731513182235325,7.286145686983115,3.8026864149043793,1.9650498546308404,0.20000000000000007,0.2068955246266595,0.12324160075563614,0.003772928669758109,36.556680107855414,20,minimum_variance__ledoit_wolf
2015-07-23,16,ledoit_wolf,minimum_variance,30.323875872945564,0.0,0.1978231787343077,0.4198808674996091,0.0006298213012494137,6.5157123165787425,4.911625852719354,1.9490783208812072,0.20000000000000004,0.20829412402305927,0.12965609917913407,0.0025128738224921296,41.16961630398942,20,minimum_variance__ledoit_wolf
2015-08-20,16,ledoit_wolf,minimum_variance,48.25976933454438,0.0,0.17416501252006558,0.372867250399745,0.0005593008755996175,6.3769743119135285,6.521118260106471,1.9667350894810665,0.2,0.20028144077682697,0.1255492493973221,0.0049970002895977665,38.30929218563535,20,minimum_variance__ledoit_wolf
2015-09-18,16,ledoit_wolf,minimum_variance,64.43667849301286,0.0,0.15921476698523063,0.203073371233199,0.0003046100568497985,6.550495559452818,3.1039550802100475,1.6218902671529811,0.2,0.2201332982793734,0.16248466556898328,0.0031759026686082985,44.42236232748434,20,minimum_variance__ledoit_wolf
2015-10-16,16,ledoit_wolf,minimum_variance,76.20126886071915,0.0,0.16192486969448286,0.5560406910015087,0.0008340610365022631,5.757144873194717,3.4200373535792,1.52415153348813,0.2,0.22315527487882733,0.157342048128053,0.0030985287488795787,42.592095814505996,20,minimum_variance__ledoit_wolf
2015-11-13,16,ledoit_wolf,minimum_variance,28.72745178475652,0.0,0.23880306747253816,0.27228320512875326,0.00040842480769312994,6.36393303065335,3.086293845406426,1.7014010221406106,0.2,0.2081133904661517,0.14761817479628458,0.0017303641268737197,45.54041692568224,20,minimum_variance__ledoit_wolf
2015-12-11,16,ledoit_wolf,minimum_variance,43.53976158218101,0.0,0.18747085229073113,0.7888704792972758,0.0011833057189459136,6.001533201852999,5.271221419302087,1.940357755469381,0.2,0.22546432724019647,0.08560885659489889,0.00186981481575597,31.207505980957563,20,minimum_variance__ledoit_wolf
2016-01-11,16,ledoit_wolf,minimum_variance,33.167651965169306,0.0,0.22540347785645437,0.4612729509561641,0.0006919094264342462,7.389989289185556,6.4540426187558975,2.2331350549857434,0.2,0.17664154197724244,0.09334582589120036,0.0050788943413948955,38.16335600343784,20,minimum_variance__ledoit_wolf
2016-02-15,16,ledoit_wolf,minimum_variance,62.996369222180206,0.0,0.20818764548984806,0.6842193764244499,0.0010263290646366748,6.4904848466179486,4.465307491580893,1.8776414318712793,0.2,0.23232429041018848,0.12243968630104574,0.001709851868554379,42.28755144456536,20,minimum_variance__ledoit_wolf
2016-03-14,16,ledoit_wolf,minimum_variance,47.597277839588166,0.0,0.21360610466896224,0.3135535181267098,0.00047033027719006466,6.071340039928818,4.786158778737899,1.9218192412112478,0.2,0.22277783622794448,0.1186254879265166,0.0020702185566428407,45.607904880513104,20,minimum_variance__ledoit_wolf
2016-04-11,16,ledoit_wolf,minimum_variance,41.317260030270674,0.0,0.2299676549112997,0.14125014915521988,0.0002118752237328298,5.791877901565272,5.598347248891443,1.8942272260804596,0.19999999999999998,0.2173857774080511,0.11345603301911887,0.001958174292831057,41.99696705759217,20,minimum_variance__ledoit_wolf
2016-05-12,16,ledoit_wolf,minimum_variance,27.83504694138164,0.0,0.36094916094682994,0.6993624052155256,0.0010490436078232884,8.896178783371365,5.2197466052205215,2.4321863429213773,0.2,0.17328648240159347,0.08405167351305244,0.0011342966363826112,45.0913595383895,20,minimum_variance__ledoit_wolf
2016-06-09,16,ledoit_wolf,minimum_variance,36.1798945064422,0.0,0.3579380133045524,0.3227133801550556,0.0004840700702325834,7.709489554862072,7.433482139696347,2.4787509744942193,0.2,0.21228846917824087,0.07461437926731437,0.0017545338696947988,41.4977349587617,20,minimum_variance__ledoit_wolf
2016-07-07,16,ledoit_wolf,minimum_variance,16.95534672022398,0.0,0.36053686063924073,0.3732274081695047,0.0005598411122542572,7.100339108397286,8.255106828477722,2.4370184579028336,0.2,0.17534926700311898,0.08068578064361887,0.0017519705947898281,42.94024107385371,20,minimum_variance__ledoit_wolf
2016-08-04,16,ledoit_wolf,minimum_variance,21.481294393862193,0.0,0.3023525120176623,0.2704339946818419,0.00040565099202276295,6.504275787160769,6.319038196377147,2.1557363896468376,0.19999999999999998,0.19638285656144788,0.08643606833247354,0.0015190637843847427,41.75675736619766,20,minimum_variance__ledoit_wolf
2016-09-01,16,ledoit_wolf,minimum_variance,47.32611077964694,0.0,0.2976457039487891,0.38320399321180065,0.000574805989817701,7.361189752580882,7.219592860223139,2.165536064290171,0.2,0.18380910198716077,0.08981929524127441,0.0016063539927914287,41.84306249982102,20,minimum_variance__ledoit_wolf
2016-09-30,16,ledoit_wolf,minimum_variance,33.29400715934274,0.0,0.39385601780039803,0.26980020597153365,0.0004047003089573005,7.475113321424346,6.368621144389229,2.3786765884127434,0.2,0.20960284407551896,0.08780982098459,0.001804461968425847,44.188475083002594,20,minimum_variance__ledoit_wolf
2016-10-28,16,ledoit_wolf,minimum_variance,54.00420466816686,0.0,0.4419450805127956,0.41004369622169795,0.000615065544332547,8.652456527211275,6.41328127201596,2.6435909864854445,0.19999999999999998,0.16196788968411607,0.07404132703951642,0.00108559647255657,46.480266673375056,20,minimum_variance__ledoit_wolf
2016-11-25,16,ledoit_wolf,minimum_variance,42.25239520482297,0.0,0.3667759822459235,0.3739446250451734,0.00056091693756776,7.8441380758417765,7.258091616169198,2.4024069763746456,0.19999999999999998,0.1781204134604664,0.07429199295043157,0.0014589927766744221,42.21346462027932,20,minimum_variance__ledoit_wolf
2016-12-23,16,ledoit_wolf,minimum_variance,44.09196945610933,0.0,0.25972425844212205,0.4486661722393654,0.0006729992583590481,7.918054650808445,3.680479306748455,1.9852487964725833,0.19999999999999998,0.1980750133329619,0.08844054078522795,0.002421450916944707,37.68913043136467,20,minimum_variance__ledoit_wolf
2017-01-23,16,ledoit_wolf,minimum_variance,16.832198536059853,0.0,0.330052326158009,0.5807908501481822,0.0008711862752222734,7.350137442565861,5.656482223803615,2.2394868378298005,0.2,0.18405926901656142,0.086727063271297,0.0010868307520396578,45.019638824979815,20,minimum_variance__ledoit_wolf
2017-02-27,16,ledoit_wolf,minimum_variance,11.553379163850988,0.0,0.40853547707936244,0.23019032008470522,0.0003452854801270578,8.317858250302574,7.738230481792945,2.5163298698926853,0.1932254829093501,0.19391613823154816,0.08410140449106303,0.0011370404313539256,45.17588983735967,20,minimum_variance__ledoit_wolf
2017-03-27,17,ledoit_wolf,minimum_variance,10.229979139795143,0.0,0.552770255457617,0.6394648176117281,0.0009591972264175922,11.372321607625414,8.047884598391914,3.1197529123289773,0.1697646727966558,0.16966203649011405,0.06559966973670649,0.0018525094727150657,47.15253365848203,20,minimum_variance__ledoit_wolf
2017-04-25,18,ledoit_wolf,minimum_variance,15.770112008466775,0.0,0.48936349960623726,0.5581073131256481,0.0008371609696884722,10.7646144990941,9.642844850575232,2.9379569286413223,0.16829098917347085,0.1682307967169379,0.06571224612538798,0.00242950182294219,45.20216993717446,20,minimum_variance__ledoit_wolf
2017-05-25,19,ledoit_wolf,minimum_variance,18.432286071172612,0.0,0.4211394811433587,0.3962583285515141,0.0005943874928272711,9.996335423801805,11.563002462330848,2.9079185959888134,0.157190643094775,0.15741691235940408,0.06858930532396633,0.0014626721972223328,52.94363650087962,20,minimum_variance__ledoit_wolf
2017-06-22,19,ledoit_wolf,minimum_variance,16.746980140592786,0.0,0.440804264681715,0.39747157150809065,0.000596207357262136,8.673912568795258,10.589671184179558,3.033744003316096,0.199866351633631,0.1990115282218817,0.06044069838110521,0.0015492560401614362,55.68063969311493,20,minimum_variance__ledoit_wolf
2017-07-20,20,ledoit_wolf,minimum_variance,21.04152877737257,0.0,0.4129859027420621,0.28328956433279606,0.00042493434649919405,8.190618286623423,7.296429469728394,3.2268293986906462,0.2,0.1996123635013481,0.054816330928861116,0.0021219724352929564,56.939376562006714,20,minimum_variance__ledoit_wolf
2017-08-17,20,ledoit_wolf,minimum_variance,36.902229113835574,0.0,0.3027007700165636,0.41012571983816737,0.000615188579757251,8.775838387535568,6.0520962313926505,2.474249962207705,0.19999999999999998,0.16394052903705672,0.07000443515645702,0.0012664690057759833,56.29823499858627,20,minimum_variance__ledoit_wolf
2017-09-15,20,ledoit_wolf,minimum_variance,39.34350379077925,0.0,0.27452943866059,0.44616248271411485,0.0006692437240711723,7.610751501465488,7.171648483952689,2.156183345950798,0.2,0.2054827885068663,0.07586002409267371,0.0015177067287947255,53.504956432702485,20,minimum_variance__ledoit_wolf
2017-10-13,20,ledoit_wolf,minimum_variance,30.995772838024074,0.0,0.37237786633010506,0.6351874106567101,0.0009527811159850652,9.06374233299246,7.975864026166089,2.485427494080812,0.2,0.16652081621025944,0.06817887905788217,0.0017977368930028406,50.170351318798,20,minimum_variance__ledoit_wolf
2017-11-10,21,ledoit_wolf,minimum_variance,10.952020488431089,0.0,0.3987812907963738,0.6858085048108185,0.0010287127572162276,11.840598304161546,7.382379801585807,3.0116381587818046,0.13746901560262276,0.13660773273270232,0.071832933341519,0.0035078635747555096,45.3220926608785,20,minimum_variance__ledoit_wolf
2017-12-08,21,ledoit_wolf,minimum_variance,9.904001240846824,0.0,0.37590875802283996,0.7488763533591696,0.0011233145300387545,12.61793920932413,4.323650317193112,2.8055250437352393,0.1192212380172355,0.11916157949079381,0.09921183810655457,0.00444986886520781,51.59247853793948,20,minimum_variance__ledoit_wolf
2018-01-08,22,ledoit_wolf,minimum_variance,19.584376955561087,0.0,0.24334645632493163,0.7467614412652619,0.0011201421618978928,8.397813066686638,6.608078049050842,2.6443923294208496,0.1743645109708112,0.17403659384011325,0.11413919605418109,0.012675430356529382,37.01357234723068,20,minimum_variance__ledoit_wolf
2018-02-07,23,ledoit_wolf,minimum_variance,33.72955740079106,0.0,0.21066486887243063,1.0663127224791695,0.0015994690837187542,7.356284030155849,5.745130183857838,2.101664106355048,0.1993586185036749,0.1993373465212299,0.17276953184278623,0.006233869859732942,53.36663577874013,20,minimum_variance__ledoit_wolf
2018-03-14,23,ledoit_wolf,minimum_variance,47.158657494446224,0.0,0.15662317006677634,0.43334946502889615,0.0006500241975433442,7.824990332270234,5.131676015681291,2.0202619367357375,0.19999999999999996,0.1702971167802338,0.18982432076889919,0.005392114174047774,57.192508242103145,20,minimum_variance__ledoit_wolf
2018-04-11,24,ledoit_wolf,minimum_variance,55.058634360024584,0.0,0.15847034004563165,0.3412452037495718,0.0005118678056243577,7.589059192182023,5.480451163770653,2.008806966062653,0.2,0.18515770294001607,0.18453776847620876,0.011224784172362884,52.8838834313714,20,minimum_variance__ledoit_wolf
2018-05-14,25,ledoit_wolf,minimum_variance,61.82312735184753,0.0,0.1560488989909709,0.9902520209858732,0.0014853780314788099,7.0609706594356725,7.23732891981788,2.20725851016233,0.2,0.21456821751543673,0.16039533931071,0.011909192940406677,55.18618108334279,20,minimum_variance__ledoit_wolf
2018-06-11,26,ledoit_wolf,minimum_variance,101.68904071510488,0.0,0.10504040978131442,0.8607958130814016,0.0012911937196221025,6.543552790939114,6.4957397333591835,2.255313191968901,0.2,0.19811812324421993,0.195014230910973,0.00769736366991174,62.94717987769011,20,minimum_variance__ledoit_wolf
2018-07-09,27,ledoit_wolf,minimum_variance,193.6293131757175,0.0,0.07963987052171793,0.533404480010218,0.0008001067200153271,5.755579416537195,4.534651575423276,2.0414391182790466,0.2,0.20638496226554617,0.203675676732625,0.011640324827926218,64.09374558349437,20,minimum_variance__ledoit_wolf
2018-08-06,28,ledoit_wolf,minimum_variance,164.76828745941984,0.0,0.1010060437020801,0.4311696493351532,0.0006467544740027298,5.801804301206199,9.38448868594527,2.413945925699556,0.19999999999999996,0.20480560032110665,0.1526733804112148,0.010849663538071663,74.09095433150696,20,minimum_variance__ledoit_wolf
2018-09-04,29,ledoit_wolf,minimum_variance,103.38642872592015,0.0,0.13258253713529614,0.3310920376493554,0.0004966380564740331,6.052766550280645,8.524544095502046,2.282409135987856,0.2,0.20303373324736795,0.12339101372993434,0.007070459970543344,77.70999734740448,20,minimum_variance__ledoit_wolf
2018-10-02,29,ledoit_wolf,minimum_variance,37.930790815441135,0.0,0.24247200967336982,0.527563017595804,0.0007913445263937061,7.839675118764194,11.475967844168048,3.115731285223464,0.19999999999999998,0.17761678526808444,0.08321979417479002,0.008715635217632777,74.02440082875006,20,minimum_variance__ledoit_wolf
2018-10-30,29,ledoit_wolf,minimum_variance,81.7541691680152,0.0,0.2048702731675546,0.7658442310933928,0.0011487663466400893,6.81130357438548,4.557217024514597,1.983303959197757,0.2,0.20860216016208086,0.11866015248047368,0.004015426189956821,74.29493154372535,20,minimum_variance__ledoit_wolf
2018-11-27,29,ledoit_wolf,minimum_variance,135.8980214413052,0.0,0.17928762262791265,0.5189549237202306,0.0007784323855803458,7.179113172237855,4.359801573841707,1.95444471168987,0.2,0.23751593457045272,0.12828094417904573,0.0031006779669551063,81.05103511839455,20,minimum_variance__ledoit_wolf
2018-12-25,29,ledoit_wolf,minimum_variance,111.8141470329608,0.0,0.15837557470365926,0.36305444501019085,0.0005445816675152864,6.208194437695578,5.50707284291343,1.8975493075580196,0.2,0.20916419466012157,0.12830952360178421,0.004291625200912477,74.56477343635807,20,minimum_variance__ledoit_wolf
2019-01-24,29,ledoit_wolf,minimum_variance,73.52438655700047,0.0,0.1781403930083667,0.46643483101598965,0.0006996522465239844,7.553946806177146,7.525778157035706,2.6766003733388324,0.2,0.2055994403747189,0.10037844333239845,0.0029890014257410637,79.24974937430832,20,minimum_variance__ledoit_wolf
2019-02-28,29,ledoit_wolf,minimum_variance,48.79493630145845,0.0,0.2092105314872735,0.530783731609261,0.0007961755974138915,8.37440565453779,6.033318233787372,2.5484304204214023,0.1737374577635526,0.17347837781141512,0.10375182332875885,0.00252700068076263,83.32189391178672,20,minimum_variance__ledoit_wolf
2019-03-28,29,ledoit_wolf,minimum_variance,53.58451381255521,0.0,0.19739858340065533,0.579104292175008,0.000868656438262512,9.78851545248519,6.041365691022193,2.5046184000623604,0.1907918981334897,0.19132357839482425,0.09786970427661781,0.002273830497796151,84.63302716611857,20,minimum_variance__ledoit_wolf
2019-04-26,29,ledoit_wolf,minimum_variance,52.64243046150582,0.0,0.2091895209089564,0.5547456358567066,0.0008321184537850598,10.557529956685554,6.70977338441044,2.431996812634253,0.2,0.18728245878871688,0.09062664378491152,0.0021306036239265437,82.69674646203175,20,minimum_variance__ledoit_wolf
2019-05-29,29,ledoit_wolf,minimum_variance,60.22631335293651,0.0,0.19147728539429826,0.8769237844757691,0.0013153856767136537,9.092404631794048,3.136521367073551,2.2298678847370654,0.19999999999999996,0.18464481754116088,0.08321330887523447,0.0016388901454510115,86.32016799708897,20,minimum_variance__ledoit_wolf
2019-06-26,29,ledoit_wolf,minimum_variance,43.66780436409688,0.0,0.24998539344062118,0.6322154825719328,0.0009483232238578992,9.17723045178357,5.5996159396895155,2.3116574691007328,0.1999999999999999,0.18989105892069716,0.07220248888768718,0.00191361828713382,79.23473906242295,20,minimum_variance__ledoit_wolf
2019-07-24,29,ledoit_wolf,minimum_variance,45.082900270417106,0.0,0.2220633036751084,0.6004615961927449,0.0009006923942891173,8.779641781047967,5.7473754577201,2.2682360590716346,0.14079971123688473,0.14101867219530126,0.07882037398047961,0.0025766776392436895,77.8799669506162,20,minimum_variance__ledoit_wolf
2019-08-21,29,ledoit_wolf,minimum_variance,25.175414139971277,0.0,0.29672415093873855,0.7817708528319005,0.0011726562792478508,10.886575477315022,7.387417734116425,2.6594430236800375,0.14157044758503143,0.14154929577417327,0.07102895908945961,0.0015081215585220525,85.3178039838466,20,minimum_variance__ledoit_wolf
2019-09-19,29,ledoit_wolf,minimum_variance,22.735462054431373,0.0,0.38653731723201074,0.5866299354370018,0.0008799449031555028,10.441418158098504,7.940231470608614,2.873259157468043,0.2,0.17268348414157703,0.06336528549775895,0.0015330503565777656,88.12163279393162,20,minimum_variance__ledoit_wolf
2019-10-17,29,ledoit_wolf,minimum_variance,21.590264537281787,0.0,0.38172975842903156,0.5208949366791634,0.0007813424050187451,9.638031956968595,10.549327914034679,3.002668390841874,0.2,0.18899297536605592,0.05632717481555335,0.0011682117552115207,89.93962275768459,20,minimum_variance__ledoit_wolf
2019-11-14,29,ledoit_wolf,minimum_variance,23.029656158729818,0.0,0.3536682380577974,0.36430379045958294,0.0005464556856893745,11.885262722179966,8.548564101493202,2.9235156256857575,0.1763742800013346,0.17545370208769226,0.05461601500473412,0.002455004092083592,82.88519040463726,20,minimum_variance__ledoit_wolf
2019-12-12,29,ledoit_wolf,minimum_variance,47.693676667488084,0.0,0.28399655637298854,0.7685289304723861,0.0011527933957085792,7.637011881848881,12.580234989288574,2.7716564628982865,0.2,0.20780289203291932,0.05129319409920492,0.0022530371724361533,81.71864230109561,20,minimum_variance__ledoit_wolf
2020-01-10,29,ledoit_wolf,minimum_variance,66.37923742459814,0.0,0.24014804236734766,0.4639087894050393,0.000695863184107559,7.034733266764033,9.63839068091668,2.5301753294318523,0.2,0.19076571586588406,0.055479919878053285,0.006411547327044463,54.08661376604796,20,minimum_variance__ledoit_wolf
2020-02-14,29,ledoit_wolf,minimum_variance,214.9642424608831,0.0,0.21175417270253774,0.8027691792698601,0.0012041537689047902,7.15926322006412,5.310848058816323,2.033312605874614,0.20000000000000004,0.22671492480062047,0.09116284095748657,0.017354599334625225,36.36585951584321,20,minimum_variance__ledoit_wolf
2020-03-13,29,ledoit_wolf,minimum_variance,91.48273736122442,0.0,0.17568649682541648,0.6236611616463119,0.0009354917424694678,7.997330898485467,3.2684993770017496,1.749791962555875,0.2,0.173055916629387,0.1805538027930606,0.02247895170888794,42.97378379144958,20,minimum_variance__ledoit_wolf
2020-04-13,29,ledoit_wolf,minimum_variance,142.7719533499703,0.0,0.10306767612801436,0.6407670147306166,0.0009611505220959249,6.207199738835384,3.2890409398690625,1.7002483461730904,0.2,0.21026528846082881,0.25999742467559506,0.009314808978534914,67.10976863832038,20,minimum_variance__ledoit_wolf
2020-05-13,29,ledoit_wolf,minimum_variance,153.13290809474412,0.0,0.09683618177887532,0.20925131655075033,0.0003138769748261255,6.378812563773004,2.6766074337835533,1.6957328788147932,0.19999999999999998,0.18776801323272885,0.2754340061969005,0.013928843771720146,73.02189797367582,20,minimum_variance__ledoit_wolf
2020-06-10,29,ledoit_wolf,minimum_variance,101.76269468145746,0.0,0.14128336706627273,0.31861981524224514,0.0004779297228633677,6.361333827091815,3.14596142974616,1.807380474440939,0.19999999999999996,0.20270253916042907,0.22115944819287847,0.005966778999936541,75.67957011099755,20,minimum_variance__ledoit_wolf
2020-07-08,29,ledoit_wolf,minimum_variance,91.89197311243429,0.0,0.15121115715032338,1.016905631678877,0.0015253584475183153,6.294937415894085,3.1924947891006767,1.6384059426857605,0.2,0.18059072636983123,0.16651053494122647,0.010163556747988516,77.98536059370015,20,minimum_variance__ledoit_wolf
2020-08-05,29,ledoit_wolf,minimum_variance,164.0748746243153,0.0,0.11177347064224423,0.6054299674570239,0.0009081449511855359,5.892104569983276,2.973116389992052,1.4741923601963973,0.19999999999999998,0.20724662319904008,0.19673925600422787,0.0073498186759978525,81.21987220583983,20,minimum_variance__ledoit_wolf
2020-09-03,29,ledoit_wolf,minimum_variance,151.71176188519945,0.0,0.12376340469645845,0.2458829174369765,0.0003688243761554647,6.049920327357365,2.6239364364465905,1.434122199203317,0.2,0.2051004382733663,0.20366548531406148,0.006459222978999411,82.59187413462033,20,minimum_variance__ledoit_wolf
2020-10-01,29,ledoit_wolf,minimum_variance,88.17610420377873,0.0,0.1801701968639443,0.5455757960459156,0.0008183636940688733,7.212487351099648,3.059366116197342,1.598968041947552,0.19999999999999996,0.19834908315000105,0.16556252891943465,0.00398436689502936,72.50307375403223,20,minimum_variance__ledoit_wolf
2020-10-29,29,ledoit_wolf,minimum_variance,38.7281198404459,0.0,0.27391745478656554,0.9326670193482833,0.001399000529022425,8.86342091979637,8.873562174575481,2.534993060658146,0.1788653643376115,0.17880073511264,0.07575960939541489,0.0025695624893706274,73.37001107714396,20,minimum_variance__ledoit_wolf
2020-11-26,28,ledoit_wolf,minimum_variance,36.066284697869236,0.0,0.2823548810085312,0.6417949207473735,0.0009626923811210602,8.508683255689887,7.810068938180821,2.4778090620129958,0.2,0.19598268574134584,0.08738172242501935,0.003894607000692442,72.34735196921369,20,minimum_variance__ledoit_wolf
2020-12-24,28,ledoit_wolf,minimum_variance,49.231813692367496,0.0,0.23897568890705012,0.5943682001335611,0.0008915523002003417,8.08872487725628,6.771414851191892,2.4920478832997404,0.19999999999999998,0.17568581333434133,0.09703177776768779,0.007060503647953005,67.3629901442608,20,minimum_variance__ledoit_wolf
2021-01-22,28,ledoit_wolf,minimum_variance,39.25454610006829,0.0,0.3212870462514375,0.9751688594394192,0.0014627532891591287,8.595405856596852,5.290008078889073,2.106107781169483,0.1970285759799613,0.1967942533867706,0.13435308713170754,0.021838923030991095,63.093197863179846,20,minimum_variance__ledoit_wolf
2021-02-26,29,ledoit_wolf,minimum_variance,147.0094188023876,0.0,0.12352938382840176,0.8176431205753254,0.001226464680862988,7.731257227961541,2.5590934112598123,1.489955574482422,0.20000000000000004,0.18620872630146418,0.24789850079042683,0.008755516998902263,80.46510489489653,20,minimum_variance__ledoit_wolf
2021-03-26,29,ledoit_wolf,minimum_variance,164.35492708659947,0.0,0.11574195439737414,0.27313466560838595,0.0004097019984125789,6.288238397822485,2.708557447762298,1.40853764768078,0.2,0.2077860000213964,0.24211482467351048,0.0060114460463772945,73.64141707061607,20,minimum_variance__ledoit_wolf
2021-04-26,29,ledoit_wolf,minimum_variance,162.30449796537107,0.0,0.10908999071378274,0.3106145992059303,0.0004659218988088955,6.210560237977629,2.740272860120412,1.4724569989752416,0.19999999999999996,0.20589239168225235,0.22542794599397,0.008379836226986808,68.66129852193949,20,minimum_variance__ledoit_wolf
2021-05-26,29,ledoit_wolf,minimum_variance,65.82984967408457,0.0,0.17573311893742571,0.868135323561918,0.001302202985342877,7.269658396903018,5.113125980387701,2.234388072711502,0.2,0.20279083288561062,0.10933640744189888,0.007981217944953704,64.9014013814524,20,minimum_variance__ledoit_wolf
2021-06-23,30,ledoit_wolf,minimum_variance,56.562855638120844,0.0,0.20799502607102938,0.42032328183617185,0.0006304849227542577,8.779020156172338,10.519414706529947,2.737502824155762,0.19999999999999996,0.17736947046079402,0.10279161312533361,0.012569695890929992,69.26873130926751,20,minimum_variance__ledoit_wolf
2021-07-21,30,ledoit_wolf,minimum_variance,100.03682141805422,0.0,0.16683680799273615,0.7136142444319977,0.0010704213666479965,7.37101678583324,10.017424501152197,2.231123571410467,0.20000000000000004,0.17592003649001825,0.13050305833636489,0.005979893528029339,80.96590135049601,20,minimum_variance__ledoit_wolf
2021-08-18,30,ledoit_wolf,minimum_variance,120.29932292720868,0.0,0.15061858198776962,0.43526168823349226,0.0006528925323502384,6.414328508754832,8.561933624811255,2.171241375536743,0.2,0.1879128067937184,0.11901394506750684,0.005580566175118551,79.33157005565997,20,minimum_variance__ledoit_wolf
2021-09-17,30,ledoit_wolf,minimum_variance,125.0737038078999,0.0,0.14756362996526415,0.43718276198277584,0.0006557741429741638,6.7258033428018225,7.67614900629197,1.854746671609659,0.2,0.21029494047402342,0.13527930642998084,0.005572059094604987,82.0308984161001,20,minimum_variance__ledoit_wolf
2021-10-15,30,ledoit_wolf,minimum_variance,55.2143041310207,0.0,0.23588941037779865,0.5644716428245041,0.0008467074642367562,7.396561703588964,7.405055363247081,2.34361640028625,0.2,0.18362125319822417,0.08826402275574605,0.002638470230797035,82.22490218387702,20,minimum_variance__ledoit_wolf
2021-11-12,30,ledoit_wolf,minimum_variance,42.872985016541904,0.0,0.28000249601804583,0.5112156845880175,0.0007668235268820262,7.065523361793163,6.714428553912257,2.2624838280899837,0.19999999999999996,0.18665165854921528,0.08752352500057826,0.005837529451961912,75.20332022323382,20,minimum_variance__ledoit_wolf
2021-12-10,30,ledoit_wolf,minimum_variance,54.50796224646552,0.0,0.23841101775436407,0.9399397036691475,0.0014099095555037214,7.655157184012781,8.48311824397863,2.240058151621659,0.20000000000000007,0.19192313268801092,0.09510800377056661,0.003306911899673373,78.99736608444921,20,minimum_variance__ledoit_wolf
2022-01-10,30,ledoit_wolf,minimum_variance,88.33144011470242,0.0,0.20765716248685087,0.4339836498168572,0.0006509754747252858,7.704734328088493,7.485921077384525,1.9781326776164738,0.2,0.1917999386626173,0.10540758174436071,0.0082350131545204,65.17581434038158,20,minimum_variance__ledoit_wolf
2022-02-14,30,ledoit_wolf,minimum_variance,76.82968767854169,0.0,0.18409716586306607,0.4965502792411395,0.0007448254188617092,7.930218711854608,10.680691302754092,2.4048112315929666,0.2,0.16865465862697782,0.10544770578476964,0.00427590533745309,80.80410370631756,20,minimum_variance__ledoit_wolf
2022-03-14,30,ledoit_wolf,minimum_variance,70.20198302605158,0.0,0.21340379604717988,0.44053470203949896,0.0006608020530592484,7.553573116634463,11.07045301802954,2.589384628680863,0.2,0.19837850772693433,0.0911512853646002,0.003203433596496112,78.4230114371478,20,minimum_variance__ledoit_wolf
2022-04-12,30,ledoit_wolf,minimum_variance,82.11300003151753,0.0,0.19758139235579034,0.7425424048094056,0.0011138136072141084,8.728071389429937,11.476715079561226,2.7647279825041533,0.1759964151874734,0.17611356894648544,0.09691145942306262,0.016984193078890677,62.82595015105136,20,minimum_variance__ledoit_wolf
2022-05-12,30,ledoit_wolf,minimum_variance,116.84735166590909,0.0,0.14322918609321164,0.7193289878320983,0.0010789934817481475,6.749986092990958,6.054383637621813,1.6993767770176322,0.2,0.18700473306316195,0.15838206768746158,0.00773893096835754,74.49298545762491,20,minimum_variance__ledoit_wolf
2022-06-09,30,ledoit_wolf,minimum_variance,236.13621568772592,0.0,0.11827166838477592,0.4757539899373573,0.000713630984906036,5.642722076358257,5.791478677169092,1.6191259731755017,0.2,0.2230626200226794,0.1576141118475632,0.00685402813591516,66.75611895120363,20,minimum_variance__ledoit_wolf
2022-07-07,30,ledoit_wolf,minimum_variance,223.08503578865506,0.0,0.09649114884447359,0.16371534156682924,0.00024557301235024384,5.588964506775691,7.934272715707699,1.5253383438603252,0.19999999999999996,0.20841430936809544,0.18123414074419664,0.011051560680956567,80.31336999469872,20,minimum_variance__ledoit_wolf
2022-08-04,30,ledoit_wolf,minimum_variance,123.21426551423076,0.0,0.15088413394863007,0.3053111245492592,0.00045796668682388875,5.9042897822383855,9.866667544624715,1.784606938079974,0.2,0.21615441098044605,0.1329842212477772,0.007822318606269009,85.02086611011694,20,minimum_variance__ledoit_wolf
2022-09-05,30,ledoit_wolf,minimum_variance,87.1648587669199,0.0,0.21230801042190864,0.39780048077586927,0.0005967007211638039,7.974604139036673,8.494181419909676,2.0566382700703407,0.19999999999999998,0.17464518903526147,0.11756073380870896,0.005139000541923108,81.39245405907447,20,minimum_variance__ledoit_wolf
2022-10-03,30,ledoit_wolf,minimum_variance,120.88597012958917,0.0,0.181248942895123,0.6772788269343156,0.0010159182404014735,8.075693460064453,4.727463699341723,1.929226303095606,0.2,0.16676882096770845,0.1012898780486346,0.019782577041451817,52.003814418179545,20,minimum_variance__ledoit_wolf
2022-10-31,30,ledoit_wolf,minimum_variance,158.5093491304571,0.0,0.11583883214946689,0.7231594449060503,0.0010847391673590755,6.764194441964321,4.57858710326037,1.7469616568164799,0.19999999999999996,0.1859285047495721,0.15107254895512356,0.012380783902350983,62.41617767613292,20,minimum_variance__ledoit_wolf
2022-11-28,30,ledoit_wolf,minimum_variance,246.41777218671592,0.0,0.08371947330328734,0.26588926496564536,0.00039883389744846805,6.174690520606124,6.116757126618336,1.714391627784928,0.19999999999999998,0.20651110601236813,0.17215552336924012,0.00712808349734068,72.64740513468026,20,minimum_variance__ledoit_wolf
2022-12-26,30,ledoit_wolf,minimum_variance,298.4473737853602,0.0,0.07654907297253766,0.18053830454690323,0.00027080745682035484,5.577446011163247,6.485650710221434,1.725283292329718,0.2,0.20964486916105546,0.16300886842729814,0.012842192403072496,79.3605887206203,20,minimum_variance__ledoit_wolf
2023-01-31,30,ledoit_wolf,minimum_variance,404.96289356363803,0.0,0.10681219017040267,0.28575067038946,0.00042862600558419005,5.830874736781066,9.477326255395692,1.8450281160074766,0.2,0.22256760917257673,0.1320563821877514,0.006549350052403384,78.33563530262208,20,minimum_variance__ledoit_wolf
2023-02-28,30,ledoit_wolf,minimum_variance,275.46080995113977,0.0,0.1136552590021934,0.371608747375002,0.000557413121062503,6.142661659290554,5.278307412618669,1.6980407187269853,0.19999999999999996,0.21284891161314667,0.12167816734731711,0.005331370784190992,85.5908025471393,20,minimum_variance__ledoit_wolf
2023-03-28,30,ledoit_wolf,minimum_variance,250.78474309223773,0.0,0.11964737138332536,0.29420104277089115,0.0004413015641563367,6.430154098510811,4.534381612919412,1.640905513434215,0.2,0.18654083341957162,0.11089232792318798,0.004654902422088431,88.83966367772847,20,minimum_variance__ledoit_wolf
2023-04-25,30,ledoit_wolf,minimum_variance,263.14505551208845,0.0,0.13532751833484208,0.21369161044764418,0.00032053741567146624,6.814324104899843,5.2409768033217095,1.7507866602513016,0.2,0.17416346553490394,0.08524644382649826,0.0032335790032163875,86.05656064002787,20,minimum_variance__ledoit_wolf
2023-05-26,30,ledoit_wolf,minimum_variance,115.81945954606489,0.0,0.19504520186445873,0.538847990618208,0.000808271985927312,6.535965435072155,6.87005436759428,2.018792638792085,0.2,0.1998111969957937,0.0707216530022923,0.0015191916657597002,88.32590477601528,20,minimum_variance__ledoit_wolf
2023-06-23,30,ledoit_wolf,minimum_variance,47.5773358979331,0.0,0.29777009292106227,0.9044404353969366,0.001356660653095405,9.190611944670144,7.96860800855217,2.618754591609802,0.16819881481206314,0.1661398959053437,0.054601160060320605,0.0015400925657122267,85.54238789715815,20,minimum_variance__ledoit_wolf
2023-07-21,30,ledoit_wolf,minimum_variance,33.42559398787786,0.0,0.35373735969851194,0.45880810798430616,0.0006882121619764593,10.153327912045055,7.735384768331405,2.83532723721211,0.1889457707129194,0.18848631124741136,0.05291483488958476,0.005440687740254577,72.73623978534486,20,minimum_variance__ledoit_wolf
2023-08-18,30,ledoit_wolf,minimum_variance,32.49160024843451,0.0,0.3684209469697387,0.8717262579517191,0.0013075893869275786,8.320192442596289,8.089327234960539,2.49341244463853,0.2,0.1859292135009875,0.07306742166328417,0.0022812027640904593,83.58414339464449,20,minimum_variance__ledoit_wolf
2023-09-19,30,ledoit_wolf,minimum_variance,38.923059936558374,0.0,0.29619343557777905,0.4715557858048323,0.0007073336787072485,8.367612039826929,7.676507665009979,2.2765137432644686,0.19999999999999996,0.1918892323151743,0.08869014217956299,0.005657830969888292,80.91275600837928,20,minimum_variance__ledoit_wolf
2023-10-17,30,ledoit_wolf,minimum_variance,103.26559640121363,0.0,0.17792240540391144,0.42652791418749525,0.0006397918712812428,7.561009391403565,6.078367924284106,2.025475476975794,0.19999999999999996,0.1821613150714682,0.10640258900796677,0.007783767955884302,73.2457435477228,20,minimum_variance__ledoit_wolf
2023-11-14,30,ledoit_wolf,minimum_variance,199.9245798933454,0.0,0.11394664751755389,0.753051398131093,0.0011295770971966395,6.6460008205506735,4.131991396585025,1.6660804491495154,0.20000000000000004,0.20148927153969612,0.13936732804959434,0.003672258902761413,88.92347024410574,20,minimum_variance__ledoit_wolf
2023-12-12,30,ledoit_wolf,minimum_variance,190.94659460485857,0.0,0.10758740661970145,0.24932715051554497,0.00037399072577331746,6.292556768246239,4.5346238244066255,1.5987468687843152,0.19999999999999998,0.1960012081935945,0.13961220211261796,0.005399623703195838,87.12688631936928,20,minimum_variance__ledoit_wolf
2024-01-10,30,ledoit_wolf,minimum_variance,115.37550203624123,0.0,0.13700754967681142,0.2639407113540795,0.00039591106703111925,7.245394090684297,3.7065134150401686,1.6348853111483412,0.19999999999999996,0.19589698779162656,0.13719087352204568,0.0038748686996736116,89.59967338741993,20,minimum_variance__ledoit_wolf
2024-02-07,30,ledoit_wolf,minimum_variance,53.259216206292336,0.0,0.20327858277476551,0.808963856580607,0.0012134457848709105,8.598053754351275,4.097942860125693,1.955799605571021,0.19999999999999998,0.17952607111658142,0.08818259513206578,0.0028580608436425572,80.54667405164996,20,minimum_variance__ledoit_wolf
2024-03-13,30,ledoit_wolf,minimum_variance,54.99251996325366,0.0,0.2207141612042618,0.741567395076981,0.0011123510926154714,8.35694478864379,5.16389189385313,2.3523394977858256,0.2,0.16931219081967952,0.07189630185134593,0.00312712182453779,85.33160998622148,20,minimum_variance__ledoit_wolf
2024-04-10,30,ledoit_wolf,minimum_variance,142.77753411191821,0.0,0.18652925621091856,0.43526081834096203,0.0006528912275114431,8.36126050947176,4.521606477160456,2.07270136923962,0.2,0.14295387903494894,0.07745743080584806,0.005692205670523544,70.01526623525355,20,minimum_variance__ledoit_wolf
2024-05-14,30,ledoit_wolf,minimum_variance,232.60578627019524,0.0,0.17248895481062845,0.8118451923606101,0.001217767788540915,7.299870487414584,5.7091060046717494,1.7301666662633501,0.2,0.22854326660043167,0.10953308922419257,0.002902604978185785,85.45561378980454,20,minimum_variance__ledoit_wolf
2024-06-11,30,ledoit_wolf,minimum_variance,189.6720797278574,0.0,0.18465432004406362,0.7054177590113548,0.0010581266385170324,7.185076574628665,4.643359088294437,1.6472469850218374,0.19999999999999998,0.20345266067088466,0.10351629139447868,0.0024648326950128235,78.61465819553604,20,minimum_variance__ledoit_wolf
2024-07-09,30,ledoit_wolf,minimum_variance,105.25996469723097,0.0,0.1992757367468793,0.28919299964930867,0.00043378949947396297,6.1547934599869825,5.050909798831917,1.6821737564993575,0.2,0.20445790394989607,0.10763685713466897,0.0030220827990930016,84.66699451588772,20,minimum_variance__ledoit_wolf
2024-08-06,30,ledoit_wolf,minimum_variance,96.52029937261253,0.0,0.1912626917831367,0.7687848960188888,0.0011531773440283332,6.570181137069693,6.075417153065181,1.8189876526300799,0.2,0.19610210316431576,0.09726621278157083,0.0021325899831158256,84.74022903861004,20,minimum_variance__ledoit_wolf
2024-09-05,30,ledoit_wolf,minimum_variance,85.19811636132656,0.0,0.20376121088742932,0.7204830879973361,0.001080724631996004,7.539621957351725,6.863794840091914,1.9799880873478704,0.2,0.17663131759653514,0.0957929101929705,0.002482724878909655,90.5897052330114,20,minimum_variance__ledoit_wolf
2024-10-03,30,ledoit_wolf,minimum_variance,51.944166863472375,0.0,0.2340394373931028,0.32305309121725495,0.00048457963682588246,6.953043346733731,5.920754861476299,1.9579989224830232,0.2,0.20140452336877962,0.09584769693945884,0.001968304479979618,92.7124197200774,20,minimum_variance__ledoit_wolf
2024-10-31,30,ledoit_wolf,minimum_variance,36.67218849032131,0.0,0.2478307348707291,0.7052622848133119,0.0010578934272199678,10.03658371025853,5.110451659578333,2.2430814244226305,0.15961598408428032,0.15973614697913663,0.06950561840482515,0.0013244360515952455,96.29944690552266,20,minimum_variance__ledoit_wolf
2024-11-28,30,ledoit_wolf,minimum_variance,51.89225172084274,0.0,0.19044180424265664,0.6034281166382889,0.0009051421749574333,8.202248751861864,7.73248911539212,2.1038028361212855,0.19834459829268675,0.1992497243906178,0.06321901785167028,0.0016538671278374594,93.80500725180151,20,minimum_variance__ledoit_wolf
2024-12-26,30,ledoit_wolf,minimum_variance,74.29933052475162,0.0,0.2059276381871047,0.6163847065048221,0.0009245770597572331,8.30626153612059,7.801408683868629,2.3697083435089006,0.19999999999999998,0.16929131489058744,0.057081011778833984,0.0015915161059211328,89.45543834997454,20,minimum_variance__ledoit_wolf
2025-01-24,30,ledoit_wolf,minimum_variance,102.55048180753082,0.0,0.18106626205902224,0.444549664385516,0.000666824496578274,7.663621553072278,7.64425744339145,2.137298686654919,0.2,0.1787329084480102,0.055163421427144275,0.0013016342659621404,89.5878293526161,20,minimum_variance__ledoit_wolf
2025-02-28,30,ledoit_wolf,minimum_variance,69.51612217353733,0.0,0.2539882416733999,0.35039781699216166,0.0005255967254882424,7.290005950909915,7.285499297868066,2.244087545447383,0.2,0.18235499286670026,0.05214908891593468,0.0020958372040992415,68.08049040380908,20,minimum_variance__ledoit_wolf
2025-03-28,30,ledoit_wolf,minimum_variance,35.94033103572417,0.0,0.33713181909596446,0.8132723685482591,0.0012199085528223886,8.408162711597464,10.104355368275872,2.8291016044430988,0.19999999999999998,0.19697640305996397,0.0487912644225964,0.02719609295240333,5.370263349756467,20,minimum_variance__ledoit_wolf
2025-04-28,30,ledoit_wolf,minimum_variance,86.1954899987101,0.0,0.2189953191603688,0.899477983938753,0.0013492169759081294,7.468541095249308,3.123344055554324,1.5560174127941189,0.19999999999999996,0.20812427842188583,0.20541625682455417,0.00610446435327342,83.46189273818895,20,minimum_variance__ledoit_wolf
2025-05-29,30,ledoit_wolf,minimum_variance,88.99882994000738,0.0,0.2027797391110079,0.520447363514655,0.0007806710452719826,8.068181594886196,2.858898561381587,1.5642807656921989,0.19999999999999998,0.21568968851390521,0.21495024404548646,0.007289922236158307,85.34790530346437,20,minimum_variance__ledoit_wolf
2025-06-26,30,ledoit_wolf,minimum_variance,95.9510581428091,0.0,0.1963067021049195,0.21696049117881733,0.000325440736768226,8.71702263938004,2.5277402995716076,1.5667647021193218,0.2,0.20719294475163477,0.21784865431306064,0.007314136575292125,82.38422252674269,20,minimum_variance__ledoit_wolf
2025-07-24,30,ledoit_wolf,minimum_variance,54.65261829942666,0.0,0.31600065825564205,0.978653145389401,0.0014679797180841014,10.513904057577726,9.53533065331572,2.4845104801874016,0.2,0.1910986969245747,0.0750042934766074,0.00999771419761014,46.489045338315606,20,minimum_variance__ledoit_wolf
2025-08-21,30,ledoit_wolf,minimum_variance,50.724110178248566,0.0,0.3540938769400705,0.9295960104615042,0.0013943940156922563,9.700991931514048,6.344805164713211,2.3155902254407987,0.20000000000000004,0.18428099379378254,0.09990096058187739,0.006471020549093213,76.66742941964716,20,minimum_variance__ledoit_wolf
2025-09-22,30,ledoit_wolf,minimum_variance,118.59178923604257,0.0,0.19972037890509964,0.6147690702804174,0.0009221536054206262,7.71018746501913,7.1389945767930865,1.8207163163547382,0.19999999999999996,0.17397976466441384,0.12570120296539544,0.005739053976323557,80.60510193612072,20,minimum_variance__ledoit_wolf
2025-10-20,30,ledoit_wolf,minimum_variance,231.0487505502986,0.0,0.1497859344046266,0.3966933565085971,0.0005950400347628957,7.019307646572077,5.80589275542604,1.6780899803615725,0.2,0.2235799307745807,0.14295698764517456,0.004858985904691331,75.51149026797967,20,minimum_variance__ledoit_wolf
2025-11-17,30,ledoit_wolf,minimum_variance,173.1155584084645,0.0,0.1407297617964597,0.43998792737382714,0.0006599818910607407,6.707144280818775,6.331511397723723,1.753369865297579,0.19999999999999998,0.21203438146227666,0.13848582957886557,0.004876699876731684,73.6864409135132,20,minimum_variance__ledoit_wolf
2025-12-15,30,ledoit_wolf,minimum_variance,135.1444689829195,0.0,0.17622846213073934,0.8808399268252651,0.0013212598902378977,7.149681963208309,5.255673465203414,1.783905839130027,0.19999999999999998,0.19125307772079053,0.13544996842635873,0.007836162606046554,62.04309455179934,20,minimum_variance__ledoit_wolf
2026-01-14,30,ledoit_wolf,minimum_variance,97.51650593585109,0.0,0.17469664422093045,1.116433624327879,0.0016746504364918184,9.54770022093542,5.170445027221355,2.180670793949898,0.20000000000000007,0.1817323748735441,0.13296103222135508,0.006907608926157442,67.44180639583152,20,minimum_variance__ledoit_wolf
2026-02-11,30,ledoit_wolf,minimum_variance,74.97511826076826,0.0,0.21145370126924076,0.7415324159567525,0.0011122986239351287,10.380279753360337,4.98528405946662,2.649162455021573,0.2,0.1689591339240281,0.11532900953141365,0.01101015086248167,70.49014605485178,20,minimum_variance__ledoit_wolf
2026-03-18,30,ledoit_wolf,minimum_variance,99.51615370779659,0.0,0.22261365567528324,0.5438689278859447,0.000815803391828917,8.791063744446015,3.7836378721096473,2.0825047477563987,0.19999999999999998,0.1696711216358252,0.16340307239437551,0.006996639435640861,78.42789444027913,20,minimum_variance__ledoit_wolf
2026-04-15,30,ledoit_wolf,minimum_variance,146.46617643432745,0.0,0.17611930993154018,0.3137606308374264,0.0004706409462561396,7.3963582762045,3.57724035688454,1.8538822656008307,0.2,0.22250241946689525,0.1744003822144219,0.00678528659347482,79.40326851338833,20,minimum_variance__ledoit_wolf
2026-05-18,30,ledoit_wolf,minimum_variance,192.98534074283955,0.0,0.19619897911923592,0.433410005428299,0.0006501150081424485,7.524261227675963,3.9030150089873397,1.793326949252842,0.19999999999999998,0.20814157177690257,0.1679141355655282,0.0054574689226932396,81.06787145695915,20,minimum_variance__ledoit_wolf
2026-06-15,30,ledoit_wolf,minimum_variance,90.11681671302728,0.0,0.18779969252254156,0.6948502432454489,0.0010422753648681733,7.723096806787132,5.761245096728665,2.27902203667288,0.2,0.1814010731686081,0.10770548796308542,0.003666147165304334,85.44401932350084,20,minimum_variance__ledoit_wolf
2026-07-13,30,ledoit_wolf,minimum_variance,56.08827699346386,0.0,0.2654415891979707,0.6539451836764709,0.0009809177755147063,10.878923980088322,8.888909746673102,2.9591065829263727,0.20000000000000007,0.1724988233511552,0.0788138863156275,0.008848012152781273,74.22556485712094,9,minimum_variance__ledoit_wolf
2012-05-02,13,glasso,minimum_variance,46.760021421642875,0.1282051282051282,,1.0,0.0015,5.802676219074527,4.06846230501316,1.6642231620135157,0.2,0.22286116568820513,0.19818281961562512,0.0022764730097119884,32.94112495185482,20,minimum_variance__glasso
2012-05-30,13,glasso,minimum_variance,42.90402082532355,0.14102564102564102,,0.37883385592067115,0.0005682507838810067,5.585655721374855,4.412687206863159,1.5761446425955103,0.2,0.2107147390482641,0.18690682708950368,0.002669086922869652,36.66051039159106,20,minimum_variance__glasso
2012-06-27,13,glasso,minimum_variance,98.72877427767666,0.21794871794871795,,0.22877570673250375,0.00034316356009875563,5.841579070932668,4.0425052593247095,1.7742479657802328,0.2,0.2067878482086685,0.1185421853924369,0.0014953004094011898,38.020358067930516,20,minimum_variance__glasso
2012-07-25,13,glasso,minimum_variance,164.80733191466766,0.1282051282051282,,0.13210600911489292,0.00019815901367233938,5.781457957999931,4.445007309211912,1.8303635747501035,0.2,0.23378977637668638,0.10535366158094796,0.002333892588307881,17.830245013941443,20,minimum_variance__glasso
2012-08-22,14,glasso,minimum_variance,50.88086590935739,0.26373626373626374,,0.7031018620591315,0.0010546527930886973,6.303070359057993,3.9617685389309574,1.7632976022481843,0.2,0.19392620570387858,0.12881091462150296,0.005404450532273966,22.073048122265124,20,minimum_variance__glasso
2012-09-20,14,glasso,minimum_variance,53.922221982190806,0.15384615384615385,,0.312651086439799,0.0004689766296596985,6.059214812012303,3.3315648652046583,1.5500112565854685,0.2,0.19645005304322868,0.18260166185379612,0.002145748020724153,37.53331077016246,20,minimum_variance__glasso
2012-10-18,14,glasso,minimum_variance,68.49078544043935,0.18681318681318682,,0.28958285860922656,0.0004343742879138398,5.897713223261288,3.2900490779182108,1.5119086472597458,0.19999999999999998,0.20370442216896664,0.18130533450101421,0.0023599218591780504,36.6792671479639,20,minimum_variance__glasso
2012-11-15,14,glasso,minimum_variance,43.300378091432776,0.1978021978021978,,0.13880326768501922,0.00020820490152752882,5.754521959810435,4.861385313287568,1.5919146493736656,0.19999999999999998,0.2103155710120171,0.16485587953412392,0.0028568473922996867,39.831056726329265,20,minimum_variance__glasso
2012-12-13,14,glasso,minimum_variance,65.33508780698344,0.12087912087912088,,0.45188640751408654,0.0006778296112711299,6.443941209394047,6.061882935342877,1.7980518750146675,0.19999999999999998,0.21420238778296238,0.10123342615551108,0.0028375818300321242,23.497238819662943,20,minimum_variance__glasso
2013-01-14,14,glasso,minimum_variance,33.58253017495678,0.12087912087912088,,0.4463479143195882,0.0006695218714793823,6.134219293164515,4.5527806566374,2.0115174418344535,0.19999999999999998,0.22862288426370928,0.1234465939240888,0.0027775426890474537,35.97071233142289,20,minimum_variance__glasso
2013-02-18,14,glasso,minimum_variance,40.25491188006037,0.15384615384615385,,0.282870774540443,0.0004243061618106645,5.958887267327326,3.669840536948665,1.8009188058635852,0.19999999999999998,0.21568817455920072,0.13991333059585984,0.0036871095567637346,33.968856628589734,20,minimum_variance__glasso
2013-03-18,14,glasso,minimum_variance,62.91856019044339,0.17582417582417584,,0.22137427618259525,0.00033206141427389284,5.795218619956637,2.9758726435910927,1.6178516930789557,0.19999999999999998,0.19677618662226382,0.17618271668227284,0.002292667815943101,35.97155034592504,20,minimum_variance__glasso
2013-04-15,14,glasso,minimum_variance,120.1402368579362,0.24175824175824176,,0.7030991655270513,0.001054648748290577,5.813974809429488,2.0520434514638595,1.4241800799451227,0.19999999999999996,0.22368935599023343,0.17747048016126557,0.0027178821590786925,40.331905397827285,20,minimum_variance__glasso
2013-05-17,14,glasso,minimum_variance,131.37076409923992,0.16483516483516483,,0.17943234262865715,0.0002691485139429857,5.975099117846118,2.2477884521113687,1.4856923009892495,0.19999999999999998,0.21961887765096821,0.1607861787674824,0.0024590278629650552,36.63651973802692,20,minimum_variance__glasso
2013-06-14,14,glasso,minimum_variance,69.51057756893698,0.18681318681318682,,0.3596141727704216,0.0005394212591556324,6.460147951531458,3.130497003068293,1.6772843865695293,0.19999999999999998,0.1814808445161209,0.1362551322842384,0.001403891937255756,40.68158574201642,20,minimum_variance__glasso
2013-07-12,14,glasso,minimum_variance,75.96975746181789,0.25274725274725274,,0.4014276988829728,0.0006021415483244592,5.747337172605993,3.3715159021790284,1.919208294090478,0.2,0.2706438077661756,0.09694606584585319,0.0012546810382813916,42.78050645233232,20,minimum_variance__glasso
2013-08-09,14,glasso,minimum_variance,66.96470225962825,0.21978021978021978,,0.21018063487503513,0.0003152709523125527,6.321798178439291,2.9200479336008933,2.0451392874579,0.2,0.23251648746074347,0.08841658336303836,0.0013079594460874873,40.60090934814464,20,minimum_variance__glasso
2013-09-09,14,glasso,minimum_variance,109.1862813630517,0.1978021978021978,,0.4799296396733661,0.0007198944595100492,6.2060347820410655,4.042075547463518,1.9396833002669815,0.20000000000000004,0.2192817947848762,0.07917785274219734,0.001467660941519282,38.79377645027358,20,minimum_variance__glasso
2013-10-08,14,glasso,minimum_variance,55.365740250629166,0.0989010989010989,,0.30761708248033404,0.00046142562372050104,6.079136600406739,4.848995842217103,2.0715462815858117,0.2,0.20670177251415744,0.0744565023876987,0.0010142829100993893,45.17195474388993,20,minimum_variance__glasso
2013-11-05,14,glasso,minimum_variance,43.29400077856352,0.13186813186813187,,0.18658771652650208,0.0002798815747897531,6.2857542784648395,4.269038461484335,1.9746840615885453,0.2,0.21502269983797148,0.07620152011354497,0.000924638682366252,45.45856884056616,20,minimum_variance__glasso
2013-12-03,14,glasso,minimum_variance,24.21596162542835,0.14285714285714285,,0.574759473657608,0.0008621392104864121,6.750729899199806,4.99624690857062,2.3132073418851555,0.2,0.22457600844357908,0.0558292007275424,0.0008589277950204069,39.587572238081435,20,minimum_variance__glasso
2013-12-31,14,glasso,minimum_variance,32.64248421081074,0.15384615384615385,,0.5633959221355269,0.0008450938832032903,6.369047342937692,5.270381754340949,2.344275183252946,0.19999999999999998,0.22813648772432354,0.0527693435347948,0.0028608738787243926,17.35690445302315,20,minimum_variance__glasso
2014-02-07,14,glasso,minimum_variance,40.291579515838166,0.12087912087912088,,0.5844018135441345,0.0008766027203162016,6.399292848950865,6.60438237038394,2.096591223795643,0.19999999999999998,0.19683801038212156,0.07231907191152603,0.002644194483569387,29.885989286353084,20,minimum_variance__glasso
2014-03-10,14,glasso,minimum_variance,46.57289131074204,0.10989010989010989,,0.44897202485132526,0.000673458037276988,6.2320207900115525,5.403622644325542,1.9194933107878953,0.2,0.21285817234319174,0.10397766194821258,0.0018880121122760707,34.522719243792196,20,minimum_variance__glasso
2014-04-07,14,glasso,minimum_variance,46.90539450205215,0.16483516483516483,,0.22193490723791626,0.0003329023608568744,5.698643384631989,5.687257108811714,1.7751051055887448,0.2,0.2297705972532178,0.12388697166001603,0.004995800094835196,35.08205449937496,20,minimum_variance__glasso
2014-05-09,15,glasso,minimum_variance,83.59571742553024,0.2761904761904762,,0.8902714203439505,0.0013354071305159258,5.790303738754884,2.937790747933591,1.425347246457686,0.2,0.20519575627307304,0.1744205189727993,0.0031742655739631894,37.28899172454996,20,minimum_variance__glasso
2014-06-06,15,glasso,minimum_variance,80.03811584810771,0.20952380952380953,,0.3872553550822111,0.0005808830326233166,5.827991263875511,2.9775859711264485,1.4375369450185345,0.2,0.21411386215087472,0.19105425337686768,0.004357845693978702,42.270802522370275,20,minimum_variance__glasso
2014-07-04,15,glasso,minimum_variance,87.53828211755419,0.19047619047619047,,0.10487524717238923,0.00015731287075858384,5.956432988711679,3.044755963948565,1.4547968857005484,0.19999999999999998,0.21631513907611738,0.1773875132654236,0.0036141270620085896,43.82600910225836,20,minimum_variance__glasso
2014-08-01,15,glasso,minimum_variance,74.70914172314583,0.23809523809523808,,0.6153848848871992,0.0009230773273307989,6.864534289825949,4.7502645030333985,1.8472575799007358,0.19999999999999996,0.19711218943035735,0.11400592890910739,0.0018511719423720478,43.97033339598205,20,minimum_variance__glasso
2014-08-29,15,glasso,minimum_variance,40.63054832228329,0.20952380952380953,,0.6058501937990126,0.0009087752906985189,7.3775275407241745,3.830204334638656,2.2062708442269727,0.2,0.2172781708624161,0.07108753846607514,0.001108449477316262,41.97115130277255,20,minimum_variance__glasso
2014-09-30,16,glasso,minimum_variance,100.14388739675043,0.15833333333333333,,0.5298184952484669,0.0007947277428727004,7.290710717804643,5.02404564425547,2.3253043857528506,0.2,0.2238163812462619,0.07078601112663661,0.0015304467960048367,45.35033164420582,20,minimum_variance__glasso
2014-10-28,16,glasso,minimum_variance,87.56098667378697,0.175,,0.32778764163129764,0.0004916814624469465,6.20538588546287,5.995864602258939,2.069573778352263,0.2,0.23204035877918847,0.0715948629215073,0.0013200150124051354,43.11921156999814,20,minimum_variance__glasso
2014-11-25,16,glasso,minimum_variance,34.78435124123078,0.13333333333333333,,0.5664692044445588,0.0008497038066668383,6.766977401782837,4.625492894316078,1.9724531040021707,0.2,0.22804910973321876,0.09023139847616894,0.003007789310769493,39.34200974416067,20,minimum_variance__glasso
2014-12-23,16,glasso,minimum_variance,50.93926967682346,0.1,,0.417234631539144,0.0006258519473087159,6.476097144539571,4.347807927253589,1.697206161502182,0.2,0.21334196265917743,0.11753296417145778,0.0023159704427913002,37.102513226860054,20,minimum_variance__glasso
2015-01-22,16,glasso,minimum_variance,54.91234321275445,0.175,,0.7808851141792181,0.0011713276712688272,7.029180693976501,3.3498444670272653,1.7880443290234367,0.2,0.19174936698433626,0.13244059847857512,0.0038085097020851663,40.34996847836513,20,minimum_variance__glasso
2015-02-27,16,glasso,minimum_variance,79.51005949813604,0.15833333333333333,,0.48236188551457293,0.0007235428282718594,5.703529351651421,4.496562132512182,1.6050971147454904,0.19999999999999996,0.20662110720055368,0.14526179655710864,0.002489230900728434,45.91547260283527,20,minimum_variance__glasso
2015-03-27,16,glasso,minimum_variance,72.98312977612156,0.175,,0.2949650543155778,0.00044244758147336664,6.099788596534989,5.506607719699054,1.8283196253412948,0.2,0.2113476897955439,0.11533037476021236,0.002164961769627996,46.760696450509705,20,minimum_variance__glasso
2015-04-24,16,glasso,minimum_variance,81.11604337128395,0.25833333333333336,,0.3861932056168876,0.0005792898084253314,6.596608168418071,4.694358519350778,1.8215973136121193,0.2,0.17904955728251815,0.116023915754447,0.0023062275849219946,40.9661233922047,20,minimum_variance__glasso
2015-05-28,16,glasso,minimum_variance,85.30803486089822,0.18333333333333332,,0.784019625613937,0.0011760294384209056,6.2023169403920955,2.666400950134947,1.6693295747329668,0.2,0.20795472939557305,0.11686335641534863,0.0017880536563449154,35.578847094755254,20,minimum_variance__glasso
2015-06-25,16,glasso,minimum_variance,43.75773095072206,0.20833333333333334,,0.4732148484560572,0.0007098222726840859,7.1077760656283635,3.349631689756321,1.8632316550248338,0.2,0.2024551859074855,0.13061537845281135,0.0036581908537742227,34.692041736758945,20,minimum_variance__glasso
2015-07-23,16,glasso,minimum_variance,46.25097382420902,0.26666666666666666,,0.44987797876241337,0.00067481696814362,6.368089261269926,4.02889398401654,1.8352111807326443,0.2,0.20350683225094277,0.13727106099386882,0.0023059055208326787,40.878793293771395,20,minimum_variance__glasso
2015-08-20,16,glasso,minimum_variance,69.01999250932914,0.24166666666666667,,0.36586680981417763,0.0005488002147212664,6.236795068748921,5.373484732986407,1.8934843989769752,0.2,0.2018230772917707,0.1304112468117768,0.004757942407584243,36.86773089749098,20,minimum_variance__glasso
2015-09-18,16,glasso,minimum_variance,105.78783755970734,0.18333333333333332,,0.20719922436395627,0.0003107988365459344,6.5625582658492005,2.672235642588954,1.542354064152222,0.2,0.21574660603716092,0.171218268049401,0.003618899244188073,44.70195877997335,20,minimum_variance__glasso
2015-10-16,16,glasso,minimum_variance,104.38186627532083,0.25,,0.5838673202059557,0.0008758009803089335,5.609106141560703,3.008082104479348,1.4518025179719054,0.19999999999999998,0.21945468938409654,0.16486517666162792,0.0035325982416596334,41.70116926580947,20,minimum_variance__glasso
2015-11-13,16,glasso,minimum_variance,52.396024943110774,0.225,,0.24088927170630242,0.0003613339075594536,6.0947048557898045,2.5925848576196384,1.5497368639629028,0.20000000000000004,0.1989639868239682,0.15960728586475526,0.0020764466150949477,45.485606175225605,20,minimum_variance__glasso
2015-12-11,16,glasso,minimum_variance,49.24866988702825,0.225,,0.7753391058569247,0.001163008658785387,5.909224164533427,4.270752773914915,1.8435115057010105,0.19999999999999998,0.22374804277135682,0.08992989947403128,0.0018891951609933308,30.02907349779653,20,minimum_variance__glasso
2016-01-11,16,glasso,minimum_variance,49.32972092338274,0.19166666666666668,,0.4156313657538868,0.0006234470486308302,6.866894872949101,6.148006297126716,2.1759819756251537,0.19999999999999998,0.1884157869230084,0.09657940380539608,0.004904879900758328,37.480329062850295,20,minimum_variance__glasso
2016-02-15,16,glasso,minimum_variance,97.06127999732635,0.18333333333333332,,0.7287053184108377,0.0010930579776162568,6.046206367738665,4.352423218990928,1.7742923903213934,0.2,0.22901251602301526,0.1285878016486036,0.0020755146338924226,41.26794807146348,20,minimum_variance__glasso
2016-03-14,16,glasso,minimum_variance,89.24473328496256,0.175,,0.2563687837699595,0.0003845531756549392,5.9382636840108685,4.219256555865561,1.8217201507711853,0.19999999999999998,0.22351962950780802,0.12480196399129162,0.002459040261263319,45.66424598036759,20,minimum_variance__glasso
2016-04-11,16,glasso,minimum_variance,76.08601717251993,0.25,,0.14269199503905156,0.0002140379925585773,5.552172820844952,4.770605283708749,1.7823728465731217,0.2,0.22496453831975805,0.11938345556760334,0.0021781319805624097,40.376764068879446,20,minimum_variance__glasso
2016-05-12,16,glasso,minimum_variance,45.93360727898125,0.18333333333333332,,0.7362872928254995,0.0011044309392382492,8.203315292205794,4.2229741797982685,2.1960868215430125,0.19999999999999998,0.19663615966749617,0.0926734532746412,0.0011984222016533678,44.74172393507322,20,minimum_variance__glasso
2016-06-09,16,glasso,minimum_variance,58.66957966976226,0.16666666666666666,,0.4082067590563643,0.0006123101385845464,7.067456784509195,6.560696665648807,2.2935039547277714,0.2,0.202298967164372,0.08017404827975388,0.0017448005187123044,40.81555000128467,20,minimum_variance__glasso
2016-07-07,16,glasso,minimum_variance,28.928194189761136,0.19166666666666668,,0.3637381323539003,0.0005456071985308504,6.604387848734446,5.298195464253894,2.2732334320232384,0.2,0.2028060053389251,0.08625668435260046,0.001620235341648162,41.969496745261075,20,minimum_variance__glasso
2016-08-04,16,glasso,minimum_variance,42.6314702616506,0.18333333333333332,,0.3500104566758306,0.0005250156850137459,5.948792058951975,5.432722850067661,1.9602590897169236,0.2,0.22137381881011942,0.09243490930417049,0.001622270521359331,41.09800484093503,20,minimum_variance__glasso
2016-09-01,16,glasso,minimum_variance,92.89093784440948,0.11666666666666667,,0.3811658789078527,0.000571748818361779,6.983219574229813,5.503738041690759,1.9761983983202664,0.2,0.21155866027803572,0.09827515845935622,0.0017535922265357348,40.104666363504705,20,minimum_variance__glasso
2016-09-30,16,glasso,minimum_variance,60.91625447897173,0.15833333333333333,,0.25671151742435394,0.0003850672761365309,6.633731876840649,4.831074596659199,2.1604577378613956,0.19999999999999996,0.22208411248847146,0.09656694917418923,0.0018305462217108161,44.09425965754469,20,minimum_variance__glasso
2016-10-28,16,glasso,minimum_variance,88.35493548049288,0.175,,0.4340327973941047,0.0006510491960911571,8.2441075486465,4.207983711789574,2.409736182287735,0.2,0.1953535892602601,0.08216388782092031,0.0011352625041600067,45.909798625273794,20,minimum_variance__glasso
2016-11-25,16,glasso,minimum_variance,61.11227286176046,0.14166666666666666,,0.5320083517225729,0.0007980125275838593,6.992370017112515,5.339701183716564,2.1750878570413503,0.2,0.22099653521321658,0.08086474404507074,0.0013859005152285827,40.55492293653695,20,minimum_variance__glasso
2016-12-23,16,glasso,minimum_variance,63.005898398023604,0.11666666666666667,,0.4879726305563999,0.0007319589458345998,7.244625902357387,2.9778628012010984,1.7969813266803376,0.2,0.2296775350615902,0.09636011932812621,0.002446425586220432,36.30648831598932,20,minimum_variance__glasso
2017-01-23,16,glasso,minimum_variance,31.48768182874005,0.21666666666666667,,0.6164392960330247,0.000924658944049537,6.642327411184842,5.900245083846383,2.0290008188630284,0.2,0.1747577415457119,0.09405230452574463,0.0013002034949051845,44.33647319966797,20,minimum_variance__glasso
2017-02-27,16,glasso,minimum_variance,22.170042584259562,0.15833333333333333,,0.22870792789365396,0.00034306189184048094,6.935568308615213,5.381979172500009,2.2924112818823823,0.2,0.20081481321588038,0.09199370776187106,0.0012689798111297707,44.96215024484547,20,minimum_variance__glasso
2017-03-27,17,glasso,minimum_variance,23.222402390754556,0.18382352941176472,,0.8483505517657023,0.0012725258276485535,9.292087599305916,10.205531720554493,2.873501771786667,0.2,0.19199147213660883,0.07182533950679082,0.0019377083806172662,46.26466676281407,20,minimum_variance__glasso
2017-04-25,18,glasso,minimum_variance,25.033182541945035,0.16339869281045752,,0.7416510105763532,0.0011124765158645297,8.04362287718633,7.945731272692899,2.669479718461328,0.2,0.1992881563543663,0.07117466858011522,0.002374216611308552,43.076197563692716,20,minimum_variance__glasso
2017-05-25,19,glasso,minimum_variance,48.33480417905432,0.1286549707602339,,0.474391247985588,0.000711586871978382,8.466398584604901,10.016746335305296,2.7450475357895123,0.19053909586469786,0.19011186382885345,0.07353945073449322,0.00147609161995241,50.97943080787363,20,minimum_variance__glasso
2017-06-22,19,glasso,minimum_variance,30.69267854895451,0.15204678362573099,,0.4066169829258014,0.000609925474388702,7.707230117307652,9.462642533006052,2.8910325244410857,0.20000000000000007,0.20271579376174242,0.06344600978874022,0.0016065489889144293,55.85530061062842,20,minimum_variance__glasso
2017-07-20,20,glasso,minimum_variance,35.33942296547884,0.2,,0.36693594300410454,0.0005504039145061568,7.537009345512123,9.524810336218994,3.231927562231689,0.2,0.205966954627703,0.05453335719395312,0.0019164168328234376,56.03161534501555,20,minimum_variance__glasso
2017-08-17,20,glasso,minimum_variance,56.21577761896047,0.16842105263157894,,0.45776546158491477,0.0006866481923773722,7.973672723531774,5.637856453415366,2.3101098166638687,0.2,0.19165131137514718,0.07517131720106726,0.0014584889632542686,55.735755217241206,20,minimum_variance__glasso
2017-09-15,20,glasso,minimum_variance,71.55400844796554,0.15789473684210525,,0.5249248193120719,0.0007873872289681079,7.3477585595643875,6.950673638494987,1.9962470734505502,0.2,0.20070866787200525,0.08186263425396596,0.001720626126409698,51.6966253401724,20,minimum_variance__glasso
2017-10-13,20,glasso,minimum_variance,51.79143601522578,0.1736842105263158,,0.7433557550091688,0.0011150336325137533,8.116345814463918,7.041770887251765,2.195417744177243,0.2,0.18704062999203794,0.07645930731273033,0.0017387271591458697,48.21038514048642,20,minimum_variance__glasso
2017-11-10,21,glasso,minimum_variance,25.457760303165408,0.1619047619047619,,0.8351349645035633,0.001252702446755345,10.35874290189552,7.250265051196349,2.7905389844250266,0.13810830420316925,0.13794505827605885,0.07804049672919937,0.0034154062412971617,40.706203794261164,20,minimum_variance__glasso
2017-12-08,21,glasso,minimum_variance,25.705607312504583,0.21428571428571427,,0.9394489993325738,0.0014091734989988606,9.547362911776375,4.211363560988373,2.6282205309061126,0.1718002631640757,0.17157594455981073,0.10808397607363505,0.00415918481343642,49.36631208074741,20,minimum_variance__glasso
2018-01-08,22,glasso,minimum_variance,36.39907836519288,0.19913419913419914,,0.7112363531672262,0.0010668545297508392,7.382814797249506,6.793827251083254,2.5390380270559016,0.1858812502168365,0.18614398731418247,0.11841596374054036,0.012282479523480808,32.436386382835245,20,minimum_variance__glasso
2018-02-07,23,glasso,minimum_variance,60.909398140229506,0.19367588932806323,,1.0485655692800042,0.0015728483539200063,6.655375008493799,5.2193501067899915,1.967675973243379,0.2,0.19758800631381396,0.1826239939745703,0.005683964813307898,52.21979476434123,20,minimum_variance__glasso
2018-03-14,23,glasso,minimum_variance,73.55423908808777,0.2490118577075099,,0.4474567651450738,0.0006711851477176107,7.319665156297734,4.981188467566116,1.94106826681482,0.2,0.1842981909264881,0.19797397391013505,0.0063315246388295264,57.416483486879045,20,minimum_variance__glasso
2018-04-11,24,glasso,minimum_variance,86.69597736488339,0.2391304347826087,,0.32526349377939334,0.00048789524066909003,7.314730503606659,4.941843993937311,1.9303755960403104,0.20000000000000004,0.18298103978103217,0.19327037726251534,0.010403330483466798,52.194446342299685,20,minimum_variance__glasso
2018-05-14,25,glasso,minimum_variance,112.44209042701756,0.25,,1.0195892723662907,0.001529383908549436,6.774141487522485,6.922128963232715,2.143768548007295,0.2,0.22626421787190695,0.1652687348287742,0.011046602537115573,54.455477309071824,20,minimum_variance__glasso
2018-06-11,26,glasso,minimum_variance,136.19466632303673,0.29846153846153844,,0.8326595442283553,0.001248989316342533,6.42796274633308,5.878737069163344,2.1926882925615816,0.2,0.1978561090911224,0.19959497272940932,0.007222931606503665,63.65925462793064,20,minimum_variance__glasso
2018-07-09,27,glasso,minimum_variance,226.13235389807707,0.3162393162393162,,0.533212831925423,0.0007998192478881345,5.7446673810006015,4.790782270816141,2.0127706805201826,0.2,0.203938788000756,0.2073612056182169,0.012532645783453396,64.34587305556602,20,minimum_variance__glasso
2018-08-06,28,glasso,minimum_variance,229.21184821412453,0.25396825396825395,,0.43934735252564877,0.0006590210287884732,5.66861387126073,7.484235281034155,2.349203926214808,0.2,0.2079880503780693,0.15619052639603967,0.012026661273766335,74.41518266429853,20,minimum_variance__glasso
2018-09-04,29,glasso,minimum_variance,195.37709963434025,0.2660098522167488,,0.2798337232764728,0.00041975058491470926,5.949838792256085,8.49389116982563,2.234792552877577,0.2,0.19732666971302495,0.12600414193435172,0.007985843916571225,78.16620363524142,20,minimum_variance__glasso
2018-10-02,29,glasso,minimum_variance,93.8707942265693,0.21428571428571427,,0.5369674502568302,0.0008054511753852454,7.320304495949552,11.095439987156292,3.09225429973426,0.2,0.17623237430104413,0.08417326721513393,0.008315164312791548,71.97331028425049,20,minimum_variance__glasso
2018-10-30,29,glasso,minimum_variance,121.35261344713086,0.2536945812807882,,0.7781046447452832,0.0011671569671179247,6.290360467989534,4.279806242103968,1.8628531793806893,0.2,0.22533941851552347,0.12617431244383373,0.003890020951073259,71.7497734398408,20,minimum_variance__glasso
2018-11-27,29,glasso,minimum_variance,183.7465465218723,0.27586206896551724,,0.4889052950060623,0.0007333579425090935,6.870474368205575,3.7410061647999107,1.8358717571014682,0.2,0.2290378917288185,0.13597152030826434,0.0034375943273959966,80.30226328777717,20,minimum_variance__glasso
2018-12-25,29,glasso,minimum_variance,184.1906197857987,0.2881773399014778,,0.41179946483280827,0.0006176991972492124,5.835660276553832,5.064765550308656,1.7970721434638675,0.19999999999999998,0.21484734460738655,0.13433502337750186,0.004988455690894562,73.902488683787,20,minimum_variance__glasso
2019-01-24,29,glasso,minimum_variance,118.14439115506465,0.24630541871921183,,0.48778625244538715,0.0007316793786680808,7.12026122133162,6.106668023757512,2.6300157656335945,0.2,0.2126089202127714,0.10171900362768926,0.0033804734158410774,77.9092957062387,20,minimum_variance__glasso
2019-02-28,29,glasso,minimum_variance,104.67226103062194,0.2019704433497537,,0.4753791602571178,0.0007130687403856767,6.8885116574707315,5.371505940761791,2.4805804248649923,0.1962535396928252,0.19575967667249208,0.10693822065460666,0.0025228365747161645,82.0530722097443,20,minimum_variance__glasso
2019-03-28,29,glasso,minimum_variance,105.51446708823829,0.19458128078817735,,0.5904352771706837,0.0008856529157560255,8.584343557029348,5.612765818916512,2.435834350295661,0.2,0.19279391064467838,0.10274969098408693,0.0026222947180051972,83.33939623186151,20,minimum_variance__glasso
2019-04-26,29,glasso,minimum_variance,98.69260783115041,0.19458128078817735,,0.6408549425103623,0.0009612824137655436,9.634919829779381,6.40187036115029,2.351460955326473,0.20000000000000004,0.1728645964021459,0.09591628657357598,0.0022491715100159387,81.41400900592349,20,minimum_variance__glasso
2019-05-29,29,glasso,minimum_variance,110.12478210884062,0.20689655172413793,,0.990857619057431,0.0014862864285861465,8.72327749424257,2.9159856803560835,2.117607849536025,0.19999999999999998,0.20425954791861892,0.08879965149242333,0.0017095540221807193,85.57937163963216,20,minimum_variance__glasso
2019-06-26,29,glasso,minimum_variance,89.25000709551745,0.2019704433497537,,0.6286189615955813,0.0009429284423933719,8.104997624151942,4.391534347763995,2.139001458800294,0.19999999999999998,0.19716720563195536,0.07806312902621643,0.0018676612329265889,75.80905355750009,20,minimum_variance__glasso
2019-07-24,29,glasso,minimum_variance,77.00076450062024,0.23891625615763548,,0.6158686764981552,0.0009238030147472328,7.814140986194209,5.2797386685867425,2.128272323544981,0.15959788450475232,0.15938400021364435,0.08397695848122089,0.002667093513074081,74.68001122738427,20,minimum_variance__glasso
2019-08-21,29,glasso,minimum_variance,52.34274928304368,0.19950738916256158,,0.9620198716281532,0.0014430298074422298,8.972140704430828,5.394303150031216,2.494643109629325,0.1686657772447906,0.16873428663244666,0.0761453689036213,0.0016691436779435677,83.21780548918382,20,minimum_variance__glasso
2019-09-19,29,glasso,minimum_variance,50.86219647291552,0.1724137931034483,,0.5592194894496367,0.000838829234174455,9.336283433802171,6.290857297352021,2.615482346242136,0.2,0.15255627241915812,0.06944571586683249,0.0016704883283094388,86.92511741761021,20,minimum_variance__glasso
2019-10-17,29,glasso,minimum_variance,49.36314687100817,0.17980295566502463,,0.6077932707475262,0.0009116899061212893,8.25169607159326,7.983925476098417,2.836091881715126,0.2,0.17399520316499759,0.059788252537162016,0.0012902996395967785,89.01363809076499,20,minimum_variance__glasso
2019-11-14,29,glasso,minimum_variance,47.01077517942398,0.18226600985221675,,0.4019878085620279,0.0006029817128430419,9.729220249671837,7.46454758056462,2.682501454638247,0.2,0.1938731927590549,0.05912170807942356,0.002322599756274111,78.32971365162798,20,minimum_variance__glasso
2019-12-12,29,glasso,minimum_variance,86.86056331641151,0.22660098522167488,,0.8819336177681167,0.0013229004266521753,6.967764365802191,12.78622226617724,2.6409444329942353,0.2,0.203483673020337,0.052858566986947915,0.0021971488529633674,78.30644483809641,20,minimum_variance__glasso
2020-01-10,29,glasso,minimum_variance,106.99855705523498,0.2044334975369458,,0.438282321385589,0.0006574234820783835,6.647172770934471,8.722063626288428,2.4067102334256014,0.2,0.20550157990209195,0.05793900597147951,0.006178612027560937,45.94448403741845,20,minimum_variance__glasso
2020-02-14,29,glasso,minimum_variance,305.618495741575,0.21428571428571427,,0.8800619225964871,0.0013200928838947306,6.3894025275569595,5.302211957212419,1.8952447184727779,0.2,0.25751822604380514,0.09646803611584405,0.016859291573911375,25.59273316089565,20,minimum_variance__glasso
2020-03-13,29,glasso,minimum_variance,179.05392842625633,0.27832512315270935,,0.6438995885002075,0.0009658493827503111,7.687343020529206,2.9094053255088284,1.6492321271365034,0.19999999999999996,0.17123827580845202,0.19260089275137576,0.021284778093577622,32.14685711106911,20,minimum_variance__glasso
2020-04-13,29,glasso,minimum_variance,279.525423159974,0.3399014778325123,,0.6282578718121067,0.0009423868077181601,6.230418096681394,2.895127309407289,1.6414131062609534,0.2,0.20933843398072866,0.2693470003503171,0.010504344979694687,67.12535252390971,20,minimum_variance__glasso
2020-05-13,29,glasso,minimum_variance,277.4841579032409,0.35960591133004927,,0.21495448196971575,0.0003224317229545736,6.275497880763303,2.5883241330185864,1.635186275389649,0.19999999999999996,0.1911456129262883,0.2856839964168771,0.015334044983330727,73.5774740955407,20,minimum_variance__glasso
2020-06-10,29,glasso,minimum_variance,237.12371399388505,0.32019704433497537,,0.36475811461148816,0.0005471371719172322,6.114046538599386,2.8558669225936058,1.7107552949742983,0.2,0.21960639540367208,0.23330415636424523,0.0068546023590523395,76.50223263648058,20,minimum_variance__glasso
2020-07-08,29,glasso,minimum_variance,186.22264936927715,0.27832512315270935,,0.9863506486334132,0.0014795259729501198,6.091467308625813,3.2507712516303013,1.5373319592200048,0.2,0.1860293061910061,0.1758803875688701,0.009346004722996546,78.36342252665852,20,minimum_variance__glasso
2020-08-05,29,glasso,minimum_variance,269.9819250809675,0.3374384236453202,,0.5798063335833252,0.0008697095003749877,5.641814993215033,2.7790812035808585,1.411063437501458,0.2,0.21042817306764441,0.20404903197938884,0.008197334144765912,81.34802313934841,20,minimum_variance__glasso
2020-09-03,29,glasso,minimum_variance,269.0398420582814,0.33004926108374383,,0.26144916636443216,0.0003921737495466482,5.934502130066948,2.328357488693525,1.3598755580744206,0.2,0.20522721044829678,0.2136791920750203,0.007417687349457122,82.18598046359203,20,minimum_variance__glasso
2020-10-01,29,glasso,minimum_variance,162.41013744693498,0.312807881773399,,0.5695766685744185,0.0008543650028616277,6.8524172764839015,2.704645209954143,1.5090172405650535,0.19999999999999998,0.20847954990976114,0.1769406755023499,0.004739119967805942,67.10079099939925,20,minimum_variance__glasso
2020-10-29,29,glasso,minimum_variance,67.76194895048891,0.19458128078817735,,1.0150693744269967,0.0015226040616404951,7.626108164947879,7.505597216343992,2.3700558120543493,0.19885970199755582,0.1985282998408425,0.08063746320011538,0.0025166852571326575,68.27345142140888,20,minimum_variance__glasso
2020-11-26,28,glasso,minimum_variance,78.5000079926361,0.18253968253968253,,0.7815901545280072,0.0011723852317920107,7.505870967975494,8.021943671189458,2.3239797733119447,0.19999999999999998,0.19911975356825712,0.09349546877817079,0.0036742125232623666,67.55954174250266,20,minimum_variance__glasso
2020-12-24,28,glasso,minimum_variance,81.15252435562905,0.21164021164021163,,0.7259477078419132,0.0010889215617628698,7.477923778493322,6.257554790794687,2.3801871086219757,0.2,0.20283661117874358,0.10292905691771706,0.006612444686586935,63.23119415635541,20,minimum_variance__glasso
2021-01-22,28,glasso,minimum_variance,116.46873133910401,0.23809523809523808,,1.0165192257792592,0.001524778838668889,7.251214693743676,4.184030591725617,1.9135433274640954,0.2,0.1972329797654248,0.14947672642482585,0.020593224626271472,55.018403712366016,20,minimum_variance__glasso
2021-02-26,29,glasso,minimum_variance,223.81934785133666,0.35714285714285715,,0.946527180960258,0.001419790771440387,7.281311517315412,2.375171169310457,1.420977036838851,0.19999999999999998,0.20510388968244486,0.25916862879653707,0.010097983616794117,80.97937648408816,20,minimum_variance__glasso
2021-03-26,29,glasso,minimum_variance,234.60797287383332,0.3694581280788177,,0.28651155105759507,0.0004297673265863926,6.307426059916894,2.4015123842156036,1.347159814549418,0.2,0.207127695858459,0.2521410560281027,0.007042460956687156,72.8767954649496,20,minimum_variance__glasso
2021-04-26,29,glasso,minimum_variance,205.25848930790903,0.34236453201970446,,0.3114586370876322,0.0004671879556314483,6.278841914215512,2.4797372251220446,1.4211486515804765,0.2,0.20587420745745372,0.23357550693842052,0.00940891742823856,66.28948817721854,20,minimum_variance__glasso
2021-05-26,29,glasso,minimum_variance,90.72428176701716,0.23399014778325122,,0.8608976171260507,0.001291346425689076,7.084886759947185,4.896960268720494,2.1238894072328547,0.2,0.1985868947606118,0.11510695610605005,0.007704984077135431,61.27081590829415,20,minimum_variance__glasso
2021-06-23,30,glasso,minimum_variance,87.67096141053341,0.23448275862068965,,0.4496548215896087,0.000674482232384413,8.016901103187726,9.725727592334328,2.6252906580436086,0.19999999999999998,0.16992956752503038,0.1064733588279253,0.011806824725646215,66.36096012026458,20,minimum_variance__glasso
2021-07-21,30,glasso,minimum_variance,133.32263555005642,0.25057471264367814,,0.7442067482066465,0.0011163101223099696,7.172627594253492,9.02125924306072,2.1267831124347962,0.19999999999999998,0.1726757867870857,0.13615731160533717,0.0071199974171986275,81.55479370791159,20,minimum_variance__glasso
2021-08-18,30,glasso,minimum_variance,148.69051006345438,0.28735632183908044,,0.43297435043609656,0.0006494615256541448,6.221259403059729,8.294581045996788,2.1211305083224823,0.2,0.18441194593691362,0.12233637167658519,0.006505606765250176,79.49056062453693,20,minimum_variance__glasso
2021-09-17,30,glasso,minimum_variance,171.87900444580555,0.30114942528735633,,0.5016237326092726,0.000752435598913909,6.614564968056105,6.6180374441693814,1.7829472933020905,0.2,0.20187365391573373,0.1404537046901783,0.006478847200175614,81.62205729983656,20,minimum_variance__glasso
2021-10-15,30,glasso,minimum_variance,143.256943261609,0.25287356321839083,,0.5660372816869063,0.0008490559225303593,6.666251636712747,6.408131677018685,2.187503024745667,0.2,0.20923625153953798,0.09310638683787725,0.0029393165878312502,79.29257430901237,20,minimum_variance__glasso
2021-11-12,30,glasso,minimum_variance,116.68223620363133,0.24367816091954023,,0.4677729790963488,0.0007016594686445231,6.205287608416401,5.6735352629801,2.0674801386763346,0.19999999999999993,0.21718473075967276,0.0937006853028512,0.005438011348629625,69.89772138703945,20,minimum_variance__glasso
2021-12-10,30,glasso,minimum_variance,110.56389109944548,0.21379310344827587,,0.9599142965642768,0.0014398714448464152,6.982517855976199,8.077399050780425,2.0842909832150815,0.2,0.20081293113556792,0.10073777908688863,0.003462518548551646,75.46939540681032,20,minimum_variance__glasso
2022-01-10,30,glasso,minimum_variance,126.70564294389989,0.22528735632183908,,0.3640594457893372,0.0005460891686840058,6.700377061366795,6.902613967533179,1.8272341017516762,0.19999999999999998,0.21134073193138025,0.111748485832578,0.007942128059989697,59.8739611892418,20,minimum_variance__glasso
2022-02-14,30,glasso,minimum_variance,175.9782015147799,0.22298850574712645,,0.5344199588678812,0.0008016299383018218,7.20977132605132,9.741160138445219,2.3407149440883237,0.19999999999999993,0.16885042336415906,0.10815270118763494,0.004954927791574524,80.30461463063776,20,minimum_variance__glasso
2022-03-14,30,glasso,minimum_variance,148.51496024779232,0.2735632183908046,,0.4409364330143861,0.0006614046495215792,6.897917827182799,9.975191026683229,2.5154931492719643,0.19999999999999998,0.19310461991765193,0.09389091116250319,0.0036624431651914335,77.32063293616417,20,minimum_variance__glasso
2022-04-12,30,glasso,minimum_variance,183.4844974405036,0.28735632183908044,,0.6509598286625536,0.0009764397429938305,7.970135173216511,11.381184573133252,2.6724929249501304,0.19398742226470292,0.19403264936659984,0.0991539051499841,0.01630671027641356,54.972905237188556,20,minimum_variance__glasso
2022-05-12,30,glasso,minimum_variance,150.09656702514582,0.2896551724137931,,0.7727813544554109,0.0011591720316831162,6.265811618300603,5.215128184180483,1.6359705032413885,0.2,0.21253641061398879,0.16406969945980993,0.0070547140386548425,73.26737992205027,20,minimum_variance__glasso
2022-06-09,30,glasso,minimum_variance,263.3810078117365,0.2988505747126437,,0.4669367790793111,0.0007004051686189666,5.616171345053185,5.079428836107718,1.565963524966691,0.2,0.22808847614164549,0.16285547712615553,0.006739836470626128,65.15086408060309,20,minimum_variance__glasso
2022-07-07,30,glasso,minimum_variance,242.66587823509124,0.32873563218390806,,0.15283911729291405,0.00022925867593937105,5.470112206259671,7.055774802239833,1.4814436438635772,0.2,0.2141917098724722,0.18600813871646985,0.01218895623552105,80.99110218731695,20,minimum_variance__glasso
2022-08-04,30,glasso,minimum_variance,186.60265402606657,0.29195402298850576,,0.3177451569748616,0.0004766177354622924,5.709708781113907,9.655498002374951,1.6995824862630464,0.2,0.22971974476834411,0.13772762277614112,0.008973940841462554,85.79455050675041,20,minimum_variance__glasso
2022-09-05,30,glasso,minimum_variance,198.13408842349583,0.25287356321839083,,0.3988428664366978,0.0005982642996550467,7.238243350874895,6.8923190312473706,1.9188145360836792,0.19999999999999993,0.20126948232142555,0.12593813301250195,0.004456045858234508,80.54708994709725,20,minimum_variance__glasso
2022-10-03,30,glasso,minimum_variance,215.8372948460343,0.2482758620689655,,0.7027251180990219,0.001054087677148533,7.248625162379553,4.394590823067997,1.7971881402213863,0.2,0.18543151463070273,0.10719681882726453,0.01916347139057273,38.45387592993464,20,minimum_variance__glasso
2022-10-31,30,glasso,minimum_variance,185.17555817559634,0.26436781609195403,,0.6930601465121203,0.0010395902197681804,6.55771347282153,4.000207033929474,1.6716350403127722,0.2,0.19739230767777927,0.15759099994204576,0.011540202028141202,60.242045751775564,20,minimum_variance__glasso
2022-11-28,30,glasso,minimum_variance,222.58251055297768,0.31494252873563217,,0.29468456146218364,0.00044202684219327545,6.026808716394664,5.787828150689716,1.6550871718160303,0.2,0.20249842505766252,0.17692104350571758,0.007354946585734159,72.98616197820448,20,minimum_variance__glasso
2022-12-26,30,glasso,minimum_variance,247.02125413832007,0.27586206896551724,,0.14574339562362634,0.00021861509343543953,5.489650419086808,6.543530830916013,1.674816720230005,0.2,0.212904479829946,0.16709114970034958,0.013946633757366092,80.1302610922345,20,minimum_variance__glasso
2023-01-31,30,glasso,minimum_variance,425.47910257469647,0.2896551724137931,,0.28377329188633316,0.00042565993782949977,5.766990971179568,7.979137335208783,1.7991199509983586,0.2,0.20993545270352554,0.13512963015692442,0.007526279408182598,79.37193986985282,20,minimum_variance__glasso
2023-02-28,30,glasso,minimum_variance,337.5765514912414,0.2574712643678161,,0.36877997417748287,0.0005531699612662243,6.1168884638623595,4.942834203080163,1.6419044809227763,0.19999999999999998,0.21210371461196226,0.12576598971912345,0.00611838325565505,86.41632201543581,20,minimum_variance__glasso
2023-03-28,30,glasso,minimum_variance,286.0301130403787,0.2850574712643678,,0.2849732037099014,0.00042745980556485217,6.175086317286046,4.189685709942097,1.5678345010901995,0.2,0.18817092898904292,0.11478608008621742,0.005184944420637331,88.70967633295102,20,minimum_variance__glasso
2023-04-25,30,glasso,minimum_variance,328.24142997203614,0.24367816091954023,,0.18221535675345,0.000273323035130175,6.575894910679454,4.56692042195843,1.6679515686861304,0.2,0.1715141729044457,0.08872427354544617,0.0037095520254853626,85.07640720056011,20,minimum_variance__glasso
2023-05-26,30,glasso,minimum_variance,156.77344364276325,0.21379310344827587,,0.520343440150229,0.0007805151602253436,6.202362834343619,6.300531267846861,1.9177530992048242,0.2,0.21561302850865194,0.07438014684335245,0.001618031752788521,86.65170593457178,20,minimum_variance__glasso
2023-06-23,30,glasso,minimum_variance,97.51772940934298,0.20229885057471264,,0.9843229673613952,0.001476484451042093,7.6194048951463005,7.977189597535163,2.416408085463967,0.2,0.1933563691595436,0.05800525278341041,0.00157532728608295,81.22362565289768,20,minimum_variance__glasso
2023-07-21,30,glasso,minimum_variance,74.74171871221736,0.1724137931034483,,0.42931316499400124,0.0006439697474910019,8.841297549765255,7.689176874852479,2.57541648665659,0.2,0.18682672762609573,0.05754928683461492,0.005179968184103311,65.3721811782969,20,minimum_variance__glasso
2023-08-18,30,glasso,minimum_variance,86.19092949650552,0.23448275862068965,,0.9380843358732285,0.0014071265038098429,7.5146939183398835,7.749724489272408,2.2840221792057305,0.19999999999999998,0.20701400167161282,0.07949743526661748,0.0023046511003951687,80.3609210149551,20,minimum_variance__glasso
2023-09-19,30,glasso,minimum_variance,98.24672003858068,0.23448275862068965,,0.6178139337216668,0.0009267209005825002,7.017593668434611,7.138346264242081,2.094293258858996,0.2,0.2061505815326995,0.09510607741380737,0.0051192016581093815,77.22884343195462,20,minimum_variance__glasso
2023-10-17,30,glasso,minimum_variance,184.06197873184396,0.24367816091954023,,0.3150098553411464,0.0004725147830117196,7.119887460774482,5.261132166860539,1.9457088115977033,0.19999999999999998,0.17481071483951363,0.11145405362813686,0.007218613533123971,70.44861984687492,20,minimum_variance__glasso
2023-11-14,30,glasso,minimum_variance,245.41239309082758,0.26666666666666666,,0.8484844448034762,0.0012727266672052143,6.315043973107788,3.7774789038004544,1.5958053020655771,0.20000000000000007,0.2078682235189037,0.1449710943923183,0.004177772200965777,89.34716948103423,20,minimum_variance__glasso
2023-12-12,30,glasso,minimum_variance,268.8161214991894,0.28735632183908044,,0.1938132239895242,0.0002907198359842863,6.151981230339257,4.341432231524876,1.5602512675043685,0.2,0.19836699551176046,0.14364695467285155,0.00591298326065644,87.55513070216507,20,minimum_variance__glasso
2024-01-10,30,glasso,minimum_variance,183.2860763020744,0.3195402298850575,,0.2854191498189921,0.0004281287247284881,6.80569818623896,3.421235206778184,1.56356344817119,0.2,0.19112651724493243,0.14328354242734587,0.004399975563900813,88.7632840699792,20,minimum_variance__glasso
2024-02-07,30,glasso,minimum_variance,91.18913157256661,0.2574712643678161,,0.7791669839803663,0.0011687504759705495,7.670131602702378,3.762954445278419,1.8130566241210355,0.2,0.1982263214735203,0.0939582773188792,0.002713081127649976,75.98383757350918,20,minimum_variance__glasso
2024-03-13,30,glasso,minimum_variance,99.11245728970013,0.24597701149425288,,0.7279794274780459,0.001091969141217069,7.832415886195503,4.592515856204192,2.2132193263248663,0.2,0.16169966625489215,0.07635710509530216,0.0030590802592136814,82.07676097901553,20,minimum_variance__glasso
2024-04-10,30,glasso,minimum_variance,184.72462863413674,0.24367816091954023,,0.4604510290930517,0.0006906765436395776,7.944236978085476,4.511767031803592,1.953687684984753,0.19999999999999998,0.15853316129960968,0.08240029113869198,0.005392000036300354,65.7363714910727,20,minimum_variance__glasso
2024-05-14,30,glasso,minimum_variance,308.4276109458319,0.271264367816092,,0.8702307684149598,0.0013053461526224398,6.6844725710409145,5.022312140027273,1.61873836535881,0.19999999999999996,0.22025363315731378,0.11564284686541892,0.0033437374874885945,84.90656368255682,20,minimum_variance__glasso
2024-06-11,30,glasso,minimum_variance,263.84492380561437,0.2735632183908046,,0.667443649352875,0.0010011654740293124,6.782134536711843,4.428771454924425,1.5208044083286403,0.20000000000000007,0.2083910010865482,0.11022140251235728,0.0028550186745343914,76.55402984996464,20,minimum_variance__glasso
2024-07-09,30,glasso,minimum_variance,181.24264401827128,0.29195402298850576,,0.27947690459190255,0.0004192153568878538,5.86471358089358,4.374422699012399,1.5723012731072108,0.2,0.20080691285487004,0.11410889713322958,0.0026686720803174636,82.43819910922846,20,minimum_variance__glasso
2024-08-06,30,glasso,minimum_variance,158.97295547488508,0.24597701149425288,,0.7306408777867704,0.0010959613166801557,6.1859622446542195,4.878659545775035,1.697590907453817,0.2,0.20641389683132974,0.10286218920205446,0.002418073215475468,82.59779572473462,20,minimum_variance__glasso
2024-09-05,30,glasso,minimum_variance,210.30084011219233,0.26666666666666666,,0.750391511244836,0.0011255872668672541,6.874111117716944,5.761118097658545,1.860145589057883,0.2,0.18716903398529322,0.10185978553959733,0.0028946588314733538,88.63709133827244,20,minimum_variance__glasso
2024-10-03,30,glasso,minimum_variance,107.25141756927272,0.23448275862068965,,0.28494991257429736,0.00042742486886144604,6.25778067193825,5.301841371002815,1.824924572641025,0.19999999999999998,0.20180159992029303,0.10255189983931855,0.002418181878459509,91.48605066802737,20,minimum_variance__glasso
2024-10-31,30,glasso,minimum_variance,81.39571621226342,0.2,,0.5740221791098593,0.0008610332686647891,8.420350579191098,4.292989400039141,2.0710296392863423,0.19010342189264595,0.19046844320797807,0.07480839836816593,0.0012703534435095974,95.38500282851385,20,minimum_variance__glasso
2024-11-28,30,glasso,minimum_variance,99.29695037979675,0.20689655172413793,,0.6488775248243813,0.0009733162872365719,7.604100274706751,6.851236638554015,1.9561315831040833,0.2,0.19509979238376782,0.06650700803365567,0.001552755401140166,93.30801615015142,20,minimum_variance__glasso
2024-12-26,30,glasso,minimum_variance,120.31997649909451,0.21149425287356322,,0.6740708051142694,0.0010111062076714043,7.786540919195902,7.21181062098753,2.255472177159782,0.2,0.18475311886512624,0.05995766514745077,0.0016040897578085778,86.69860854543113,20,minimum_variance__glasso
2025-01-24,30,glasso,minimum_variance,165.14670028928364,0.23908045977011494,,0.42544829755177804,0.0006381724463276671,7.626269915553419,6.533028464310188,2.055157317409667,0.19999999999999996,0.17614192525930888,0.05762244630254749,0.0014965078185999853,86.99429571972834,20,minimum_variance__glasso
2025-02-28,30,glasso,minimum_variance,124.88694991465111,0.20689655172413793,,0.37539648264910924,0.0005630947239736639,7.002892276602646,7.5141552004784415,2.0634799762620233,0.19999999999999998,0.17930943499626079,0.055533336418224236,0.0022060738208903963,53.83263706076443,20,minimum_variance__glasso
2025-03-28,30,glasso,minimum_variance,72.6725782070332,0.167816091954023,,0.8784776824961906,0.0013177165237442858,7.367845491046476,12.364610278719283,2.5994217240254174,0.1989270924738046,0.19775029496179997,0.05219509411296563,0.02696572053677776,-12.827689836403554,20,minimum_variance__glasso
2025-04-28,30,glasso,minimum_variance,330.9421761747965,0.37701149425287356,,0.840813656824231,0.0012612204852363465,6.199884022423782,2.544915458051347,1.4011541374309398,0.2,0.22060746599393266,0.22479815395858116,0.008021063057862248,81.19248070549709,20,minimum_variance__glasso
2025-05-29,30,glasso,minimum_variance,277.4755978331582,0.3632183908045977,,0.719975461158001,0.0010799631917370017,6.953141969987978,2.472331788692951,1.4307343690156664,0.20000000000000004,0.21479445640400005,0.23193777073599714,0.00908531920418683,85.43289789843213,20,minimum_variance__glasso
2025-06-26,30,glasso,minimum_variance,318.6079716144924,0.3724137931034483,,0.18709100190202355,0.0002806365028530353,7.474425452719525,2.3437208571793056,1.4353949237172,0.2,0.21264110990466592,0.23518667891980868,0.009062130124831536,80.89420991983384,20,minimum_variance__glasso
2025-07-24,30,glasso,minimum_variance,116.39563147140869,0.21379310344827587,,1.0630633523432016,0.0015945950285148024,9.37500551018735,6.999547184401891,2.2462569499841223,0.2,0.18157175615038387,0.08315351487899054,0.009774501315013059,28.477894282486556,20,minimum_variance__glasso
2025-08-21,30,glasso,minimum_variance,125.03032129007327,0.2160919540229885,,1.013304717572426,0.0015199570763586388,8.49597788177661,5.20075934616635,2.0003842110595698,0.20000000000000004,0.2049249945438487,0.11421911645660235,0.005770052176025575,71.55753138817254,20,minimum_variance__glasso
2025-09-22,30,glasso,minimum_variance,177.53902919113978,0.2413793103448276,,0.6247736754360157,0.0009371605131540235,7.4305844785919986,5.710908184246797,1.6979782863621544,0.20000000000000004,0.17403905781849735,0.13465022248332448,0.005206227556287832,80.7441243880963,20,minimum_variance__glasso
2025-10-20,30,glasso,minimum_variance,334.53981347002065,0.27816091954022987,,0.42130363724772,0.00063195545587158,6.858775538138903,5.189994386629999,1.587766297894153,0.19999999999999998,0.22040433760965836,0.15006249388025503,0.005320087753960632,74.57963014353973,20,minimum_variance__glasso
2025-11-17,30,glasso,minimum_variance,254.76952829045558,0.2482758620689655,,0.42995647238329154,0.0006449347085749373,6.482185012724507,5.269401773642579,1.6815162831597068,0.2,0.20694609440608258,0.14419686553985644,0.005562847295554186,72.724600129212,20,minimum_variance__glasso
2025-12-15,30,glasso,minimum_variance,240.83253632245763,0.2896551724137931,,0.877446057382003,0.0013161690860730045,6.88061664128125,4.379849196472375,1.7067519534454612,0.19999999999999998,0.1897679881909051,0.14330586269859863,0.007907305912408088,56.95987252878734,20,minimum_variance__glasso
2026-01-14,30,glasso,minimum_variance,174.7383133253787,0.27586206896551724,,1.0925742477743716,0.0016388613716615574,9.03467034519059,4.26767163402775,2.1005894925346986,0.2,0.17714866819288086,0.13960854479043325,0.007076851313832983,63.19772884923715,20,minimum_variance__glasso
2026-02-11,30,glasso,minimum_variance,158.2973094959999,0.28045977011494255,,0.7508632075713868,0.0011262948113570802,9.322424411234785,4.105167483957535,2.6467036822949024,0.19999999999999998,0.16816266168543087,0.11960709517778301,0.010647465642299495,66.98603980551711,20,minimum_variance__glasso
2026-03-18,30,glasso,minimum_variance,155.33462941348216,0.2574712643678161,,0.7015756967624204,0.0010523635451436305,8.047722367499757,2.990789996928044,1.9543205836716202,0.19999999999999996,0.182494911853764,0.17633693596212097,0.006822800413578574,78.80066500949368,20,minimum_variance__glasso
2026-04-15,30,glasso,minimum_variance,190.64317874488,0.296551724137931,,0.3451798514987951,0.0005177697772481926,6.958956653754641,2.923669485291525,1.7508729773387852,0.19999999999999998,0.21440510030273707,0.18511014140403148,0.007836717774746224,79.49541319528365,20,minimum_variance__glasso
2026-05-18,30,glasso,minimum_variance,286.56348438660865,0.3218390804597701,,0.4719577920110586,0.0007079366880165879,6.6033964135147025,3.600227676626317,1.6754348038973323,0.2,0.2209668997441087,0.17885848899141124,0.0066085866267818925,80.80290643572204,20,minimum_variance__glasso
2026-06-15,30,glasso,minimum_variance,202.6651746342134,0.27816091954022987,,0.6219316918671864,0.0009328975378007797,6.856264589525388,5.702096132530406,2.2004969818389664,0.2,0.2299756545334461,0.11316151039818369,0.0042286766508239345,85.6876965392056,20,minimum_variance__glasso
2026-07-13,30,glasso,minimum_variance,132.38624347105758,0.27586206896551724,,0.6408374606182303,0.0009612561909273454,9.883625769225265,7.391711399031348,2.8502421947193044,0.2,0.16956357955672755,0.08372599860770898,0.008639701020076818,71.30392877358265,9,minimum_variance__glasso
2012-05-02,13,diagonal,minimum_variance,8.059520504405329,1.0,,1.0,0.0015,9.581938850374044,11.559583450729473,3.5031034408964765,0.2,0.16535402124710832,0.10186810482153699,0.003840835421010309,30.81612487328371,20,minimum_variance__diagonal
2012-05-30,13,diagonal,minimum_variance,8.440057083535375,1.0,,0.1634723612612449,0.00024520854189186733,9.749512610912458,11.486332031327578,3.494736596469835,0.2,0.1773650469465009,0.09575441617134114,0.0022748572368224223,34.11774260593131,20,minimum_variance__diagonal
2012-06-27,13,diagonal,minimum_variance,16.853185632955565,1.0,,0.22225078915206994,0.0003333761837281049,8.214392411801905,11.243324401720947,3.475387651437609,0.20000000000000007,0.1669283307697937,0.06695440555440033,0.0021544103194492546,35.7789132525788,20,minimum_variance__diagonal
2012-07-25,13,diagonal,minimum_variance,24.64084777355782,1.0,,0.08362846571899334,0.00012544269857849,8.241710205758084,11.37262834442345,3.4832030625386117,0.19999999999999996,0.16002437417768006,0.06172760950873884,0.003030804535978866,23.387906001342092,20,minimum_variance__diagonal
2012-08-22,14,diagonal,minimum_variance,6.773679915684329,1.0,,0.5315417547466204,0.0007973126321199305,11.951262624632994,12.730310204586285,3.6443408754811446,0.12025049067847171,0.11993395294954168,0.0670482684900833,0.006731540492615748,21.532926249692753,20,minimum_variance__diagonal
2012-09-20,14,diagonal,minimum_variance,5.16240760016998,1.0,,0.2209688368666874,0.00033145325530003106,12.185906673656133,12.934059259519639,3.6631384753761833,0.12413293675119506,0.1238719351672051,0.0875039307371979,0.0022257303354961603,36.37399937616895,20,minimum_variance__diagonal
2012-10-18,14,diagonal,minimum_variance,5.426096023430331,1.0,,0.15479978160777658,0.00023219967241166489,11.750101574393959,12.655158004647424,3.6418836677673174,0.12218323566855661,0.12171895293145368,0.08747038185211584,0.002163717914138326,35.795339118349744,20,minimum_variance__diagonal
2012-11-15,14,diagonal,minimum_variance,5.5797054407108035,1.0,,0.12593654383777117,0.00018890481575665677,11.224712863268621,12.401491634336162,3.6259156405813817,0.15044269838880683,0.15031662699652398,0.08556308662940543,0.0016140105583189544,38.08615794525976,20,minimum_variance__diagonal
2012-12-13,14,diagonal,minimum_variance,18.572959180778792,1.0,,0.26832539158754304,0.0004024880873813146,9.475647173376446,11.995840664465117,3.592217928920633,0.2,0.1362727863504047,0.05834806309167807,0.0036779909135839007,24.2357688560484,20,minimum_variance__diagonal
2013-01-14,14,diagonal,minimum_variance,7.4448267809535755,1.0,,0.3152187974023127,0.000472828196103469,11.116453650335812,12.372931773296335,3.6242167014891917,0.16331483606866423,0.1632102147966305,0.07483915316875371,0.0038569421264233674,34.35955851866473,20,minimum_variance__diagonal
2013-02-18,14,diagonal,minimum_variance,6.252773254571788,1.0,,0.19611216221828284,0.00029416824332742427,11.934312538751279,12.738090910153131,3.646043829555972,0.12879220572133906,0.12842105001308277,0.07732807967457891,0.005165546932096814,31.68885915891008,20,minimum_variance__diagonal
2013-03-18,14,diagonal,minimum_variance,8.360033593745014,1.0,,0.15450091928509452,0.0002317513789276418,11.356880548570391,12.384050993206822,3.618602771709994,0.1464910633871829,0.14643823691091137,0.08837473908057002,0.0036831710303427785,33.26825758723831,20,minimum_variance__diagonal
2013-04-15,14,diagonal,minimum_variance,12.314700586366632,1.0,,0.24712868279923805,0.00037069302419885707,9.607419836484947,11.43658902526134,3.553096416971515,0.19595348928312245,0.19564533632880837,0.08200973606551384,0.0021951689832093043,37.59513670452324,20,minimum_variance__diagonal
2013-05-17,14,diagonal,minimum_variance,13.397231113369678,1.0,,0.06636470015936956,9.954705023905433e-05,9.510882008174214,11.752672000379041,3.577271077797789,0.2,0.16796757582837854,0.07592878365534513,0.0020077861313351026,35.932246896126244,20,minimum_variance__diagonal
2013-06-14,14,diagonal,minimum_variance,10.339778918895885,1.0,,0.1987082133609387,0.00029806232004140807,9.674673796419153,12.0946789207617,3.6088488745070872,0.19999999999999998,0.16439995590787004,0.0690840303544792,0.0022022825677323454,38.2284654257857,20,minimum_variance__diagonal
2013-07-12,14,diagonal,minimum_variance,12.0155571066562,1.0,,0.13365598871794981,0.00020048398307692471,9.092360009789449,11.575558538998486,3.5678060904610924,0.2,0.1840635461951675,0.05965027224165631,0.0010500713466032542,41.214024930760374,20,minimum_variance__diagonal
2013-08-09,14,diagonal,minimum_variance,11.131111012156191,1.0,,0.09659935817399515,0.00014489903726099272,9.219073023330514,11.770478450693682,3.58391560612344,0.2,0.18046397397930528,0.05655852151969222,0.0021591707667044458,38.59081176093916,20,minimum_variance__diagonal
2013-09-09,14,diagonal,minimum_variance,18.470050157482433,1.0,,0.2655797175482091,0.00039836957632231364,7.863315817786232,10.338545806161903,3.462844345155831,0.19999999999999998,0.2052596554814512,0.048603980550649455,0.0009214511324639231,39.967551572781844,20,minimum_variance__diagonal
2013-10-08,14,diagonal,minimum_variance,13.348507515539369,1.0,,0.1537924081846791,0.00023068861227701863,8.598038604139303,10.945269869063951,3.517305170636563,0.2,0.20158859636801404,0.04851091821537532,0.0007574367208215605,44.40775339687404,20,minimum_variance__diagonal
2013-11-05,14,diagonal,minimum_variance,12.329402801693133,1.0,,0.13523463668346916,0.00020285195502520374,9.32556339128767,11.506638823473914,3.5602110575527837,0.2,0.18306340970220275,0.04660219921786692,0.000683407192227518,44.184682567730604,20,minimum_variance__diagonal
2013-12-03,14,diagonal,minimum_variance,8.469664869588577,1.0,,0.28590397193042716,0.00042885595789564075,9.77853212275705,11.78583385687144,3.581585956099571,0.19999999999999996,0.18271985953109215,0.038684078852693676,0.000934804797542008,40.42188393719486,20,minimum_variance__diagonal
2013-12-31,14,diagonal,minimum_variance,11.376732584566584,1.0,,0.25165520697497673,0.0003774828104624651,9.510733232911896,11.627416044442246,3.5664050696844485,0.2,0.1700966688395856,0.0362786581149686,0.0030065864985079458,23.33985952943782,20,minimum_variance__diagonal
2014-02-07,14,diagonal,minimum_variance,11.089811040660603,1.0,,0.3259895473386309,0.0004889843210079463,8.612893634425511,10.533124647975264,3.470603955168701,0.2,0.1952050988011797,0.0478989758430768,0.0030608672856047943,29.789392618748575,20,minimum_variance__diagonal
2014-03-10,14,diagonal,minimum_variance,10.716304985805461,1.0,,0.3198333362843232,0.0004797500044264848,9.068450471877185,11.463778627999107,3.557179409449547,0.19999999999999998,0.16931097778920134,0.061680153633887895,0.002272940029317574,34.32489188893203,20,minimum_variance__diagonal
2014-04-07,14,diagonal,minimum_variance,7.059525123112454,1.0,,0.15130038372075524,0.00022695057558113287,9.659381035523397,11.421425483422706,3.5524179204889013,0.1803203439099796,0.17958710086741383,0.07129404962560536,0.006313742928795427,29.865570880557502,20,minimum_variance__diagonal
2014-05-09,15,diagonal,minimum_variance,6.217227688967713,1.0,,0.3510587844241541,0.0005265881766362312,11.918367656296612,13.138980342802226,3.7390725021584728,0.11728265905031168,0.1167895223304629,0.07797423192198003,0.0053965163140436,34.827966062268004,20,minimum_variance__diagonal
2014-06-06,15,diagonal,minimum_variance,8.22317709890783,1.0,,0.2164407862602328,0.0003246611793903492,11.385877184634063,12.943560265007322,3.7285529879942594,0.17201293975574308,0.17200795038259423,0.08300475833530187,0.0019738419609840606,40.61233778105633,20,minimum_variance__diagonal
2014-07-04,15,diagonal,minimum_variance,8.499694713451426,1.0,,0.09446043493415716,0.00014169065240123574,10.671767793636143,12.60708546788709,3.7084945225416694,0.1952624260125724,0.19520011416070565,0.07733010850329855,0.0018655298476735153,41.5794264992781,20,minimum_variance__diagonal
2014-08-01,15,diagonal,minimum_variance,10.062880853439736,1.0,,0.17348964190556387,0.0002602344628583458,10.52637700278687,12.915009709133733,3.7296072578688353,0.19999999999999998,0.17383188724648801,0.06166967864180859,0.0011796074565498024,42.69084179262179,20,minimum_variance__diagonal
2014-08-29,15,diagonal,minimum_variance,12.50091952754672,1.0,,0.32512378811107223,0.0004876856821666084,9.480871400656781,12.60416604854898,3.713754185867308,0.20000000000000007,0.18684473738052104,0.044899521807344564,0.0012907204092887275,42.41622880288938,20,minimum_variance__diagonal
2014-09-30,16,diagonal,minimum_variance,60.100649975735884,1.0,,0.19607740234088375,0.0002941161035113256,9.55156221474969,12.812124680816106,3.766713942337681,0.2,0.15361718761501858,0.04395829031544839,0.0017299404668860712,45.160163073233655,20,minimum_variance__diagonal
2014-10-28,16,diagonal,minimum_variance,58.55994670208872,1.0,,0.12258247796366568,0.00018387371694549853,9.440336531699737,12.685204375833997,3.758928610712062,0.2,0.16621808684740808,0.04489303000520013,0.0014265373885826442,42.16282335063635,20,minimum_variance__diagonal
2014-11-25,16,diagonal,minimum_variance,12.910277993264394,1.0,,0.24698338462426148,0.0003704750769363922,11.23494712231173,13.167754901484304,3.8029979226591646,0.16523769076105366,0.16393915407333773,0.051093492605618775,0.0036585009462547905,36.843728994566575,20,minimum_variance__diagonal
2014-12-23,16,diagonal,minimum_variance,9.583271703789116,1.0,,0.17231159090115067,0.00025846738635172597,11.525208221216573,13.350239423544613,3.8172375094773257,0.15112877259015997,0.1501673518002803,0.05856229136814959,0.0026120810744614384,37.34889769135977,20,minimum_variance__diagonal
2015-01-22,16,diagonal,minimum_variance,6.5331466387257695,1.0,,0.3955600564451994,0.0005933400846677992,12.431113193018954,13.94122971673353,3.860856186879969,0.12732914089785546,0.12658910059819015,0.0655983269502399,0.004623355773878517,37.04368179698853,20,minimum_variance__diagonal
2015-02-27,16,diagonal,minimum_variance,6.981913060708425,1.0,,0.28791736884384045,0.0004318760532657607,11.373011194255312,13.366771154906443,3.8238430403535246,0.16960361753596415,0.1693234550953226,0.07267222282577472,0.0016904691022428192,43.623579783921315,20,minimum_variance__diagonal
2015-03-27,16,diagonal,minimum_variance,11.276473252427618,1.0,,0.1312980899114296,0.0001969471348671444,10.616022967208803,13.3540158889032,3.823909692899914,0.2,0.17657224649930608,0.06364027003576801,0.0017339354239747885,44.20519007738608,20,minimum_variance__diagonal
2015-04-24,16,diagonal,minimum_variance,6.300892713391002,1.0,,0.19590906241410924,0.00029386359362116384,12.023024763698407,13.847136831041631,3.8597318159184586,0.16224167716348667,0.16186779335012322,0.061374016296304526,0.003564472498113959,38.23505300405458,20,minimum_variance__diagonal
2015-05-28,16,diagonal,minimum_variance,9.624090620656663,1.0,,0.38102238107214076,0.0005715335716082111,10.793522673744643,13.143215999501345,3.8129374320148135,0.18556819868551816,0.184024299191759,0.057941032909855444,0.0019114420679757233,39.782933077196375,20,minimum_variance__diagonal
2015-06-25,16,diagonal,minimum_variance,5.908706842894335,1.0,,0.26006893553014143,0.00039010340329521216,12.937979643039885,14.440336899504839,3.9011870146590963,0.15539275121618282,0.1552837494145335,0.06588816399999807,0.004532742861806367,35.69120848930147,20,minimum_variance__diagonal
2015-07-23,16,diagonal,minimum_variance,8.900783146653241,1.0,,0.24054208766614205,0.0003608131314992131,11.717597011479468,13.66280013041275,3.8466296466859307,0.1687880104008332,0.1685855365545895,0.07351529326482724,0.003923316954028637,38.53898962932119,20,minimum_variance__diagonal
2015-08-20,16,diagonal,minimum_variance,11.78354197927599,1.0,,0.231372825799194,0.000347059238698791,12.205058927880083,13.865728120097327,3.8549828568968936,0.16191411788508467,0.16152385535601302,0.07381936094439714,0.006617890152506036,34.215378736155195,20,minimum_variance__diagonal
2015-09-18,16,diagonal,minimum_variance,13.686325710257382,1.0,,0.22158588231494075,0.0003323788234724111,10.661082296992367,12.966205529342021,3.794596326852082,0.1950498965033859,0.19481026263371626,0.0808047933136305,0.002583982154277531,42.00308612800129,20,minimum_variance__diagonal
2015-10-16,16,diagonal,minimum_variance,14.544846608202938,1.0,,0.18911857063138232,0.0002836778559470735,10.797290901634991,13.644385858814628,3.8432866669014683,0.2,0.1676477519609357,0.07386189509711433,0.002176640147943285,41.46955484157025,20,minimum_variance__diagonal
2015-11-13,16,diagonal,minimum_variance,7.4765316895391365,1.0,,0.28952637065709746,0.0004342895559856462,12.761300408048074,14.25612608825535,3.8854923261184755,0.14761040915255944,0.1472261971150592,0.07250786782564762,0.002125613709174789,43.26165397246297,20,minimum_variance__diagonal
2015-12-11,16,diagonal,minimum_variance,23.93834499543118,1.0,,0.4916277108093132,0.0007374415662139698,10.646314003522239,13.342218715403066,3.810272491090213,0.2,0.16533064974926218,0.04933078680084379,0.0022117653638263836,31.66986316596403,20,minimum_variance__diagonal
2016-01-11,16,diagonal,minimum_variance,10.740299468613577,1.0,,0.484322196717352,0.000726483295076028,11.493329111212718,13.495136031709318,3.8325050000002148,0.180363525139689,0.18025261326812092,0.057480265490673366,0.005809327043306658,32.02899647373752,20,minimum_variance__diagonal
2016-02-15,16,diagonal,minimum_variance,10.29528838842659,1.0,,0.3383834885772079,0.0005075752328658119,10.824344807206662,13.517738653369767,3.8365577073911448,0.2,0.17858204924090035,0.06681951557574427,0.0016383809559475933,42.021381816090724,20,minimum_variance__diagonal
2016-03-14,16,diagonal,minimum_variance,6.605199586251095,1.0,,0.23247867319084006,0.0003487180097862601,11.926742659188731,13.708935226703495,3.8475089196332313,0.15044847203753636,0.14984944863491592,0.06968489547644806,0.001506122154008119,44.355685754514994,20,minimum_variance__diagonal
2016-04-11,16,diagonal,minimum_variance,8.063923232992545,1.0,,0.14907918686640007,0.0002236187802996001,12.853098726352641,14.234608760814629,3.881156258720251,0.14209569412939232,0.14145364704183377,0.06594294164442911,0.002232463665522095,41.653891613140686,20,minimum_variance__diagonal
2016-05-12,16,diagonal,minimum_variance,12.679711582122087,1.0,,0.26350089857758874,0.0003952513478663831,11.183069131433392,14.156081782356807,3.8798012455698334,0.20000000000000007,0.1579283417500119,0.05600912771803353,0.0013772572429465596,44.27876868564312,20,minimum_variance__diagonal
2016-06-09,16,diagonal,minimum_variance,15.514170690649387,1.0,,0.16972920096874822,0.00025459380145312235,10.58470227286108,13.77760513673191,3.8494697207246866,0.2,0.13872903221127347,0.05213328119608816,0.001989290260449367,40.21774408060626,20,minimum_variance__diagonal
2016-07-07,16,diagonal,minimum_variance,7.269024067890167,1.0,,0.31425035350953107,0.00047137553026429656,11.591362991254746,13.433331469576988,3.825340302763224,0.15851368431257146,0.1577253022467621,0.057580211024667996,0.002201928480389866,41.447217132456636,20,minimum_variance__diagonal
2016-08-04,16,diagonal,minimum_variance,9.833929599490595,1.0,,0.18394826827501598,0.000275922402412524,11.151341844448066,13.075850186556346,3.796301547502439,0.1603934861036734,0.15924191605801538,0.05672563730657551,0.001634581344154261,41.197212839952535,20,minimum_variance__diagonal
2016-09-01,16,diagonal,minimum_variance,20.548349270059266,1.0,,0.2972162960815115,0.0004458244441222672,9.719902713796078,12.931656850335436,3.7901084939176615,0.2,0.17371143117622345,0.055387194334685134,0.0016211575050847679,42.094592876643674,20,minimum_variance__diagonal
2016-09-30,16,diagonal,minimum_variance,17.23441801879186,1.0,,0.1926696099242316,0.00028900441488634743,10.438389559715619,13.796741401296286,3.8514165039185473,0.2,0.12783894792910275,0.05799134086653336,0.001961704715552861,43.104468006935576,20,minimum_variance__diagonal
2016-10-28,16,diagonal,minimum_variance,39.0302448316228,1.0,,0.20662996415287693,0.0003099449462293154,10.362291374670054,13.845404525954443,3.853782978097883,0.2,0.12408575995674404,0.053507153415676585,0.0012284476553785504,45.84048695239989,20,minimum_variance__diagonal
2016-11-25,16,diagonal,minimum_variance,30.350362942282793,1.0,,0.14135103501291513,0.0002120265525193727,10.583870901279257,14.042300610155001,3.8656149169395815,0.2,0.12199233327925907,0.05069963835469898,0.0017554725199964856,41.58018585571311,20,minimum_variance__diagonal
2016-12-23,16,diagonal,minimum_variance,24.012906381911694,1.0,,0.24433427708063757,0.00036650141562095636,10.426142800552926,13.62447361171088,3.834308126426289,0.19999999999999998,0.12684127197689468,0.05089042242432835,0.002501809193191968,38.0336605811848,20,minimum_variance__diagonal
2017-01-23,16,diagonal,minimum_variance,7.937476906951616,1.0,,0.44307135233981276,0.0006646070285097191,11.823656927442114,13.586725142477206,3.8365023460870398,0.14164318220563635,0.1397335553517208,0.05683519747633944,0.0009743686413033562,44.79748412457532,20,minimum_variance__diagonal
2017-02-27,16,diagonal,minimum_variance,7.846882012204681,1.0,,0.1417802457640252,0.00021267036864603778,12.684213402725305,14.077946232178146,3.86862269072477,0.13270023792896338,0.13138155580429728,0.058527043395720534,0.0012085135361679829,44.47496033959168,20,minimum_variance__diagonal
2017-03-27,17,diagonal,minimum_variance,8.868978115252736,1.0,,0.3717367868220025,0.0005576051802330037,13.808583122882782,15.110547137684673,3.9949861030045337,0.13020957218494383,0.12997140973869584,0.05231778872742681,0.001869868953074545,46.565344449411185,20,minimum_variance__diagonal
2017-04-25,18,diagonal,minimum_variance,13.057017937595424,1.0,,0.32270217432793113,0.0004840532614918967,14.272514788059988,15.772615011674077,4.091761087406688,0.13321768707992146,0.13298882234581383,0.04873788656954564,0.002538777186515916,44.13615671546279,20,minimum_variance__diagonal
2017-05-25,19,diagonal,minimum_variance,12.588859146957518,1.0,,0.3201969894197337,0.0004802954841296005,13.458096136596534,15.411173395270767,4.115070689351106,0.11975174407140574,0.1179282183030665,0.04993066217049678,0.0016480075838845283,52.201377443670125,20,minimum_variance__diagonal
2017-06-22,19,diagonal,minimum_variance,12.119409217820332,1.0,,0.2433165541183466,0.00036497483117751994,13.515313254250628,15.480728001660006,4.121558051098644,0.1195159064400962,0.11865850791475424,0.04865781315743902,0.0016738229928610932,54.418938278280294,20,minimum_variance__diagonal
2017-07-20,20,diagonal,minimum_variance,15.767126464434693,1.0,,0.24104707181021257,0.00036157060771531885,13.340004861364374,16.003496955632787,4.219841339844112,0.1609697946036482,0.16077968399187406,0.046367947913856865,0.0025503774099836568,55.302887180027696,20,minimum_variance__diagonal
2017-08-17,20,diagonal,minimum_variance,11.156998639103119,1.0,,0.2337606660192436,0.00035064099902886543,12.350516084038675,15.802048223124345,4.225327188247685,0.19022734221326318,0.18970201985657853,0.04515922265454222,0.001320379276597703,55.80753850005739,20,minimum_variance__diagonal
2017-09-15,20,diagonal,minimum_variance,8.414293896019238,1.0,,0.31157067784362746,0.00046735601676544124,13.41912829011327,16.271365677468886,4.2515279646783375,0.13320411060795814,0.13101048276478028,0.04457930071252845,0.0013300780887456588,54.57866734106969,20,minimum_variance__diagonal
2017-10-13,20,diagonal,minimum_variance,12.762767533866151,1.0,,0.3629985910897019,0.0005444978866345529,11.877422092400382,15.792474675413194,4.22792442359836,0.20000000000000007,0.19073623361975217,0.04339961104387422,0.0020810077115324768,48.57710933516307,20,minimum_variance__diagonal
2017-11-10,21,diagonal,minimum_variance,4.483505095725945,1.0,,0.4053700084345902,0.0006080550126518853,17.87737162930012,19.397566903241042,4.493845507433902,0.10268139146533181,0.10152730115548031,0.04872281632586735,0.0037317747351253952,43.833363032998456,20,minimum_variance__diagonal
2017-12-08,21,diagonal,minimum_variance,2.5747407586811195,1.0,,0.2963171820334454,0.00044447577305016815,19.589939926200117,20.25640128200248,4.540822347369134,0.07282108071097299,0.07225182655792112,0.06008136443946405,0.0050729100873662765,47.400854124838254,20,minimum_variance__diagonal
2018-01-08,22,diagonal,minimum_variance,4.193131440474103,1.0,,0.21319536156311386,0.0003197930423446708,20.302716653178752,21.12136219584295,4.642320567042962,0.08354898656233826,0.08329400663848671,0.0671765037892864,0.014130616304838894,31.47780514839269,20,minimum_variance__diagonal
2018-02-07,23,diagonal,minimum_variance,3.029856753730539,1.0,,0.36221865393001895,0.0005433279808950284,20.534109329270137,21.752731204587338,4.730609621693949,0.0769116643738634,0.07668925181441041,0.08551738328401384,0.009744799781819788,48.7364733835045,20,minimum_variance__diagonal
2018-03-14,23,diagonal,minimum_variance,3.9548342954968856,1.0,,0.21389523612600997,0.000320842854189015,19.642384009022113,21.382663661964603,4.713072273767821,0.10659796015448023,0.1065903320588403,0.09011887984450172,0.004195476189451822,53.840987810016046,20,minimum_variance__diagonal
2018-04-11,24,diagonal,minimum_variance,4.175218529448358,1.0,,0.19186304306434765,0.00028779456459652146,19.758259718946558,21.922577304192544,4.794550488876229,0.10085481913812044,0.10056788733055623,0.08675065757644443,0.016770415426027745,46.54334900955516,20,minimum_variance__diagonal
2018-05-14,25,diagonal,minimum_variance,7.60270644220717,1.0,,0.28485883555584984,0.00042728825333377475,19.28046552589284,22.116891240905005,4.854910282750608,0.1159243905554892,0.11582055316573972,0.08259609599360732,0.017946733193627353,46.38644247055878,20,minimum_variance__diagonal
2018-06-11,26,diagonal,minimum_variance,6.606654127051706,1.0,,0.20230447991400582,0.00030345671987100874,21.910889805192653,23.984932684981395,5.000322791256534,0.09435967655034502,0.09425509912268044,0.09340385508957688,0.016856697025309505,52.41915974565449,20,minimum_variance__diagonal
2018-07-09,27,diagonal,minimum_variance,7.01188042447137,1.0,,0.2259874657445131,0.00033898119861676965,21.3945491355394,24.06182071164281,5.0514759081279745,0.08789208613992783,0.08755316563732503,0.09485613981879407,0.008046703038414432,59.930636388774076,20,minimum_variance__diagonal
2018-08-06,28,diagonal,minimum_variance,10.40580766142382,1.0,,0.17481505426850777,0.00026222258140276165,21.595014888267976,24.551694715752838,5.121429823396981,0.09098361075759848,0.09082499426241894,0.08386038258923027,0.005966694062068167,67.58595682259269,20,minimum_variance__diagonal
2018-09-04,29,diagonal,minimum_variance,9.634138924685432,1.0,,0.15132708736013462,0.00022699063104020194,22.109085245687982,25.206525202980597,5.198859494090907,0.08859083776781825,0.08827111629886605,0.06721301143213189,0.003861826916643191,73.1771476038884,20,minimum_variance__diagonal
2018-10-02,29,diagonal,minimum_variance,10.893503776926336,1.0,,0.22127180173499156,0.00033190770260248736,23.91608952601454,26.17584601399048,5.244176909344882,0.06766755496060231,0.06737830680124604,0.05445052599459409,0.010459986684350345,65.26727612408827,20,minimum_variance__diagonal
2018-10-30,29,diagonal,minimum_variance,16.72279623750865,1.0,,0.3096336781037706,0.00046445051715565596,19.50239758934686,24.28319725116015,5.1630066448585055,0.14275186274090979,0.14270566783661906,0.05187043073803977,0.006229184856371343,69.93646586415782,20,minimum_variance__diagonal
2018-11-27,29,diagonal,minimum_variance,22.61220005539413,1.0,,0.20165731122647326,0.00030248596683970987,16.704002328015545,23.058541779658512,5.113690729649089,0.17840361532096893,0.17837366492416568,0.05400785622803519,0.004900715380334392,74.79246759858007,20,minimum_variance__diagonal
2018-12-25,29,diagonal,minimum_variance,16.088356623470666,1.0,,0.1544773700344746,0.0002317160550517119,20.262936629951696,24.809347046244373,5.192259201270713,0.13738996776971032,0.13734698348562893,0.05560357308856683,0.0036888978479670737,73.7691631755642,20,minimum_variance__diagonal
2019-01-24,29,diagonal,minimum_variance,3.817037056266792,1.0,,0.28538909406527624,0.0004280836410979144,25.16398461806254,26.946137196418896,5.286082591872489,0.06796319146466431,0.06745529950434372,0.052661309797941175,0.0032448440897114884,75.99150256458445,20,minimum_variance__diagonal
2019-02-28,29,diagonal,minimum_variance,3.555859051182573,1.0,,0.20257641894029743,0.0003038646284104462,25.338180791866545,27.0340459414504,5.290431680389927,0.05958698553628292,0.05936544074405642,0.049100288206643423,0.0036723803268811682,78.42366395727343,20,minimum_variance__diagonal
2019-03-28,29,diagonal,minimum_variance,8.202146478179323,1.0,,0.15380615774800444,0.00023070923662200666,24.097025769492117,26.135569633421447,5.238371229852974,0.06504048510555242,0.0640985568473401,0.045874072891875076,0.0017715000339288208,83.64572541963993,20,minimum_variance__diagonal
2019-04-26,29,diagonal,minimum_variance,9.103977130462892,1.0,,0.14694746754189628,0.00022042120131284443,24.032644809102983,26.032506723927487,5.230365232618887,0.06552344357304574,0.06414056570260039,0.04141592901075606,0.0023816188919514097,80.77968952261779,20,minimum_variance__diagonal
2019-05-29,29,diagonal,minimum_variance,11.991768387030483,1.0,,0.2228628514258879,0.00033429427713883186,23.514474504435956,25.827806046546648,5.22225366478536,0.07218587229926997,0.07164153626082798,0.03891851655114107,0.00199722712819628,84.1523926541703,20,minimum_variance__diagonal
2019-06-26,29,diagonal,minimum_variance,14.628338931841492,1.0,,0.20704360151589218,0.00031056540227383827,22.99500783096645,25.55914012828392,5.208199268426289,0.08655185176251307,0.08509538295741453,0.035677256545089256,0.0023480628663879437,78.09865025732974,20,minimum_variance__diagonal
2019-07-24,29,diagonal,minimum_variance,10.097361397974046,1.0,,0.28159287575304964,0.00042238931362957447,24.074762760243953,26.053301971294033,5.231277093820439,0.06782094789381445,0.06578099029435096,0.038187240794793215,0.002591035207100301,79.27751325505248,20,minimum_variance__diagonal
2019-08-21,29,diagonal,minimum_variance,9.893219614587293,1.0,,0.2426603873836721,0.00036399058107550815,24.018080102657624,25.99446563676603,5.2269864417982035,0.06295942573817649,0.0616159307498758,0.038689708057250985,0.0015667237673271275,84.45774072436753,20,minimum_variance__diagonal
2019-09-19,29,diagonal,minimum_variance,14.376218763962381,1.0,,0.20569638084430064,0.000308544571266451,22.244979388526875,25.404928522527825,5.208161845466292,0.10652112699753366,0.10537401007891596,0.03824529365949535,0.001634500072760277,86.24221857182283,20,minimum_variance__diagonal
2019-10-17,29,diagonal,minimum_variance,11.643671188367033,1.0,,0.2087350503929953,0.00031310257558949295,22.52130105152933,25.55328953388299,5.2163224336941,0.09779326302459397,0.0965676026716888,0.03590492468536363,0.0013132294492693385,87.81824511128633,20,minimum_variance__diagonal
2019-11-14,29,diagonal,minimum_variance,9.036514159396758,1.0,,0.18771008624989205,0.00028156512937483805,23.807591872644263,26.37574530071496,5.2611413596613525,0.09034110565539544,0.08723081965917963,0.033272622534347804,0.002803617605655581,79.73451906070214,20,minimum_variance__diagonal
2019-12-12,29,diagonal,minimum_variance,9.610185597854615,1.0,,0.24498258264814785,0.0003674738739722218,19.295381692826634,24.026605650924296,5.154299766778635,0.11192076824318452,0.10869801440903815,0.03332161211006989,0.0026802654465892277,80.54912078639013,20,minimum_variance__diagonal
2020-01-10,29,diagonal,minimum_variance,17.15178908722545,1.0,,0.20261927659013884,0.0003039289148852083,17.991156069575243,22.885902668191633,5.084102227258824,0.12441255067679347,0.12096923856259564,0.03424684073436022,0.007288522260322674,51.001539946285575,20,minimum_variance__diagonal
2020-02-14,29,diagonal,minimum_variance,41.138434694495075,1.0,,0.3254703951114276,0.00048820559266714146,14.411478003991292,24.365530971690703,5.162149619223681,0.19999999999999998,0.11573785334093444,0.04231110344313561,0.019461927045091337,25.234790045672998,20,minimum_variance__diagonal
2020-03-13,29,diagonal,minimum_variance,9.945992015398813,1.0,,0.3790804310008452,0.0005686206465012678,23.996144017337926,26.267448986655292,5.249826252648595,0.08451372798955115,0.08432262228293716,0.06637147446367993,0.028682622362769986,34.57751948761141,20,minimum_variance__diagonal
2020-04-13,29,diagonal,minimum_variance,4.083737382815376,1.0,,0.2582655589396967,0.0003873983384095451,26.23995486304897,27.552841657988953,5.315930493119487,0.06593903584357363,0.06578961991655045,0.09361677686682135,0.010395687024217939,62.40507339821126,20,minimum_variance__diagonal
2020-05-13,29,diagonal,minimum_variance,3.777477614745247,1.0,,0.1414183340576496,0.00021212750108647437,26.560982404878853,27.70812439324003,5.3229732901611495,0.06007650204694679,0.05997525619242265,0.09754052459880565,0.0063991183337174665,66.00460881963468,20,minimum_variance__diagonal
2020-06-10,29,diagonal,minimum_variance,4.487401332804912,1.0,,0.11261160631053621,0.00016891740946580432,25.832907498645874,27.34732225578805,5.306266108325773,0.0670100277311476,0.06674249204846963,0.08700560971428088,0.010214219359065808,65.83884374390944,20,minimum_variance__diagonal
2020-07-08,29,diagonal,minimum_variance,7.015283086343668,1.0,,0.21810201635078805,0.0003271530245261821,23.89170382249906,26.19657096386335,5.247160991913366,0.07074050660221345,0.07054221963098202,0.0653200404794958,0.015546671728808314,62.63210789456565,20,minimum_variance__diagonal
2020-08-05,29,diagonal,minimum_variance,7.830644952276926,1.0,,0.18029356386264186,0.0002704403457939628,24.690851770588214,26.723125661119855,5.27506966763786,0.0708577589258483,0.07047220143417168,0.06645966478879047,0.0034950532839604616,75.69878496712899,20,minimum_variance__diagonal
2020-09-03,29,diagonal,minimum_variance,5.061182025117627,1.0,,0.12770832735268564,0.00019156249102902847,25.95772053597454,27.426524392459818,5.310269064462511,0.06689667786416748,0.06620814396371338,0.06385848470641796,0.0032648233902026727,76.78198629924408,20,minimum_variance__diagonal
2020-10-01,29,diagonal,minimum_variance,5.486970259765669,1.0,,0.16327039041542332,0.00024490558562313496,25.401587068594658,27.05135795431355,5.28970332105901,0.06833993007645177,0.06765649239943494,0.0551833578214319,0.004105797675190902,72.84709982709447,20,minimum_variance__diagonal
2020-10-29,29,diagonal,minimum_variance,12.336903640241976,1.0,,0.3470564789882643,0.0005205847184823965,20.878953217681033,24.4321839869144,5.156549093749705,0.09589687199735547,0.09499708436700571,0.04036059621959568,0.0030697645334436304,73.88854743831405,20,minimum_variance__diagonal
2020-11-26,28,diagonal,minimum_variance,5.90140560608318,1.0,,0.27656066072390606,0.00041484099108585914,22.8084941333247,25.06595238253528,5.142555146159194,0.07483592516453569,0.07420011675780684,0.04627005389688086,0.004863903021267254,68.77440768166912,20,minimum_variance__diagonal
2020-12-24,28,diagonal,minimum_variance,10.966358788911252,1.0,,0.27093328301680647,0.0004063999245252097,21.370055382843386,24.463952718274736,5.116566507328267,0.10531698947201651,0.10437400192210665,0.0505438728302841,0.008815857627948436,60.670388723964315,20,minimum_variance__diagonal
2021-01-22,28,diagonal,minimum_variance,6.89044405613998,1.0,,0.23203257789909262,0.00034804886684863893,23.819217373738017,25.726578492444894,5.178245097675578,0.08002055452508489,0.07990178794494449,0.05788484593892488,0.02461406791908726,40.83973424606743,20,minimum_variance__diagonal
2021-02-26,29,diagonal,minimum_variance,4.590176796577754,1.0,,0.2055316226469575,0.00030829743397043627,26.192754422894176,27.49128145129607,5.311935786771455,0.06098598072044743,0.06083519712304068,0.07746044592783229,0.004779080538106156,72.62270341198247,20,minimum_variance__diagonal
2021-03-26,29,diagonal,minimum_variance,4.214915364666429,1.0,,0.07635324011506692,0.00011452986017260038,26.220619576549474,27.525265118566384,5.314019426038551,0.06427858188079022,0.06408109498537974,0.07445822693737289,0.0074518961976392725,68.19666052877704,20,minimum_variance__diagonal
2021-04-26,29,diagonal,minimum_variance,5.965477363513246,1.0,,0.15477326037913708,0.00023215989056870562,25.814194382078824,27.31672816164212,5.303749142602977,0.0702934570905448,0.06982412797813763,0.07267466623569568,0.0045704133097997585,69.57820494148409,20,minimum_variance__diagonal
2021-05-26,29,diagonal,minimum_variance,10.241023451171186,1.0,,0.29152552042726143,0.0004372882806408922,23.681810543516555,26.116861787405195,5.2432217847520395,0.08716228709292018,0.08676164612075332,0.05447576813736329,0.010055291022530452,63.22078802841595,20,minimum_variance__diagonal
2021-06-23,30,diagonal,minimum_variance,7.425687550096656,1.0,,0.19970047507813998,0.00029955071261720997,24.66281632650576,26.94976986290907,5.32634461751876,0.07242147701725907,0.0719651502991145,0.061266578357085426,0.016097403593324917,60.536341451635295,20,minimum_variance__diagonal
2021-07-21,30,diagonal,minimum_variance,6.531551180991752,1.0,,0.21915516992401932,0.00032873275488602894,23.19294410258645,26.308558375122534,5.30118840586886,0.07620951855280542,0.07596825350087477,0.06751096243988462,0.0045296640568088945,75.81054624334861,20,minimum_variance__diagonal
2021-08-18,30,diagonal,minimum_variance,9.05753487251767,1.0,,0.17875868846266446,0.0002681380326939967,20.911942400376468,25.233413152357027,5.25514745502882,0.10945367387799759,0.1087455328380815,0.06359472690183232,0.005229066909288753,74.3384299355302,20,minimum_variance__diagonal
2021-09-17,30,diagonal,minimum_variance,7.9342196576190815,1.0,,0.1989257392964604,0.0002983886089446906,22.142428097556966,26.028053431093948,5.295396108268733,0.10195881674694858,0.10119272087272956,0.05946877112429513,0.0033463391298049158,78.36294276169598,20,minimum_variance__diagonal
2021-10-15,30,diagonal,minimum_variance,5.926968829803357,1.0,,0.2628374036574913,0.000394256105486237,23.84754181396359,26.62338420709317,5.31528868393058,0.07803927513280275,0.07685745800596602,0.04616163225822749,0.002885647143021938,80.75628011305221,20,minimum_variance__diagonal
2021-11-12,30,diagonal,minimum_variance,6.827077974797114,1.0,,0.21082104062250928,0.00031623156093376394,22.46241410770698,25.8529771748608,5.27794386554881,0.08470136952598689,0.08350008661332478,0.0447773318900625,0.007176205746729363,67.27204336265895,20,minimum_variance__diagonal
2021-12-10,30,diagonal,minimum_variance,7.991228458503221,1.0,,0.24377787470373496,0.00036566681205560245,22.165399939020016,25.764695681379337,5.274230268788379,0.0990378904012463,0.09815722344441931,0.0485835572041709,0.004002988262783625,77.62069482914309,20,minimum_variance__diagonal
2022-01-10,30,diagonal,minimum_variance,15.939156854728784,1.0,,0.1897340573788697,0.00028460108606830455,18.573093365785446,23.91743304016477,5.188877898485049,0.14269287726452667,0.141930708171875,0.04850620038838508,0.009941697224495243,63.40514738767065,20,minimum_variance__diagonal
2022-02-14,30,diagonal,minimum_variance,11.752814475756129,1.0,,0.2004599564343092,0.0003006899346514638,20.711533850254376,24.873144344206025,5.2292649205242006,0.11292691811484441,0.11266077018768522,0.05722440180672102,0.003857068221974119,77.16694810550854,20,minimum_variance__diagonal
2022-03-14,30,diagonal,minimum_variance,9.951850607161102,1.0,,0.13846171176147984,0.00020769256764221976,21.41969358084529,25.237630767869128,5.2476670549035935,0.09246451616607931,0.09133236695500974,0.053950152907638924,0.0038068845568726825,76.24942922817512,20,minimum_variance__diagonal
2022-04-12,30,diagonal,minimum_variance,4.6242708349764765,1.0,,0.31469791447500045,0.0004720468717125007,25.285176513426084,27.467159587248346,5.357049473131129,0.07125375131761122,0.07100042585328042,0.05577088000779864,0.020079532542667814,50.82142138643054,20,minimum_variance__diagonal
2022-05-12,30,diagonal,minimum_variance,4.915624964137031,1.0,,0.28028410116413077,0.0004204261517461962,24.446729719926623,27.229759359006792,5.351357114184368,0.08494724979397612,0.0845245650701891,0.06265394356504002,0.013341734693610429,65.69913337408028,20,minimum_variance__diagonal
2022-06-09,30,diagonal,minimum_variance,9.773447210128579,1.0,,0.27639056832869335,0.00041458585249304,18.767871362215914,24.36446714326806,5.222444420281978,0.1464917086666123,0.146295796791197,0.06688347552775528,0.013423680605930707,62.98184733994054,20,minimum_variance__diagonal
2022-07-07,30,diagonal,minimum_variance,9.16335202151245,1.0,,0.156502842498943,0.0002347542637484145,19.70214855236038,24.545247235291658,5.223313649399661,0.12462452824975254,0.12459093109030411,0.07518566072525801,0.005108567355484116,73.34678085921571,20,minimum_variance__diagonal
2022-08-04,30,diagonal,minimum_variance,8.620620524422765,1.0,,0.19240372571883405,0.00028860558857825107,19.907163932747405,24.389968580149716,5.208788343428638,0.09831909575577552,0.09771999349481361,0.06357048058782613,0.003531603306219051,79.25652412874481,20,minimum_variance__diagonal
2022-09-05,30,diagonal,minimum_variance,9.74159471734481,1.0,,0.18751559797450806,0.0002812733969617621,22.051368889267877,25.677990434866576,5.2700778989265995,0.0998246205027454,0.09929720986354652,0.054803205523093264,0.008780402446906095,72.30977497972339,20,minimum_variance__diagonal
2022-10-03,30,diagonal,minimum_variance,9.999131499277127,1.0,,0.3195331277384765,0.0004792996916077147,20.621239025506455,25.03570038049172,5.2435422004277115,0.11496472211262769,0.11296993383391937,0.04590409153980577,0.022942457622723535,35.85673973768881,20,minimum_variance__diagonal
2022-10-31,30,diagonal,minimum_variance,6.8308538948581665,1.0,,0.33318545523056037,0.0004997781828458406,23.02371125593104,26.215783685046784,5.296283396132823,0.09487067863412713,0.0945773401175353,0.0626699107824156,0.02010048208244512,57.95530639761499,20,minimum_variance__diagonal
2022-11-28,30,diagonal,minimum_variance,9.158447188407902,1.0,,0.17274640764371824,0.0002591196114655773,20.6316603380517,24.81543814979769,5.227343330003268,0.10999573879105452,0.10989087705032835,0.07467427187973484,0.015793116160209217,65.21753909222359,20,minimum_variance__diagonal
2022-12-26,30,diagonal,minimum_variance,10.302451490788913,1.0,,0.15473316654482583,0.00023209974981723875,18.6259104512212,23.425072900030695,5.15437888442659,0.11929729017376542,0.1192209847124396,0.07686605252227909,0.007633394877188477,70.82379748350576,20,minimum_variance__diagonal
2023-01-31,30,diagonal,minimum_variance,20.819673308035576,1.0,,0.26270086652611724,0.0003940512997891759,14.08289715234687,21.630299455016367,5.079070108765861,0.19999999999999998,0.18855076983531788,0.06472763211698064,0.007925953040084156,72.42368218439994,20,minimum_variance__diagonal
2023-02-28,30,diagonal,minimum_variance,18.899967201168767,1.0,,0.2283959849589322,0.0003425939774383983,14.874618569160937,21.317195976645184,5.055126725279543,0.17738632165084636,0.17727836465902774,0.05520785691617209,0.005107337493048569,78.20611724811211,20,minimum_variance__diagonal
2023-03-28,30,diagonal,minimum_variance,11.389913218246395,1.0,,0.22947061019728704,0.00034420591529593056,17.870168815339614,23.029648317922668,5.137943566347711,0.11884809917568578,0.1172236137911597,0.047351311120774606,0.002348511822307386,85.29947639367921,20,minimum_variance__diagonal
2023-04-25,30,diagonal,minimum_variance,20.810563955964025,1.0,,0.20241906182185374,0.0003036285927327806,13.960959772239661,20.46301543404807,5.004045615320716,0.18411198185013494,0.18307961506099735,0.039726265762836076,0.00199873623113001,85.97592173026815,20,minimum_variance__diagonal
2023-05-26,30,diagonal,minimum_variance,17.078477226857128,1.0,,0.2385124154352125,0.00035776862315281874,17.279643216181356,23.270638426756125,5.160525225057675,0.16151111174959135,0.16110817146557943,0.03543876603989239,0.002240012658833787,86.6945666218674,20,minimum_variance__diagonal
2023-06-23,30,diagonal,minimum_variance,10.620404698125657,1.0,,0.3636773934810834,0.0005455160902216251,22.525654889245576,25.667566539566543,5.260993858762627,0.08185689261434062,0.07980628607217827,0.03250032603938256,0.0018807381096079836,85.6684001527965,20,minimum_variance__diagonal
2023-07-21,30,diagonal,minimum_variance,9.480591546818953,1.0,,0.2149318636677801,0.00032239779550167016,22.683938285255305,26.005506483952658,5.285113226338474,0.09484623393856542,0.09365255219851504,0.033676374164009454,0.006004094008588002,65.91229906550257,20,minimum_variance__diagonal
2023-08-18,30,diagonal,minimum_variance,7.7594157491415245,1.0,,0.2696950800748116,0.0004045426201122174,23.658105803699478,26.478072162669793,5.306323134892467,0.0745399476765549,0.07337565284909893,0.04103960015533697,0.0031135227592385814,80.14552786495373,20,minimum_variance__diagonal
2023-09-19,30,diagonal,minimum_variance,6.337600746667962,1.0,,0.21050654588494075,0.00031575981882741113,25.476281501793178,27.35776636709691,5.345215536187404,0.05745871648114465,0.05701956064937423,0.04381507981989275,0.0072475607477450014,74.66356306188314,20,minimum_variance__diagonal
2023-10-17,30,diagonal,minimum_variance,7.990479240708317,1.0,,0.13343730917970542,0.00020015596376955812,24.14341636073712,26.57923795646607,5.305326423361668,0.06697275912851003,0.06654442920714118,0.048163185464078676,0.010996170212382021,65.51515355015796,20,minimum_variance__diagonal
2023-11-14,30,diagonal,minimum_variance,9.524261169095922,1.0,,0.1753016145661035,0.0002629524218491552,22.74931441048648,25.96746380352622,5.28062651056134,0.08312647094158657,0.08200900926677793,0.05288633436111816,0.0036813815131941817,81.88873030883906,20,minimum_variance__diagonal
2023-12-12,30,diagonal,minimum_variance,9.661046832868834,1.0,,0.11076412813944632,0.0001661461922091695,22.77342656643674,25.884259731356778,5.274087909631425,0.08459672276316471,0.08396672889434968,0.05200068349816662,0.002671731254211881,83.48635095855957,20,minimum_variance__diagonal
2024-01-10,30,diagonal,minimum_variance,5.273757481101776,1.0,,0.17898334301476906,0.0002684750145221536,25.268647227210504,27.339294156258863,5.347068091105731,0.06427070955256696,0.06375067077229869,0.04851792683580153,0.002404761780244689,84.46421014006651,20,minimum_variance__diagonal
2024-02-07,30,diagonal,minimum_variance,5.11003348524518,1.0,,0.3139580687066421,0.0004709371030599632,25.540004877994175,27.657349914499576,5.366828823044645,0.07109494617612877,0.06963050644141898,0.03658614946165683,0.003805397403255509,77.6474525440241,20,minimum_variance__diagonal
2024-03-13,30,diagonal,minimum_variance,10.993318227637864,1.0,,0.28787516813346037,0.00043181275220019054,22.28557241840279,26.089496418911025,5.295191777205556,0.1095294297280857,0.10762731332900322,0.03692477568225578,0.003763591967574533,82.38238162576424,20,minimum_variance__diagonal
2024-04-10,30,diagonal,minimum_variance,37.133458310444986,1.0,,0.29453936116732643,0.00044180904175098964,13.312946021743583,21.364448679422477,5.072191841230266,0.2,0.182747169096602,0.03554480096504447,0.007268022902390418,65.97253852664562,20,minimum_variance__diagonal
2024-05-14,30,diagonal,minimum_variance,34.95459512115959,1.0,,0.26767221272241487,0.0004015083190836223,15.07462371984614,24.3203528164817,5.2168342135545345,0.19999999999999998,0.15697372642550206,0.043013912756108,0.0029419543089281948,81.3682321856029,20,minimum_variance__diagonal
2024-06-11,30,diagonal,minimum_variance,24.560648239511647,1.0,,0.21944375608941616,0.00032916563413412425,14.346249408533183,21.97983177186941,5.110416983135652,0.20000000000000007,0.1946431107972118,0.04210865792636727,0.0029516331758582966,78.81669803138604,20,minimum_variance__diagonal
2024-07-09,30,diagonal,minimum_variance,10.538703176469038,1.0,,0.3501775282397382,0.0005252662923596073,21.495088634273976,25.450622346360927,5.261584885479822,0.10745097543471456,0.10687680311360331,0.044389021949997026,0.005354722920939088,77.85747668761778,20,minimum_variance__diagonal
2024-08-06,30,diagonal,minimum_variance,11.853706426176663,1.0,,0.23394533264242606,0.0003509179989636391,22.299392782233323,25.64932181756565,5.262801349324458,0.08566324889912796,0.08425604805857385,0.04177668200232628,0.002558957388642237,82.87117313881119,20,minimum_variance__diagonal
2024-09-05,30,diagonal,minimum_variance,10.869867347883872,1.0,,0.2801676315732902,0.00042025144735993535,23.92633970243392,26.59347129130631,5.309670011124014,0.07577844650885951,0.07490622854956402,0.04175406106393771,0.0020814322776642508,87.75573632535034,20,minimum_variance__diagonal
2024-10-03,30,diagonal,minimum_variance,7.865586728588655,1.0,,0.1881147583387617,0.00028217213750814254,25.17036312771739,27.31584596204792,5.3460328647350055,0.07115941532314159,0.06994736364874168,0.04022634802375076,0.0015850533983335718,90.0425085581663,20,minimum_variance__diagonal
2024-10-31,30,diagonal,minimum_variance,8.478066665794957,1.0,,0.21175038134925295,0.0003176255720238794,24.84842655024038,26.940364606491418,5.3208220921668605,0.06567116524691954,0.06371644681334872,0.03231724167347257,0.0018449437036755264,91.76919644609907,20,minimum_variance__diagonal
2024-11-28,30,diagonal,minimum_variance,9.852008723364483,1.0,,0.1831085441375375,0.0002746628162063062,23.9185352969065,26.466943143798826,5.29861568438108,0.0711208741102033,0.06877225971908751,0.02980983672199468,0.002293163892522913,88.31359018308744,20,minimum_variance__diagonal
2024-12-26,30,diagonal,minimum_variance,14.107798483078907,1.0,,0.2730452646503997,0.0004095678969755995,20.4055612146192,24.83434326152198,5.229158655060496,0.11859384316682094,0.11456902547266905,0.029227954526551955,0.002025589451299442,88.98056945111699,20,minimum_variance__diagonal
2025-01-24,30,diagonal,minimum_variance,13.065036904268181,1.0,,0.2633748847944572,0.0003950623271916858,19.08533786487602,23.532113533549225,5.153144078988623,0.10011868373743818,0.09834810097450872,0.028495757138923897,0.001158400453047271,92.15394435723015,20,minimum_variance__diagonal
2025-02-28,30,diagonal,minimum_variance,14.481146775340177,1.0,,0.1661930225307713,0.000249289533796157,19.438080704704966,23.934053686192982,5.1767751445724155,0.10580893924203122,0.10450965208346108,0.028569778762012492,0.002058021141420519,76.10261646585752,20,minimum_variance__diagonal
2025-03-28,30,diagonal,minimum_variance,11.60829457998844,1.0,,0.38928811025515286,0.0005839321653827293,19.256388264173996,24.001831089638017,5.187200819548779,0.11870585452128808,0.115236674593441,0.030477799995164326,0.027682572977478167,-58.01660009128145,20,minimum_variance__diagonal
2025-04-28,30,diagonal,minimum_variance,3.7897130842670745,1.0,,0.39941643311504865,0.000599124649672573,27.715993630870702,28.7820358695533,5.419466645462002,0.056575086122044566,0.05615661594321396,0.06466363089073061,0.003587868871270794,77.79692937256172,20,minimum_variance__diagonal
2025-05-29,30,diagonal,minimum_variance,4.252597998814789,1.0,,0.11217465807146398,0.00016826198710719598,27.55434391047982,28.67113006186207,5.41337782138749,0.05868420045216294,0.05848013298323982,0.06730635900150869,0.003209898620253592,79.15125980757094,20,minimum_variance__diagonal
2025-06-26,30,diagonal,minimum_variance,4.491127072746944,1.0,,0.09666477021224663,0.00014499715531836994,27.110923583576568,28.390445536989652,5.398920802795036,0.059748356481109544,0.059492476313902504,0.06793794928090237,0.0037187496989845074,77.03356305984204,20,minimum_variance__diagonal
2025-07-24,30,diagonal,minimum_variance,17.944523295927915,1.0,,0.32933302662296393,0.000493999539934446,20.764962275346335,24.64858128897563,5.206130099764071,0.11428800078299303,0.11374675400791534,0.03830979215643813,0.010594973867025362,38.3261902459771,20,minimum_variance__diagonal
2025-08-21,30,diagonal,minimum_variance,11.052870256370394,1.0,,0.5393325828304317,0.0008089988742456477,20.667473163899146,25.191567347432596,5.25349900562306,0.12344810653219107,0.12305159159825137,0.05026074824841766,0.008127827901805879,69.33782357139998,20,minimum_variance__diagonal
2025-09-22,30,diagonal,minimum_variance,11.054740943533691,1.0,,0.31966019970197396,0.00047949029955296095,18.028285755749796,23.556393010025616,5.1756551053983335,0.12286252590114706,0.12234419323897666,0.05466877300016801,0.009141344636078547,71.2085442115997,20,minimum_variance__diagonal
2025-10-20,30,diagonal,minimum_variance,14.101840937878254,1.0,,0.16326563662340324,0.00024489845493510485,15.89155184745235,22.222059514808375,5.112419637048776,0.14265127659534213,0.1420164813737071,0.05832722806130165,0.007120443023583898,72.13294297016706,20,minimum_variance__diagonal
2025-11-17,30,diagonal,minimum_variance,14.625336761158971,1.0,,0.26497869063750235,0.0003974680359562535,17.256698643335813,23.490941150742263,5.181096638401043,0.1593869209809656,0.1592628630970762,0.05614615067888232,0.0044709657072727095,71.98838595358214,20,minimum_variance__diagonal
2025-12-15,30,diagonal,minimum_variance,11.680034658416265,1.0,,0.4230375078539754,0.0006345562617809631,22.383480815592335,25.72338217548155,5.266568092940964,0.09434390088665391,0.09412971011823795,0.05402947562050901,0.009368909204187034,58.95611114200278,20,minimum_variance__diagonal
2026-01-14,30,diagonal,minimum_variance,11.005288513763796,1.0,,0.5167156194080647,0.0007750734291120969,22.649798896399062,25.8311707956882,5.27051107419808,0.09272936318192532,0.09246706634777953,0.05743747932576176,0.007557733474635268,68.24561903053329,20,minimum_variance__diagonal
2026-02-11,30,diagonal,minimum_variance,16.880481104664952,1.0,,0.26483237402034215,0.0003972485610305132,18.864994087661017,23.321898222822703,5.135690060633332,0.1201673586146371,0.11964629239703457,0.05633119933711988,0.013206019976862864,60.75146686681762,20,minimum_variance__diagonal
2026-03-18,30,diagonal,minimum_variance,18.543014811535716,1.0,,0.21096528233751355,0.0003164479235062703,17.915691780436607,23.43965691763432,5.157155762408954,0.15605076373789964,0.15599011825448847,0.06532610924585718,0.010151812371932087,69.7637587124152,20,minimum_variance__diagonal
2026-04-15,30,diagonal,minimum_variance,22.294214447257627,1.0,,0.1821008559788715,0.0002731512839683072,15.328646709797873,22.603966911785164,5.137279008472791,0.1969670720251131,0.19695452576065411,0.06391838503069626,0.00502085085769545,75.15659462818279,20,minimum_variance__diagonal
2026-05-18,30,diagonal,minimum_variance,25.897964766136443,1.0,,0.1229915911569686,0.0001844873867354529,15.112877361188577,23.255273693462676,5.163262486654496,0.2,0.18099334745057535,0.05912580557491777,0.0040278106520957885,75.85788850472942,20,minimum_variance__diagonal
2026-06-15,30,diagonal,minimum_variance,13.894681632329617,1.0,,0.30433067248399615,0.00045649600872599424,19.86763929411081,24.12081649284663,5.179849834852202,0.10947419753318358,0.10857442306233998,0.05019806346145236,0.003179921938693858,81.03707632024026,20,minimum_variance__diagonal
2026-07-13,30,diagonal,minimum_variance,17.731198515910595,1.0,,0.23995525954019423,0.00035993288931029135,20.144294807400467,24.029305247328075,5.1652797353887365,0.11301568067677356,0.11223542646870828,0.04211946218080318,0.009674399423662718,63.163238295276386,9,minimum_variance__diagonal
