date,equal_weight__sample,inverse_volatility__sample,community_risk_parity__sample,risk_parity__sample,risk_parity__ledoit_wolf,risk_parity__glasso,risk_parity__diagonal,minimum_variance__sample,minimum_variance__ledoit_wolf,minimum_variance__glasso,minimum_variance__diagonal
2012-05-03,0.9901662440755599,0.9927303583148466,0.9927303583148466,0.991465771190512,0.9915256887480268,0.9914542702082383,0.9927303583148466,0.9933228500904526,0.9935687633853629,0.9934446710349076,0.9954199544374657
2012-05-04,1.0040857893297688,1.0062662316136364,1.0062662316136364,1.004988495650573,1.0050463865711547,1.0049840934865,1.0062662316136364,1.0086682294276783,1.0091440520675439,1.0087595229381565,1.008716738245299
2012-05-07,1.0243645661645069,1.0237497304525276,1.0237497304525276,1.0225272545171076,1.0225957482431776,1.0225197520200398,1.0237497304525276,1.0217445175028184,1.0223756551712517,1.0224231031905076,1.024076869235657
2012-05-08,1.0300893484564333,1.0279712093956463,1.0279712093956463,1.0258548256359508,1.02594189076891,1.0257920565524594,1.0279712093956463,1.0222949097555152,1.022168511585646,1.0219145909138125,1.0266566205386094
2012-05-09,1.0288494985609675,1.0259810150282853,1.0259810150282853,1.0238793211828636,1.0239623485009033,1.0237937146176015,1.0259810150282853,1.016725047923474,1.0162243045343486,1.016522471544788,1.0239174979827887
2012-05-10,1.0264842585218727,1.0240669651212755,1.0240669651212755,1.0214315854654437,1.021535034308581,1.0213437433854242,1.0240669651212755,1.0136159202461328,1.0132927619789052,1.0135736264747441,1.0220807169631052
2012-05-11,1.0166132082647796,1.015557475341352,1.015557475341352,1.012149496439282,1.0122986443134396,1.0120794592013906,1.015557475341352,1.0026916180242298,1.0028216282616933,1.0030465260190762,1.014466500421316
2012-05-14,1.0003798009321634,1.002181609613182,1.002181609613182,0.9990567088397748,0.9991904138144111,0.9989610351602167,1.002181609613182,0.9936016703316164,0.993768892623063,0.9932050743931247,1.0033170385092094
2012-05-15,0.9770036414654486,0.98007365822199,0.98007365822199,0.9776641418183131,0.9777543401850103,0.9775738362334851,0.98007365822199,0.9766946749449446,0.9762128725049135,0.9760159169840799,0.982428129070842
2012-05-16,0.9744665001081613,0.9768619042379895,0.9768619042379895,0.9749891735666172,0.9750391968554372,0.9748664897872177,0.9768619042379895,0.9784636847377076,0.9771712260437935,0.976649266885849,0.9787058496140935
2012-05-17,0.9624516229423341,0.967511940976309,0.967511940976309,0.965752435477176,0.9657927860145987,0.9656336090569287,0.967511940976309,0.9769021608919465,0.9753319177211169,0.9741882364916352,0.971882338665601
2012-05-18,0.9433035796018612,0.9503710339098665,0.9503710339098665,0.9500795536225012,0.9500491580690931,0.9500120421494994,0.9503710339098665,0.9668658358358759,0.9652260872543569,0.9643201403190542,0.9561944997956424
2012-05-21,0.9739996365428598,0.9798288700545514,0.9798288700545514,0.9786838535301615,0.9786967248912389,0.9785985299977883,0.9798288700545514,0.9932299721775198,0.9917093484339017,0.9907971785062064,0.9848022579610949
2012-05-22,0.9640180031014232,0.9690019580761934,0.9690019580761934,0.9693031907376636,0.9692192519716385,0.9692081383184087,0.9690019580761934,0.984780726084506,0.9830164545357193,0.9824180500690294,0.9732085508023167
2012-05-23,0.9431555694897227,0.9503685673867303,0.9503685673867303,0.9516894872530319,0.9515535966033156,0.9516411882494012,0.9503685673867303,0.9739451916370635,0.9718263124236228,0.9711468888152145,0.9564050837742151
2012-05-24,0.9284512562978091,0.9365775282796168,0.9365775282796168,0.9385910170917551,0.9384174884021651,0.9385427723269971,0.9365775282796168,0.9663345811016144,0.9638683936611592,0.9631988721555702,0.9436565334298803
2012-05-25,0.9580481330197,0.963229146553541,0.963229146553541,0.9635195078777055,0.9634288681935785,0.9634220038643695,0.963229146553541,0.9816822975903435,0.9793863283195192,0.9785136485121032,0.9676504692421232
2012-05-28,0.9574806106696503,0.961917943892197,0.961917943892197,0.9622343509498096,0.9621305064647283,0.962109223356585,0.961917943892197,0.9803764796846868,0.9781052687718899,0.9772543048020919,0.9658618002279146
2012-05-29,0.9501759549429607,0.9561240352417841,0.9561240352417841,0.9574349571456293,0.957272019667216,0.9573128157772081,0.9561240352417841,0.9818670789618847,0.9791830425681756,0.9782760073440198,0.961473313162451
2012-05-30,0.9565278950994391,0.9619477143487353,0.9619477143487353,0.9635841401856474,0.9634019275217482,0.9634547476112117,0.9619477143487353,0.98812343128865,0.9854826168445961,0.9846017352831695,0.9667720431231676
2012-05-31,0.9451760763971068,0.9511767185959432,0.9511767185959432,0.9530712736257518,0.9528767784203298,0.9529443782204787,0.9511767185959432,0.9799871998568638,0.9773490390780508,0.9764029974646784,0.9563713805285916
2012-06-01,0.9489260765033866,0.9548443175139485,0.9548443175139485,0.95690678284338,0.9567048021399766,0.9567845762529111,0.9548443175139485,0.9835706416796469,0.9809383564567236,0.9800101294340384,0.9600390081103861
2012-06-04,0.9254989565160995,0.9341308759141991,0.9341308759141991,0.9372079788183615,0.9369462326166493,0.937100462841715,0.9341308759141991,0.9739529861519464,0.9713343220013846,0.9705044820920224,0.9418259540808052
2012-06-05,0.934292363946674,0.9416017381533952,0.9416017381533952,0.9444361258574769,0.9441859696773988,0.944302410513773,0.9416017381533952,0.9782560802593554,0.9756381828681405,0.9747872696538533,0.94827290737858
2012-06-06,0.9439191712014596,0.9500267136343469,0.9500267136343469,0.9526024739260119,0.9523653587796347,0.952472413748076,0.9500267136343469,0.98117353953483,0.9785147672613954,0.9776862070827189,0.9553059388257829
2012-06-07,0.9580273991606301,0.9610818775341524,0.9610818775341524,0.9629470922525338,0.9627509577822023,0.9627934587141377,0.9610818775341524,0.9830901772254566,0.9804399749215588,0.9797076275310574,0.963846357933538
2012-06-08,0.950028587036073,0.9539193683520016,0.9539193683520016,0.956285607940459,0.9560610971424678,0.9561395179254392,0.9539193683520016,0.9779289866500405,0.9752201223673709,0.974449797416129,0.9572211204190175
2012-06-11,0.9516068840500406,0.9568185928213502,0.9568185928213502,0.9585482093002451,0.9583588062393401,0.9584655726373982,0.9568185928213502,0.9807779893449436,0.9781127288095078,0.9774633062656022,0.9611351785890758
2012-06-12,0.9455654522235973,0.9517467788081997,0.9517467788081997,0.953573856020039,0.9533811354477519,0.9535164215157456,0.9517467788081997,0.9782159007840265,0.9755385619417564,0.9749271183537161,0.9569220731023401
2012-06-13,0.9435679074296311,0.9502872168693062,0.9502872168693062,0.9515961408210112,0.9514355729288309,0.9516111907016891,0.9502872168693062,0.977078444137981,0.9744434837031235,0.9741905437163335,0.9560741904039931
2012-06-14,0.9351784114071141,0.9436088282780892,0.9436088282780892,0.9449031364598207,0.9447481797702948,0.9449965833741284,0.9436088282780892,0.9739332216424164,0.9712790704318296,0.97127965550773,0.950997818539637
2012-06-15,0.9481071562917252,0.9560932238403134,0.9560932238403134,0.9567920009894916,0.9566798407298645,0.9569716932814963,0.9560932238403134,0.982833779304509,0.9801021729974788,0.9803930972816751,0.9632981000036938
2012-06-18,0.953858737213132,0.9602463306304805,0.9602463306304805,0.9602498506849155,0.9601722844168413,0.9603330545106428,0.9602463306304805,0.9813894047532083,0.9787619773776636,0.9787322469061324,0.9659458848961984
2012-06-19,0.9439637249586378,0.9521267631614664,0.9521267631614664,0.9532227897271102,0.9530820013531522,0.953307579636741,0.9521267631614664,0.9826806673441097,0.9800295045640791,0.9799861798559453,0.9595284361941837
2012-06-20,0.9472059290255912,0.9543365365623873,0.9543365365623873,0.9555357505513165,0.955387968990461,0.9555873884100148,0.9543365365623873,0.9833759907511302,0.9807023591672173,0.9805585888757642,0.9607746036312491
2012-06-21,0.943084290208067,0.9507145703016786,0.9507145703016786,0.9518609188527737,0.9517131865944236,0.9519552895123602,0.9507145703016786,0.9800246533430116,0.9773639901325647,0.9773877570728882,0.9573225427146488
2012-06-22,0.9361084034916218,0.9435686499281275,0.9435686499281275,0.9434498182333622,0.943378118380367,0.9435040936232959,0.9435686499281275,0.9685579962818353,0.9660421001047507,0.9658894033644949,0.9502023744890061
2012-06-25,0.9321244279639205,0.9417616802615202,0.9417616802615202,0.9438229312155643,0.9436158011118723,0.9438883004530896,0.9417616802615202,0.9775640005985146,0.9748276434666201,0.9748359023036797,0.9500602462467372
2012-06-26,0.919435497399931,0.9316333362486325,0.9316333362486325,0.9342418058270394,0.933995629211578,0.9343291420965104,0.9316333362486325,0.9751186922718305,0.9724462439989171,0.9725330362898955,0.9420007612436131
2012-06-27,0.9161497893871146,0.9288766101443908,0.9288766101443908,0.930972703664916,0.9307535012893607,0.9310491014714344,0.9288766101443908,0.9718820214193535,0.9692510397243557,0.9693367031863858,0.9396961063850944
2012-06-28,0.9106488595464988,0.9236771765239318,0.9237677540471266,0.9254948279697649,0.9252901138164559,0.9255775552588634,0.9236771765239318,0.964975907014275,0.9624740424619729,0.9625290345330901,0.934554083107606
2012-06-29,0.9178235879325632,0.9311082145772044,0.9325012363790663,0.9329916415246486,0.93279234523961,0.9330771518559957,0.9311082145772044,0.970541689003994,0.9678953482594308,0.9680344474384888,0.9413220180690857
2012-07-02,0.9105768932464156,0.9248402586575241,0.9266147324632932,0.9279093530717728,0.927639141639802,0.9279471376355113,0.9248402586575241,0.9689038513393692,0.9658975998685517,0.9662829816591852,0.935251039477772
2012-07-03,0.8961016699668504,0.9138999297942033,0.9162045540074281,0.9178264327481629,0.9175075288488036,0.9178676099830001,0.9138999297942033,0.9637586671553431,0.9607693912229415,0.961129312515913,0.9263556624063459
2012-07-04,0.8919396472479564,0.9107684190516657,0.9134365225158868,0.9147993537995301,0.9144791469332069,0.9148423813255145,0.9107684190516657,0.9610782409598548,0.958276965915638,0.9584798526777067,0.9238411172502246
2012-07-05,0.900455665012027,0.9164917263413956,0.9184385921363384,0.9195478759264041,0.9192798293894859,0.9195843344523541,0.9164917263413956,0.9626379705324415,0.9598239005429526,0.9600266382082122,0.9280327216315933
2012-07-06,0.9014661597166144,0.9163099617365064,0.9177292860386544,0.9190009794695985,0.9187510637204042,0.9190284729526229,0.9163099617365064,0.9603412406940429,0.9576179081714895,0.9577906798312507,0.9271890601203475
2012-07-09,0.8845438942276852,0.9020571026494276,0.9040119852118065,0.9056634273381807,0.905362364128722,0.9056743821180141,0.9020571026494276,0.9505504333210264,0.9479932111146,0.9480827418278662,0.9144238409215618
2012-07-10,0.878486369111797,0.8969782982266005,0.8993475077967611,0.9009984575959687,0.9006732865170874,0.9009998019181448,0.8969782982266005,0.9476136434654595,0.9449445589757195,0.9450644197276253,0.9098059470136745
2012-07-11,0.881506624453604,0.8995679625224043,0.9020835629440007,0.9028064957331172,0.902529450814425,0.9028230580299658,0.8995679625224043,0.946813715123994,0.9444241837326923,0.9444542029578913,0.9118107819127145
2012-07-12,0.8853875305035518,0.9025692685600115,0.9052182751361589,0.9050838331380103,0.9048474124022136,0.9051223710539789,0.9025692685600115,0.945484870018489,0.9433609904287332,0.943252574567155,0.914059551001771
2012-07-13,0.9054250869711445,0.9197518069200299,0.921746822972232,0.9214559771407137,0.9212678929833615,0.9215215141067833,0.9197518069200299,0.9578428779608709,0.9557850452829901,0.9556726930546107,0.9297860020640063
2012-07-16,0.8999007185809634,0.9151143606069536,0.9164713578627101,0.9166034058702343,0.916419494705745,0.9166707538398285,0.9151143606069536,0.9524623130462166,0.9509274454048025,0.9506201125484617,0.9257488901245532
2012-07-17,0.9088489281605397,0.9217520218281808,0.9221827360890289,0.9220277683175684,0.9219045884264663,0.9221064077440271,0.9217520218281808,0.9546888685291929,0.9531071449785667,0.9528269774578525,0.9311570430475868
2012-07-18,0.9108663854603749,0.9242563603673336,0.9254968675474369,0.9245938289604567,0.9244738229277597,0.9246783169523443,0.9242563603673336,0.9558894037573669,0.9545030444750279,0.9541680990705745,0.9334532818091613
2012-07-19,0.9268369419888858,0.9353870922624327,0.9354915608854423,0.9343654866089496,0.9343160393729252,0.9344389434094056,0.9353870922624327,0.9586055802893609,0.9572944762473834,0.9569335396063995,0.9418125505675132
2012-07-20,0.9173239073397023,0.92722917719463,0.9281083383242085,0.9267222568244093,0.9266536059574959,0.9267851426457511,0.92722917719463,0.9527254493848927,0.9509460073486812,0.9506928440057645,0.9342954967131349
2012-07-23,0.9138026608923568,0.9239820058892421,0.9248083949958548,0.9239571642239295,0.9238531876159476,0.923993571317165,0.9239820058892421,0.9514278511362497,0.9495890889075456,0.949340446068999,0.9312459360343696
2012-07-24,0.9036344986940108,0.91711151119266,0.9188801037652398,0.9183497612943919,0.9181799761540966,0.9183612799742359,0.91711151119266,0.953080317383167,0.9509863033323693,0.9507896195245387,0.9261843671797269
2012-07-25,0.8976258988150027,0.9125822992857395,0.9145056928580764,0.9137175012402682,0.9135454150774327,0.9137497873770872,0.9125822992857395,0.9484867515858043,0.9465047734086859,0.9462569895494743,0.9225148738481045
2012-07-26,0.9011746890848702,0.9150397437614018,0.9178081727324993,0.9161919483532504,0.9160056931075923,0.9162022876534991,0.9150397437614018,0.9504903000845221,0.9484968199841676,0.9482454444382851,0.9246097766756609
2012-07-27,0.8991724363563995,0.9144188473884287,0.918986526759846,0.9155673143345641,0.9153880606880204,0.9155852144603625,0.9144188473884287,0.9509358113732023,0.9490026873132846,0.9486758075471604,0.9248210206494308
2012-07-30,0.9036862506616791,0.920688144644191,0.9262695062129698,0.9229036896025988,0.9226479851740501,0.9229048423155398,0.920688144644191,0.9618036322303071,0.95963498082618,0.9595600018461615,0.9323372464190874
2012-07-31,0.9047926302747599,0.9204468921432172,0.9260815078942962,0.922402991647352,0.922151462754285,0.9223928790943701,0.9204468921432172,0.9589627748092354,0.9568665071339253,0.9566186887934038,0.9313524782817179
2012-08-01,0.8970775278912586,0.9144790149214281,0.9186403695578932,0.9172129633531091,0.9169112295471942,0.9171985912106458,0.9144790149214281,0.9561067266609393,0.953864355653807,0.953800459492278,0.9259314705519384
2012-08-02,0.9038229859282432,0.9239901736761118,0.9287708622299916,0.9273076811012108,0.9269865972853969,0.927297680073291,0.9239901736761118,0.9708828371431297,0.9686770915522723,0.9685177833463163,0.9381114187442553
2012-08-03,0.9070071249476089,0.9307264755067173,0.9389985500122662,0.933754377330148,0.9334749390726828,0.933812829858865,0.9307264755067173,0.9798918527243854,0.9776428958691084,0.9775379874800638,0.9475153212723032
2012-08-06,0.9171419783357682,0.9415554110142316,0.9539085178835106,0.9429351880133545,0.942783465536514,0.9430819721452781,0.9415554110142316,0.9880975408036053,0.9859206110538405,0.9857505123820457,0.9593523942372104
2012-08-07,0.9138683522042306,0.9396442063923875,0.9516223456627783,0.9416369962631338,0.9414522980616391,0.9417684541173033,0.9396442063923875,0.988846384352264,0.9867083227258011,0.9864777724094861,0.9587665538678591
2012-08-08,0.9192227967875476,0.9429001694825324,0.9543634635638462,0.9446056046306305,0.9444282147821784,0.9447234860234578,0.9429001694825324,0.9902888797893636,0.988129647356966,0.9879030036682904,0.9607123187067141
2012-08-09,0.9338135936592026,0.9555263897928472,0.9680098465780451,0.9558219110077819,0.9557464827817523,0.9559878633658156,0.9555263897928472,0.9977322065737384,0.9958683248301271,0.9953284533430645,0.9727231238363323
2012-08-10,0.9269048105417915,0.9489887492680916,0.9608357150139285,0.9502512573791317,0.9501028562104568,0.9503851982045555,0.9489887492680916,0.9934428393007583,0.9914327476251925,0.9910061461930437,0.9661245134557898
2012-08-13,0.9298086744403301,0.953830187112103,0.9695542734600523,0.955020033945085,0.9548967704966375,0.9551992276415951,0.953830187112103,1.0002556462108119,0.9982898093145847,0.997915514698265,0.9725804418839452
2012-08-14,0.9366013566730429,0.963421220985841,0.9847011552206836,0.9633843822846283,0.9633610662611323,0.9636441346357313,0.963421220985841,1.009286055876518,1.0073107282864446,1.0068781814296222,0.9843758420256119
2012-08-15,0.9358586186409095,0.9659169557022742,0.9884601911252926,0.9660307166159772,0.9660078036783407,0.9663060376836498,0.9659169557022742,1.0144939018191312,1.0125695780348787,1.0120107078135931,0.9890111133537394
2012-08-16,0.9338489044892766,0.9619837969538381,0.9842239811267379,0.962048317681021,0.962020645216342,0.9623075160053156,0.9619837969538381,1.0082693253013726,1.0064318123897642,1.0058057402186706,0.9837437467807966
2012-08-17,0.9225410213132655,0.9537054567971719,0.9727523773361211,0.954635349822247,0.9545621397187646,0.9548840951141604,0.9537054567971719,1.0014135357141338,0.9997731106580372,0.9989430847391063,0.9761284768060556
2012-08-20,0.9285197304618653,0.9601819563127006,0.9809135111536935,0.9610755332505917,0.9610104566641099,0.9613287449378638,0.9601819563127006,1.0079656227156946,1.0064063432670605,1.0054957179689816,0.9831317063332863
2012-08-21,0.8837378715091996,0.9119884830840069,0.9332937875412791,0.9137511750334234,0.9136241449511057,0.9139458523629655,0.9119884830840069,0.9592602218489673,0.9578133469588488,0.9569139437775023,0.9342981745434632
2012-08-22,0.8584829740834434,0.8875291732337613,0.912379893091822,0.8906422077232239,0.890470423572591,0.8907982774993142,0.8875291732337613,0.939756118453475,0.9389785101361489,0.937560861651732,0.9133816640423563
2012-08-23,0.8162158817061326,0.8439332881523031,0.8679299142587115,0.8473486709953019,0.8471297668499711,0.8474974782124163,0.8439332881523031,0.8965866262293007,0.8943442353612923,0.8944965335154458,0.868355181220903
2012-08-24,0.836700679833064,0.8645330115094108,0.8896215461961566,0.8668447790180578,0.8667448818217094,0.8670297849380024,0.8645330115094108,0.911473723330425,0.910142082899182,0.9093544438119989,0.8889888346642569
2012-08-27,0.8028660389823422,0.8291138347152764,0.8523544461623963,0.8330555242743446,0.832751051364574,0.8332518910491279,0.8291138347152766,0.8820970071304044,0.8767559642546215,0.8800689089618645,0.8517628824914144
2012-08-28,0.8021570883920356,0.8263932752188059,0.8570639566771268,0.8302083675736507,0.8298951386780189,0.8304280278079356,0.826393275218806,0.878919841534663,0.870344636806913,0.8768472071821937,0.8473025949437701
2012-08-29,0.8195327359263793,0.8430964574544428,0.877903288138417,0.8444899965559604,0.8444524240901515,0.8446943623236838,0.843096457454443,0.8833391581100309,0.8783376959910704,0.8811742841142539,0.8636439494338691
2012-08-30,0.8268362973072855,0.8522964629216215,0.8928642400795073,0.8539615512490139,0.8538924636188387,0.8541423803727767,0.8522964629216216,0.8978187686508711,0.8919347029874374,0.8955309345197734,0.8744030839827179
2012-08-31,0.8228879698115183,0.8499915796849432,0.8872425853627502,0.8538089808569276,0.8535105731537603,0.8540336627317229,0.8499915796849433,0.9053305086037672,0.8979443975088635,0.9029930178802197,0.8731256409208291
2012-09-04,0.8349947757591902,0.8639153070612848,0.9012741988334444,0.8686673867039111,0.8682743031263823,0.8689068454230905,0.8639153070612849,0.9262718039329523,0.9178600563176752,0.9239154523697671,0.8884835852195102
2012-09-05,0.8251950509307787,0.8552256921964579,0.893875477142422,0.8600249135964592,0.8596225181226592,0.8602714446770998,0.855225692196458,0.9184736781179021,0.9098489785944419,0.9161779123468229,0.880243763594086
2012-09-06,0.8146374920292361,0.8450097496897321,0.8833195027813237,0.8498866012994439,0.8494691571557829,0.8501396832400693,0.8450097496897322,0.9089076448565598,0.899856123421275,0.9066928575287132,0.8703059665958268
2012-09-07,0.8181983801816879,0.8487684744346241,0.8895452423207805,0.8541554607115063,0.8536823224400404,0.8543955571869601,0.8487684744346242,0.9166985342402398,0.9062121379955719,0.9143410087237817,0.873819763129626
2012-09-10,0.7932683165862088,0.8240418337828526,0.8644194299612478,0.8319399508234316,0.8311828905794767,0.8321648248016775,0.8240418337828527,0.9051686204900502,0.8907812103622545,0.9027879531036817,0.8490225790670478
2012-09-11,0.7882777410938743,0.8197904542509348,0.8610950156923148,0.8286825727821568,0.8278320068155989,0.8289225817992255,0.8197904542509349,0.9061491801584022,0.8917819003294193,0.9037996414714925,0.8455307493890669
2012-09-12,0.7927638654896426,0.8232186409774777,0.8635475146018651,0.8321156600815421,0.8312656491731992,0.8323377284614543,0.8232186409774778,0.9092290488468983,0.8945237346820628,0.9068582802187882,0.8481030971870189
2012-09-13,0.8022630588231481,0.8315643477457333,0.875411104179523,0.8388128690177313,0.8381254840627625,0.8390423059505071,0.8315643477457334,0.9093821452584628,0.8945668160107773,0.9069815142193227,0.8554133672010327
2012-09-14,0.8212884172667736,0.8510422084312309,0.897565264250414,0.8568305593477895,0.8563068899856257,0.8570742456212307,0.851042208431231,0.9227654989872974,0.9091347846798481,0.920465345530892,0.8749961058908498
2012-09-17,0.8320708798296996,0.8619760663124062,0.9089870057455248,0.8676416897057304,0.8671035162719859,0.8678774919979785,0.8619760663124063,0.933278270439261,0.9179511632322198,0.9309727497564344,0.8858541161040547
2012-09-18,0.8113721636672125,0.8414547257441692,0.8879704507914775,0.850018354192898,0.8491516627190633,0.8502153580513528,0.8414547257441694,0.9291870396111496,0.909122687200115,0.9268195076402479,0.8654522605284417
2012-09-19,0.8097177996304026,0.83636934402975,0.8893896752674642,0.8437400827491301,0.842994420603049,0.8439480693664891,0.8363693440297502,0.9173485058565596,0.8955331703978077,0.9150393787483656,0.8574446304556161
2012-09-20,0.7964934598558328,0.8210939277576745,0.8710140984002982,0.8293697460457303,0.8285464882476566,0.8295582035759488,0.8210939277576746,0.9038558326777768,0.882313395765794,0.9016241202718851,0.8410334637290375
2012-09-21,0.8145645789885313,0.8381145915541954,0.8918147492545845,0.845095477277612,0.8443307101447975,0.8452877056997189,0.8381145915541955,0.9125932440526106,0.8912732649735648,0.9104526854464258,0.8568573004148817
2012-09-24,0.8039499612844591,0.8283163160905104,0.8763034194055985,0.8361385188753593,0.8353357912363668,0.8363221697049192,0.8283163160905105,0.9086122791767661,0.8871919071479293,0.9064619546069087,0.8478610237166863
2012-09-25,0.8028853030376347,0.828401097772627,0.8735818676475815,0.8360802219183214,0.8352935919426483,0.8362971149438222,0.8284010977726272,0.9147933338670751,0.8924906995131205,0.9122799890794915,0.848933344849249
2012-09-26,0.809696752507686,0.8354458039780731,0.8796493796963853,0.8430602023363244,0.8422831315902084,0.8432849040337107,0.8354458039780732,0.9241434201045093,0.9015196240949459,0.92150611457008,0.856252085461755
2012-09-27,0.8063566477116564,0.8321521479541355,0.8755433993702656,0.8404203596471227,0.8396180518166984,0.840659260701621,0.8321521479541356,0.9245242879602203,0.9013100141724847,0.9218744938144936,0.8530652911930202
2012-09-28,0.8026434815570838,0.8291102620880649,0.86902965640865,0.8381108306456168,0.8372752588397036,0.8383362818626601,0.829110262088065,0.9268678741348415,0.9032643762872953,0.9240888523403668,0.8506716921948347
2012-10-01,0.7874633627592009,0.8153335078681366,0.8594471382855545,0.8245459349589942,0.8237002446351693,0.8248361899351185,0.8153335078681367,0.9178345637086174,0.8942639311360281,0.914894170837884,0.838069828511105
2012-10-02,0.7814359922449557,0.8100984588967699,0.8538254643947447,0.8193103436021745,0.8184656651922344,0.8196234574485141,0.81009845889677,0.9150195519677937,0.8914309722549084,0.9120090915099452,0.8335593240677878
2012-10-03,0.7887288138602785,0.8152844593587097,0.862717112385512,0.8238607753103651,0.823039325506516,0.8241542165471496,0.8152844593587099,0.9103804928283593,0.8869869106393535,0.9073665732571772,0.8367829132408193
2012-10-04,0.7866574348738267,0.8141238292323909,0.8645022940949548,0.8222004964242529,0.8214068090436623,0.8225428957654907,0.814123829232391,0.9107178672398981,0.8871231813344458,0.9076144211123816,0.8362983596882114
2012-10-05,0.7903389936329269,0.8180550729738557,0.8707755727896255,0.8260120959637426,0.8252187792794375,0.8263523331197365,0.8180550729738558,0.914466432275316,0.8906521589027405,0.9112639309321431,0.8402647354379955
2012-10-08,0.8021230190268596,0.8286824991105257,0.8820827402288853,0.836126651537546,0.8353540245255086,0.8364494494622752,0.8286824991105258,0.9208767577673607,0.8969709652706451,0.9175755097198612,0.8498304371772276
2012-10-09,0.800620097618656,0.8270094941275347,0.8785017247679693,0.8346763874011783,0.8338957258619935,0.834980729193385,0.8270094941275348,0.9195159397554413,0.8954879219443443,0.9162488855730437,0.8479918079867104
2012-10-10,0.8008085261940509,0.8272426424283209,0.878275969354726,0.8348980037033421,0.8341176027657884,0.8351957359149517,0.827242642428321,0.9193303112866837,0.8952861352296713,0.916121578301179,0.8481687853344242
2012-10-11,0.8020394185424086,0.8271837096052154,0.8791527194916994,0.8345081582810423,0.8337468999995353,0.8348043239647401,0.8271837096052155,0.9145809778551509,0.8906192902044646,0.9113991342052286,0.8470679646637193
2012-10-12,0.7970372929756396,0.8223641877197695,0.8739249834403112,0.8293470976984031,0.828604803874629,0.8296501230905055,0.8223641877197696,0.9089937642013926,0.885239734191909,0.9058061394035747,0.8422943930749748
2012-10-15,0.7906423590257506,0.8175692718911074,0.8660530046571004,0.8251658862213404,0.8243990287793966,0.8254934494464655,0.8175692718911075,0.9130509163428231,0.8885502684638392,0.909483512338896,0.8388001158833123
2012-10-16,0.8109276354947264,0.83606338027333,0.8865206090783992,0.8436407281320142,0.842866498167872,0.8439535697781624,0.8360633802733302,0.9263277999962675,0.9016217113785262,0.9226723181487315,0.8559022099335866
2012-10-17,0.805968160127639,0.8316863040345444,0.8857121915940669,0.8393687141463313,0.8385909781337666,0.8397348335278709,0.8316863040345445,0.9250912461926684,0.8998694004480369,0.9211814229007576,0.8519835307948173
2012-10-18,0.8091681529476986,0.8349354660236172,0.8913872464842967,0.8423955727482069,0.841626145899571,0.8427747163910007,0.8349354660236173,0.9275366536899983,0.9022551870865493,0.9235328578386416,0.8551589861644282
2012-10-19,0.8029090449442728,0.8291760484846632,0.8839553133286404,0.8369185246470383,0.8361538777434928,0.8372814488651142,0.8291760484846633,0.9240455815347836,0.899316130456235,0.9201273120372995,0.8497065354696386
2012-10-22,0.8020017541932266,0.8274748286112388,0.8828291818813059,0.8345405445308561,0.8338107390717152,0.8348835232915847,0.8274748286112389,0.9155578578593772,0.8912949725728054,0.911654514771401,0.8469803034560107
2012-10-23,0.8037574502984547,0.82873403557132,0.8840229875573139,0.8355960299861634,0.8348779073011826,0.835928486082422,0.8287340355713201,0.9140269976284527,0.8899953709649618,0.9101954378422198,0.8477201078684075
2012-10-24,0.7991095969505415,0.8246774271528772,0.8801294251368882,0.8313293828053588,0.8306219352955202,0.8316668553579949,0.8246774271528773,0.910524780794265,0.8865166324902469,0.9068364478825245,0.8440663622544223
2012-10-25,0.7933832044313531,0.8186128620291722,0.8741479627002418,0.8249494178271874,0.8242651723144878,0.8253045202584208,0.8186128620291723,0.9046611604198649,0.8804319234533687,0.9011135650308392,0.8379036773421192
2012-10-26,0.7949781767972984,0.8206174305293519,0.8769677581519625,0.8274231171579294,0.8267064273114739,0.8277726161917313,0.820617430529352,0.9067828122148683,0.8827058203316662,0.9032122187042224,0.8400604348605333
2012-10-29,0.792183064552295,0.8190480419565805,0.8752619129109517,0.82589045148926,0.8251700529579996,0.8262407870438742,0.8190480419565807,0.9096278579282582,0.8853432338312613,0.9059420660725417,0.8395791827917476
2012-10-30,0.7841446829066747,0.812241009075601,0.8689810832447139,0.8190949503500341,0.8183711237487378,0.8194515300219113,0.8122410090756012,0.904884078663176,0.8808336284180723,0.9012375262402685,0.8335862014258035
2012-10-31,0.7808362109056386,0.8089717174189438,0.8653714353686656,0.8156166199698112,0.8149028535724124,0.8159712931358856,0.8089717174189439,0.9018577589794947,0.8777588387227212,0.8981841491641573,0.8304199718809623
2012-11-01,0.7784021062013711,0.8089831423899766,0.8642118619067057,0.8149936316974404,0.8143151444873273,0.815347239372423,0.8089831423899767,0.908237589918003,0.8835854225428438,0.9041533063215235,0.8323900175959247
2012-11-02,0.7503908840198702,0.7809472335944647,0.8348157357014849,0.7865322029924575,0.785890238431315,0.7868878863440926,0.7809472335944647,0.8809425310522481,0.8569892587209543,0.876816162492646,0.8044628907725128
2012-11-05,0.7507486207091668,0.7828568810145113,0.838029691221701,0.789524234355456,0.788817805242525,0.7899001762465012,0.7828568810145113,0.8887288616896666,0.8646663547464657,0.884464812729981,0.8076335147106364
2012-11-06,0.7477279814212436,0.780706810025098,0.8361134126224813,0.78785022934493,0.787117511962112,0.7882314111940681,0.780706810025098,0.8907664711439606,0.8666227636472809,0.8863204625366196,0.8062543434814254
2012-11-07,0.7624686445979337,0.7938468885339515,0.8507549876027984,0.7995429120239002,0.7988751610061441,0.7999135332415535,0.7938468885339515,0.8927611963342165,0.8685825577879586,0.8883577075259877,0.8176900421173412
2012-11-08,0.772605415825805,0.8050269970645529,0.8657137507496513,0.8107925382518347,0.8100915639066324,0.811167016728475,0.8050269970645529,0.903909223127218,0.8793701084292148,0.8993221774691033,0.8296687569519434
2012-11-09,0.7767020980569754,0.8090969500906612,0.8704287559436922,0.8141215154124567,0.8134523275274902,0.8145090029689815,0.8090969500906612,0.9043500048512078,0.8797578751333648,0.8997306813729952,0.8335707656705819
2012-11-12,0.7849389138021676,0.8163234962425356,0.8760407073067124,0.8208789899150128,0.8202347503795527,0.8212706675866455,0.8163234962425356,0.9097166517423781,0.8845777737552865,0.9051452001495661,0.8400684559749638
2012-11-13,0.7794389856653579,0.8103442095420483,0.8682904899972221,0.8156180487206764,0.8149453755627646,0.8159971677467448,0.8103442095420483,0.9068153901033117,0.8817596468543601,0.9022658723022361,0.8340277355474145
2012-11-14,0.7857925038458273,0.8159546029207563,0.8749534138774753,0.8199586866313812,0.8193579240695555,0.8203442444179224,0.8159546029207563,0.9038123062603052,0.8790922748230283,0.8992528062240452,0.8384619216256982
2012-11-15,0.7825912425476637,0.8135278060887822,0.8741158126210704,0.8170397816674131,0.816459630949969,0.8174447923119526,0.8135278060887822,0.8991776437050362,0.8746792018781643,0.8946974289347778,0.836357825022314
2012-11-16,0.7801556212302556,0.8112626267423452,0.8705641338667938,0.8151034165896458,0.8145044778763924,0.8154959506378918,0.8112626267423452,0.8990067595181438,0.8745640241158472,0.894376570824559,0.8344302768185661
2012-11-19,0.7727543368083283,0.803903908729853,0.86252035170957,0.8086579192877927,0.8079982498702185,0.8090564956496051,0.803903908729853,0.8924430513778255,0.868567437802731,0.8880300117877942,0.8272683572791697
2012-11-20,0.7757230631137819,0.8064691083707332,0.8649734063412734,0.8108121895632597,0.8101779225823389,0.8112031103087057,0.8064691083707332,0.8935222597327717,0.869487922964465,0.8891061997539189,0.8293504792818897
2012-11-21,0.7708408993331144,0.8024725670187847,0.8615350546364986,0.8064468727736607,0.8058375488124329,0.8068397832409399,0.8024725670187847,0.8901537007766238,0.8661497848299202,0.8857531446765827,0.8260447699604069
2012-11-22,0.7726214784694748,0.8028591802392987,0.8639135839448229,0.8060316356389134,0.8054842067226395,0.8064342795447716,0.8028591802392987,0.8852656638627285,0.8614959401202334,0.8809455750580142,0.8251627494028423
2012-11-23,0.7653927365281654,0.7965920287543504,0.8581192533243573,0.7996549361167345,0.7991273734720774,0.8000645919568143,0.7965920287543504,0.8814526180516452,0.8578023426371589,0.877136080679385,0.8198108154730757
2012-11-26,0.7587216916908518,0.7893867854303421,0.8504225515328294,0.7924765744602512,0.7919669364126456,0.7929060136677447,0.7893867854303421,0.8732847418628682,0.8499687843807437,0.868963051188866,0.8124604095848582
2012-11-27,0.7568781195437779,0.787405853513432,0.8499460172663352,0.7901890204781642,0.7897002385037248,0.7906155803402031,0.787405853513432,0.8698064140642324,0.8464130571582937,0.865526619624979,0.8103842934710809
2012-11-28,0.755148546964644,0.7850088555034257,0.8487918903551386,0.7871374991243445,0.7866998244249498,0.7875869488250503,0.7850088555034257,0.8642603012215907,0.841070457436859,0.8600878270201334,0.8074257828131707
2012-11-29,0.7598397550878717,0.7896197164817129,0.8530485350965717,0.7918175639543715,0.7913605006812482,0.7922602290156855,0.7896197164817129,0.8692651630187899,0.8457681218393325,0.8650502370181439,0.8118663819234445
2012-11-30,0.7581716107014219,0.7883007685904406,0.8511679333863444,0.7908102245161187,0.7903320450411743,0.7912464559962163,0.7883007685904406,0.8693289892784708,0.8457885139249842,0.8651314256534602,0.8109086854708565
2012-12-03,0.7634204182571769,0.7936827087854471,0.8580890759399348,0.7966460029449518,0.7961228905619372,0.7970528039868002,0.7936827087854471,0.874718405459339,0.8511150026508713,0.870531080632397,0.8163307212864142
2012-12-04,0.7723884967351251,0.8017367645984732,0.8688042393967712,0.8047915964915107,0.8042515632490094,0.8051768636517759,0.8017367645984732,0.8792462769911292,0.8561223472152244,0.8752018972350029,0.8234921152766204
2012-12-05,0.7800296266678943,0.8095448029991488,0.877113993374285,0.8119046662917856,0.8114002614057452,0.8122949481475499,0.8095448029991488,0.8857319704163974,0.8622528250731881,0.8815346900093255,0.8311628436240638
2012-12-06,0.7786062415344193,0.8085077313433885,0.8756878806530602,0.8111001601395357,0.8105709087199687,0.811490767262479,0.8085077313433885,0.8863648819121409,0.8626557086700013,0.8820833480026242,0.8304716094979884
2012-12-07,0.7746719162539495,0.8044770961515488,0.8719145747629777,0.8075430899789453,0.806978374498703,0.8079021842517428,0.8044770961515488,0.8810280432904993,0.8575467522415526,0.8768614770662714,0.8264293079123596
2012-12-10,0.783398273436412,0.8131242472129822,0.8788815357004931,0.81607838991127,0.8155186068381777,0.8164411466918712,0.8131242472129822,0.8911995530471779,0.8673788243869986,0.8868411603030881,0.8348818882226485
2012-12-11,0.7894995651245323,0.8185670766224831,0.8859043870006997,0.8218989011364862,0.8213087276079647,0.82222660179415,0.8185670766224831,0.8968606528327503,0.8732738902090975,0.8923580877792779,0.8397944848297041
2012-12-12,0.79920809388945,0.825972190767176,0.8920159596001045,0.8280085911388938,0.8274973110054372,0.828304827128819,0.825972190767176,0.8951164221657645,0.8716148142686465,0.8902490947962572,0.8451141382022683
2012-12-13,0.8051191916570516,0.8301677516093264,0.8939959662359599,0.8323652997721953,0.8318420589152705,0.8326001545945779,0.8301677516093264,0.895199325510234,0.8718667891788802,0.8901217374807932,0.8478493254486467
2012-12-14,0.8114138700044188,0.8384450673721034,0.902700321895687,0.8412407605809644,0.8406419691703856,0.8414911755867076,0.8384450673721034,0.9047089742882994,0.8816246783034868,0.8999847679431908,0.8569670224179525
2012-12-17,0.810269501301846,0.8408021663013693,0.9083961195473748,0.8430187462697462,0.8425561861942701,0.8432117471696884,0.8408021663013693,0.9082944383017947,0.8842160714529052,0.9033275012483895,0.8608599904513439
2012-12-18,0.8029531644419322,0.8369313704697058,0.9064938850142875,0.8391230712460472,0.8386874734580033,0.839307790912822,0.8369313704697058,0.9073234865608039,0.8824435893884323,0.9025294725145568,0.8587245579526318
2012-12-19,0.8164848859861145,0.8480652843206059,0.9166268174020499,0.850377743173285,0.8498795805555007,0.850544049483322,0.8480652843206059,0.9177215161351104,0.8919015295769426,0.91274094067577,0.8686416695516133
2012-12-20,0.8165722059699893,0.8473277065283734,0.9145359780463903,0.8490024400459728,0.8486370761109879,0.8492128864391288,0.8473277065283734,0.9137995384822662,0.8887957484312368,0.9090064301400939,0.867013826097153
2012-12-21,0.8167449414433942,0.8451683527598001,0.9115093625513435,0.8468210228727296,0.8464455715323972,0.8470051164800821,0.8451683527598001,0.9085168104471968,0.8843131299769532,0.9033346659438417,0.8634031887925089
2012-12-24,0.8216567646410521,0.8468233776081446,0.9130388251581083,0.8479048637337625,0.8475728114363811,0.8481315835678978,0.8468233776081446,0.9093013350241489,0.884374096515305,0.9041526615876129,0.8638475095778283
2012-12-25,0.8250515724707195,0.8472763169549139,0.9120024165554939,0.8481845531008173,0.8478620043362974,0.8484036480674003,0.8472763169549139,0.905469393263226,0.8813389416859242,0.9002001429902391,0.8624211408053045
2012-12-26,0.8356863902745758,0.8579629223190018,0.9214115626256367,0.858395453620379,0.858137770773568,0.8586321179957218,0.8579629223190018,0.915761275505475,0.8919323503032526,0.9104523898567591,0.8733329789044428
2012-12-27,0.8475521892122792,0.8710857116057322,0.9349454541508986,0.8714622963631764,0.8712044628687524,0.871654036622179,0.8710857116057322,0.9308593658184986,0.9061488388254,0.9250367720542729,0.8872241228511218
2012-12-28,0.8578536551279814,0.8798525512145519,0.9431596931558376,0.8806054689754496,0.8802507662894784,0.8807626267495131,0.8798525512145519,0.9369672208575073,0.9120532224793899,0.9309930944213906,0.8945777093225323
2013-01-02,0.8788348423589525,0.8987321220929234,0.9629768163992465,0.897763311013083,0.8976939140747248,0.8979427953425031,0.8987321220929234,0.9524930320749898,0.9277536431349815,0.9464691705454706,0.9128308625961267
2013-01-03,0.8790160155361214,0.8992524798895404,0.9647858895465621,0.8982245490339166,0.8981698383800112,0.8983732892054268,0.8992524798895404,0.9518320775516274,0.9267378129498853,0.9457245885484389,0.9129942061124848
2013-01-04,0.8967222865736597,0.9140318721404034,0.9819066090892629,0.9123027280617182,0.912360310191832,0.9124398942952301,0.9140318721404034,0.9630995916137753,0.937745737438017,0.9568986989311112,0.9261271460911328
2013-01-07,0.9114824424002267,0.9299567281159824,0.9977592521860151,0.9292692270624259,0.9291331157086173,0.9293596271814201,0.9299567281159824,0.9810047527248992,0.9543471553581108,0.9743864307276305,0.9420205084834959
2013-01-08,0.9427687600220569,0.9597366087716943,1.0275414269768377,0.9580160731729385,0.9580332518379941,0.9581065334122499,0.9597366087716943,1.0100109704181248,0.982232936407658,1.0030755758922316,0.971264864535596
2013-01-09,0.9475223867079846,0.9698115833530969,1.0362207934690002,0.9678428940846853,0.9679664610789699,0.9679224773936372,0.9698115833530969,1.0187562975584266,0.9926490208089206,1.011927912685869,0.9830910657524525
2013-01-10,0.9731779022999983,0.9934793328023249,1.0598822655755826,0.9905941350876056,0.9908804409963547,0.9907022728034459,0.9934793328023249,1.0389551117384432,1.0128405601015245,1.0324163432400055,1.0055737685739363
2013-01-11,0.9725030398705007,0.9939357530898018,1.0650922687833484,0.992438858451401,0.9924999209477374,0.992602876123892,0.9939357530898018,1.0465492330544366,1.0193860098019192,1.0405449811531338,1.0075036365874739
2013-01-14,0.9590855051083811,0.9815150715677127,1.0574032275593397,0.9808394717329807,0.9807652067524398,0.9810404149080872,0.9815150715677127,1.0392606453690163,1.0114794707424002,1.0335039689070535,0.9963330166301239
2013-01-15,0.9667533015203509,0.9872115056727501,1.0641811027791137,0.984144509371968,0.984448795423223,0.9843559422156987,0.9872115056727501,1.0392909111619226,1.0113301067471916,1.0334377512620596,1.0000879659641144
2013-01-16,0.9733316867711441,0.9938078200066275,1.069920027373946,0.990445969517489,0.9907730603692187,0.9906619799855649,0.9938078200066275,1.0467271733221226,1.0180772591605813,1.040721132128334,1.0068880737381758
2013-01-17,0.9528317314266008,0.9737303292730018,1.0485027410900238,0.9704455806887528,0.970802596154936,0.9707129415585589,0.9737303292730018,1.0296296382980297,1.001037853777913,1.023659313018119,0.9866695866937315
2013-01-18,0.9499286538565462,0.970606033651604,1.0442563618353462,0.9678056002977562,0.9681106410400571,0.9680514083637008,0.970606033651604,1.0297981992905467,1.0010358924179539,1.0238742935834124,0.9835039400349892
2013-01-21,0.9357085807738287,0.9567259359444861,1.0295074309037702,0.9529900872179453,0.9534275383355653,0.9532480172969686,0.9567259359444861,1.0139326748986308,0.985788736684328,1.0080848645402867,0.9697981851653958
2013-01-22,0.9196104678951245,0.942551250048385,1.0130954920005684,0.9412277408847208,0.9413158349520476,0.9415222888555662,0.942551250048385,1.0081248262146016,0.979564956415927,1.0022975466379593,0.9574076490491692
2013-01-23,0.9216497553230841,0.9441556424495204,1.0145264312617865,0.9426526922217174,0.9427766493666971,0.9429494272100724,0.9441556424495204,1.0092439086186915,0.9805850260708406,1.0035050376795864,0.9587501829736641
2013-01-24,0.9444638183382595,0.9653415678739272,1.0369970904950339,0.962697600388225,0.9629855788108748,0.9629843032535873,0.9653415678739272,1.0229522878793202,0.9947536445553825,1.0171704597547235,0.9786652578725243
2013-01-25,0.9750386326908818,0.9962951226828719,1.0711330993433017,0.995042270840464,0.9950075961624386,0.9952620997801861,0.9962951226828719,1.052346690964863,1.0236010180877273,1.0458212015660364,1.0102661174364842
2013-01-28,0.9989319692667732,1.0183876808334011,1.0949775718087735,1.0165583821766373,1.0166311320054764,1.016769875907921,1.0183876808334011,1.0699548715362877,1.041310228057831,1.063505517304652,1.0308111692744308
2013-01-29,1.0114455897926435,1.0283984762469802,1.1058858768380297,1.026338100021733,1.0264680851968746,1.0265249469861828,1.0283984762469802,1.0763736833478599,1.0473907470810122,1.0698131157656283,1.038612224841857
2013-01-30,1.0218358422744513,1.0375570212775744,1.115856081362204,1.0341133590440632,1.034440159008723,1.0343049699045115,1.0375570212775744,1.0789635046767792,1.0508524750381047,1.0721971597000424,1.046892645025352
2013-01-31,1.0020598302823587,1.0190161965949351,1.0955239542615485,1.0159711067995547,1.0162606572709934,1.0161788692721165,1.0190161965949351,1.0645459353530522,1.0365852693655768,1.0578940271105568,1.028995274586392
2013-02-01,1.0084047695814295,1.023690287160109,1.0992391562805535,1.0212112651338257,1.021422254996308,1.0214008235729366,1.023690287160109,1.0695847341661269,1.0406479559388997,1.062911079290329,1.0325474795305674
2013-02-04,1.0068742451978705,1.0216349835117766,1.0972399035819973,1.0200582571935748,1.0200737862799059,1.0201991639362233,1.0216349835117766,1.0673513922927358,1.0385847180398573,1.0606659219315693,1.0310572592571527
2013-02-05,0.9988692199205036,1.0146230290494824,1.088855702749654,1.0131667326948564,1.0131700188911055,1.013311871175712,1.0146230290494824,1.063290719052141,1.0343039292391756,1.0566267716467448,1.0247140206952543
2013-02-06,1.020467001560972,1.0339832397954527,1.1079412841740914,1.0316947251157191,1.0318336341166892,1.0318147572743297,1.0339832397954527,1.0770804557684701,1.0475247227390865,1.0704066744592544,1.0422179110263519
2013-02-07,1.0253214138529803,1.0372597540579591,1.1132748423587662,1.0339131672769757,1.0342312153757336,1.0340701188666288,1.0372597540579591,1.0744408405157786,1.0454866337330415,1.067767221875256,1.044175332602806
2013-02-08,1.0350877156031681,1.0460225130528522,1.1232357839177172,1.0427523069281728,1.0430452364420797,1.042875333990411,1.0460225130528522,1.083654234962192,1.0540976652701552,1.0769074059013328,1.0525342179771264
2013-02-18,1.0316320909867653,1.043789625203702,1.1213013115753052,1.0396717236276707,1.0400797926195,1.0397937919320097,1.043789625203702,1.0794265632821665,1.0505191400097296,1.0727787612631836,1.0511553319152782
2013-02-19,1.0224207607123454,1.0347953100483116,1.1131390375461347,1.0314605929321796,1.0318036775717239,1.0316066324310715,1.0347953100483116,1.073827333972948,1.0452071306045465,1.0674228740630367,1.0424471194992813
2013-02-20,1.0300604598854213,1.039567826349724,1.1214453096656847,1.0355517320293577,1.0359746110829862,1.0356986127332,1.039567826349724,1.0717048544467622,1.0435057442171027,1.06565179162627,1.0450558095824651
2013-02-21,0.9857089392046592,0.9983004405486234,1.0749852880331399,0.9965592613249619,0.9967546760754479,0.9966188606299881,0.9983004405486233,1.0443531310909593,1.0156915070787438,1.0376721274336576,1.0062500946173176
2013-02-22,0.9917203726616354,1.0040783028180107,1.0815268378067207,1.000888192241179,1.0012380460511228,1.0009531440251964,1.0040783028180105,1.042873428859707,1.0145126355841712,1.0364896178004737,1.011458666259592
2013-02-25,0.9974554790310199,1.0092794805256566,1.0934187792977015,1.0060143772405743,1.0063828234324739,1.0061323452628752,1.0092794805256564,1.0451121841308233,1.0174185357206382,1.0391407443850467,1.0161049656866987
2013-02-26,0.9565537492614785,0.9708475198772643,1.052104115456818,0.9684574979169025,0.9687394742414197,0.9685736917307439,0.970847519877264,1.0146232523840342,0.9869024551311877,1.0089317455636595,0.9797133061234262
2013-02-27,0.9607226077698406,0.975513906668074,1.0537137741696188,0.9736831665326222,0.9739153307722278,0.9737170216850958,0.9755139066680738,1.0230835029991259,0.9942451217682556,1.0167826712613954,0.9845230899642969
2013-02-28,0.9763386836198334,0.9914768281612184,1.0794902078986244,0.9902501783733094,0.9904019707205193,0.990389264157573,0.9914768281612182,1.0418102660910595,1.013246811785824,1.0360021514575426,1.0012338229387674
2013-03-01,0.9832071605837028,0.9964947704432382,1.0837909435823792,0.9951385430550297,0.9953060005042949,0.9952877393488303,0.996494770443238,1.0443489412908702,1.0156060568576106,1.0382031011036597,1.0049869406109404
2013-03-04,0.9534425137087302,0.9700603338633598,1.0671437197827804,0.9688384465693313,0.9689950596539437,0.9689650089345845,0.9700603338633595,1.025716579578893,0.9967947695682811,1.0193685600813067,0.9808088808898774
2013-03-05,0.9417792406285393,0.961385348198784,1.0530383000238204,0.9613823255833722,0.9614044150070087,0.9615045047542274,0.9613853481987837,1.0246841171782852,0.9953753308336529,1.0186668474693346,0.9745829573236638
2013-03-06,0.9630578198738547,0.9795480342001888,1.0718493365582633,0.9790471360062918,0.9791292242559961,0.9792151535536662,0.9795480342001885,1.0355275594879285,1.006691670907339,1.029879118086237,0.9904949036292037
2013-03-07,0.9515984142760188,0.9689233333299855,1.058816858911671,0.9665735358944417,0.9668568539357238,0.9667513935006088,0.9689233333299853,1.0186933938753227,0.9908035627895655,1.0136216733814238,0.9799243585795429
2013-03-08,0.9622441322969917,0.9782375143587582,1.0696217143039835,0.9757411841048016,0.9760328415930117,0.9759139495328789,0.9782375143587579,1.023642004813964,0.9961939144485029,1.0182959874469555,0.9881665876855394
2013-03-11,0.9774025955113717,0.9937205148447299,1.084062918848064,0.9924858327458274,0.9926467034090978,0.992645891812579,0.9937205148447297,1.0390679182076037,1.0118749798961393,1.034115322425922,1.0037759674214484
2013-03-12,0.975785288848492,0.9910113472877174,1.079031808989509,0.9881852088845049,0.9885117138153452,0.9883993591739271,0.9910113472877172,1.0303526421952898,1.003494932054666,1.0256041332371406,1.000202873977185
2013-03-13,0.9655035896592736,0.9818582343002865,1.0713917523121337,0.9786879272418294,0.979051794105786,0.9788677103660361,0.9818582343002863,1.0223054828410454,0.9954210248775593,1.0172216915254726,0.9916727212276195
2013-03-14,0.9677536228523664,0.9843262101373196,1.074179907993251,0.9826044915962522,0.9828232166282879,0.9828090098997303,0.9843262101373194,1.027829995056869,1.0011164541801236,1.0232111199028917,0.9944738240906555
2013-03-15,0.9770298103598637,0.9929061808876697,1.0915035363506815,0.9908468398733473,0.9911026589638484,0.9910736269367298,0.9929061808876695,1.032366206602549,1.0058959259651075,1.027688838280097,1.0022839413722293
2013-03-18,0.972425108032248,0.9897365160293755,1.081830982559269,0.9886387458268031,0.988817277324601,0.9887738258187911,0.9897365160293753,1.036540708209841,1.0088916319811012,1.0310512909305136,0.9999722184021155
2013-03-19,0.9748282482507912,0.9921575490071973,1.0831481149862108,0.9911735457378476,0.9913518466958088,0.9912988880576858,0.9921575490071971,1.0449263457529945,1.0168817395697247,1.0394414651012949,1.0026874627442877
2013-03-20,0.9827969926235136,1.0017783965270357,1.092649621256382,1.0012555436941537,1.0014197703335121,1.001336949770926,1.0017783965270355,1.0602128990496777,1.0318402406552791,1.0550566970084407,1.0134865544437397
2013-03-21,0.990418265107204,1.0097569455847581,1.1057320178445793,1.0087502852192463,1.008946566357703,1.0088539873608109,1.009756945584758,1.0613280901168027,1.0332310884342562,1.0565666918148546,1.0211704455689015
2013-03-22,0.9845529695569307,1.0047723591130324,1.1003929128879804,1.0037280513912965,1.003939988387975,1.003823796076528,1.0047723591130322,1.0575414433737946,1.0296221245882125,1.0534620883402366,1.016913770665251
2013-03-25,0.9943149562988896,1.0137011138451069,1.1117035979796528,1.0127933932865865,1.0129914636727035,1.012907660299,1.0137011138451066,1.0663019528076425,1.038185919687062,1.0622641310472822,1.025315241893469
2013-03-26,0.9856160799583268,1.0052056980215716,1.1025257964372421,1.0041159494626204,1.0043187429899716,1.0042287003616868,1.0052056980215713,1.0579605194937287,1.030517937524788,1.0539133781003032,1.017175700967387
2013-03-27,0.9822298448228857,1.0026663254931618,1.0975483861149231,1.0016516959231525,1.001870962966143,1.00173568892664,1.0026663254931616,1.057582418827468,1.02995681761101,1.05373458630071,1.0151973405749555
2013-03-28,0.9797407082177785,1.0010510885166928,1.0957346701917596,0.9999182416621988,1.0001539090665041,1.0000135995375066,1.0010510885166926,1.0587128290299892,1.0310065893384113,1.0553575189629463,1.014320514043713
2013-03-29,0.9813461651608203,1.0032088168924713,1.097635184264216,1.0019771988912163,1.0022241385661521,1.0020658663264888,1.003208816892471,1.0608444003006705,1.0329434365775887,1.057540719523382,1.0166493060852022
2013-04-01,1.014519826501995,1.0340086894024252,1.1295166365854068,1.0340433573618772,1.034227022401009,1.0341056561926614,1.034008689402425,1.0978642111173804,1.068504080165806,1.0944809071552886,1.0456346419211082
2013-04-02,1.0243890733674719,1.0417622002594134,1.1386753850847713,1.0417000516476547,1.0418947820244546,1.0417600590252736,1.0417622002594131,1.0976514695768882,1.0688488200698012,1.0941111476797956,1.051736123154735
2013-04-03,1.0163534878038738,1.0333591290060833,1.1299577884542098,1.0320683086004074,1.0323417936528798,1.032169907466708,1.033359129006083,1.0839250651263035,1.0554914299353557,1.0809049589634654,1.0431655208608355
2013-04-04,1.0010306445114134,1.018287077519471,1.1141752436086154,1.0170138999016676,1.017275032940962,1.0171235488249835,1.0182870775194708,1.0654139734884198,1.0375673652771549,1.061956259615202,1.0280239304682848
2013-04-05,1.0129299569630996,1.0288424837353116,1.1257512048380107,1.0280290577667275,1.0282637425999182,1.0281368365260497,1.0288424837353114,1.078948248011787,1.050608628228666,1.0757792803770991,1.0377706322037954
2013-04-08,1.0267121947206568,1.041852497697896,1.143260680405555,1.0397481425468509,1.0400480113110502,1.0399377191849737,1.0418524976978958,1.0885174379765383,1.060594170802563,1.0853234727529473,1.0505035912616096
2013-04-09,1.031094405003678,1.0492832634145184,1.1545484183097647,1.0457018684869293,1.0460939378010623,1.0459327108729184,1.0492832634145182,1.0973598736647114,1.0702553199233404,1.0949924400565445,1.0603500152426044
2013-04-10,0.9970496238859934,1.0174236811688153,1.119079538517739,1.0144640839926702,1.0148155466899795,1.0146535075219079,1.017423681168815,1.0689407572689043,1.0427098276296365,1.0671113486141308,1.0301142334904412
2013-04-11,1.0133757402075598,1.0346259752628113,1.1315729928384122,1.0338405022187611,1.034081462175021,1.0339824509814144,1.034625975262811,1.1024436452590596,1.073217604310779,1.0999692953734899,1.0479201984365263
2013-04-12,0.9966744969381397,1.0180126646783012,1.1147273663731303,1.0176189206681199,1.0178277018630542,1.0177545966197505,1.018012664678301,1.0860986897647216,1.0575271706597928,1.0833685408354583,1.0314929378189093
2013-04-15,0.9684539281132197,0.9909416534711528,1.0832075544200737,0.9911060375512843,0.9912684218633763,0.991212231580586,0.9909416534711526,1.0678509927528939,1.0395483049942653,1.0648746672193703,1.00575661512042
2013-04-16,0.9644974894466384,0.9875485061595088,1.0789788686174717,0.9869790876891393,0.9871706027323738,0.9871032924537911,0.9875485061595086,1.0634350050412116,1.0351774850603088,1.060373270387175,1.0026650055498065
2013-04-17,0.9728546507299861,0.9953165392578491,1.0837093264030908,0.9953649743085877,0.9955386434652922,0.99545502546996,0.9953165392578489,1.0672681159004072,1.038883637179899,1.0641971801623435,1.0089976222944066
2013-04-18,0.952574049332362,0.9776159299777564,1.0675680122925963,0.9778854696092029,0.9780465629811476,0.9779653922455153,0.9776159299777561,1.05587271852488,1.0277455059729699,1.0528145144751577,0.9937657012135291
2013-04-22,0.9441791979177352,0.9701032521293597,1.0607958863406026,0.9703960877112691,0.9705565811495334,0.9704767274184364,0.9701032521293594,1.0512196479380265,1.0231981409992346,1.0481717076836914,0.9874892842248605
2013-04-23,0.9572196035239988,0.9821684940671348,1.0738143409485077,0.9822372344474494,0.9824091865542514,0.9823292809311627,0.9821684940671346,1.06186281021446,1.0335241441880705,1.0587699058504745,0.9986341229128495
2013-04-24,0.9535071136702056,0.9784228463126671,1.0704914302405435,0.9784024692025785,0.9785770206580587,0.9785038661469307,0.9784228463126668,1.0572302975790344,1.029071248412927,1.0541930886738973,0.9946600118276994
2013-04-25,0.9622882110934989,0.9868387108901708,1.078259072855079,0.9866598139214147,0.9868409231683642,0.9867605939768913,0.9868387108901706,1.0654205316853984,1.03697498457945,1.062317479201159,1.0027990324324305
2013-04-26,0.9632995099793199,0.9868796263306583,1.0769466882694765,0.9867062874179705,0.9868864576854626,0.9868032597537844,0.9868796263306581,1.0645156241313742,1.0361242130801305,1.0614257304509598,1.0022725251270699
2013-05-02,0.961873768411218,0.9859360579434748,1.0741661819244595,0.9866720534787607,0.986814375597653,0.9867400124755321,0.9859360579434746,1.0664006146678775,1.0380506514647274,1.0633607375481808,1.0013472739346105
2013-05-03,0.9691478083318571,0.9928264628840269,1.0817765869889127,0.993251638641852,0.9934062195152296,0.9933265509946515,0.9928264628840267,1.0722770637963732,1.0436645219039271,1.0691331251701826,1.0081794282244851
2013-05-06,0.9956510090902596,1.0159271225955049,1.1056853384981375,1.0156103662080584,1.015796029182312,1.0157094979991754,1.0159271225955047,1.0880269344659177,1.0591314762764383,1.0849269208661096,1.0281732102199534
2013-05-07,0.9878668454304054,1.0078798878643962,1.0976882078663708,1.0078932285971147,1.0080673156713404,1.007998711137798,1.007879887864396,1.0810803263645266,1.0523086614864383,1.0779651571919309,1.0204598480157445
2013-05-08,0.9842347818240861,1.005187414086095,1.0938075874796405,1.005216334902315,1.005387269045498,1.0053077869469504,1.0051874140860948,1.0808555567660536,1.0521988772801014,1.0778350283197897,1.0182902541777228
2013-05-09,0.9897225859646441,1.0097454557819365,1.0992875333598593,1.0093932707949098,1.0095787400292193,1.0095090397686943,1.0097454557819363,1.0838913683223015,1.0551406619924577,1.0808481735998978,1.0222158808954787
2013-05-10,0.991343636182589,1.011078285032381,1.1012566514651965,1.0107367316596807,1.0109246413359945,1.0108677816621197,1.0110782850323807,1.0845129566242389,1.0558012956753375,1.081506143834394,1.0233924539292245
2013-05-13,0.997289988371534,1.0146665286416474,1.1035954474920273,1.0143718192588165,1.0145588327971642,1.0145006232022262,1.0146665286416472,1.0850347545552306,1.0562793629630192,1.0820082336252845,1.025113712311046
2013-05-14,0.988474664503336,1.0091827393803143,1.0996607936968317,1.0094995065363817,1.0096619321011309,1.0096057651075745,1.009182739380314,1.088269732668939,1.059458081976175,1.0852483982459862,1.0223942527981937
2013-05-15,0.9976740757096401,1.017711693009805,1.1084407359712676,1.017013244351904,1.0172153862041242,1.0171496780008291,1.0177116930098047,1.0925234911860757,1.0636040295579576,1.0894853430832978,1.030572168447512
2013-05-16,1.0045753711543808,1.0250266940834687,1.1176183941878695,1.0235622293123496,1.0237991122523922,1.0237320418948388,1.0250266940834685,1.0971605235496997,1.068121370266509,1.0941167433371,1.038135472447076
2013-05-17,0.9971361206080709,1.01972185313468,1.113676174759308,1.0189217570286437,1.0191315009861621,1.0190764445988305,1.0197218531346797,1.0985879599990793,1.0694415468177525,1.095487612276259,1.0346930003548962
2013-05-20,1.0110141070486345,1.0306008878095694,1.1235313830145603,1.0288327552091803,1.0290932157928532,1.0289749064279785,1.0306008878095692,1.1020664425745401,1.0728691782007536,1.0989134916897787,1.0430229950160512
2013-05-21,1.025334142225898,1.0459474663810473,1.1392421157408554,1.0436551777889271,1.043939313819329,1.0437840231723126,1.045947466381047,1.1227513246232053,1.0924947475418056,1.1194000845823586,1.0589752104732004
2013-05-22,1.0321268412710902,1.0533836025646979,1.1489834923383941,1.050810779875348,1.0511167023421442,1.0510269929363276,1.0533836025646977,1.1365577806708842,1.1056096802754873,1.1331691072733743,1.0679407468862392
2013-05-23,1.0193871356133724,1.0417852716173526,1.1386197801673161,1.0392568042227779,1.0395584960965678,1.039452214995514,1.0417852716173523,1.1242293428232284,1.0941516218162768,1.120866139840553,1.0571608219385236
2013-05-24,1.022897110299475,1.0455834531742794,1.1425535647204281,1.0426964097195786,1.0430111994759286,1.0429098273032888,1.0455834531742791,1.1318695717682068,1.101071746056547,1.1284356648528655,1.0612667314173565
2013-05-27,1.043978285865971,1.0653673998960134,1.164546958587384,1.0618227950006804,1.0621674746232044,1.0620110933987337,1.0653673998960131,1.148410135685479,1.1169922799612835,1.1448565482805277,1.0794309199948815
2013-05-28,1.0504122858500062,1.0712645559263505,1.1710424100125976,1.06720055806049,1.0675689589656707,1.067401181152175,1.0712645559263503,1.1525845433650361,1.1210625425476293,1.1489964900400456,1.0848833532774596
2013-05-29,1.0519851959502646,1.0751807578033081,1.1710933914121684,1.0717741239534697,1.0721071213943925,1.0720018327211571,1.075180757803308,1.1697601367518784,1.135935379347658,1.1659746574852377,1.0902603043613206
2013-05-30,1.061756309256449,1.0824731925122688,1.17856948479919,1.0787911875467455,1.0791383000371615,1.0789913879867044,1.0824731925122686,1.1693544542341798,1.1358932253934393,1.1655914742806668,1.0952500851924263
2013-05-31,1.0551071043963762,1.0787836852371395,1.177036545210075,1.074287779252169,1.0746762879026563,1.0744871590273575,1.0787836852371393,1.165339306346627,1.1326799814585093,1.1616520173037288,1.094143888876674
2013-06-03,1.0529518452894229,1.0769113149260074,1.1734624197145846,1.0732730026195594,1.0736253269951106,1.0734966865455544,1.0769113149260072,1.169281095950578,1.1360708580067205,1.1655648132449665,1.0929094396980263
2013-06-04,1.0394958256873006,1.0654558618667156,1.1593899796010134,1.0627843877594678,1.063086872106245,1.0630048729128116,1.0654558618667154,1.1686911954050707,1.1343631225784865,1.1648649285610075,1.0826774145166036
2013-06-05,1.0476194472869655,1.0726890516346064,1.1698560497727428,1.0687720287875997,1.069137158574721,1.0690031894262269,1.0726890516346061,1.1696021322495052,1.1359506596315172,1.1657836778321617,1.0894841127510346
2013-06-06,1.0596624864069248,1.083302001834047,1.1800333128779434,1.0802910616768318,1.0806047857508472,1.0804455378367745,1.0833020018340467,1.1789820505752207,1.1451705752992662,1.1751571247551018,1.0984393153601906
2013-06-07,1.0731982409914835,1.0980707933937552,1.196519212495115,1.0965885872166252,1.0968218204433358,1.0967037547756566,1.098070793393755,1.1981925475330995,1.1635621993111374,1.1942813967820713,1.1135436331722877
2013-06-10,1.0656371404649736,1.091497536749759,1.1917330747027974,1.0887310781960438,1.0890325595429546,1.0888986752429268,1.0914975367497588,1.1930875621661043,1.158612030962204,1.1891795680910557,1.1082100218303417
2013-06-11,1.0577784356989042,1.0835107273933589,1.1845900180006947,1.080333991506406,1.0806636095323492,1.0805192232219702,1.0835107273933586,1.1812961150488648,1.1480999064969433,1.17753023225377,1.1004809667551143
2013-06-12,1.0480571389960358,1.0754810319022667,1.1774146506390857,1.0723934471678755,1.0727124390235618,1.0725938502542596,1.0754810319022665,1.179642510049301,1.145889578868384,1.175800570550506,1.093959564328498
2013-06-13,1.0445134045364795,1.0702054195701256,1.1718047609572733,1.0659881794421064,1.0663641465209612,1.066224507692996,1.0702054195701254,1.169038790931897,1.1353671523405406,1.1651255181124782,1.0875146450973296
2013-06-14,1.0323473151534632,1.0591666665054473,1.1624027123989253,1.0541452532462356,1.0545561129568237,1.0543788040598858,1.059166666505447,1.155059295850021,1.1225690346873343,1.151285369834217,1.0776034559645182
2013-06-17,1.0142530292277123,1.0412146590453621,1.1429000725425533,1.0373018527891689,1.0376493477258992,1.037551640549497,1.041214659045362,1.1364308975291297,1.1051067958101668,1.1329937721808692,1.0596863098921565
2013-06-18,1.0159071760026268,1.0428018546164997,1.1443647592494348,1.0384563023750952,1.038829640135304,1.0387171330460006,1.0428018546164994,1.1362171688073466,1.1049917227986428,1.132785344830258,1.0611784449677861
2013-06-19,1.024360474214848,1.0508451187120829,1.1528203377123352,1.0467673689930714,1.047127727752487,1.0470283429858065,1.0508451187120826,1.148482815926981,1.1165700723729557,1.144878167938713,1.0689578411802751
2013-06-20,1.0174103400232224,1.0441187868736421,1.1453652079776437,1.0404199036001756,1.0407610425313232,1.0406728718035743,1.044118786873642,1.1427827443067182,1.1113014489663693,1.1393043246875523,1.0622681691299056
2013-06-21,1.0120222762325521,1.0396271472994763,1.1409196407938658,1.0364958634389578,1.0368002957503735,1.0367449597047773,1.039627147299476,1.1422326167625971,1.1107514091736344,1.138734086226866,1.0586517331227294
2013-06-24,1.0005432727039731,1.0317145585154346,1.1346883535331866,1.0288621756318146,1.029127457651569,1.0291118616615584,1.0317145585154344,1.1444528290334541,1.112114353400904,1.14071350366607,1.0540835681192784
2013-06-25,0.9708029748448372,1.0049678301739553,1.1082547309961144,1.0033477030895177,1.003521529974685,1.003595364949467,1.004967830173955,1.1251680903163077,1.0933304969359474,1.121538136280558,1.0302094986855492
2013-06-26,0.9700833933076927,1.004915058301461,1.1079545218733982,1.0042182690767105,1.004336002879169,1.0044355827005842,1.0049150583014608,1.129974463853093,1.0977005289697381,1.1262380033178854,1.0305332784848218
2013-06-27,0.9880397177587414,1.0218787103722833,1.1260523872839387,1.02010730385684,1.0202996325990268,1.0203204100628231,1.021878710372283,1.1432768065501433,1.1103210583589718,1.1394148839702127,1.0462550374733843
2013-06-28,0.9861995216479773,1.020362016717064,1.1246565447425212,1.0184330746428125,1.0186355364747115,1.0186445706625162,1.0203620167170637,1.142218681133562,1.1093288280787,1.138354885566961,1.0450351590895333
2013-07-01,0.9813936050607016,1.014649753279143,1.1173184913298795,1.0131579949530969,1.0133364647542014,1.0133551115829154,1.0146497532791428,1.1322391104595588,1.100257017429191,1.1285645346729163,1.038637620123896
2013-07-02,0.9975366113014327,1.0295663274899205,1.1324983551813865,1.0278537411021356,1.0280543857706443,1.0280604861290212,1.0295663274899203,1.1450784047379898,1.1130743976365096,1.141460454958052,1.0523058074350564
2013-07-03,0.9917522186684595,1.0251293943832314,1.1282764503717622,1.0240907767646699,1.0242451739078076,1.024293142129196,1.0251293943832311,1.1458099434377693,1.1135368404290171,1.142138052898082,1.0490077406838731
2013-07-04,0.9909104985527764,1.024628912598561,1.1279574941206711,1.023460390616274,1.023624149441478,1.0236526837140871,1.0246289125985608,1.1471404416566877,1.114768808137505,1.143425917885809,1.0488524694819
2013-07-05,0.9900443358951171,1.0235187354038102,1.1268960310689846,1.0216961273971596,1.0219079605724921,1.0218841985571807,1.02351873540381,1.1451008555853177,1.112750751501565,1.1413819107725802,1.0472537917259441
2013-07-08,0.9850017596546391,1.0180955180892939,1.1215260365066262,1.015794507294947,1.0160434862770558,1.0159837439609407,1.0180955180892937,1.1386859513746124,1.1066118165753736,1.134982729457627,1.0414719641395023
2013-07-09,0.9882126685848435,1.0211321544696217,1.1240657450419564,1.019264948357207,1.0194825690514557,1.019446666221006,1.0211321544696215,1.1434190382922231,1.1110544333355665,1.1396683053465675,1.0443784659959514
2013-07-10,0.9833336200373731,1.017362721715491,1.1204316571287203,1.0156684829418077,1.01586408571785,1.015849666216845,1.0173627217154908,1.1401123124019341,1.107659527718867,1.1362737006534227,1.0418152986450377
2013-07-11,0.9839838633893159,1.0180353527553048,1.120991596474727,1.0155955731994721,1.0158326459307316,1.0157678944778687,1.0180353527553045,1.140494849541999,1.1076842034628978,1.1366034032595334,1.0423612490960685
2013-07-12,1.001823940937922,1.0336984498034778,1.135880658958823,1.030981962494392,1.0312431320174587,1.031140964749418,1.0336984498034776,1.1509800205818843,1.1177597779837918,1.1470437246506222,1.0558280859554292
2013-07-15,1.0045371299266257,1.0361083612672801,1.1378044819515172,1.0318115977450497,1.0322150047107344,1.031965689740391,1.03610836126728,1.1503967316754244,1.1171871958874238,1.1464904336364536,1.0579723930959917
2013-07-16,1.0051177783391188,1.0369182565775694,1.1404948048059873,1.031877179724178,1.0323385698800356,1.0320087661705153,1.0369182565775692,1.152851385061156,1.1192721617603363,1.1488153663913019,1.0587787374863002
2013-07-17,1.0059083089567002,1.0387699156728907,1.1426498301347487,1.0336893017135915,1.0341651756744668,1.0338248793710074,1.0387699156728905,1.1564357790343087,1.1227614888044168,1.152333786254376,1.0617564659073335
2013-07-18,1.0040242051380415,1.036205935423609,1.1388145558064158,1.0313661110146743,1.031816018560973,1.031526370558461,1.0362059354236088,1.152573729228256,1.1190517836637157,1.1484165125958374,1.0587226133004621
2013-07-19,1.0169883296662579,1.0473859870377882,1.1520413216896068,1.0398166336722519,1.0405476469587536,1.0399815810591897,1.047385987037788,1.1605812261173563,1.12664249174879,1.1562173578560906,1.0680893397390292
2013-07-22,1.0217686069566292,1.0496113262184652,1.1540838944025995,1.0421214586312946,1.0428522487369092,1.0423084196702777,1.049611326218465,1.1608700428034495,1.1270128263211605,1.1565133921981567,1.0684918319076735
2013-07-23,1.0202319283539998,1.0495433930442115,1.1531015095580848,1.0423073030532477,1.043002063146581,1.0425100077156018,1.0495433930442113,1.1618283640906781,1.127977984458701,1.1573660707747806,1.0695518222582159
2013-07-24,1.0030129300607167,1.0347942762104396,1.1367609932007985,1.0299936743295361,1.0304510407102345,1.030165645333035,1.0347942762104394,1.1535573480103893,1.1197009573275574,1.1491339847635602,1.057043055630521
2013-07-25,0.997166440630718,1.0293769531326278,1.133450458612679,1.025135379465137,1.02555031400635,1.0253038816343643,1.0293769531326276,1.1523666126167575,1.1181766412194412,1.147891494982074,1.051621259929
2013-07-26,0.9986100273728687,1.0305794070414829,1.132808452149437,1.0263956846156428,1.026797258899885,1.0265459721066599,1.0305794070414827,1.1540976889915673,1.1197501994886083,1.1494083320774484,1.0528992195449935
2013-07-29,0.9842164508625125,1.0191087843354347,1.1189321905040344,1.0168839739496556,1.017091727894909,1.017005621814597,1.0191087843354345,1.1473838256691025,1.1133412275026584,1.14278974688403,1.0441789968199
2013-07-30,0.9923327321302756,1.0264794345082555,1.128623211711002,1.0233553221193894,1.023628010762329,1.0234828908088554,1.0264794345082553,1.1526024308252207,1.1184277492060184,1.1480906392295813,1.0509127146648194
2013-07-31,0.9937278056822823,1.0275526208551249,1.1300393091712153,1.023113458969052,1.0235090641990339,1.0232144576220237,1.0275526208551247,1.1546737793711328,1.1199560537253725,1.1498063396946114,1.0513311276176012
2013-08-01,0.9935649265598145,1.027449807649059,1.129681049622927,1.0227586713068508,1.0231774473462114,1.0228680323136126,1.0274498076490588,1.1537986556161057,1.1191624441758874,1.1489081127601912,1.0509952698829161
2013-08-02,0.9964802748628063,1.0298198504367024,1.133174874822563,1.0247164290037085,1.0251790036012953,1.0248310506444787,1.0298198504367022,1.1562053020274805,1.1213644178550652,1.1512841865807528,1.0529019267435828
2013-08-05,0.9949065517901696,1.0286766264315694,1.136646884023581,1.0241154456581778,1.0245466386571191,1.0242607765135645,1.0286766264315692,1.1572052459589577,1.122251386709429,1.1527216365816473,1.0520665274118928
2013-08-06,1.001630138583037,1.035002484491254,1.1454421444132132,1.0283561991227659,1.0289991545973063,1.0284607428209613,1.0350024844912538,1.1620510698510953,1.1265693997247481,1.1574661848566534,1.0578816744006896
2013-08-07,1.0087120838828283,1.040886589991555,1.1546948474142515,1.0350411367441217,1.0356097425555997,1.0351876941387674,1.0408865899915547,1.1679095330920335,1.1321851475261069,1.1636238110281716,1.0626244194913028
2013-08-08,1.0045691529662348,1.0368983988556528,1.1471985204721133,1.0306379537832426,1.0312591870705716,1.0307662172927312,1.0368983988556526,1.1625467006712198,1.1270970185312172,1.1580803927515964,1.0585663615229046
2013-08-09,1.0057612532140883,1.036671085234991,1.1484069610024228,1.0300900649931586,1.0307486824750849,1.0302293909406255,1.0366710852349907,1.1603443559326128,1.1249827971181376,1.1560038910549495,1.056976341974785
2013-08-12,1.00084218562116,1.032301780337442,1.1436332817963863,1.0252376547619046,1.0259300203132018,1.0253863103980982,1.0323017803374417,1.1557968238648155,1.1204568393427183,1.151386426223021,1.0532547365999638
2013-08-13,0.9996553376199615,1.031919854751398,1.1434877586068595,1.0258194503122418,1.0263860709065518,1.0259597387789372,1.0319198547513977,1.1599176544716219,1.1238410600949662,1.1552515106003234,1.0535049966562744
2013-08-14,1.009837503392825,1.0412381008372897,1.1521720499029173,1.0337459538876002,1.0344644037851505,1.033902994938244,1.0412381008372895,1.1672665857517193,1.1308530076978958,1.1624845354404603,1.0622242580143966
2013-08-15,1.0175772131457048,1.048935539036911,1.165631894139475,1.0398196943087306,1.0407626766163969,1.0400026547249455,1.0489355390369108,1.1749669489834713,1.1382164308280618,1.170254979343267,1.069375690401602
2013-08-16,1.0180829015922996,1.0480727325411319,1.1650328427033054,1.0387454190306913,1.0397185738926613,1.038952315287578,1.0480727325411316,1.171130240595026,1.134608269506295,1.166532133013811,1.0672066425526672
2013-08-19,1.0276506599600288,1.0578402186004212,1.178492609605388,1.0466462559740075,1.047829904020533,1.0468731952803167,1.057840218600421,1.1782291272674394,1.1422900713290518,1.1739908168616215,1.0770433455234365
2013-08-20,1.0203321041704845,1.0516099427520438,1.1721104618996014,1.0415143559679783,1.0425513069790655,1.0417360521663226,1.0516099427520436,1.1730132413235081,1.1374514882118565,1.1688961333634516,1.0718808122075028
2013-08-21,1.016948503712066,1.0486032315950025,1.1679601575492315,1.0390582835279434,1.0400146630915232,1.0392845643037134,1.0486032315950022,1.1710786494832393,1.135099987271856,1.1667754460888045,1.069257570155777
2013-08-22,1.0039454855889371,1.0367445603126175,1.1539638433254564,1.0299887100817122,1.0306395584098649,1.0301713025852457,1.0367445603126173,1.1632323215376297,1.127454621723331,1.1589665037829355,1.0585561335702356
2013-08-23,0.9886590263618814,1.023209859679382,1.1390873273671906,1.0207459166804282,1.0208614067130706,1.020908557762877,1.023209859679382,1.1515032369576716,1.1171972313288334,1.1477669891749864,1.0467494063670257
2013-08-26,0.9929507209697536,1.0269910934317736,1.1420362097136225,1.0220293939993517,1.0224419594238412,1.0221792221765116,1.0269910934317736,1.1540840730857291,1.119215275280947,1.1500212177888969,1.050022108218526
2013-08-27,0.9876512710816223,1.0228174180612888,1.137733547302546,1.0187840491587716,1.0190957136993761,1.0189090750347023,1.0228174180612888,1.1509400171259754,1.1164519865365439,1.1469170313442534,1.0467766230620168
2013-08-28,0.9652261247817893,1.0024839040100344,1.114488057013552,1.0013211493753806,1.00131433492893,1.0013640560658776,1.0024839040100344,1.1317805549940212,1.0986681167656736,1.1281074866541727,1.0281145589487486
2013-08-29,0.9547786711367198,0.9937124911850507,1.1054237075224023,0.9951205495316355,0.994804474241963,0.9951169414875558,0.9937124911850507,1.1275162590459786,1.0950389700915493,1.1239156973363171,1.0209129846943088
2013-08-30,0.9684281019817041,1.0055689606971032,1.1183358349629402,1.0051965759506163,1.005117215716758,1.0052613967090938,1.0055689606971032,1.1324357229509323,1.100353587105468,1.1291428822342042,1.0313240982436667
2013-09-03,0.9646561710332137,1.001492245312685,1.1128940775007068,1.0013671063164338,1.0012255117580253,1.001421677842314,1.001492245312685,1.1312424180769427,1.0982746111150241,1.127514185155794,1.0270229150115353
2013-09-04,0.9598740654896559,0.9979988063665596,1.1099378826657442,0.9992723493946735,0.9989566392152668,0.999276637172906,0.9979988063665596,1.1342157832893112,1.1001798055521501,1.1300461136595028,1.0244247074389001
2013-09-05,0.9742367172049229,1.0101771967284328,1.1234451135466164,1.0090026763769058,1.0089708458290279,1.00905377722007,1.0101771967284328,1.1423688728007955,1.1077557032603578,1.1380469589208446,1.0347215511637755
2013-09-06,0.9838054461668526,1.0194968922336622,1.1345772364343574,1.0176059580014147,1.017657637919901,1.0177040662726136,1.0194968922336622,1.1509769924228483,1.1162148680698705,1.1468235226073886,1.0437263098499474
2013-09-09,0.9655815069874493,1.0018089618306303,1.1137794961924787,1.002198531949904,1.0019728173520621,1.002269637218619,1.0018089618306303,1.1347902017398022,1.1006559455102174,1.1306896426732742,1.0268407245003655
2013-09-10,0.973414528929481,1.0089347068311108,1.1205594038673619,1.0074331875171525,1.007390113400919,1.0075304022244758,1.0089347068311108,1.1396302985481177,1.1055169632409425,1.1355670255078787,1.0331743461225869
2013-09-11,0.9771045262514446,1.0117480713836065,1.1228715747791327,1.009396679301385,1.0094350512876908,1.0095118900749438,1.0117480713836065,1.1416331768805517,1.107267151341991,1.1374706343279217,1.0355118509934
2013-09-12,0.9769177422621445,1.0103319794807406,1.1174444928704113,1.0081908484390587,1.008189775580111,1.0082962427491555,1.0103319794807406,1.1370407826270297,1.1032164374836562,1.1329560738916349,1.0327536736777485
2013-09-13,0.9766703528875389,1.0105599652422792,1.1182279266624717,1.008459064121236,1.0084579947975363,1.0085473297197265,1.0105599652422792,1.13758545215626,1.1038389517355045,1.1334916089824802,1.033567416758097
2013-09-16,0.9806954528032295,1.0151019675769073,1.1217365548653235,1.0166684145781846,1.0162580987446257,1.0167294894825958,1.0151019675769073,1.140436942163725,1.1074118995936701,1.136425264530273,1.0385396750536764
2013-09-17,0.9833202749350433,1.0179820658302128,1.1265992598223198,1.0232190072226757,1.0223826427576115,1.0232994818421342,1.0179820658302128,1.1434707371752102,1.1102792774245622,1.139414995821994,1.0422204813498854
2013-09-18,0.9749934591802675,1.0105939319059232,1.123293707364503,1.014133662221586,1.0134929750965072,1.0141873495473874,1.0105939319059232,1.1360707609485188,1.1028752199275729,1.1319357038341273,1.0355779564616776
2013-09-19,0.9785176463016638,1.0115166400162077,1.1227610639218328,1.0090179643832085,1.0090360238507121,1.009114131967102,1.0115166400162077,1.1331087952149794,1.1000514729941064,1.1290717524523737,1.0337844532974043
2013-09-23,0.9897276062029422,1.0232319453037773,1.1367754002451806,1.0247756786850155,1.0243029502363028,1.0249005401571274,1.0232319453037773,1.1452551493796777,1.1118385609214103,1.1413062839294623,1.0460168789853017
2013-09-24,0.9949079690085237,1.0280751557855206,1.145645688156797,1.0273319028602157,1.02708837635508,1.0274730851030975,1.0280751557855206,1.1478964458291023,1.1145147895065477,1.143991708604859,1.0505302484772479
2013-09-25,1.0002896274974769,1.035541819102524,1.1490709560761685,1.0374344193779765,1.0368991534187781,1.0375336335484444,1.035541819102524,1.1596238130483214,1.1258301105976145,1.1557732434187793,1.059851816798955
2013-09-26,0.9995568616320979,1.03391002955181,1.1488075120385508,1.032608895937472,1.032428401292312,1.0327353210081816,1.03391002955181,1.156033411854576,1.1222620703602428,1.1521222377428544,1.0571780807354256
2013-09-27,1.0008425341344918,1.0337107282839448,1.1484063873299124,1.0321081653015913,1.0319467780162157,1.0322379938938389,1.0337107282839448,1.153095003886347,1.1195066424875968,1.1491413864909725,1.0558321963105297
2013-09-30,1.0145409844196223,1.0461346373968523,1.1573618013094764,1.044477860685927,1.0443389388320512,1.0446230315015872,1.0461346373968523,1.1682451794308009,1.1338905642808452,1.164203764278836,1.0666556474104698
2013-10-01,1.017498921987889,1.049387531525048,1.159218576416907,1.044101629832444,1.0443802273877674,1.0442574499667436,1.049387531525048,1.173731957916433,1.1389174021283337,1.1697294740241253,1.0704306217547963
2013-10-02,1.021301703062788,1.0526139022612828,1.1615294314590001,1.0477096724384114,1.0479263774300813,1.047879937860956,1.0526139022612828,1.1772894857671057,1.142190365090684,1.1732335088736923,1.0732137474015389
2013-10-03,1.0167195052988451,1.0479573377721028,1.1573735801150595,1.0405223758141928,1.0410333141116133,1.040693263915025,1.0479573377721028,1.171265787948528,1.1365710767015427,1.1672797230240741,1.0684264427810404
2013-10-04,1.0225272996740324,1.0513240148596943,1.1640446207768262,1.0424996201798973,1.0431140347639822,1.0427267290750697,1.0513240148596943,1.1672935465904957,1.1328460891983596,1.1632707928798633,1.0694867091450866
2013-10-07,1.0345468385918075,1.0618499490581739,1.1737416669805842,1.0502858620884143,1.0511916139505533,1.0506105424324192,1.0618499490581739,1.1779901369586154,1.1431055768461496,1.1741128516761834,1.0783366682557685
2013-10-08,1.0380675045250223,1.0655480666278925,1.1732342651480234,1.0523348226085139,1.0534169135418,1.052646338610846,1.0655480666278925,1.1823914814330834,1.1472991464985471,1.1785631904472391,1.0814993585325794
2013-10-09,1.0313491851972072,1.0601947702976922,1.169386645694101,1.047061730356928,1.0481435629749458,1.0473416678729361,1.0601947702976922,1.1781672158634826,1.143567941214411,1.1743805178672113,1.0777878401205887
2013-10-10,1.0218929046628114,1.0517786069418806,1.1606718965208023,1.0396604891278924,1.0406041233541474,1.039893673628655,1.0517786069418806,1.1730055931530892,1.138217991635515,1.1690583086707482,1.0702439784170008
2013-10-11,1.0217036308860137,1.0512107784445421,1.15988020951744,1.0392988937893648,1.0401983480925372,1.0395448873642286,1.0512107784445421,1.1723555683014368,1.137666864616021,1.1683336552020305,1.069602702140877
2013-10-14,1.019668318257871,1.0499245917787365,1.1582794276833024,1.0379425190227687,1.038876928065715,1.0381649827914992,1.0499245917787365,1.1707549434389983,1.1364009308835195,1.166719163159128,1.0691180540882603
2013-10-15,1.023870759081607,1.0540002715954526,1.1633116905583938,1.0414632775826564,1.0424618492788773,1.041702402854769,1.0540002715954526,1.173805993950886,1.1393731495163424,1.1697190074043295,1.0730556794673398
2013-10-16,1.0333852277732842,1.0627569512782424,1.1718812292001346,1.0506961516753288,1.051578078492223,1.0509728730885197,1.0627569512782424,1.1840214221874952,1.1491684876289894,1.179782285785538,1.0808975896305366
2013-10-17,1.0351293281647704,1.0646482638689048,1.1726235002599112,1.051903642790893,1.052923331091699,1.052140376661168,1.0646482638689048,1.185557063977041,1.1503926463284802,1.1812221987984162,1.082910329534766
2013-10-18,1.0375485352904938,1.0671038887786082,1.1749141573609583,1.05464861448578,1.0555956054226496,1.0549193271439703,1.0671038887786082,1.1884236275020503,1.1532837180215432,1.1840885216592372,1.0852933110102092
2013-10-21,1.0402826844582198,1.068006241834853,1.1765345529691018,1.0552652653335248,1.0562315600678933,1.0555369130349241,1.068006241834853,1.1876810265720532,1.1524313956491612,1.183147807658859,1.0843054717351277
2013-10-22,1.0362733673783044,1.0645967286443432,1.1720623135663752,1.0531766099452993,1.0539563450294542,1.0534304734289928,1.0645967286443432,1.1880360372905348,1.1525069916260222,1.1835982411145514,1.0813501422691827
2013-10-23,1.045563118468245,1.0717131065098964,1.1790491810969796,1.0602552541870078,1.06100869866123,1.0605176982711333,1.0717131065098964,1.1944545398160535,1.1586044340783157,1.189661216495577,1.0865945655596874
2013-10-24,1.039609924671971,1.0662704160798933,1.173502794367501,1.0544309892498185,1.0552571932980561,1.0546901340094688,1.0662704160798933,1.1879607582590839,1.1525679526378187,1.1833627968797107,1.0819385189433046
2013-10-25,1.0382606575083597,1.0646417537321824,1.1718477701721224,1.0525594698997918,1.0534497480659468,1.0527871909875692,1.0646417537321824,1.1855822253788364,1.150330205780781,1.180883156581709,1.0801573865817558
2013-10-28,1.0293681265919354,1.05609489681022,1.1626083294096037,1.0437710083154812,1.0447032976312411,1.04401730566702,1.05609489681022,1.1752928437846384,1.1403620393490883,1.17078066957826,1.0718582049547118
2013-10-29,1.031900145053149,1.0578686673106557,1.1657461710596655,1.0450351599965813,1.0460174317082442,1.0452976769300601,1.0578686673106557,1.1757341806562318,1.1407390676290687,1.171125730480419,1.0730537565844396
2013-10-30,1.035959574463711,1.062326922743903,1.1700294439330816,1.0495184604856498,1.0505311848284429,1.0497456060352752,1.062326922743903,1.1825490464365906,1.1469991378324835,1.178030455851562,1.0775592650112629
2013-10-31,1.032937961702918,1.058733640243056,1.1666660428553863,1.0453274697883688,1.0464292688234902,1.0455443084123754,1.058733640243056,1.1770500678853553,1.1414341315246426,1.1723344947487042,1.0734974533304464
2013-11-01,1.0330603992709808,1.0597283960051498,1.16867686159937,1.046686687492254,1.047740743105968,1.0469001027369063,1.0597283960051498,1.1791404344888756,1.143574624318716,1.1744879220114637,1.0752685204108112
2013-11-04,1.0331610886238918,1.059739956819148,1.1676421963336978,1.0463897634645072,1.0474987450101056,1.0465876241068777,1.059739956819148,1.1777685159328752,1.142331144650493,1.172994665009202,1.0752000023790573
2013-11-05,1.03433553070002,1.060281694607953,1.1688006956391153,1.0462841882582954,1.0474364271691656,1.0465856392036672,1.060281694607953,1.1752784771629292,1.1402457463571543,1.1708220303821746,1.0754244641853692
2013-11-06,1.0401248608025286,1.064755385659277,1.1737986916788508,1.050411075898147,1.0516055549328136,1.050721306420562,1.064755385659277,1.177595272541479,1.1426844197567096,1.1730461605929778,1.0786989679264043
2013-11-07,1.0357571122467062,1.059888316622934,1.1682436943759198,1.0456044389634755,1.046798536182037,1.0458976606087005,1.059888316622934,1.1716922797698979,1.136980903015561,1.1670313426200332,1.0733254781259804
2013-11-08,1.0346288018845262,1.0589476492352854,1.1676281543565328,1.0442045041690213,1.0454572782647231,1.0445239727392508,1.0589476492352854,1.1690888749996216,1.1344548639577634,1.1644867239648289,1.0725556680322446
2013-11-11,1.0382751947793956,1.0623420259053804,1.1716291456965182,1.0473655071794934,1.0486383581642904,1.0476982104272994,1.0623420259053804,1.1722480454447317,1.1373890655954328,1.1675941532448781,1.0758546466597256
2013-11-12,1.032171542216602,1.0572861547438739,1.1658312759680027,1.0423128149896048,1.0435977966876782,1.0426276879925727,1.0572861547438739,1.167269269291706,1.1327065652902306,1.1626562912691378,1.0718000302168227
2013-11-13,1.0295414071834317,1.0550629363503907,1.1639514110176843,1.0403261080527344,1.0415985988104268,1.0406210810768075,1.0550629363503907,1.1655087372877673,1.13126439700806,1.1608825962679101,1.0699664345697872
2013-11-14,1.0360714584683244,1.0604902245176377,1.1689034676073755,1.0457973471582103,1.0470599593811853,1.0460985013597945,1.0604902245176377,1.1700570387150961,1.1353376776753379,1.1653570788635899,1.0742031866064172
2013-11-15,1.0434042973585838,1.0677546866095027,1.1764059226104469,1.0521465339481748,1.0534784776973165,1.0524955231153037,1.0677546866095027,1.1738240063933822,1.1390959626860626,1.1692329657870137,1.0807997576679422
2013-11-18,1.054155550707239,1.0784600269791877,1.1881441222117501,1.0629150657931605,1.0642076875941628,1.0632737397218142,1.0784600269791877,1.1864162636973152,1.1507686934886558,1.1815317916757875,1.0909513282340373
2013-11-19,1.0511036295053986,1.077165652144257,1.187012952133886,1.0621540300669372,1.0633782789334556,1.062460469851473,1.077165652144257,1.189252780397747,1.1533167416845274,1.1841272470211455,1.0912145772204793
2013-11-20,1.0527239307568632,1.0788602268032899,1.1893342581986752,1.0644522438631654,1.0655851569726522,1.0647524066260017,1.0788602268032899,1.1935877744165604,1.1569951724673393,1.1883011855792984,1.0931339474749402
2013-11-21,1.0486215072362246,1.0748499691586815,1.184454660146535,1.0610857351241447,1.0621423705467214,1.0613744529552291,1.0748499691586815,1.1903306743524675,1.1539888344054958,1.1852737578118189,1.0891149240385876
2013-11-22,1.051652237053466,1.0781283493133056,1.1882306277026573,1.0642210073420657,1.0652853440587415,1.0645253998002564,1.0781283493133056,1.1941006344834737,1.1574833898965173,1.1890590396312628,1.0925914004726345
2013-11-25,1.057126037016068,1.0823134303121833,1.1921553457198617,1.0675848537509438,1.0687268862136998,1.0678957201414927,1.0823134303121833,1.1969246658701125,1.1598404797830404,1.1914628570910126,1.0955709849569508
2013-11-26,1.060168893052076,1.0851927328641935,1.1947916377880394,1.0688409797706122,1.0702226700079098,1.0691790635429677,1.0851927328641935,1.1950236972237973,1.1586619660488398,1.1896469586873426,1.0981623500182016
2013-11-27,1.0570821381921793,1.0821506558657583,1.1917947000335483,1.06610231029322,1.0674377474505627,1.0664731688939517,1.0821506558657583,1.1916716392920956,1.1554918096411344,1.1864761371656787,1.0953458138923717
2013-11-28,1.057262796334704,1.0819546096390815,1.1909000982985727,1.068128913241444,1.069128523233138,1.0684399850300876,1.0819546096390815,1.1989937706338942,1.1613393319534377,1.193361891445775,1.094383795170477
2013-11-29,1.0568610106928398,1.0814903299743461,1.1897492060472308,1.067974253191896,1.068949993233175,1.0682437403402778,1.0814903299743461,1.1998395824068002,1.1622073271301325,1.194151710914065,1.0939223059492587
2013-12-02,1.0566660805859687,1.0818577199230681,1.1896594991960312,1.068614951113917,1.069575868705678,1.0688666078893012,1.0818577199230681,1.2015990485719679,1.1638686452402969,1.1960895516217303,1.094507869640438
2013-12-03,1.064265638909027,1.0893312273726643,1.1987934404590155,1.0749844086128606,1.0760654830722207,1.075238284145247,1.0893312273726643,1.2070927147128672,1.1691851717740833,1.2012401150967533,1.1017272013132233
2013-12-04,1.060312303289795,1.0862553478103547,1.1947657998021741,1.0723309764872702,1.0732031386245318,1.0725470161780206,1.0862553478103547,1.2022526802221847,1.1654207816982998,1.1965537857633455,1.0994274635431196
2013-12-05,1.056753303008394,1.0838482681773831,1.191466531808746,1.0704454760222333,1.0711379214534085,1.0706176213628684,1.0838482681773831,1.2039525799741921,1.1653077703098749,1.1979107135278935,1.0981182346108789
2013-12-06,1.0553884641422486,1.081977612650786,1.1899652514385841,1.0677729150831405,1.068757037276003,1.0679872857791504,1.081977612650786,1.1996878207463046,1.1617089955336217,1.193672557407673,1.0956417212087541
2013-12-09,1.0577782451974345,1.0829634148040328,1.1917594586736824,1.0698143907062228,1.0704360938495223,1.070008156823339,1.0829634148040328,1.2021285273263103,1.1633473027087613,1.1962571539411513,1.0951469969640102
2013-12-10,1.0563861750349168,1.0823325271933424,1.1909378301823994,1.0698573061272023,1.0703170756372398,1.070046450898302,1.0823325271933424,1.204844518359288,1.165341120075748,1.198844974271392,1.0951662479212547
2013-12-11,1.0444682648833203,1.0713814726146693,1.1779700687679007,1.059778006743389,1.0600183161587053,1.0599379510277689,1.0713814726146693,1.196632897331422,1.1565331531923895,1.1902842821255222,1.0852969214928982
2013-12-12,1.04882455913699,1.0759111112996833,1.1828196016707204,1.0644054403558807,1.0645197549371814,1.0645185331412679,1.0759111112996833,1.2012978092282796,1.160730707155297,1.195036023282055,1.089835079345294
2013-12-13,1.0452404102559925,1.073663706512113,1.1808991211866162,1.0620611939024884,1.06219634247913,1.0621781834225104,1.073663706512113,1.200123507743329,1.1599046620979687,1.194087137443635,1.0888323443202048
2013-12-16,1.038147015062973,1.0663936197122488,1.1716919456537849,1.0547572919496884,1.054852103144539,1.0547989516688978,1.0663936197122488,1.1872643854281772,1.1499168410702572,1.1815992226498633,1.081781953792377
2013-12-17,1.044791566126934,1.0725249747935162,1.179215214529545,1.0609420465875514,1.061065823497285,1.061048705444503,1.072524974793516,1.1967067056727638,1.1573251313394557,1.1907820769078052,1.0872878047229544
2013-12-18,1.0424517231143666,1.0704544595069372,1.1770720142411841,1.0592011907286565,1.0592273954631777,1.059319069306165,1.070454459506937,1.1954666223545878,1.1558807768307096,1.1895244757818977,1.0854241523198793
2013-12-19,1.046182182703066,1.0734701848134949,1.1804083026264034,1.0622642483926499,1.062222565636182,1.0623690520309876,1.0734701848134947,1.1961381721044215,1.157097943610304,1.1902683686954603,1.088065721962899
2013-12-20,1.038508120277519,1.0656690028933211,1.170759953264091,1.0537880758062335,1.0539318901239259,1.0538189842234869,1.065669002893321,1.182404127173555,1.1462554185166314,1.1770078305336023,1.0801134137137818
2013-12-23,1.049761796028437,1.0759122016417195,1.1829263156978786,1.0648659687753992,1.0647679189837156,1.0649383686848786,1.0759122016417193,1.1959621793748978,1.1575258986890717,1.1901514400815614,1.089284428053264
2013-12-24,1.0426220853411652,1.0697477605933337,1.1758254065732683,1.059492477646119,1.0591484781261928,1.059544294760416,1.0697477605933334,1.19218667519295,1.1535750004841894,1.186443101243409,1.0842707713534274
2013-12-25,1.0392040470766561,1.0655575063867242,1.1715003592740214,1.0551325607025617,1.0548603540346468,1.0551908925347677,1.065557506386724,1.1856799360223709,1.1477317792282071,1.1800743328433045,1.079350513405017
2013-12-26,1.0428920043390846,1.0690324665317323,1.1757230477782639,1.0583467217187286,1.0581852456167327,1.0584246162882747,1.0690324665317321,1.187631987233058,1.150293819669248,1.1821405019784612,1.0823979870580618
2013-12-27,1.0446570383198963,1.0708986434315826,1.1769896439081193,1.0612368504971423,1.060726515006289,1.0612577405842516,1.0708986434315824,1.1916915130305379,1.1535740822879976,1.1860554175915232,1.084609350778002
2013-12-30,1.0341398817122605,1.0610278577520527,1.1649123930057572,1.0529751614641443,1.0519482234955484,1.0529114840088343,1.0610278577520524,1.1845358391955403,1.1460831242981488,1.178799666968583,1.0758162236453646
2013-12-31,1.0438677445938647,1.069988776770556,1.1766118560119438,1.0596692568660382,1.0593712585735537,1.0597228257702496,1.0699887767705558,1.1915878599132597,1.1525205355270594,1.1858436634115765,1.083625042367483
2014-01-02,1.0422873228129297,1.069269612895944,1.1758336538738954,1.0588844948795988,1.0586421656905594,1.0588962707266896,1.0692696128959438,1.1895187896313888,1.1514631332192835,1.1837050884680353,1.0837037647431176
2014-01-03,1.0451496637498738,1.0719409429188012,1.177378907052867,1.061932818400594,1.061600971332997,1.0619321242026312,1.071940942918801,1.1928302820613115,1.1544417662085482,1.1868416177080325,1.0862023708492217
2014-01-06,1.049935498879526,1.0758538368510973,1.1854031008844312,1.0643394048152302,1.0643108308544535,1.0643922244935349,1.075853836851097,1.1919620232860082,1.1549714247386889,1.1862711011947382,1.089082552708611
2014-01-07,1.055188016455083,1.0820441227389477,1.1891314523321184,1.0713935293061438,1.0711938464407333,1.0714384398470793,1.0820441227389475,1.2031804913340336,1.1643989063473936,1.1972364725313702,1.0961086249104353
2014-01-08,1.0632359342257574,1.0880048996021636,1.1995172740455653,1.075980186932271,1.0760141657699756,1.0759929473282666,1.0880048996021632,1.2037878088395875,1.165737723768946,1.197928704095618,1.0998385012114877
2014-01-09,1.0714498959039864,1.0953018155689065,1.209417836460137,1.082064841569925,1.0823166479369881,1.082119234291631,1.095301815568906,1.2059498156861308,1.1690282470135382,1.200217320564123,1.1062018381039134
2014-01-10,1.0717101010614327,1.0970192301645088,1.213910863114767,1.0848466102235907,1.0848882078783482,1.084884009538047,1.0970192301645083,1.2097539782089433,1.1736021292796286,1.2044667102045392,1.109233084458055
2014-01-13,1.0741275081096677,1.0987357704380236,1.2225529356204623,1.0851228271206583,1.0854931619001982,1.0852308991233335,1.0987357704380232,1.20584340823573,1.171499665694166,1.2011714917013432,1.109966394758523
2014-01-14,1.0787242805474895,1.1046695754012559,1.22824595270396,1.092002717924313,1.0921585400092488,1.0920675841727192,1.1046695754012554,1.2142078612247174,1.179354610833703,1.2092896043774735,1.1169882577243582
2014-01-15,1.0894094890972126,1.1150731735165402,1.2457716316595595,1.1006295811135933,1.101138245412747,1.1007608854858162,1.1150731735165398,1.220280793432235,1.186653494381137,1.2157943378581677,1.1266848534645633
2014-01-16,1.1008370540288406,1.123606055076132,1.26501723758093,1.1080419150321323,1.1087771678195308,1.1081820411429464,1.1236060550761315,1.2219211320529202,1.1898064481382742,1.2180404552167077,1.1319681518462401
2014-01-17,1.1345372752353067,1.155503812891884,1.2948316230101589,1.1413240792967014,1.141655014608041,1.1413615313654053,1.1555038128918835,1.26199825083855,1.2260497689700145,1.2571974602012617,1.1621211150051156
2014-01-20,1.1614603923632978,1.176901361288568,1.3162583524706224,1.1616109899663605,1.162067680104193,1.1616431989572182,1.1769013612885675,1.282848490528506,1.2443835426904468,1.2774531937253286,1.178417596615183
2014-01-21,1.1825693371547328,1.1935358020883038,1.3317395935244314,1.1733268173891558,1.1747359885447906,1.1736067351773047,1.1935358020883033,1.2939536358835657,1.2537366353046988,1.2879741132648217,1.19091904041815
2014-01-22,1.1686622890680771,1.1829652057278686,1.3131135622100187,1.1624765768715466,1.1639003344731154,1.1628420860715927,1.1829652057278681,1.2866627616109991,1.2457481021301735,1.2805672084938085,1.1835287865338215
2014-01-23,1.1644699130909626,1.1824722754492605,1.3147145318294746,1.1619992179586032,1.1634191774178462,1.16228325597252,1.18247227544926,1.287599092831067,1.2489854107090426,1.2818776735215267,1.1863709066998387
2014-01-24,1.1731316883019147,1.1914594801102087,1.3349964522029116,1.1690949985630066,1.1708760459613148,1.1694363150606906,1.1914594801102083,1.2867797407793757,1.2524594335352603,1.2822435930762657,1.195468345323336
2014-01-27,1.1698413504939364,1.1879843874019926,1.3266493126153849,1.164601034261609,1.1665477881435484,1.1650210435988297,1.1879843874019922,1.2823809464754814,1.2468327713777505,1.2775477502004113,1.1921578346852322
2014-02-06,1.175960073965168,1.1915072645695426,1.3294490653629127,1.1674520394566215,1.1695026457441322,1.1679743406209488,1.1915072645695421,1.2859525556105482,1.2472891263813934,1.2806833311915846,1.1929110772838674
2014-02-07,1.1642256816750305,1.1810128068503245,1.3147434609012054,1.1586663936481114,1.1604345480766305,1.1591864939953473,1.181012806850324,1.279463067253994,1.2402013181106228,1.2741954549476437,1.1838232747046618
2014-02-10,1.1782788865058056,1.1928447051204063,1.327626953592585,1.1685648702961473,1.1709779668702662,1.1691780981451654,1.1928447051204059,1.283993209771967,1.2467803369638575,1.2795076354639954,1.1927505009735848
2014-02-11,1.1730459992435063,1.1883983591404694,1.3224505526178276,1.1649574081098202,1.1670794540658698,1.1655610030239396,1.188398359140469,1.2797246115148198,1.2428633138146714,1.2750485372592368,1.1893372202294903
2014-02-12,1.198065624809462,1.2108602322898951,1.3495664012998385,1.1851634075248931,1.1879255086238638,1.185826330269365,1.2108602322898947,1.2977825257509286,1.260765146817034,1.292976325285951,1.20861582278799
2014-02-13,1.2086365062065894,1.2221745866539382,1.3658257259817042,1.1962119146733456,1.1990312536758607,1.1968996812407595,1.2221745866539377,1.3143998151842953,1.2730977947117434,1.3088532112535172,1.2197992418358743
2014-02-14,1.209531832796919,1.2240850617938066,1.3706073921823643,1.1986301310605878,1.2012936935189147,1.1992841908540721,1.2240850617938062,1.3211471828289039,1.277599399837976,1.3151583696360414,1.2222268975860133
2014-02-17,1.201233059077313,1.214468422914717,1.3613326632115814,1.1884645470774515,1.1914315685007486,1.1890479521500792,1.2144684229147165,1.3107931790668814,1.2671411754237363,1.3051675697584255,1.211069355346971
2014-02-18,1.215926141725278,1.2271892660620949,1.3806429646169638,1.2000402300207698,1.2033717381157216,1.2006834282538599,1.2271892660620944,1.3224369215446314,1.277552499589559,1.317433319123624,1.221045940318217
2014-02-19,1.2297456299363367,1.240061855328241,1.4015478840899867,1.2109559153544955,1.2149464109449133,1.2117924113895444,1.2400618553282405,1.3323802569325445,1.2869055968228449,1.3286448953523293,1.2315875932037925
2014-02-20,1.21096518728296,1.224616680153386,1.3806983940361468,1.1970183884666146,1.2005511227205545,1.1976921451489808,1.2246166801533855,1.321329241815776,1.2759404899887334,1.3165905368385162,1.2196816673314617
2014-02-21,1.2154089138957718,1.2282706261827423,1.3838770458715908,1.2009247904634335,1.2043652572546282,1.2016618836391495,1.2282706261827419,1.3233223757952364,1.278597399177309,1.3190252096033592,1.2226583579192978
2014-02-25,1.2539977534241535,1.2579845382056452,1.4107744306789365,1.226558400180193,1.2312973726181742,1.2273945588100321,1.2579845382056447,1.3388170412565843,1.2956263413985816,1.3346252075425737,1.2441187667201263
2014-02-26,1.2681868151775761,1.2753452799087488,1.43463882980783,1.242634867843928,1.2477124347682729,1.2435894059395425,1.2753452799087484,1.3553151826770957,1.3143783880049138,1.3523167452987772,1.2627214275525327
2014-02-27,1.2639347347816978,1.2821635984019164,1.446186053698775,1.254317440566156,1.2576047611896652,1.2554147639412592,1.282163598401916,1.3783380144203412,1.336497168110577,1.3756157170557561,1.2803871472484007
2014-02-28,1.2661408132340266,1.2848159930661125,1.4519541428606122,1.2562907914270378,1.259854531287834,1.2573670540756696,1.284815993066112,1.38058088402111,1.3389272393911913,1.3786860937106709,1.2825087205759755
2014-03-03,1.2327281469951705,1.2521942617272013,1.4150215523013054,1.2248979977995775,1.2282348355731956,1.2259089928767057,1.252194261727201,1.3502659929910739,1.3087921306592312,1.3479383191337406,1.2515686578198624
2014-03-04,1.2240338125059065,1.2430565657932888,1.406137100105804,1.2159019998322045,1.2192104741141987,1.2169301421659213,1.2430565657932886,1.3394023406512565,1.297991243509819,1.3368569473634322,1.2419736305178979
2014-03-05,1.2339884657525588,1.2512874642712388,1.4152274518985763,1.223200021933537,1.2268029084921936,1.2242595525967734,1.2512874642712386,1.3443264835376227,1.3033211608274238,1.341998223984612,1.2482827163234351
2014-03-06,1.242637426841803,1.2584937688214706,1.426172053135454,1.2301629252804072,1.233851758504238,1.2312342028730752,1.2584937688214703,1.3520594095451204,1.309453963441434,1.3498317902587522,1.253666974172415
2014-03-07,1.2461153047705387,1.2612333323377358,1.426643816675074,1.2329328948216816,1.2365756849947989,1.2339529924618895,1.2612333323377356,1.3542420734711982,1.3119868154481835,1.352069889835949,1.2557783329194352
2014-03-10,1.2550054641269202,1.2686981465076026,1.4369058506107724,1.238247710293674,1.2425755414374735,1.2392783681012223,1.2686981465076024,1.3565570201509278,1.3157204064932482,1.3542531181721018,1.2614374800507016
2014-03-11,1.2679701247054678,1.2793578841053022,1.447559217980496,1.246416967547315,1.2511337631681567,1.2475173374167032,1.279357884105302,1.3611371726161912,1.3194604687183782,1.3590784834522518,1.2695744951867864
2014-03-12,1.27218135801841,1.2812528537688677,1.4472806457071419,1.247661059557102,1.252497754393119,1.24880860813783,1.2812528537688674,1.3575772795184844,1.3163213451831164,1.3562828940087888,1.2692747810786884
2014-03-13,1.2849177718757536,1.29570469534001,1.4669600497200679,1.2624522229410478,1.2672548178707932,1.2635946319166078,1.2957046953400098,1.3742648292816522,1.3324907957551848,1.372362114503953,1.2847811749720093
2014-03-14,1.2859911556569719,1.2998976253167664,1.4729859970050363,1.268156874562485,1.2727585533339856,1.2692620986226824,1.2998976253167662,1.383185357305536,1.3407356948112534,1.3807632857460397,1.2913642809000476
2014-03-17,1.2951374181353639,1.3052599237478566,1.4761567394920145,1.2737515502727508,1.2783439490759447,1.2748013237148672,1.3052599237478564,1.3836856220672842,1.341960488092762,1.3815927262346979,1.293620068210283
2014-03-18,1.3006839363207041,1.3102870946141472,1.4802947937143165,1.2783647799492674,1.2830035937225197,1.2795259189587513,1.310287094614147,1.38608939756018,1.345469875630654,1.3847119552768108,1.298089663089307
2014-03-19,1.3285028652645183,1.3354936135880766,1.5040080090614354,1.3025725857795176,1.3073678620048035,1.303780349732323,1.3354936135880764,1.4098767338169373,1.3703345625715573,1.4091978371701634,1.3208980950107485
2014-03-20,1.3180204586146793,1.3240287573998417,1.489315416304327,1.2914261478152131,1.2961720051189147,1.2926195137918075,1.3240287573998415,1.3989727640092657,1.3595360840729716,1.3978989462455382,1.3087031204921218
2014-03-21,1.3236859718881853,1.3315296757908008,1.4991057626284274,1.2979207616581954,1.302836469325581,1.2991691887470365,1.3315296757908006,1.4048190068053796,1.3671572423742013,1.4047170753916072,1.317484051644674
2014-03-24,1.341830774903875,1.3481564100451688,1.516631974494033,1.3135422324285015,1.3185826849274147,1.3147715278170078,1.3481564100451686,1.4226433047285234,1.3852401911231302,1.4218813464947915,1.3329040265870087
2014-03-25,1.3196319212357768,1.328392457824301,1.497351586024082,1.2951373552090921,1.2999490853565545,1.2962860312252156,1.3283924578243007,1.4080033454263814,1.3694232049470498,1.4062428111825969,1.3156606674925768
2014-03-26,1.288048342304536,1.2967986164765042,1.4589879488307804,1.2660321004596806,1.270475457854885,1.2671265023577407,1.296798616476504,1.3780832189460708,1.33975320665109,1.3766786314562576,1.2846472291827256
2014-03-27,1.291629580736798,1.2991013415323716,1.4621231379457864,1.2673676796832123,1.2719688291394946,1.2685151736449438,1.2991013415323713,1.376300365621409,1.3394060490640762,1.3755050517281637,1.2858490505233713
2014-03-28,1.305975343656364,1.3122413529217982,1.4777502962098557,1.279326147573923,1.2841083289607054,1.2804924703596168,1.3122413529217978,1.3862483569317927,1.349057438919112,1.3853552667956543,1.2977069766483
2014-03-31,1.2968916389904417,1.3040733025810953,1.4706548586515644,1.2721745844981556,1.27678657928882,1.273332758037285,1.3040733025810949,1.3836799019473367,1.345418330033618,1.3827304868204453,1.2904178619367774
2014-04-01,1.2709617379744775,1.2821154686135672,1.4524965983321398,1.2512543245497276,1.255696669083672,1.2524155523639133,1.2821154686135667,1.3675329370927467,1.3285628953703008,1.3664882684820423,1.2720825057200627
2014-04-02,1.2701092435491337,1.2813469840150793,1.4508998594159834,1.2507204938365821,1.2551339002563748,1.2518709761608395,1.2813469840150788,1.3686373776761764,1.3292607757258563,1.3674010712525952,1.2712646904379596
2014-04-03,1.2873774847814312,1.30006854600167,1.4707777154742125,1.2701878606261754,1.274484388807903,1.2713577576041546,1.3000685460016697,1.3925095998565216,1.3523850892760143,1.3913635474549808,1.2908942041595748
2014-04-04,1.290031580057434,1.3016312474813418,1.4723704631373986,1.2723104960897864,1.2765132931547862,1.273437073290026,1.3016312474813414,1.397061710216663,1.3556959634447272,1.396276870319196,1.2918204657434174
2014-04-07,1.3040043280040317,1.314106930999696,1.4858926128563488,1.283646756176095,1.2880425425894548,1.284791762452066,1.3141069309996956,1.408510938868899,1.365060184314665,1.40769251000397,1.3023646988469786
2014-04-08,1.3068871918091194,1.3154919722531355,1.4849118301909272,1.2850344628551729,1.2894491930360317,1.2861822835820282,1.315491972253135,1.411157207007006,1.3660016043797492,1.4104603161949554,1.3021096958049985
2014-04-10,1.306623875302739,1.3131462622069565,1.4786370753794673,1.282538928755301,1.28699241272839,1.283707928698061,1.313146262206956,1.4062512534659721,1.361875304245446,1.4057658581542454,1.2977934703840552
2014-04-11,1.3047907656685696,1.3097389806576192,1.4731758583802865,1.2800021448227383,1.2843492053759182,1.2811871249008469,1.3097389806576187,1.4045028290355097,1.3586692314192133,1.4038209987951096,1.2928437407096707
2014-04-14,1.3005882424114314,1.3052288153214628,1.4675575202393116,1.2758850639937953,1.2801811011137718,1.2770516938725518,1.3052288153214624,1.4002854122733739,1.3549438116231616,1.39971746579866,1.2881365467147181
2014-04-15,1.2762816411298017,1.2821027998080115,1.4442759429978662,1.2537409341338226,1.2579072383512662,1.2548597729037907,1.282102799808011,1.3791756938863569,1.3329659303616266,1.3781717916077671,1.2663705615117422
2014-04-16,1.252700612632961,1.2610305375322162,1.423494803985471,1.2350131928843124,1.2388859691191605,1.2360753073730082,1.2610305375322157,1.3634236560971786,1.318322115487905,1.3626123282066713,1.2485854689017468
2014-04-17,1.2646659897799748,1.270522758004562,1.4331796605363258,1.2439451195195999,1.2478953835436042,1.2450283933409874,1.2705227580045615,1.3695877333763558,1.3238252623529447,1.3685889746767097,1.2556123999206674
2014-04-18,1.2252106881171605,1.2369566077496599,1.39929023843002,1.212989260988815,1.2165948672774691,1.213894184795348,1.2369566077496594,1.3528933980253715,1.3061438117626696,1.3518601925039795,1.228039389240197
2014-04-21,1.2057629756910355,1.2200486172372416,1.3809482914091835,1.1962593901879093,1.1998260521049684,1.1971313741268454,1.2200486172372411,1.3387641830581531,1.2915942468378196,1.337708738590745,1.2134212593523568
2014-04-22,1.2395024559703673,1.2496307676722511,1.4113113409782327,1.22427735440185,1.2280641945610526,1.2252521040854558,1.2496307676722507,1.3583828303277212,1.3127899864401884,1.3576277690955032,1.2389634738611537
2014-04-23,1.2354789671246413,1.2458169941129975,1.4066364107676979,1.2202171201512897,1.2240445049401447,1.2211835802106938,1.245816994112997,1.3559027589579338,1.3095159099652773,1.3549356880926329,1.2350726172240498
2014-04-24,1.23212600870952,1.2417464447582924,1.4031212412229126,1.2162996396980512,1.2201132171391584,1.2172394210937367,1.241746444758292,1.3520192970740468,1.3054533065446348,1.3511020542295125,1.2304490405669855
2014-04-25,1.248938697411347,1.257187990622094,1.4208296206903452,1.2321492005676606,1.2359163868113352,1.2330527050891793,1.2571879906220935,1.3723835478245288,1.3235459823127445,1.371448831150539,1.2441740057922512
2014-04-28,1.233420197198035,1.2427202491872567,1.4034973299113924,1.2184825318094008,1.2221415076070978,1.2193518483117882,1.2427202491872562,1.3616444725120145,1.312496129918032,1.3607060532933963,1.2309286467129126
2014-04-29,1.240349101563086,1.2486678994689544,1.4089092669219685,1.224496956127668,1.2281589366171384,1.2253749601460475,1.248667899468954,1.3694365171290495,1.3189908562302575,1.368532831342656,1.235693547988241
2014-05-05,1.2000724919026862,1.2134353437059031,1.3718779271084547,1.1916472160122822,1.1949809902883528,1.1923729029266277,1.2134353437059027,1.3486135532067833,1.2961594413621886,1.347190764462095,1.2053668497260468
2014-05-06,1.1843819451770243,1.1972123236356462,1.3501390339126245,1.1756648818774145,1.178976168974617,1.1764190460164872,1.1972123236356458,1.3309311945168119,1.2790988628188182,1.329398444290686,1.188763062393904
2014-05-07,1.1954246131288206,1.2087224261598666,1.3624254086522893,1.1860327632073553,1.1894827723761148,1.1868097490581186,1.2087224261598661,1.3418165538774323,1.288870207677288,1.3400848766003934,1.2002238702837185
2014-05-08,1.126751532214145,1.1401873871109325,1.2836983163528946,1.1188310707332025,1.1220816893995256,1.1195590917767277,1.140187387110932,1.2688144273132507,1.2186139638991098,1.2667830383884453,1.1326700079737053
2014-05-09,1.1582383749792349,1.1728317938396793,1.3207238860096258,1.1524285576515685,1.155580073921656,1.1531399555635442,1.1728317938396788,1.3138959003984763,1.2605446752902538,1.311590974731676,1.1664729898715127
2014-05-12,1.1063616163922165,1.1221687797965778,1.2617183446472562,1.1035195264183086,1.106506985612678,1.1041735533709538,1.1221687797965774,1.2626211458609722,1.2113843886896063,1.2604209585971182,1.1172117823290457
2014-05-13,1.1028044419482514,1.1202781872671956,1.2616409889687745,1.1017063838561671,1.1046816232957626,1.1023431772276222,1.1202781872671952,1.2637439109604385,1.2122687451860723,1.2616197643878926,1.116835931082647
2014-05-14,1.1468662596344625,1.1633077431398424,1.3113876877085637,1.1427593144614763,1.1459083579686598,1.1434775980747471,1.163307743139842,1.3023419690091727,1.2494957479754096,1.3007894809532932,1.1583567753208912
2014-05-15,1.1295292986904797,1.146135620321842,1.2900073160916008,1.1265933691365675,1.1296566733022413,1.1272442537965521,1.1461356203218416,1.283138902325795,1.2307513317345906,1.2812290566401274,1.14121938464623
2014-05-16,1.1501501203754323,1.1638133954406695,1.3123719298462255,1.1419039145173675,1.1451173031794273,1.1426056832575655,1.163813395440669,1.2872420085389862,1.2351137135443855,1.2860449040495505,1.1566172330991458
2014-05-19,1.1603208733386,1.172301062855224,1.3206654045923836,1.150027627200178,1.153276829740091,1.1507433058319367,1.1723010628552235,1.2932693722079502,1.2401076036613516,1.2921941387740263,1.1635822923936918
2014-05-20,1.1658659142487047,1.1772023010292458,1.3271209484844155,1.1548294744424414,1.1580956169943892,1.1555453865198466,1.1772023010292454,1.2988872195355636,1.2455051912943877,1.297389306222846,1.1680178997615924
2014-05-21,1.1846309556649213,1.1962319992905066,1.346332893851886,1.173351849723977,1.1766773186397834,1.1740797822301545,1.1962319992905062,1.3191932679395701,1.2668456819059313,1.3183750592903922,1.1876116565854633
2014-05-22,1.175610120258036,1.1868820727771472,1.3339850064852217,1.1643533906799435,1.167643680845057,1.1650609664919125,1.1868820727771467,1.3085992928380101,1.256200596623332,1.3071729129533618,1.177626478028158
2014-05-23,1.1784083544358661,1.1882160414520568,1.3364598103682646,1.1657899269758922,1.1690843763475767,1.166537693436675,1.1882160414520564,1.3091071876621878,1.2567826852259785,1.307748711269889,1.1779992413675637
2014-05-26,1.1822976418066689,1.1913311991466635,1.3398043655389518,1.1682278474628327,1.1715563495522527,1.1689680745912483,1.191331199146663,1.3044866250470175,1.2520541503933285,1.3029953610547507,1.179988449713005
2014-05-27,1.2095662740212894,1.2162068979394556,1.3689480402410341,1.191795646709081,1.195227489052451,1.192543627639977,1.2162068979394551,1.322980565923555,1.2694512254469268,1.3214867780681452,1.20259280878173
2014-05-28,1.223295928518763,1.2281560232496003,1.380158883722047,1.2040900480544985,1.2075203664300604,1.2048360861871392,1.2281560232495998,1.3308580790896358,1.2763669305589964,1.3287459505994133,1.2121015701066387
2014-05-29,1.2211457304249755,1.22786309943593,1.3797044366097977,1.2042585238089865,1.207667521850184,1.2050173822466834,1.2278630994359296,1.3357429176836964,1.280762632942307,1.3331708969916836,1.2128501685556183
2014-05-30,1.2274129076257054,1.2345088787206258,1.3855636972557344,1.2106315033052306,1.214066671271045,1.2113928089941244,1.2345088787206253,1.3414629463026109,1.2863942601360043,1.3387706232731915,1.2194660724810515
2014-06-02,1.2093286523713966,1.2182699669547594,1.3683320666362926,1.194736165283851,1.1981291039377604,1.1954851679148526,1.218269966954759,1.3268999397716537,1.2730498115042002,1.3244444396772932,1.2050146022873984
2014-06-03,1.2111866212611715,1.2181684738482532,1.3671791487834153,1.1947754741173369,1.1981626453066891,1.195522599679927,1.2181684738482528,1.3235522228844665,1.2692524276341974,1.3204407338830433,1.202988165074567
2014-06-04,1.1952171035533115,1.2049684519364645,1.353568789576044,1.182793557272825,1.1860916054870234,1.183478110857223,1.204968451936464,1.318149888455212,1.2644039158299396,1.3148072634398165,1.1923139967407146
2014-06-05,1.1922990539904463,1.2021008898104557,1.3495878195744488,1.1801144755796482,1.1833995225017715,1.180798778789665,1.2021008898104553,1.3189158648054236,1.265349521144389,1.3159049308334045,1.1900061152734764
2014-06-06,1.2141407589574038,1.2202755691599738,1.3691994284091902,1.1969541304386042,1.2003345959048262,1.197648972623098,1.2202755691599734,1.3248175362097394,1.2709605282097605,1.3213809413818278,1.2046742881690218
2014-06-09,1.2215539841238348,1.227121146040554,1.3789498446903634,1.2034503236158198,1.2068627534034682,1.204159326904812,1.2271211460405536,1.3297013044890857,1.2758817384283656,1.326429067049531,1.210673768038375
2014-06-10,1.2154159220875633,1.222542100769584,1.3715168582002024,1.1996540934245479,1.20302907121163,1.2003566422557044,1.2225421007695836,1.3270833909287576,1.2737818116854855,1.3238999523558113,1.2069002157428865
2014-06-11,1.2305442773580895,1.2354295896188277,1.3873259737383405,1.2124298148853592,1.2158330467645166,1.213117760802022,1.2354295896188272,1.337663368115499,1.2832669570785504,1.3344599382692302,1.2181139106003565
2014-06-12,1.2353009134806088,1.2399036719692076,1.3946232338138165,1.2163826981130925,1.2198122103099927,1.2170823281411176,1.2399036719692071,1.3378791907926435,1.2838595108878224,1.334699137569657,1.2217082203971488
2014-06-13,1.2403020147378767,1.2427561705433732,1.4005132926806414,1.2184037214050356,1.2218678728532666,1.2191264347419235,1.2427561705433727,1.3301968410431761,1.2765935028594315,1.327078995976157,1.2225215237659972
2014-06-16,1.2368900903154196,1.2399850255078213,1.397083972860677,1.2167738341277257,1.2201893134629525,1.2174867918771095,1.2399850255078209,1.3364423630052558,1.2820324973845911,1.3331131545642956,1.2203704237716069
2014-06-17,1.2394566837806327,1.2409474656136883,1.3987247767869577,1.216851569441547,1.2202998397045512,1.217576683787092,1.2409474656136879,1.3310748729524247,1.2768042850789987,1.3279003093333879,1.2202636062361576
2014-06-18,1.2380682412785673,1.2402133937245683,1.4016793220922386,1.2155810524680415,1.2190456849230917,1.2163112308965296,1.2402133937245678,1.3290327918175897,1.274771942234958,1.325930017503471,1.219723156238092
2014-06-19,1.2312677947649093,1.234028416669351,1.3934447660595646,1.2095799828594986,1.213025301465636,1.2103259184871855,1.2340284166693505,1.3223807124106486,1.268449413781231,1.3194237028267861,1.2144459391532683
2014-06-20,1.2220215224063482,1.224993547008014,1.3831792079911303,1.2003212203321123,1.2037534244642052,1.2010799656290074,1.2249935470080136,1.3162977115096632,1.2617774294025164,1.3137112079430882,1.206338271787719
2014-06-23,1.2289747356850527,1.231582488035863,1.3953108400935217,1.206044686854196,1.2095261362655205,1.2068161622868092,1.2315824880358626,1.3138908508499865,1.260692976899754,1.311154536516212,1.211697466966264
2014-06-24,1.2365869676539356,1.2383136443084806,1.4015252818951323,1.2123290969150196,1.2158401756618358,1.2131086086706024,1.2383136443084801,1.316767276893785,1.2636835289028099,1.314106596413617,1.217525758335898
2014-06-25,1.245953089587762,1.2477546954967038,1.4120008040626522,1.220871397899779,1.224433217184942,1.2216899229921985,1.2477546954967034,1.3251085299697458,1.271623089894107,1.322422584409097,1.227132824503199
2014-06-26,1.2505090246020127,1.2505375735310444,1.4204435472548889,1.2235176099005303,1.227092028371003,1.2243311227511717,1.250537573531044,1.3269736745425078,1.2735271022050962,1.324441700719786,1.2280696593545912
2014-06-27,1.2503743000085639,1.2507672577321765,1.419115937822947,1.2238849423359364,1.227458676170173,1.2246888391112187,1.250767257732176,1.325299243916891,1.2723771302939908,1.3229941723771987,1.2286714027891723
2014-06-30,1.2509048905051714,1.2495847496134591,1.417589950765683,1.222873616907425,1.2264424366025608,1.2236316045495863,1.2495847496134587,1.324641986914632,1.2717393666975974,1.3224207089568873,1.2263413351287953
2014-07-01,1.2542672838989495,1.2526054956441441,1.4196756481494655,1.2257772649147927,1.2293563038278026,1.2265385600864671,1.2526054956441437,1.3268247477263067,1.2737910859992898,1.3244521486585776,1.2293138872267475
2014-07-02,1.256150539811134,1.2540408494425273,1.4201895993781293,1.2270981259764575,1.2306846424471916,1.2278348825333014,1.2540408494425268,1.3306951858834135,1.2777125058414533,1.3281711436982804,1.230537293295688
2014-07-03,1.2691581626829413,1.266729820907499,1.4347576062147964,1.2393015768479456,1.2429361887627726,1.2400365594654756,1.2667298209074986,1.3433220200007012,1.289845597702846,1.3409068203739878,1.242687929144547
2014-07-04,1.2797675345299875,1.2760147423797952,1.4497435951270055,1.2480421352395867,1.2517193536207203,1.2487668799446021,1.2760147423797947,1.3524053510282914,1.298625021576205,1.350063677983622,1.2504023876451065
2014-07-07,1.2848172534120865,1.2821893128450041,1.4590539821643647,1.2545059478368048,1.2581896261031793,1.2552039175019256,1.2821893128450037,1.368497351721123,1.3139108156877384,1.3661865992203783,1.2573233157431032
2014-07-08,1.2849953164202033,1.2816065599035806,1.4562256442015167,1.2542988724789632,1.2579701661558063,1.2549804423663151,1.2816065599035802,1.3690344162424493,1.314422012474203,1.3671676324843407,1.2562837080465723
2014-07-09,1.2839333626420217,1.2809195900205195,1.4551048271195108,1.2534383614979452,1.2571150741128005,1.254117820742007,1.280919590020519,1.3656702002471064,1.3118274450071958,1.3636919388073352,1.2558475258703539
2014-07-10,1.2662523356297692,1.2648069787282554,1.4379127500870847,1.2381655558466986,1.2417720544634214,1.2388439532002902,1.264806978728255,1.3515693839398912,1.2980269886461333,1.3496017582637134,1.2413053432447732
2014-07-11,1.2637431133648573,1.2628179395304724,1.4356643513358733,1.235739450110167,1.239361876683685,1.2364097885773984,1.262817939530472,1.3490423130502738,1.2956633151430275,1.3468275121928053,1.239874422066538
2014-07-14,1.268785477064956,1.26731894868377,1.4406923324525502,1.240231964421826,1.2438624066171262,1.2409207886996647,1.2673189486837695,1.3531887565743512,1.299575067519267,1.3513795854744017,1.2436764453251337
2014-07-15,1.2761068271973866,1.2744176701795134,1.449024017591116,1.2467836633808629,1.250454396324833,1.2474764657276205,1.274417670179513,1.359588767949186,1.3054775313262157,1.3575249855486864,1.2505623946393327
2014-07-16,1.2781188763303308,1.2759428552158454,1.4499552960176745,1.248292194150845,1.2519654920918348,1.2489731192801712,1.275942855215845,1.3601431892044213,1.3058697322880275,1.357906080027327,1.251587855948376
2014-07-17,1.274906729630835,1.2724309842778385,1.4450145791962885,1.2450158971565677,1.2486739353713765,1.2456998079699717,1.272430984277838,1.3555821770280416,1.3013745414275082,1.3533081677760193,1.2479816316078833
2014-07-18,1.29297020232056,1.2891014377951342,1.4620750001216583,1.2607698617113954,1.264498623065993,1.261435298603439,1.2891014377951338,1.372166182564736,1.3165232494497319,1.3696905673872026,1.262702185260775
2014-07-21,1.2918028668702366,1.2892927347857155,1.4642769364200485,1.2609617991796496,1.2646987466184918,1.2616612432173417,1.289292734785715,1.3830916370548179,1.3253584909440708,1.3805745940149223,1.263724492082638
2014-07-22,1.2839737684814856,1.28189027185937,1.4551833921117165,1.2540236728497245,1.2577270702286212,1.2547085802248399,1.2818902718593697,1.3746472880008627,1.3175951394824326,1.372309296829798,1.256941059464864
2014-07-23,1.2807757477493251,1.279118588799012,1.4540332356564099,1.2512697376641755,1.2549679079260925,1.2519686017241543,1.2791185887990115,1.370675536460767,1.314054819824697,1.3685909797375362,1.254642110752473
2014-07-24,1.2897345759317607,1.2874990073483652,1.4613110050657159,1.2595539507941707,1.263271482620575,1.2602460691669204,1.2874990073483648,1.3792429107204176,1.3224896228095488,1.3773496658253925,1.2620433815393413
2014-07-25,1.285759111110636,1.2854711909945598,1.4621616851743964,1.2570180925296655,1.2607602047693238,1.2576997178699008,1.2854711909945593,1.3841051851344617,1.3273621351332328,1.3811325945838653,1.2615051274518823
2014-07-28,1.2661957684682168,1.269237945639883,1.4426651334283753,1.2414539104166136,1.2451306746958455,1.2421109507773498,1.2692379456398826,1.3737794469350142,1.3176020756004978,1.3705754456138082,1.248664651556897
2014-07-29,1.269774444428517,1.2729523575489643,1.4467492939202133,1.2453344783566886,1.2490163942043235,1.2459875767156288,1.2729523575489639,1.380558041302526,1.3236782587882991,1.3775283408738537,1.252655682440762
2014-07-30,1.2628962779705886,1.2666550181687941,1.439445339324272,1.2384138171081471,1.2421173098286182,1.2390604947169117,1.2666550181687937,1.372015872083218,1.315843614650059,1.3688468823183968,1.2472249338847134
2014-07-31,1.2781594005443992,1.280026973001995,1.4552249935105523,1.2511211718719004,1.2548832558098866,1.2517939927830875,1.2800269730019946,1.3810895348864543,1.3248392722694002,1.378408802673199,1.2584410304523406
2014-08-01,1.2734023364610556,1.2766249207787395,1.4510950351126795,1.247599010283763,1.2513613376389137,1.248251993481044,1.276624920778739,1.3820388494683198,1.3259877357855563,1.379034277317543,1.256421033557143
2014-08-04,1.2833217637805052,1.2849885141807418,1.4579832421510084,1.2547434667314907,1.2587230138733658,1.2553627977489088,1.2849885141807413,1.389031972081553,1.3316095418444773,1.38514233561204,1.263273389017165
2014-08-05,1.2961615473203603,1.2960098108861127,1.4703707526708247,1.2647855973044415,1.2689066186156424,1.2655089989682737,1.2960098108861122,1.3960272081285294,1.3385921375815952,1.393103500135945,1.2725780408546574
2014-08-06,1.2945666696347657,1.2951065675983913,1.4680659503861895,1.2654463928698665,1.2693972244444829,1.266124661407958,1.2951065675983908,1.4005213078348768,1.3418470787871462,1.396962977810756,1.2720126530490794
2014-08-07,1.2961173365202239,1.2969593670176762,1.472395027496281,1.2658727140594028,1.2700232217066385,1.2665704832275615,1.2969593670176758,1.4018820150144944,1.342971565333029,1.3986320007690125,1.2742815509519387
2014-08-08,1.2924621254666364,1.2939818379381847,1.46819257176741,1.2639706523085328,1.2679332572287807,1.2646690103619558,1.2939818379381842,1.401385741352893,1.342714275683928,1.3980022159417185,1.2718443972496154
2014-08-11,1.2828148230973888,1.2847883350228047,1.4607614893380223,1.2537124291102413,1.2578586921987556,1.254441844734923,1.2847883350228042,1.3881826825058123,1.3306670148819917,1.3856489191955406,1.2633248280066027
2014-08-12,1.2813523198284742,1.2832354587435855,1.4595074682985612,1.2518496439478113,1.2560620512520828,1.252561710286493,1.283235458743585,1.385714738087999,1.3283182403514215,1.3831181001725472,1.2617940809786914
2014-08-13,1.2883959734301909,1.2881667083100767,1.46227776866596,1.2551178068024509,1.2595433540103238,1.2557913718644873,1.2881667083100763,1.3846385163490753,1.3269422154963302,1.38134347369552,1.2649171053135166
2014-08-14,1.293062804013071,1.2920365373972087,1.4658475033206175,1.2595046448765321,1.2638618075475638,1.2602188122264117,1.2920365373972083,1.3909348454561072,1.332144520154753,1.3876642223555506,1.267858126893214
2014-08-15,1.2854145927862861,1.285444652131851,1.4598497474181917,1.250767485043838,1.2554849209777856,1.2514432568875369,1.2854446521318506,1.3798107753559576,1.3216864138234592,1.3766605126099687,1.262584622680355
2014-08-18,1.2897580351793514,1.2875361112279844,1.4623588271994699,1.2522030670782658,1.2569852632268248,1.2528954600417277,1.287536111227984,1.3788234207171872,1.3204589873867676,1.3760544833171504,1.263354119798778
2014-08-19,1.2889329444016713,1.2859547447816035,1.4602725975677178,1.2499335889129417,1.254846299494791,1.2506444667131154,1.285954744781603,1.373106976786016,1.3151970160345896,1.3705591220816555,1.2610165123643249
2014-08-20,1.292592767814469,1.2886931263767714,1.4641704536964506,1.252756203058923,1.2576113691434718,1.2535137200079542,1.288693126376771,1.3734574517456106,1.3162867298089254,1.3715120453936513,1.2630097069620014
2014-08-21,1.3016509433390289,1.2968373195722347,1.4699727265821405,1.26204053196393,1.2667475227389107,1.2627982271732976,1.2968373195722342,1.3835733160380754,1.3254479341502121,1.3811319761001115,1.2698609244102188
2014-08-22,1.3074594872420477,1.3023305935775114,1.4761443943396553,1.2690984697079586,1.2736353759396088,1.2699367220526352,1.302330593577511,1.3925438084288215,1.3335256874923171,1.390802765302613,1.2747589820218197
2014-08-25,1.3187881143370226,1.3125303326798585,1.4874597215474765,1.2787302805013054,1.283370628260651,1.279595352745146,1.312530332679858,1.3995134033616974,1.340377995655226,1.398092265536351,1.2838206130272436
2014-08-26,1.3341963043090348,1.3247105089737001,1.4983114115159775,1.287988979750365,1.2930592416016982,1.2888445103913229,1.3247105089736997,1.4015283038313742,1.342297986519247,1.399418959395254,1.2930024251423853
2014-08-27,1.3257216818178414,1.3158641383050784,1.48810580806213,1.2793210483788187,1.2843904809784277,1.2801753654288948,1.315864138305078,1.3934319877398262,1.3337885835692243,1.3913101324807526,1.2841113061122604
2014-08-28,1.330806324538956,1.3198027673800152,1.4927807133778253,1.2825401053198253,1.2876644042442718,1.2834563885588535,1.3198027673800148,1.3950116402258452,1.335996410896696,1.3935372847579062,1.2872893081467274
2014-08-29,1.3500614175942427,1.3396727498238372,1.5136488624068447,1.3019654786775676,1.3071398530820553,1.3027910327710421,1.3396727498238368,1.415825238660366,1.3563044012330938,1.413040493799527,1.306908784509545
2014-09-03,1.361594263005028,1.350955167617064,1.5292959622640296,1.3106043109028367,1.316408647433323,1.3114825715411917,1.3509551676170635,1.4257338402290598,1.3667911751772173,1.4229439700198507,1.3185986311114906
2014-09-04,1.3598753187634016,1.3477284449716675,1.5229182771622574,1.307986924732576,1.313678606458813,1.3088299170259057,1.347728444971667,1.417148974560958,1.3594148690618957,1.4142634991284464,1.3134580412647987
2014-09-05,1.3583528088633732,1.347211181524442,1.5221117464988343,1.3059508953334698,1.3120726929797448,1.3068311470396903,1.3472111815244416,1.4143571614124377,1.3572819831232512,1.4114352503664418,1.3135832011801936
2014-09-08,1.359448508776726,1.3461134256657064,1.5190097759000771,1.3047672408151847,1.310884182702254,1.3056655888497093,1.346113425665706,1.4100366497801191,1.3528739499827354,1.4070361819899782,1.3107210727055203
2014-09-09,1.3339069744355108,1.3239323210689742,1.495209297269742,1.2847930365094944,1.290435863901969,1.285632932095242,1.3239323210689737,1.3945241925984628,1.3375728770809459,1.3916755241611718,1.2914566366603715
2014-09-10,1.3397541877431651,1.3303192426530355,1.503446173852848,1.2907232959915198,1.2964157512407055,1.291528266455174,1.330319242653035,1.400647341278826,1.3433720750846931,1.3978296527887084,1.2979544683840996
2014-09-11,1.3338904903830913,1.3256859495160251,1.499492852559832,1.2862151456796285,1.2918897071555204,1.2870457258829198,1.3256859495160247,1.3982277444672497,1.3404750673201749,1.3954442232318598,1.294432257200846
2014-09-12,1.3371433549586904,1.3269018470807603,1.5002460064026424,1.2869162269335048,1.2927200627290503,1.2877766140665796,1.3269018470807599,1.3961563213402939,1.3387559662100565,1.3933962645646596,1.2942016679937214
2014-09-15,1.325569554923551,1.3170463777512904,1.4909010490851853,1.277886258929451,1.2834922119692815,1.2786992230493,1.31704637775129,1.3894561471361615,1.3324007384446612,1.3867938086101976,1.286076064817713
2014-09-16,1.3171249827925553,1.3107694104588403,1.4861178758863685,1.2720014680166754,1.2775633089533465,1.2728123852828064,1.3107694104588399,1.3855798600264841,1.3288600344578223,1.3830256623223345,1.2817540842548414
2014-09-17,1.3255699510866343,1.317864544083692,1.4946139526935422,1.276516005231015,1.2827609651036105,1.2774302309227363,1.3178645440836916,1.383229706921337,1.3277165211130035,1.3808630125175305,1.2874557144930119
2014-09-18,1.311548963018077,1.3049484930179376,1.4796974969513699,1.2644223773265348,1.27060283225237,1.2653476149398404,1.3049484930179371,1.3725644798263046,1.3184809573548173,1.3704395925167103,1.2757821789390633
2014-09-19,1.294536659556016,1.2901742170503596,1.466356124221204,1.251487197001171,1.2572185739533386,1.2523962025317759,1.2901742170503592,1.3641433395830338,1.309472388362281,1.3621854912970457,1.2634474837981677
2014-09-22,1.2926685249540877,1.2891758139310476,1.4640903799904963,1.2509877617703358,1.2566042742062995,1.251864059227163,1.2891758139310472,1.3659986439793432,1.311057028584255,1.3637514818407794,1.2630454157049342
2014-09-23,1.299676496445332,1.2960956194256101,1.4717412485740518,1.2568093619980574,1.2627427662048751,1.2577184567122996,1.2960956194256097,1.3710594317176987,1.3172345014908384,1.3690604759910328,1.2699905812061774
2014-09-24,1.2904131511092793,1.2880931389304418,1.4661731972982557,1.2472362500222063,1.2537353115550545,1.2482212252682823,1.2880931389304413,1.3586183991805967,1.307835648446202,1.3571201112395408,1.2634171821917328
2014-09-25,1.2934014563839484,1.2913311814397423,1.4687214830683766,1.2500221064333519,1.256593356252913,1.2509911832036507,1.291331181439742,1.360951300066173,1.309532156232749,1.3593512205576106,1.2663801612316261
2014-09-26,1.289922196039881,1.2886236247090304,1.4666198004369375,1.2473375833349474,1.2538744202568908,1.248299999500757,1.28862362470903,1.359490681536688,1.30754859169384,1.357781782816266,1.264310457434011
2014-09-29,1.2851479509359582,1.2852508797738584,1.4615769806116112,1.2436026517755416,1.250241833774039,1.2445534397309685,1.285250879773858,1.3545475554874389,1.302798315950325,1.3527850843838332,1.2615415599079296
2014-09-30,1.2838793615317774,1.284289446508872,1.4608733484511014,1.2424391063512064,1.2491673053326495,1.2434130795044736,1.2842894465088714,1.3523673886788892,1.3009875771110375,1.3507622961353907,1.2605822478984556
2014-10-01,1.2957661551734196,1.293106034596449,1.4684527058653147,1.2515310292432456,1.258262577312224,1.252554721603384,1.2931060345964485,1.3578786827451699,1.3070688755332982,1.3565549084657142,1.267051483084986
2014-10-02,1.3061456346787705,1.3026986349989353,1.4830768376399084,1.2594405795736108,1.2664350593120173,1.2603623997215103,1.302698634998935,1.3653323008038099,1.315411630279426,1.3635011775386348,1.2765779033679727
2014-10-03,1.3036619830940928,1.2975630101657607,1.4808329302361818,1.255802070789497,1.2622933770306344,1.2567319290382768,1.2975630101657603,1.358488181167739,1.3085204235815862,1.3564284856659565,1.2701724923013409
2014-10-06,1.306866439909564,1.3009987225640718,1.4847239657920335,1.2588800258805348,1.2654912098164999,1.2598819147104525,1.3009987225640713,1.3631601174913597,1.3133485746472824,1.362056229641126,1.2741565401682702
2014-10-07,1.303059030474145,1.2973693045146297,1.4808297910972812,1.2552566080745342,1.2618605826146423,1.2562184176307798,1.2973693045146293,1.3579694605133479,1.3087991043115157,1.356817192811011,1.2705515024638687
2014-10-08,1.3106791919689809,1.3015763848594255,1.4969511893978127,1.2625507977291681,1.2681598891321373,1.2634026086923529,1.301576384859425,1.3678098176129694,1.3153391213436922,1.365659278762752,1.2734267854514176
2014-10-09,1.3192598001501388,1.3064206394249531,1.5111303290172728,1.270488230033979,1.2749806373611783,1.2711562901213311,1.3064206394249527,1.3740802247992188,1.3201276524416576,1.3718412885293132,1.2763494296395939
2014-10-10,1.3103501605085335,1.2999267213565584,1.5068110576122282,1.2638973350507485,1.2684480414050334,1.2645721378264831,1.299926721356558,1.3712726961627868,1.3170942180496341,1.368941461993002,1.271937723276354
2014-10-13,1.3057864129268502,1.2973889464907016,1.4996172747145895,1.2590097440355865,1.2643993780789318,1.2597494024777087,1.2973889464907011,1.368704094715349,1.3151419315921449,1.3664209833093477,1.27056924162447
2014-10-14,1.2877489573068475,1.2815975350480677,1.4844816624394488,1.2445222281209634,1.249675136336219,1.2453285918872636,1.2815975350480673,1.3556269355447186,1.3018443458183462,1.3536932033986304,1.2562438185889484
2014-10-15,1.2888384096415055,1.2846346311352757,1.4916152047332198,1.246818119153581,1.252088024639496,1.247572956169182,1.2846346311352752,1.3604024434410267,1.3084158845710865,1.3594466147266977,1.2614064292411067
2014-10-16,1.2558911052923354,1.2597071501205777,1.4597754278516215,1.2208442352335525,1.2267444202973528,1.2216845205258018,1.2597071501205772,1.3410848364449606,1.2900995972419769,1.3407006221757207,1.24141269569162
2014-10-17,1.2581580669715382,1.261999465988768,1.466794939966595,1.2231673573073665,1.2290324034207902,1.224035001933959,1.2619994659887677,1.3458671640273618,1.2928987842627255,1.3448246122486618,1.2438306215936172
2014-10-20,1.2611319868852005,1.2630373281634053,1.4628185075226898,1.2247474417948803,1.2304113973423858,1.2255803819467235,1.2630373281634049,1.3435212382013482,1.291088620221128,1.3421708970161834,1.2432495596600934
2014-10-21,1.2731393720379798,1.2722391429375544,1.4698977611258413,1.2347013244742668,1.2402244158613325,1.2355456436132746,1.272239142937554,1.3509175849805208,1.298696281118831,1.3499544233307221,1.2504135869940949
2014-10-22,1.275683156382864,1.2743469230672444,1.4707773819183287,1.2358796932503342,1.2416725838439377,1.236704355877785,1.274346923067244,1.350480091927389,1.2985554718998817,1.3490235790834457,1.251876603802494
2014-10-23,1.2626270527506924,1.265569133169363,1.46075584998282,1.2269917681823996,1.2330399829007213,1.2279170125958705,1.2655691331693626,1.3454359582102582,1.294023800512778,1.3444792821911036,1.2456372883327633
2014-10-24,1.26172181195394,1.2627258114599758,1.4634108591631927,1.2252659517310156,1.2308778025998606,1.2261479520660674,1.2627258114599753,1.3431209821567218,1.2913505263454828,1.342151921939847,1.2424089388558452
2014-10-27,1.241096354354866,1.245170921871266,1.4500062256328214,1.209096721850863,1.2144862263515088,1.2099368386771645,1.2451709218712657,1.3306151981595653,1.2795966631607651,1.3301913854964855,1.2276866351992533
2014-10-28,1.2470449343350982,1.250532560745136,1.4487007737763304,1.2126416232381512,1.2185344548187804,1.2134613942168793,1.2505325607451356,1.3292355734100008,1.279792799886896,1.3285816448376133,1.2316606762127988
2014-10-29,1.2598925788269635,1.2618598083643555,1.4561043559797193,1.2226669851984222,1.2289342998575692,1.223541628991331,1.261859808364355,1.3373064382938786,1.2878072739368915,1.3368470768833993,1.2415957637027542
2014-10-30,1.260278792831803,1.262277126452292,1.4613039551115408,1.2238038902651451,1.2298182161749376,1.2246547376306356,1.2622771264522916,1.3349362575319386,1.2858680645230105,1.3343827605092957,1.2412565063963357
2014-10-31,1.2865477025537313,1.2887911551064362,1.4859635173435326,1.2466959814702054,1.253445432670267,1.24770396277915,1.2887911551064357,1.3637154296583716,1.3147769595115204,1.3636464189258541,1.2689102962122556
2014-11-03,1.286964375013312,1.2887097840248314,1.4794451375439217,1.2454064550812074,1.2524720626101624,1.2464199414209491,1.288709784024831,1.359317394145134,1.3106169332444462,1.3588276110500301,1.2676658452640108
2014-11-04,1.2764719056409641,1.279976507424056,1.4708457513891229,1.2373598975487157,1.2442973478905557,1.2383654769162027,1.2799765074240557,1.3522873412440992,1.3038451254308192,1.352180803547635,1.2603320588959857
2014-11-05,1.2678585869411465,1.2718382774699983,1.4564278556528345,1.2287177143681898,1.2358489231222236,1.2297624309750865,1.271838277469998,1.346401372903743,1.2977680740103066,1.3461724015022447,1.2530275116638703
2014-11-06,1.2693273339942448,1.2803674138085037,1.4600576569655204,1.237970778741671,1.2449888971339582,1.238912097078345,1.2803674138085033,1.3574281713520722,1.3084641550754792,1.3573379160505605,1.2635757366096463
2014-11-07,1.2826287170628052,1.289836923059286,1.4827022006046853,1.2497318665795742,1.256144434774197,1.2506166825626757,1.2898369230592857,1.3731558933140702,1.321427700416748,1.372348799933469,1.271582105668222
2014-11-10,1.2801320461068189,1.2849602114493384,1.4748237640240187,1.244441441320401,1.250989388305825,1.245334210984747,1.284960211449338,1.3648500927106562,1.3138322613211184,1.3639731628885319,1.2652090676301708
2014-11-11,1.2837351245296842,1.2893847954847677,1.479408842903763,1.2490789985816069,1.255574395441124,1.2498954472304424,1.2893847954847673,1.3640381947336213,1.3136109302207073,1.3632710623178275,1.2687621101820739
2014-11-12,1.285199085244699,1.294403328110322,1.4831800799380417,1.2542951241572262,1.2607452780094497,1.2550727250073677,1.2944033281103215,1.3690269513859568,1.3188659965046186,1.3684282092744937,1.2748852123972139
2014-11-13,1.2847458294252254,1.2938018925135246,1.4830897653257544,1.2536625271048547,1.2601012659637845,1.2544499122930381,1.2938018925135242,1.3674371931571514,1.3175084916629258,1.366848688960248,1.2741818661130604
2014-11-14,1.2823522165283754,1.2889775735396325,1.4797805568365485,1.2486811794730928,1.2551403377041668,1.2495161502104646,1.288977573539632,1.3648323016131005,1.3143919429687956,1.3639161501671688,1.2689622030931722
2014-11-17,1.2827931348996253,1.2907237944966792,1.4799687801490538,1.2507330835530737,1.2571494722949277,1.2515537361134998,1.2907237944966787,1.3674170404650654,1.3167647198537746,1.36652071848718,1.2710610198365546
2014-11-18,1.265883203456536,1.2751221179346128,1.4609153808501394,1.235045037932141,1.2415101329529799,1.2358451338845977,1.2751221179346124,1.3486910338232307,1.2996428620407552,1.3481239778180982,1.2562919779311499
2014-11-19,1.2550724894561267,1.2647193704138693,1.4485150815843275,1.2248299031782632,1.2312343120339195,1.2256314669656339,1.2647193704138688,1.335765689721324,1.2878654335725985,1.3355779367978198,1.2461975498344406
2014-11-20,1.2618578141780707,1.2704816925261946,1.4537123980042943,1.2296874287205077,1.2362888487465595,1.230493167013326,1.2704816925261941,1.338742311439263,1.2913579613705586,1.3385546858661674,1.2510762099813801
2014-11-21,1.2596753033412613,1.2689922816222943,1.4530860658394544,1.2271370870220772,1.2338782183912371,1.228027706429175,1.2689922816222938,1.342033479285502,1.2936533116458375,1.3415186231430571,1.2509880401471407
2014-11-24,1.2442891902563513,1.2537681393638662,1.4313528774100306,1.21196851984753,1.2187852703323334,1.2128375798612938,1.2537681393638658,1.321395939664655,1.2747593346724613,1.3210181129514016,1.235373132906882
2014-11-25,1.251739411173652,1.262875303285093,1.436128065111782,1.2204206926463226,1.2274054602529076,1.2213144001981349,1.2628753032850926,1.3343804887135235,1.286075955216597,1.33347388242373,1.2449755954662887
2014-11-26,1.236683984038597,1.2490835455157672,1.4198670746585267,1.2067392956675038,1.2137199301665822,1.2076114383700982,1.2490835455157667,1.3224753636006186,1.275298482124336,1.3219227768538997,1.2327087406589257
2014-11-27,1.2336450389302074,1.2468305826046933,1.4170746519475255,1.2052616319696663,1.2120372435670337,1.2060337718705143,1.2468305826046928,1.3199439551593077,1.2731111734328895,1.3193816446208437,1.2313939117805173
2014-11-28,1.2249882001750378,1.2405109777965329,1.4077659300712548,1.1979230619636243,1.2048971278923912,1.198651818007748,1.2405109777965324,1.319040551934847,1.2720410912382165,1.3182859144135095,1.226672430861289
2014-12-01,1.2282074193568022,1.2452233733289009,1.410190011548785,1.2004678177174397,1.2078990708842616,1.2012184572015288,1.2452233733289004,1.3224427022878198,1.2752602129070503,1.3215768830776913,1.2312706343771003
2014-12-02,1.231631077541818,1.245431226576509,1.4116981659559722,1.2024922032767016,1.209519101751986,1.2032313458126935,1.2454312265765086,1.3237607561111415,1.2753002435891887,1.3225082886244264,1.2297244114291002
2014-12-03,1.2444929984039708,1.2559393662328415,1.4248610132884714,1.2144082890696157,1.2210886660732807,1.2151339999560795,1.255939366232841,1.3358898878757646,1.2862964581899186,1.3343034613123939,1.2389551059259303
2014-12-04,1.263087650604707,1.2772682214131854,1.4485075379541046,1.235804038268507,1.242350516658717,1.2364552905581037,1.277268221413185,1.3621254624751264,1.3127040479348606,1.360809398674626,1.262756102837549
2014-12-05,1.2661271961082132,1.2801021615491428,1.4493711545581838,1.2383900895138007,1.2449732357880003,1.2389978892017426,1.2801021615491424,1.363379684494376,1.3143651589118195,1.3618567319283401,1.2648101281887263
2014-12-08,1.2581993461971954,1.2736658313629798,1.4402438555550434,1.2331054655651144,1.2394420753547788,1.233624447435747,1.2736658313629794,1.3606397822006584,1.31216729073317,1.3590586166976222,1.2593726505743443
2014-12-09,1.2309308528857414,1.2483391855050998,1.4096715862661322,1.2093848238994167,1.2154215855330444,1.209816330485321,1.2483391855050994,1.3416727518031788,1.294221954254037,1.3401434816155406,1.2362550041714768
2014-12-10,1.2354917673739854,1.2524832709299492,1.4165618808312885,1.213131003867115,1.2192146002295656,1.2135939925764032,1.2524832709299487,1.3423511974741669,1.2944046887414904,1.3410176086544492,1.2400133312454291
2014-12-11,1.2245833812206872,1.2444896607845386,1.4078422858539446,1.2068159930188191,1.212518621880391,1.207166401028567,1.2444896607845382,1.3447629384144777,1.2960058189990422,1.3432717836910408,1.2356781615004355
2014-12-12,1.235033339753159,1.25392704812592,1.4172106899880468,1.214981094095336,1.2208791631830023,1.2153094295893967,1.2539270481259195,1.349221130561814,1.3006654534295645,1.3475429744873662,1.2432734129234286
2014-12-15,1.226125331759154,1.2454012229960947,1.4087411103832388,1.2080581210451724,1.2136956979408606,1.2083744423626457,1.2454012229960942,1.344892959945331,1.29625988686795,1.3432342436292313,1.2358541068294426
2014-12-16,1.2044579851067627,1.225749456245911,1.3862192222873895,1.190272426563792,1.1955145938674903,1.1904846336017303,1.2257494562459106,1.3306663206542872,1.2825054990861782,1.3289195177307775,1.2185475238943873
2014-12-17,1.1692651370424056,1.1919267288902187,1.3457520143547241,1.1601496893971837,1.164632779007543,1.160193717249144,1.1919267288902182,1.300603617875742,1.2545476895006542,1.2989318697637307,1.1878111182441164
2014-12-18,1.180253648305207,1.2021472381993554,1.3619324881288,1.1698461845195345,1.174516949118687,1.1700069576889858,1.202147238199355,1.3100544913012837,1.2633577006735706,1.308424569243361,1.1973604727026486
2014-12-19,1.1646118252323496,1.1865802614900822,1.3468498726679938,1.1580278731560505,1.1620500847171207,1.1582007125211096,1.1865802614900818,1.302214819006224,1.2553108308545338,1.3008560358147034,1.183728218707027
2014-12-22,1.1970508522083587,1.2154142369831822,1.3745278613622676,1.1822726315452043,1.1871433303216865,1.1825371753088652,1.2154142369831817,1.3162131669925272,1.2694167517379766,1.3145750911588356,1.20697173513372
2014-12-23,1.205739807358563,1.225786811426773,1.3846771845906485,1.1928263944280169,1.19759868088746,1.1930402112058107,1.2257868114267725,1.3332977584759247,1.2848862778012624,1.331290668412225,1.2184213626783156
2014-12-24,1.2073071485982594,1.2255445988646343,1.3842192440902288,1.1945157829536783,1.1990912192351917,1.1947934384903383,1.2255445988646338,1.333375107319376,1.2854674867756046,1.3316191257399423,1.2170241786668918
2014-12-25,1.1915689139963395,1.2129640922754519,1.3699679602615071,1.1814719714902921,1.186101700763033,1.181763276323687,1.2129640922754514,1.324991341146464,1.2776162945992036,1.323443755279876,1.2072431136801678
2014-12-26,1.1896011855318278,1.2087452498787323,1.3649151609503956,1.1792931685190022,1.1837477154746179,1.179500974489231,1.2087452498787319,1.323247197601883,1.2750903746293616,1.3207588810856479,1.2017458658754159
2014-12-29,1.185750366438643,1.204279501129216,1.3595755315910378,1.1758007912560597,1.180180259996869,1.1760185601509563,1.2042795011292156,1.3228560406455556,1.2739727525205322,1.3200678652670668,1.1968666856366954
2014-12-30,1.199966951363388,1.2164726107132973,1.376681968509204,1.1867956969784128,1.191257430586538,1.1870318547516223,1.2164726107132968,1.3262845958034986,1.2780287094277125,1.3230288605886171,1.2064539031649169
2014-12-31,1.2165606015334867,1.2329594646672493,1.394351500575375,1.201914910913153,1.2065196424037108,1.20212208756057,1.2329594646672488,1.3411468829297666,1.2915663961169637,1.3381160432882624,1.2222023021389241
2015-01-05,1.2151685282998999,1.2325821282060505,1.3918255862194446,1.2006303149007762,1.205315298768425,1.2008339840270805,1.23258212820605,1.339782133399865,1.2904306727637034,1.3371324756746492,1.2222217772372788
2015-01-06,1.232412192731472,1.2508558419916918,1.4118075024022774,1.2181849899365846,1.2229683297501546,1.2184522258861905,1.2508558419916913,1.3603235441417785,1.310606901062725,1.35707297387248,1.2406545972912297
2015-01-07,1.2411897088424113,1.2626765424096777,1.4240899672801688,1.2282794809939073,1.2332642639267857,1.228584206899742,1.2626765424096773,1.3760670129061656,1.326245094133182,1.3734042029229,1.2550114428032753
2015-01-08,1.2451940738295388,1.2654204489284935,1.4274030943173273,1.2324168188022682,1.2372938296455513,1.2326527390131026,1.265420448928493,1.3794070104129241,1.3299355447020011,1.375974694757472,1.2567167981528748
2015-01-09,1.2823250732880427,1.3026893047704986,1.4662862895194626,1.2672256812399125,1.2724267138181726,1.267581017927861,1.3026893047704982,1.4199159955223426,1.3703011226748463,1.4161876522950874,1.2937093080039677
2015-01-12,1.2955884035336487,1.3142280376933853,1.478525167180704,1.278649700751924,1.283875349086738,1.2789975017814117,1.3142280376933848,1.4217217013780052,1.3753726107570607,1.4186873264538042,1.3041142525598373
2015-01-13,1.3144997792788522,1.336918307870019,1.5017048266883062,1.3015000843343998,1.3067236804950981,1.3019819127386836,1.3369183078700186,1.4564322465695005,1.4092515238460377,1.4545463966091445,1.3307617304728363
2015-01-14,1.3064470688385053,1.327236096736449,1.491346383987208,1.293348088385933,1.298368537565664,1.2938091936455383,1.3272360967364485,1.4452854891499005,1.3979885365627225,1.4431917412226622,1.319446090673091
2015-01-15,1.3043159026687774,1.3230880396833933,1.4879278880282707,1.2884626824298433,1.2935211099080017,1.288984016171411,1.3230880396833928,1.4340814259612396,1.3879628266176427,1.4319386701725858,1.3133739338406882
2015-01-16,1.2958755334897636,1.3157875271078363,1.4799514567348901,1.280614660749845,1.2857378243845938,1.2810461219248324,1.3157875271078359,1.4264834091074368,1.3800873039060606,1.4246453431813286,1.3068421252554292
2015-01-19,1.2955885256725597,1.3178751382800402,1.4827055077137317,1.2836267200112148,1.2886547108640578,1.2840958778535256,1.3178751382800398,1.4354155794027528,1.3887151359776515,1.4342714190699428,1.311435826863936
2015-01-20,1.2949033166826505,1.315121692568086,1.4778121336912091,1.2817814337773539,1.286713756335227,1.2822312000184009,1.3151216925680855,1.4317376123076955,1.384782210213421,1.4299629243958811,1.307250596386487
2015-01-21,1.2889649987257736,1.3071298683685393,1.4696231745147397,1.2740758226503717,1.278955477177779,1.2744775551254734,1.3071298683685388,1.4183824816435562,1.371472307647752,1.416274853039999,1.2974201360536601
2015-01-22,1.3095473837749236,1.3328647359807424,1.4984548842527026,1.2981949793208414,1.303294628918786,1.298717788810347,1.332864735980742,1.4556480277281898,1.4080800125401796,1.454435840185659,1.3277786325283791
2015-01-23,1.3289635438917855,1.352507541424621,1.5114810937676897,1.3180351519314455,1.323175969222001,1.318479985397595,1.3525075414246206,1.4798875061252872,1.4322767740881917,1.4786957165662937,1.3477782869933563
2015-01-26,1.3231781789664625,1.3485375091898764,1.5053078627498908,1.3137702869325354,1.3189598324658331,1.3141605769319245,1.348537509189876,1.4788271148001626,1.432330961215805,1.4780236971951792,1.3455006616053737
2015-01-27,1.3197809007878556,1.3458671690618322,1.5068450453658466,1.311994206046062,1.3170962151775816,1.3123486332612153,1.3458671690618318,1.4826001338328447,1.4339219673992378,1.4819372254922407,1.343601719279493
2015-01-28,1.3529906052541536,1.3777933972050798,1.525481679704032,1.3432006148220337,1.3484203175086853,1.343587859685577,1.3777933972050793,1.5077236453206624,1.459642004195745,1.50521883636021,1.372967039415558
2015-01-29,1.347569857808873,1.3739016806489148,1.530569484574733,1.3401079271776493,1.3451890240140918,1.340468693643011,1.3739016806489144,1.5130672617829337,1.4627636861945248,1.5107523541958203,1.3706892409408074
2015-01-30,1.3223265813320915,1.3489108482826564,1.5088546229973039,1.3172107811010783,1.3220455161096267,1.317528050291862,1.348910848282656,1.4977493373169122,1.4461503379545397,1.4956326758828808,1.3466869664274594
2015-02-02,1.3041641074002368,1.3308506558954112,1.491772132744786,1.2985060691202026,1.3034047367195103,1.29881408692266,1.3308506558954107,1.4754650983965627,1.4257901155141333,1.4743914394024915,1.32920136929272
2015-02-03,1.2626902697823315,1.2881509861221057,1.4550555528350717,1.258294780594019,1.2628185659172129,1.2586319361148002,1.2881509861221052,1.4368787167004138,1.3856335152550212,1.4368542884862208,1.286728078966865
2015-02-04,1.2717174297673495,1.2962979687098117,1.4639875353405047,1.2673488275682856,1.2717558122328705,1.2677324654598792,1.2962979687098113,1.4536766828886762,1.399585407437581,1.452192795014467,1.294419195646317
2015-02-05,1.2893507621576914,1.3114863610370018,1.4757493483079498,1.2830861389449648,1.2874472502416185,1.2834687170137529,1.3114863610370013,1.4635195076663192,1.409358283133747,1.4621171508435356,1.3067721955981983
2015-02-06,1.3109227319271683,1.3313281769556253,1.4912067218940066,1.3023463142492462,1.3068139762589321,1.3027352033332378,1.3313281769556249,1.4765019697745143,1.4222502505720456,1.4748665039043893,1.3243968811512286
2015-02-09,1.3094539607901998,1.3296330018678422,1.4905007271560564,1.301628048284299,1.305966113547399,1.3019996205911843,1.3296330018678417,1.4797570676713558,1.424467842320965,1.4779412095159283,1.3225188496173659
2015-02-10,1.3200707091347306,1.339358640613138,1.4957804839208375,1.3101826028423413,1.3146736845291118,1.3105717337900413,1.3393586406131375,1.4806750545245333,1.4261880990885885,1.4786261164555605,1.330650012651232
2015-02-11,1.3414224617308956,1.3613737614996089,1.521544525788949,1.3318369438234614,1.3363936465532664,1.3322330573185108,1.3613737614996084,1.50449364150485,1.4486777847525376,1.5019120267936963,1.3524677773534464
2015-02-12,1.3440695127492974,1.3650539626424423,1.5281866680178011,1.3360112516094191,1.3405294731124824,1.336383732825633,1.3650539626424418,1.51573012538135,1.458717199344053,1.5130193466958186,1.3571403180433494
2015-02-13,1.3512742422342607,1.3735361087141975,1.53841420523947,1.3447880701054964,1.349312228323465,1.3451466744860576,1.373536108714197,1.5308776615547564,1.4727868303842113,1.5280191947205892,1.3668023650151573
2015-02-24,1.3838662874110554,1.4041691798557145,1.5662979109145636,1.377756297023493,1.382025085529739,1.378089030862229,1.404169179855714,1.5662186775447071,1.5060846944376738,1.5631472978602778,1.3949352871197698
2015-02-25,1.3763321306903935,1.3982355446222012,1.5638996257117244,1.3723644929580365,1.376553055178696,1.3726896294810318,1.3982355446222008,1.5654880753656735,1.5044938534074526,1.5623064908897448,1.3907140792110202
2015-02-26,1.3872383735373248,1.408248027455817,1.5710696714338204,1.3819903962675633,1.3862333472264927,1.382308753772115,1.4082480274558165,1.5691932244539137,1.5100975800679497,1.5661325229714742,1.399412258659097
2015-02-27,1.3697354700539996,1.3918346175975893,1.5569151555287928,1.3629167352509848,1.3674686607839988,1.3632166532738805,1.3918346175975889,1.5452467351019206,1.4887163029541037,1.5429315565771877,1.3843758070539656
2015-03-02,1.3608884445194218,1.384404318063353,1.5475406830721892,1.3547929217304662,1.3594114694420272,1.3550535986956713,1.3844043180633525,1.540769136252428,1.4844790286922271,1.53866722546655,1.378482914319929
2015-03-03,1.3760128708618913,1.402232435719225,1.5647564948413502,1.37320770328953,1.377834155960113,1.3734584079829066,1.4022324357192246,1.57120405775482,1.5140426212729399,1.5686362240867822,1.3985939911007519
2015-03-04,1.3822665942055834,1.4086645223541014,1.5746851944477736,1.3790576876362421,1.3837308262179178,1.379337405780565,1.408664522354101,1.5771228651358942,1.5196175229794298,1.5745517199196515,1.4056294937619258
2015-03-05,1.366830120739279,1.394193268107643,1.5596169570912617,1.36440411905533,1.3690746200320665,1.3646955766712356,1.3941932681076425,1.5634297477676316,1.5061181611510883,1.561143597911026,1.39266384877182
2015-03-06,1.365140203090863,1.3921787916665738,1.558958257234619,1.3604703533592075,1.3652712719299835,1.3607029497362986,1.3921787916665733,1.5518401679208278,1.4954120555463604,1.5496814867776099,1.3900154907396218
2015-03-09,1.3551382060216024,1.3828543897429009,1.5452746944057387,1.3519572064250933,1.3566896271304925,1.3521941197338159,1.3828543897429004,1.5437710469088506,1.487247807947812,1.541827050934389,1.3809062785907034
2015-03-10,1.3555736651374735,1.383873016677369,1.5491931673889234,1.3507357748752695,1.3556376205564629,1.3509713778184353,1.3838730166773685,1.5436806788917368,1.4872436904579274,1.5418571793972142,1.3829058657827151
2015-03-11,1.350703242192336,1.3790538445408758,1.5443369099205657,1.345054832351966,1.350013484630327,1.3452738979804912,1.3790538445408753,1.5366975573370327,1.4806124150611712,1.534964461388341,1.378048252829825
2015-03-12,1.3566727984029796,1.3839135698352412,1.5479213760473842,1.351905682430923,1.356719921598182,1.3521362914404476,1.3839135698352407,1.545072056701401,1.4884921201397092,1.5431330034512545,1.3816334439214313
2015-03-13,1.35214838915566,1.3792138783944665,1.544120892067161,1.3470911967586503,1.3518963909064603,1.34732418728853,1.379213878394466,1.5395518751981996,1.483508756681129,1.5374451454473024,1.3770251236834958
2015-03-16,1.3344147604771233,1.3636931404537105,1.5295974107894683,1.3316921185651616,1.3364587315946808,1.3319301190852249,1.36369314045371,1.5313508664374151,1.4751304661437885,1.529580721336578,1.3642730353408292
2015-03-17,1.3373994989405806,1.3665421646539853,1.5344815954465958,1.3342378817748957,1.3390242471941236,1.3345062134386951,1.3665421646539848,1.533113256698782,1.4767457606913936,1.5313333912955995,1.3672452130917745
2015-03-18,1.3277595928094428,1.3577946296574088,1.5236770313175043,1.3264675173914346,1.3311734183392296,1.3267541970059695,1.3577946296574084,1.5302333024164672,1.4734576127107093,1.5287296795704164,1.3595142219909198
2015-03-19,1.314082510270404,1.3447198595178578,1.5107911979453852,1.3132992206591931,1.317984865975536,1.313601214353035,1.3447198595178573,1.5185279418697084,1.461912080893212,1.5173462021017743,1.3474632809519969
2015-03-20,1.3249595730990162,1.3523479675440322,1.5202531289094598,1.3190028199933337,1.3238246068577373,1.319340646447761,1.3523479675440317,1.5052366998252327,1.4495415853581077,1.5038921571831991,1.3512406091728886
2015-03-23,1.3091278003240931,1.3391838971487304,1.5042072079688031,1.3070473947990007,1.3117777871638914,1.307355469595776,1.33918389714873,1.5039783975526098,1.4483497293435343,1.5026236612024577,1.3411526965513714
2015-03-24,1.2998822860004222,1.330237571733219,1.49438975699511,1.2986192642972998,1.3033018151742721,1.2989268399350151,1.3302375717332187,1.4980388991328935,1.4424922414225052,1.496729810706811,1.3328087065808072
2015-03-25,1.2933948949467529,1.3247393058544854,1.490813915316095,1.2919682955278842,1.2967024576826367,1.2922906092206075,1.324739305854485,1.4933233536948312,1.4378371724540413,1.4923053117220686,1.328115647279798
2015-03-26,1.2833551276495283,1.3150751178270377,1.482748195106846,1.2804879128766877,1.285315758596333,1.2808297565187774,1.3150751178270372,1.4789592815307653,1.4243346637004979,1.4779449448497284,1.3189125238299098
2015-03-27,1.2729632673696356,1.304886245851508,1.4725585335247338,1.2688755592632832,1.2737773407723811,1.2692314507595157,1.3048862458515076,1.4650653032394285,1.4114496671060313,1.4639655800326976,1.3093079046402154
2015-03-30,1.258458202010568,1.2905901757490816,1.4538072648878364,1.2553372841112103,1.2601379907791799,1.2556191163010062,1.2905901757490812,1.4558175953905155,1.4009068981869226,1.4539443825599077,1.2951974840680243
2015-03-31,1.2685314496571154,1.2996756869898445,1.4656415509748355,1.264515722239517,1.2693259025638644,1.264880282819579,1.299675686989844,1.4619421917483926,1.4077128279766138,1.4607612120817657,1.3030795916547626
2015-04-01,1.2469996086582453,1.277531256287414,1.4386605329904696,1.2423166640563628,1.247090678120446,1.2425715505750534,1.2775312562874135,1.4379429945737205,1.3840269402176042,1.4360481128406135,1.2809855896087705
2015-04-02,1.265162310122621,1.2939084165135328,1.4601840487706679,1.257650549718038,1.2625403829573034,1.2580135414453044,1.2939084165135324,1.4469850380311629,1.3943517258837874,1.4464146010838423,1.2954526046224941
2015-04-03,1.2654867056118186,1.2954971163968252,1.4617292510011686,1.2594026665879132,1.2642888014075253,1.2597109756574338,1.2954971163968247,1.4526695426821423,1.3989096132286363,1.451507752502196,1.298318462650743
2015-04-06,1.2541238928514753,1.2845936495780117,1.4484463089886637,1.2480050044751638,1.2528989951995668,1.2482672067518745,1.2845936495780113,1.4425515061247633,1.388557026024816,1.4410175343189362,1.2881693453357923
2015-04-07,1.2655243726336816,1.295310918527093,1.4606397544089122,1.2582111119373016,1.2631662600155897,1.2584998369941856,1.2953109185270926,1.451443851740995,1.3976327221317904,1.4501110684163576,1.2984324054866798
2015-04-08,1.2612461533235722,1.2911325526071196,1.45602183032743,1.2544044169172022,1.2593222312690247,1.254674000007044,1.2911325526071191,1.4485410683180835,1.3946554375822329,1.4470038522027795,1.2946273394202874
2015-04-09,1.268037534887164,1.2965453520546713,1.4629933754574505,1.2589839330257224,1.263964659361149,1.2592474830592004,1.2965453520546708,1.449353804827183,1.3960305545264347,1.447913565105583,1.2987978474916697
2015-04-10,1.278054124066822,1.3080544325533494,1.4753578367330336,1.2704665469664158,1.275482237654833,1.270746360049181,1.308054432553349,1.4663466826399019,1.4128074141128137,1.4650048813127425,1.3116315517024288
2015-04-13,1.288397647928851,1.3199389804203607,1.4883690298795436,1.2848300272749824,1.2896803625169464,1.2851361973801747,1.3199389804203603,1.4912202209479442,1.4361780518113134,1.4896901814413024,1.3246475479058462
2015-04-14,1.284062098045556,1.3141354477698912,1.4825611700619226,1.2798909347982699,1.2846499690137962,1.2801945596819537,1.3141354477698908,1.4845977371071841,1.4293598399263479,1.4830165634573984,1.3172947370374593
2015-04-15,1.2929027608077046,1.3219025676075356,1.4930951398437249,1.2880620648507608,1.2927939330599825,1.288417871062077,1.321902567607535,1.4894757549706847,1.434126728524617,1.488109374939008,1.3236707655350295
2015-04-16,1.302806823922618,1.3296638563961252,1.5028375092196957,1.2940218610786212,1.2989184443887012,1.2944296708265763,1.3296638563961247,1.4867166589772887,1.4327232425985608,1.4858384389933186,1.3294358561582837
2015-04-17,1.3060152291778993,1.3385651730771266,1.5110890282013463,1.3029446432786151,1.3078845118172766,1.3032810525009288,1.3385651730771262,1.5086823217410144,1.4530017587456423,1.5072357751873173,1.3442844054206025
2015-04-20,1.295321923182284,1.328263997884234,1.4993729958168607,1.293661324770885,1.29849930312422,1.2939899215016042,1.3282639978842337,1.5024343464040526,1.4466440442428217,1.5010062338839583,1.3345402065783731
2015-04-21,1.2874560866748261,1.3205233394062303,1.4901287476069776,1.286919100526279,1.2916644291886075,1.2872360384337211,1.32052333940623,1.496529272243226,1.440847149132634,1.4949371601130874,1.3268874895232328
2015-04-22,1.2839320318185716,1.3183187640364702,1.4867537138926215,1.2851040415850712,1.2898100492644338,1.285419669820981,1.3183187640364697,1.500532008999066,1.443663292978193,1.4988327014518337,1.3258513045737503
2015-04-23,1.283333845508142,1.3190991028898318,1.4878600888661655,1.285675831452054,1.2904158902542295,1.286030068656035,1.3190991028898313,1.5022281395426447,1.4455709634138734,1.5009109352137482,1.3282440775938873
2015-04-24,1.2936998924572385,1.3273033566324939,1.4975209091044794,1.2941527594316584,1.2988942728108608,1.2945354583450193,1.3273033566324934,1.505560244453513,1.449510396352861,1.5042522402216636,1.3343965158585478
2015-04-27,1.2956180509033992,1.330346998518295,1.5018530495198148,1.2963496467980673,1.30117895008406,1.2967106889402968,1.3303469985182945,1.5096526095251388,1.4543407817502667,1.508879844403006,1.3387388988413607
2015-05-04,1.2546422761129994,1.290273493701698,1.4568319648751649,1.25868992497078,1.263278834589733,1.2590611145709156,1.2902734937016977,1.472629645783652,1.4180749804980564,1.471717255874188,1.2997250597624403
2015-05-05,1.274909813668871,1.3090010168570603,1.4763890236090396,1.275348547220956,1.280114390702696,1.2756744832376654,1.3090010168570598,1.4848166027102792,1.4304109421348505,1.483873964826684,1.3166162313899794
2015-05-06,1.2639749694737779,1.2983740435347146,1.4653508127798995,1.266070954465474,1.2707112267589356,1.266401168497136,1.2983740435347142,1.4788603435884908,1.4240992570270212,1.4781725100166672,1.3065335185587221
2015-05-07,1.273096501145199,1.3065385242926135,1.4751401080583122,1.2737314278244503,1.2784164063064072,1.2740133250925858,1.306538524292613,1.4867563616787538,1.4312257131429285,1.4859231850218793,1.3138068134084269
2015-05-08,1.2805192405222792,1.3122390683868213,1.482851289593433,1.277828708977934,1.282633029501753,1.2781158049832517,1.3122390683868208,1.4858947512892406,1.4300340190459722,1.4850091649238073,1.3179210650780422
2015-05-11,1.2706585381167006,1.302901262827922,1.471266575023508,1.2692670321061446,1.274012079661842,1.2695905189895007,1.3029012628279215,1.4772800540563131,1.4223212072502496,1.4768073565513828,1.3093377202693361
2015-05-12,1.2517822892132018,1.2841714549720087,1.4519482216545336,1.2496111791766293,1.254394056103422,1.2499764807918792,1.2841714549720082,1.450516884910499,1.3985143702552045,1.4505971468679573,1.291301944895209
2015-05-13,1.2469618698196319,1.2806561693824816,1.4480682814651025,1.2462337271060424,1.2510101681312065,1.246626026442544,1.2806561693824812,1.4499911033603419,1.397669895610516,1.4501214633574253,1.289089865811875
2015-05-14,1.2464855589342614,1.2807020100405941,1.4480227188129795,1.2460766134641488,1.2508295280643533,1.2464452138781252,1.2807020100405937,1.455314765547037,1.402262179226208,1.4554102894938183,1.2896188622941014
2015-05-15,1.227335693243042,1.2632912333526016,1.4301706195325121,1.2285244581724521,1.2332463106655909,1.2289652122611647,1.2632912333526012,1.4402785866693957,1.3887828181882247,1.4408545176002077,1.2744701247337886
2015-05-18,1.212768025017754,1.248231123189184,1.4155849180325235,1.2136507656375946,1.2183751697149916,1.214168242241655,1.2482311231891836,1.418505039223603,1.3684811388184928,1.4193632735734318,1.2597919072652164
2015-05-19,1.230738245423673,1.2638377446925653,1.4338387034956936,1.2287776608916925,1.2335852335544442,1.2292375337835693,1.2638377446925648,1.4267739632371599,1.3770636732995196,1.4278347325296796,1.27289061832632
2015-05-20,1.2666625979387836,1.300042609944717,1.4692100638940089,1.2652465847506318,1.2700979570443287,1.265697233772047,1.3000426099447167,1.4677704776728258,1.4151519950242124,1.4681560150525719,1.3087878127864394
2015-05-21,1.276055170357876,1.311352796282491,1.4775342248678245,1.2748881461799086,1.2798887058199697,1.2753641686784944,1.3113527962824905,1.480453958278219,1.4269724086948314,1.4808868470369418,1.3218706089181051
2015-05-22,1.2935339043322382,1.3267485380261925,1.491572809272521,1.2894263419339207,1.2945206177920952,1.2898624892330715,1.326748538026192,1.4901359577528677,1.4372114927195894,1.490314231011405,1.3345586192262522
2015-05-25,1.298049646633128,1.3334862231941111,1.4975761206053777,1.295484030661462,1.3006479586353288,1.29591683997871,1.3334862231941107,1.500692372405648,1.447742829208731,1.501501021561303,1.344017905478762
2015-05-26,1.3186304697213902,1.350296431931041,1.5226805110569077,1.31011593165727,1.3154492097247337,1.3105133678311005,1.3502964319310407,1.5079946836722906,1.4548317782941491,1.50937108256073,1.3560261292117237
2015-05-27,1.3182303039253258,1.3493634988434875,1.5242188733156643,1.3085294791508615,1.3139084702192654,1.3089345840183735,1.349363498843487,1.505102610931929,1.4523018571859714,1.5070853683970626,1.3544298195896611
2015-05-28,1.3453763651845023,1.3756853562415148,1.5628455389932652,1.330347112913019,1.336057445177646,1.3307603106621873,1.3756853562415143,1.5246914432515417,1.4714712122909557,1.527415969620421,1.3791059211290917
2015-05-29,1.3325323818758563,1.362869080992785,1.5480947832205396,1.3186086650001536,1.324221046860722,1.318993004585732,1.3628690809927846,1.5164557565148817,1.462877886586485,1.5187545794650865,1.3663034597744133
2015-06-01,1.3476202184240869,1.38153500017577,1.5726594433784726,1.336268920121775,1.341975769454753,1.3365697788276878,1.3815350001757696,1.5502335750625271,1.4940574265133535,1.5507781609187508,1.3874917918570215
2015-06-02,1.3325416383128994,1.3660198203441976,1.551558241115701,1.3211871995598652,1.326858659494303,1.321474970325435,1.366019820344197,1.5281416938966288,1.4734774264784438,1.528750197935799,1.3721612795381029
2015-06-03,1.3268503008682146,1.3609657428080277,1.5453269726967256,1.315478235709776,1.3211786357798276,1.3156880282811743,1.3609657428080273,1.5262547741741106,1.4701871426239048,1.526450722381379,1.3677810615000565
2015-06-04,1.3311040607372981,1.3662922927081627,1.5501630612348276,1.3219795671065122,1.3276000957049843,1.3221022162514164,1.3662922927081622,1.5440885441885845,1.4853065391828084,1.5431900137617203,1.3741254256672082
2015-06-05,1.357818667966855,1.3900816986929154,1.5844403850537632,1.3450343902081272,1.350689343434108,1.3451394854266028,1.3900816986929148,1.5667496986735974,1.5056882025754368,1.5653394054991085,1.3938535002524413
2015-06-08,1.3608202234044628,1.3946003379631262,1.5897081693060604,1.3492349573815876,1.354920249951891,1.3492887182875786,1.3946003379631255,1.5753590454298754,1.51337883422979,1.5731055600088204,1.3998048074477936
2015-06-09,1.3503961399867879,1.3832619112240272,1.5729202810180944,1.3394909794963143,1.3450564126953983,1.3395283434795495,1.3832619112240265,1.5652344410536319,1.5034538752310362,1.5630475906200556,1.3877293136270796
2015-06-10,1.3537282497441683,1.3866979654195983,1.5734293441076936,1.3425326575931469,1.348149701161151,1.342576919690317,1.3866979654195977,1.5638390060601584,1.5032037496707176,1.5625962200718375,1.3909593334203838
2015-06-11,1.3662872463540456,1.397537993107246,1.5839920139834824,1.3520786280146735,1.3578296189007597,1.352136913036723,1.3975379931072454,1.564700121247156,1.504937692545592,1.5636934212912554,1.3999744227778437
2015-06-12,1.375099372027076,1.4077019939564772,1.596178985369258,1.3603869488946843,1.3662892024567161,1.3604369153431426,1.4077019939564765,1.5822444152747612,1.5204257278775803,1.5803520278726833,1.4109683401947524
2015-06-15,1.391179292807588,1.4260110385888385,1.6237164781226303,1.3745610345779913,1.3807014307555712,1.3746559817011605,1.4260110385888378,1.602575130901138,1.5404226015044915,1.6001182542906183,1.4311991148035665
2015-06-16,1.3799217566403206,1.416569015359981,1.6113409777419636,1.3649728987397742,1.3711031816935695,1.3651189468953933,1.4165690153599804,1.597365282858348,1.5357783828376956,1.5951025101124054,1.4242112325669054
2015-06-17,1.3756589095078773,1.4130972769926036,1.6087466918524729,1.3605255220690653,1.3667090579833165,1.360693250594157,1.413097276992603,1.5951364577867226,1.5336861593033828,1.5929157235014708,1.4218874972216111
2015-06-18,1.3803923946894576,1.417779939027979,1.6114050070246202,1.365263481053736,1.371450922941393,1.3653876479746585,1.4177799390279784,1.601164565544006,1.5389169270602203,1.5984225789474806,1.4264588334398993
2015-06-19,1.3872047384865884,1.4250247992782175,1.6236561310227386,1.3717160285427206,1.377977671239621,1.3717877598057016,1.4250247992782168,1.611028508871593,1.54807493266828,1.6073156642574247,1.4337871419524693
2015-06-22,1.4115660843687852,1.4550955412619904,1.6560258991973265,1.400337544801069,1.406772971144165,1.4004346355710762,1.4550955412619897,1.6536228925393286,1.5898351457239432,1.650826714017995,1.4700051788982256
2015-06-23,1.4122847804594538,1.455825167167426,1.6590254345033717,1.3992691002854003,1.4058218565179963,1.3993775338759185,1.4558251671674254,1.6524715749988068,1.5886963487439991,1.6495790863592799,1.4702629185316305
2015-06-24,1.4063268341773245,1.4460376663547472,1.6492908346071162,1.3912653128414338,1.3976520027040937,1.3914213199901864,1.4460376663547465,1.6400293251641211,1.5757872927519467,1.6366354598653063,1.4574213987936182
2015-06-25,1.4010041871438124,1.4429669791247408,1.6436929605816615,1.3893406713730205,1.3956675839930845,1.3894237313144169,1.4429669791247401,1.6434807951916068,1.5785207984431204,1.6399014528272686,1.456889703368981
2015-06-26,1.3909551407533436,1.4353875766547965,1.6429481751589243,1.3843086655431394,1.3904626605590484,1.3844942760376258,1.4353875766547959,1.648353626856864,1.5828301713056294,1.6452421731932796,1.4529344773991348
2015-06-29,1.4148164881154075,1.4599324264210016,1.6618316994174707,1.4057837140546199,1.412276509856421,1.4060112235207216,1.459932426421001,1.6676360383361075,1.6027841534444907,1.6648008590076184,1.4769725819108963
2015-06-30,1.4180087961194634,1.4624859823270062,1.6644357953200841,1.4094667827819714,1.415905952462956,1.4097639637846189,1.4624859823270056,1.671910334512171,1.607084480701891,1.6689410739188808,1.4785652290733384
2015-07-01,1.4143898099987717,1.4599992990247848,1.6638467204151635,1.407612474448856,1.4140131917509464,1.40788065532307,1.459999299024784,1.6743212005838992,1.608888680536734,1.6713320834406586,1.47753315914882
2015-07-02,1.4546268639218671,1.4983620100112127,1.6989917257446803,1.4421345809848056,1.44887218388111,1.4422938752793073,1.498362010011212,1.7029977135555041,1.6365615946437508,1.6995118547853492,1.5123467703620295
2015-07-03,1.4838449602066588,1.526179366709582,1.7265538567969279,1.4675284824378956,1.4744858655052422,1.4676213590712288,1.5261793667095813,1.7244418800685506,1.6569742030519683,1.7203357416514027,1.537916231471145
2015-07-06,1.511210303854956,1.5521505787529812,1.7504934412781763,1.4922451771649003,1.4993523477947939,1.4922970675934795,1.5521505787529806,1.7473637181002193,1.6781754627916432,1.7427956305469423,1.561663992242357
2015-07-07,1.5320973092770036,1.5710608190015518,1.7665797080085563,1.5084236677388525,1.515762444732983,1.5085738150196557,1.5710608190015511,1.7539040580326968,1.6847333450986346,1.749438881170423,1.578201394500444
2015-07-08,1.5240422111128509,1.561217071698301,1.7566018604527673,1.4973151016198099,1.504696137223698,1.4976080629808688,1.5612170716983003,1.7262076610841992,1.6593809297522741,1.7223481539445857,1.5665664751507036
2015-07-09,1.5188862855189589,1.5572330813410027,1.7541820481232249,1.4940370340209737,1.50137781636456,1.4943091848945775,1.557233081341002,1.72668935433257,1.6600995926995161,1.723109864310819,1.5638782011074643
2015-07-10,1.5345030049418094,1.5714363569346617,1.7645268977365656,1.5053328048226826,1.5128983389087427,1.505628932290756,1.571436356934661,1.7306585315146008,1.664872449871249,1.7276187130897684,1.5762375990969886
2015-07-13,1.5470278118873502,1.5838372106299723,1.7679674009596067,1.5149209974599525,1.5227615593232926,1.515214898705061,1.5838372106299716,1.7371234266162747,1.67170760968522,1.7344603330139667,1.5885299884922068
2015-07-14,1.5732450351331633,1.6099744643885205,1.793973364584824,1.5388873544569346,1.5469549881292333,1.5392904552462967,1.6099744643885199,1.7506561488664067,1.6857378179288518,1.748546338904076,1.613536112747623
2015-07-15,1.54469446144768,1.583004442333899,1.76963317061803,1.5152269982947166,1.5230341919718282,1.5157118298074754,1.5830044423338983,1.7321553866047796,1.6686214443905663,1.7314418473031183,1.5892391734408384
2015-07-16,1.5414032733736711,1.5780837788375035,1.7669475799045828,1.5111016717182413,1.5188188390841244,1.5116259354747412,1.5780837788375028,1.7237009455955918,1.6594301436383647,1.7219310840520174,1.5826681112643128
2015-07-17,1.5405393508725695,1.5771493275905337,1.7638692990173594,1.5102989769921218,1.5180411744078393,1.5109090818582471,1.577149327590533,1.7214755801217114,1.658202678732299,1.7204028057631449,1.5816935589584251
2015-07-20,1.5229638349846957,1.559820788240744,1.7473099886873658,1.4950489081217744,1.5025824931749003,1.495646097550842,1.5598207882407433,1.7116191374441587,1.6482336817286638,1.710590504333422,1.5650685013884305
2015-07-21,1.5095542152478432,1.5485487523898527,1.729394148264945,1.4836688614173519,1.4912150175961916,1.4842993777594773,1.548548752389852,1.7050803477632963,1.6422307113289005,1.7035587203892404,1.5564262555892543
2015-07-22,1.5469406279072064,1.587598786265513,1.7635749763775082,1.521672128866688,1.529385748654135,1.522136187457129,1.5875987862655123,1.757836920414438,1.6920514593017772,1.7551640213965043,1.595621287818867
2015-07-23,1.5503865766331772,1.5914496394799893,1.767914106669106,1.5243742246447878,1.5322344400503836,1.5249814099904744,1.5914496394799886,1.7577972458000235,1.692762019794347,1.755895983668977,1.6007507444817881
2015-07-24,1.5531930865515597,1.5939326581945572,1.790632538937009,1.5310916619381334,1.5385143791933298,1.5317262683333466,1.5939326581945565,1.7717467751089675,1.7050289523287334,1.769098710021399,1.6025581114910168
2015-07-27,1.56473823142439,1.6076025539486307,1.7983756290014974,1.5417418992598428,1.5494628027038522,1.542479220647308,1.60760255394863,1.7829101951723019,1.7170847132198912,1.7809420772902151,1.6172159416082073
2015-07-28,1.5466761773761366,1.5898101243805862,1.7808632116182694,1.524640234343664,1.5322606840754491,1.525326909296739,1.5898101243805856,1.7639656734386793,1.6983617460453133,1.7616083379146084,1.5998164722706563
2015-07-29,1.5263820857440207,1.5697574413360584,1.758425948533654,1.5058500745482815,1.5133450079184039,1.5064708822770407,1.5697574413360578,1.7476995221077172,1.682310253733498,1.7450469956619523,1.581258730439219
2015-07-30,1.5364804614391616,1.5754632504148722,1.7621805704881734,1.5104954359599678,1.5180838712295481,1.5111720566935474,1.5754632504148716,1.7396085795123661,1.6748498887405807,1.7372851815897923,1.5822910288111123
2015-07-31,1.5198922915211288,1.5634424698373104,1.7462995285331258,1.498693766407944,1.506266886624329,1.499326210879596,1.5634424698373097,1.7385918393757092,1.6744356731044343,1.7369498028575876,1.5749980882377657
2015-08-03,1.489507335976898,1.5361177965528827,1.7214135194167413,1.4743181445502787,1.4815859443318906,1.4749440186190672,1.536117796552882,1.7231109036432104,1.6595895634474467,1.7222390877675766,1.5508721306199527
2015-08-04,1.4694638179527886,1.5198628042185682,1.7056375595745439,1.4586422934578902,1.4658378541731159,1.4592440663506694,1.5198628042185676,1.7154414890721497,1.651830731721144,1.7143501460678152,1.5376434639158736
2015-08-05,1.4939967495002169,1.5440592412112368,1.7303753162412603,1.4820234271148547,1.489329889391937,1.4826611175626279,1.5440592412112362,1.7397755452273724,1.6755602563253629,1.7389226996169793,1.561417530574554
2015-08-06,1.4767143970015804,1.5294212746251745,1.7140498390552914,1.4690019710236315,1.4761672417603373,1.4695873081912993,1.5294212746251739,1.7330132327939747,1.6682712754542484,1.7318985147760966,1.5500258126312199
2015-08-07,1.4855342778317102,1.5406245083718357,1.7205210538017925,1.480156070317482,1.4873956778650645,1.4807641454323504,1.5406245083718348,1.7492168705333395,1.6844936106085158,1.7484117308031404,1.5641335166854073
2015-08-10,1.515910814339787,1.5729921373492861,1.753105118986434,1.5129183518943397,1.520215508515266,1.5134745752564756,1.5729921373492852,1.7917463418130561,1.725354229495898,1.790065415687002,1.6006479148218926
2015-08-11,1.5175754458584014,1.5710345700382495,1.7521169891824109,1.510916866968609,1.5182066133993637,1.5114742270043449,1.5710345700382486,1.7848812305862702,1.7184912441054474,1.7834081310285308,1.595317503404194
2015-08-12,1.489204067200145,1.54251777236563,1.7220956787980597,1.483954449839974,1.491075036980798,1.4844888917232024,1.5425177723656291,1.7565328111580636,1.69096850643983,1.7550942274238202,1.5671164034472056
2015-08-13,1.4610516485860048,1.5182727528353321,1.700119851537161,1.4627199964996533,1.469545958018069,1.463231239391121,1.5182727528353313,1.741970333169312,1.676036037471024,1.7398985883976417,1.5478367667251387
2015-08-14,1.4496413887931525,1.5052389189413284,1.685448953955041,1.4515442408272914,1.4581940403814084,1.452062296746429,1.5052389189413276,1.7313246558900888,1.6654836896379106,1.7292476325232324,1.5343495587426406
2015-08-17,1.4073721457146369,1.4654835638931063,1.6459578319929875,1.4162815636923933,1.422521979194278,1.4167922074723083,1.4654835638931054,1.7061857429941607,1.6411188476563636,1.705233002612917,1.4977174712167403
2015-08-18,1.429925590169789,1.4848307342344313,1.6605385445663172,1.4328593915889787,1.4393589885042812,1.433369195532346,1.4848307342344305,1.7150129018119833,1.6497320579910502,1.7136261355187368,1.5139063861911375
2015-08-19,1.427622649928345,1.483227376005678,1.6526175998873187,1.429733159298671,1.4363940296165514,1.4302234928783462,1.4832273760056771,1.710533415915546,1.6453505566493598,1.7086804242317561,1.5134178954602082
2015-08-20,1.3983313840500418,1.4542293029593933,1.6096900863299757,1.4010284071318968,1.4076805576170808,1.4014682026957441,1.4542293029593925,1.6804233260171497,1.6174257197257909,1.6791042249447523,1.4853030518421864
2015-08-21,1.3747198478414775,1.4307966876461446,1.5831395755083646,1.3782713087095018,1.3848219314269752,1.3786542455841218,1.4307966876461438,1.6575297171582464,1.5955053657529172,1.6562489998765737,1.4624764912290875
2015-08-24,1.2924520892478686,1.348612482557634,1.488054862910822,1.300546400360726,1.3066520106486994,1.300866764371737,1.348612482557633,1.58045035460718,1.5207567572934333,1.5793277341364091,1.3817175226606238
2015-08-25,1.3111856054173323,1.3652460542837854,1.506307850458084,1.3170632779328924,1.3231598356298961,1.317406774917696,1.3652460542837845,1.5932003057599788,1.5333697371104333,1.5919487824965914,1.3964381642668358
2015-08-26,1.345359067937963,1.4004203072854593,1.5488208986349066,1.3470981396489377,1.3536597338561098,1.347437085006577,1.4004203072854584,1.617424270155632,1.5570399946493088,1.615882272276196,1.4313148597902932
2015-08-27,1.3660155143116726,1.4199929793270416,1.5727910600776878,1.3652410560504247,1.3719210110681823,1.3656669857536023,1.4199929793270407,1.635121241384046,1.5733983512897067,1.6336354314487211,1.449505932922474
2015-08-28,1.4123063959800772,1.4650281727710734,1.6223655130787893,1.4081407523137612,1.4150969143968377,1.4085747819379304,1.4650281727710726,1.6766055505429915,1.6128441801924465,1.6753141587670926,1.4922462895309643
2015-08-31,1.3939955464596037,1.4482100282756205,1.600905537487808,1.3942855825460168,1.4009405293586632,1.3948424798118002,1.4482100282756196,1.662423585647669,1.5989978328261887,1.6610618050281654,1.4767472362862797
2015-09-01,1.3864312107277932,1.4405940652862907,1.5938662515175825,1.3849289721806008,1.39171437296862,1.3853961441211156,1.4405940652862899,1.6525547147291142,1.589556949234977,1.6510487842477195,1.46933127301441
2015-09-03,1.364457913515369,1.4196923274316475,1.5715416822375745,1.3645821191669927,1.3712645528297338,1.3649892001711756,1.4196923274316466,1.6351357907074275,1.573244857939151,1.6336366644519416,1.4495058159928869
2015-09-04,1.3657209520542062,1.4202137881756818,1.5749955129747397,1.3656652458450527,1.3723394341700443,1.3660852850817946,1.420213788175681,1.6391938585386217,1.5766858663233516,1.6378644116889451,1.4497732429058756
2015-09-07,1.3608226154863907,1.4133643689346584,1.5701379408745832,1.3550462579410578,1.361995274326933,1.35543778131787,1.4133643689346576,1.6208808030480701,1.558897943388614,1.6194007271120452,1.441606607945042
2015-09-08,1.3962452663275926,1.4450051347208326,1.6112531410746358,1.3825911500440649,1.3898453148259748,1.3829501938226736,1.4450051347208317,1.6398333063632897,1.5769390923715219,1.6382550060892687,1.4688695071225577
2015-09-09,1.4127712624253623,1.4603067068246658,1.627728987129306,1.395274979676896,1.4027635367262785,1.3955763479208023,1.460306706824665,1.6508005386040414,1.5875074182173572,1.6491877614271455,1.4827549454264222
2015-09-10,1.411500704844242,1.4607042841609854,1.6264391450374442,1.3962056136818586,1.4036785557347482,1.396473599337866,1.4607042841609845,1.656772635076461,1.593479933714826,1.6550219253355316,1.4849856251187732
2015-09-11,1.3926996900623105,1.442150521436615,1.6062262101611526,1.3785940396319558,1.385961189434405,1.3789075368839776,1.4421505214366144,1.6393306690605653,1.576708690156322,1.6375141621482576,1.4673702129953556
2015-09-14,1.3818345651807482,1.4317215574590993,1.599796913061066,1.3675574784518845,1.374904529844908,1.3677766982020534,1.4317215574590987,1.6318780044854475,1.5692561156696883,1.6299638596285368,1.4569833098905622
2015-09-15,1.3788562188217588,1.4263793484007472,1.5954148372546635,1.359027523543193,1.3666098365763195,1.359290304721809,1.4263793484007465,1.612894677842973,1.551175297404867,1.6108361433932727,1.4501702875002105
2015-09-16,1.3830160547894577,1.4312558461943923,1.5962899586258235,1.3654753901259473,1.3729977780327294,1.3657253267726337,1.4312558461943916,1.6214087407799178,1.5593629077937026,1.6196047954558674,1.455315097341796
2015-09-17,1.3824430681075146,1.4333158166570548,1.595691157464287,1.3692179863273897,1.3766376809701717,1.3695927141890343,1.433315816657054,1.62625854969336,1.563966707292029,1.624445436168578,1.4592330911041107
2015-09-18,1.395069216083423,1.446587358828533,1.6127293747698643,1.3810627720655513,1.388614972923933,1.3814184219062549,1.4465873588285323,1.6391461099669267,1.5766224229033803,1.6371514081324001,1.4732540907015643
2015-09-21,1.4193168053510563,1.4723552507822457,1.6409667547571223,1.4066753619788408,1.4143231440680277,1.4070148625293883,1.472355250782245,1.6786356201802382,1.614704491139268,1.6766314457362592,1.5006467309477072
2015-09-22,1.4192324517071677,1.4722710279661098,1.6450864288522853,1.406795018158293,1.4144429207788354,1.4071402786147582,1.472271027966109,1.67888793269693,1.6149242697319321,1.6767084053103396,1.5004478520480875
2015-09-23,1.4162092720188337,1.4673047234504226,1.6386315988522309,1.4014146335927156,1.409064371760816,1.4017877740826572,1.467304723450422,1.6672360473819379,1.6038386221099938,1.665184767103175,1.493810879104173
2015-09-24,1.4096849784587626,1.461809584287091,1.6288642925718708,1.39530137372804,1.4029554480344157,1.395667438744525,1.4618095842870904,1.6606757331790043,1.59749525215715,1.6585675466666916,1.4891440066248598
2015-09-25,1.407062506797417,1.4592726399103229,1.6302966242054553,1.3934030283505925,1.4010186335750219,1.393777363848639,1.4592726399103222,1.6589116308058474,1.5959325258496693,1.6570951336618487,1.486057200488465
2015-09-28,1.3881875085174715,1.4423383677880712,1.6115268802777558,1.3783097964349122,1.3857897416952987,1.3786670907044203,1.4423383677880706,1.6494587742891216,1.5867255705308196,1.6475624702010137,1.47161941198927
2015-09-29,1.3786264075190289,1.4315815481604026,1.597883568263921,1.367460766873257,1.3749079593031928,1.367809877984502,1.431581548160402,1.634995629570291,1.572893766718938,1.633234861502127,1.4601328104621898
2015-09-30,1.3822049688615516,1.4351110738825665,1.6028365232038253,1.371258168073996,1.378704389050196,1.371609437279291,1.4351110738825659,1.6399085046070982,1.577618084089134,1.638216352213152,1.4635347084929664
2015-10-01,1.3882414437017276,1.4415985713635293,1.6129548482239797,1.3775756855511985,1.3850516842513425,1.3779575758352078,1.4415985713635286,1.6477656651348682,1.5852884713704327,1.6461915200285717,1.4696414780790803
2015-10-02,1.3833019100523534,1.437197907119394,1.6078196470012316,1.3734072646162636,1.380855168433608,1.3737804067917279,1.4371979071193934,1.6461110300136506,1.5836189741602165,1.6444172802002666,1.4659500351517518
2015-10-05,1.4024421227735755,1.454660708385487,1.6299399703883046,1.3896732650579897,1.3972372500407106,1.3900621839032028,1.4546607083854863,1.6613372415134453,1.5983239646569392,1.659557048430522,1.4814451583369366
2015-10-06,1.4380862882141925,1.4881325790057454,1.6637603935249476,1.4207039894513152,1.4284812144132315,1.421088068822208,1.4881325790057447,1.6924207143828112,1.6282492423434862,1.69046458376663,1.51269750292773
2015-10-07,1.4339842843223145,1.484931761435881,1.6661749802321906,1.4195503260413498,1.4272311028043143,1.4199493328660517,1.4849317614358806,1.6943228018444845,1.630247294252784,1.6926994553247725,1.5106142238760727
2015-10-08,1.4585984510199792,1.5091184193648417,1.6956196850105298,1.444041450981142,1.4517832860034725,1.444416290541275,1.5091184193648413,1.729165419628375,1.6636144740681265,1.727388831550669,1.5352700546423739
2015-10-09,1.4617548750466112,1.5080557997778405,1.6942577539711137,1.4422456775507,1.450024478067079,1.442642705694886,1.50805579977784,1.7165534877428612,1.6514286072237863,1.7148049626270503,1.531109586183621
2015-10-12,1.4725622023173708,1.5139737002053735,1.6990851897799295,1.446585194673499,1.4544580841322252,1.4470150381183875,1.513973700205373,1.7079320041011414,1.64311674379952,1.7062115787221797,1.533153183794682
2015-10-13,1.4679890668483966,1.509300398955705,1.6947102612423868,1.4425405159152795,1.4503680889636001,1.4429703375656688,1.5093003989557046,1.705898991604001,1.6411722581192296,1.704176137891661,1.528094297234086
2015-10-14,1.4625200161100351,1.5079961113450404,1.6964502774968926,1.4412815655656557,1.4490993852155059,1.4416974014563209,1.50799611134504,1.7154044251991578,1.650461432763162,1.7138802340059043,1.5299166644906794
2015-10-15,1.4699662625991474,1.5131685848224983,1.6999996088315987,1.4462711569179132,1.4541136134758463,1.4467004553469687,1.5131685848224978,1.7196140546552894,1.654327436611941,1.7178066926250666,1.5334049086255757
2015-10-16,1.4706787327312274,1.517576796291471,1.707758293947075,1.4515857710024536,1.459397777388685,1.4519976117440263,1.5175767962914706,1.7340896894441584,1.6683039442084413,1.7323958350986788,1.5403377071483648
2015-10-19,1.469154792644344,1.5182029146090406,1.7030961774280808,1.4529939297537828,1.4607714244961738,1.4534168401654977,1.51820291460904,1.7404750942140192,1.6746613478229753,1.7390781743099437,1.5421153241901018
2015-10-20,1.454904658928172,1.5028352949664878,1.6890697285116243,1.4382747331136885,1.4459692804210127,1.4386985478754548,1.5028352949664874,1.7290927860852967,1.6632614676436703,1.7278053232198263,1.5265618213994807
2015-10-21,1.4479850482584493,1.4934710965475815,1.680742159113216,1.429350786346978,1.4369878571188142,1.429765430717476,1.493471096547581,1.71618831986518,1.650515516990212,1.7149555192671422,1.5152567506952834
2015-10-22,1.4606237729289524,1.507553451262237,1.6961771877894911,1.4429971522685554,1.4507085155279644,1.4434047668309453,1.5075534512622366,1.729939834711726,1.664208945243871,1.7287655364637484,1.53052619891649
2015-10-23,1.4759952971993264,1.5250602372207964,1.714730983795477,1.4599789569835189,1.467779800046382,1.4603818963404769,1.525060237220796,1.7496572178805805,1.6831350270281036,1.7485378764539075,1.5510400547298888
2015-10-26,1.4711151932479114,1.5212906730599058,1.7130333681699403,1.4559023835304783,1.4637076699687555,1.456304555704457,1.5212906730599054,1.7514577238097244,1.6847618878659252,1.7502550166779265,1.5488978766336068
2015-10-27,1.4630292702041923,1.5135030571659427,1.7038206000590983,1.4486221192791917,1.4563649735051658,1.4490190122981672,1.5135030571659422,1.7456353183261508,1.6785293881336827,1.7444344924279427,1.5414075398470382
2015-10-28,1.4548124688530224,1.5078201753524514,1.695947377193985,1.4435494140754146,1.4512479355966628,1.4439544884076463,1.507820175352451,1.749971227775955,1.6825436912336686,1.748759078540528,1.538138776789457
2015-10-29,1.4800436003740598,1.5343057155748048,1.7229984063648556,1.4698111683121518,1.4776286119982518,1.4701780817761212,1.5343057155748043,1.7705919409085253,1.7035283501498906,1.7697248094869933,1.5659622182339623
2015-10-30,1.4878253636995464,1.5409819473709958,1.7331598380535667,1.4755902064529998,1.4834661284718726,1.4759736057276496,1.5409819473709954,1.7791113740164333,1.7116279432685488,1.7781592292844626,1.5712618938446474
2015-11-02,1.4746627727569563,1.5280394671865418,1.7188985708232012,1.462570075238255,1.4703961342848455,1.462967755886083,1.5280394671865414,1.7677765726189252,1.7003518257162102,1.7668264697575013,1.5585080404378369
2015-11-03,1.4975784716964258,1.5535121218516357,1.749616167183392,1.4865941301424215,1.494573375616565,1.4869870284636186,1.5535121218516352,1.810255076181331,1.7414962583859344,1.8096417761410368,1.5873194271720477
2015-11-04,1.493177794295527,1.5478295887960958,1.7439398579877783,1.482010999900523,1.4899195314055906,1.4824063342058382,1.5478295887960953,1.805398015046488,1.7362143486826196,1.8046550926405374,1.580349331998882
2015-11-05,1.5024975664106224,1.556333753052963,1.7540187581265516,1.490063115539294,1.498022248373581,1.4904443942461034,1.5563337530529626,1.8137840949772481,1.744686074964046,1.8133851394643743,1.5882425025147002
2015-11-06,1.4921210737353752,1.5467717592493926,1.7422758597685855,1.481351418819945,1.489230021071807,1.4817558099352388,1.5467717592493921,1.8074159831523275,1.7381569180276508,1.8070177669732346,1.5786951326118812
2015-11-09,1.48702313483267,1.5425269308607419,1.7364207773017593,1.4770975089599323,1.4849641816014703,1.4775085265732137,1.5425269308607414,1.8003171548215502,1.7316300462679708,1.7998913529545977,1.5747825907477189
2015-11-10,1.4700977819470031,1.5265470009867763,1.7166021630412565,1.462414216438649,1.4701715244024065,1.462826392414329,1.5265470009867759,1.7879485385475133,1.7197690640606516,1.7876216475152638,1.5593781347892839
2015-11-11,1.4644841626613352,1.5210844454430343,1.7081279484060627,1.4577679822974516,1.4654727030036272,1.4581990881461246,1.521084445443034,1.7851658360206881,1.7171266222386712,1.7849587467708474,1.5537018254083421
2015-11-12,1.4736322874364598,1.5310314137950545,1.72238738463724,1.4659246984277898,1.4737278025870404,1.4663530340627358,1.531031413795054,1.8049705915120031,1.7360654031463991,1.8048869152128795,1.5643938427495652
2015-11-13,1.4891912489886796,1.549904687838284,1.7413409457871452,1.4842530207706057,1.4921474154554903,1.4846719418242533,1.5499046878382836,1.8359450833538997,1.7665402154766447,1.8361563340246823,1.586120612640454
2015-11-16,1.4788517268832233,1.5380031953713795,1.7265763381655457,1.4734970689551639,1.481290757493658,1.4739245145171487,1.538003195371379,1.8208533656446793,1.7520595189634762,1.8211541889175733,1.5722305314586276
2015-11-17,1.4680467857441157,1.5271384222496556,1.71593628635903,1.4625907964155773,1.4703507695311935,1.4630061975335251,1.5271384222496551,1.80309924937544,1.7357065465485293,1.8027658896513408,1.5617552958712664
2015-11-18,1.4681036719382023,1.5283744433495978,1.7189140424913592,1.4634434294194172,1.4712351409331539,1.4638623669995652,1.5283744433495974,1.8094027683740135,1.7410669657992224,1.8092848665494417,1.5644992520668184
2015-11-19,1.4600962205291466,1.5188648946628713,1.707564692518059,1.4544085691907538,1.4621432922182167,1.4548058687761676,1.518864894662871,1.7956205184547402,1.7278747052483463,1.795292326957519,1.5538303340929607
2015-11-20,1.4644420203459236,1.5219117038929086,1.710958850160482,1.457585720008439,1.4653209947993528,1.4579727681775076,1.5219117038929082,1.7934143179700273,1.7262063559658625,1.792811651570584,1.5560291187062674
2015-11-23,1.4581404814461636,1.5155448198804178,1.705482528168452,1.4505555233058298,1.458330002100392,1.4509680561229392,1.5155448198804173,1.7764469857458154,1.7102667659642667,1.775771818184422,1.5496254656168205
2015-11-24,1.44493147813802,1.5021420800369232,1.6915124842509832,1.4373638283201935,1.4451020741416856,1.4377965981232173,1.5021420800369227,1.758509934156269,1.6931696080266625,1.7577653035994998,1.5363166736510727
2015-11-25,1.4497861509563386,1.5073723896554092,1.6973675737637424,1.4419672854116092,1.4497642719359005,1.4424284531037521,1.5073723896554088,1.7642711997516305,1.6981934505544052,1.7638559185064573,1.5415099370699754
2015-11-26,1.4373074485821458,1.4953087032769468,1.6845950391295252,1.4294836433578124,1.4372882474688025,1.4299921414427825,1.4953087032769463,1.7504385240605016,1.6843455670533647,1.750532520747334,1.5302551912138238
2015-11-27,1.416438256585225,1.475872331709106,1.664856740008079,1.4113579561716045,1.4190290140624455,1.411856299518435,1.4758723317091056,1.7381341676249373,1.6723491744346997,1.7384633435049786,1.5121903769123448
2015-11-30,1.389342467867113,1.4520074043966418,1.6380311143633244,1.3899406470227595,1.3973804523925255,1.390454552674426,1.4520074043966416,1.7343908798409184,1.6674434811512155,1.7354226032948488,1.49249041982266
2015-12-01,1.3828529880431784,1.4461455218748667,1.6299192303106662,1.3848345492043663,1.3922012828768457,1.3853390072635994,1.4461455218748664,1.7314108094278489,1.664269678899448,1.7323041038953675,1.4870169056778335
2015-12-02,1.3911582641084141,1.4547513353127557,1.6381514493873668,1.3929592179522117,1.4003743757493523,1.3934682600247665,1.4547513353127555,1.7375474979863539,1.6706603175919787,1.7382027785466005,1.4950011585191965
2015-12-03,1.392004120411295,1.455943816736025,1.6372329486854322,1.3941243672794912,1.4015395641164856,1.3946285339217859,1.4559438167360248,1.736402100850375,1.670046470545089,1.7371452995450358,1.4961899679349735
2015-12-04,1.3849714495600454,1.4490559480952878,1.6318805887662848,1.3873741073304071,1.3947682432986268,1.3878950271067787,1.4490559480952876,1.7289214900184309,1.6628380157186191,1.7298231024198665,1.489258194094531
2015-12-07,1.3641519511653926,1.4293824311352181,1.6074807040529566,1.369125504774762,1.3763726947994321,1.369662503056802,1.429382431135218,1.7148712183715276,1.6486113837676957,1.715979356563507,1.4711869394109451
2015-12-08,1.3921233025937207,1.4550175856244436,1.633084858914167,1.3927816366776766,1.4002244128564196,1.3933034439966063,1.4550175856244434,1.7296698653438782,1.6634068385136334,1.730771078710267,1.493867929679983
2015-12-09,1.3692329426716885,1.4307472914305972,1.6051655704084802,1.369887933017603,1.3771798018263808,1.3703895006675566,1.430747291430597,1.7076887655297166,1.641253985844421,1.7089366931532977,1.4692536224624513
2015-12-10,1.3610111388655495,1.4232738892682564,1.598109552826099,1.3628549538698638,1.3701105839216512,1.3633608621975397,1.4232738892682562,1.7002369271284759,1.6350239793076422,1.7017591048758633,1.462083671719242
2015-12-11,1.3707837296987475,1.43315195174069,1.609637076301045,1.3721192813512515,1.3794609936491375,1.3726459323125813,1.4331519517406899,1.7054400634558964,1.6413524757146114,1.707096339547865,1.4718771444112697
2015-12-14,1.365181996406359,1.4265386988406505,1.5974450170908594,1.3623152880438105,1.3699417919883976,1.3629301161163565,1.4265386988406503,1.6880716512717473,1.6251384843009427,1.6900622974258266,1.4632321076476305
2015-12-15,1.3750080243992595,1.4353637713256635,1.605312112797089,1.3694046556126576,1.3771670382145023,1.3700572773183128,1.4353637713256633,1.6921499288792576,1.628703093318453,1.6937478725877468,1.470556971113566
2015-12-16,1.38318961436792,1.4414319146159174,1.613841815978613,1.373391069241522,1.381344654463292,1.3740678547907477,1.4414319146159171,1.6939777741455544,1.630362072059522,1.6954034869574082,1.474358630289748
2015-12-17,1.3985565585960251,1.4524768833839068,1.6282976308963073,1.379961185209045,1.3883359836439801,1.380719175395565,1.4524768833839066,1.6987344014068975,1.6353792417216204,1.7007501303697516,1.4821312807066926
2015-12-18,1.3779259928980316,1.4366922860504465,1.609151287286715,1.3730228929355186,1.3805372891360506,1.3736261986733327,1.4366922860504463,1.6813364641427837,1.6173114428889617,1.6819901672644797,1.4714351442504952
2015-12-21,1.3770211808708137,1.4319478729365798,1.60839977613561,1.3623875862499606,1.3704651500017189,1.3631253146854203,1.4319478729365795,1.6738568336588413,1.6121962140776316,1.6763191666605706,1.4632588647646625
2015-12-22,1.3761160890679318,1.4314665167005347,1.6089415635873292,1.3626236906567424,1.3706569153478145,1.3633391949721712,1.4314665167005345,1.678043245501685,1.61614185739918,1.6805564160092856,1.46303721293381
2015-12-23,1.3705434697473768,1.4268075753804084,1.601917472672477,1.3606366842718165,1.3684017123394914,1.3613004378781581,1.4268075753804081,1.6736804533617318,1.6120530607377825,1.6760331613906838,1.4597427261942653
2015-12-24,1.3723969436340118,1.4308660177216734,1.6026726817433632,1.3677067413676598,1.3751992859340039,1.3683367363632888,1.4308660177216732,1.6855967969918342,1.6234753151641617,1.6878407719709023,1.4662491149833965
2015-12-25,1.3778162081475338,1.4420700218678641,1.6098939156200063,1.386011240412057,1.392811969485497,1.3865754821426497,1.442070021867864,1.7037974819575763,1.641357588749043,1.7061674207713629,1.483889841150632
2015-12-28,1.3852867411509515,1.455511405348356,1.622082583752443,1.4072053401234363,1.4132761502010647,1.4077678770214155,1.4555114053483558,1.7259352557544478,1.6640701491307823,1.7291215774253355,1.5039316712537811
2015-12-29,1.4010486338685004,1.4663513216370978,1.6389954989243825,1.4113571483804699,1.418036892889846,1.4120410727024946,1.4663513216370976,1.7193534831705075,1.6597192813532704,1.7237251193282341,1.509910222080883
2015-12-30,1.413339121765873,1.4762870760753395,1.6566539461116532,1.4180617056408047,1.4250755054163136,1.4187756019554199,1.4762870760753393,1.7259135487017447,1.6664081304569156,1.730769032690903,1.5173946831860021
2015-12-31,1.4176611082024788,1.4840289741442854,1.6676538560429846,1.4272289210717684,1.434196049768626,1.4279082598504058,1.4840289741442851,1.7516371334227123,1.6909299806609992,1.75673511112825,1.5280973025647056
2016-01-04,1.4011285828046267,1.4654550673104052,1.649609208378099,1.4072912946098535,1.414367984846015,1.4080108458173028,1.465455067310405,1.727903522667073,1.669817342922317,1.7338491144565145,1.5076308235031768
2016-01-05,1.385601388346349,1.4498259533403446,1.6333520308030849,1.3933169864813004,1.4002341290137588,1.3940193425658434,1.4498259533403444,1.7126074453754714,1.6552107000163812,1.7185142329286711,1.4919562068580297
2016-01-06,1.3985709556149184,1.4619030533423816,1.6481882104547618,1.4056074843530184,1.4125134902731684,1.4062773023256308,1.4619030533423814,1.7235252889182897,1.6655434876118138,1.7292907470233017,1.5038299058008922
2016-01-07,1.372044330716844,1.439070018652564,1.6205074768749508,1.3882816990611062,1.3946270584480611,1.3889968143221774,1.4390700186525638,1.697822392289009,1.642645310500702,1.7048066812156735,1.4852002502594814
2016-01-08,1.3580374441555805,1.424105400989671,1.6058635993947958,1.3745680450396554,1.380814847628437,1.3751870428846003,1.4241054009896708,1.6906092689532255,1.6354070590793992,1.697271816949324,1.4698636200402706
2016-01-11,1.3506519977531688,1.4186834682585312,1.5972794071491794,1.3686114037437738,1.3748873400877182,1.3692679826767142,1.418683468258531,1.6842598187170692,1.6295691847784202,1.6910964954198398,1.4652731079924406
2016-01-12,1.367636748180618,1.4347855451237996,1.6135860957186015,1.3826967022084984,1.3892417377549278,1.383342144509223,1.4347855451237994,1.6923877589216267,1.6394152776708584,1.6999153343678053,1.4799847650342897
2016-01-13,1.3573860304549006,1.4251989543590986,1.6026313892162534,1.3725206373114234,1.3792304453410493,1.3732134008567611,1.4251989543590984,1.685079178258637,1.6320746356732667,1.6925691807556391,1.471411631748666
2016-01-14,1.335619297805839,1.4050143566641065,1.5819695326255676,1.3525167021129632,1.3592023486687965,1.3533286254295538,1.4050143566641062,1.6656902610225979,1.6129011879411563,1.6730664341102064,1.4531132184064206
2016-01-15,1.3070941194277772,1.37950852376896,1.5549591929632007,1.3237787875984135,1.331096514246484,1.3246949506300152,1.3795085237689597,1.6387592428298858,1.5877476549365535,1.6457166845214135,1.431349160805179
2016-01-18,1.2617164528587095,1.3318147306135197,1.5023128406451562,1.2824334876760441,1.2887539562779617,1.2832367782786498,1.3318147306135195,1.5925571864688723,1.542671408247804,1.5995872810574034,1.3823853007501896
2016-01-19,1.2890936567585036,1.357819558272853,1.5345089804853118,1.3051267923510714,1.31182588899719,1.3059926722147615,1.3578195582728527,1.609404839560996,1.559185909972385,1.616650066630457,1.407291140273493
2016-01-20,1.2752392820789324,1.3440876742968857,1.5206710607708347,1.2938570878150353,1.3001218529638106,1.2946343101499138,1.3440876742968855,1.5979754445052696,1.548589714187836,1.605420148029473,1.394048069585777
2016-01-21,1.2583048483887265,1.3279969392990068,1.5017261462825109,1.2805283431222287,1.2864294942050107,1.2812351306143979,1.3279969392990065,1.589670934292813,1.541213372373702,1.5970253958426086,1.3794076497846892
2016-01-22,1.2652784142317313,1.3354273762419906,1.5009782488444972,1.2903026052707132,1.2961256720277192,1.2909899914852438,1.3354273762419904,1.6155318397013005,1.5653194558970034,1.622960463337627,1.3865638089186159
2016-01-25,1.3318806755139334,1.404224009309226,1.5758926805444156,1.35524909483884,1.3615777190106453,1.3559592799929412,1.4042240093092258,1.6872642082656966,1.6357038826181365,1.6950669426849532,1.4559263982460957
2016-01-26,1.3201538205890953,1.394040189891438,1.5648281857370852,1.3470189541368505,1.3530269066426188,1.347732373107987,1.3940401898914379,1.6872982430003753,1.6324025861976883,1.6945153479016375,1.446733815334832
2016-01-27,1.3344896118274419,1.4082736994558662,1.5792799630854002,1.3599227453356866,1.3661778261272102,1.3606014127992567,1.408273699455866,1.7001786681869646,1.6449790761160685,1.7072455601014018,1.4603100732191605
2016-01-28,1.328048864367085,1.4022939746262548,1.570284648845474,1.355467832560479,1.3616328176218118,1.3561855505568792,1.4022939746262546,1.7047187841819518,1.6487234096041237,1.7117347115273382,1.4551832066941628
2016-01-29,1.3440988548239856,1.4189379035266407,1.5847278051725577,1.3704686023748982,1.3770037646781896,1.3711409725839014,1.4189379035266405,1.725212981508739,1.6684432876202235,1.7315997175541178,1.4716880810886022
2016-02-01,1.3289752788049918,1.4025345892385916,1.569696885522598,1.3530500350498509,1.3597396707898914,1.3538008425250263,1.4025345892385914,1.6969965485655623,1.6424181255043502,1.7036137214678813,1.4546478267068625
2016-02-02,1.3236308936417838,1.39740336780583,1.5663303247451843,1.3460892549122805,1.3530131559539782,1.3468028442734656,1.3974033678058297,1.684177892989961,1.6314624798741408,1.6910405939272266,1.4502740319452978
2016-02-03,1.3291822902684656,1.404122285064952,1.5710261106241643,1.3562405079317952,1.3627379260528858,1.3569782296516288,1.4041222850649517,1.7069753291935073,1.6513599501343237,1.7135188612784773,1.4573934818017436
2016-02-04,1.3384044964988262,1.4132984054019917,1.5812614516482744,1.367135715011323,1.3732989704084748,1.3678419681348093,1.4132984054019915,1.720064337271904,1.6635153698347493,1.7269210800384367,1.4662268955897604
2016-02-05,1.3475904152835245,1.4229021505879285,1.5923773053454804,1.3753489567939907,1.3817444017728155,1.3760853386862213,1.4229021505879282,1.7272889750366016,1.6713787153800983,1.7345012632375765,1.476040564284771
2016-02-15,1.3422821977633588,1.4178018264205625,1.5867893217887232,1.3685966279476327,1.3753147689714378,1.3693985813752576,1.4178018264205623,1.7185689423767314,1.6629371546261704,1.725696990797902,1.471073446066561
2016-02-16,1.3527130470267865,1.4294082395230696,1.6017383416911122,1.379061484392147,1.3859973858545849,1.3798310919595334,1.4294082395230694,1.73253991850113,1.6762266681978697,1.7392068461219623,1.4840205019863448
2016-02-17,1.3450140726577522,1.422689304943009,1.59313213326808,1.3732135801339305,1.3800340827911513,1.3739813713774387,1.4226893049430087,1.7279866350580249,1.6717679241792422,1.7343448124988998,1.4777352996297253
2016-02-18,1.3630810538219333,1.4385027276312958,1.6110904515148328,1.3880052224904709,1.3949556769089615,1.3887853697713886,1.4385027276312956,1.7364569705846407,1.6806707343930878,1.7434857265150863,1.4910782597851284
2016-02-19,1.3628208313052852,1.4382288437998685,1.6113732869309063,1.3853105258601708,1.3925798574240287,1.3860512227560169,1.4382288437998683,1.742135840781883,1.6860580202123532,1.748194297371884,1.4913229909119639
2016-02-22,1.3828195064867905,1.4569130984022198,1.6306563405501964,1.403528092519732,1.4108898669759071,1.4043640085525348,1.4569130984022196,1.7575310368026507,1.7011984594188152,1.7640247623235235,1.5076698606599157
2016-02-23,1.3836469610981579,1.4568170453500422,1.6306270260888382,1.404140118415999,1.4113995295084498,1.4049510199995014,1.456817045350042,1.7536933464408608,1.6979479017336057,1.759341948274898,1.5067016080342281
2016-02-24,1.4072934289345058,1.4816860892459633,1.6652154195379634,1.4223050842985516,1.430294710837499,1.423120973607959,1.4816860892459631,1.765618749268433,1.7102527880369247,1.7709404420296562,1.5332563541287738
2016-02-25,1.395892454305981,1.4701094839823066,1.6534247545057152,1.4114125876336892,1.419269074162816,1.4121911237229394,1.4701094839823063,1.7489013524378187,1.6942228161487118,1.7546444785081377,1.5214722939635943
2016-02-26,1.4049244418901918,1.47794845963493,1.6622247586025996,1.4183591554271406,1.4263813986232539,1.4191890613310787,1.4779484596349297,1.7568363433336183,1.700723914971169,1.7615534046112802,1.527932437665557
2016-02-29,1.3827466164710736,1.455265016614625,1.637336431756453,1.395254302196938,1.4033097020955447,1.3960702254520272,1.4552650166146248,1.727040142471332,1.672814924446652,1.7327981405242598,1.5053209086920654
2016-03-01,1.3891489178132235,1.4622123140986512,1.6422587682828944,1.4020113589901053,1.410152714136933,1.40280386251488,1.462212314098651,1.7406514041570382,1.6861329893559727,1.7465399609897145,1.5125045642490988
2016-03-02,1.4111207228719818,1.481176030348409,1.6617420796728446,1.4205419494091343,1.4286862985046358,1.421401879684587,1.4811760303484085,1.7515685173577435,1.697546800685026,1.7575195719410484,1.527899125245673
2016-03-03,1.412611263322482,1.4828325391123753,1.6641747253661585,1.4247184197538125,1.4325880924139063,1.4256126984521,1.482832539112375,1.75990806312336,1.7047800793059869,1.7665423466687722,1.529638822377907
2016-03-04,1.4188023220221093,1.4896325228534695,1.6723037179099647,1.4321270638041173,1.4399650951309984,1.432989773862162,1.489632522853469,1.7712267682147653,1.7153588881776298,1.7771835382977301,1.5371654234128893
2016-03-07,1.420348518716014,1.4896967207991416,1.6757158327457249,1.4329727661782916,1.4407603295997626,1.4338032914088183,1.4896967207991412,1.770377928642904,1.7138549383312518,1.775283297828241,1.5361955911679275
2016-03-08,1.4140122484706805,1.4806846332975656,1.6601112332375272,1.4279030283829945,1.4352054640453167,1.428723175091477,1.4806846332975652,1.761928753202102,1.7050236939522814,1.7651988701309211,1.523178168242552
2016-03-09,1.4080500706691752,1.478681835245031,1.6592885663186596,1.4271171780768817,1.4343003213503376,1.4279219823787388,1.4786818352450306,1.7721554736858405,1.7147910963335016,1.7759812733972973,1.5256562205954356
2016-03-10,1.41665251447894,1.4859678755907013,1.6669685717431395,1.4324347071836132,1.4398458357488528,1.4332112135120112,1.4859678755907009,1.7714661239750555,1.7151450612729529,1.775221231896083,1.5312789158080233
2016-03-11,1.4165990906385975,1.4860495795024586,1.6673398666939354,1.4286265960589957,1.4365241482663333,1.4293821436698886,1.4860495795024582,1.7662446386718558,1.7102695246496293,1.7683048055000286,1.531547858403357
2016-03-14,1.4171112425236603,1.4848809201577866,1.66463253115384,1.4287484502799273,1.4364896582210105,1.4295534978805806,1.4848809201577862,1.7640197785555962,1.7073672901473778,1.7659357051600695,1.5279988309253971
2016-03-15,1.4088234175616448,1.4783270546203162,1.6593758710631707,1.4209727908313197,1.42885173402027,1.4217361187946005,1.4783270546203158,1.759191730364723,1.7026742701596251,1.7609616350072905,1.5229531183911384
2016-03-16,1.4085389604086873,1.4773114289908544,1.659092144126006,1.4185958365684754,1.4266469361026108,1.419390199045925,1.477311428990854,1.7562746762855421,1.7000933512990777,1.7580593560781275,1.5215319746773766
2016-03-17,1.4157984627654114,1.4830777031800741,1.663844379361988,1.425280801358949,1.4332520415996988,1.4260478597066757,1.4830777031800737,1.7602584657931692,1.7044037261664198,1.7619545825236465,1.5259669471213326
2016-03-18,1.4057454423223412,1.4751398497208865,1.6579390276222266,1.4149554495314143,1.4232086217074431,1.415769751764511,1.475139849720886,1.756251257120358,1.7004607122243292,1.7579693515688208,1.5207588870604885
2016-03-21,1.402490769067143,1.472522905453959,1.6526647740055402,1.4143519542230414,1.4222196340240503,1.415057322874398,1.4725229054539586,1.7535848650614922,1.6977460935658095,1.7548735501314687,1.5184260682861423
2016-03-22,1.397664349295753,1.4659744796734142,1.6440332950602086,1.409979464712286,1.4175904723911443,1.4106887670237538,1.4659744796734138,1.7448547154637992,1.6891947223832104,1.7462394369364744,1.5103321277126749
2016-03-23,1.4027522288022325,1.4699352879704055,1.6466087828318945,1.4142922332668513,1.4218938077337469,1.4150493034928,1.469935287970405,1.7471755283005745,1.6913170608532537,1.749055429569707,1.5131070976934995
2016-03-24,1.3907837099170788,1.4594001400072942,1.6354049911945674,1.4056399566069484,1.4130481670957191,1.4064052374773095,1.4594001400072938,1.7419328375667498,1.6858629771694558,1.7443869028722538,1.5038479851023705
2016-03-25,1.392793430591015,1.460610495556468,1.633792092868011,1.4091607910682902,1.4162632920326956,1.4098802129310313,1.4606104955564676,1.7438873626107823,1.6874812231853185,1.7462748849784475,1.5038430130573022
2016-03-28,1.3975594752714975,1.4662619970679422,1.6394845759930403,1.417358478299741,1.4241465733201117,1.4179893019360958,1.4662619970679418,1.7563867925134238,1.699940039065697,1.758328311294802,1.510064471710079
2016-03-29,1.378566827387189,1.4486724012461385,1.6216004675951283,1.4020303187833532,1.4085087277834614,1.4025566352816863,1.448672401246138,1.7441260851454772,1.68808437497017,1.745751908641729,1.4940785919016872
2016-03-30,1.3759058849477854,1.4444327332903661,1.6060471465540496,1.3980574740793053,1.4044146992674196,1.3985758273102886,1.4444327332903657,1.7306901535742465,1.6752867350868412,1.7325452357038131,1.487673796404516
2016-03-31,1.3616183450851131,1.4332321758437798,1.6047286106965652,1.389512165184049,1.3955758821635658,1.389943127375072,1.4332321758437794,1.7342750488409742,1.6784554296474827,1.7358907092160372,1.4801259442861796
2016-04-01,1.3540735342728143,1.425717715385855,1.5987595550617493,1.3829115947156498,1.3888296986892699,1.3832980154497465,1.4257177153858545,1.725814808153581,1.6706001586804713,1.7276235878463015,1.4729277273671488
2016-04-04,1.3515820562074006,1.4241845319710944,1.5971367633079976,1.380301516611813,1.386315156924942,1.3806588344002126,1.424184531971094,1.7236779713528259,1.6685512433761762,1.7251958315604017,1.4721101361764088
2016-04-05,1.3606918909501582,1.432386410494612,1.6006812961849317,1.3874259282792378,1.3935764697961102,1.3878008217952948,1.4323864104946116,1.727051983074411,1.6720929079236357,1.7287119285287764,1.478980084355499
2016-04-06,1.3776815272949487,1.447985618955878,1.6138823041223762,1.4027529629042097,1.4089539845232524,1.4031452042369321,1.4479856189558775,1.7410697648381877,1.685812509591845,1.7423068076807358,1.492876146788754
2016-04-07,1.3830816696923172,1.4548060014066448,1.6270511859419703,1.4081110117492421,1.4145488132898405,1.4084956092023027,1.4548060014066444,1.752335950063543,1.697381550458693,1.753779642975414,1.5015309572967115
2016-04-08,1.3838263635900347,1.4570789464909062,1.6346641593191993,1.410911599367033,1.4173133522095276,1.4111915902890444,1.4570789464909057,1.7586160198334329,1.7043588072794704,1.7594358198177704,1.5053216861557746
2016-04-11,1.3987451349628834,1.4726122304809082,1.647218789281755,1.4339394008547695,1.439327268491609,1.4340266935785886,1.4726122304809077,1.7880273278713223,1.7328477785527567,1.788703681620991,1.5209650922519697
2016-04-12,1.3959949537439746,1.4703485592639418,1.6435886207407846,1.4357207999722073,1.4405545580787575,1.435705068034195,1.4703485592639414,1.7909309075885194,1.7358493600924236,1.7916814441095257,1.5193503809712063
2016-04-13,1.389194279154875,1.4630617627836533,1.6346802002486307,1.4289299645031444,1.433682717277179,1.4289125114411165,1.4630617627836529,1.782486267205399,1.7274509293639861,1.7833125278285804,1.5120109367275205
2016-04-14,1.3901847262352427,1.4640379363559715,1.6323405030379678,1.4301079809748851,1.434813215933203,1.43008806790265,1.464037936355971,1.7822944438407655,1.7272563406445625,1.783098859492912,1.5128355884403426
2016-04-15,1.3913682367964697,1.464112763760034,1.6341023456376687,1.4294761571949712,1.4343008221305515,1.429447018938044,1.4641127637600335,1.7764054959925801,1.722074684501116,1.7771709769059623,1.5116930307844683
2016-04-19,1.367718077371823,1.441084513426006,1.6116761591863047,1.403506778117623,1.4087644202842737,1.4035964073655278,1.4410845134260055,1.75060091947059,1.6967759294656366,1.751354266639112,1.4893320875036553
2016-04-20,1.369271938961318,1.4419368732687348,1.611053177724829,1.4052726750030378,1.4103454904675006,1.4053665900192172,1.4419368732687343,1.7484628017315906,1.6948700505431915,1.7493304982862845,1.4898653521823904
2016-04-21,1.3860478047535942,1.4568065639153225,1.6241775139427952,1.4208644730046247,1.4258725100580212,1.4209541880858463,1.456806563915322,1.7655391907234945,1.7111261930140074,1.7662123565147452,1.5033363964189104
2016-04-22,1.427695104456867,1.4983705189696894,1.6703459904108005,1.4648395473685145,1.469445958293499,1.4648256269236646,1.498370518969689,1.8103643707735706,1.7548403156367047,1.8112967732171708,1.5444196671728367
2016-04-25,1.4333928721729858,1.502543751913587,1.6697932918827791,1.460937360309073,1.4665160666651162,1.4610953206038086,1.5025437519135865,1.7908920759278795,1.736158150127205,1.7918447510030318,1.5462786436251545
2016-04-26,1.4439279000895604,1.5128830192021183,1.6772031575776492,1.4728882621913835,1.478159787306555,1.4729771472237576,1.5128830192021179,1.8040789238703152,1.7485393823869264,1.8050084166807323,1.5563716327399955
2016-04-27,1.4277485157106464,1.495027442809745,1.65805287841414,1.4552530346832413,1.4605703028745198,1.4553738415723838,1.4950274428097445,1.7845804136498122,1.7297680159871678,1.785352845264502,1.5377874441009614
2016-04-28,1.4247931806458438,1.49252273077623,1.6567236061758,1.4503518899158607,1.4560093511539938,1.4505481047136857,1.4925227307762297,1.7822589241468005,1.7275752440805325,1.7831078763558141,1.536128616305754
2016-04-29,1.4443093257754382,1.5107727863723237,1.678114151784706,1.4679787130855226,1.4737589539341065,1.468221342407487,1.5107727863723233,1.801252312515934,1.7461884078882186,1.802113338693549,1.5530271872285768
2016-05-04,1.4481457378617404,1.514165022417931,1.684116311725132,1.4673793242094535,1.4737571816753539,1.4677113291670025,1.5141650224179306,1.7951966689965826,1.740650442314564,1.7960168367048535,1.5550267437534269
2016-05-05,1.4518902987514184,1.5179450748931713,1.6851665937575182,1.4712692698554415,1.4775930564629254,1.4715879929902642,1.5179450748931709,1.794471525566892,1.7399479208551627,1.7952913619804167,1.5583823494826994
2016-05-06,1.4630895065197702,1.5293236442976246,1.6924274032755648,1.4829814507883035,1.489199707135682,1.4832968042456227,1.5293236442976241,1.8059461447785548,1.7501508257526899,1.8066786344551067,1.5694197340136804
2016-05-09,1.4574190935056208,1.524192120808534,1.6941697575600445,1.4794023849206341,1.4855275882736743,1.4796829248510677,1.5241921208085336,1.806535652524685,1.750738819479169,1.8074053436359006,1.5649914101898514
2016-05-10,1.4592106957932027,1.5244525505419189,1.6909907315914583,1.4786836079342327,1.484887865649502,1.4789966288107343,1.5244525505419184,1.8012875438636093,1.745765278787808,1.8021077686670242,1.5640101499656538
2016-05-11,1.4753606267170263,1.5409074733080717,1.706030679609722,1.4966838151089819,1.5026582731833593,1.4969696107779784,1.5409074733080712,1.823607843809985,1.7670127613627304,1.824476559161243,1.5807820067140133
2016-05-12,1.4807401850804687,1.545063175019981,1.720592915417707,1.5034871987164404,1.5092093580346828,1.5037235689127049,1.5450631750199804,1.8335871988781585,1.7772636777794986,1.8343863015201032,1.583895281342151
2016-05-13,1.4812664475090622,1.544539646315838,1.7189021464457115,1.5049257676999972,1.510257261045257,1.5052989147276987,1.5445396463158374,1.838020268267575,1.7796608000791423,1.8392758139843552,1.5824650475355966
2016-05-16,1.494384884012119,1.5563117617757505,1.7268501609260973,1.5173029960983737,1.5225093266012508,1.5176987737311978,1.5563117617757498,1.8496790174823468,1.7921321644024666,1.8512563547162126,1.5926686907069387
2016-05-17,1.5195595701974722,1.5774563119373353,1.7461107069448403,1.5366011571775147,1.542073221531893,1.5370822816845924,1.5774563119373346,1.866609623935796,1.8072755278182402,1.8681162248641,1.6105085352373638
2016-05-18,1.515152312064167,1.5754306819547539,1.752024592707681,1.5354839331142127,1.5407722247466498,1.535874709012135,1.5754306819547532,1.8726038098381343,1.81149434902063,1.8733202531073876,1.61057224537468
2016-05-19,1.5047895488774525,1.5666873854246899,1.7482663746194684,1.5269519225965231,1.5322481377243866,1.527249852393481,1.5666873854246892,1.8695652810493553,1.807300985299723,1.869698501476033,1.6038372828696867
2016-05-20,1.4910654597325355,1.5561456870159822,1.7391050618327901,1.5162921037259764,1.521699456053276,1.516627878736847,1.5561456870159815,1.8611906548257147,1.7998788391943628,1.8618136589363423,1.5966244522370199
2016-05-23,1.4826420681036452,1.548362657143752,1.7223389780218434,1.5089122963319612,1.5143116756472017,1.5092797403028335,1.5483626571437514,1.8521752074482225,1.7921025348757746,1.8530700932162136,1.5892548577295424
2016-05-24,1.4864746444028365,1.5520235588606606,1.7277961348693343,1.511944395601821,1.5174539261046158,1.5122313623185537,1.55202355886066,1.857063539686306,1.7952047584113617,1.856734834503496,1.5925967731161832
2016-05-25,1.4809814960515713,1.545353736045355,1.7147625304319787,1.504286055884056,1.5100133886144982,1.5045979144917996,1.5453537360453544,1.84145129068219,1.7816729596250032,1.841287455630109,1.5850813951487683
2016-05-26,1.4614085517380122,1.527129502399586,1.6995241050257603,1.4868638075506524,1.4924870831940051,1.4871181634593738,1.5271295023995852,1.825636968653761,1.7656887954018046,1.825236597912273,1.5685805356174174
2016-05-27,1.476456516113362,1.543934321365007,1.716476281948165,1.5037816716222836,1.5093564879277437,1.504037676455967,1.543934321365006,1.8486452649828515,1.7874990205181627,1.8483279720098444,1.5865128045094838
2016-05-30,1.4910536654286806,1.5580650654287427,1.7327308262941934,1.5149224603474247,1.5210522090304754,1.5151322783115528,1.5580650654287418,1.854197384323491,1.7961508307051763,1.8540493797510469,1.6000707729709658
2016-05-31,1.496746114854691,1.5603911129093129,1.7355087637555118,1.5159679569413556,1.5223303630812979,1.5162721971160644,1.560391112909312,1.8495386775699387,1.7911918715208857,1.849279778118136,1.5998133196395434
2016-06-01,1.4997161431178017,1.5623663607200515,1.7370412303047782,1.5183554630276952,1.5246257361900284,1.5186347161887053,1.5623663607200506,1.8518898826001187,1.7929765712526504,1.8512779090209406,1.6007917426853644
2016-06-02,1.507474455008481,1.5687210949627386,1.7425427346030975,1.5244131783608175,1.530730665319086,1.5247225688062178,1.5687210949627377,1.8563831406882756,1.7974470783420695,1.855770003971936,1.6059040847432517
2016-06-03,1.509175386817883,1.570695258921336,1.7394001992993777,1.527761984010044,1.5338236937853271,1.5280856704329184,1.5706952589213352,1.860532285983707,1.8013037566478423,1.8597092932898596,1.607444080504638
2016-06-06,1.514335559197654,1.5739997327849673,1.7399231705050822,1.532762327388964,1.5384227502230272,1.5329881288212452,1.5739997327849664,1.8706656889569127,1.8073782338658868,1.8680821131601035,1.6086051673962634
2016-06-07,1.525192501635036,1.5851964214079262,1.7520150789237767,1.5440103181127767,1.5496918677163334,1.5442356235157388,1.5851964214079253,1.8858967553359047,1.8217294703796822,1.882746731829808,1.6199283428814288
2016-06-08,1.5360049129505373,1.595711656415291,1.7602689280361377,1.554434670525879,1.5600777413627163,1.554686746294635,1.59571165641529,1.8958830248002372,1.8321444987214104,1.893328162674845,1.629808472321905
2016-06-09,1.5412638098566713,1.5989908944132272,1.7664259773864392,1.556421716295436,1.562288178334542,1.5567337216419965,1.5989908944132263,1.8930311313068096,1.830488306601006,1.8909917731431485,1.631612957215971
2016-06-10,1.5368353452692325,1.5958203992154791,1.7688968559193248,1.5524558496094178,1.558445740887802,1.5526967880335762,1.5958203992154782,1.8886685611254896,1.8257829603919538,1.886077220399824,1.6291611246016502
2016-06-13,1.524796779261607,1.5845223357299425,1.7474199522157516,1.543822658322229,1.5493065764247507,1.5440560158011334,1.5845223357299416,1.8808924151968047,1.8184023760258616,1.8789322747252601,1.6184345797420507
2016-06-14,1.5343251993259104,1.5930252409514734,1.756956857666803,1.554865530415543,1.5597444985659366,1.5550089131366382,1.5930252409514725,1.8935768465413558,1.8290591599474626,1.890696190412021,1.625624603691462
2016-06-15,1.5321842251968045,1.5893267139300706,1.7570503958098151,1.5508981631925118,1.5558254323226857,1.5510324215918188,1.5893267139300697,1.8868195676528525,1.8223632099460336,1.8838579634392765,1.6209172946835047
2016-06-16,1.5271836753462311,1.5854883096188437,1.7485898075820445,1.5481255328918166,1.5528167657857492,1.5482461303936688,1.5854883096188428,1.8846448594579335,1.8202998714464118,1.8816799848285024,1.6177256777202933
2016-06-17,1.5104664143012372,1.5724312167031353,1.7196008188444727,1.536976662415742,1.541331427572856,1.5370077168114809,1.5724312167031345,1.8826802652180372,1.8160303727433356,1.8793469709260944,1.6074682407903655
2016-06-20,1.5338710356503884,1.5997317966454458,1.748581533618165,1.5644190643982925,1.5686547546919871,1.564338754474067,1.599731796645445,1.917959199201213,1.848227540307812,1.9134390969420474,1.6371597170040255
2016-06-21,1.5379895449277363,1.603182272314567,1.7550934742758126,1.567226585759947,1.571595547130117,1.5672515086187009,1.6031822723145661,1.914899826698667,1.8481597581478373,1.9114032598915476,1.6399545980102237
2016-06-22,1.5322255106522762,1.5972000339232777,1.7495130260796874,1.5621083594734164,1.5663151879832262,1.562132213734191,1.5972000339232768,1.9087053699179028,1.8419681130092442,1.905462660438309,1.6337011674279942
2016-06-23,1.5479377750167203,1.6094822552788786,1.7658015763963346,1.5760088107709955,1.5797141617187316,1.5759042213610939,1.6094822552788777,1.9203649717757043,1.851678740988735,1.916186589059818,1.642652859772773
2016-06-24,1.523027435979318,1.5825958747265088,1.727146226932656,1.554323783636901,1.5568598525022204,1.5541028338346248,1.5825958747265079,1.9003692145315343,1.8292686635449493,1.8955355285696291,1.614515918149072
2016-06-27,1.5274858513326952,1.5865105777071522,1.7349406773151483,1.5581277513205158,1.5606921182366307,1.557882954306837,1.5865105777071513,1.9046423563032941,1.8327156781019864,1.8991208440449163,1.61806889079812
2016-06-28,1.5252819251452974,1.5860023901995401,1.7304503024240931,1.557216675715379,1.559944437764172,1.5570187658425274,1.5860023901995393,1.9047234026289495,1.834538287383145,1.9000376289842442,1.6190938436901607
2016-06-29,1.5448220487098625,1.605614676337837,1.7555481180801351,1.575743268984092,1.5785924626895094,1.5755249611333448,1.605614676337836,1.9235645935181591,1.8527695744641903,1.9186620267530998,1.6384899470496312
2016-06-30,1.5423767896128369,1.601971407674481,1.7519578248624712,1.5705218741884328,1.573762122050673,1.570382124742487,1.6019714076744802,1.9094571656250587,1.842415443102189,1.905295501511351,1.6339380230876068
2016-07-01,1.555294069039612,1.612358754524269,1.7701722560531523,1.579384710312225,1.582928665602228,1.5792593020179644,1.6123587545242681,1.9138131200947985,1.847820260554983,1.9097116452348857,1.6425310892264753
2016-07-04,1.5700317736400877,1.6290995382477111,1.787853268603919,1.5926305075292897,1.596948329999798,1.592592363518154,1.6290995382477103,1.9244137068972478,1.8617936513570272,1.9212343848165054,1.6608928277856048
2016-07-05,1.5837968362152428,1.641232538334478,1.8103923906706483,1.6029775679420082,1.6075880565597773,1.6029448291627741,1.641232538334477,1.9347573570463115,1.8714287445672695,1.9311806020722375,1.6717093306989714
2016-07-06,1.5804786328547589,1.638905755908174,1.8087057460338463,1.6015029692945846,1.6059560902650798,1.6014201551205602,1.638905755908173,1.9355084242162435,1.8707921096363986,1.9312268487293063,1.6699095829740682
2016-07-07,1.6066782171942733,1.6659806158519688,1.8409243807906206,1.628915456432504,1.6331955825904818,1.628729384463368,1.6659806158519679,1.964144739779972,1.8986401417907133,1.9595006103556054,1.696894930777875
2016-07-08,1.5996978760836875,1.660647503881408,1.834147285854051,1.624148744224049,1.62837167811675,1.6239868464864098,1.660647503881407,1.9626320957649916,1.8975508353675252,1.9582024715431972,1.6932211292998771
2016-07-11,1.5891026628083111,1.650110485588422,1.824587930845981,1.6157441546179923,1.619378324830751,1.6154644428654155,1.6501104855884212,1.9531839279847096,1.8885908762221286,1.9484311918866215,1.6829631549245612
2016-07-12,1.6030896588951542,1.660576421346362,1.8354241881240443,1.6231370749028033,1.6273275905256983,1.6229733098542938,1.6605764213463612,1.9493983465641542,1.885883398832303,1.9447178341324307,1.6893466631030916
2016-07-13,1.6477401430952388,1.7025553735703214,1.8853330287479961,1.660714858250992,1.6656415306572714,1.6606839052117146,1.7025553735703205,1.9787121286773786,1.9144390939536198,1.9740897003680944,1.7275316303265313
2016-07-14,1.6373697929342985,1.6948126162870367,1.8761520507594842,1.6568183302317054,1.660919341234886,1.6566590012117919,1.6948126162870358,1.9881379229282168,1.9217997681975247,1.9832434932865388,1.7233181190075557
2016-07-15,1.6365346680736093,1.6934990943929085,1.8721448590559486,1.6562642547170139,1.6602167324058605,1.6560265055679182,1.6934990943929076,1.9861136136895738,1.9204455092577264,1.9810264020942026,1.7215495244282777
2016-07-18,1.6536073971775167,1.7089040082603857,1.8906989260934797,1.670844511512723,1.6748370933573908,1.670576835910909,1.7089040082603848,1.9959617435668422,1.9304091053796408,1.9904629394864146,1.7348231948832507
2016-07-19,1.6344419611571626,1.689594135289653,1.8674961921332567,1.6505022289369398,1.6548213284207396,1.6503021501297161,1.6895941352896522,1.9678161209270761,1.9067536758008314,1.9627336611835362,1.7152073523026274
2016-07-20,1.6053726178270802,1.6667195058577375,1.8394764480749322,1.627445600845685,1.632020719916192,1.6273865041580842,1.6667195058577369,1.9511494381143082,1.8941147639195623,1.9472137185912266,1.6983437170454392
2016-07-21,1.601311690669587,1.6635925965954759,1.838320962966512,1.6243235966114622,1.6288719018318043,1.62418896245375,1.6635925965954752,1.9483198812310984,1.8902520213808227,1.9440168477850148,1.6961671028424061
2016-07-22,1.5858836693969895,1.6473434003576715,1.8217555249779087,1.6119198415084528,1.6155780252458887,1.6116009134607094,1.6473434003576708,1.9401440274433488,1.8810419875396809,1.9356681393673407,1.6804573012683932
2016-07-25,1.5811329302454789,1.6417414028652026,1.815481103382476,1.6056124906274816,1.609485247175748,1.6053578303468383,1.641741402865202,1.9293525529303062,1.8698256592628115,1.9249189518924188,1.673515932810041
2016-07-26,1.5800215447463457,1.6424366403965365,1.81597870882239,1.6048832457927786,1.6090465231074897,1.6046539169632226,1.6424366403965358,1.9257157095149449,1.868641524380887,1.921219605127302,1.675485747553215
2016-07-27,1.5962813640406024,1.657750779947589,1.8356122715692902,1.6163461123099012,1.6212968857411474,1.6162180767741288,1.6577507799475883,1.93035264513122,1.874354456264579,1.9260096165032807,1.6894097725396575
2016-07-28,1.6002088348233574,1.6611663016329963,1.8378414374693302,1.6193317724325371,1.624346766176543,1.619243418496126,1.6611663016329956,1.9300560853409232,1.8753697239027702,1.9258280415410067,1.6918731104973437
2016-07-29,1.5911298477735332,1.6507309706413253,1.8276839437604206,1.6091988273461975,1.6142572364996766,1.609232641061481,1.6507309706413247,1.915874031244616,1.8621688133560506,1.9121755438969397,1.680636905825923
2016-08-01,1.5812835807718673,1.6402594676893358,1.818179228355721,1.5983231837532612,1.6034972406609702,1.5982631328688657,1.6402594676893352,1.9033762552623068,1.8489068409056324,1.899406775951645,1.670027299195129
2016-08-02,1.5468379336695957,1.6050937244389993,1.7800929948996542,1.56280267065345,1.5682171190585574,1.5627995267020214,1.6050937244389987,1.8620162766974149,1.8100026517143573,1.8585977036635755,1.6357328015098294
2016-08-03,1.538512329787817,1.598720702388166,1.7743181232974534,1.5573949950431898,1.5626335134159168,1.557335299472445,1.5987207023881653,1.8587563859769058,1.8078163139631822,1.8552752387331894,1.6311595051542636
2016-08-04,1.5373932390526586,1.5981502754102905,1.7754742874784768,1.556664226376586,1.5618782788060936,1.5567357033444502,1.5981502754102899,1.8592865110470114,1.8085714693197208,1.8564999357889862,1.6312126325816305
2016-08-05,1.5336521230887035,1.5936483869276399,1.7697040995064914,1.5548775707604894,1.5597025746524666,1.5548328872827666,1.5936483869276392,1.8642215939006617,1.8116339120158353,1.8609822653077268,1.627045256262672
2016-08-08,1.5296951251159627,1.588191938058576,1.76354799733233,1.548536469241565,1.5534499595524895,1.5484858045433345,1.5881919380585754,1.8542071762636307,1.8015377964593438,1.8510922828465826,1.6207849388048372
2016-08-09,1.537616301076539,1.5963833678894739,1.7717104101641385,1.5576195289630035,1.5624181738014409,1.5575669077962209,1.5963833678894732,1.868784285758876,1.8146428676077286,1.8658660825023574,1.6288078388656602
2016-08-10,1.5637583575566485,1.6200847487178975,1.79899336225274,1.5779521166247006,1.5831898067815007,1.5780016217695894,1.6200847487178969,1.8803372040562047,1.8259655381068942,1.877327446475317,1.649315919364428
2016-08-11,1.5928724412717095,1.6477276991479313,1.8294762093331003,1.6050285606687247,1.610294366334771,1.6050905719617792,1.6477276991479306,1.9077844349715196,1.8521081645277429,1.9049593219482237,1.674829568984418
2016-08-12,1.5823314268109994,1.6374150638066254,1.8179538909373294,1.5955853655084946,1.6007587001921941,1.595645869194875,1.6374150638066247,1.8989908104596163,1.8436516084657233,1.8961651327284172,1.66498427638849
2016-08-15,1.5852098481794692,1.6373400918852463,1.8180827366641892,1.595661989493207,1.6007622561536023,1.59570105301255,1.6373400918852457,1.8934860576305614,1.838020717787538,1.8905865761362606,1.6625636839340368
2016-08-16,1.585759401059168,1.6390812609401497,1.8189519363451752,1.597465489884159,1.60262265124785,1.5975875055034598,1.639081260940149,1.903276574042027,1.8475738181753796,1.900802744831028,1.6658126906902535
2016-08-17,1.5986242025905548,1.6500066573025216,1.8315904239989726,1.6097481030119798,1.6146854166754412,1.6098594510408542,1.650006657302521,1.9158720023443674,1.8593134401444504,1.9134945473913112,1.6753087073140729
2016-08-18,1.5936169439560148,1.6486600294972162,1.830257002062483,1.6108953101330734,1.6154601065802179,1.611004146196236,1.6486600294972156,1.9308005582160852,1.870908341736154,1.9282240792320258,1.6768831258038126
2016-08-19,1.6016391667000298,1.655635344807485,1.8367901934248076,1.6203117890463161,1.6245645571554557,1.6203825298882455,1.6556353448074843,1.9434089569332058,1.8830527731282674,1.940522854684187,1.6825595785742973
2016-08-22,1.5912522112204077,1.6434616464853304,1.8238780090687747,1.6065778002736277,1.6110439720983565,1.6066341289920845,1.6434616464853298,1.9215331306920145,1.8622393882793786,1.9187067254322765,1.6695037891553557
2016-08-23,1.5931682433436711,1.6452696380843286,1.826017254729573,1.6083662107450005,1.612793697691953,1.6084720453243513,1.645269638084328,1.9255669492321943,1.8648793565388078,1.922956156222177,1.6713092622955181
2016-08-24,1.5895965236716805,1.6432735509543979,1.8236630181897966,1.6058784940987207,1.610364928318199,1.6059564486315117,1.6432735509543972,1.9259746390710293,1.8645314636162222,1.9236000547709693,1.6700583719052882
2016-08-25,1.5880259198747937,1.6455353893066038,1.8266763930973346,1.6076540358939386,1.6122640699787678,1.6077897622707413,1.6455353893066031,1.9363209332217788,1.8738148216746444,1.9342377426576587,1.6757028759563426
2016-08-26,1.610275700908193,1.666498729773434,1.8487103030676435,1.6271509964788755,1.6319909832111144,1.6272941634057048,1.6664987297734333,1.955389941260157,1.8928932847897053,1.9532241492391553,1.694661078556279
2016-08-29,1.6088158909749506,1.6688026349858402,1.8507173170871525,1.6319836862702501,1.636427723735189,1.6320714988452512,1.6688026349858396,1.974048970356414,1.9081485546156294,1.9715115473619373,1.699233846080052
2016-08-30,1.6208412013658169,1.6794858745728527,1.8625187512413428,1.6446202393544913,1.6487816049172217,1.6447100739225975,1.6794858745728518,1.9894265236140893,1.9227066155295223,1.9867718586895702,1.7088692861566561
2016-08-31,1.622117440193164,1.683548145818471,1.8667958508833904,1.6491202423705325,1.6531995528123151,1.649246137376571,1.68354814581847,2.0074334015147897,1.9377100145319475,2.0050655806663267,1.7155811054545709
2016-09-01,1.6073854576914564,1.6698524301698812,1.8518314246627907,1.6347818744127833,1.6389523088070022,1.634911186626902,1.6698524301698803,1.9929901410455735,1.9235960163700447,1.9909606273883755,1.7035372483555624
2016-09-05,1.5932780823138817,1.655763552765717,1.8331138397777182,1.6219651146866938,1.6259346208173462,1.6220306967390132,1.6557635527657164,1.9806501321911167,1.9116112421908082,1.9789040691562612,1.690172995265457
2016-09-06,1.5963373757174888,1.6567666974858843,1.8357548606992147,1.6240344054163263,1.6278504634334778,1.624033228667547,1.6567666974858837,1.9781682010492754,1.9091474138608335,1.9758375478522634,1.6896196436349744
2016-09-07,1.5942345930941904,1.655051461535727,1.8312823539057554,1.6200512579388993,1.624176251902471,1.620071357834048,1.6550514615357264,1.9657560767421316,1.8986904310846062,1.9635426374048397,1.6878912284028798
2016-09-08,1.6069093167550832,1.6686192921540774,1.8501899230033632,1.632935652584164,1.6371753629537829,1.633041872565367,1.6686192921540768,1.9829394367684032,1.9156948120058985,1.981563905353619,1.7016438036388144
2016-09-09,1.6086958015859654,1.6683123802585689,1.8442112109843773,1.6307934326549467,1.6352509446143848,1.6308469366046145,1.6683123802585682,1.972968795110849,1.9065116541336646,1.9708838621155609,1.699335992297693
2016-09-12,1.591972314830789,1.6537930606483673,1.8197165146117669,1.61638949765276,1.6207848400618332,1.6162946272280558,1.6537930606483666,1.958344729898864,1.8919192324116039,1.9556523747147676,1.6866067679052268
2016-09-13,1.593891417796793,1.655352193225464,1.828786650055403,1.6190224189157694,1.6233102981164709,1.6190496292290946,1.6553521932254633,1.9642175843222245,1.896734021690374,1.962108844770612,1.6874577623328957
2016-09-14,1.5818108970415226,1.6435193411687858,1.8124808283530665,1.6077252530819648,1.6120102768377589,1.6077243868960833,1.6435193411687852,1.9557195540312349,1.8870091158103044,1.953218300144157,1.675869592110842
2016-09-15,1.575483305194296,1.637705965595452,1.8018674809686621,1.5999200448302928,1.6045062621035273,1.5998669760280133,1.6377059655954513,1.9425458975350154,1.8745889354411864,1.9399643098141819,1.6702748020129372
2016-09-16,1.5587411932964748,1.6191709332397228,1.7682990279479787,1.580846423087115,1.5854640073877269,1.5806214505301681,1.6191709332397222,1.9153346596981466,1.8492225481403353,1.9124763335498107,1.6520506682851368
2016-09-19,1.5831138261978457,1.6392317040200985,1.7954459708630233,1.6001809559119904,1.6048420177338678,1.6000796549849359,1.6392317040200979,1.9267181072931943,1.8601012666061616,1.9229217253283617,1.6662388705948363
2016-09-20,1.5952182051428487,1.6485044077640494,1.8044363612636238,1.6101767470850867,1.6146841774753948,1.6100771059866883,1.6485044077640487,1.9351032842937987,1.8685983776652324,1.9310731275490034,1.6733095451115445
2016-09-21,1.6062221325461112,1.6583275167953193,1.8155051314850386,1.619786610053642,1.6243324068980525,1.6197546551200523,1.6583275167953186,1.944465910037433,1.8780813650806965,1.940371943931485,1.6827124661647281
2016-09-22,1.6153915078861056,1.6653461833416408,1.8190804607754767,1.626188738945538,1.630813252046825,1.626186523269523,1.66534618334164,1.9488235633960556,1.881054089392375,1.9443997756694076,1.6876243119652043
2016-09-23,1.617398692306689,1.6687352952413088,1.8248317053756469,1.6304241585174712,1.6349568949207889,1.6304352939279934,1.6687352952413081,1.9605732010856405,1.8914300718487502,1.956641176827926,1.6922157036137653
2016-09-26,1.6188473803927397,1.6690991210451676,1.8225768327311944,1.6297843017758071,1.634460460981012,1.6298567460776268,1.669099121045167,1.9579592319742898,1.8877629440857544,1.9536521617345464,1.6908256126649188
2016-09-27,1.6373548109007574,1.686222059606756,1.8391727925425485,1.6425783122395583,1.6478071014238016,1.6428552754267878,1.6862220596067554,1.9621036891536545,1.895265653591414,1.9583552326465694,1.706720555801431
2016-09-28,1.6461129564902115,1.700273688960653,1.8426669052982299,1.653830199877793,1.6594975785563164,1.654210978973903,1.7002736889606522,1.9818565661513647,1.9162595019785982,1.9781142659433426,1.7270871282427027
2016-09-29,1.6466522909300545,1.7003871835808555,1.8467830063926893,1.6566733521087582,1.6620004863388393,1.6569620007052752,1.7003871835808548,1.987601564539399,1.9212469792045979,1.983492128702738,1.7271587653846865
2016-09-30,1.6430995313651817,1.6977237051233898,1.844278457148533,1.6554767740768501,1.6605364166039434,1.6556519450479388,1.697723705123389,1.9865548684772032,1.9204148042041396,1.9823250907192704,1.7255146596874815
2016-10-03,1.6342644387309624,1.691125817558543,1.8330739317060005,1.6492815301461692,1.6542627235895886,1.6495007530551138,1.6911258175585424,1.9872648512127582,1.9210275838700859,1.983334467273389,1.721191038027567
2016-10-04,1.6407863273261265,1.6989240436466482,1.8479210354878848,1.6559897208866496,1.6611250648267497,1.6561662367829766,1.6989240436466475,2.0002317882038727,1.9335346955279662,1.9962798581126093,1.7305519349142435
2016-10-05,1.6510762483383434,1.709789054372868,1.8600439744872008,1.665523652701059,1.670918276139974,1.6656785707439892,1.7097890543728673,2.011698912373854,1.9457067115210447,2.00745419390488,1.7420200059093358
2016-10-06,1.6553375761893432,1.7147892944153738,1.8645339157164433,1.6699753340111452,1.6755365354746212,1.670138558693646,1.714789294415373,2.010306732160259,1.9467658895355078,2.0055029300258305,1.7465361700571163
2016-10-07,1.6360880899700272,1.6957173312107914,1.8487466138299513,1.6525846303772693,1.6577914668844815,1.6526713558126733,1.6957173312107907,1.9899623347508308,1.9264765114530498,1.9850120776816444,1.7267746349743058
2016-10-10,1.6117838089421868,1.6720919174202118,1.8260596234177817,1.6294416397372706,1.634553416061498,1.6294630516391382,1.6720919174202111,1.9643091139036228,1.9018551561443735,1.9589743882193986,1.7037865783799768
2016-10-11,1.6270370172049906,1.6850578436380652,1.8400859114009693,1.6422414098208538,1.6474128593532689,1.642401517721769,1.6850578436380645,1.9764237231488897,1.9127604250238495,1.9719279058645907,1.715208005800151
2016-10-12,1.6249281035095475,1.6831338668003997,1.8389663092372663,1.6408157506934942,1.6458638325743622,1.6409665102134816,1.683133866800399,1.9747199801044808,1.9115568384774626,1.969942141607476,1.7135109274135614
2016-10-13,1.639037394969208,1.694348521663451,1.8499188096171062,1.6522412384790093,1.6572694748380172,1.6524926900304258,1.6943485216634504,1.982297032252001,1.9191425457621625,1.9775391734600465,1.7226962363090241
2016-10-14,1.6411244082121834,1.6967607653755985,1.8513895228814325,1.6551548053893774,1.660053281011264,1.6554365607927777,1.6967607653755978,1.9839357311800603,1.9217667825540816,1.9791162787522043,1.7249339466163665
2016-10-17,1.623620736598033,1.6841125243196946,1.8255941063130376,1.642219941593564,1.647199474243768,1.642364891892311,1.684112524319694,1.972144409374886,1.9117540536892206,1.9670756298905612,1.7154065825096787
2016-10-18,1.630872201263412,1.6896373542900145,1.8353434145598964,1.6482198146499456,1.6530953124295376,1.6484063395784376,1.6896373542900138,1.9772469633941168,1.9154703943460694,1.9721644531296372,1.7198607460120219
2016-10-19,1.6608565962922233,1.7184471034506283,1.8657767141633816,1.6743391990598446,1.6797546243410069,1.6746106291879188,1.7184471034506277,1.9975058639641234,1.938922689340536,1.992029642126566,1.7474399169050252
2016-10-20,1.6540322498765776,1.7118448128982857,1.8548855828177926,1.6676000698469118,1.6730872087596007,1.667917088525796,1.711844812898285,1.9874159670693696,1.9301885541036825,1.9821331814725451,1.7408653442508462
2016-10-21,1.6505962574794963,1.7080170678124817,1.8526064146136876,1.663434219286628,1.6690075658821761,1.6637738965245858,1.708017067812481,1.9821313957777726,1.925139840541784,1.9769376627844395,1.7368644746838213
2016-10-24,1.6353391903568328,1.6954944501634077,1.8401375200411838,1.6498102083456998,1.6556475908905783,1.6500990389700279,1.695494450163407,1.9637596981227878,1.9090356500055778,1.958560803528212,1.7257455997059004
2016-10-25,1.627933609095396,1.6894138080133767,1.8353716832076594,1.6446570956061324,1.6502962000061248,1.6449385399376104,1.689413808013376,1.9653019463621526,1.9093647658659942,1.9603042841225624,1.7211188047912753
2016-10-26,1.6131713006291646,1.674928764880509,1.8197983696007476,1.631989863487502,1.6372501588465844,1.6322308613042134,1.6749287648805082,1.9551561021531545,1.8975582183224062,1.9502618006133186,1.7070769901966403
2016-10-27,1.6137710184528502,1.6736173546554525,1.818068232461058,1.6328111916707073,1.637659451101835,1.6330598680198316,1.6736173546554518,1.9609840378178678,1.9005332947128686,1.9562443854000435,1.704725729218175
2016-10-28,1.6293605200893098,1.6890567371594076,1.8312623664901602,1.6462794900586135,1.6515286926204695,1.6466474518468686,1.689056737159407,1.9695774079812134,1.9114144899394712,1.9651056455695814,1.7201001624677665
2016-10-31,1.6100971438081755,1.6741827187751441,1.8146491972576915,1.6334961870260436,1.6381364225965331,1.6336632234974673,1.6741827187751435,1.958877809363651,1.900531046111243,1.9542087802369952,1.706619131755452
2016-11-01,1.6108769556528757,1.6742524396949379,1.813972152306089,1.633385583224965,1.6380594571814142,1.63364628101141,1.6742524396949372,1.9529092709326026,1.8957478733451905,1.9486321122368522,1.7060931098488819
2016-11-02,1.593141467369932,1.657889076275619,1.7948122977347005,1.6182925644280823,1.622630239385734,1.6185431437620565,1.6578890762756184,1.935675002232538,1.8807788638510805,1.932592461909699,1.690677086525072
2016-11-03,1.5859961560604352,1.6478238494001138,1.7829765363673316,1.6089475034917495,1.6131614781621118,1.6092459290641088,1.6478238494001132,1.9222108276549776,1.8684429319537872,1.9192785841214408,1.679197161500908
2016-11-04,1.58802414547506,1.646042532383417,1.7822119734827029,1.6056915428927572,1.6103887402606585,1.606057791951924,1.6460425323834162,1.9186778941820697,1.8638301983869807,1.9149936257222069,1.6763281012316964
2016-11-07,1.6056275957151973,1.6613512883861452,1.799198061294116,1.6189687601529834,1.624243896171342,1.6194292174573461,1.6613512883861445,1.9328400118652778,1.8774083134259578,1.9291362907735343,1.6909305782320094
2016-11-08,1.612561522692152,1.665650220570791,1.8043842146906184,1.6230927117670122,1.6284606642616035,1.6236052667606395,1.6656502205707904,1.932611160292009,1.8769409272208206,1.9286338164046262,1.692998156021108
2016-11-09,1.5955472019637045,1.647416033769231,1.783833148749022,1.6051241701205448,1.6104940379923292,1.6056894968816466,1.6474160337692303,1.9087763495276904,1.8557824351775098,1.9058258407240332,1.6744335525916165
2016-11-10,1.613526640718643,1.6637229173022519,1.801286874079422,1.6202846618728513,1.6259663094806143,1.6208940333195385,1.6637229173022512,1.9300051899188406,1.8754249520745254,1.926517077918461,1.6910301679341875
2016-11-11,1.6075914054264964,1.6578540382359417,1.7949856719092268,1.615879021122662,1.6211424593937387,1.6164772427552414,1.657854038235941,1.9272668430037814,1.8710133311674761,1.9229879663897673,1.6851537947939301
2016-11-14,1.5858359035190155,1.638602579997038,1.774028181960902,1.5966865086941568,1.601997594689533,1.5972841592646945,1.6386025799970374,1.901114465010782,1.8483645646029994,1.8982020982114411,1.666807287788986
2016-11-15,1.5895597728716118,1.6420583290139714,1.7788204980530906,1.5994267922362162,1.6049014161631805,1.5999615084717234,1.6420583290139708,1.9095055874951128,1.8548061197311958,1.9055561558183949,1.6711541552854166
2016-11-16,1.5878154682646453,1.638448226917186,1.7749398470597288,1.5949855718019847,1.6007697135520438,1.595595230392921,1.6384482269171854,1.9029054705193083,1.8489566547255185,1.8994122734607413,1.666888762322429
2016-11-17,1.5820158215193159,1.6310350951103332,1.7661025639930243,1.5890017160192706,1.5944156586792049,1.5896292289111484,1.6310350951103325,1.8948444216044913,1.8408482428183919,1.891467109852095,1.6584495779009758
2016-11-18,1.5791667988518427,1.6275015148053635,1.7630940453956112,1.5852385459854037,1.5907239317326547,1.5858527848609896,1.6275015148053629,1.8900514049492894,1.8360992984228488,1.886164699141765,1.6547962073923836
2016-11-21,1.5874721138273313,1.6344693150078682,1.7706319324917417,1.5904792717502196,1.5964731714226206,1.591105414742257,1.6344693150078675,1.902243561493126,1.8476441090437876,1.8981468756012367,1.6627793576358396
2016-11-22,1.6057477525509816,1.6502095026470227,1.7854276885266775,1.603713157583306,1.6104382419658911,1.6045319779707234,1.650209502647022,1.9112424740097238,1.8609550161151764,1.9088448217051273,1.6784215592185483
2016-11-23,1.6149398006932374,1.6584035315573344,1.7970962185640913,1.613493405241336,1.6196080502017456,1.6141265889317613,1.6584035315573338,1.9286081983232692,1.8729703323967732,1.9237050948741985,1.6860636028002587
2016-11-24,1.608434192359839,1.6524607955114554,1.7920253355783264,1.609296182917774,1.6148698095960763,1.6097621552179395,1.6524607955114547,1.9267649014854615,1.8673940763019055,1.9195068155503356,1.6796992236547097
2016-11-25,1.599622616018412,1.6423847239954112,1.7808343914577744,1.5992372802016224,1.6048421896922205,1.5997349907537588,1.6423847239954106,1.9135457311049895,1.8543624915634314,1.9060795397570194,1.6691413231996077
2016-11-28,1.5681109377632636,1.6135733532300771,1.7460094156657116,1.5709361719740733,1.5764075213161262,1.5713139657944772,1.6135733532300764,1.8761257135898937,1.8213224304624602,1.8697867451887638,1.6419571609416672
2016-11-29,1.5533115889465607,1.6027143093486103,1.7342564768619553,1.5631679426218823,1.5680561713626389,1.5633264555849025,1.6027143093486096,1.8793371872141735,1.8216180291987127,1.8721538007464185,1.633413129107591
2016-11-30,1.5684332629621984,1.6164018723424725,1.7548881500836808,1.5767914692278968,1.5817002938596383,1.577021145249773,1.6164018723424718,1.902761425716188,1.8398066139034228,1.8945059835593603,1.6467303302129173
2016-12-01,1.5763527462313547,1.6222677082534471,1.7590743050389355,1.579970635942277,1.5854435381951726,1.5803147780553484,1.6222677082534465,1.8970341396766803,1.8375954107322623,1.8896251517531588,1.6514137431848128
2016-12-02,1.5715441350496044,1.6176180786755763,1.7513653818614883,1.5762047037508986,1.5814740624755046,1.5764253163274438,1.6176180786755756,1.889064701891453,1.8305827795695508,1.8817191560898914,1.646312481273267
2016-12-05,1.5517434033624775,1.5994460779706698,1.7339489250528903,1.5592014903716187,1.5642609804826606,1.559444383666633,1.5994460779706692,1.8753245870357522,1.8139909131478849,1.8676493189344456,1.628909044816778
2016-12-06,1.5319915051961472,1.581764908817363,1.7058764395394757,1.5450553108326182,1.5493670840534366,1.5452867658501397,1.5817649088173624,1.8565906602262918,1.7956546742195019,1.8492948314284077,1.6109123180192546
2016-12-07,1.5271051099868111,1.5739616867881623,1.6989078274438885,1.537136315570798,1.541477686487033,1.5374261293290346,1.5739616867881616,1.8462329316078345,1.784984807512646,1.8388875132217453,1.6017238595104977
2016-12-08,1.5405609486158622,1.584517922871814,1.7103181143089508,1.5472672959321,1.5517280981329291,1.5475079479939684,1.5845179228718134,1.854219391079357,1.7942065994560576,1.8469136600814946,1.6104491508151442
2016-12-09,1.541788935882527,1.5895636802051283,1.7145660121638038,1.5526076386250243,1.5569599820384064,1.5528023089103091,1.5895636802051276,1.8601421638089048,1.8012904753104932,1.8533653892655293,1.6171884666194742
2016-12-12,1.5214239153974773,1.5701629415366514,1.6944975279662593,1.534871097074651,1.5388684278591267,1.5350398186672816,1.5701629415366507,1.8369841508946056,1.7787845248396892,1.830474630917357,1.5975391724592853
2016-12-13,1.5047756127019931,1.5549282665802722,1.6766627665787093,1.5210335254943426,1.524685672560268,1.5210770114750833,1.5549282665802715,1.8181029526649795,1.7621830520788275,1.8118152985002691,1.5827286659214241
2016-12-14,1.5272177727716891,1.573006433475663,1.6972164841406214,1.5374806855517762,1.5414888857582956,1.5376173501027446,1.5730064334756624,1.8263718856926316,1.7720237327398518,1.8203323510613751,1.5978700028191692
2016-12-15,1.5231250697853334,1.5688326910231725,1.6930880283408227,1.5322093316839693,1.53644861628818,1.5323573071887133,1.5688326910231718,1.818216205482475,1.7661224381960166,1.8125608216839795,1.5940625950752265
2016-12-16,1.5398523410141522,1.58419568389731,1.7129134683155152,1.547386597777884,1.5516726714832696,1.5476144460718306,1.5841956838973092,1.8427537308903754,1.788996506402236,1.8368967059142889,1.6092658757489187
2016-12-19,1.5503264423661247,1.5960549123602712,1.7239511828339993,1.5565158427810701,1.5613006848310294,1.556717632407601,1.5960549123602705,1.8542599410067335,1.801296008022857,1.848272013985751,1.6226963650203858
2016-12-20,1.5387248162877223,1.584774791683194,1.7077219949567837,1.5461200066969447,1.5507397947310089,1.5462484092929527,1.5847747916831934,1.8316382078423104,1.7838544830630982,1.826692876584752,1.6111700266631492
2016-12-21,1.5512064500192098,1.5955754735677612,1.7210986141262778,1.5551509026707133,1.560209168697229,1.5553511127538904,1.5955754735677605,1.8378495640391619,1.7911133144528264,1.833195587788477,1.6211685991745601
2016-12-22,1.5465402943027282,1.591014015748764,1.7168494398725531,1.5520800978284948,1.5567697535858083,1.5523887827545366,1.5910140157487633,1.8334859573310984,1.7870221485726447,1.8293698265747977,1.615946495915625
2016-12-23,1.5462729891340414,1.590292139917974,1.7189264647399807,1.5511630148634459,1.555872280071808,1.551429978926398,1.5902921399179732,1.83528715515819,1.7872471017401965,1.8307200096906906,1.6149974594015035
2016-12-26,1.551919171217108,1.5947469973180144,1.7259120900449065,1.554585085945055,1.5594730481197376,1.5549312533920783,1.5947469973180137,1.8360942904003577,1.7893811670048392,1.8323015519604984,1.6185211672421145
2016-12-27,1.5526192630375475,1.5971188794351456,1.726704165103992,1.5578558153019524,1.5626203341279548,1.5581575008776358,1.597118879435145,1.8454862836533432,1.7968267528003319,1.8411946478733234,1.6222444280459958
2016-12-28,1.5590740647200878,1.6017940217888702,1.7265465887422202,1.5623264292341117,1.5671461256780201,1.5626509888363616,1.6017940217888695,1.8439731860701958,1.7961564033356445,1.8402863864121712,1.625739706469953
2016-12-29,1.5642993415325406,1.6058900169379422,1.7294955868455133,1.5677544266443173,1.5724373813376127,1.568048805612603,1.6058900169379415,1.8471995328729112,1.799023156218183,1.8436774976286514,1.6288373439215078
2016-12-30,1.567758865723823,1.61621411584283,1.7371107044197196,1.5825796471942233,1.5865364567373206,1.5824605576032702,1.6162141158428294,1.862312762281347,1.8139915338163564,1.8588355741986213,1.6436830684644408
2017-01-03,1.5958449682727098,1.6443506305331372,1.7781661879676636,1.6025061586097642,1.6075546083555943,1.6026846270409656,1.6443506305331363,1.894999111916558,1.8476449460388218,1.8909017644928832,1.6725496435558929
2017-01-04,1.5996864774768993,1.6477489523169886,1.7797740724551951,1.604066960094331,1.6093741656478218,1.6043291715195291,1.6477489523169877,1.9033400217636234,1.8550323782840272,1.898604262865409,1.6757802681157783
2017-01-05,1.6040822651898845,1.6505709710333782,1.7836839417696093,1.6055827475043283,1.611085640342967,1.6059268704440137,1.6505709710333774,1.904962072266041,1.8558304342683998,1.900008986107673,1.677396895018409
2017-01-06,1.6223705053245252,1.670069512700271,1.8076927941689025,1.6253886354370488,1.6308540776007034,1.6256549789885528,1.67006951270027,1.927881408937476,1.8786956102314762,1.923127989591903,1.6977999936841788
2017-01-09,1.633666565294703,1.6826605024885148,1.826231907248455,1.6350196230199157,1.640877636339836,1.6353602815677661,1.682660502488514,1.9429680102462599,1.8939544310770497,1.9379864515222434,1.7113359819563614
2017-01-10,1.6363568660634933,1.6837134682952277,1.8243128963443571,1.6359960338403723,1.6418716664274227,1.6363482276331542,1.6837134682952268,1.9392594467858995,1.8913741106985815,1.9348283936086543,1.7113841152071563
2017-01-11,1.6493317296098362,1.6981896182330583,1.8375672856937302,1.649352345225574,1.6553800775607694,1.6496710405919335,1.6981896182330574,1.96248278782754,1.9120581425431196,1.9565219268905254,1.7265561689386493
2017-01-12,1.6490258194938456,1.6980937292545075,1.8324175294208271,1.6504206722518797,1.6562867205868783,1.650700949718811,1.6980937292545066,1.9613335274022126,1.9106964694965913,1.9556220162928584,1.7262713806190508
2017-01-13,1.6392217189833052,1.6862397260822395,1.8186287093991587,1.6399052359931472,1.645650369499153,1.6402030281978652,1.6862397260822386,1.9486417360058692,1.897676294022732,1.9431090549906138,1.712986777929309
2017-01-16,1.623317398154025,1.6711439383773592,1.8049851591374158,1.625654200221545,1.631298256536183,1.6259196871515103,1.6711439383773583,1.9343600730217558,1.8834053796817847,1.9288887677531534,1.6982614142039762
2017-01-17,1.6549740254175838,1.7088868093146412,1.8500953165074587,1.6623359370880126,1.6680329313468187,1.66239292626782,1.70888680931464,1.981963093038877,1.9300675271714627,1.9751313188146546,1.740273838231258
2017-01-18,1.6427330036716712,1.6940751891012442,1.8324618489852653,1.6487438688835134,1.6543281620595094,1.648799871914176,1.694075189101243,1.95934226690012,1.9085638084115792,1.9529034304732495,1.7231381811956947
2017-01-19,1.6391461113773658,1.690412078595955,1.8265280638775734,1.6443841783302076,1.6500704829824782,1.6444345252956691,1.690412078595954,1.9590548255078983,1.9064317268993585,1.9515993837606047,1.7194336339012821
2017-01-20,1.6490487374405258,1.698960789821943,1.8339963251696272,1.6518963813313592,1.6577309956963253,1.6519924435958164,1.6989607898219419,1.9684217893472944,1.9150399232980435,1.9605569249898809,1.7271883139322477
2017-01-23,1.6523455283535489,1.701672572315398,1.83718745913786,1.6530046179926148,1.6590701919209616,1.6531411143926595,1.701672572315397,1.974060474009085,1.919467802020584,1.9652343211223067,1.7297850020853893
2017-01-24,1.6667672843224832,1.713661991109319,1.8454540658486756,1.6655853558894258,1.6714603764943825,1.665665171038092,1.7136619911093178,1.983107094511403,1.9290708777951733,1.9744920581207555,1.7396392934045477
2017-01-25,1.6805962861216825,1.727303326655747,1.860948576054561,1.6791273030416163,1.6849985564379928,1.6792478293364144,1.7273033266557458,1.9975617489860478,1.943673331451379,1.9890087283883662,1.753465346384241
2017-02-02,1.7000475082317312,1.7483992828795114,1.8814285854453296,1.7010939185480791,1.70679777611104,1.7012087910235196,1.7483992828795103,2.0304133431787577,1.9733305994374304,2.0219619930793886,1.7745145119751664
2017-02-03,1.7014049459372054,1.7465780840537108,1.8773590583560864,1.698549952030337,1.7044425594030865,1.698712029587327,1.7465780840537097,2.019796356001201,1.9627596280312307,2.01137882112524,1.7697014957533832
2017-02-06,1.7056851296081876,1.7508345470203748,1.881932855310134,1.70352795838783,1.7093426626534778,1.7037674580733395,1.7508345470203737,2.0240631408494534,1.9678226214066235,2.016316244218002,1.773587046912905
2017-02-07,1.7072151404992253,1.7548395404857358,1.8877177736790387,1.7061817651432254,1.7122204731054669,1.7064577803110677,1.7548395404857347,2.0302818405370857,1.9743119167669259,2.0226100257050876,1.779548461715719
2017-02-08,1.706616551190126,1.7549731593392177,1.8872870557318817,1.7060235497294007,1.7121036811039627,1.706305206586194,1.7549731593392166,2.030346528348046,1.9751779161137792,2.0227325798362585,1.7807768036945943
2017-02-09,1.7067495320677775,1.753889171562717,1.885399082316606,1.7050476214433632,1.7111297488293509,1.705290496798474,1.7538891715627158,2.0258385038551285,1.9718219754963489,2.0182303347736275,1.7791760442106457
2017-02-10,1.709373936154619,1.7550621582051558,1.8854670254428956,1.7061800936491016,1.712228113529162,1.7063604714109815,1.7550621582051547,2.0246631262803634,1.9701178522275018,2.0169759606619024,1.7785927777386665
2017-02-13,1.7149379175803894,1.7635955105410122,1.8945053866335309,1.7152292586001598,1.721187831247448,1.7154145653165869,1.763595510541011,2.0457323033112176,1.9883625109849605,2.03785296944808,1.7895040058193648
2017-02-14,1.7141344891799222,1.7645211045280063,1.9012451019402117,1.7147751572812124,1.7209375430855276,1.714902351580785,1.7645211045280051,2.0515219540553424,1.992591793215642,2.0427093314597444,1.7927658154970658
2017-02-15,1.7275682924847096,1.7809524667263963,1.9213851773878148,1.731287567108191,1.7374849684367917,1.7313936978999676,1.7809524667263952,2.075675031625516,2.017753686827707,2.0671185893584108,1.812129546255178
2017-02-16,1.723416953283044,1.7731908796543023,1.9098949121622029,1.7272958256375734,1.732849160829549,1.7273465348983612,1.7731908796543012,2.064631618951622,2.0081987840469693,2.0567038684835373,1.8017960068531726
2017-02-17,1.7219960421654208,1.7705791438735474,1.9066797427223041,1.7265740664681095,1.7317918144866764,1.726598896464037,1.7705791438735463,2.062706833181511,2.006911682934529,2.0551403090833413,1.7994519094037786
2017-02-20,1.712036026770723,1.761857899388719,1.9038839119462525,1.719495913697068,1.72451561808979,1.7196519192769952,1.761857899388718,2.062358019458193,2.004849831802705,2.0541914217991937,1.793310195384269
2017-02-21,1.719525558236884,1.7716942079039875,1.9189310386003575,1.7290986147819123,1.7341977884230284,1.729363590476774,1.7716942079039864,2.079085776475423,2.0208202631299073,2.070768451138032,1.8054155490113133
2017-02-22,1.711325479881006,1.7636796706801543,1.912241758757083,1.7226097626924373,1.7273871910334868,1.72291006130087,1.7636796706801532,2.0792657613460923,2.0173477369141013,2.070030037768393,1.7980988344650777
2017-02-23,1.7119307919659799,1.7641181698166868,1.9119074197001873,1.7243680622589923,1.7289075172529031,1.7246187113346148,1.7641181698166857,2.0826132266105715,2.0204977930475967,2.073386241040299,1.7985512550604519
2017-02-24,1.697955482099362,1.7536320156091756,1.9029413381402902,1.7126681223764268,1.717462186729215,1.7129106156787601,1.7536320156091745,2.0805375562432546,2.0161229777721457,2.070449037488622,1.7905645761587283
2017-02-27,1.7084492246753853,1.7645009819315962,1.917495440589892,1.7227418208971002,1.7276313736791962,1.7230481324353895,1.764500981931595,2.094214842744119,2.028673866272712,2.0838032008867335,1.8020829149786692
2017-02-28,1.6971121569981062,1.7506931351326447,1.9002210729641367,1.7076222470037894,1.713038849287501,1.708012344741005,1.7506931351326436,2.0667346064182865,2.0042493903732814,2.056401418065932,1.7859306355079068
2017-03-01,1.687370193478655,1.7416115506206962,1.8884028406481173,1.6978378969815728,1.7035613488652528,1.6981644695519045,1.741611550620695,2.055224200102377,1.994857761758505,2.0448235853070162,1.777491895955616
2017-03-02,1.676970168858954,1.7304813528954468,1.8740296935735954,1.6871120478382957,1.6927948509456703,1.687294093275304,1.7304813528954457,2.0424718889717886,1.9816421278090033,2.031339105271295,1.7655785241057953
2017-03-03,1.6914784130333673,1.741802419960333,1.886119553234272,1.699695937458386,1.7047218538764168,1.6998957927012435,1.741802419960332,2.050576034624072,1.988764917020027,2.039762903021022,1.774657152323667
2017-03-06,1.6949464761977149,1.7470163270157748,1.891736322816358,1.704013364988415,1.7093324213122167,1.7041935047531453,1.7470163270157737,2.0597620264556453,1.9977392435697514,2.0491075807912322,1.7814950411619934
2017-03-07,1.691607852246734,1.7453714195241814,1.888197739838993,1.7011854019986807,1.706881612891598,1.7013805716505137,1.7453714195241803,2.0576095705273456,1.9963534327719348,2.04702840563121,1.7808756373942838
2017-03-08,1.7005372137251853,1.7532375365007988,1.895325689811969,1.7084225308436203,1.7143131725444667,1.7086066795252466,1.7532375365007977,2.0634460547509605,2.002986133094639,2.052518059622435,1.7877098182263023
2017-03-09,1.7053106797322053,1.7600398524235394,1.8957599472740634,1.7130207517059135,1.7196245920244067,1.7131667453289756,1.7600398524235383,2.0686414964173103,2.011935633635156,2.057973764447303,1.7962981291630016
2017-03-10,1.7003028316872353,1.7552262926853288,1.8934667647944297,1.7075944616091572,1.7144270318352608,1.707729922381575,1.7552262926853277,2.064114875316564,2.0068366843359207,2.0532972723541114,1.7919596016771444
2017-03-13,1.6920559796709114,1.7491564210877504,1.8799864437711349,1.702872838854307,1.7095151922627745,1.7029407455440357,1.7491564210877493,2.066149275490095,2.0088031725512123,2.055657139860979,1.788360492526912
2017-03-14,1.6954459827990818,1.7530477504359505,1.8823125608941313,1.7064435872800976,1.7132483483332468,1.7065562995055128,1.7530477504359494,2.0673735008727783,2.0116494258548028,2.0568530116829944,1.792073109178119
2017-03-15,1.6953862060299913,1.7521779141732272,1.8833220913236457,1.704866638137721,1.7118757028516391,1.7050507261473147,1.752177914173226,2.0622997621804817,2.0068120737584243,2.0515853529738615,1.789907175442722
2017-03-16,1.7024483748509915,1.7611738803787778,1.8917532802104775,1.7131579976661206,1.720284010322164,1.7133945836245053,1.7611738803787766,2.0714704131457338,2.0190744661889397,2.061619097692245,1.800801379581425
2017-03-17,1.7078267522098054,1.7667696250992466,1.8975183959963597,1.7161324270110123,1.7239580680414097,1.7164389377631768,1.7667696250992455,2.0697257815417585,2.020509229403517,2.0605007144572802,1.806537597341293
2017-03-20,1.7328395107938903,1.7921816851885597,1.921385641193654,1.7392312027989325,1.7477467943779346,1.7395912585925952,1.7921816851885586,2.0899033198609227,2.044610129021537,2.0807083600038587,1.832446944174018
2017-03-21,1.7487238514526957,1.804959142668423,1.9360223341362741,1.7493711474986655,1.7585692719463704,1.749722697566994,1.804959142668422,2.0897020605231895,2.048923727595438,2.0798492415923366,1.842130423846219
2017-03-22,1.7393556778183232,1.794373269122605,1.9233030621562968,1.739758511533943,1.7487965622111303,1.7400531111728683,1.794373269122604,2.079904363446377,2.0377261184583433,2.0696312916739488,1.8307103381017784
2017-03-23,1.7642217663264081,1.8195883104869446,1.9599169006495918,1.7657809877475024,1.774454202259961,1.7660968778893766,1.8195883104869435,2.1150794593729336,2.0703071174505214,2.1049008476845037,1.8573270781587625
2017-03-24,1.7880135823900574,1.8393444847137261,1.9835538307420184,1.7853238297543808,1.794033586687417,1.7858317375373176,1.839344484713725,2.1280260011597747,2.083520550750235,2.1175904628390567,1.873324648780734
2017-03-27,1.7922357295459737,1.8414985309446563,1.9879547686135082,1.7859037940078826,1.7950531218309116,1.7865786920263698,1.8414985309446552,2.117385517491415,2.076396445488006,2.1074999297418344,1.8737742163318218
2017-03-28,1.7691563343194654,1.820695569543269,1.9670495632030731,1.7645537772119573,1.774175301460586,1.7652418828240721,1.8206955695432678,2.093324087831604,2.0542403881821576,2.083422764602796,1.854227008857053
2017-03-29,1.7753531443077675,1.8284336226669917,1.9736431615528116,1.7735021401509072,1.7826052483757608,1.774183253168755,1.8284336226669906,2.107771859725395,2.0668838811783137,2.097600327676888,1.8633654406395757
2017-03-30,1.786933339239623,1.8389042014673087,1.9905443628618624,1.7855616511062764,1.7939235038003876,1.7861651805292318,1.8389042014673076,2.1280124109010945,2.0803949698476116,2.1163255707433613,1.872821057637064
2017-03-31,1.7799360942715978,1.8324960708815456,1.9786373770225634,1.7812999570523829,1.7887739800528903,1.7817718793466983,1.8324960708815445,2.1270327226148456,2.076633410501534,2.114282053672436,1.8670165865116075
2017-04-03,1.7919931773662476,1.840560189983534,1.984303575682855,1.7952322470948436,1.8000816636007195,1.7953467681284074,1.8405601899835329,2.1506535726645737,2.0902511431695006,2.134649649991876,1.8727673180145108
2017-04-04,1.798960660367611,1.844953196676284,1.9868696352066029,1.7999960269885205,1.8045459958636252,1.8000917587634253,1.8449531966762829,2.152707152106197,2.092252493348127,2.1366820459869427,1.8752236661063957
2017-04-05,1.783464497541028,1.8289459687800804,1.9837416771423175,1.7844168055656466,1.788910481867973,1.7845504743327942,1.8289459687800793,2.1344413752399682,2.0737726830189236,2.1185681247044403,1.8585202131623921
2017-04-07,1.8007725385703062,1.8444248570985948,1.9960155203090322,1.8042513567710805,1.8068142043300812,1.8043094467054217,1.8444248570985937,2.157481475044991,2.09353792746857,2.1407954018985493,1.872778032152921
2017-04-10,1.8107076916826927,1.8535987539214944,2.0078390948474114,1.813439302404896,1.8161943141112313,1.8137716762002207,1.8535987539214933,2.1642281508025256,2.103057611365531,2.1493017937431267,1.8811954639292874
2017-04-11,1.8171575288248611,1.8581183878697718,2.011095674255464,1.8187262631041696,1.8213718418650313,1.819211389789077,1.8581183878697707,2.1659951635250105,2.1070788611621256,2.153497559097596,1.8843876406370184
2017-04-12,1.8037147653863896,1.8443538707599392,1.9887249746742908,1.8050994297632206,1.807743933934764,1.8056390756462894,1.844353870759938,2.1467294194902173,2.0919139299414233,2.136417093539568,1.8714347492849552
2017-04-13,1.8013725778409446,1.842038980992556,1.9905814630866205,1.8024824310191139,1.8055453027273252,1.8032276105901794,1.8420389809925548,2.142253849868348,2.0890605927488943,2.133459174658568,1.8684913321219943
2017-04-14,1.7830944443387713,1.8214941754848175,1.971196146616205,1.7819407414405635,1.7851151125136018,1.782756960367323,1.8214941754848164,2.115377191976379,2.0626584032985775,2.1069215702749453,1.8462490069195436
2017-04-17,1.754040121091617,1.7962808098389094,1.959173478706902,1.7593443209250539,1.7618829744146494,1.76022178132434,1.7962808098389083,2.1011542421933505,2.0446003379867643,2.091972628468911,1.8240029450179969
2017-04-18,1.7745468540625615,1.8176242378914385,1.9739455226763318,1.7783584050071617,1.781828733525243,1.77931333292995,1.8176242378914373,2.120855491026476,2.0674649646489085,2.1122561718603747,1.8465537581136175
2017-04-19,1.7768878209567116,1.8188312751745217,1.9655809152968997,1.7814402517199905,1.7840357250837258,1.7822668152037378,1.8188312751745206,2.1233063370024623,2.06961708317948,2.1146741282523323,1.8474741375448442
2017-04-20,1.7636631571137975,1.8045400152665905,1.9535845665951017,1.7653992739796514,1.7687263062187375,1.7661889013444874,1.8045400152665894,2.1022704050474,2.050315237608076,2.0942963839296063,1.832481112744152
2017-04-21,1.7633942410281458,1.804637469151207,1.9552791756383383,1.7652528798245744,1.7688590369314068,1.7661776541243601,1.804637469151206,2.1015757607399235,2.051130368342767,2.0946993520895174,1.8327146698305916
2017-04-24,1.745664236609606,1.7904833611900997,1.942182735540917,1.7493735282764844,1.7540558281118945,1.750443677170632,1.7904833611900985,2.084963416922634,2.0374936698580557,2.078890685913146,1.8208775204383127
2017-04-25,1.749375763584758,1.7911158034460999,1.938061112541133,1.752053764161157,1.7557198219681667,1.7530663695111213,1.7911158034460988,2.0847821154246655,2.0365311547469296,2.0787784940634806,1.8197787576936502
2017-04-26,1.7598257850465933,1.799990110914558,1.941504700063639,1.7594166899829302,1.7636032057119524,1.7603839837805064,1.7999901109145569,2.0906328268481507,2.042948612780805,2.0843127022138352,1.8277043135821163
2017-04-27,1.7746539874123297,1.813124365527634,1.952722945987576,1.7719868397115561,1.7764869994372992,1.7729282012810756,1.8131243655276328,2.1076336458592873,2.057713983124019,2.1009458809320276,1.8405928405789773
2017-04-28,1.7735081323304687,1.8172061500429393,1.9587686844052201,1.7758505998010532,1.7803742462530117,1.776961913085596,1.8172061500429382,2.120120613057444,2.0694403984356518,2.1149429709695022,1.8479527267450961
2017-05-03,1.7897258460431174,1.835244756441502,1.979214923570876,1.792299159737703,1.797272080288109,1.79354843942104,1.8352447564415009,2.141286327406177,2.09116927551937,2.1369985173157064,1.8670865042071825
2017-05-04,1.7940389958013965,1.8417652490038754,1.9865231041920728,1.796074517312163,1.80172632818925,1.7972460769426175,1.8417652490038743,2.1454778386104585,2.096741292260186,2.1399531950365165,1.875665049903742
2017-05-05,1.7907943626743053,1.8368701732843788,1.982749671390126,1.7932414588294887,1.7982773717470455,1.7943971409712427,1.8368701732843777,2.1422576738163372,2.092733911413352,2.1371243220056253,1.8697337465672237
2017-05-08,1.7779999380475793,1.8266585584462047,1.9734683210840802,1.7831636398012258,1.788172617029023,1.7843459264438093,1.8266585584462036,2.1312994728306283,2.0821686552855603,2.126181477632046,1.860386134983986
2017-05-09,1.796788202217411,1.8448767853220225,1.996799540409679,1.7993121945615684,1.8050726325746338,1.8006577553663001,1.8448767853220214,2.1399873381283134,2.0957267300594418,2.1356597980622105,1.8771649228036926
2017-05-10,1.803398717467099,1.85165369952691,2.004580059756058,1.8038802405780927,1.810224154929136,1.80518296950442,1.8516536995269088,2.145329684280841,2.10071361238248,2.14016530624016,1.88415592917507
2017-05-11,1.8024553838397988,1.8506812764805867,2.0071509320321135,1.803981311236495,1.8099920174430006,1.8052825551295264,1.8506812764805858,2.1467209387715047,2.1015862138854624,2.1415169859514456,1.8831692071272563
2017-05-12,1.7981194288015254,1.8476527653037806,2.01057778206293,1.8034890615747017,1.8084975172618656,1.8046191523042798,1.8476527653037798,2.1515547292571457,2.1035543059936264,2.1460173662503546,1.8807573011644256
2017-05-15,1.8111202350098563,1.857278111314513,2.0448244083510376,1.8192577160428423,1.8219252700521251,1.8199356495350802,1.857278111314512,2.1693343077390463,2.1173894977704086,2.1618623587146812,1.8871816393769771
2017-05-16,1.8156972438239276,1.8598712787374947,2.070389215607911,1.826503994770619,1.8276174626818247,1.8271395756152056,1.8598712787374938,2.176840577114742,2.123112019159219,2.1695466142063666,1.8872503065415587
2017-05-17,1.830269821509156,1.8730376329196847,2.1006596975657432,1.8417647470207525,1.8421141872370985,1.8424701771267884,1.8730376329196838,2.1986933363023335,2.14268104303226,2.19149870871173,1.9003502372569843
2017-05-18,1.8264781909561874,1.8720678598673441,2.07136880379982,1.8333301666684523,1.8363623798317907,1.8342800492802835,1.8720678598673433,2.183283716985406,2.133261549247259,2.1772081626028204,1.9013592674039332
2017-05-19,1.8426837664755324,1.8905765019396004,2.0831048944116684,1.8460656178174837,1.8510647072641306,1.8473240596806562,1.8905765019395995,2.1950031487052994,2.1481154859213314,2.1892933652144486,1.9213443826573628
2017-05-22,1.8797471872880793,1.9280316999133904,2.125898869172496,1.8766765978126205,1.8838538711279422,1.8780817528709572,1.9280316999133895,2.2250169882911655,2.1792243922837784,2.2181860411521037,1.9589613156153547
2017-05-23,1.868607714038569,1.9207410740403952,2.123402896698242,1.8759174800958778,1.8805248404880819,1.8767879009927864,1.9207410740403943,2.241446423078078,2.186837533266519,2.2329230092301033,1.9541102776267911
2017-05-24,1.8881547519635093,1.9409738733200887,2.1219174144203685,1.885898548515268,1.8940610435605907,1.8870226934858254,1.9409738733200879,2.2429855626963793,2.1952148911201457,2.235134471540911,1.9749989288329357
2017-05-25,1.885981301998733,1.9381752336657594,2.114341199392837,1.8836483562979334,1.89188883979306,1.8848650116503993,1.9381752336657585,2.2420928249914294,2.1932329789959875,2.2350315936265206,1.9714775481088547
2017-05-26,1.884854222746811,1.938116147568471,2.1149024715784828,1.8827071493353855,1.8912637064150544,1.884084688772906,1.93811614756847,2.2441751599721833,2.1966589350630668,2.2386856228954426,1.9724573690760567
2017-05-29,1.8915368135280306,1.9429394447372041,2.1211624100006747,1.8879928781128321,1.8962966330757596,1.8895712075081663,1.9429394447372033,2.2459595317227175,2.1973482411816123,2.2408516377770633,1.9759505783056788
2017-05-30,1.8689422908507836,1.9201230236359512,2.098471102073522,1.8693728121396722,1.876536252882042,1.8707900251558343,1.9201230236359503,2.231042407685351,2.1801955521673673,2.2253396370901823,1.95426888049707
2017-05-31,1.8730909914734617,1.9215957865291606,2.098630397052768,1.87101414199754,1.8784219458754887,1.8726011530004898,1.9215957865291595,2.2321161973684784,2.1814814466795713,2.226705742610184,1.953830758138975
2017-06-01,1.881541251687763,1.9322144501054763,2.114524504567664,1.8804474015537835,1.8884344267690667,1.8819876163009575,1.9322144501054752,2.248748312364898,2.197846900458252,2.2429988267335808,1.9664045492517914
2017-06-02,1.883304586421871,1.9315171258351753,2.1140108833049567,1.8834925985170552,1.8901555887225026,1.8848284049237243,1.9315171258351742,2.2492569753683718,2.197603903294137,2.2428019620544597,1.963906549585471
2017-06-05,1.8932204423801782,1.9423902046315666,2.1251019873172647,1.8901215745616629,1.8978980723233574,1.8916013395339148,1.9423902046315655,2.2557101779060402,2.206321856514562,2.2499282135167675,1.9762757745312247
2017-06-06,1.9202088714463739,1.9689181868351648,2.148265321698473,1.9119733714549743,1.9206885419798643,1.9135543060471856,1.9689181868351637,2.2747510198191954,2.2280442272111483,2.2692143126923763,2.002569060527382
2017-06-07,1.9354397222612567,1.9830574331671151,2.154527343721156,1.9250024575152984,1.933986566549238,1.9266565620020726,1.983057433167114,2.2895279979578147,2.239720706062147,2.2836910906784613,2.014208475066106
2017-06-08,1.9304614322845666,1.9776014058112588,2.1499552252148324,1.920812507533867,1.9297305210306603,1.9224595581231279,1.9776014058112577,2.288475508981052,2.2374432280899206,2.2821743524988523,2.008825697258354
2017-06-09,1.9299193955806417,1.9796337618755044,2.1490268298845683,1.9213675002597121,1.9307233287910683,1.9230419632056048,1.9796337618755033,2.2923311826008823,2.2426025215203644,2.2857678511971278,2.0134960734664764
2017-06-12,1.9259374955395017,1.976890227704229,2.1468121075108004,1.9207967774591928,1.9294750656045099,1.9222486818451223,1.976890227704228,2.2950650097058665,2.242967995635934,2.2871179980170875,2.0115075268243148
2017-06-13,1.9424583352271465,1.9935171440669073,2.1621643888099125,1.934628361251666,1.944107847845695,1.936168240459524,1.993517144066906,2.308906135138408,2.256991344275904,2.3008869426499,2.0278799600386668
2017-06-14,1.9609953466082204,2.0119816492102256,2.1809612434530634,1.951066201504287,1.9605232385185396,1.952585976385815,2.0119816492102243,2.31818906883337,2.2693857944501543,2.312329156826939,2.0453323149592317
2017-06-15,1.9590662471900255,2.0132869178987765,2.180560211439193,1.952697251486863,1.9622418972618105,1.9543855840023399,2.013286917898775,2.326444301222301,2.2771314122415545,2.3206412646523025,2.0493124641371225
2017-06-16,1.9631998018083858,2.016649546572028,2.1837296612572783,1.9562072357773685,1.9659088089471375,1.9579508637674807,2.016649546572027,2.3321359680806175,2.281390110181882,2.3259903389013536,2.0523860648695065
2017-06-19,1.9880419722217912,2.038873985808488,2.2040139092260485,1.9747066661902417,1.9853706220059324,1.9763127218309409,2.0388739858084866,2.3450599658412408,2.2965578474406207,2.338375634971083,2.0726210111433883
2017-06-20,2.000937291750124,2.0456788922857774,2.208010213980696,1.985299135668261,1.9944360179061007,1.9867110960831027,2.045678892285776,2.3507622848376197,2.299388297596758,2.344304133473585,2.0740356161754367
2017-06-21,1.995333858693423,2.0412888191013656,2.2019883340040014,1.9862647250844856,1.9939925796176923,1.9874534520640736,2.0412888191013643,2.3644717392333625,2.3083110553081796,2.357553965781375,2.0716456292951024
2017-06-22,1.980199263312881,2.028748759204791,2.1878665921237253,1.9777577198874148,1.9843513508779012,1.9788471490400197,2.0287487592047895,2.360946160854907,2.302875928001206,2.3540784510684984,2.060136555502405
2017-06-23,1.9817979133621373,2.0314078756818397,2.192829902816073,1.9839180936574887,1.9893641459910902,1.9847893671377597,2.0314078756818383,2.37087226099789,2.311557031703067,2.364099818063912,2.064011408664956
2017-06-26,1.9918905333005925,2.0411484453659505,2.201617045301541,1.991261169284965,1.9973905503003837,1.9921910578956095,2.041148445365949,2.3793980286031196,2.318615236659889,2.3716604369199157,2.0724893647449427
2017-06-27,1.9776239062902221,2.026106582069119,2.1834896942565574,1.9768050413702392,1.982767565192393,1.9776161635845384,2.0261065820691178,2.362793094314982,2.3025059125955414,2.3551238868280984,2.0575870231659716
2017-06-28,1.98233811772898,2.0318732000836124,2.195476266766458,1.9800932814603602,1.9868924965634949,1.9810589668699605,2.031873200083611,2.365188887801139,2.306520759226847,2.3579849491981433,2.064040198763251
2017-06-29,1.9927378330537913,2.041417038712117,2.2048558091213746,1.9891982122738072,1.9960582068040396,1.990169896425111,2.0414170387121158,2.375001867590557,2.314951776870003,2.367273105856387,2.072056831819532
2017-06-30,2.0034314602176124,2.054901209546135,2.220811726300004,2.0021880877566476,2.0092613689790646,2.00319519798186,2.054901209546134,2.3924725359300396,2.332814997934105,2.385220594027565,2.0873540803642046
2017-07-03,2.0203462653832167,2.06781757930901,2.2302016475346367,2.0128367538477803,2.0203854288053664,2.0139254424176074,2.0678175793090086,2.393486703284477,2.336371991742005,2.3868987220107365,2.0964781603410727
2017-07-04,2.0084472930690485,2.058185544970347,2.224823345683943,2.0056923230068406,2.012557241719449,2.006568829707379,2.0581855449703457,2.389235694794578,2.332181280342752,2.3826002999178453,2.0885136986271604
2017-07-05,2.019080110702129,2.0653677773248664,2.230679566149638,2.011067199204132,2.018515851459365,2.0121431693196414,2.065367777324865,2.389832106506848,2.3333522521425922,2.3833044612756904,2.0935992042872167
2017-07-06,2.0295846974164595,2.0771717053046688,2.2447098603563114,2.0209199816270953,2.029211770997627,2.02217963882915,2.0771717053046674,2.4017187950885237,2.3462847769169444,2.3954898251890056,2.1065697423870837
2017-07-07,2.009668831225907,2.062479983127352,2.217464948332027,2.009641482269373,2.0169208885972894,2.0107121838363184,2.062479983127351,2.394036200739177,2.3387273185036483,2.3880282567773303,2.09506149186595
2017-07-10,1.9850311010815116,2.0386496802269205,2.1870799880135197,1.9906553401720364,1.9964190418322414,1.9914170116595127,2.038649680226919,2.3733811254289447,2.318819293432915,2.367884888625659,2.0725389575722044
2017-07-11,1.9899463533679231,2.0445683167359365,2.194490581316265,1.9961922549658715,2.0021423465082404,1.9970089408052378,2.044568316735935,2.3816497603707742,2.3267799764391732,2.376050409239516,2.07917814615777
2017-07-12,1.996383431453349,2.053754259820355,2.2030686027181656,2.0045162383275392,2.0109672635011604,2.0055145922773554,2.0537542598203538,2.394206350596037,2.339923762782069,2.38908821789465,2.0906148370295363
2017-07-13,2.0066863574449427,2.066216361055299,2.216210439038984,2.01501368094398,2.022112911146474,2.016143867424126,2.0662163610552975,2.405527716781554,2.3527443020280394,2.401141324087122,2.1043797053403805
2017-07-14,1.999502114870338,2.0615356443449833,2.2124841367085866,2.0118661971214937,2.018506140771354,2.0128618298367034,2.061535644344982,2.402973211581366,2.3514783969628015,2.3987650219930527,2.101189639816243
2017-07-17,1.956002229982184,2.028216636169667,2.1740918587007396,1.9882266153316321,1.9917293312704758,1.9880584081625046,2.028216636169666,2.394570393020913,2.3411842819991198,2.3898811655192755,2.076381661696533
2017-07-18,1.9598692750023157,2.0296212048142666,2.1708750149597145,1.997231748132544,1.9979110258309476,1.9963318327935253,2.0296212048142652,2.411160504164109,2.3535362445258823,2.405365569239507,2.0780230619218547
2017-07-19,1.9676658623385936,2.035883878238905,2.1776912458647906,2.0090492433427087,2.0074456702779133,2.007513478795279,2.0358838782389035,2.4254316578846717,2.3649567911632663,2.4187829132026204,2.083647638983654
2017-07-20,1.969257395581665,2.0363454189206984,2.1749140242468896,2.0098681933665774,2.008014499659972,2.0082577261148056,2.036345418920697,2.4233961987114023,2.3633634033497035,2.4167713719047326,2.0828404206421154
2017-07-21,1.9481364631152003,2.0161231660519165,2.1551133934283784,1.995107168646328,1.991434396953357,1.9932412092588239,2.016123166051915,2.405931326503146,2.3473614143291894,2.3995760901732033,2.0636595345612703
2017-07-24,1.94754252001696,2.0168991510754526,2.1454931417285175,1.9959197389319756,1.9922597870817125,1.9940536449660127,2.0168991510754513,2.4096974923558294,2.3506436818951997,2.403327124041577,2.065846812861315
2017-07-25,1.9772278184852534,2.0400056344154933,2.170444824327937,2.010557078783551,2.0094329780797975,2.0089462592062803,2.040005634415492,2.415949424972135,2.3577452730610093,2.408914258496645,2.082327397307707
2017-07-26,1.99717920350634,2.0591063476105704,2.185678105742863,2.0267561334873876,2.0264705634770652,2.0252030274196606,2.059106347610569,2.435877180901588,2.3757807516701113,2.4287780619928525,2.0996937044205355
2017-07-27,1.9909792456003677,2.0532670593465037,2.172546193903457,2.0227703286580727,2.021908510514731,2.0212365056058283,2.0532670593465023,2.432204032307847,2.372546467941463,2.425514266935933,2.0948783647910116
2017-07-28,2.013474468062781,2.0723217979546376,2.1936414067897427,2.039115898782338,2.038986488613977,2.037554060706808,2.0723217979546362,2.448404859852662,2.387105260981215,2.4406107806699056,2.1103814537815784
2017-07-31,2.0428649361489835,2.099879032419372,2.208369539446176,2.061685007675671,2.0626719791956996,2.060305860393605,2.099879032419371,2.473074925919117,2.40900482630515,2.464969079335774,2.135109168625191
2017-08-01,2.043731145630662,2.1044414427482443,2.218994797127108,2.0757705201008743,2.0731195683632375,2.0738810998611967,2.104441442748243,2.4902690338743003,2.4256077373247216,2.4820561510890284,2.142406819199987
2017-08-02,2.0396545799884214,2.1033603026624195,2.221292086837086,2.0757452169428308,2.0727109028167785,2.0738802872162063,2.103360302662418,2.493703051755937,2.4293525709015804,2.486027915488452,2.143827744604553
2017-08-03,2.0425371373707186,2.1067864902862565,2.2252806535775824,2.078144416381966,2.075414637113592,2.076417657885007,2.106786490286255,2.4946999151879607,2.4314755538431445,2.487604505183763,2.1473159524355707
2017-08-04,2.047664111893592,2.1106796447737635,2.236638928813063,2.0874199024881923,2.083292912055696,2.0853776140426312,2.110679644773762,2.508934533523539,2.4421725804617913,2.5010708474588363,2.1500630453902696
2017-08-07,2.0624671381897546,2.1233508587885854,2.264651461644183,2.102726512075546,2.097611913291427,2.1004224575528316,2.123350858788584,2.5237895584653876,2.455743393152224,2.515107253159108,2.1603360070129582
2017-08-08,2.0521761413489537,2.1159162573840304,2.262447289421114,2.1011728943810426,2.0937959713914975,2.09850855061315,2.115916257384029,2.523465066781493,2.454896830710805,2.514244687378375,2.155137097913393
2017-08-09,2.000211379783369,2.065812582965146,2.2053143879291897,2.0465208432270456,2.0416674271685347,2.0442947624004244,2.0658125829651452,2.464664772841562,2.3990353265636193,2.456264455548749,2.1078675240536686
2017-08-10,2.0036135989806323,2.072552976707651,2.2158059140671176,2.0618153068267673,2.0539478294043074,2.0591829636700805,2.0725529767076503,2.4847329252276436,2.419413629262553,2.4768431973172937,2.1176527386061696
2017-08-11,2.0045246411889517,2.073737660113628,2.210398417561767,2.063936571090962,2.0558163615586924,2.0611674345646813,2.0737376601136273,2.492504507043173,2.424713049940244,2.484110030056532,2.1189633199619777
2017-08-14,2.0281920973878886,2.093395888340201,2.225702943511106,2.073044837119931,2.068604954627672,2.0706050932123805,2.0933958883402,2.49898868472167,2.4309301708561875,2.489704994212679,2.133888547090229
2017-08-15,2.0130879603497207,2.079095801711878,2.2136138064356605,2.0603304790442643,2.0556630291995646,2.057860263727474,2.079095801711877,2.486649985005776,2.4189022339898623,2.4773546288222947,2.1207090343191752
2017-08-16,2.0196501446664055,2.0867365979314925,2.223473422496722,2.0751870916466686,2.0678076732099746,2.0722104952459532,2.0867365979314916,2.5043473284999838,2.4347013523098155,2.4942170639521395,2.128670168016919
2017-08-17,1.9978511636076695,2.069362525158077,2.2134023443931294,2.0669412944522545,2.056444227251777,2.0636113611480464,2.069362525158076,2.4970445172958025,2.4291969812405214,2.487982177427487,2.1155689917955516
2017-08-18,2.004585776366331,2.0747866782219773,2.218389353568169,2.0705434795839395,2.060505976815573,2.067270652708029,2.0747866782219764,2.4984629068088196,2.431232064015283,2.489614805043077,2.120003404451583
2017-08-21,2.0053123442438943,2.076370633725522,2.2258563452171716,2.0759977868089976,2.0652821309470544,2.072720277439556,2.076370633725521,2.51245214365269,2.441945218228939,2.502859067365644,2.1224382965227266
2017-08-22,1.9836725687597565,2.0555346282507903,2.2052060618869724,2.0515438134527777,2.041852035239226,2.048571194362018,2.0555346282507894,2.483348251004174,2.414456929494589,2.4733721672280957,2.1036624601683167
2017-08-23,1.995822939214688,2.068005000523314,2.216354011313408,2.0672773341958113,2.0567499495137658,2.0640797544722096,2.0680050005233133,2.5076784945424992,2.4350490334583244,2.496601263300799,2.1158022865085755
2017-08-24,2.0169528563572663,2.08672094942505,2.236505880753267,2.083462889442019,2.0731914416132637,2.080241557985639,2.086720949425049,2.5231790372697365,2.4489885851193467,2.5114332220755307,2.131526809545227
2017-08-25,2.0236497087481413,2.0941700849030043,2.2427993097368755,2.0896943143277045,2.079675304290662,2.0864501036206495,2.0941700849030034,2.529157566728537,2.4559174793890364,2.5177008330728854,2.139447266817733
2017-08-28,2.0365001247509404,2.1080427572634566,2.258454885090344,2.1009225003026897,2.091302557636242,2.0976611476819222,2.1080427572634557,2.538940432578515,2.4665228218781707,2.52723379241498,2.1527405031186166
2017-08-29,2.0274548336566927,2.0981853055666626,2.2494912262405475,2.0908539699989213,2.081400784359242,2.0876324493630096,2.0981853055666617,2.5251216285648628,2.4543716187642763,2.514635484766108,2.142337878929586
2017-08-30,2.036154701660133,2.109924894864881,2.2548084168368714,2.105517585997679,2.095678152125873,2.1020064826004883,2.1099248948648803,2.548465379625019,2.4767221426292467,2.538722347495395,2.1554636136431577
2017-08-31,2.057404719849842,2.127169502248435,2.2685041611625882,2.1190210585930753,2.109560720945288,2.115495977645506,2.1271695022484343,2.55862165851912,2.485428911959558,2.5482559052540035,2.1688565847936006
2017-09-01,2.071477644544323,2.145460091666328,2.286156629465313,2.1396203840337633,2.129731989768695,2.1360515988322413,2.145460091666327,2.592614501869961,2.5178993195512835,2.58197959893828,2.192077088280066
2017-09-05,2.0813135623723853,2.1592286217830807,2.3032374669477815,2.1526361644588796,2.1429350875242514,2.1493138955885436,2.15922862178308,2.6114226684922808,2.5376513951932353,2.60067112429274,2.2113717665206036
2017-09-06,2.078011484291393,2.1570579727583947,2.301707645151818,2.1559047892356404,2.145121301715906,2.1523665111234807,2.157057972758394,2.6224785840214597,2.5451872808508043,2.6105840914377936,2.209752996744583
2017-09-07,2.086064267594076,2.1634032376965413,2.305671602290113,2.1657821253244385,2.154155643023515,2.161999199027781,2.1634032376965404,2.634881370949232,2.553713506262537,2.6220739968539015,2.2134123540360635
2017-09-08,2.094659927542733,2.1752442133264496,2.3147008429583553,2.185315451567728,2.1722555418042973,2.181096042661782,2.1752442133264487,2.668770263484123,2.5830386207071685,2.654776381728691,2.2264103226830345
2017-09-11,2.085847482289649,2.170952337609848,2.315578045511854,2.1856027974027046,2.1718807931517317,2.181602377938855,2.170952337609847,2.677098625541921,2.592106539752267,2.6636722657197236,2.2290153469058245
2017-09-12,2.0960292257731687,2.181612547220222,2.3263899010454776,2.1933892637335575,2.1802181986115583,2.189437726598169,2.181612547220221,2.6823447010878216,2.5990473619892422,2.6692195111597923,2.239215534674143
2017-09-13,2.1089203292867675,2.1942308638286225,2.3437158802413927,2.204158660384647,2.1913909042092246,2.2003081234275013,2.1942308638286216,2.6943373100144936,2.6095592373860272,2.679694670726733,2.2510904347454375
2017-09-14,2.121367328671052,2.207421008855559,2.3583987773192296,2.2150400888746264,2.202850481230146,2.211424813703322,2.207421008855558,2.701206015079822,2.618539022499042,2.6875320234072784,2.266928845707283
2017-09-15,2.115359222860722,2.2026811724511504,2.354568302305446,2.2100644352748025,2.1979448323333903,2.206466480496882,2.2026811724511495,2.6960678626585954,2.613767728930747,2.682249973312316,2.263269205297591
2017-09-18,2.125747833644761,2.2098330558304817,2.3562878023212015,2.2179077513406775,2.205526587448987,2.2142233843800896,2.209833055830481,2.6987508232497213,2.61463889425465,2.682917672359749,2.2662482179103027
2017-09-19,2.1223686121644834,2.2056902249943438,2.3531298744089066,2.213177929447988,2.20088425118539,2.2094893606674146,2.205690224994343,2.691113591375443,2.6070594623923236,2.675099188798226,2.2612935952225928
2017-09-20,2.1207092086312995,2.2065370513213147,2.3568818648987038,2.2120883982882384,2.200008752748051,2.2083587961803817,2.206537051321314,2.6962232858379327,2.6128016263412714,2.6816391239226927,2.2651757018586816
2017-09-21,2.117848643577664,2.204293801063172,2.3596381565164037,2.2060741492886446,2.1946119973887943,2.2023244791597336,2.204293801063171,2.68980935936652,2.6066454199021503,2.676170177203601,2.263918431738068
2017-09-22,2.1292993502181297,2.2221836970794575,2.3862915487087983,2.228525378789627,2.216531250322422,2.2245362214830853,2.2221836970794566,2.7388397463208007,2.652008126698121,2.7229330257498363,2.288853856518252
2017-09-25,2.144738757356488,2.2387876133921543,2.403487380192028,2.2455037640241304,2.2336801948253986,2.24135393593691,2.2387876133921534,2.762780862531063,2.6753946466692256,2.7450328486308075,2.306971748572518
2017-09-26,2.144891002596308,2.237759327945581,2.396984873894813,2.242039033322091,2.230625518361027,2.2379276372594776,2.23775932794558,2.7533867556077376,2.6673083257173946,2.7352721154686774,2.304006664875899
2017-09-27,2.1416995018682625,2.2347622408114476,2.392205371792898,2.2372448115318364,2.2261289342099504,2.2331018799233195,2.2347622408114467,2.7399278547228105,2.6567245258892016,2.7230765568646267,2.301061592254455
2017-09-28,2.1438430421549706,2.238440453762681,2.3920738145040223,2.2472246387774195,2.23505390707934,2.243004707525914,2.23844045376268,2.7629453569709477,2.6768660999494007,2.744957027727714,2.3064727440762107
2017-09-29,2.143912091339403,2.240253629863674,2.3959468662458616,2.2463243371740353,2.2346177772757434,2.2421032515740063,2.2402536298636733,2.762942806747171,2.6795329748784633,2.7456677732492003,2.3101426359676536
2017-10-02,2.1339526945556377,2.228867875046738,2.3798999678509665,2.2342913800821664,2.2227150361299386,2.2300814914377396,2.228867875046737,2.7423226316882503,2.6616372435423865,2.7258695139646134,2.2974300897725812
2017-10-03,2.1218157854556963,2.2149244634684058,2.3654195850586524,2.219098117502737,2.207710158139863,2.215073398358527,2.214924463468405,2.7213093380851916,2.6414908653820217,2.7054603050215937,2.281407415139022
2017-10-04,2.148761259760294,2.241907204967335,2.3933670954812674,2.244297410099194,2.2328953366757798,2.240242046328471,2.241907204967334,2.7453619837166623,2.6665687336859185,2.730350396606269,2.3083060268082587
2017-10-05,2.1475487714514965,2.241736010990243,2.3913937967836603,2.244751120010675,2.2333440800590454,2.2406650483047583,2.241736010990242,2.745907843123314,2.6687739485439406,2.73138292647385,2.3090420031789467
2017-10-06,2.161304950123931,2.2549753387433036,2.407919200722682,2.256107814858506,2.2448405145478976,2.2520180431462706,2.2549753387433027,2.759939349342398,2.681003477071581,2.7447720623617378,2.3215217503363728
2017-10-09,2.1697540108338886,2.262882959464512,2.412673678824474,2.262967051586382,2.2517410849530193,2.258795435705599,2.2628829594645112,2.7655088881137804,2.6866274649022137,2.7498734986279993,2.328509543419537
2017-10-10,2.173910853397581,2.267120226687033,2.4179248343101287,2.2681139821634995,2.2568099986954775,2.2640289869150134,2.267120226687032,2.76971208948168,2.691855297259681,2.7551365028487576,2.3322820011049235
2017-10-11,2.174775604593099,2.268634215905067,2.41950102150837,2.2707898700329903,2.2592661340307356,2.2665461589872087,2.2686342159050663,2.775337881153043,2.6957808981299545,2.7598023813229253,2.3341090720870694
2017-10-12,2.184088493709603,2.281678608881378,2.440928566476593,2.2889376460777453,2.2767843182674223,2.284626209275974,2.281678608881377,2.8110453172644463,2.7285336523233243,2.794528865385717,2.350949231751478
2017-10-13,2.1965058486559914,2.2945085357604587,2.452068394220809,2.303566728750701,2.290996434231869,2.2992311343954297,2.2945085357604578,2.833169513004232,2.7485648342772246,2.8157969485131087,2.363740664052328
2017-10-16,2.19817234538513,2.2954841839870594,2.449815594404854,2.304720505439351,2.292124812655058,2.300475195031635,2.2954841839870586,2.8287686376596457,2.746694732210243,2.81289070632702,2.3627928656150408
2017-10-17,2.2221868878360898,2.3208238433758512,2.4801763335569325,2.3271410003031705,2.314861359137104,2.3226888416951934,2.3208238433758503,2.8629422112636225,2.7792378659112615,2.846711039066927,2.3894272867249615
2017-10-18,2.218512904510569,2.3158494784284653,2.47428784523072,2.322880956139681,2.310511008150028,2.3185332482109833,2.3158494784284644,2.8506074858321755,2.76924199511499,2.8352761093668675,2.382952714873634
2017-10-19,2.215640524602498,2.313328739613499,2.4722731552949253,2.3217256891632725,2.309178261728125,2.317444337369477,2.3133287396134983,2.8517322145852444,2.7682264082254133,2.836492233768142,2.380349218190212
2017-10-20,2.2010645902791297,2.2980354536807024,2.4587979217428675,2.305210079981984,2.29293745613406,2.3008714991415125,2.2980354536807015,2.83909588760794,2.751570776967258,2.8223777637013203,2.365947490325337
2017-10-23,2.1694869727037047,2.2644501160102353,2.4233693016337705,2.2756110889484438,2.2627744286333327,2.271245448793759,2.2644501160102344,2.8022445852757922,2.716260671696144,2.786562546963785,2.3320494124814983
2017-10-24,2.177474305927152,2.273114174841702,2.4341863508231114,2.2848045735038887,2.271878920905465,2.280464855489127,2.273114174841701,2.811163552450119,2.725222128659618,2.795727366695845,2.3412103814448555
2017-10-25,2.1954465658167415,2.293152682339824,2.4583339356569245,2.3035101582741624,2.290760531394258,2.2991981597275943,2.293152682339823,2.8375231792555087,2.751105507261337,2.8220634239990554,2.363329003557176
2017-10-26,2.186946259311052,2.2858290361788156,2.4499991563441914,2.299047449002671,2.2858771277672845,2.2947805740625564,2.2858290361788147,2.8389700594898892,2.751264142326092,2.823641129318291,2.3587586707545993
2017-10-27,2.2102894421095636,2.308521191313516,2.476932682462562,2.3203546576476453,2.3072569262382063,2.3158102007546755,2.308521191313515,2.868302095364185,2.776963432070504,2.8517395037316713,2.380949155115049
2017-10-30,2.2127706244943766,2.307093930932961,2.476387530297826,2.3206501165427857,2.3072539939562833,2.3161043021629197,2.30709393093296,2.8599555990722676,2.767269053930483,2.8432606499974225,2.376027110520927
2017-10-31,2.1921238242107597,2.285591905555769,2.45438724938314,2.2995353292666274,2.286123510830136,2.2948254436419986,2.2855919055557683,2.8373691030308916,2.7440505314384103,2.8199550778766533,2.3546896242930275
2017-11-01,2.203195760442582,2.2989861517885113,2.4757150481727668,2.313164140858572,2.2997220244220613,2.3085057815186762,2.2989861517885104,2.862283989950066,2.7652775890158328,2.8442258796612,2.3730140364634664
2017-11-02,2.1740780604471226,2.270641898048512,2.448703490674083,2.28354640957192,2.27047314286644,2.2789530971075025,2.270641898048511,2.8230765207187223,2.7314970213233676,2.805488786199379,2.348446731300758
2017-11-03,2.199091174081645,2.296228944549652,2.4739886798747,2.3083888743399976,2.295330506340532,2.3037872100945864,2.296228944549651,2.8499492568689186,2.7596744244955183,2.833480330045579,2.372398718009694
2017-11-06,2.2178731612958864,2.3179916465217976,2.50288939198164,2.3270271123388753,2.314465093060243,2.3225168089422565,2.3179916465217967,2.8689167208892608,2.781947075576749,2.853636874915038,2.3979522799568063
2017-11-07,2.2231414965072966,2.3223751278815703,2.5062240646235128,2.3320415625422,2.3192961321795535,2.327460655764415,2.3223751278815694,2.8762516961361726,2.7863912575493557,2.860189424378748,2.4008021189010145
2017-11-08,2.259120039608541,2.3606931090950556,2.5504190725852642,2.3689840336860213,2.356269938846726,2.364154296946278,2.3606931090950547,2.929275116959972,2.8346340470312783,2.911773443324314,2.4415692487963323
2017-11-09,2.260947828641055,2.364240564870449,2.5543865616269144,2.374047356207032,2.3610575420252604,2.369154165889818,2.3642405648704483,2.9327711255656945,2.8402222694359827,2.915690644758963,2.4471780650138677
2017-11-10,2.2751651234975596,2.387622150081448,2.5974433681975784,2.3956677149107666,2.383020181403684,2.39083058697746,2.387622150081447,2.971843726325027,2.878696418523989,2.954820075685673,2.4853856795977864
2017-11-13,2.2832971810729425,2.401432081380832,2.6010766008119224,2.4111443533796764,2.398034144714671,2.4064431024584025,2.401432081380831,3.0131588319875564,2.9166821115841683,2.9962084828276043,2.506256248666132
2017-11-14,2.2981827392057945,2.4166969067693107,2.6204751076123545,2.420946649846442,2.409037474007049,2.4162180494026972,2.41669690676931,3.0116136941563725,2.919086563969407,2.994705389517107,2.521080456674045
2017-11-15,2.309918633676555,2.432356088191244,2.629247611195745,2.4353501801157393,2.4234744534868256,2.4303099362868887,2.432356088191243,3.057665881796304,2.9549052752515688,3.0345912011277343,2.5415343303139792
2017-11-16,2.33716274260932,2.4584411490250035,2.6591791668945404,2.4656347523962414,2.4523831826018063,2.4604390258329274,2.4584411490250027,3.093902363893103,2.985065415877459,3.068489895228464,2.5664712551577664
2017-11-17,2.3324028051027508,2.45388564465547,2.6550783731785135,2.462990046618619,2.4491899962849755,2.457905509361844,2.453885644655469,3.0901858759682326,2.984517549519315,3.0684812217252033,2.5619552661819807
2017-11-20,2.3586648210144827,2.4813665692332445,2.6747981474735236,2.4961575849966184,2.4805090460245602,2.4910361799770793,2.4813665692332436,3.142318923300579,3.0293694432139553,3.1201526178161947,2.5908338116764966
2017-11-21,2.398272480554727,2.521583715709191,2.7227286849589025,2.5403636053200165,2.5238430319853786,2.535240946943482,2.5215837157091903,3.187472256137487,3.076313167780712,3.168086746311917,2.630916008827557
2017-11-22,2.461127535395829,2.5847093731699253,2.792923834552662,2.6032394529859473,2.586496392323943,2.597918261493185,2.5847093731699244,3.2524598618553635,3.1358575796366623,3.231573504897416,2.692929927540986
2017-11-23,2.46797531001836,2.592400135437123,2.8012596469687874,2.6092577251004534,2.5927128124906997,2.6041462951340675,2.592400135437122,3.249332906511708,3.1369102977099415,3.2315894010990336,2.701028008446539
2017-11-24,2.469620616400263,2.5939342214724364,2.7974715812116786,2.612326471287751,2.5955640514380596,2.6069574337293253,2.5939342214724355,3.2574349768807696,3.1443007973514656,3.2377963511612324,2.7025687054660734
2017-11-27,2.4787403696669217,2.6044959269953214,2.804756799884559,2.619375543935179,2.6035882530982684,2.614336262102889,2.6044959269953205,3.2607448961020276,3.156402838286543,3.2466963517105096,2.7153207331361444
2017-11-28,2.4802135668107446,2.602834792401289,2.803643672711907,2.624553897729607,2.6069599110834423,2.6193988246809288,2.6028347924012882,3.264147777002185,3.1581012342677304,3.249818928431225,2.710682871782379
2017-11-29,2.537216615766108,2.6647608233743014,2.8600406956457314,2.6865136422798117,2.668309183124907,2.681077192744879,2.6647608233743005,3.3453860555557156,3.2360443130451215,3.3306080899751653,2.7770891357650944
2017-11-30,2.534703920704813,2.663253409964382,2.864719227351378,2.677033490465862,2.6608748515483227,2.671456655510561,2.663253409964381,3.32743590216625,3.2211828308488943,3.3102783906956503,2.7759829653469583
2017-12-01,2.559189753395918,2.6906814250204585,2.8853407707756156,2.707410740417269,2.6909919378477856,2.7018463766547067,2.6906814250204576,3.3798267774813175,3.2719764897046555,3.3634836798538688,2.80643541432152
2017-12-04,2.597311339871937,2.732933299845973,2.9312188434060933,2.7514175319919727,2.734043130091299,2.745613625778267,2.732933299845972,3.4557196325698034,3.3371326464932585,3.436535141316234,2.853427032964594
2017-12-05,2.5376150377683264,2.66840747275828,2.8679415303767297,2.6885715403436317,2.6717045760995846,2.6829812109979305,2.6684074727582794,3.3772849642784455,3.260991327484221,3.357637818038256,2.7842011126365303
2017-12-06,2.5353001502682817,2.666064582905428,2.8602688708110358,2.6860215481262837,2.669069599599943,2.6802908578205353,2.6660645829054275,3.3673952666078337,3.253751956009322,3.3488203463541577,2.781095651497616
2017-12-07,2.520164843760278,2.6477851245229167,2.832605596475091,2.6621863966730634,2.6468436530246517,2.656736871507098,2.6477851245229163,3.307609932485074,3.207719747888938,3.2948662074102777,2.7587354702694307
2017-12-08,2.52508627407266,2.6513341058426314,2.830201502806945,2.666883825838102,2.651690478566782,2.6616655558737956,2.651334105842631,3.304785434394051,3.211430194846105,3.2960998542632507,2.76086919248338
2017-12-11,2.451759325872526,2.572934346914953,2.7671612146630076,2.596648291507755,2.5801367712849275,2.5912052029531134,2.5729343469149524,3.2420486181636754,3.1384465245042157,3.228398894402859,2.677372460301571
2017-12-12,2.4629512292765976,2.584486887361429,2.775827808217197,2.611404505507589,2.5945679358399887,2.606037847704901,2.5844868873614284,3.2523376736300134,3.1630376491994787,3.2444303148079143,2.689640459948799
2017-12-13,2.4429245822367474,2.563965086418787,2.7487668561435687,2.5972217590779265,2.579059870661005,2.591624216120586,2.5639650864187864,3.262204923400742,3.1607001805554304,3.251219367269126,2.6686542501988777
2017-12-14,2.488637128132712,2.612106708519139,2.797907430364669,2.641075407193929,2.6234971181708278,2.635501679848741,2.6121067085191387,3.3070811152678554,3.2050108950195626,3.2960355534247143,2.718942478479519
2017-12-15,2.4985651620158604,2.6247812432098754,2.818982037852227,2.649173160673422,2.632627627831931,2.6439146615357707,2.624781243209875,3.3048530807741323,3.215675512080846,3.2977938726498985,2.734455885821944
2017-12-18,2.555262765547211,2.6840853118029204,2.875942348393718,2.7138023403031686,2.69570161988707,2.708064080737348,2.68408531180292,3.4033080566075324,3.300546580022751,3.393794857073658,2.795949962843025
2017-12-19,2.544428191525677,2.673633446833578,2.8823551979007247,2.700759624860478,2.683098619290932,2.6949662659965914,2.6736334468335774,3.388076574152454,3.2816354561016263,3.3735273243726027,2.785661342163213
2017-12-20,2.558769808427559,2.69183492604232,2.9167826619936235,2.713566985067599,2.6969130663801346,2.707951400618094,2.6918349260423198,3.398892701233913,3.2948572629377324,3.3864542113727985,2.8077621436568228
2017-12-21,2.532567843408619,2.6674720130398377,2.8922326342747593,2.688463766614256,2.672015111583559,2.682821332149928,2.6674720130398373,3.3805021533967743,3.2723728980247375,3.3676063389939688,2.785237585600373
2017-12-22,2.554200228386621,2.690556435623494,2.9030863911437357,2.7118455301169844,2.695039906797671,2.706180158413587,2.6905564356234937,3.4104898282587697,3.299674399184529,3.397786223578867,2.8098512419927664
2017-12-25,2.572804847066539,2.707821104135852,2.9302989407793936,2.728568018973889,2.7120230206645304,2.7232075592287126,2.7078211041358515,3.407417770785982,3.305254416853131,3.397757096803103,2.8258284321852827
2017-12-26,2.5939572842137233,2.7295927814020735,2.9548690529315857,2.7495637831945414,2.7331174379766985,2.7441011469409684,2.729592781402073,3.4295580222473574,3.3260192692803177,3.419005357208853,2.847831081774188
2017-12-27,2.6089692978481374,2.7464644079988902,2.965959694937134,2.7641007065903422,2.747803871737528,2.7585360858795167,2.74646440799889,3.4540963747968974,3.339768153837599,3.44130644200189,2.8662923189938465
2017-12-28,2.6404699773591034,2.7816070930422856,3.004726682555055,2.792901961687587,2.777642068365551,2.7874684998522454,2.781607093042285,3.472434878162122,3.365322122627964,3.4609767682020975,2.904936052473659
2017-12-29,2.649663301319722,2.791049865076178,3.0245876870770925,2.8042250318856885,2.7883689790643644,2.7985303044031054,2.7910498650761775,3.4998025843258285,3.381167528994606,3.483414812780923,2.9144319310632256
2018-01-02,2.718281487112642,2.8633874672420476,3.097007498283214,2.8706620293674447,2.8555231830530907,2.864924821042903,2.863387467242047,3.570609359433718,3.4513007565888465,3.5562194399754987,2.9900292667432153
2018-01-03,2.7390530966785245,2.8836738867533924,3.1155522402771796,2.8975811527908024,2.8811002178882297,2.8916314108317613,2.883673886753392,3.6093193929752285,3.491458698909701,3.594080397987218,3.0099580162705095
2018-01-04,2.7781070674171686,2.9248568793755503,3.1733965842739695,2.937775886002356,2.921545409120396,2.9318668049044807,2.92485687937555,3.6498989148992327,3.5360608084065004,3.6379252641774396,3.0530337585433913
2018-01-05,2.756625738804483,2.899211969148195,3.153738850602515,2.919299719878723,2.901551820261124,2.913129950244539,2.8992119691481943,3.655016419951612,3.5220191294039522,3.6379640718951607,3.023140280346349
2018-01-08,2.824147627597307,2.968550699362072,3.2421953401899324,2.9866360066575526,2.968791875613593,2.980514152052684,2.9685506993620714,3.7470614493916052,3.6013442563533635,3.7275979667769694,3.0941390917961105
2018-01-09,2.8695788231591526,3.015978139093106,3.303236750864942,3.0285688392557915,3.0111239979491287,3.0217912583363855,3.0159781390931055,3.7995469981966092,3.65266521166447,3.7769321292691593,3.142501328672303
2018-01-10,2.872247749757897,3.0176123548449683,3.300700414125563,3.0305787779761846,3.0129520735072273,3.023881882063313,3.017612354844968,3.793238573289393,3.643044038348202,3.76825354175394,3.142807434168195
2018-01-11,2.9310967353328454,3.0782155481077367,3.4060419375611675,3.09570562015286,3.077114209965512,3.0889327403643687,3.0782155481077362,3.8957203346415783,3.737505193231134,3.86850900900086,3.204965654545384
2018-01-12,2.9175227314758096,3.065045508429748,3.389675396074563,3.1010032202451083,3.0800150274569136,3.0942405778689475,3.0650455084297477,3.9702238533675684,3.7907153768930635,3.937690031706711,3.192285213933973
2018-01-15,2.976051510684491,3.1266637319258024,3.4487981877443454,3.1611181425668664,3.139965218797221,3.1540242997461285,3.126663731925802,4.060879133207267,3.874306883651814,4.024239767154573,3.256948902967436
2018-01-16,2.970195761860846,3.1223172762296882,3.4269880583097,3.155514808817612,3.1345420027262927,3.1483242854956557,3.122317276229688,4.063929103518495,3.8764249166831446,4.027389031894044,3.2543268288056058
2018-01-17,2.901596320429945,3.050900420630358,3.360433057584005,3.097632302064949,3.075011912173325,3.090571978887475,3.0509004206303576,4.029377379345029,3.8329723980749497,3.989230558404628,3.1808117928215016
2018-01-18,2.959041344867851,3.1118646276107658,3.4301119145052947,3.155154987718626,3.132524327861554,3.147640100953853,3.1118646276107653,4.109358181082337,3.9058307200087072,4.065335353122069,3.244729102357599
2018-01-19,2.9938017399674055,3.151315417210654,3.4634637412046243,3.191994636685527,3.1694251696357614,3.1840486143193063,3.1513154172106534,4.202941477979335,3.9835464859679384,4.150457008754723,3.289689783753947
2018-01-22,3.0731492690552056,3.2391643452300314,3.5410897580975957,3.276279139461723,3.2543122903011077,3.2682600044508723,3.239164345230031,4.324189536745603,4.108118493942707,4.276490577814082,3.3863330613192324
2018-01-25,3.1771084277735717,3.3518652404047784,3.7161594783320506,3.3766980916458547,3.355802839806628,3.36926118159105,3.351865240404778,4.418605224447136,4.209191381474512,4.374862869707343,3.5068618372376106
2018-01-26,3.2126340888266625,3.3878519256834014,3.7416047699653516,3.404943772983578,3.3843875035157467,3.396716418378735,3.387851925683401,4.432617537032535,4.220337399369166,4.38411673836079,3.5414380860754893
2018-01-29,3.230859903823495,3.406054906780177,3.777538687189944,3.4054074578666533,3.3865715220489783,3.397328819836512,3.4060549067801764,4.380281976922187,4.173528494456166,4.332302900537516,3.558934015457092
2018-01-30,3.251790273627526,3.430572059479553,3.807932180036547,3.4235652197827044,3.405565386342938,3.415577267426169,3.4305720594795526,4.388029065750982,4.195045006538042,4.345766538744863,3.58776549995216
2018-01-31,3.216386691868123,3.394309112509282,3.767265944404515,3.4044025041729493,3.384902924611487,3.3964406882190112,3.3943091125092817,4.414345323313491,4.214661630705006,4.370496746347318,3.5507502335214998
2018-02-01,3.1813711108373828,3.3586903326832416,3.711942413795818,3.3712262906082358,3.3518227215775935,3.36384634101926,3.358690332683241,4.367078504182037,4.167934871582679,4.3242102106773705,3.514719096238619
2018-02-02,3.2010788302107573,3.378036766822205,3.7198536571967846,3.387439017127323,3.367927510059123,3.3797455248680923,3.3780367668222047,4.391791537322385,4.184218833285655,4.345480064234027,3.5336753021743292
2018-02-05,3.0189113660818903,3.1866346024649737,3.49344039671632,3.20703272629108,3.1868750366961422,3.199646083232313,3.186634602464973,4.184269025936259,3.978073569692972,4.137025227466121,3.3345874210219644
2018-02-06,2.9053746152584368,3.06493725118877,3.35368645619254,3.0811103293855235,3.0623518185118948,3.073437332630118,3.0649372511887694,4.016408738934951,3.816137559659141,3.96974286137616,3.2049437682078388
2018-02-07,3.023827082895133,3.1936206399714786,3.5139708204491336,3.2102201952848706,3.1901335694177178,3.202213430905557,3.193620639971478,4.210342968687573,3.992165176117972,4.1569604470605555,3.3431410362156937
2018-02-08,2.9640276688666027,3.1305906488962036,3.4211549939991976,3.150244331382654,3.1302638992847736,3.142151873840331,3.130590648896203,4.142711115337249,3.927206865988542,4.090066961752588,3.276933524271169
2018-02-09,2.929663255094953,3.092946074110958,3.354721900318204,3.1051733368502776,3.0859020946325884,3.097308597371562,3.092946074110958,4.062402810638798,3.852226572195834,4.01089705868171,3.2359777959361353
2018-02-12,3.061439702914172,3.230216046442856,3.4845897725106387,3.228882534058457,3.2098405039733984,3.2210308385415733,3.230216046442856,4.167772582519629,3.9562243957458847,4.117085213306828,3.377225780294815
2018-02-13,3.1234417818664384,3.2999597166965295,3.54769608430053,3.2982989653281316,3.2788866444162306,3.2902562595084013,3.2999597166965295,4.2879755317325605,4.067167875137808,4.236127107676845,3.454823829367729
2018-02-21,3.2056302858370533,3.3867980282799004,3.645620851601483,3.38680127101903,3.36676484601603,3.378655031739,3.3867980282799004,4.403164526351282,4.180399773732869,4.3514526097004005,3.5461026256047443
2018-02-22,3.1645983017953356,3.3429156094327914,3.5980663299676974,3.3406475352910765,3.3210201376264386,3.3327331534541784,3.3429156094327914,4.339354302870342,4.118692969731759,4.288675587765011,3.499602439612225
2018-02-23,3.2529874620988166,3.4326007703703185,3.705123723882393,3.4194172294327414,3.4000585247654063,3.4115173412317255,3.4326007703703185,4.382665796353222,4.1620230697081695,4.330974000768202,3.5889364652011495
2018-02-26,3.2873249226151597,3.4672889920611834,3.7672428899644843,3.4564654756924154,3.4368758183714507,3.4484532649021653,3.4672889920611834,4.43256455685591,4.203799373610752,4.379393247330663,3.623521670133047
2018-02-27,3.314427948624125,3.4976849285051053,3.7928767943051915,3.4848888387552432,3.4652025428104802,3.4767741073287937,3.4976849285051053,4.479153910621794,4.248397991755866,4.428401802724564,3.6574407286688246
2018-02-28,3.3398051750718576,3.5246172036846275,3.802426632743766,3.503550468489895,3.48418918518495,3.495406522812218,3.5246172036846275,4.499552573200725,4.262380439856386,4.446842619215555,3.684739889680788
2018-03-01,3.314719495344409,3.498945974453107,3.7959501801009523,3.4832088675568134,3.4636632282211193,3.4750636079626083,3.498945974453107,4.4694427336539135,4.234020707031904,4.416888235166147,3.658347608332944
2018-03-02,3.3322004250939274,3.5198575812775004,3.8140040884303117,3.50367750062726,3.483971000039845,3.495528687507483,3.5198575812775004,4.505781885656414,4.270567212772457,4.453416012518664,3.682706270043651
2018-03-05,3.2319134481294425,3.4159327790572784,3.686427546448736,3.4144008663444874,3.3942235902750406,3.406425764802627,3.4159327790572784,4.441370642637419,4.2064869038346515,4.388173897392552,3.576685332917757
2018-03-06,3.334556167707347,3.5231957093301505,3.816743012747785,3.5067810510986104,3.487094156583174,3.498918827465022,3.5231957093301505,4.507982489270028,4.270050897956281,4.453566338608583,3.686714373845858
2018-03-07,3.291803080787549,3.4804591229179596,3.771821712597839,3.471765030447657,3.4517296919071807,3.4640195253453236,3.4804591229179596,4.48781952201613,4.2530433552025375,4.433896432275962,3.6445635980792126
2018-03-08,3.330950933642786,3.523396148152777,3.8198617207109065,3.518846379526957,3.4982820976455784,3.5109393541385665,3.523396148152777,4.563317562252158,4.328363342506075,4.507573915946233,3.691222879062939
2018-03-09,3.357226332939227,3.54956300737579,3.8383845064304323,3.5407798685690075,3.5203597586599407,3.532928493495228,3.54956300737579,4.59599657895882,4.355742041223985,4.540650343429775,3.7173064025868325
2018-03-12,3.3852699869978973,3.576066025642965,3.872148935746192,3.5618810944566883,3.5416825499586744,3.553975584938401,3.576066025642965,4.607565734148094,4.363990055934576,4.555484615250289,3.7420144254402343
2018-03-13,3.4086382587532835,3.601793795708031,3.887435767117355,3.585185889893265,3.564907196444569,3.577281661010245,3.601793795708031,4.6524550747300895,4.406411736225931,4.5999643203207485,3.7700100001170536
2018-03-14,3.421639665089658,3.6160949348375606,3.8917548721543094,3.6004360068914436,3.579880318778577,3.5924558898094126,3.6160949348375606,4.693796670075539,4.441225712316366,4.639237918939071,3.7852738062470714
2018-03-15,3.4309942582608173,3.6192012518396464,3.9052779493352223,3.59782788692913,3.577414741048503,3.589655043872108,3.6192012518396464,4.6666474767419555,4.412518886923593,4.61148338951183,3.78112797459371
2018-03-16,3.475010759041429,3.6636730256430448,3.9539117582781635,3.6405913196198316,3.6199728274183403,3.632338008710273,3.6636730256430448,4.729053448523264,4.467469478034396,4.6721213404554005,3.826090691970983
2018-03-19,3.4943328540644436,3.6865188982301973,3.972596971591764,3.6592708487414027,3.638977372685147,3.651127216926711,3.6865188982301973,4.738647753340663,4.485863098959689,4.685697929988667,3.851948318153235
2018-03-20,3.5115743071528063,3.707146802835026,3.997890489400634,3.677303324871696,3.657086423973573,3.6691414766446497,3.707146802835026,4.75125978157678,4.500553662874043,4.703759648404116,3.874938829003466
2018-03-21,3.529365712330464,3.724244953263824,4.0155124787722665,3.691599344319012,3.6715083994546993,3.6833162364033774,3.724244953263824,4.757614087795862,4.508911826660258,4.709804114988768,3.8909817619243814
2018-03-22,3.5278796024951813,3.7207311374191825,4.007925976838185,3.6912743201108005,3.67109099546049,3.683057376502866,3.7207311374191825,4.751470364033208,4.503821421092044,4.704091563896726,3.885314916942238
2018-03-23,3.459309415989142,3.6533628123330253,3.9321050870894005,3.6295407243543227,3.6094892488014367,3.621533674053579,3.6533628123330253,4.69951153966346,4.456904730161421,4.654048151310962,3.8201541281554716
2018-03-26,3.5159245901811502,3.71403777004841,4.003159544974888,3.688773208212635,3.668455854604337,3.6805436557731834,3.71403777004841,4.751273791433773,4.515525586392836,4.713783697812422,3.883913845567395
2018-03-27,3.5163347275575005,3.717744494484342,4.007043313187673,3.6978504993406833,3.677235009036465,3.6896731169471604,3.717744494484342,4.776988841896951,4.540230814465133,4.738996038092696,3.89194073566083
2018-03-28,3.5032071643204175,3.70305962077811,3.9885839973032846,3.6814256798881777,3.6610843463321987,3.6733380164404905,3.70305962077811,4.734665172464688,4.505035070678834,4.6989921505883805,3.875428207597468
2018-03-29,3.4988187021581267,3.6978571208914337,3.9770805859150333,3.680828651112019,3.660139698494728,3.672544168925017,3.6978571208914337,4.757105469307293,4.519956459786799,4.716731872986817,3.86832547794124
2018-03-30,3.5114434759294064,3.7096836783305998,3.9845086559117715,3.6903433168938404,3.6697926085205426,3.6820831064394413,3.7096836783305998,4.746914215560894,4.515516952345477,4.709811853066045,3.8781943716502822
2018-04-02,3.5772185425886898,3.7749886812112856,4.063487143028693,3.735112569376842,3.7152268370848525,3.7267558408561827,3.7749886812112856,4.72185526304647,4.506154237768533,4.693389067729077,3.940651137738622
2018-04-03,3.5576206624078965,3.746859139236225,4.040200472862215,3.692739902451325,3.67375212658649,3.6843135925214296,3.746859139236225,4.587123645690834,4.384181705250365,4.561011894096407,3.9024089413798397
2018-04-04,3.5566973656412584,3.7524121888552386,4.044646666805448,3.701887794015048,3.6827434184315755,3.6936073037992148,3.7524121888552386,4.6178749937389325,4.417118638381096,4.592431281407101,3.9165491610991423
2018-04-05,3.5696303990191045,3.765868590942385,4.056983035496831,3.7119719150841632,3.692986034469483,3.70368926877709,3.765868590942385,4.6128385891517265,4.4161844246680415,4.589319931862108,3.929788081099439
2018-04-06,3.606897550644891,3.8019083773535525,4.096864829024145,3.7464257830877985,3.7273705353544146,3.7380996422994204,3.8019083773535525,4.641244521450437,4.442691863340159,4.616076623589352,3.963877667483936
2018-04-09,3.645850830098711,3.8385748187045046,4.140242908302259,3.775549918557382,3.756626401721073,3.767073312022598,3.8385748187045046,4.640732439382595,4.4447191460092945,4.615696756789256,3.9970199763702285
2018-04-10,3.6375132274792725,3.827575659605559,4.127598926936103,3.768875371165284,3.749636484382849,3.7601962633478982,3.827575659605559,4.649098489232403,4.445294135910873,4.618931966762476,3.983233846269591
2018-04-11,3.5388175818617773,3.7265960708439714,4.016369954413337,3.6773393388063216,3.6581642058811408,3.668852600252378,3.7265960708439714,4.581281608709647,4.374067744323283,4.54662114542101,3.882252284000033
2018-04-12,3.5604358064094646,3.7494102208979094,4.018788346712454,3.7040100093265886,3.684494354534805,3.6953027261058145,3.7494102208979094,4.630646816322516,4.418608965635834,4.594134473376992,3.905732910034739
2018-04-13,3.496752752356058,3.6873948760218855,3.9801340241979957,3.651709812526606,3.6321780890562256,3.6431542317366703,3.6873948760218855,4.595437750825782,4.380545949891905,4.557736397311967,3.8466660082328445
2018-04-16,3.482787032840125,3.673296767631357,3.977136831218728,3.6388393914515795,3.619325932105786,3.630162427857024,3.673296767631357,4.580094904322931,4.365648905602839,4.542977587014208,3.8312712413251355
2018-04-17,3.5072217311700395,3.6942642154288188,3.982139046305328,3.6518170288210716,3.632535417329635,3.642937415859764,3.6942642154288188,4.562289190810902,4.352418117003554,4.527080036758644,3.846728020913686
2018-04-18,3.446942914136189,3.638659688763199,3.9542487186240107,3.5997864428314497,3.580690720738264,3.591338415339739,3.638659688763199,4.521161956463694,4.317175465359742,4.488722596974669,3.798411348620914
2018-04-19,3.298940439501516,3.4842750622349774,3.7851288671599694,3.446971512230678,3.4287005286532697,3.4390842084651916,3.4842750622349774,4.340278145354309,4.145418035923266,4.3079381853765915,3.6408163168038277
2018-04-20,3.3875000278688616,3.573050635441381,3.873780491594711,3.534156002915936,3.515429216526602,3.525806672153215,3.573050635441381,4.4482031827997,4.2446234708780795,4.413308230564787,3.728052748585652
2018-04-23,3.2219412468222917,3.4088320787106583,3.689744779064482,3.387884190969774,3.369346897308083,3.379964979336221,3.4088320787106583,4.31559311708386,4.119736582415123,4.287647231892962,3.568744947751119
2018-04-24,3.221003368806557,3.403117378941825,3.660104057187296,3.3847709247683353,3.366215570200598,3.3767470988920767,3.403117378941825,4.291223450357197,4.097370198524009,4.264538112838862,3.5579481505978148
2018-04-26,3.0584571470989568,3.243468238074674,3.5008619082726287,3.2327010654588055,3.21485512545626,3.2255702435176445,3.243468238074674,4.131580928071498,3.9549724228908425,4.114256749955365,3.4072131000713703
2018-04-27,3.1181660836432394,3.305431121519891,3.558967821182859,3.2948043954008224,3.2764123095600373,3.287369196691809,3.305431121519891,4.22776890242579,4.042329484397332,4.2063331998816205,3.4693323610084854
2018-05-02,3.052091639609478,3.242974784460979,3.5028943038233544,3.240371148008626,3.2219610240415024,3.2331450662650023,3.242974784460979,4.198333554807778,4.016379175314766,4.17862793901669,3.412317661382068
2018-05-03,3.079744318786311,3.274672775614892,3.5527276190093877,3.272774428098279,3.2540453864853944,3.2653684131303873,3.274672775614892,4.264913402939159,4.078150692940477,4.242313665771659,3.4477633720797205
2018-05-04,3.068282306736141,3.2659731922609634,3.5397991302597758,3.2629756393716147,3.244387054485814,3.2556663818545695,3.2659731922609634,4.2421780574900225,4.064674048546187,4.225381889099989,3.4422878137582824
2018-05-07,3.194778403849625,3.400697481134868,3.669771855518488,3.395785960609016,3.3765008143283075,3.3880720640190742,3.400697481134868,4.427059724557672,4.239364356858931,4.407057612777441,3.584928637626031
2018-05-08,3.1805752607698468,3.381768595986273,3.6462372426411997,3.3770388409077965,3.357845887921501,3.3692225223483976,3.381768595986273,4.395809616926958,4.205838319357839,4.3733357806094855,3.560546891816498
2018-05-09,3.1576610044484794,3.357543811702184,3.621377175381331,3.353023573471873,3.333994042240663,3.3452989056467715,3.357543811702184,4.364787095641333,4.1764727891305675,4.343255553703398,3.5356224878254765
2018-05-10,3.051875697031408,3.2478704859871446,3.490394759905533,3.250143499595986,3.2314598106061063,3.2426848317514914,3.2478704859871446,4.249257882016244,4.068213266788487,4.230290972759819,3.424610245588324
2018-05-11,3.106563619076099,3.3040673136545213,3.55279367013405,3.2996611610467723,3.280975497627689,3.2920413486439495,3.3040673136545213,4.28217540633919,4.1060000526477625,4.266861370363515,3.4806260081018565
2018-05-14,3.1556012064364984,3.3559863058205277,3.5888614512886328,3.351594704652177,3.332736916277797,3.3439666273227564,3.3559863058205277,4.324699352079931,4.157980115903711,4.318013638769012,3.535838787176572
2018-05-15,3.1779051131704765,3.3758586852839585,3.6037714657888924,3.362572636237208,3.344797143940037,3.3550183828551727,3.3758586852839585,4.331173563628963,4.163036277421114,4.325955676948011,3.551537307328681
2018-05-16,3.1136964710409614,3.307186351483224,3.540082222552189,3.298661559613286,3.2809112813049977,3.2913740933900333,3.307186351483224,4.265978019621575,4.099092563466849,4.2627245537029355,3.4783555681004352
2018-05-17,3.0578517409298906,3.2433597758583126,3.49158014024444,3.2448226630557646,3.2258227408205715,3.237434518891579,3.2433597758583126,4.208910510235815,4.038409908035822,4.200169904712186,3.408182223874156
2018-05-18,3.0663764269658587,3.2624705243729943,3.4887009995252005,3.2519491913978142,3.2348208122675426,3.2447403621081397,3.2624705243729943,4.2221190249132325,4.056777214934908,4.21753535644021,3.4384549154501536
2018-05-21,2.9946240930203185,3.18971844201652,3.4204977934339524,3.18128955199173,3.1642617469563468,3.1741473463021928,3.18971844201652,4.171978655340457,4.001959113161961,4.163446494592048,3.3652056326758286
2018-05-22,2.8702993657145424,3.0609092590542866,3.284984352110834,3.0683840366482977,3.050477657863263,3.0614114759742344,3.0609092590542866,4.065591266324076,3.895107555699064,4.056136816535141,3.2348804690351347
2018-05-23,2.9338865142148425,3.1191697934673774,3.3555722704420776,3.154378706683867,3.132434984671162,3.1467252456337205,3.1191697934673774,4.188493232126044,4.002950072104899,4.17041568724665,3.2902480701504437
2018-05-24,2.8986854457844156,3.0822332971168036,3.3059293380865915,3.1253076971395415,3.1028277505685,3.117565784706723,3.0822332971168036,4.149945575985162,3.96672046706427,4.131850671358174,3.252484498652927
2018-05-25,2.8099224167319323,2.9908119119773438,3.22181708724038,3.0431688626198965,3.0202121151516494,3.035561141946025,2.9908119119773438,4.0304535701000965,3.855967302678112,4.013556470480081,3.1593961694538497
2018-05-28,2.6476125976598768,2.8258699694344904,3.0397432110838714,2.8887166075924684,2.866258871804334,2.881892279924644,2.8258699694344904,3.817899733835193,3.662962434472935,3.8124366339577773,2.994897939905423
2018-05-29,2.7734236366106026,2.9559766380745107,3.1804366042733534,3.0007554104801244,2.9785913625642984,2.9934039218076833,2.9559766380745107,3.928349327725479,3.7691343444219325,3.916114318645627,3.1262581481087057
2018-05-30,2.7557900172631444,2.9347564376620108,3.1694439733494626,2.971097030864631,2.9498087739843224,2.963919756425886,2.9347564376620108,3.8434602026459124,3.6905318270455965,3.8318045504935054,3.0988163343913597
2018-05-31,2.851605951077838,3.0316577981627533,3.2780931096586445,3.0491376384870015,3.0290798261648826,3.0419504985478976,3.0316577981627533,3.901270739248653,3.749884754074414,3.889432880057687,3.192319989426381
2018-06-01,2.9092254459698954,3.097140928982766,3.345910287499862,3.108279490986069,3.089168469825239,3.1011379539674127,3.097140928982766,3.9861401531941403,3.831418885577396,3.9751845442143114,3.2647822839736507
2018-06-04,2.993347629371891,3.1916930416877194,3.4367457686979423,3.190115795635071,3.171723944234602,3.182604274554108,3.1916930416877194,4.0958337148154556,3.9364174382428496,4.08147860681009,3.3688273324740194
2018-06-05,3.0329093580520268,3.231299791599887,3.490415343272764,3.2462199555145057,3.2258649298143998,3.238654515369933,3.231299791599887,4.1786062343494725,4.0127806454130805,4.166262257753166,3.4100700862222038
2018-06-06,3.0678252118882128,3.2705644332346178,3.508946487387585,3.2565582688743144,3.2393023326878843,3.249000270553612,3.2705644332346178,4.181372475546443,4.0199379493658265,4.170401620752717,3.4505868486907163
2018-06-07,3.0543467440925736,3.2616437930965594,3.500466136272053,3.2470576853483024,3.230475218859019,3.239528504996108,3.2616437930965594,4.183088974480623,4.0204924118099585,4.170326435515659,3.446630334562014
2018-06-08,3.0689662742758976,3.2731783875513565,3.50852319491821,3.2653772810942403,3.2476687566847198,3.257721004795228,3.2731783875513565,4.214716717594647,4.0468578544741876,4.2001796966687905,3.455067277801058
2018-06-11,3.0500127445372414,3.257573600093769,3.476251741345035,3.2567366535074975,3.238811211625883,3.2490622592998113,3.257573600093769,4.233615130878361,4.062867109190094,4.218635219363242,3.444503035471934
2018-06-12,2.9875193055883367,3.194970927096039,3.4053950379420335,3.1971448276724828,3.1794491737698465,3.1893264785427777,3.194970927096039,4.182841999606699,4.013348879031047,4.166899570794478,3.382884315365848
2018-06-13,3.0151439194987146,3.2233703305238843,3.4362593931805323,3.2243408439184327,3.206620024775276,3.216629847956068,3.2233703305238843,4.209929956877488,4.039657024878654,4.193344050631738,3.411229698337405
2018-06-14,2.9510466741032237,3.1573871176323016,3.3594445794328998,3.1678767794861393,3.1499164469584926,3.160212430584666,3.1573871176323016,4.162473848172589,3.994674581524496,4.147550974364331,3.345689186506853
2018-06-15,2.963075112525957,3.1698597669868627,3.367803863875455,3.171118189460535,3.1536115500247335,3.1636729431495216,3.1698597669868627,4.142952883888492,3.977327847672194,4.1290565240252075,3.357851888797211
2018-06-18,2.8593233406126823,3.059084395839061,3.264566315024301,3.07515584390281,3.057417120566844,3.0676080136310357,3.059084395839061,4.078701133691,3.9111390093684153,4.062837524358868,3.2413509215962226
2018-06-19,2.7708911782476684,2.9630364847096367,3.1373096825368236,2.9664180713732633,2.949772909302285,2.959396164553071,2.9630364847096367,3.886455402625004,3.7335497330853333,3.8791972899020757,3.1383392491729154
2018-06-20,2.849696274707802,3.0481566543438827,3.2576354587235232,3.055054350729587,3.037972847635125,3.0477953221075276,3.0481566543438827,4.0346840140402875,3.8708280670042363,4.021136677074181,3.2277639782659207
2018-06-21,2.8113048609192615,3.006979239503978,3.224540357027011,3.0319246773545525,3.013952120342274,3.0242913456123532,3.006979239503978,4.046169734971399,3.8770287639174223,4.027004983201487,3.1855513460745555
2018-06-22,2.8758862889729433,3.072965485369472,3.293464102937256,3.101843684793115,3.0829631232860573,3.0936407853562495,3.072965485369472,4.114214940610939,3.9429164936369627,4.093976954322525,3.2540975890912933
2018-06-25,2.904988753605166,3.103199683693535,3.3311224772153047,3.1345093919657474,3.115356037082836,3.126191147052394,3.103199683693535,4.168499986988427,3.992050143573119,4.1437680883065156,3.2848173660054236
2018-06-26,2.880955399511193,3.077139824270759,3.3145979667211196,3.1139787779157806,3.0946701125173415,3.1056680796124163,3.077139824270759,4.15886838642958,3.979505467622266,4.130372027656826,3.256277817657285
2018-06-27,2.8413050030970872,3.0374133865206914,3.3039993342850122,3.0981768669743275,3.077927895932243,3.089410719130496,3.0374133865206914,4.241005102327642,4.049511251687548,4.204654909763326,3.217713742916832
2018-06-28,2.7707076942278723,2.964884920977015,3.2122355079351257,3.0192252570893605,3.000101759656838,3.010895199004775,2.964884920977015,4.151611644015004,3.963341219137046,4.11361691555347,3.142351702730277
2018-06-29,2.7663923030046718,2.9618426542150114,3.19463629065128,3.010528456749119,2.9920366417776996,3.0024455317052854,2.9618426542150114,4.127179192512355,3.9403175722339268,4.088311112936256,3.139779428058534
2018-07-02,2.702826981139528,2.8963731267006656,3.1278354305273703,2.9629503871205594,2.9438766595809986,2.954565689404046,2.8963731267006656,4.11992214161241,3.9308263238626413,4.077763096649629,3.075040865249675
2018-07-03,2.573367645188362,2.7651940022249346,2.98153163246386,2.8336916839294144,2.815504562726805,2.8256038015119467,2.7651940022249346,3.98498391560828,3.8034675213448392,3.9479270939859323,2.944844300198181
2018-07-04,2.580930482155914,2.7797171767747644,2.9871321047981443,2.830767241388138,2.813817276072635,2.8230995357708744,2.7797171767747644,3.992206308560862,3.8143700602492734,3.958940086384267,2.9640776570996925
2018-07-05,2.4812328947941658,2.678914992479556,2.851500720791175,2.7302501696323254,2.714053277701324,2.7228667728016793,2.678914992479556,3.879411790911524,3.710923532675863,3.8525486555419945,2.86421348615105
2018-07-06,2.5868856578370387,2.786314865077179,2.969846885243743,2.8158504070470243,2.8000947812689025,2.808632307090761,2.786314865077179,3.9056686357306654,3.7398259990824263,3.8823949623217544,2.970247567695685
2018-07-09,2.5773568610220345,2.77453891093145,2.9670168803047527,2.8086418203591266,2.7926932132948896,2.801292279750204,2.77453891093145,3.9097616052658912,3.740557391401958,3.883490555002652,2.9566442343244086
2018-07-10,2.5836884090219883,2.779807308896886,2.969409509652436,2.8095790470046107,2.793736906870296,2.802286859736679,2.779807308896886,3.8961847561770258,3.7277222420157687,3.8701786809970913,2.9607338040021935
2018-07-11,2.4942991573276756,2.694384037239499,2.885088528959829,2.7314696607735107,2.7160416651238903,2.724437685818241,2.694384037239499,3.8588646164295466,3.6929368443464408,3.833534590886352,2.881760335255563
2018-07-12,2.5215018665421116,2.7180133893934686,2.901898600700293,2.749681018391652,2.7341983668151966,2.7425130466428684,2.7180133893934686,3.8483888857451087,3.682284657038038,3.8229477755316723,2.900833075798961
2018-07-13,2.5809196162053616,2.7782848300015455,2.961513157963946,2.7991064408727295,2.7836457295724597,2.79191611948177,2.7782848300015455,3.8635986959455284,3.698192525047051,3.8389004943939846,2.9596779745678257
2018-07-16,2.6029985010904717,2.8006899504789504,2.9821701915939047,2.818065593146373,2.802600994667389,2.8108738381722165,2.8006899504789504,3.86845310306565,3.703023253795577,3.84383292456583,2.981601394872621
2018-07-17,2.6441381250368616,2.8426397676643744,3.013657616053164,2.8543953619868825,2.8387712391734206,2.8470131387698037,2.8426397676643744,3.880480264712518,3.7154706138777085,3.8566025002447826,3.022622320111753
2018-07-18,2.7192052622944427,2.918494608037281,3.0884888882736634,2.918261109960803,2.9026574472647972,2.910895464773191,2.918494608037281,3.9032197347611386,3.738110803917944,3.8798203021620714,3.0962988993503493
2018-07-19,2.717398085939153,2.9176099314648156,3.086708253462835,2.920212903240527,2.9045965934919176,2.9128260926666836,2.9176099314648156,3.8949985774695017,3.7300063678153625,3.871405438549526,3.096225931481584
2018-07-20,2.713855321131641,2.901453634794624,3.0789215242177503,2.9218940809096487,2.9053201129793433,2.9141074603092294,2.901453634794624,3.8891675130688594,3.719008626920709,3.862123020118299,3.0677940721089105
2018-07-23,2.7039293640155813,2.898025860065986,3.079627735628535,2.920578333853342,2.9042342846581968,2.912980982282233,2.898025860065986,3.916764408109608,3.7470387523320614,3.8904104526053147,3.0716086581419773
2018-07-24,2.6782835170354846,2.8734109754503288,3.046340400628107,2.8985906133288473,2.882221133237963,2.890911751911084,2.8734109754503288,3.906176801433041,3.7376010188356124,3.8807704762048405,3.049474906455512
2018-07-25,2.655487030017922,2.8496259462861646,3.0240539695114856,2.888792630731452,2.871907483103477,2.8810095298322276,2.8496259462861646,3.91338048618727,3.742750381841102,3.8870704674252248,3.0262265615035755
2018-07-26,2.66014398175492,2.8582617384169664,3.0337496096448,2.883961881622878,2.8677334954477014,2.8764463486866663,2.8582617384169664,3.905334956877518,3.737269389503094,3.879960159798736,3.0375711076775564
2018-07-27,2.6888766740790153,2.882519031148681,3.052110279682051,2.9155903892964568,2.898676668232628,2.907652179013104,2.882519031148681,3.931638342928391,3.761232161347674,3.9058177450716483,3.057299375560204
2018-07-30,2.7318462629137263,2.9203937589956763,3.080795755032297,2.9488873419846353,2.9318701240005804,2.9408573522843677,2.9203937589956763,3.9062515084954277,3.7366052418108153,3.8803867447999676,3.0873393139958583
2018-07-31,2.742258069961232,2.9298461685325465,3.0841609162132406,2.958449982815601,2.9413658431146765,2.9503630729242105,2.9298461685325465,3.895347273385778,3.7257521941552305,3.8693922696030465,3.095022546943011
2018-08-01,2.724040675833313,2.9098433515641853,3.063187032683018,2.9367750526667504,2.9199763024254994,2.9288892412592475,2.9098433515641853,3.858521630063814,3.6904761860702173,3.8325123826932894,3.0725900524374383
2018-08-02,2.7062054965389764,2.893310578743448,3.0422199610410847,2.911694912334861,2.8954566718153583,2.904023144532429,2.893310578743448,3.813639372273092,3.6500200875314213,3.7893693386661766,3.0567823553595352
2018-08-03,2.7247044747162508,2.9075683076065517,3.0576078708062324,2.9359452033050206,2.91917447438592,2.9280425245203343,2.9075683076065517,3.8309573967936026,3.6653726394042896,3.8059015871795503,3.0654675688903654
2018-08-06,2.7164849941625024,2.897349140866727,3.0409495109108176,2.9243666046665058,2.9077452288177064,2.9165634776268066,2.897349140866727,3.78804669000861,3.6244153381767092,3.7632770779628624,3.0523305522986344
2018-08-07,2.7171683869883947,2.89532012176432,3.039310883750001,2.9137834464840227,2.8976025701264683,2.906145141668032,2.89532012176432,3.7392576531212742,3.577316358495984,3.7142552134029394,3.0459343125482334
2018-08-08,2.763281973821428,2.942001167845024,3.086015258493127,2.9461442329177303,2.9303751249484047,2.938659268267134,2.942001167845024,3.7521616618156393,3.5911441258650654,3.7284207698260685,3.0911505546294755
2018-08-09,2.765874666393591,2.9496774515024016,3.1022894820105087,2.953923983464315,2.9380944924049546,2.9463570694642884,2.9496774515024016,3.7884713312565577,3.627234169576819,3.7662956452873706,3.1053726019775767
2018-08-10,2.785799040216982,2.968482071267867,3.116959192232006,2.962356745628255,2.946948965533843,2.9548066077465465,2.968482071267867,3.7851422177310328,3.623960580889217,3.7629459138633177,3.122081465321661
2018-08-13,2.836128575090688,3.0181447405186996,3.1720109064744646,2.995450734234707,2.980434021954922,2.988154835997935,3.0181447405186996,3.7868725768432503,3.6263903435001343,3.765418552874238,3.1683025152903013
2018-08-14,2.829897381435065,3.0170021451662374,3.170304406286731,2.998015035360192,2.982939923997649,2.9907512370396128,3.0170021451662374,3.7996771151434583,3.6397652944074355,3.7789934223126385,3.1733467307073533
2018-08-15,2.779958100115756,2.966771876274671,3.1205509371415605,2.9619267773668168,2.946423252987101,2.954425647402662,2.966771876274671,3.7930432024754555,3.633371306456055,3.7720624117239563,3.1257661790769995
2018-08-16,2.7922195153786182,2.9793264474865198,3.1324821700591783,2.971078290643296,2.9556021837565942,2.96354947666039,2.9793264474865198,3.8075675949671703,3.6467073934490157,3.786380205738369,3.1380343183341965
2018-08-17,2.797977603044146,2.9865619956280796,3.1412316281725663,2.9794660892739837,2.9638832975228055,2.9718547983844408,2.9865619956280796,3.8203591222486453,3.65945145767771,3.7992931485332893,3.146460274787282
2018-08-20,2.7956933978213176,2.9849109686176365,3.1361506709139837,2.9812263553874607,2.9654990351477775,2.9734346022798452,2.9849109686176365,3.8288737262357113,3.667584750803073,3.80759350340242,3.1462918594867344
2018-08-21,2.8268522070901896,3.0162276578026592,3.169931282167117,3.0067769621007043,2.9911039308437886,2.999018859603272,3.0162276578026592,3.85625858277393,3.694224052715259,3.8355171574778795,3.1770479951344726
2018-08-22,2.8405068385495285,3.03097402993111,3.1856512482239983,3.0209281013860476,3.005271328382848,3.0132170935346525,3.03097402993111,3.8651389579527793,3.7026715821718623,3.8442980437549648,3.192611937112102
2018-08-23,2.8531185750137524,3.044312875464102,3.2017382194954527,3.037611437323757,3.021653531454825,3.029805639486057,3.044312875464102,3.888497118773269,3.724928908580852,3.867305328926844,3.2060567953873047
2018-08-24,2.8503153827400474,3.0403776250117533,3.197979056954636,3.032872400332343,3.016942063028111,3.0250337487686187,3.0403776250117533,3.8816880070273023,3.7182965206279976,3.8602229080386015,3.201103839978731
2018-08-27,2.876227945398784,3.0663317968920625,3.224812539363496,3.0555467523127557,3.03961439010468,3.047661242800926,3.0663317968920625,3.901277716579156,3.736586054214676,3.879314373182107,3.226124756804155
2018-08-28,2.8839396443894394,3.0749935489224756,3.2359271325250734,3.0595280629871233,3.043823252760635,3.0517660457854623,3.0749935489224756,3.9017715533829085,3.7372549313758827,3.8802233644082036,3.234894297883325
2018-08-29,2.8720919522628483,3.062931459322582,3.221555402248506,3.0421359552493277,3.026896591247375,3.03448064065316,3.062931459322582,3.879712667894519,3.7166259456138517,3.8585649250873355,3.222928919381059
2018-08-30,2.9080502205305154,3.0984145667609284,3.2569791578505765,3.0687722441819845,3.053913909161842,3.061284581972863,3.0984145667609284,3.8725120337539427,3.710136271640101,3.8516181231425546,3.256902328415831
2018-08-31,2.8793702737352196,3.0695335363372758,3.2216135338358765,3.0351116866074386,3.020764145511882,3.0277695281294204,3.0695335363372758,3.841874976601524,3.680712532326235,3.821437044075738,3.228641584076588
2018-09-04,2.8295875003289988,3.0197804839136166,3.1758228659815644,3.001441017499707,2.986534999875089,2.993855498229841,3.0197804839136166,3.8348491222399996,3.674046708308937,3.814082892839964,3.1819549453527696
2018-09-05,2.805903956368678,2.992494820537753,3.1477574631507594,2.975152675840773,2.960304484320164,2.9676177233628622,2.992494820537753,3.797155235479522,3.6376720161072513,3.7770801224962254,3.15069574670261
2018-09-06,2.773050039148213,2.9527256384569798,3.095354715931184,2.9324192580823083,2.917844345937516,2.924913847496083,2.9527256384569798,3.7090956703880003,3.5543271172350543,3.6875658346650773,3.102455849534711
2018-09-07,2.8163199468923055,3.0017044121709118,3.149378392581058,2.9736163296565112,2.9593314137679783,2.966084103172861,3.0017044121709118,3.775996304807502,3.616780964748906,3.7550073659164482,3.1580085465325216
2018-09-10,2.815706405501103,3.0013335772488885,3.152856537424605,2.977089989356146,2.9625453023233694,2.969661347691834,3.0013335772488885,3.7838709636038943,3.624136975322538,3.7640198491900425,3.1578745174331395
2018-09-11,2.8582089846873844,3.0448111951499275,3.1888792668760315,3.015154618732557,3.0006886857036106,3.007730653966119,3.0448111951499275,3.8178821145653528,3.6574090284917737,3.7972418880771777,3.2013806697633025
2018-09-12,2.8551649666828,3.042412204393587,3.185551211328546,3.0135304743574616,2.9990343336995267,3.0061646971841895,3.042412204393587,3.822466646075798,3.6614513006071885,3.801786675318701,3.1998532432911366
2018-09-13,2.8619054039525627,3.0494630016938027,3.196265144552129,3.01530869464077,3.001126826439349,3.0079670822803006,3.0494630016938027,3.810614776056613,3.6504629306546756,3.790332893544963,3.2062844148071576
2018-09-14,2.876737889185291,3.0648636700354186,3.2105073141912537,3.0319234208928356,3.0175460027373027,3.0244768210514548,3.0648636700354186,3.8271246830548646,3.6662027105557087,3.8071080420339833,3.222781838478386
2018-09-17,2.853869118247965,3.044616861627595,3.1956477417455202,3.0137412994541464,2.9994812562433446,3.0063942597037507,3.044616861627595,3.8232201782051014,3.662218120557434,3.803132157532976,3.206463934490526
2018-09-18,2.8694211275126746,3.0623459620999727,3.211474446607037,3.0239605920947734,3.01002663002944,3.016754968263548,3.0623459620999727,3.8227188204087454,3.663161478872653,3.80315463684078,3.225216450228472
2018-09-19,2.898182137479117,3.0856957833684535,3.2364337084520143,3.045814035702323,3.0317655540906263,3.038541860155167,3.0856957833684535,3.829200812164281,3.668772402788687,3.809206063406049,3.2436674203951665
2018-09-20,2.9319214802667917,3.117660049997869,3.2792565388908193,3.070356246341953,3.056506817981712,3.0630703564804542,3.117660049997869,3.8279171196504733,3.6676190553776187,3.807545891844756,3.2718393065155795
2018-09-21,2.9652821663513063,3.144759099674609,3.2980512693223103,3.095360135683785,3.0812998360763406,3.0880386851496717,3.144759099674609,3.8345651811031325,3.674722353073492,3.814228356371309,3.2931070820175607
2018-09-24,2.989979736674239,3.168707125986459,3.3226849493109216,3.1236053104222283,3.109204550919152,3.1160522259001726,3.168707125986459,3.8662799582646623,3.7036893074293116,3.844610358040701,3.3162706792166703
2018-09-25,2.9868819949682983,3.1623747913573155,3.313217276626306,3.1222392316772933,3.107539371038672,3.1146889566150175,3.1623747913573155,3.865549577716254,3.7022363369407807,3.843586874285453,3.307738370680117
2018-09-26,2.988142746689063,3.161242003183803,3.317831252695158,3.1236731647537535,3.108823612397564,3.11607054579669,3.161242003183803,3.861636083924593,3.697879249181596,3.8399389768042744,3.3049672441661126
2018-09-27,3.0035881440293664,3.1780127695586162,3.3407629108786607,3.139610029056899,3.124773242466717,3.132077346926193,3.1780127695586162,3.8786210288530554,3.713871576400824,3.8574933341677986,3.3226918924920135
2018-09-28,3.0230213108166333,3.19815386574784,3.364536262345486,3.1568590675516797,3.142073652798406,3.149322010399992,3.19815386574784,3.889021778096781,3.7249294460022284,3.8682578937776126,3.3422856541119743
2018-10-01,3.0338213818189415,3.200753987511888,3.356243439092639,3.1676925616473244,3.1522671921099423,3.15997915240414,3.200753987511888,3.8986596571777303,3.7335316854021077,3.876990585237557,3.3391583922472226
2018-10-02,3.0361069521396065,3.2032068118997645,3.3617313984945527,3.1813328129724936,3.1652124829691384,3.1734831456544224,3.2032068118997645,3.9450959079642365,3.777556579820511,3.923217073961224,3.343098133052218
2018-10-03,3.0594265396112346,3.2233204648374763,3.3721923998921244,3.2150763818878514,3.1961363957417963,3.2076163082113145,3.2233204648374763,3.9669015862261765,3.801755363069354,3.953607704844254,3.3583951828817775
2018-10-04,3.0817367188606504,3.245618959113293,3.3970191388483095,3.232235461247086,3.213774889469874,3.224966608475212,3.245618959113293,3.974527251986226,3.8132373971534674,3.9633546951895484,3.379493568416275
2018-10-05,3.025576115343865,3.1915609139281824,3.3380768316723652,3.169576151359223,3.1530516149058716,3.1624523164705427,3.1915609139281824,3.8950789901670695,3.7394236028172685,3.882689081308694,3.3272805729865036
2018-10-08,2.9916983919314504,3.156697723747691,3.29718563418424,3.135242419887325,3.118159947894095,3.1281493844400106,3.156697723747691,3.8525838822498426,3.6991102267834006,3.8415222778375187,3.2905579892142076
2018-10-09,2.989462506797048,3.1521280778333858,3.29743892516663,3.133282219290451,3.115740340551979,3.1262995232304047,3.1521280778333858,3.838447507029369,3.6876691844318708,3.828883448986916,3.284007512806388
2018-10-10,2.9812908829148457,3.1461543088393285,3.294364356940169,3.1242940612353305,3.106921530752732,3.1171885755251605,3.1461543088393285,3.815977907834761,3.6690940650960857,3.806545675962152,3.280552993417621
2018-10-11,2.808615805142134,2.968163956868404,3.1083157642195243,2.9613041062806915,2.942657588131331,2.9536948464384616,2.968163956868404,3.6489267757628343,3.5037687136439444,3.637053087311565,3.101706491930861
2018-10-12,2.8854301123809054,3.046508476599175,3.187652178736148,3.0352310484266196,3.016828942613605,3.0279510845071558,3.046508476599175,3.725662774177803,3.57792208806556,3.715066672740608,3.179348329123042
2018-10-15,2.824513202957996,2.981365095191592,3.11561749512663,2.9770650417230575,2.9573452519687002,2.969371983454508,2.981365095191592,3.654954938967147,3.5091138378032785,3.6442783319495526,3.1109318739429566
2018-10-16,2.8559202873197163,3.016281501929445,3.154199437893386,3.005365663097693,2.9866052818453745,2.997693132855528,3.016281501929445,3.691054996077233,3.5438322052493487,3.678980642313438,3.148328399222835
2018-10-17,2.8825673709779935,3.0421737247237184,3.184377184228222,3.033419479526384,3.014383890028209,3.025555065989903,3.0421737247237184,3.7338263075948217,3.5835334672983716,3.7204171779008166,3.174923396985737
2018-10-18,2.855062999657408,3.0162185281136216,3.1517000246309883,3.0103606041699003,2.9912359627928296,3.002729751500793,3.0162185281136216,3.7055080438576256,3.5586059061019464,3.6941129625710847,3.1499432659970865
2018-10-19,2.83886979502132,2.9987454869087973,3.1341377529734347,2.992459185606231,2.973674064065749,2.984672900864085,2.9987454869087973,3.696215989189022,3.547095736210326,3.682329002035378,3.1318687144058126
2018-10-22,2.8273548378475413,2.9849654115333624,3.1201221607191476,2.9884072256940226,2.9677174066351872,2.98041856906569,2.9849654115333624,3.6947910434673283,3.5471607774827705,3.683312356847617,3.117520796306414
2018-10-23,2.777741722300097,2.9332735446377147,3.063415042141509,2.943880945729049,2.922240573952013,2.935592804392065,2.9332735446377147,3.6514761760516685,3.504916806265488,3.640086984480651,3.065040356034153
2018-10-24,2.7265207540964056,2.882393468808206,3.000700860148122,2.9022782255484416,2.8795678954021855,2.893877224369342,2.882393468808206,3.611135069565472,3.466472595318991,3.601060778671202,3.0150802766088844
2018-10-25,2.698512100053362,2.849093693224593,2.9600765662186186,2.8702788457581536,2.847387001349778,2.8614901378843114,2.849093693224593,3.564693157283528,3.420957059468864,3.5520429193246157,2.9767889028707595
2018-10-26,2.677099992042614,2.8254291031278442,2.923373074423605,2.8566198448108953,2.8322894713967357,2.847942229676647,2.8254291031278442,3.5435541483297013,3.4031171310546853,3.535365683357262,2.9503030820689737
2018-10-29,2.6497129538706994,2.7972434106990565,2.883125249605255,2.834780389801601,2.8093739006126808,2.8257485296125093,2.7972434106990565,3.516790168825969,3.378853457359336,3.508849856338853,2.921401399708734
2018-10-30,2.654474387473187,2.8022128367203223,2.892352085996507,2.837352767132376,2.8123178862415026,2.828371863935824,2.8022128367203223,3.5142943800573683,3.3769700651183463,3.504891680499285,2.9261852670111015
2018-10-31,2.750658095408266,2.8950802102597155,2.989921149613452,2.924193070599851,2.898896720537928,2.914922729978353,2.8950802102597155,3.579973849304368,3.4391396342747287,3.5685199346166265,3.0106792465046364
2018-11-01,2.7120298236978453,2.8572410081145705,2.9453093041633958,2.8878315047551744,2.862899134149405,2.878610440714695,2.8572410081145705,3.5435008423108365,3.4080511291761457,3.5326970730305023,2.974950554375941
2018-11-02,2.751002780058915,2.898789963624328,2.9925881362367175,2.9243664353858403,2.8994649078424537,2.9149447405464777,2.898789963624328,3.592765553963031,3.4578022371946227,3.5815344265329587,3.016304982459052
2018-11-05,2.7559934198111717,2.901811057675522,2.9983283888501298,2.9263052921669246,2.9015156887891247,2.916876525361932,2.901811057675522,3.58197517714488,3.447633909012729,3.570728093949751,3.017999740976676
2018-11-06,2.736694649796319,2.8830894467582766,2.979701813660995,2.910426591981063,2.8856398454486163,2.901030945150777,2.883089446758277,3.5740210983218472,3.4387595068685415,3.56229260536519,3.0009160622593036
2018-11-07,2.7435361714541275,2.8906412774638204,2.9844948916316225,2.9222732863407552,2.8970322039226435,2.9128177698808417,2.890641277463821,3.5892091647758186,3.4545274188692194,3.577375666240469,3.0094371283694556
2018-11-08,2.76062998979308,2.9065175215878774,2.999132039987733,2.9403832144509328,2.914863404260226,2.9308461422881207,2.906517521587878,3.6028888198340296,3.4690945847530292,3.5912348053943095,3.0247224244235613
2018-11-09,2.7099234326758554,2.8560185071190527,2.9437614263203518,2.8948917078773553,2.8694673531444224,2.8854743418528455,2.856018507119053,3.5564632172698682,3.4264527883199607,3.5452557417191093,2.976251194650331
2018-11-12,2.72305487239587,2.8727489863603455,2.9599678269431022,2.9147705854544697,2.8888743420094567,2.905394963356462,2.872748986360346,3.574779106387972,3.441802841561995,3.5621464903815503,2.9992077541845634
2018-11-13,2.6793607853378236,2.828892055419475,2.9132820516739986,2.8781623438245454,2.8520076362797337,2.868799777098239,2.8288920554194754,3.5411243127716654,3.404281794668341,3.527254087148918,2.9605111246942144
2018-11-14,2.6529767747277746,2.8085365190772547,2.8916373043835817,2.864720471972421,2.838268620046769,2.8554100571349545,2.808536519077255,3.550790585246822,3.412082911561353,3.5366577242250075,2.9492112931707735
2018-11-15,2.643458062127363,2.7962808073666356,2.8795635125186663,2.851246488424581,2.8250558907501846,2.8418909745963186,2.796280807366636,3.507440125874744,3.3728077565015253,3.493733584821717,2.93619063796946
2018-11-16,2.6814670010172796,2.832255646190143,2.9193881917626494,2.8821748005539822,2.855744172185446,2.872930788301185,2.8322556461901436,3.494850459543904,3.366154008469627,3.484291652264774,2.9685236878338643
2018-11-19,2.7387975944273384,2.8914190751298383,2.982171812406872,2.9371503816534754,2.9107062574775338,2.927853043150286,2.8914190751298388,3.5589140855007653,3.428189400953922,3.5485755312612572,3.0264612789306287
2018-11-20,2.7377748863402496,2.8924747320632873,2.982375241383192,2.9371104873137406,2.9107978052862955,2.9277454400022678,2.8924747320632878,3.588616304871953,3.4528698848605313,3.57594526592128,3.028368306030472
2018-11-21,2.746878338716344,2.901730925184175,2.9913269865113374,2.94617299692322,2.919740799451011,2.9367264572910003,2.9017309251841756,3.6032841500676054,3.4645504459224257,3.589741877419989,3.0363250601174667
2018-11-22,2.7630576518392624,2.91752301981494,3.007283826054174,2.9627911328391243,2.9362690528356827,2.9533182016611055,2.9175230198149404,3.6061506379522528,3.470584559015716,3.5938942863932346,3.050443614000432
2018-11-23,2.7367817212013756,2.8895347775538367,2.9778960417403644,2.9378322993640937,2.9113647007528916,2.928445912561036,2.889534777553837,3.5871990096817887,3.450800319340362,3.5746897005380585,3.022604412589097
2018-11-26,2.73390462042118,2.887915650734751,2.976976372279754,2.939006919891507,2.9124309597419886,2.9294922746014533,2.8879156507347514,3.6261266363944005,3.4867785416783144,3.6132951973972895,3.0216498549238713
2018-11-27,2.7252237293691883,2.883670181235739,2.972645087298987,2.939911297278993,2.913001937704554,2.930337974931343,2.8836701812357393,3.665459865720159,3.5226933289491074,3.651664569796411,3.023938869265676
2018-11-28,2.746241638578498,2.9086065260741476,2.995074467135721,2.972682250757578,2.94486337599303,2.962865209961019,2.908606526074148,3.7137930752985624,3.5684193610157573,3.698760928659081,3.0572129150607927
2018-11-29,2.742595680491766,2.904224285612669,2.9896587495471767,2.9692167461051224,2.9413654870429555,2.9593920191288974,2.9042242856126697,3.7070436272791527,3.563240489697109,3.6904226099092834,3.0527701725046805
2018-11-30,2.7442408437083334,2.905918748838565,2.9907136459072645,2.9691914053785498,2.941380806741669,2.959394069166346,2.9059187488385656,3.695175963036888,3.5528008426678808,3.6770325750070154,3.054084662692223
2018-12-03,2.846050094019604,3.0076191954859275,3.0970544357801315,3.0593014594113637,3.0314849042652274,3.0493440976819173,3.007619195485928,3.785370943942041,3.6373314349033383,3.766000383524989,3.1498729095303117
2018-12-04,2.8577373907062626,3.0170567458554927,3.107773923155254,3.066983673568934,3.039366262143284,3.0570087175485394,3.017056745855493,3.79205901356583,3.6431275275595554,3.7725545562168037,3.1537818011009247
2018-12-05,2.8629045484285163,3.0201462032795607,3.1136653441493887,3.0661175504735265,3.0387625567122343,3.056127614077189,3.020146203279561,3.7765288924080833,3.630162116918828,3.759757729910612,3.152755322861164
2018-12-06,2.853637436507003,3.00997360498039,3.1030265707815685,3.059882546455725,3.032336595758126,3.0498896521068244,3.00997360498039,3.762780798406877,3.6191038731300393,3.7454090547800623,3.1439769964383055
2018-12-07,2.8684627069115103,3.0265079062979896,3.1209012649885626,3.075087951599471,3.0475515733033536,3.065087535492094,3.0265079062979896,3.784529686777131,3.6392722368044383,3.7667240738544825,3.160609815036357
2018-12-10,2.8493863003087117,3.0041107496294295,3.0969179821275516,3.0582612932211513,3.030533538422577,3.0482161721420256,3.0041107496294295,3.7608866860141648,3.6150795024727604,3.7423445892147207,3.137666023226146
2018-12-11,2.843401786924136,3.001737352083865,3.093078166996761,3.0608676168266067,3.032661000591122,3.05080458711885,3.001737352083865,3.759319783888613,3.6140311601979778,3.7400702514485933,3.1423463943031336
2018-12-12,2.8705838586243484,3.029460139404801,3.121271025584564,3.0840013539985853,3.055861171807999,3.073896263443593,3.029460139404801,3.774830518293,3.62984550615361,3.75582604221211,3.1683272223034487
2018-12-13,2.8662708596918587,3.022834890351091,3.1153756056838224,3.0763282307251925,3.048403579152613,3.0662751606687815,3.022834890351091,3.7731204834563288,3.6266493470110825,3.754287392440029,3.1585534634668484
2018-12-14,2.8339337912544003,2.989229992467833,3.080267639874705,3.0488824672097175,3.020820593744822,3.0388493265228425,2.989229992467833,3.74930098915681,3.602763587120033,3.730148335869987,3.1267297219564867
2018-12-17,2.7716144597784798,2.9266399921173893,3.015135250775946,2.995270975427292,2.967083220446404,2.9852966562882224,2.9266399921173893,3.7059379459592203,3.560051719373345,3.686837430154682,3.068357015772875
2018-12-18,2.7472277725611103,2.899020461729619,2.984373728172845,2.9681335889283984,2.94003689277127,2.9582813817358877,2.899020461729619,3.6540988014200426,3.5115259701313306,3.6328163705818786,3.0398091442759734
2018-12-19,2.725867491248739,2.8756387609234126,2.9592330968994296,2.945762355680214,2.9177657975177036,2.9360468063820067,2.8756387609234126,3.609167292983346,3.4699191856774574,3.586450106121287,3.0160860347227314
2018-12-20,2.724298243036944,2.8716858361498834,2.9562726012326066,2.939219304417894,2.911492855756582,2.929506881437513,2.8716858361498834,3.590802094241824,3.453265711392616,3.5698518185302635,3.0082645470586353
2018-12-21,2.7195232664856825,2.8662063444058257,2.9518003176810335,2.933297673012996,2.9055664513385278,2.923497232031415,2.8662063444058257,3.580266397314643,3.4437168603194253,3.560402531714726,3.0030657482394094
2018-12-24,2.698518744284209,2.845073927168361,2.9295367087776385,2.9171394349703124,2.8893264255820212,2.9073654464822543,2.845073927168361,3.591179668938202,3.451244256651224,3.5710658145461744,2.9836052762791514
2018-12-25,2.660115377498183,2.808180065162918,2.890639141936726,2.884577321263195,2.8567262551032484,2.874845751134486,2.808180065162918,3.5602224412480923,3.4195153533641878,3.5414472631296,2.9503267708957277
2018-12-26,2.652987107804673,2.801963525038878,2.878146479078852,2.88179281942519,2.853815537484371,2.872091512684764,2.801963525038878,3.5521685632856745,3.4146207008008367,3.53505123180571,2.946299401714017
2018-12-27,2.6892882009486425,2.8345230177797167,2.9095996564121434,2.915506694052277,2.887200429603172,2.9056954068653913,2.8345230177797167,3.562529499505626,3.426758705901436,3.546661033017149,2.9753350837401418
2018-12-28,2.6748405841434875,2.8226754670396716,2.8884181457427953,2.9171332691617025,2.887835295778229,2.90717179312149,2.8226754670396716,3.526089574689671,3.3974191892936902,3.5098948146114872,2.974626698492516
2019-01-02,2.6506101135374065,2.7960438132898067,2.868753135156521,2.8766193964998346,2.848628027338594,2.8670186319368036,2.7960438132898067,3.51049675816161,3.377140039838555,3.495891804919813,2.9375986499701585
2019-01-03,2.5900796722637947,2.7361075073090464,2.8071282821575094,2.819686571154325,2.79202398239635,2.8101988156997955,2.7361075073090464,3.4792317114947218,3.3421572735165994,3.4623279193283176,2.8795243485709756
2019-01-04,2.5988806164136085,2.743851453425666,2.8174153961621644,2.825439180621095,2.7978777055156074,2.81597069322247,2.743851453425666,3.476518297540787,3.340914529524336,3.4602608237559203,2.884658219880757
2019-01-07,2.6207146632167984,2.7684090612766687,2.8473391210101338,2.8475995516339565,2.819975570793455,2.838078188180287,2.7684090612766687,3.521709220566666,3.3802113361898294,3.502241872568269,2.910417182600473
2019-01-08,2.612987679037709,2.7592564681626843,2.833513226115353,2.8400605178412164,2.8124287594892365,2.830583674136759,2.7592564681626843,3.5066776365532433,3.3650637026124954,3.486963352131989,2.900903980930792
2019-01-09,2.65082432849049,2.7956133060051416,2.8736004541288738,2.8743621296521615,2.8465951831854546,2.86478506121275,2.7956133060051425,3.5313153097664904,3.3908735345736347,3.5114053556049396,2.934327907659791
2019-01-10,2.6519519710665618,2.794123698025145,2.8736557509645584,2.869272396847055,2.8417847648885655,2.8596964151732958,2.794123698025146,3.521319129178077,3.382021052477436,3.501633692735724,2.928280979846721
2019-01-11,2.6590008736908985,2.802108270174004,2.8837451342356992,2.8788345044803427,2.851221807136292,2.869177071023835,2.802108270174005,3.54928474960958,3.405928041666186,3.5275608560895546,2.9369611489523226
2019-01-14,2.6561958941360913,2.799201620002207,2.8793918342194207,2.876870860071403,2.8492821433584017,2.867231899256304,2.799201620002208,3.5411330905790455,3.400843570638484,3.5204882825110073,2.9342170978406017
2019-01-15,2.6746387592404366,2.817427974783435,2.903259304622888,2.8909117785012297,2.863371037375472,2.8812680778569733,2.817427974783436,3.5458740226721743,3.4033391904600494,3.523315416708779,2.951097017313369
2019-01-16,2.6715860174927117,2.8115803158717645,2.8977841247761833,2.887134123367073,2.8595448328860402,2.877459743304727,2.8115803158717654,3.5391040963749107,3.396692389335943,3.5172584373802125,2.942989946576093
2019-01-17,2.6516570292138764,2.7913871415756377,2.8752603420928526,2.8660735022134016,2.8387636278119786,2.8563638745769278,2.7913871415756386,3.534854889434214,3.388994484480092,3.5100192782047914,2.921044237451418
2019-01-18,2.651567911698006,2.7903262258412735,2.872910078378655,2.867661527040728,2.8402441215445506,2.857896457336817,2.7903262258412744,3.543127825652302,3.3973538677567867,3.5187942237428547,2.919562250352755
2019-01-21,2.6937538806093007,2.8316260312982355,2.920812328602157,2.900583145083421,2.873230878693738,2.8907601635534146,2.8316260312982364,3.559338760960514,3.413505024156674,3.53137875314341,2.958025222031638
2019-01-22,2.674889361413313,2.8133932280828753,2.900297629452042,2.883442307232321,2.8562262688279874,2.873722207030086,2.813393228082876,3.540274822977124,3.3982177309946273,3.5150872958428474,2.940437033616973
2019-01-23,2.6838920771568375,2.82267392907472,2.9111181565376167,2.892175112369942,2.864934779793494,2.8824106698276375,2.8226739290747207,3.5498161081499946,3.409231221763449,3.525193814176552,2.9494997647500205
2019-01-24,2.6913451705335674,2.8305682897498574,2.921807281891885,2.898214720663447,2.8710212918213376,2.888422758812545,2.8305682897498583,3.5747176219023755,3.43102461498895,3.5481057282325104,2.9574375026504027
2019-01-25,2.6900117803857833,2.8332569508033876,2.9302409821733413,2.8982720483303375,2.8712089921649526,2.8884478576332118,2.8332569508033885,3.5972966934076043,3.4477696427047797,3.5649587989925315,2.9640943137201843
2019-01-28,2.6938097831008303,2.834895882305282,2.927066984212723,2.908303550466201,2.8806830094238682,2.898419207023453,2.834895882305283,3.6197884979571393,3.4673139704911393,3.5874161978717,2.963385019399034
2019-01-29,2.704524879387074,2.8470738665234934,2.945014982314679,2.920300644718649,2.892607324850621,2.9104261818044304,2.8470738665234943,3.630223329080671,3.477784282017555,3.598747176822352,2.977060771993232
2019-01-30,2.705116147475228,2.849019914915847,2.9468193636557873,2.926081875940208,2.898096353043382,2.9160654972772635,2.8490199149158477,3.6524858224502683,3.4974541613408747,3.619604443961183,2.9808242046858235
2019-01-31,2.699082034586511,2.842339472594914,2.942634419960226,2.915659782690813,2.8880044545563237,2.905713493077779,2.8423394725949147,3.6316354054756625,3.4786391170369915,3.5982027615019128,2.9739781400774676
2019-02-01,2.700967774915026,2.8442302432070834,2.9450613557866148,2.9148919287628536,2.8877011387267526,2.9049721087571148,2.8442302432070843,3.6293205627150447,3.473827982919401,3.5932419198231025,2.975683949557798
2019-02-11,2.7608155617841317,2.9092308549739885,3.0151086631906576,2.96714676031233,2.9404323001603614,2.9573184523443565,2.9092308549739894,3.668340830839117,3.518324945713341,3.6400879552787306,3.045525892524347
2019-02-12,2.7882649393196774,2.937619980268724,3.0432688953479086,3.005813049009858,2.9777148466036083,2.995696296253576,2.937619980268725,3.7348052158076985,3.5807181299037842,3.707848936785051,3.0745560803538914
2019-02-13,2.811196045339643,2.9605653721227454,3.065817272711663,3.0221307067703793,2.994574794650271,3.0120384982993578,2.9605653721227463,3.7278376333302377,3.5744783369918203,3.7006711106616597,3.096976329101596
2019-02-14,2.8119955262570993,2.9624801980302284,3.070483598128917,3.0315707498811184,3.003137517362506,3.0213525933228014,2.9624801980302293,3.75025580019221,3.5993027981350516,3.7285880040455917,3.099611530744891
2019-02-15,2.8027838660374664,2.951118239479019,3.0536080589381482,3.020540406380553,2.992028809557645,3.01031829834725,2.95111823947902,3.735106862806919,3.5830702137564274,3.7115048666657264,3.0858065638658845
2019-02-18,2.826627558243587,2.9745401626266794,3.0778674704955002,3.0402223537609174,3.0117858858810727,3.0300041924089944,2.9745401626266803,3.7397567990939145,3.5911444942015636,3.718316126079771,3.10838868523189
2019-02-19,2.8251829274107547,2.973600227036418,3.0695950019394216,3.0512896851898024,3.0219088183130975,3.0410997573823666,2.973600227036419,3.774283507437904,3.6232686340238414,3.7531344902607318,3.1075972871190007
2019-02-20,2.848553568729849,2.9984942829238626,3.089391942880155,3.0810040321482055,3.051139365505821,3.0708966508199502,2.9984942829238634,3.802514733815416,3.6558571637734545,3.7879669681961,3.1337964057938454
2019-02-21,2.8772107766958057,3.028511209857414,3.1207237827209977,3.1149749683622563,3.0845494455800657,3.1048895912804295,3.028511209857415,3.8304333743580026,3.6878987369391556,3.8205977790015324,3.1641001455999107
2019-02-22,2.8990748750160975,3.051194947915478,3.1548083788952868,3.1288572728924517,3.0990929916342025,3.118636490263046,3.0511949479154787,3.840296524493391,3.6925427679659957,3.82394675542063,3.1879181546502284
2019-02-25,2.9175719284194406,3.07184613873346,3.1792258434847542,3.1463023522329676,3.1167999416112266,3.136004991467522,3.071846138733461,3.864313261197285,3.713266304930215,3.843668311702128,3.2111280916999734
2019-02-26,2.896298843668396,3.0478238771416195,3.1550657724262705,3.121213545050856,3.09196542614006,3.1110586537331115,3.0478238771416204,3.820203044060336,3.6732472244575654,3.802509144911168,3.18476064199067
2019-02-27,2.8953465133277674,3.046231023504133,3.1462142534241657,3.127074056226578,3.0971806504010555,3.116852276830338,3.046231023504134,3.842625462239806,3.693865735687418,3.8257774007752743,3.182217096551522
2019-02-28,2.832952383951135,2.9793280754884512,3.076490402313764,3.054780877927131,3.0259489113974816,3.044796846770623,2.979328075488452,3.7426061392425054,3.596940427894145,3.7253013499240075,3.1113598517366094
2019-03-01,2.869463199290763,3.015818131408593,3.1134211699844845,3.0888444930150185,3.0600842480174015,3.078783583407348,3.0158181314085937,3.7648493614350467,3.6175467097048424,3.746108386094823,3.147397467430223
2019-03-04,2.914097462450479,3.0613580628016113,3.159061624253642,3.136257127987534,3.1067863477437503,3.126073883092142,3.061358062801612,3.8211798365825893,3.6700847027728787,3.8017154603612684,3.1936331381461285
2019-03-05,2.9114562163408877,3.057738035335165,3.1581675728310987,3.1366742169758375,3.106588497748634,3.126500998196395,3.057738035335166,3.832290018854561,3.676988645702877,3.812642191648049,3.188779999788346
2019-03-06,2.9158419973894327,3.0630207793882906,3.1630328478056207,3.1406406605676493,3.1107614853217695,3.1305018007184495,3.0630207793882915,3.8448214544564547,3.687620661743844,3.824007420096068,3.1946957153599214
2019-03-07,2.917886370154886,3.0663138926337767,3.1684311821426285,3.138926641355132,3.1096585987030707,3.1288177790661473,3.0663138926337776,3.8313454780095353,3.674647876167443,3.8104699586730377,3.199053918285272
2019-03-08,2.894990394521622,3.0411417417159656,3.14357693821129,3.1213790456397428,3.091475103906071,3.1111941744325784,3.0411417417159665,3.8296752828601144,3.669771872425068,3.8083453764741786,3.1720962101760333
2019-03-11,2.8910417509107282,3.038497285538973,3.1400091660167826,3.114991402240732,3.085640761294299,3.1048789347563392,3.038497285538974,3.8274117392952967,3.6680514441412124,3.806269508980303,3.1708711922931854
2019-03-12,2.9462238222818713,3.0959256356422786,3.200784105952016,3.16683826131425,3.1375688831604176,3.1566453022783003,3.0959256356422795,3.860419064511924,3.6997714952617202,3.838312290636459,3.2301181592016484
2019-03-13,2.9605190324945663,3.1120104727249362,3.2210069001324007,3.1807512025610634,3.151448319997518,3.170771739898957,3.112010472724937,3.8715853504481625,3.7090864768365024,3.8498094249177024,3.2479143265458834
2019-03-14,2.9629269320541285,3.114027139660839,3.2260452130356505,3.1828729723020186,3.153364505715514,3.172877344574969,3.11402713966084,3.86521402764491,3.701685983583386,3.843458696382494,3.2494452005321732
2019-03-15,2.9725835936089253,3.1223339616574735,3.241106713171121,3.204318107278772,3.1728161929250347,3.1939374718921347,3.1223339616574743,3.9061026201179683,3.736605381071504,3.8830477470613967,3.256355119719739
2019-03-18,2.9944931405958344,3.1429407622107037,3.263911753244871,3.2249464312513623,3.193017369366857,3.214383109113623,3.1429407622107046,3.910463050347425,3.7428654577635463,3.887924265762229,3.2756868845362117
2019-03-19,2.9641088295687634,3.1131144244052753,3.229709716702081,3.1918724456893797,3.160869190391795,3.1815961605521066,3.113114424405276,3.888023846005143,3.719482827047513,3.865664846998037,3.2461700623552607
2019-03-20,2.9585930925391204,3.104190966777129,3.216369435365246,3.1916649591889574,3.159717635488027,3.1811082765677,3.10419096677713,3.9055972863895927,3.735023424916949,3.882951322986673,3.234084776858851
2019-03-21,2.911317719086249,3.054109765589757,3.169319831786459,3.1582749559308048,3.1243253931310435,3.147505890397108,3.0541097655897578,3.8941504601324395,3.7227618130577795,3.873068423764494,3.1817836173298515
2019-03-22,2.9278406783044213,3.06909672414378,3.185653851084309,3.1795424751395984,3.1447814611941056,3.1686611280881207,3.069096724143781,3.9287392696549412,3.750530212712755,3.906933237312079,3.1952330268480074
2019-03-25,2.860035554695813,2.999625564629795,3.110243036190464,3.1059280330017534,3.0723479058019914,3.0954088370262998,2.999625564629796,3.8480988390394293,3.6734269970532973,3.8262345621740868,3.124295669633478
2019-03-26,2.8659268761657892,3.0058060932619104,3.1170455320688824,3.111774583042833,3.0782639814895165,3.101186322961596,3.0058060932619113,3.842692550980503,3.672830162350992,3.8214140532158978,3.1311586803743836
2019-03-27,2.893636138699313,3.032294012468894,3.145752637454406,3.1409493191583233,3.10681487363983,3.1302123924765097,3.032294012468895,3.8714989353156306,3.700156634291378,3.850002020424548,3.1561322793569797
2019-03-28,2.9035262545363794,3.0412272876520823,3.1525734040459215,3.1491205724913476,3.115268581341577,3.1383499862641044,3.041227287652083,3.877865037696093,3.7054465654906803,3.855460442859607,3.164058562448745
2019-03-29,2.9010313108296844,3.0389580986040974,3.147315801377523,3.142914692148653,3.1095300130864336,3.132145462918454,3.0389580986040983,3.8653393845100195,3.6940143584911986,3.8417083939864862,3.1623252534339352
2019-04-01,2.9236154972694437,3.0631459306894064,3.1782704017168464,3.16565513720078,3.1323405463183684,3.1547060065477828,3.0631459306894073,3.895243504492342,3.721316917574359,3.870356961253037,3.1862354863299656
2019-04-02,2.9119808278852592,3.0502895304195126,3.1646646992056926,3.1544691320846607,3.120904244788793,3.14358938818918,3.0502895304195135,3.878240777569001,3.7062056007515927,3.8546294037252893,3.1735168973651424
2019-04-03,2.9053963805651914,3.0459707854943305,3.1602009454280897,3.1457647919752842,3.112649576044197,3.134911404432928,3.0459707854943314,3.8610040070496012,3.6938264389869007,3.8391560172690316,3.170829343511306
2019-04-04,2.9208726344609364,3.0594145362770626,3.1733223303791367,3.1651914923759192,3.131296790135404,3.1542409556603324,3.0594145362770635,3.8868245128022156,3.7178929249042296,3.8646114901072406,3.1830096681884537
2019-04-05,2.9209200041784777,3.0607379705142765,3.1763452950476547,3.16303589032991,3.1294592368225436,3.152153520737644,3.0607379705142774,3.8758262197963718,3.7084612689572403,3.853401820260278,3.18520424940433
2019-04-08,2.9336003329214613,3.0746500165237167,3.1904025691434708,3.1710596437058047,3.1378551551772955,3.160206538546919,3.0746500165237176,3.8678248902007653,3.7003240541624516,3.845028523920968,3.1990200058078293
2019-04-09,2.9133261967370068,3.057452378962392,3.1729892013542136,3.1522467002782695,3.1194170729454727,3.141519802324675,3.057452378962393,3.856545537156623,3.690443651260629,3.8336277496367552,3.1847653031258067
2019-04-10,2.8914788905671416,3.033725247973374,3.147053387635033,3.13026304977405,3.097503419930327,3.119506638062697,3.0337252479733747,3.8412641700303545,3.673820638868859,3.817998250358817,3.1594925209915443
2019-04-11,2.8913942543125097,3.035005956372367,3.148979567279909,3.131134924070204,3.0985685340535842,3.1203435313860974,3.035005956372368,3.859723168045023,3.6872038289870384,3.834937898198123,3.1613876253622055
2019-04-12,2.880031638363635,3.0244564271257866,3.136773943805771,3.1164195595790862,3.0842902389855658,3.105699707284969,3.0244564271257874,3.826238861506346,3.6618624309232977,3.8038020461259774,3.1518994101284186
2019-04-16,2.8675934976523356,3.0109810597371114,3.122734699986195,3.105849821871618,3.073602690302553,3.0951396146968775,3.0109810597371123,3.821836969540869,3.6580244869495404,3.7997712827040115,3.1373048425388284
2019-04-17,2.858950184022505,3.0051789402933204,3.1146970025042546,3.0983586750671637,3.066332201331499,3.0876629709084056,3.0051789402933213,3.814350436350074,3.653568197743234,3.7921814695777702,3.1344023279244912
2019-04-18,2.8313033452847467,2.9762233268298552,3.08298392481711,3.064903222724109,3.0334610166619074,3.0544560527562408,2.976223326829856,3.754909948922184,3.606263717236046,3.737272541433087,3.1048226858719215
2019-04-19,2.8437232863513584,2.989162787745857,3.0973420716287774,3.0830102186671313,3.0510352720074683,3.0724030976761503,2.9891627877458578,3.802656008367654,3.64349036111228,3.781399934255782,3.117858330472948
2019-04-22,2.832569888433421,2.9744452401115034,3.0806707173200194,3.0703226091256335,3.038484919703375,3.0596438771496364,2.9744452401115042,3.8060747807054693,3.6385694461991474,3.779517005321584,3.099903533844086
2019-04-23,2.8423531971846234,2.9840329429545553,3.0871145833549014,3.079383301066365,3.047410173609066,3.0687053917452607,2.9840329429545562,3.806529062927329,3.6407790020972084,3.781495982960216,3.1087819545661244
2019-04-24,2.866063415902745,3.0096935204380095,3.1123169730798947,3.097842725374989,3.066290057424926,3.087205715530332,3.0096935204380104,3.801793335476003,3.6407932892452655,3.7786223540557606,3.1363816589857887
2019-04-25,2.8587319879384503,3.000914911615844,3.1046433133834337,3.0912888664964244,3.05953153394376,3.0806723950327766,3.000914911615845,3.7930666494059815,3.6342326451791473,3.7709716754984863,3.127386202741792
2019-04-26,2.8744069768417506,3.017276311654973,3.123283085187462,3.1037830239135995,3.072271942898614,3.0931809829402233,3.0172763116549737,3.7945369864281453,3.638100868892723,3.773128311143918,3.144582670928279
2019-05-02,2.869772271891405,3.011758905900241,3.1144208383857834,3.098256247133608,3.066785099281516,3.0874874975758733,3.0117589059002423,3.795740746390612,3.6397061951712533,3.7736064231791775,3.138878352586735
2019-05-03,2.8575863437841247,3.002858199199269,3.1048729723001807,3.0801033920818846,3.04961271809904,3.0694496599515575,3.00285819919927,3.7574271746903682,3.6080153587453268,3.734834894527122,3.133196486302267
2019-05-06,2.7944305179359703,2.93691888122255,3.0366344531081846,3.0112767421623237,2.9816409906196943,3.0007404774385407,2.9369188812225513,3.6757449936946345,3.52995037922591,3.6526457969947375,3.0647806324328846
2019-05-07,2.799415927851543,2.9423143949397565,3.044781306944804,3.0218980569161413,2.991702172710694,3.0113230727692524,2.942314394939758,3.7130186489243755,3.55972240783635,3.689523807679685,3.0703440359532443
2019-05-08,2.777530838341081,2.9222659965827082,3.0250833305027034,2.99340281200656,2.9644789287862965,2.9831217565374906,2.9222659965827096,3.672338463933172,3.5233985105685033,3.648996936538217,3.050910717788881
2019-05-09,2.7620468740791693,2.9058366422852884,3.009904629731172,2.9786431105365425,2.949676547768185,2.9683672599918114,2.9058366422852897,3.659778433553898,3.5117055771206895,3.636543257982776,3.0340136444547854
2019-05-10,2.7852379591720804,2.931647106958792,3.0370984366902034,3.003703231273373,2.9746744379092194,2.993300406432167,2.9316471069587933,3.6996986460197,3.5481060936950386,3.675395904086137,3.061774154419136
2019-05-13,2.8074291623762324,2.953753674566774,3.060512671488237,3.0322918296444694,3.0023140368600716,3.0216447056273936,2.953753674566775,3.744613249675611,3.587667706942418,3.7190836696827194,3.0843458321937818
2019-05-14,2.818977713582117,2.9641904714147302,3.076703389224763,3.04848315156177,3.0177503665089698,3.0376012761893363,2.9641904714147316,3.781981042494062,3.6174232437012774,3.7539491672664256,3.0939713445088777
2019-05-15,2.8543836223456296,3.003210910770472,3.11638149668147,3.083017647236675,3.052549039597116,3.072167945263857,3.0032109107704734,3.811011042002365,3.6491086367308605,3.7852053523421465,3.135619417840799
2019-05-16,2.843154349354867,2.9899599527399383,3.1001769885676973,3.068055797197872,3.0378173742729495,3.057129425453456,2.9899599527399396,3.784228051905203,3.623978328166487,3.7580838339340032,3.120463179746632
2019-05-17,2.852107201390272,2.9962402917548268,3.1111490060185103,3.083597913450312,3.052171525669344,3.072424641722456,2.996240291754828,3.830323511193481,3.659649275915757,3.80173985514062,3.1250071872184786
2019-05-20,2.874661032889155,3.02147714593601,3.1416825433628066,3.10609270512855,3.0749604175535876,3.0949693467839485,3.0214771459360112,3.8639011629950004,3.6908577959975384,3.834774494958181,3.1518489164618955
2019-05-21,2.884349836260157,3.029237638556101,3.144867515734158,3.121723567028837,3.0894202187654547,3.110487867589044,3.0292376385561024,3.8830620596395597,3.709146277350783,3.8561825966973644,3.159082822478667
2019-05-22,2.881195097809939,3.026854450552753,3.14220352217179,3.1163386578786674,3.0843816185671806,3.1051279428965417,3.0268544505527544,3.872431838318573,3.69977825316445,3.845516408849541,3.157234417751988
2019-05-23,2.876067052655032,3.0213546708614003,3.137819683486998,3.11151190615406,3.0793998179708795,3.1002780314154847,3.0213546708614016,3.865879206112007,3.6924221687145566,3.839113003771944,3.151793031771611
2019-05-24,2.8393734068644383,2.986852487813601,3.1038754981709067,3.075771380542418,3.044195280869614,3.0646382294957513,2.9868524878136022,3.847550744451349,3.674340009858862,3.820528848445415,3.119666500071172
2019-05-27,2.847694745557358,2.9932813406125294,3.1120230226520142,3.0860548895015207,3.0540002803937565,3.0747635586206634,2.9932813406125307,3.8613399020032158,3.6859871614557114,3.8324215309649072,3.1242711166773613
2019-05-28,2.8472260654061086,2.9907502131896386,3.1082794923655794,3.095931270907339,3.0621561588200206,3.0841372849037563,2.99075021318964,3.89025660882711,3.7110640923825624,3.861022935993589,3.1219452946351782
2019-05-29,2.839174261542916,2.98244362184632,3.1017316652828457,3.0854370012697876,3.0521766076611505,3.0738124463103778,2.9824436218463215,3.8776824683052613,3.698696836682359,3.8476386714916764,3.1127063280930143
2019-05-30,2.8438526121401897,2.985644897013471,3.1026160919475356,3.090254994646651,3.0568269236000374,3.0786508799015397,2.985644897013472,3.8705357093527364,3.6950334903460833,3.8429761262122235,3.114734128067835
2019-05-31,2.815426899025522,2.9591212846148998,3.076601598432079,3.0662635806163494,3.0328394256812525,3.054604401656693,2.959121284614901,3.8621780646342443,3.684888281319511,3.831799313766564,3.08924068371053
2019-06-03,2.774099532073979,2.915631454606306,3.0314836663233784,3.023612533171208,2.9905750126809103,3.012091111849163,2.915631454606307,3.8207443617908856,3.6450366567343484,3.790077140083903,3.0440388266434724
2019-06-04,2.7855321326422304,2.925177114953686,3.0412640133040245,3.03204005353618,2.9990409193590515,3.020501114646189,2.925177114953687,3.8229336604003286,3.647030531200786,3.791822567359257,3.051556502712264
2019-06-05,2.788582078483285,2.929970870387572,3.045791469954201,3.036557439653022,3.0035521036688473,3.024992955730705,2.9299708703875735,3.837819632728653,3.6612431909767373,3.8067188950714583,3.058121649823323
2019-06-06,2.778874326254,2.9163442833622337,3.0300878520251433,3.024016393309787,2.9910346401059225,3.0125674271535217,2.916344283362235,3.8131388834658173,3.6403578901779654,3.786371806518453,3.0420991128108272
2019-06-07,2.81890627230504,2.952038670820297,3.0674246357404606,3.06389217731037,3.0302492442771793,3.052417220982418,2.9520386708202984,3.8398816892475067,3.667654235106013,3.8163201712892745,3.075728420595237
2019-06-10,2.8265035543497943,2.9600795877533366,3.0742272552226266,3.07690314241994,3.0427360961746945,3.0652723314743366,2.960079587753338,3.864462907820755,3.689306571126224,3.8401013179482906,3.083604254387432
2019-06-11,2.8398306320099236,2.9692720526686776,3.0827552590911114,3.091230219177804,3.0564869618148496,3.0795111356918916,2.969272052668679,3.8635402192811226,3.691593494720259,3.8433600200328724,3.089999827003173
2019-06-12,2.82866199373272,2.9542803682054792,3.067008041179381,3.0808097033187414,3.0458369774317315,3.0692394130740883,2.9542803682054806,3.847763571201216,3.677446393005626,3.830282014075319,3.0734423240037394
2019-06-13,2.8201713448600847,2.9437624417201196,3.0572565892252275,3.0674417302947923,3.032807794702535,3.055968448473054,2.943762441720121,3.8234755114145886,3.654383947575842,3.8062038688072812,3.0613383875352147
2019-06-14,2.8220911802469804,2.950797539633633,3.0661941802481976,3.0672520003088595,3.0331508703663985,3.0557654031419754,2.9507975396336343,3.831784062830497,3.6614180322902157,3.8104898973579564,3.0717615202849062
2019-06-17,2.8031186130302084,2.9311332225803874,3.0459544197193607,3.045497884197182,3.01173545220132,3.0340906833042967,2.9311332225803888,3.814108322350341,3.641462539477784,3.789704748381803,3.0514417232636863
2019-06-18,2.785251003368022,2.9123085456442874,3.0257434593129724,3.0239786476305577,2.990642135972633,3.012809502657652,2.9123085456442888,3.7932135992191034,3.6199299641484655,3.7691243293768824,3.0324035623902152
2019-06-19,2.8035066955257126,2.929897615362791,3.04371112459138,3.046025855034829,3.0121783692950714,3.0348028843649133,2.9298976153627923,3.816346408598475,3.6425522513151485,3.794455757185054,3.0493950034904094
2019-06-20,2.847690032729429,2.9787394139683756,3.0948329694918493,3.0938541139597397,3.059519439943642,3.0824210691191154,2.978739413968377,3.876025813885608,3.700256430870284,3.853543284243319,3.1028909176615023
2019-06-21,2.847956842788308,2.979838864072988,3.096085941467872,3.0961617505351264,3.0616914421140287,3.0846338245440355,2.979838864072989,3.8894790045951786,3.709218676986176,3.86315291870389,3.104284835927379
2019-06-24,2.84487276903329,2.9798274587947926,3.0968327309151436,3.092825318539427,3.058632920265916,3.0812906561315794,2.979827458794794,3.8895297418199037,3.709267394234128,3.8620279076729327,3.1061744099284536
2019-06-25,2.834771388914776,2.9707184309620924,3.085990380811471,3.084896250374142,3.050738518307899,3.0734057400816317,2.9707184309620938,3.8841216998499526,3.7066849604004504,3.859098831942032,3.097789707097577
2019-06-26,2.8295344107301075,2.9635128555352654,3.077964564694248,3.08002244380676,3.045753453174775,3.0685224637208215,2.9635128555352668,3.8804484840422173,3.7026437574657822,3.854845221249666,3.0890865133259005
2019-06-27,2.7887895295573397,2.920246891414074,3.028001470654445,3.0363980864750513,3.002465959108434,3.0250044004543546,2.920246891414075,3.8331352123608444,3.6539351793466537,3.807690030545724,3.043896524966537
2019-06-28,2.8049244656724146,2.938637744754941,3.0393943697266432,3.0611738160603976,3.0265526666303573,3.049784690856897,2.9386377447549425,3.878141154640896,3.6969229396749306,3.8535966258184233,3.0649879622814113
2019-07-01,2.850011456319722,2.986484363636103,3.1006019340753457,3.101690012007408,3.0673531792527933,3.090098732316697,2.9864843636361043,3.9067408559524766,3.727725292101133,3.881175656172852,3.1137672793277837
2019-07-02,2.844267727201807,2.9791943786104174,3.0947167113045406,3.092930015763541,3.0587845133106266,3.0813492754166547,2.9791943786104187,3.895443171463976,3.716442708746223,3.870085761638859,3.105443615163872
2019-07-03,2.839385238880498,2.9767166688826823,3.088210544898285,3.0903561353918234,3.056269212908747,3.0787708582547464,2.9767166688826836,3.9128231688955717,3.732420099684318,3.88710754960972,3.1060420253274645
2019-07-04,2.873726302673657,3.012309146883666,3.121750195955443,3.1281077340239642,3.0934649838864234,3.1163731481047807,3.012309146883667,3.965991743342028,3.7805285845093413,3.9383986164603066,3.1434076754183344
2019-07-05,2.880477294529128,3.0168696708792475,3.1267002630872427,3.131677129074693,3.097053282108857,3.119954552550089,3.016869670879249,3.9558437663669306,3.770761229488203,3.928566512050352,3.146154742146571
2019-07-08,2.851083952725419,2.987939746432882,3.0979457226033547,3.1011142937118006,3.0669130724452836,3.0894517447586227,2.9879397464328834,3.9262220219751796,3.741855154480787,3.8987862757658127,3.117350878685813
2019-07-09,2.861452267585392,2.9989135761615335,3.110544749172736,3.111206172867138,3.076979325184911,3.0994922494710893,2.998913576161535,3.9384107705352775,3.7550538191698455,3.91090433528558,3.1295098577240985
2019-07-10,2.873640075567895,3.0092097470619974,3.1219749049296266,3.125555539098533,3.0908423149982576,3.1137306217073726,3.0092097470619987,3.964152906858062,3.777706185184079,3.9362933601207484,3.1387324853770098
2019-07-11,2.8933879904688755,3.0300250740476375,3.1456624471985366,3.1446467203823336,3.109860339340709,3.132758204832636,3.030025074047639,3.984906324327137,3.7963420364452847,3.95644040835748,3.160868241053451
2019-07-12,2.887937477537282,3.027372773472054,3.140822392406916,3.1429908881119224,3.1081687914385907,3.131227501419677,3.0273727734720555,4.002921769123036,3.8145471055327227,3.975585281971984,3.162038729455088
2019-07-15,2.893205350358046,3.03391078099282,3.1459139146080424,3.148546884289273,3.1137152543441466,3.1367993716590843,3.033910780992821,4.021321424893863,3.8369353711678382,3.993762312877589,3.1718935428969752
2019-07-16,2.920448933569012,3.0617474129728897,3.172300362325776,3.178015046491283,3.1428399864859644,3.1661924394483205,3.0617474129728914,4.063312176342709,3.876148730879079,4.035657732898387,3.201036165180458
2019-07-17,2.932601248605173,3.0718588934266307,3.1811052852464736,3.187248654859481,3.1519453460388536,3.175431433283367,3.0718588934266324,4.056514674578631,3.867876737619813,4.02832436329627,3.2093220113983763
2019-07-18,2.918692028380987,3.06103343157911,3.1659391273093074,3.1748861306995644,3.1398017670241596,3.1632191979928463,3.0610334315791117,4.062066881655025,3.8752982190066296,4.0350531720901675,3.203648758633644
2019-07-19,2.9416795099944535,3.0867559221975833,3.190732253300236,3.201228274060162,3.165871206622708,3.1892814789873145,3.086755922197585,4.110272469185507,3.919891231925041,4.080297136331439,3.2319497264163344
2019-07-22,2.941512690648026,3.081951737485883,3.1864331944372344,3.2003628817482355,3.164682480469254,3.1884106995578207,3.081951737485885,4.108621127663732,3.91785402307763,4.078892858372526,3.2238310265276566
2019-07-23,2.9640438794808808,3.1061654796733484,3.2098394753621617,3.2241509590245587,3.188375035991085,3.2122149839542393,3.10616547967335,4.123732108553969,3.937309540314846,4.097327019971246,3.249140350241463
2019-07-24,2.9649160583796297,3.1041087120195474,3.208844434262944,3.2258393636891345,3.1897288992790407,3.213840603657593,3.104108712019549,4.136425630840873,3.946828668988418,4.109726965348029,3.246399366711534
2019-07-25,2.9743410302012143,3.11271675782953,3.2163842416910793,3.2387976815420716,3.202219655826719,3.226822722928116,3.112716757829532,4.168562340351422,3.9755524513538463,4.142380520299421,3.2534567457090495
2019-07-26,2.965498821209751,3.103695399574903,3.2069317072484482,3.228552573845335,3.1921589598789213,3.216639024555906,3.103695399574905,4.149603554178044,3.9576399245561866,4.123830700384874,3.2435366986675502
2019-07-29,2.9579819643602683,3.094688963460384,3.194473942141744,3.2187949333973114,3.1825532431714048,3.20694661680844,3.094688963460386,4.1367737298972935,3.9446575196267166,4.1115260509436204,3.2333514957868217
2019-07-30,2.9175227164839463,3.0522930628139613,3.1545940362909026,3.1786133467183197,3.142578806795098,3.1668474320295426,3.052293062813963,4.097104571738302,3.9056221310078145,4.070624076998781,3.1886044355065564
2019-07-31,2.94009570301092,3.072108892872487,3.1711299477549626,3.198231562172749,3.16204111441553,3.186483827412208,3.072108892872489,4.093424703563219,3.906068185946226,4.068471618392478,3.205741713553865
2019-08-01,2.9413158870375757,3.07411540878215,3.170966926458189,3.201839403356397,3.1654687548963465,3.1901672823570153,3.0741154087821516,4.109214207475606,3.9200039254232553,4.0845975974132545,3.208430584203441
2019-08-02,2.9405036500449913,3.067824382636755,3.164396067690222,3.195774123135364,3.1594676613953636,3.1841021782040824,3.067824382636757,4.0787693523880675,3.8936333123863305,4.053788956533679,3.1994408299569193
2019-08-05,2.912733354967507,3.032205779381953,3.1258239024166508,3.166543258060737,3.1299113860718033,3.154935296921069,3.032205779381955,4.0505963002822,3.8649704121303525,4.025559011720077,3.158329583159148
2019-08-06,2.8938082388564714,3.007381389069047,3.096464845189274,3.1443896525634134,3.107764821662578,3.132857582275124,3.007381389069048,4.030256627606033,3.8456395181578924,4.006247480141367,3.130381037939804
2019-08-07,2.895473169293121,3.0116582185379293,3.099333897641309,3.152619873642797,3.115576566426785,3.1408966124902533,3.0116582185379306,4.051583107905566,3.865189102133697,4.026984577081149,3.1352076801697653
2019-08-08,2.9194795677755216,3.03674204305135,3.12482357819169,3.18017750152686,3.1426921565983617,3.1683769488651445,3.036742043051351,4.084444312890403,3.9011714290815847,4.062320775930282,3.1615924211226796
2019-08-09,2.926188830453413,3.0459544347903567,3.132186455422668,3.1872084058983163,3.149885504447804,3.175423954090113,3.045954434790358,4.07169407649431,3.89163746975131,4.049211416168112,3.1723860982213177
2019-08-12,2.934944679058765,3.056887786779541,3.143666290471952,3.1958825101696746,3.158674635036245,3.1841552018774215,3.0568877867795425,4.080194202125785,3.9019357602409395,4.057517758124299,3.1848924312072557
2019-08-13,2.912295722421115,3.0371986417631636,3.1258988394650093,3.1728456402350846,3.1360295187618252,3.1611878934083637,3.037198641763165,4.0480156843270505,3.8723581856338014,4.025810619716316,3.166059987699084
2019-08-14,2.917723729438324,3.042747047748329,3.130215119603779,3.1794756584353823,3.142471753891369,3.1677911846966365,3.0427470477483305,4.052691833026392,3.8778474989993303,4.030986281574454,3.1716539738701672
2019-08-15,2.9423434165220854,3.0686855274702975,3.1540310052393927,3.2108921039429394,3.1730784450687204,3.1990272957571144,3.068685527470299,4.1022703630949495,3.923696999628858,4.080638278131699,3.198718088132235
2019-08-16,2.9511956581846066,3.078469767388974,3.1658687855545042,3.219047111658524,3.181243942826333,3.2070773823162115,3.078469767388975,4.1233873300253725,3.942374245151032,4.101484545576447,3.209866301872363
2019-08-19,2.9496542305446005,3.076728957605788,3.1642765552734953,3.216476375730469,3.17879886207776,3.204554760533604,3.0767289576057895,4.119957161809897,3.9408655223793487,4.097988922815922,3.207826022271908
2019-08-20,2.9683621300383183,3.090134785544658,3.173792093041732,3.22903160126392,3.1912916464962326,3.217122937518684,3.0901347855446595,4.103613357230385,3.929859171167031,4.08201945141488,3.217919782068569
2019-08-21,2.9868518589353874,3.1097755026202205,3.193432191411784,3.246846426056024,3.2090889039374466,3.2349664396311133,3.109775502620222,4.1073451216083905,3.935334892068151,4.08617535778699,3.2378198135564746
2019-08-22,2.9849490597960915,3.1107523685604024,3.186387319937906,3.244492054717712,3.20735884224111,3.2327310332443524,3.1107523685604037,4.101069107333884,3.933234225798648,4.0791961570157715,3.2410776753808985
2019-08-23,2.9864767131531784,3.116187002708754,3.191671660157364,3.2491774032009557,3.2122178604945013,3.237467527567569,3.1161870027087555,4.118300689512014,3.9484763841644006,4.093739738403382,3.2508367375272047
2019-08-26,2.9643411967117537,3.0929683479669454,3.173455010025576,3.2260987772082967,3.189133730232741,3.214439717691075,3.0929683479669468,4.094790551879456,3.9252814099462316,4.069694782052099,3.2278357880254784
2019-08-27,2.953378571239323,3.082005783695273,3.167163419700398,3.214806330247961,3.1779463547010796,3.2031230367977868,3.082005783695274,4.091776372301555,3.9202094710434134,4.065569287180896,3.2170985858436083
2019-08-28,2.9484991026926126,3.0761937855245542,3.1648804231169443,3.210001228873043,3.172948736574798,3.198396934134207,3.0761937855245556,4.095436455217798,3.918498484785601,4.068940526834654,3.210386613876882
2019-08-29,2.9521709132681564,3.0811779166253546,3.177682015838208,3.215262293682073,3.178220242684294,3.2037090484123194,3.081177916625356,4.114306430260416,3.9355726640539084,4.086626993100458,3.2172969851060556
2019-08-30,2.960199548845045,3.0908076103577735,3.1902271387617267,3.222534106062867,3.1858983780642633,3.2110514115763427,3.090807610357775,4.116658647247007,3.939518114406346,4.089441901191106,3.2271542174965218
2019-09-03,2.9340588266816883,3.0689027203560695,3.1542755430417064,3.1961431549459234,3.160317662082192,3.1847326192091243,3.068902720356071,4.089418852082935,3.917486527925899,4.062739777673847,3.206988163367306
2019-09-04,2.930948603417874,3.06309339061682,3.1501495523302534,3.1858678714424,3.150867922731136,3.174654945810931,3.0630933906168214,4.061980351131067,3.890870821729893,4.035142273982534,3.1985976673094925
2019-09-05,2.9249789114582807,3.0567471522641343,3.1385361324399677,3.180432611560733,3.145164161462631,3.1691502511365233,3.0567471522641356,4.054081544861938,3.8830673400755877,4.027644302190557,3.191338653645938
2019-09-06,2.9167276282000434,3.050302238863573,3.1306385048527416,3.172739121044423,3.1376768697277457,3.1615726467948146,3.0503022388635745,4.052508157541523,3.881688848076082,4.026581354723997,3.1865555531538954
2019-09-09,2.9087112204128194,3.0462568474245213,3.123282302747958,3.164743700338064,3.1303830922779143,3.1536903573266635,3.0462568474245226,4.042395033493803,3.8765746579621534,4.016037819707544,3.185472434765613
2019-09-10,2.89041004786284,3.0290812174750306,3.105276683017191,3.1410276809511277,3.1079006307310353,3.13015831459614,3.029081217475032,4.002766232842415,3.8409667910491017,3.97564002429502,3.168878843642162
2019-09-11,2.8966080834654973,3.0353870957959064,3.1071285111731575,3.1474090750365886,3.114375921179903,3.1364764793185103,3.0353870957959077,4.005891235341945,3.8435349770702003,3.978790270665884,3.174505078394755
2019-09-12,2.9295329692839434,3.0683152306079413,3.1390426934222058,3.181749000009887,3.14836330307383,3.1707606370360564,3.0683152306079426,4.0299453028439745,3.8763700582462413,4.005620360559227,3.208571289911334
2019-09-13,2.9705224086393565,3.1120030295818903,3.1844913505619923,3.2246698920186048,3.191251089856223,3.2135467411084613,3.1120030295818917,4.076972530833102,3.92233442362732,4.052971909356479,3.253676127527889
2019-09-16,2.9813561385460936,3.1252707491137715,3.1980750055373592,3.2350982492785203,3.2021128125162406,3.2240337617886894,3.125270749113773,4.0925761787344666,3.937719800678486,4.068250947092259,3.2689231730834343
2019-09-17,2.9924902888075184,3.131615612843269,3.2087638098700286,3.2418105052342114,3.2086511431928773,3.2307219822410675,3.1316156128432704,4.088381328839498,3.9333692300809506,4.065202538895037,3.2713126498344773
2019-09-18,2.9878554860084368,3.1294890575596828,3.2027286384763416,3.2388949334143544,3.2058895008034236,3.227875785031763,3.129489057559684,4.099061123731993,3.9399404843751915,4.07413277332216,3.2716269923140984
2019-09-19,3.015263572545605,3.162265047753926,3.233296791978155,3.2693339068197353,3.2365715221969262,3.25822015686146,3.162265047753927,4.144964636976228,3.985707187225239,4.117077675942071,3.3098864734922566
2019-09-20,2.9987848877803525,3.143603200167171,3.214015596460911,3.2509688540006443,3.218068693979924,3.239796944778016,3.1436032001671723,4.115721404970605,3.9551275750982717,4.088258002454675,3.288332017100902
2019-09-23,2.9868457159884425,3.1337499108481297,3.20083537724114,3.2414014155049293,3.208362223249112,3.230264092569011,3.133749910848131,4.115782436793792,3.953162006315196,4.087756687736634,3.2802698410321875
2019-09-24,2.9855786741321344,3.1321193826554645,3.1989610145996963,3.2397177197305216,3.206635590190974,3.2287391561197536,3.132119382655466,4.116915173921541,3.9546992680303314,4.089416893492865,3.2792693531219523
2019-09-25,2.9849866217627246,3.1316216010171143,3.200496727157221,3.237573745762365,3.2050028648147304,3.226619999255997,3.1316216010171156,4.1072713105524015,3.9473778144984304,4.079518348249702,3.2783530683651168
2019-09-26,3.015417008155088,3.1642176437833056,3.234897144280969,3.2701612296168854,3.2376397593711324,3.2590392535923582,3.164217643783307,4.149105171560496,3.98817875299992,4.1204480813154065,3.312657585298611
2019-09-27,3.030346603716173,3.1796384975415974,3.2524742779806255,3.2842281485108344,3.251880956460014,3.2729225902578563,3.1796384975415988,4.162913454202711,4.0005017621457695,4.134172485014845,3.3275686091521886
2019-09-30,3.0263809592421165,3.177381880413278,3.252089115151487,3.2832928508460806,3.250715533915617,3.2720361731542744,3.177381880413279,4.172603173960899,4.008135668798692,4.144003049130638,3.3271719212276327
2019-10-01,3.044874742926696,3.1953035456673233,3.2747206276422522,3.3020227527142687,3.2693578200471083,3.2906215872251368,3.1953035456673247,4.188526759755561,4.025245947902789,4.1596554047279515,3.3446172849106413
2019-10-02,3.0207147038539954,3.1732597342561184,3.249996021028296,3.2816137144153226,3.2487604957092735,3.270363612550813,3.1732597342561197,4.18192523612886,4.016523571189271,4.153827219722466,3.3250403874972725
2019-10-03,3.0246316223104888,3.1763989313771623,3.252184453447867,3.2837565311556585,3.2511034247924426,3.27252411265809,3.1763989313771637,4.175592223186416,4.013441442633487,4.147312179226828,3.327345952540485
2019-10-04,2.9949989719694545,3.146524962529574,3.2200355509513443,3.252876065734465,3.2206054471302314,3.242022045829245,3.1465249625295755,4.142388538581252,3.982095476575364,4.114889186441579,3.2984625989911835
2019-10-07,2.9695721537968054,3.1213159414618246,3.1892648731859934,3.2276468411832946,3.1953757307245434,3.2169472252749394,3.121315941461826,4.122952868590249,3.96055838390372,4.095666732694614,3.2736209942301127
2019-10-08,2.9946774202720587,3.14631023241469,3.2157280363400353,3.250306294811239,3.218526812029943,3.2394477666847385,3.146310232414691,4.13270261219757,3.9722132906816254,4.105259175554209,3.2978148447669304
2019-10-09,2.9972480297875013,3.15005940767211,3.2178284439490334,3.2505036592084067,3.2194627783908496,3.2397416144439415,3.1500594076721113,4.121671502362701,3.9654199554803258,4.0946294860908194,3.3024259036955925
2019-10-10,2.9973576894943936,3.1503263177124468,3.2193042228829976,3.2504089006550956,3.219486449679697,3.2396972388184673,3.150326317712448,4.122006981957837,3.9656238954735903,4.0946132603052305,3.3030608729155344
2019-10-11,3.0166568392875623,3.171212033736345,3.242209213650933,3.273801121762108,3.242324688487484,3.2627728534530402,3.1712120337363463,4.161271900599146,4.000361072097603,4.133459879839821,3.324623408220187
2019-10-14,3.036627289898917,3.194007826014069,3.266446971182059,3.295508462084971,3.264249330589323,3.2843781566835393,3.1940078260140705,4.1833336319884165,4.023910386835385,4.155272139692383,3.349463327360698
2019-10-15,3.0344404029968084,3.1930399815510557,3.2661342927195904,3.2941221587105773,3.2630486199483664,3.282961036223166,3.193039981551057,4.18034072069163,4.022289921453511,4.152687992927683,3.348957831129762
2019-10-16,3.0278536616206364,3.1879601715713797,3.258134791400937,3.285788984986381,3.255427868474293,3.2747555432405995,3.187960171571381,4.170475021757059,4.0127773553122505,4.1423104689571435,3.3451937345090657
2019-10-17,3.0176504003832676,3.178110778211326,3.2469317856092377,3.27726733596616,3.2467072385688285,3.266446563170592,3.178110778211327,4.1722386882095215,4.013716231412673,4.143938441885408,3.337300758046192
2019-10-18,3.0085242536559487,3.168181550624205,3.2357646135493376,3.269367428123419,3.2384412398440783,3.2585476566721154,3.1681815506242064,4.165427372303778,4.008614434202934,4.137922423488065,3.3270157051184
2019-10-21,2.9855931604633703,3.142333891180381,3.2117994685335973,3.2462652972478714,3.214668678910765,3.235579936024082,3.142333891180382,4.141292006243113,3.985094525411923,4.1144391315532785,3.300012869781917
2019-10-22,2.995902277509328,3.1548230074720216,3.227958517067758,3.2594474289644544,3.22727610829778,3.248584448109049,3.154823007472023,4.164937947991669,4.000290986044834,4.1348253120101575,3.31412118274343
2019-10-23,3.002719299519511,3.160730666109359,3.2325472995201943,3.266744575266374,3.234445993386169,3.2558472300038526,3.16073066610936,4.180031313051017,4.013431296405229,4.149397773849931,3.3196011124501843
2019-10-24,3.03071608228379,3.1858440720002488,3.2601971812561423,3.2897819688228216,3.2582006912111043,3.2788019982820176,3.18584407200025,4.193807856316676,4.030862218072823,4.161500901925249,3.3424798940080023
2019-10-25,3.0334331988215055,3.190536775231277,3.2651832030620045,3.29399195392227,3.2625956724980765,3.2830077095033974,3.1905367752312785,4.202550530105242,4.038315705078792,4.169767089759313,3.348852577421985
2019-10-28,3.0332567676212623,3.1907824252258963,3.2657674321103194,3.2921869630177145,3.2613355459612805,3.2812039194960203,3.1907824252258976,4.190930753671197,4.030338168242104,4.159693330686985,3.3483047768209895
2019-10-29,3.0307098149376155,3.187073942861564,3.2578607760370293,3.292072558995555,3.2602390020012275,3.2811057322048707,3.1870739428615655,4.19204798274395,4.031954044870829,4.16157047664799,3.3440206348849877
2019-10-30,3.0425798076756596,3.202344724059162,3.273307871238741,3.304601344220506,3.273387090523589,3.293586436252686,3.2023447240591634,4.207529232927594,4.050423872777798,4.177473279381309,3.362430234510978
2019-10-31,3.0386709136627363,3.1983607676480856,3.2706001133054,3.301133674899015,3.269388832046174,3.290121462250857,3.198360767648087,4.200209818358995,4.041797570875946,4.169906060676369,3.358003242833977
2019-11-01,3.0694832717522424,3.22976669621534,3.300185885120436,3.3295552658430854,3.2985383537880106,3.318406697363833,3.2297666962153415,4.22185262171986,4.067112380993108,4.192064470668967,3.3883766380607176
2019-11-04,3.09479430542396,3.2561381516181265,3.3283009463942945,3.3512850044713076,3.321409821839724,3.3400979740610155,3.256138151618128,4.231029389141375,4.078386458958499,4.2010693016780865,3.4141871054175
2019-11-05,3.1005106574458376,3.2632871158960337,3.332803127695223,3.3558273692291554,3.326715059240217,3.344563021486999,3.263287115896035,4.238869599352597,4.087911189478423,4.2084200359302075,3.4225732231774244
2019-11-06,3.097579938193234,3.258232044115356,3.3284067714863115,3.3501985649016204,3.3213721476777276,3.339056968982383,3.2582320441153567,4.223408406064844,4.074850952201433,4.193426594652193,3.4150956234155707
2019-11-07,3.1027960407059245,3.2624410482911688,3.3316255318535215,3.3520713666268027,3.323624830413098,3.340885150453249,3.2624410482911697,4.219628772771238,4.069783246102624,4.188429350838959,3.4178427655277224
2019-11-08,3.10306426719992,3.2639044218021644,3.3320178421280398,3.3543829932371323,3.3257540591123993,3.343175678603734,3.2639044218021653,4.227316421389217,4.077824070820072,4.196321856929035,3.4208467411196852
2019-11-11,3.084473151880496,3.2446914039363297,3.311975625728205,3.332148618025447,3.304523160664481,3.3209515127904807,3.2446914039363306,4.19374276646677,4.050801316284604,4.162554025077262,3.4013961422163366
2019-11-12,3.0930246014047302,3.253215087832094,3.321133869002048,3.3383220566257563,3.311234309917924,3.327075401842765,3.253215087832095,4.192370155400372,4.0480420522660605,4.161058595454471,3.4093702312648833
2019-11-13,3.0791515750103655,3.2396193698562707,3.3069350409079323,3.3221788733364033,3.2957671489091,3.3109638864309696,3.2396193698562716,4.1686751326981195,4.028179818898217,4.138019469369904,3.39645868873253
2019-11-14,3.062355882105647,3.222016086952533,3.287303405243868,3.3076306453982243,3.2804088563101828,3.2964730492691787,3.222016086952534,4.162519901548331,4.017432136265146,4.1308132887203435,3.378226916999479
2019-11-15,3.0580882937179052,3.216221265688472,3.281753621979902,3.2977028946477143,3.2714702768617334,3.286575641853208,3.216221265688473,4.132057750575723,3.993270680172332,4.102833366172874,3.3703325289220714
2019-11-18,3.0366363796991527,3.194707583068597,3.258683596541046,3.276191417247551,3.2502585301764806,3.2650707437417728,3.194707583068598,4.117558120951262,3.9751527834894635,4.087139055091471,3.3492021163270578
2019-11-19,3.049917970349026,3.208812512962343,3.2731310099362116,3.2906784559713267,3.264504178419134,3.2795554361627137,3.2088125129623437,4.140226503500548,3.9944974983171955,4.108439752936578,3.3636698214555385
2019-11-20,3.0288013105535825,3.185925214705448,3.248379787914916,3.270226161898325,3.243665518916498,3.2590995693098264,3.185925214705449,4.123312468759608,3.9758789359578146,4.0908036434099255,3.340175381676301
2019-11-21,2.9882624027779867,3.144221268918427,3.2072501280967542,3.2293179422636964,3.2026494020471645,3.218484382641357,3.144221268918428,4.075615449831876,3.9306823834353604,4.0438871321645475,3.298774479240556
2019-11-22,2.957808926262378,3.1111378984613087,3.1736895838127976,3.197778371631261,3.170863023989714,3.1871068386096093,3.1111378984613096,4.025287984027143,3.8851213859107934,3.996328397061852,3.2630346373253687
2019-11-25,2.9596288736931267,3.1137680755020023,3.1779134148780885,3.2031752199017167,3.1752784886380816,3.1926200929891038,3.113768075502003,4.030430597090166,3.890908017061066,4.00216662651606,3.2660255785701433
2019-11-26,2.966078232080387,3.1199313106363986,3.185711928585619,3.208799966490686,3.1810506166042902,3.198200069876393,3.1199313106363995,4.038050684224418,3.898463145143327,4.0094121621113,3.271916263714412
2019-11-27,2.9567359098339687,3.110109173486731,3.1742050702214315,3.1970634698625107,3.1698729935855927,3.1864717077948916,3.110109173486732,4.02329494145804,3.8848791344276337,3.994450819296179,3.2620176624785233
2019-11-28,2.923423431702312,3.0762911155357777,3.136228196491089,3.165224464529722,3.137890927881682,3.154734215106907,3.076291115535778,3.990190040111387,3.8534161487956053,3.962000609535927,3.228696364113194
2019-11-29,2.92108683428373,3.0753704363233245,3.136026368010797,3.1603179113457607,3.1341457437119846,3.149710285426494,3.075370436323325,3.9919046185721005,3.853827702962291,3.9626226411510888,3.2289456037238473
2019-12-02,2.875992797983025,3.0305530175619753,3.0872471975862332,3.1203929069604737,3.0932328791746264,3.1100200743537587,3.0305530175619757,3.958715710952594,3.8191998173556354,3.92898787273586,3.185440605125301
2019-12-03,2.846772322985183,3.0029611748077634,3.059629058039639,3.089138042848077,3.0628085064551893,3.078912196196615,3.002961174807764,3.918465119540607,3.7859131875519774,3.886677277741759,3.1594332630216484
2019-12-04,2.902656323554971,3.0604810711100496,3.119223689354411,3.1422963042479592,3.116478677377625,3.1318591004562477,3.06048107111005,3.966499310869036,3.8389482309840535,3.9370897048196603,3.217578158228866
2019-12-05,2.888671193602148,3.0462631723778717,3.1025575540629386,3.1305374139101,3.1043897768565656,3.1200760211827863,3.046263172377872,3.9579702194772444,3.8304715513563634,3.9292302643386483,3.2033957165082727
2019-12-06,2.88968756451359,3.04650714665313,3.1044206320674674,3.1310682592738606,3.1047742737845234,3.120648089089537,3.0465071466531306,3.9513608814968144,3.825328103116738,3.9234054638948983,3.2025861285078476
2019-12-09,2.887580785066629,3.0442751125279046,3.099954904622843,3.130183541711052,3.103631635516541,3.119913729546962,3.044275112527905,3.944118753329401,3.818748734851906,3.916759220994715,3.1996644496395907
2019-12-10,2.8680345225598325,3.021767938126433,3.0770320253191503,3.104787228400729,3.078918971964155,3.094618186194213,3.0217679381264335,3.8882611216199,3.7726783825158816,3.8627484494496964,3.174384772421845
2019-12-11,2.8745575574164315,3.028302743566268,3.08550141457313,3.1089421807221647,3.0835904649044887,3.0986250432771154,3.0283027435662686,3.890092483501402,3.774485310354617,3.861741857167031,3.1801804979127706
2019-12-12,2.894731015162351,3.0488066000702108,3.106445771574679,3.1298422216941324,3.104163218496784,3.1194128853130687,3.048806600070211,3.9177535758518465,3.799510008463933,3.8895402578366753,3.200431688853986
2019-12-13,2.8925043573799507,3.0454548356337776,3.1054540674220643,3.1210369813527286,3.0960357589860985,3.1105874433852865,3.045454835633778,3.9031119298988433,3.7853654138082,3.874568270205162,3.1957384706932808
2019-12-16,2.89282981063292,3.0463422055134273,3.101995055220856,3.1296431872540547,3.102839208034138,3.1189283408339117,3.0463422055134277,3.915072865187487,3.796545111001644,3.888230311302105,3.1959816101007146
2019-12-17,2.864171960115389,3.0196368063149595,3.0767274260700894,3.1058373921947857,3.0785684747466298,3.095134840335541,3.01963680631496,3.89986290975086,3.7804560976733743,3.8733361827024875,3.1726284665859708
2019-12-18,2.845903010050097,3.002158869001504,3.0626691568941675,3.091073026089417,3.0630564204234862,3.0801951332154833,3.0021588690015046,3.8900465625393243,3.768512945788219,3.8619605589281596,3.1561927271198855
2019-12-19,2.8436815390332777,3.0004792778639713,3.0594419763869536,3.094063249282668,3.065149890928523,3.0830599775844703,3.0004792778639717,3.894623788411337,3.77323518975267,3.8675774548587545,3.154961017415768
2019-12-20,2.8679791867997286,3.0258140645834057,3.0839082623214824,3.1214500704431205,3.091568248764754,3.1101769244786572,3.025814064583406,3.9243087525050795,3.80069167313275,3.896116357858014,3.1800201093820823
2019-12-23,2.8643553349202646,3.0253198769438026,3.090750820713167,3.117736296984657,3.088163836658471,3.1065563517702484,3.025319876943803,3.9278359754525396,3.803749264713698,3.898692925756704,3.1813868885667125
2019-12-24,2.859558970336144,3.0213502597257764,3.0858546253147696,3.115839783120392,3.0858977088107844,3.1047129152689017,3.021350259725777,3.9269304538586853,3.8021343183767815,3.8991114235650484,3.1788088330535174
2019-12-25,2.8705239738088144,3.029904175182735,3.094746643664008,3.1174695698645776,3.08894874421502,3.1064090049385498,3.0299041751827356,3.918430095335642,3.794957527400597,3.8900237785413125,3.184961876342875
2019-12-26,2.866488235914829,3.026395342054875,3.087557807317157,3.1207264787712448,3.0908020136980676,3.109488065131266,3.0263953420548755,3.9283601299654576,3.80286776865446,3.899844562723514,3.182829570569727
2019-12-27,2.885978775923328,3.04463882818651,3.1062891875094762,3.137308883737087,3.107642499732623,3.1260817865184434,3.0446388281865104,3.935131402731342,3.811416928592107,3.908052945381156,3.1980083288620946
2019-12-30,2.893957596766059,3.052605432074339,3.1169284207931707,3.1459161192757454,3.115938821449075,3.1346451196885843,3.0526054320743397,3.9443874536542767,3.8194845449930193,3.9170872206617386,3.2054246568637432
2019-12-31,2.8927201522490824,3.049831005098939,3.117190262508412,3.1451533586739537,3.114873348796833,3.133963465956903,3.0498310050989392,3.948393476630765,3.8239567885985286,3.922414686064266,3.202640987824382
2020-01-02,2.928805064776782,3.083689718807042,3.1545324407988007,3.168818066409921,3.140589844385699,3.157889515297932,3.0836897188070425,3.965438393365841,3.843689454453707,3.939335805186118,3.234446843409844
2020-01-03,2.924473318952652,3.0804657728065608,3.149175171134798,3.1656328641314055,3.137909927756588,3.1547972980808106,3.080465772806561,3.969376458351322,3.8482039870578864,3.942306086753911,3.2337675321968447
2020-01-06,2.8877773388801002,3.044029728597212,3.1116534649381395,3.126841465276057,3.0996398086132433,3.1161760695856855,3.0440297285972124,3.9201264402040654,3.7996173971074354,3.8933987480110295,3.197221848114919
2020-01-07,2.8916918622686563,3.047379605798186,3.116066770848751,3.1189528328437714,3.0942357412310737,3.108609905944769,3.0473796057981866,3.9040848220175675,3.787780480019639,3.8773072882266972,3.1997383534418593
2020-01-08,2.855976432894579,3.011716941292498,3.0818139620669793,3.0838622201303707,3.0592987947714256,3.073663968098962,3.0117169412924985,3.866362628797822,3.7510763056031853,3.8405352901079137,3.164400165668265
2020-01-09,2.896610436246475,3.0507063560229,3.1224095032185333,3.117871638792931,3.094196607933309,3.1076828479526935,3.0507063560229004,3.9014872182727385,3.786333524009819,3.873662710845036,3.2010903950478227
2020-01-10,2.9427095956143243,3.0962739652559264,3.170048012160557,3.157896433659555,3.135310039019058,3.147753713067011,3.096273965255927,3.9399148346317094,3.828354555589688,3.9134214729543833,3.244419616486633
2020-01-13,2.9404291713094604,3.0953507695717324,3.1684114503258307,3.1679060421745504,3.1433332278362855,3.157522938927061,3.095350769571733,3.9573427173884914,3.8427810819755575,3.9302871475783814,3.2453484694967036
2020-01-14,2.949016014604628,3.104749244576176,3.173737232938048,3.1783252055800633,3.1532138142162203,3.167752623376809,3.1047492445761766,3.973157343749984,3.8569882960700927,3.9448593691299783,3.254650643524059
2020-01-15,2.9493471853257707,3.1035425412843827,3.173064461786668,3.1747600413084136,3.15011590573829,3.16425385299572,3.103542541284383,3.9671610650185998,3.8519172981689307,3.9394688518151693,3.2525212983214713
2020-01-16,2.9852446429251858,3.1373559625417506,3.1988786894035948,3.20019518017307,3.1761032626014143,3.1896979761954474,3.137355962541751,3.976109549647571,3.861271874709908,3.9473242329696006,3.2823062807392622
2020-01-17,2.9892424009742657,3.1425366421610463,3.208394290947433,3.2061065040567747,3.1816951184229523,3.195578472709341,3.142536642161047,3.9768256805440774,3.862518492841508,3.9485762485384317,3.287772013327205
2020-01-20,2.995441328175788,3.1490724001149526,3.210945465583884,3.212974523906858,3.188221237184767,3.2023853765720363,3.149072400114953,3.9804141072521877,3.8656018400557963,3.9520272812143067,3.292969794528125
2020-01-21,3.027605293667265,3.1773647095465583,3.230797791396968,3.2335170189207947,3.209882694270046,3.2229572753250313,3.1773647095465587,3.987720404048174,3.8738644963908113,3.9579777283762954,3.3165555896765753
2020-01-22,3.04730887584284,3.1933398629469587,3.2417411840952792,3.2503944553771036,3.2265577595304418,3.239794461306596,3.193339862946959,3.995337300292999,3.880653458613351,3.9653063936214243,3.3282985913201073
2020-01-30,2.927541799010278,3.0773486214495875,3.1317350027277118,3.141505949693694,3.116843020805302,3.131244149251215,3.077348621449588,3.9108394961823345,3.7921331177583903,3.879258841245721,3.2201167910525075
2020-01-31,2.839288149117443,2.982590327760159,3.032186899174386,3.039787138747874,3.0161652387708187,3.030129303099152,2.9825903277601595,3.771205027906234,3.656314783194875,3.739885675855719,3.120098845575988
2020-02-03,2.803031869712785,2.9385124975846586,2.988859759572906,2.95573193298101,2.9398833661222827,2.947249274890962,2.938512497584659,3.646684163634685,3.5457646602328876,3.618995199250671,3.0702275726771413
2020-02-04,2.8312810706000797,2.96513261742445,3.0154940117648463,2.98537371815455,2.96805648780743,2.9764216248910635,2.9651326174244503,3.688374990972674,3.5817106506116256,3.656150868546476,3.096287478611719
2020-02-05,2.85169644920855,2.979697072712274,3.017177283189664,3.019259450077343,2.997825621097705,3.009894016400983,2.9796970727122742,3.721956379020062,3.6066196860416726,3.68588839166948,3.1046015613298623
2020-02-06,2.92049906942488,3.044364139720936,3.0663114460992107,3.066785296235863,3.0474776359929723,3.0574221513094963,3.0443641397209364,3.7542309468175676,3.636935340727007,3.7151055306612775,3.1621663683158134
2020-02-07,2.914627966356327,3.0419622111999036,3.0770257414872826,3.0740906118297437,3.053638472380295,3.064582557224695,3.041962211199904,3.762877194294738,3.6482006084918113,3.7267997047601438,3.1626288083906697
2020-02-10,2.868572094972772,2.999335130416387,3.033638558886829,3.0294580943974956,3.0098494211778175,3.0202297764101265,2.9993351304163873,3.7301893956302634,3.615112105363184,3.694852323829375,3.1242990628737926
2020-02-11,2.891129801157807,3.0178067768109793,3.0479329982344416,3.0319064376708766,3.0146003550845832,3.0230003970104513,3.0178067768109798,3.70637023926046,3.594849282220759,3.671305639444272,3.138715955472742
2020-02-12,2.913451839496785,3.0399431598322253,3.0599219476390256,3.0532985637536667,3.03512731673623,3.0441038863136485,3.0399431598322257,3.7161629757046017,3.601821991850996,3.67888025522186,3.1577533040819796
2020-02-13,2.9206049232437454,3.049669308241514,3.0704610502532836,3.07072927488659,3.0510511159830678,3.061314273222483,3.0496693082415143,3.744075941030646,3.6279126556945993,3.7070167911357728,3.1692353427200715
2020-02-14,2.9403068383791426,3.067121094452906,3.072776597427113,3.07345724353605,3.0560065670483936,3.0641987201034984,3.0671210944529066,3.7425742227089014,3.6264162088654657,3.704311636247595,3.1836465672885894
2020-02-17,2.9361495920387997,3.0564191378505936,3.0686751432553474,3.052420391166372,3.0361435431125456,3.0432112791096833,3.056419137850594,3.706452993863058,3.5934978095402372,3.6683666783723634,3.166223667081846
2020-02-18,2.9178547400128836,3.029055074467866,3.04744327323623,3.0097220220229812,2.995129482668844,3.000551395614537,3.0290550744678666,3.6374963301314045,3.5314628601123026,3.6001428664811237,3.130156418304233
2020-02-19,2.9206795858624037,3.0301745724621547,3.0463931562610957,3.0154547538158165,3.000384531556551,3.006250904837971,3.030174572462155,3.6373387547558336,3.5286180433478043,3.5994462962164575,3.129785515941935
2020-02-20,2.935990093343717,3.0585673616463906,3.071201380126508,3.063225471880854,3.0458229203816796,3.053902889225253,3.058567361646391,3.6930368457716494,3.5816353430824144,3.6554036764087074,3.1711941971331377
2020-02-21,2.922113960035768,3.0467049393221606,3.0522405371281343,3.055297153585783,3.037658173749934,3.0458958464881687,3.046704939322161,3.700853865880874,3.586742821848189,3.66214728924863,3.161184845958709
2020-02-24,2.807016647001083,2.9318157951634842,2.9301021138921373,2.951520985984947,2.933620897581304,2.942475325892283,2.9318157951634847,3.5855203822918433,3.4766248822550563,3.5475646886501275,3.047504368146726
2020-02-25,2.853226999310099,2.971079062902855,2.975714068600402,2.9778588732982914,2.9609444662141975,2.968766213203659,2.9710790629028554,3.605396255853275,3.4947320814585154,3.5670043119627386,3.0805341583174943
2020-02-26,2.8388091863499105,2.9476881859786577,2.9630862308964168,2.954295331511998,2.93753186636392,2.9452177834804143,2.947688185978658,3.557069394347587,3.44835399253922,3.519785604231986,3.0506936022250994
2020-02-27,2.8827104782686943,2.985840374573913,3.0004138114795595,2.9821654086719165,2.966159219162003,2.972873053157699,2.9858403745739133,3.5900963232703145,3.4786790658019107,3.5513903599475536,3.0847945713271296
2020-02-28,2.8421649348455427,2.9442177227795057,2.960449040404218,2.9487154495080548,2.932036384452603,2.939308337740159,2.944217722779506,3.538994187597452,3.4333087006018395,3.5004674476786524,3.045067264341774
2020-03-02,2.8781735343338277,2.97416445074972,2.990883434818439,2.976796856931206,2.9603316084368267,2.9672632031858113,2.9741644507497202,3.571018346368389,3.4610115500117193,3.53206415355894,3.0693710174590985
2020-03-03,2.9146351851715955,3.001571578991799,3.0141999025307986,2.9989155792352142,2.9829293447211245,2.9892578314631124,3.0015715789917996,3.574303046382245,3.4653194969955075,3.535029654357157,3.089445088286251
2020-03-04,2.9215119262249143,3.0087851059022026,3.020624409913268,3.003978645265126,2.9881307300628355,2.9942704133755647,3.008785105902203,3.588394913501157,3.4789518922042393,3.5492308491961304,3.09770674003516
2020-03-05,2.932325885045721,3.0154252257315757,3.0190557062162062,3.014560996816386,2.9984710747571355,3.0046457374520217,3.015425225731576,3.598182647269892,3.4915843623417238,3.559171464321542,3.1022380129019056
2020-03-06,2.9166606836362883,2.9986595373028284,2.999318391920194,2.9998389885426477,2.983689305382426,2.989693761677236,2.998659537302829,3.5775693931691888,3.4740710108000608,3.539110570283046,3.084516055611724
2020-03-09,2.7105755797112714,2.7852688256160407,2.7875856754153885,2.7902620412314643,2.7749969282937634,2.780778021226226,2.785268825616041,3.3265551186543054,3.2310871643276515,3.290877853202047,2.864354893222242
2020-03-10,2.723299041597666,2.8023891374977667,2.8000736260202603,2.806371623901039,2.791154739910113,2.796913853543615,2.802389137497767,3.396142999040855,3.2875235015069975,3.359066286690441,2.884680783988471
2020-03-11,2.6200928523039133,2.704521900237343,2.6938606987015747,2.725303123095405,2.709048215778902,2.7160556728894134,2.7045219002373435,3.3543058408678297,3.2372289491272634,3.316165981840983,2.7957019175932816
2020-03-12,2.4830738394360696,2.5600096953573748,2.5421584238914856,2.584753808757544,2.5690973390331604,2.575739219661957,2.560009695357375,3.2021261414374322,3.086021699535947,3.1634610974470303,2.6456716582052007
2020-03-13,2.454398994563557,2.534497370336103,2.529448983081537,2.56317712219805,2.5470001125537047,2.554334490691716,2.5344973703361036,3.1654375172877196,3.0485197128386012,3.127873603837594,2.6223783362050987
2020-03-16,2.4083491467696314,2.491777379685219,2.4874069291056196,2.5259609110873877,2.509859391155311,2.517083096067348,2.4917773796852196,3.1889355675586115,3.062394136899256,3.1471489258882537,2.5838698671490468
2020-03-17,2.4231751687411336,2.5013544694175747,2.504361211218838,2.5290602681261793,2.513113875125581,2.5200934842867593,2.501354469417575,3.1210649794590237,2.9999778150233007,3.0801898957601197,2.5873921169204825
2020-03-18,2.42392136503843,2.5022268177312035,2.504267741469229,2.528759915260016,2.512766929061508,2.519737919362863,2.502226817731204,3.103062686810098,2.985734880476189,3.0630014540961525,2.589284166141948
2020-03-19,2.3525685468076674,2.4303870619030055,2.43691311388192,2.4545533451271146,2.4390317030156337,2.445741565796219,2.430387061903006,3.0281294362021374,2.91091051716123,2.9876559693999427,2.5178420363913365
2020-03-20,2.3275159517379125,2.402792996546657,2.4065536554718796,2.423178859135649,2.4079025693103477,2.414406998741055,2.4027929965466575,2.9714812087841658,2.8509880591011525,2.928651036738847,2.485501667130697
2020-03-23,2.167573537256412,2.239512962437835,2.242311437839826,2.2653735974912306,2.2506803042649546,2.2569679925926094,2.2395129624378356,2.8234827585534763,2.702740628159887,2.779179687187161,2.318802150865191
2020-03-24,2.159439139654346,2.225273279625557,2.2293193210244486,2.251910515392361,2.237251624033149,2.243478587051266,2.2252732796255574,2.784257866568695,2.664644425224082,2.737952682553891,2.296915660780154
2020-03-25,2.270617294326644,2.337632453536174,2.3396189880658826,2.3644630558448068,2.349128993002458,2.355626308447409,2.3376324535361745,2.884018235268267,2.7674925825359837,2.8410142518815937,2.4117375971786905
2020-03-26,2.241013612705507,2.3137503787825318,2.3083643644184484,2.3463165398954557,2.3309505875468934,2.3375113721923793,2.313750378782532,2.916967346340155,2.8030546681453403,2.877441097897236,2.395567698485666
2020-03-27,2.214891999334038,2.2893459366292817,2.2789298396885793,2.328365715604277,2.3128962361638243,2.319463293762563,2.289345936629282,2.9485626431999483,2.832556809455085,2.9082280311735884,2.3748996273128724
2020-03-30,2.096349255832549,2.167128813178874,2.1540959078590536,2.209471194351151,2.1945244990463975,2.2009434522229427,2.1671288131788744,2.8139802686075854,2.7027938250421055,2.7751165969405442,2.2481308198961316
2020-03-31,2.0943177542782863,2.16584872297844,2.160630423686037,2.2103276026504326,2.1952476410502397,2.201837480633405,2.1658487229784407,2.806919863461947,2.6976533034146217,2.7694747763436087,2.2478234199797242
2020-04-01,2.1675181427433894,2.2350115418017378,2.229874819304116,2.2780401489194704,2.2625622452528913,2.2693750299842126,2.235011541801738,2.8235832253948265,2.7193813056867726,2.789029138343269,2.3130782798076774
2020-04-03,2.2451142715590473,2.3160842107761876,2.3192220996296538,2.360625733425299,2.3445733216849365,2.3515466617859926,2.316084210776188,2.9302805408126016,2.8191308849497863,2.8937816600364163,2.3982882619682857
2020-04-06,2.3780440460199923,2.4486195821591252,2.4554644070014278,2.4969512280247996,2.4798216238641495,2.487264607474127,2.4486195821591257,3.0902602510866433,2.968555775563801,3.050289816403962,2.532185282844592
2020-04-07,2.40938490433626,2.483067820570851,2.483135042737293,2.5323585889012565,2.5149546306213058,2.5226409727387162,2.4830678205708514,3.1463161255740073,3.0223361571062006,3.108020358544285,2.5697758129618213
2020-04-08,2.4077114829686597,2.4795044446106993,2.478837619551344,2.533625992854942,2.5159246378030633,2.523803883056973,2.4795044446106997,3.1543453698155655,3.0306296414531158,3.118912355006822,2.5648269529960213
2020-04-09,2.448310061486208,2.5196821755658334,2.514290677424705,2.5787573192811095,2.5605142789766564,2.568702458316783,2.519682175565834,3.2112664620474036,3.0862208607043584,3.1737576826609724,2.605296591071052
2020-04-10,2.448447152700643,2.5165142978767223,2.5070847395435543,2.584199162363854,2.5654202026025237,2.57399979304774,2.5165142978767228,3.2365261740107063,3.1077518461392195,3.1967581016528923,2.5995693182605106
2020-04-13,2.481251465268832,2.549250796144542,2.5340593017416206,2.613201480663827,2.594402041016996,2.603044498018605,2.5492507961445425,3.245436514606323,3.119331886723263,3.2066590966915065,2.6323307020521325
2020-04-14,2.4962739760496637,2.567338887538036,2.5409593252196827,2.633979494419046,2.6149843882201247,2.6237750183874033,2.5673388875380363,3.2704177674697137,3.1441940088763904,3.2320506470234243,2.6536584351811237
2020-04-15,2.5530442660285835,2.6217833143082174,2.5858806259754767,2.6889827911005826,2.669605889730124,2.6785670155157537,2.621783314308218,3.3062359545995896,3.1827702403560134,3.2732077476248485,2.7060387184211048
2020-04-16,2.576829956362669,2.64441911596835,2.614418485909565,2.7117367517211903,2.692224306327177,2.7012630547712453,2.6444191159683506,3.3220015737071313,3.2005138427184043,3.2925705421150155,2.7280213891560776
2020-04-17,2.619388971035312,2.686055241344466,2.65397562399107,2.753177691710777,2.7333963457647266,2.7426341335095445,2.6860552413444663,3.342438288841391,3.2240667738230773,3.317932708904948,2.768981908427517
2020-04-20,2.615530799144127,2.685437336899082,2.656620944360347,2.750955637608675,2.7312439030190285,2.740474081051592,2.6854373368990823,3.3184697966126477,3.205815678757809,3.3009249063478054,2.7706553543098296
2020-04-21,2.4792094115249355,2.551113113351245,2.5219755993904873,2.6114597572786478,2.5928003625023552,2.601550022859547,2.5511131133512452,3.1745633828702964,3.0669254923755807,3.157469414787513,2.637199520539775
2020-04-22,2.5189730646981996,2.59056804461785,2.555152024379313,2.651637530624519,2.632672199976697,2.64158391274024,2.5905680446178505,3.2178482426442105,3.1103598367471483,3.2034869243981694,2.6771385363976576
2020-04-23,2.5320564552923885,2.6039117199973285,2.5693021829743388,2.6661128479521663,2.6470346491883467,2.6560563008687907,2.603911719997329,3.22414489405062,3.119096211766435,3.213071740344056,2.6906539915182095
2020-04-24,2.540247654797728,2.6142901398182965,2.5779038623816133,2.6772590046002533,2.658095676790569,2.667153718655409,2.614290139818297,3.258946629071505,3.1507055012859606,3.245871435680253,2.703946023849517
2020-04-27,2.527496217095684,2.5984744820055825,2.5593967735478342,2.663136071886753,2.644041660692521,2.6530728807373634,2.598474482005583,3.241372097616941,3.133180333846526,3.227290871085029,2.685104926943097
2020-04-28,2.5175863264606924,2.587826104408126,2.5476950247071204,2.6526333064194345,2.633590920446561,2.642584383111981,2.5878261044081263,3.2441506391223363,3.132132951387914,3.224628060263129,2.674040909662367
2020-04-29,2.528721562686667,2.597649007781319,2.5626407371708733,2.6607457017623166,2.641680416438129,2.650631679196507,2.5976490077813192,3.2459429889039937,3.1304987930284596,3.2217824576328966,2.682210876800522
2020-05-04,2.5047171246197952,2.5732138215596434,2.5402108501470577,2.6326891029894153,2.6138835724243354,2.6226706912936564,2.573213821559644,3.203391711161434,3.0871055448929368,3.1759026441830827,2.6569273826873094
2020-05-05,2.506441054786982,2.5757745086274855,2.540945561091759,2.633565873493188,2.614791742693443,2.623530824281201,2.575774508627486,3.209188979440647,3.0888715960274267,3.1768689908913226,2.659900566951935
2020-05-06,2.5682932087847927,2.6392617772029707,2.605314346993978,2.700750984623649,2.6814660261871635,2.690472895181928,2.639261777202971,3.2792103961783416,3.157733168769698,3.24738984214223,2.7250558591379086
2020-05-07,2.617173350635561,2.690346775775418,2.6513664853137633,2.755440522057325,2.7357181116458857,2.744987860597616,2.6903467757754185,3.344024005615302,3.2238304412617462,3.3166410049802693,2.7785435814520785
2020-05-08,2.6844692186971755,2.7583646782848303,2.722091004228289,2.8237789703112273,2.8035853537780753,2.813059507790077,2.758364678284831,3.4077970304384397,3.28717717446764,3.3821338436621358,2.848041311152639
2020-05-11,2.749090300122445,2.823156240311805,2.787054779986539,2.88984044761878,2.8691675819323534,2.878888135477073,2.8231562403118056,3.475580789030914,3.3527427078316507,3.4490593410947055,2.9136630424966294
2020-05-12,2.7668849899605545,2.843923912038906,2.8067047948319255,2.9105402479962263,2.889730343709271,2.8994724464475636,2.8439239120389064,3.5262897793594243,3.400803350029083,3.4984000476174035,2.9371958223145644
2020-05-13,2.7805172469834787,2.860291964532728,2.8125644058480668,2.926531767572867,2.905600416956381,2.915446168150747,2.8602919645327285,3.549768623097716,3.423491387076465,3.5219748539709954,2.956499398440864
2020-05-14,2.7633504525966726,2.844926487657982,2.7903237077677785,2.9128206668437926,2.891957064373565,2.9017886630869083,2.8449264876579825,3.5703790392896964,3.4419518677784846,3.5410105871807165,2.9429251193798827
2020-05-15,2.726806240997221,2.809393692925583,2.752809014516607,2.873927704702525,2.8534072757775464,2.86302754803333,2.8093936929255836,3.5292874115891406,3.401732748538732,3.4978166386096246,2.9076354545748937
2020-05-18,2.7582268016434526,2.8434319582078857,2.778839833878043,2.9040970885722244,2.883446333983027,2.893104469316062,2.843431958207886,3.5263823262534917,3.4012653456780066,3.4960094902014536,2.9437128601794242
2020-05-19,2.798532794079849,2.885765794335622,2.8219946023255194,2.9435537115570565,2.922692030556224,2.9324192531095816,2.8857657943356223,3.5601679425635373,3.4335557053719885,3.5291362879284924,2.9881189862319926
2020-05-20,2.80659004981923,2.896202701136349,2.831953372784351,2.9533843055802724,2.9324906558217445,2.942113459348201,2.8962027011363496,3.57687512432053,3.4507872883594675,3.5449013208294153,3.0002530445528217
2020-05-21,2.831046573928955,2.925154519175514,2.8598812157263285,2.9762919954785105,2.9553585622777163,2.964942429461236,2.9251545191755146,3.5859966156515197,3.459515732752508,3.5523584685951723,3.0330405229903987
2020-05-22,2.801746202154131,2.891433806544616,2.829870787934077,2.94461297985756,2.9238444554065537,2.9334313418683373,2.8914338065446166,3.525373969600039,3.4034883251283983,3.4960798882659163,2.995459650505469
2020-05-25,2.837005665336428,2.9224824524394455,2.883139255289955,2.979221243060631,2.958146466265871,2.967910597601074,2.922482452439446,3.5576146141930463,3.434491055086567,3.528977968713613,3.023176106789528
2020-05-26,2.880913112440277,2.9660880844886397,2.950049890120232,3.01895231660411,2.9976762082681936,3.0075993569446418,2.96608808448864,3.5662900055833555,3.4435500536879804,3.5380064787992183,3.066560873040485
2020-05-27,2.8282508746371606,2.913205523069215,2.8935430459158775,2.967507877790277,2.946563778238505,2.95636577473804,2.9132055230692155,3.53310328096263,3.4114711541071476,3.5044289757044202,3.01370956699411
2020-05-28,2.8432276564563193,2.927302327070705,2.9039358640260367,2.982664222394077,2.9615976682211076,2.9714049586184355,2.9273023270707053,3.534488535761442,3.414894034928436,3.5077352848719796,3.0270862056543555
2020-05-29,2.8472156957702306,2.931646451655606,2.9040595526321646,2.9870888194924476,2.9659993177795103,2.9757883269379675,2.9316464516556064,3.5337294093183758,3.4153726790296393,3.507755128959813,3.0316679930695205
2020-06-01,2.911548149444198,2.9976368493628955,2.9660977320478183,3.0484977648760214,3.027060322104594,3.036949791533446,2.997636849362896,3.572676097468157,3.453929231679509,3.5472376196734294,3.09889936579315
2020-06-02,2.9087624115334694,2.9955309739027145,2.9460263876109667,3.0462373196767816,3.024826260611587,3.034677452131324,2.995530973902715,3.5699285486408154,3.4513761081912784,3.544757410796277,3.097845008679087
2020-06-03,2.9559329369568785,3.041465606536524,2.991884434495933,3.0947723973088577,3.072964440766857,3.0829833281590875,3.0414656065365246,3.6163092281206626,3.4964594288654345,3.592126945303726,3.1427244495793945
2020-06-04,2.9604675630864774,3.044750937976498,2.9941270441511474,3.0983335282740048,3.076492560826339,3.0865380102280455,3.0447509379764983,3.6149954836221703,3.4964078723357663,3.5929818429789657,3.1449447533399044
2020-06-05,2.96426318951723,3.0478386226674576,2.9984119092244796,3.101769252190253,3.0798961664576234,3.0899384440627222,3.047838622667458,3.6160907123747386,3.497737990090038,3.594744917032436,3.1474680088470457
2020-06-08,3.014702664318796,3.09685158249496,3.0503263518308064,3.1494209025499424,3.1272523428615338,3.1374440444330496,3.0968515824949603,3.649031405648496,3.529313091729583,3.6278976727271823,3.195588891496267
2020-06-09,3.009269724602743,3.0924245929452483,3.050636676658747,3.147950745245551,3.1257318133984087,3.1359431862205778,3.0924245929452487,3.68328479577175,3.5617730932470666,3.661097332395895,3.1923937855826976
2020-06-10,3.0205448293118877,3.103464387644768,3.059696407785887,3.1558115759585683,3.1335891491754673,3.1437939838086364,3.1034643876447685,3.671513709830851,3.5507330477582486,3.6498310801530214,3.2029193338801996
2020-06-11,2.877657563425832,2.9559336733488952,2.9133207285929394,3.0080284051550477,2.9868178359143633,2.996651796079234,2.9559336733488957,3.5141540162847633,3.4006620351929002,3.49490419373492,3.0504182844775065
2020-06-12,2.8981271512960998,2.976429690284979,2.932810659827149,3.0238438149916664,3.0026274812124534,3.012404350183217,2.9764296902849794,3.502846689832704,3.3890701788081574,3.480832727138533,3.0703566526874835
2020-06-15,2.805093778595704,2.877788211731157,2.8325510771504296,2.925130684089452,2.904578650201198,2.9140694639215527,2.8777882117311573,3.3685510841866124,3.2569071107872714,3.3473811396487307,2.9656730296579914
2020-06-16,2.879631033061137,2.9510717846784007,2.9143597225192877,2.99804512128018,2.9770762600173772,2.986680835012178,2.951071784678401,3.4510915483691855,3.3372059983551834,3.428176867687563,3.0380060823264574
2020-06-17,2.8528696587053055,2.929165253952296,2.892677805055367,2.976267359536988,2.9554217908108837,2.9649160179075422,2.9291652539522963,3.43833191208251,3.3277131757598286,3.416412341629893,3.0201781778457972
2020-06-18,2.852625598269502,2.930153797275265,2.892690975999544,2.977347072137636,2.9564811053034328,2.9660122979840913,2.9301537972752656,3.4440665314129313,3.334721946553204,3.4222110647941233,3.0223392702621283
2020-06-19,2.896678182788384,2.9721909864470986,2.9376269323120616,3.0179333673209534,2.9968610879376705,3.006459894944243,2.972190986447099,3.4821020363321953,3.3679519184974445,3.4585150276503707,3.06201734581085
2020-06-22,2.89596346716654,2.9727391543175594,2.939316776091694,3.0181308069558277,2.997079534246779,3.006625939600683,2.97273915431756,3.490087451211816,3.3770952929545515,3.4665976331522166,3.0640671505882966
2020-06-23,2.894407166255253,2.9722248218310634,2.9382998606220108,3.0174422619343675,2.996380762376947,3.005926505092079,2.972224821831064,3.495934453328632,3.382659400958015,3.4734069607179103,3.0646774640345864
2020-06-24,2.862113345902859,2.940729012036448,2.905999358043392,2.9848267750728485,2.963999988765716,2.9734510417324156,2.9407290120364484,3.476795626988656,3.3624323998921506,3.4530698511611564,3.033809863433964
2020-06-25,2.8506126726988215,2.9279796207395585,2.8933189929230885,2.9718876454277092,2.9511497308572907,2.9605396424196733,2.927979620739559,3.452610690251296,3.3403579616336763,3.4282029379956755,3.019925250585512
2020-06-26,2.8390885938315873,2.9169107197810957,2.879479973191118,2.961117602544009,2.9404344527743613,2.949833303623361,2.916910719781096,3.44115157319195,3.3297369758509143,3.4168874521291506,3.009147718522905
2020-06-29,2.7552386534044424,2.833943128055236,2.7974108887813873,2.8783291909600472,2.858163913054134,2.8673327290340103,2.8339431280552363,3.3726806518911894,3.2634379241216624,3.3488244610825597,2.9267464981306954
2020-06-30,2.7333696307707025,2.8126768867845233,2.7776196125284702,2.857696977052189,2.8376360885794107,2.846748091625233,2.8126768867845238,3.360455138045434,3.253034739737872,3.33542015465807,2.906120549384037
2020-07-01,2.7969756044997234,2.876492295140677,2.843347208938671,2.9208709063551916,2.90044761323923,2.909688091033068,2.8764922951406775,3.4161314294763954,3.30745367145507,3.39140631848395,2.970020584610668
2020-07-02,2.794097721453583,2.8749177682086797,2.8408386126928753,2.9211819813378255,2.900709105218298,2.9099801627152044,2.87491776820868,3.4235115843038835,3.3155372212940604,3.398834954694218,2.9700522758380283
2020-07-03,2.8048801397096015,2.8858278676503533,2.84998849989087,2.9326640651111946,2.9121253129903435,2.921441483320892,2.8858278676503537,3.424655388564511,3.3175339687121657,3.4003490697498138,2.9809066556681603
2020-07-06,2.857477286108602,2.937468485904812,2.9015897708461007,2.982066730535465,2.9612916834150598,2.9706412442871915,2.9374684859048124,3.4535856076260223,3.3460213629010576,3.4282818793741194,3.0311650826726906
2020-07-07,2.8659647903967227,2.9464892490228607,2.9087409423365864,2.990523120193118,2.96970569246021,2.9790636817929537,2.946489249022861,3.4547545314027,3.348302764581357,3.42901303375523,3.0405203280381676
2020-07-08,2.877028633326932,2.9574068740003137,2.9176297494084507,3.0009413643765446,2.9800693850837785,2.9894905048799254,2.957406874000314,3.4583464712773617,3.3500266726258467,3.4324870797898575,3.0510040018293214
2020-07-09,2.9289269577435433,3.0076213696086556,2.9654020584311627,3.051418369559076,3.0302047873583557,3.039801943097484,3.007621369608656,3.486540013491075,3.3789005539916124,3.461380945344281,3.098990638046024
2020-07-10,2.902719290598983,2.980672347647347,2.9391752433494043,3.0248805249746513,3.00382475279271,3.0134390901464894,2.9806723476473476,3.4625832940915475,3.3547407292735714,3.437775861275586,3.0714640601280756
2020-07-13,2.8920884950941153,2.97190421713173,2.9295105478038024,3.0152510360653353,2.994281143947209,3.0037961433852276,2.9719042171317303,3.469025904095751,3.3596628808233233,3.4439234319521894,3.064472579803218
2020-07-14,2.8966397022418775,2.9763054983377253,2.936092022189743,3.0189334010067608,2.997955672894037,3.00743898190208,2.9763054983377257,3.4700449871764327,3.361236176990623,3.444910492049977,3.068530649089375
2020-07-15,2.9064531954732913,2.988674959375419,2.947269902312128,3.0290771046457015,3.008102213698253,3.0174964846796084,2.9886749593754196,3.4898745245994816,3.3805496652394202,3.4636345093655443,3.0832466481852148
2020-07-16,2.9344941743363213,3.021001488234839,2.9783099574906053,3.063828343882245,3.0425400876009006,3.052131714464806,3.0210014882348393,3.554764020365113,3.44325652165023,3.528087198067349,3.1205382733549003
2020-07-17,2.931942121053277,3.0149017588368094,2.97393724179392,3.05475756940527,3.0336310425278774,3.0430719295126347,3.01490175883681,3.5156616526010906,3.4058701459291156,3.4883554044784733,3.110610474712562
2020-07-20,2.8969990649951916,2.9789526291773436,2.9371487607590603,3.019306241670189,2.9983975989870246,3.0077761881459653,2.978952629177344,3.4866250005513137,3.3778541918086558,3.459257815709718,3.0743472831667487
2020-07-21,2.8963144660207325,2.980639391180796,2.937925070729351,3.0207169416555204,2.9998028994835937,3.009144079958705,2.9806393911807962,3.5130759037187342,3.4026924922602904,3.4838930407592414,3.078985818903103
2020-07-22,2.877172928013774,2.9611932114968247,2.9191492000222676,3.0014524596084766,2.9806766339579975,2.9899655165439976,2.961193211496825,3.501228639077885,3.3902925608994954,3.4720570535693738,3.059741378604234
2020-07-23,2.877223537393877,2.962866929971214,2.9234351481075618,3.003243501664843,2.9824616007732927,2.991712315751399,2.9628669299712143,3.5047247125865475,3.393589079493121,3.4763825516564197,3.0620965543245244
2020-07-24,2.7687814128547545,2.8531623395766843,2.8163375048721337,2.8928192603827574,2.8728005932215206,2.8818149998343623,2.8531623395766847,3.3882446682486016,3.2806572019318843,3.361583007674586,2.9506366004116558
2020-07-27,2.59724163866788,2.677573788516845,2.6434119863376995,2.716198781175266,2.697378584232922,2.705951248642562,2.6775737885168454,3.197697556762528,3.094299439810961,3.1736985490844805,2.770315749828579
2020-07-28,2.7091182735308275,2.7873947271151676,2.753842356648027,2.8230398818636946,2.8036291642422655,2.8122369601143586,2.787394727115167,3.2760899604141116,3.170266944818135,3.2477507281594264,2.8775849574545886
2020-07-29,2.6247555232918294,2.6974569012376595,2.6650320385098993,2.7374466027514917,2.7184453468885823,2.7269739868303504,2.697456901237659,3.1866755376654714,3.083962909069223,3.1624156059737585,2.783844576765204
2020-07-30,2.6588253538256823,2.7341098031410307,2.7032043487414645,2.7729383448861364,2.7537405978266705,2.7622737997427684,2.7341098031410302,3.22591658789271,3.1217369654941196,3.2008419654155986,2.82237464062781
2020-07-31,2.645395959624149,2.7220222277696076,2.6937908738134064,2.7601309681044515,2.741053408977236,2.7495553410567206,2.722022227769607,3.2200535186623385,3.115064072869724,3.19523529144375,2.8118714326356224
2020-08-03,2.7164760558356043,2.796085550285864,2.765731220373046,2.8316849917334173,2.81222237244823,2.8208010551239875,2.7960855502858633,3.301081536811465,3.1931025072591845,3.2740101632492857,2.888948949589935
2020-08-04,2.7708206785958533,2.8476216829940486,2.8165558156357613,2.8849017245000077,2.8650543650768774,2.873857572746032,2.8476216829940477,3.349227615231176,3.239996203871181,3.322713677349638,2.9391677245396783
2020-08-05,2.812040047240075,2.8883339670304533,2.853887562138548,2.9270908703009053,2.9068962751723864,2.9158310469563364,2.8883339670304524,3.379688635023545,3.2710471731438213,3.354012064433919,2.9793232559024654
2020-08-06,2.809148216664819,2.8872397968482004,2.8508757849655746,2.927341597350391,2.9071390399498678,2.916030358785934,2.8872397968481995,3.3926831363379817,3.2834994218073397,3.367105419513547,2.9798346943229737
2020-08-07,2.806789674822257,2.8860928391681218,2.848695338146194,2.9256855286695815,2.9055050163579943,2.914373236721262,2.886092839168121,3.3965007098301645,3.2866589298550823,3.37108007478591,2.9793936164440074
2020-08-10,2.8317875286729897,2.908233070609154,2.8708104199167934,2.950928642095906,2.930502531816715,2.9395138533722793,2.9082330706091533,3.405207607391143,3.295523914156507,3.3800870426683263,2.9984950739228027
2020-08-11,2.845310204701925,2.9208555972556045,2.883405070294057,2.9606759893319827,2.940244021774335,2.9492123080110195,2.9208555972556036,3.3896172568567535,3.281260422117137,3.3644198289276224,3.00965675017882
2020-08-12,2.8628809457079463,2.9393811960994687,2.901698432654592,2.9778121812149463,2.9572898823044316,2.9662627551848684,2.939381196099468,3.4036812565482606,3.2951100453884523,3.3782749050907372,3.028937429890175
2020-08-13,2.887704287612899,2.965533840040244,2.927839029541985,3.002477830637933,2.981825247932736,2.9908358387461598,2.965533840040243,3.4322424613438374,3.3226947207260684,3.4063695297392442,3.0563858819501255
2020-08-14,2.8681786215918783,2.946084836790729,2.907831389647389,2.9824849328004057,2.961981905905883,2.9708799122164105,2.946084836790728,3.4060327494326925,3.297238803828304,3.3804665405843486,3.0366349273473547
2020-08-17,2.871392771272552,2.9493341769665515,2.9102718135325234,2.9878123763022115,2.967217908729834,2.976179974266657,2.9493341769665506,3.4221080840349902,3.3119242617989126,3.3969995359307905,3.0398035557360212
2020-08-18,2.8585054097123783,2.935633498089492,2.8964896640190494,2.9738744669170156,2.9533777113626782,2.9622754403343294,2.935633498089491,3.4029500851289156,3.293769357570608,3.3777345325922012,3.0252743659997954
2020-08-19,2.8832942994915927,2.9559549117952084,2.918407722709143,2.996018474364229,2.9753344633088576,2.984382993947443,2.9559549117952075,3.407973593819006,3.299377852893103,3.3825030068260533,3.0429999357817796
2020-08-20,2.878406947970735,2.95176210613897,2.9138175518062934,2.9913134518961515,2.970665409931222,2.9796694717791627,2.951762106138969,3.406468400987747,3.29671010674015,3.381432212808652,3.038988689009874
2020-08-21,2.9127733734659156,2.984870385300002,2.9480494345330306,3.022096398339442,3.001288414832656,3.0103453040005914,2.984870385300001,3.413018929687047,3.3040138654709996,3.3872354439672874,3.0702063158232535
2020-08-24,2.9682823946500747,3.0411798278591053,3.002221657069553,3.078161001971325,3.0569898486311686,3.066221486223308,3.0411798278591045,3.46836785704639,3.3584228018470874,3.441994264477644,3.127547635712289
2020-08-25,2.985557665099074,3.0613497463157224,3.018633157906688,3.0966914061043895,3.075424961321199,3.084708951600666,3.0613497463157215,3.491780405304664,3.381587231737939,3.4653662701150885,3.150031214605336
2020-08-26,2.9824610116516252,3.059139142032374,3.017456690174797,3.094592988135545,3.073343678267507,3.0825991301664675,3.059139142032373,3.485896182058125,3.3768770445623857,3.4595816780521242,3.1484312213333188
2020-08-27,2.998702719795756,3.075227440915555,3.031375449121395,3.109320104924941,3.087997567676629,3.0972803568328167,3.0752274409155542,3.4973320168609034,3.38736414988748,3.4709301575763267,3.164565917253127
2020-08-28,3.0182858678494227,3.0934749675965705,3.05096793072737,3.1256870683481903,3.1042783294384644,3.1135883103843343,3.0934749675965696,3.4942098727345687,3.384170765277208,3.467754301864589,3.1817120216402115
2020-08-31,3.0368948020361595,3.1132305450765148,3.0678574292637943,3.1532903182517096,3.1315044647598413,3.140972152668553,3.113230545076514,3.5558944085886455,3.443127532531782,3.5303090885248505,3.202193403066974
2020-09-01,3.07708874464002,3.1542716428331325,3.1086244156330927,3.198962156764505,3.1767561687237476,3.186472920434637,3.1542716428331317,3.623835470369686,3.508441981158831,3.5984368453001516,3.2442334105384787
2020-09-03,3.1243192338978227,3.2040451334482825,3.156994798695788,3.254731786316284,3.2320226656668822,3.241995252577486,3.2040451334482816,3.720518957320363,3.601467411282648,3.695332183523552,3.2968862948838367
2020-09-04,3.117526933802437,3.1948949507024422,3.1481580302321026,3.2509123109545186,3.2280536764967636,3.238082902922266,3.1948949507024413,3.709348317164459,3.5903162603621035,3.684603348706278,3.2853448690008036
2020-09-07,3.064199906107563,3.138665936778985,3.0931582054337827,3.202872294019584,3.1800974114230174,3.1900003711592997,3.138665936778984,3.6616242678623134,3.5447636827488833,3.637094034622169,3.2264038523785046
2020-09-08,3.0919721612250726,3.1633041866189897,3.119744026098372,3.2305272584359908,3.207434778885654,3.2174833522563193,3.163304186618989,3.6737304036844765,3.5549883049930466,3.649144476295352,3.2478336231035234
2020-09-09,3.0900022355585928,3.159671428433164,3.117383794407046,3.2289330445975604,3.2057914957196734,3.215849988600999,3.159671428433163,3.6635030459814586,3.5452162304596446,3.63848437618866,3.242568813342283
2020-09-10,3.0846840989639,3.156029997608782,3.1129171356739502,3.2207499857678044,3.197816726522716,3.2078438517145935,3.156029997608781,3.648449143695631,3.530975618613705,3.6243309711580154,3.240386142104723
2020-09-11,3.0862919180781687,3.156990348184018,3.1125212212027886,3.2205225269632085,3.1976575376901155,3.207682624098077,3.156990348184017,3.650493617776265,3.533978740648126,3.6294462427360377,3.241319331930975
2020-09-14,3.1052763235857164,3.1770026403784066,3.130897937649633,3.2382029865497586,3.215308892543116,3.2253719376336654,3.1770026403784057,3.6807146834298434,3.5635916802653838,3.6587876975084814,3.2625901374617894
2020-09-15,3.113314550229438,3.184524968825734,3.137744939189439,3.2484707760849787,3.225423211297496,3.2355385925148656,3.184524968825733,3.7077722901242183,3.5889458963185286,3.6837955203148516,3.2695578571374675
2020-09-16,3.1155797932389273,3.188170041823644,3.1427575746738143,3.250302971560395,3.227306253176188,3.23735845906468,3.188170041823643,3.716372308312804,3.5966516932429067,3.691928599478614,3.2744432161891908
2020-09-17,3.1103485955582886,3.180850926635221,3.133664538777226,3.241878004416152,3.21896206548748,3.2289688619621035,3.18085092663522,3.6819914448046998,3.563794360549316,3.657587125818836,3.2649053312404863
2020-09-18,3.152660294086252,3.223674731005182,3.1740663111473273,3.2819410709325028,3.2588161652452303,3.2689794272838713,3.223674731005181,3.70811197097949,3.588230601776915,3.68270895180837,3.3080742150342597
2020-09-21,3.189017199213184,3.2593430520393007,3.2107123274914726,3.3181673898446133,3.294810213107612,3.3050775948907773,3.2593430520393,3.7361332568857546,3.6165795598810346,3.7127627054255297,3.3432531171150353
2020-09-22,3.2006349135143344,3.270189387961914,3.2231155354408205,3.3295904200822615,3.3061458902387364,3.316419536260644,3.270189387961913,3.751201446555179,3.6323967003574302,3.7269789934657633,3.353667416855642
2020-09-23,3.224107898071775,3.2938659989263726,3.2472701078453095,3.3520676696284033,3.328505648731294,3.3388095421889092,3.2938659989263717,3.761052808909141,3.642607567179462,3.736972094574118,3.377427063972567
2020-09-24,3.206845023527999,3.2773996450878013,3.2315962783059278,3.3343675542352513,3.310938103154682,3.3212061734275915,3.2773996450878005,3.7362190668411968,3.618676084027802,3.7134819313293166,3.361706348789691
2020-09-25,3.215518186581917,3.2852525956632026,3.2388060063383883,3.341821644117281,3.3183732268959645,3.3286236239767337,3.2852525956632017,3.7466136689322176,3.6296796086461964,3.722467697201882,3.3686129155338254
2020-09-28,3.252323106275037,3.3202210469983147,3.2707324787977705,3.3752312301924747,3.351592268374048,3.3619158503849498,3.3202210469983138,3.760117180962568,3.6435368807514013,3.7355520827967235,3.4015964486490624
2020-09-29,3.21593076104197,3.283610083788766,3.2350488027937554,3.338130938905937,3.3147465644331047,3.3249589693457158,3.283610083788765,3.7018971327203207,3.5871637473082294,3.6789867359833823,3.3641826129287984
2020-09-30,3.230719430443586,3.297277703845481,3.24939564868724,3.351725347811026,3.328260173133689,3.338532204782939,3.29727770384548,3.7043133676415665,3.590346728181269,3.6811560835579638,3.376727826908283
2020-10-01,3.2748519932535824,3.341971675414539,3.289060556756401,3.395355599556514,3.371633499479785,3.382013947285799,3.341971675414538,3.7428474498233,3.627537409449304,3.7211566437234183,3.422002264421245
2020-10-02,3.260444168440395,3.3263626187963893,3.2688294312086903,3.381135035585758,3.3574585122068905,3.3677712766343215,3.3263626187963884,3.739204928673804,3.621373794765215,3.7155906770595157,3.4053068562149567
2020-10-05,3.293671745427384,3.35819005318209,3.2943741266673032,3.4122771518297164,3.3884817098662046,3.398856867798466,3.358190053182089,3.7580106895492977,3.638654937408316,3.732933582109837,3.435217340713001
2020-10-06,3.3164627598101015,3.3795165385220907,3.3152529718525,3.431904241519621,3.4080977516827042,3.418483386236201,3.3795165385220898,3.751481688352703,3.634811556112258,3.725996561198613,3.4548778720252233
2020-10-07,3.315120861439216,3.381931701009276,3.3201934070964607,3.4340265102740104,3.410239845296633,3.4206929703653675,3.3819317010092753,3.7559165531433596,3.642977972070718,3.7322956724335885,3.461459923423589
2020-10-08,3.314229979315862,3.382994580455492,3.3303230915083466,3.434766933173577,3.410999591488742,3.421493541195202,3.3829945804554913,3.762337064999313,3.6497151698656105,3.738139674340969,3.4643487451970096
2020-10-09,3.3392414532266423,3.4093326993818405,3.3494555385487828,3.4607781682597136,3.436991969698534,3.4474445216263643,3.4093326993818396,3.7917202973766635,3.679458393384991,3.766809299874484,3.4921767827650623
2020-10-12,3.3452311956257463,3.416960278937332,3.3602147514965592,3.4660124205904146,3.4422322517411414,3.452721811176859,3.416960278937331,3.8025165511740315,3.689798057170084,3.77715432190604,3.5018213600808905
2020-10-13,3.357511527002983,3.431596047323911,3.3722456069463553,3.478958929796996,3.4551983905353603,3.4656679871715603,3.43159604732391,3.8165687343636714,3.7039145679014744,3.791397010239308,3.518833341361384
2020-10-14,3.4043848851758294,3.480903497332259,3.418245871789633,3.524859380662642,3.501000091601667,3.51141349049766,3.480903497332258,3.844113816132324,3.733509272538275,3.817990414320714,3.570451700724205
2020-10-15,3.430861039894139,3.505659257732865,3.442729646797496,3.5517233104678714,3.5276902017772223,3.5380553788086124,3.505659257732864,3.880813174925089,3.769779651331226,3.8536014376830265,3.594861534983129
2020-10-16,3.4468048402950173,3.5208241119195915,3.4723275107310343,3.565058744747221,3.5410225219312323,3.5513619329642436,3.5208241119195907,3.8874774640393763,3.775456873203937,3.858369959807756,3.6088534272598642
2020-10-19,3.4696388946526824,3.5423675008672695,3.487872601402071,3.5862457813604545,3.5621321011831344,3.5725356312636722,3.5423675008672686,3.904537220799358,3.7891097981132367,3.873163659594857,3.628460008905746
2020-10-20,3.4755130196629254,3.5506808134195165,3.494733107055947,3.592900021124764,3.5687974681966503,3.5791602830648164,3.5506808134195156,3.9046537677346795,3.7904500323277035,3.873631066857009,3.638719200892872
2020-10-21,3.453139818544087,3.527483783917134,3.4712566599264325,3.571023249160355,3.5469701375874387,3.5573013242115468,3.527483783917133,3.869280491144657,3.757825670476341,3.8400805785431795,3.614737791200314
2020-10-22,3.494872305293709,3.5721336118343747,3.5238132300793814,3.6133958676669944,3.5892239840636173,3.5995609698215536,3.572133611834374,3.917774152112606,3.805466096947798,3.887784507648643,3.661997858310673
2020-10-23,3.522992050231407,3.6026536541486016,3.555232266790861,3.6449415387894457,3.620610802507467,3.6309545637186083,3.6026536541486007,3.9652121668507374,3.8554041942993713,3.9361657574979336,3.695691890538749
2020-10-26,3.4711096134141055,3.5517270208704343,3.5075446643856436,3.5979581626116377,3.5737436669547638,3.5840661824571836,3.5517270208704335,3.9327986849211745,3.825746515494153,3.9043838634961654,3.6464706360090595
2020-10-27,3.440662479522905,3.5227302067055817,3.482635990401318,3.569106020901646,3.5450215560538134,3.5552681608976764,3.522730206705581,3.9196847203611864,3.8141584926647623,3.8907103343260228,3.6192499130733924
2020-10-28,3.332604159191858,3.4118917181461614,3.3734277364937135,3.461205684565951,3.437447404488944,3.4476619832308457,3.4118917181461605,3.82049559944257,3.7152668220205833,3.790579908456688,3.5059917706371904
2020-10-29,3.3392340193636936,3.416771542251365,3.3751324484576655,3.4660926848632414,3.4423856332924605,3.452575566320844,3.416771542251364,3.814805898833332,3.709670689812027,3.785012748928183,3.50881612894804
2020-10-30,3.3557075252946706,3.430740565607118,3.3819625543323792,3.4838930575149796,3.4595665741932926,3.470287934629423,3.4307405656071173,3.8253513436846127,3.716225800258056,3.7945150012465523,3.5186373486438995
2020-11-02,3.3894983686262035,3.464430008556511,3.4276737381517814,3.517515444201358,3.493052934347707,3.5037527504382076,3.4644300085565103,3.8646932140066683,3.7554152496680664,3.833648077949655,3.5538594558614793
2020-11-03,3.4141552267955055,3.486151923148412,3.445243666029719,3.5408014278898654,3.51584003186524,3.5270049188610963,3.486151923148411,3.8951790448298262,3.782108075270692,3.863595148907695,3.5722246807466944
2020-11-04,3.4400240969896427,3.5117775468495966,3.466376383779252,3.564181646660313,3.539421178180235,3.550404911597404,3.5117775468495958,3.9134209315371544,3.7990523518308956,3.8814236166239517,3.59656304843954
2020-11-05,3.4163911848789286,3.4905586962470925,3.4461067891521697,3.5437179649375703,3.5191248757147897,3.5299061281568913,3.4905586962470916,3.892976727802176,3.7810214464159917,3.860221397667741,3.5784864260384093
2020-11-06,3.415448548724251,3.486513779457265,3.4454522647293033,3.5453570113306765,3.519975244502768,3.5313963139892013,3.486513779457264,3.9001315973337025,3.78630482297339,3.8664264888515945,3.5725315195936758
2020-11-09,3.477081879205334,3.5448468157770163,3.500628750876097,3.6006016257318554,3.5756239260689036,3.58640241039004,3.5448468157770154,3.940804679691961,3.829223952681289,3.9063108750789057,3.628307568975248
2020-11-10,3.479852646913925,3.5536755002933424,3.500775724075835,3.6062473007157037,3.581778333939273,3.5923485346439086,3.5536755002933416,3.976725550729191,3.862410928653559,3.942741362048509,3.645469947808688
2020-11-11,3.4837746507989813,3.5573311843738353,3.5036922503527763,3.6116207079545175,3.58683427272656,3.5976846217199605,3.5573311843738344,3.9844263274821645,3.8682356721755125,3.95043986786681,3.648176673409695
2020-11-12,3.5153897435059074,3.5877839513635017,3.5398201578374797,3.642363762258921,3.6173361557136996,3.6283614238236055,3.587783951363501,4.015044531397103,3.8950802302710863,3.981281817202039,3.6764300780163413
2020-11-13,3.547968650506644,3.620924969977413,3.570381368674931,3.6698667454534957,3.6454556948788306,3.655833229746812,3.620924969977412,4.037230671972696,3.9191119681084436,4.004415917140961,3.709066873415717
2020-11-16,3.4943587924931565,3.5681227544599534,3.5199551956239663,3.616649124891787,3.592401506073494,3.60284902282693,3.568122754459953,3.985508939205556,3.868369559364096,3.9539536704161904,3.656151777547749
2020-11-17,3.5631270451008574,3.6392434556800928,3.592528631755271,3.686894923498781,3.662381676787294,3.6728960816654217,3.6392434556800923,4.071234721119978,3.9483801095283413,4.039531587975912,3.729074551732811
2020-11-18,3.5874591013574184,3.6637506369924195,3.6136512867397013,3.716430185252799,3.6909529397856473,3.7023625444297097,3.663750636992419,4.109841886205342,3.983289784492426,4.079242520336344,3.752752512940334
2020-11-19,3.6257567363478223,3.704353408499927,3.6601998168664687,3.757009676155897,3.7315266825516753,3.7431026462793056,3.7043534084999266,4.154678215824853,4.027878366665668,4.1260679420059825,3.7945658257358392
2020-11-20,3.6357657451221748,3.722446469395654,3.686031702302696,3.7729346208828702,3.747809083928335,3.7589955578407324,3.7224464693956536,4.203575742671457,4.07647849011929,4.174509432217567,3.8232432365134397
2020-11-23,3.650806371329018,3.7414489179710797,3.6931460061355397,3.784983882016838,3.7609909195126607,3.771130308391142,3.7414489179710793,4.215699289765974,4.092077592397596,4.1876090097689325,3.8461309713538903
2020-11-24,3.6481380568029,3.7438323222751753,3.702139968162111,3.7822950640594852,3.759075671208108,3.768471351092484,3.743832322275175,4.227526371285669,4.102988695047318,4.2003833103915875,3.854575499093199
2020-11-25,3.6643394278014503,3.7590260430793236,3.7266703334046927,3.800689970060489,3.776737054280936,3.7867039883323486,3.759026043079323,4.253864801012208,4.12359599549192,4.225876221279751,3.8689773627179025
2020-11-26,3.692104502692078,3.780424803302091,3.747849200463397,3.831355129341197,3.8054833308699503,3.8170004745163935,3.7804248033020906,4.2777214573875835,4.145683960179466,4.249286905848876,3.8855999907123437
2020-11-27,3.7218092502339095,3.8069467660572274,3.7763932656307344,3.8692611006827056,3.8400026327978276,3.8542033094527737,3.806946766057227,4.309028572997745,4.169661981513998,4.280158984203787,3.907929097938392
2020-11-30,3.7159853752916367,3.799745756311292,3.7755578227889024,3.863042305948012,3.832941454462788,3.8476916094670632,3.7997457563112915,4.298816513461812,4.156162199038342,4.268231095678453,3.8975965643796795
2020-12-01,3.75234626611959,3.8329801675863187,3.8038325578438266,3.8887958500160584,3.86077791129302,3.873657974660919,3.832980167586318,4.327187054852346,4.181668570480248,4.295273966082665,3.9278835652488953
2020-12-02,3.770140933038423,3.8535063000063614,3.820005437589087,3.899782297642464,3.874277949958798,3.8850096368506333,3.853506300006361,4.3553945132167,4.205543137685368,4.322775458749917,3.9513554144133245
2020-12-03,3.787718960135747,3.8658915992060043,3.8320463808845924,3.921125824017502,3.8936277753316793,3.9060534197850596,3.865891599206004,4.357612716836169,4.208562569022408,4.3264832709179215,3.9588297713760574
2020-12-04,3.796215341260019,3.869170861452243,3.8368365772059225,3.9274970870357047,3.9002672306669965,3.9127696661370903,3.8691708614522424,4.365658349073497,4.217742428910323,4.336407336625034,3.9584214349321654
2020-12-07,3.8250143896540374,3.900838017605845,3.8677100199938304,3.952757309232393,3.926608898184367,3.9381514597086937,3.9008380176058446,4.378936603506559,4.232787617560365,4.35037714359726,3.9921074962672654
2020-12-08,3.8445835334513836,3.9193172695181797,3.8895178166895654,3.9599301475326576,3.9357651145978965,3.945540666690925,3.9193172695181793,4.376499236195884,4.2294913176731,4.346725175790107,4.0084683453723615
2020-12-09,3.8790228643131064,3.9585689063540728,3.92781088471471,3.989283421930179,3.9663149988117157,3.9749136053591325,3.9585689063540723,4.388029551925248,4.246695106243305,4.358489774944355,4.052079893181482
2020-12-10,3.8373325627936876,3.920004459100583,3.8887323757529155,3.964635202045046,3.9389708710869296,3.950019287005662,3.9200044591005825,4.382879550834367,4.237171033697382,4.353043836248744,4.017297045067918
2020-12-11,3.89883410765851,3.9831672036556647,3.9503474720555123,4.019365856428739,3.9956034045462414,4.005005587774764,3.9831672036556642,4.4466950634790035,4.2978505765495365,4.416657467805489,4.082095175841924
2020-12-14,3.9664926086415866,4.053293426671659,4.026114688748384,4.083262540155881,4.060344832582438,4.0691089255352955,4.053293426671658,4.517752090610311,4.362758973795698,4.486893197112634,4.155408456815687
2020-12-15,3.9394407576704884,4.018457102995627,3.997958098531226,4.0525275844032915,4.028636780342667,4.038574949422231,4.018457102995626,4.459224095979729,4.306458499504171,4.428693911147232,4.113373481652068
2020-12-16,3.9898774106706476,4.069237827455254,4.043536168885986,4.097599094456657,4.074347006592629,4.083461312821597,4.069237827455253,4.51003320896837,4.350851879603799,4.4781447994843155,4.164440736139266
2020-12-17,3.9604046888524653,4.031437951390651,4.008833215535673,4.06106040903022,4.037629157844576,4.047016467743823,4.03143795139065,4.4490825679197314,4.294968499377561,4.416865691916968,4.118174418796845
2020-12-18,4.046460379036478,4.116304277169893,4.0964301816982065,4.132181675285611,4.110587066113467,4.11820466498037,4.116304277169892,4.502747952297694,4.343952543276183,4.468803448788975,4.2006984606971285
2020-12-21,4.11807078923927,4.185620104677889,4.174009541543156,4.191059965032812,4.17071442322941,4.176976405171157,4.185620104677888,4.532176414205114,4.378489110736668,4.496461746728792,4.266689742642546
2020-12-22,4.129948521970061,4.190474647912683,4.187208332183528,4.191951639241623,4.172120853499407,4.177969406297765,4.190474647912682,4.499639152406973,4.351433087738125,4.463699843437162,4.264464735534254
2020-12-23,4.094444454814985,4.1554058940745,4.15141726220162,4.174261669027235,4.150838190062315,4.159796606784918,4.155405894074499,4.500567144291504,4.3456316981604886,4.4649237270174185,4.2304740070688815
2020-12-24,4.04198697463199,4.1035616425287795,4.096378724694505,4.126403385285786,4.102807558614159,4.112155603951386,4.103561642528779,4.472096892498457,4.313627065982936,4.438181023558013,4.180228793507966
2020-12-25,4.13095398265278,4.181223549377073,4.177109326807759,4.192825396189477,4.17083646076933,4.178858125688506,4.181223549377072,4.508130163523662,4.349473502470391,4.473830689820102,4.247491180943881
2020-12-28,4.154611947370552,4.201555396848307,4.19706957105647,4.203398633306405,4.183036882078712,4.189905494800881,4.201555396848306,4.487815111152476,4.334930637417136,4.454855561761182,4.26528175875975
2020-12-29,4.168105749595671,4.221393502015816,4.215197363857828,4.218180893482465,4.198618152106727,4.204869194168371,4.2213935020158155,4.5140924436984164,4.360437719561743,4.481773856719826,4.290340439734479
2020-12-30,4.1517914769644655,4.205845585527251,4.192498936489315,4.201793941389192,4.182588438231034,4.18849624118342,4.20584558552725,4.495095685629347,4.342398476352395,4.463376138385815,4.274626873741429
2020-12-31,4.196422824903035,4.240417701601825,4.240642064852031,4.231575239359537,4.2131695770520325,4.218507272706113,4.2404177016018245,4.494192571604036,4.345859438169486,4.462498842257293,4.301366421737519
2021-01-04,4.276192053839122,4.3187215198983715,4.319140649080499,4.317956212080935,4.297248472870909,4.304188302902462,4.318721519898371,4.588683853444089,4.434992418280861,4.555774549545061,4.3766479557418965
2021-01-05,4.335734422799371,4.384532053463877,4.392160093133001,4.375817638807733,4.355923805929299,4.361961683453947,4.384532053463876,4.660998208935801,4.510378064291909,4.6305816229304275,4.449769121498505
2021-01-06,4.374472869190414,4.4208081322843595,4.432393195578292,4.421838328746578,4.39936370709694,4.40773460542014,4.420808132284359,4.684464202485701,4.528966123407867,4.654038058844544,4.480487825566267
2021-01-07,4.432097246502311,4.476851581924677,4.478749674661641,4.464440725833429,4.444288819606846,4.450705861265456,4.476851581924676,4.684160616241733,4.53794605352868,4.653728038934979,4.533327741336349
2021-01-08,4.490763298120853,4.534357481043779,4.533833482217275,4.543745805232658,4.518739699334362,4.5288928249211855,4.534357481043778,4.785846434700863,4.630074697480598,4.753796968359483,4.590165113910622
2021-01-11,4.546433804956693,4.602273984124242,4.604905038117449,4.636418593451352,4.606382100535417,4.620235876682664,4.602273984124241,4.953635768662098,4.782964302588431,4.920556988574432,4.671473961280157
2021-01-12,4.564188005525602,4.620565659254327,4.635790373526369,4.669827070418437,4.636811405716942,4.652982235381426,4.620565659254326,5.011555882601396,4.8331307778599495,4.976783915979792,4.691049060895554
2021-01-13,4.559864919748892,4.608625389362273,4.637059679404404,4.649893750779175,4.618368896557131,4.633387282646091,4.608625389362272,4.975330573433358,4.799905877135571,4.940254043109781,4.6733486164334135
2021-01-14,4.584316103457656,4.623413911671739,4.657456812497246,4.668311132309375,4.635461084529285,4.651649021599306,4.623413911671738,4.969437477164866,4.791184222668669,4.9337309041675335,4.678197586310596
2021-01-15,4.628106359463725,4.661616688609714,4.697774733697351,4.699926560479261,4.668137657268881,4.683445337576359,4.661616688609713,4.986941673684633,4.809236663536442,4.951100601701279,4.711197876846959
2021-01-18,4.604144140036416,4.635944194559261,4.677135116868798,4.696526581555089,4.660739386155257,4.6792874006841485,4.6359441945592605,5.012286895077468,4.824724072496228,4.974142711405296,4.685324825590939
2021-01-19,4.349239270810513,4.382004938102196,4.420433583207504,4.452656396068227,4.41651459480444,4.435778067359039,4.382004938102195,4.791487806347364,4.602627808538004,4.751783942643582,4.431887242201924
2021-01-20,4.370581403271145,4.411388241407535,4.4531168848126885,4.477513837088091,4.442048891481177,4.460504203245675,4.4113882414075345,4.831106862946386,4.645560181549658,4.792056223307512,4.468715283621319
2021-01-21,4.484439721686013,4.52029413845619,4.5728855992284405,4.583434415277891,4.547501725067647,4.566378921114883,4.520294138456189,4.913766572179592,4.727101252896856,4.874481004917974,4.5729928361257866
2021-01-22,4.487992285571826,4.522659232440594,4.600410133045189,4.617222484843995,4.5749084418032275,4.598829994451377,4.522659232440593,4.9875058436089095,4.78697525776393,4.94592262484049,4.574119745848927
2021-01-25,4.4688377538335855,4.505299481613968,4.57583613300396,4.610325921900034,4.566888670313107,4.5919469717899295,4.505299481613967,5.008008644863925,4.812338901537226,4.967481471038561,4.559064743602575
2021-01-26,4.344446442570514,4.388576796709127,4.4515318660259915,4.494239143306392,4.451192147704892,4.476182667022286,4.388576796709126,4.91484350980303,4.725133106118947,4.877494572328323,4.448914072469083
2021-01-27,4.181374967512706,4.232200788235626,4.2839701486004085,4.337547085401553,4.295186976160135,4.319657532094626,4.232200788235625,4.751586653424873,4.587458855817065,4.716039723874845,4.298368297709114
2021-01-28,3.8875463612073387,3.9352820003928755,3.984407478631483,4.0334913519502065,3.994065709753085,4.016870716461555,3.9352820003928746,4.420951839450783,4.268281922547363,4.387814861663471,3.9973186733935093
2021-01-29,4.011024342489682,4.066987588716875,4.090722653638614,4.155011112201002,4.115563567490131,4.137747352045435,4.0669875887168745,4.498812744377391,4.363713114687673,4.465263849126652,4.136180360983022
2021-02-01,3.9230936482785532,3.9883245282333992,4.009121926115796,4.067311924570163,4.029568723087711,4.0505158475893,3.9883245282333983,4.465224852388589,4.310934300748413,4.430580547575039,4.066284647032311
2021-02-02,4.093853166580834,4.158446744767618,4.169782615323309,4.236612275979537,4.198065469543322,4.219329064340157,4.158446744767617,4.629503189018231,4.47121907390363,4.597188685924108,4.235433438276427
2021-02-03,4.254380014505318,4.311694976137165,4.327125672789378,4.393208099281722,4.353164340704025,4.3752010966518675,4.311694976137164,4.783958739496702,4.608181075596319,4.7439619253994545,4.382235255047646
2021-02-04,4.257468173574908,4.31703775163717,4.342206761722079,4.394794671622186,4.355197306477605,4.376948264018497,4.317037751637169,4.775837609828114,4.601688156890864,4.735837986342001,4.390298485017839
2021-02-05,4.34227456665508,4.394165129930584,4.417413320317229,4.475454314352822,4.434418869379749,4.456978435134517,4.394165129930583,4.820721098548314,4.649239316193743,4.777732640488318,4.460145758874195
2021-02-08,4.173696802474998,4.226134589836428,4.251806486572329,4.299191364621042,4.260310506768109,4.281528430679477,4.226134589836427,4.623390561504354,4.462919523716061,4.5810125641071435,4.29178729092535
2021-02-09,4.304171842148378,4.358210956620429,4.383291006432528,4.429093828631097,4.3895896647002495,4.410953117027618,4.358210956620428,4.759682954858064,4.589894402626173,4.714096924763497,4.425024797503271
2021-02-17,4.483099651861282,4.5322954269287,4.5671136345435075,4.6034311804640975,4.562749802618534,4.584801072465335,4.532295426928699,4.881738038916393,4.719287220529131,4.837490301325668,4.594279651754355
2021-02-18,4.543422858280082,4.59398461688474,4.638780628445931,4.6752886534780815,4.633035968562458,4.656442902183973,4.593984616884739,4.997948881798264,4.819691085832132,4.95376561884251,4.658321989156857
2021-02-19,4.5489543295728545,4.596954368362277,4.660313862493107,4.677894943772231,4.635261546139624,4.658908836661937,4.596954368362276,4.977660369575819,4.79686620371179,4.932250889572122,4.65883104594984
2021-02-22,4.548755737757969,4.596964386264037,4.664795188440379,4.676574056840425,4.633965358415274,4.6575607073573755,4.596964386264036,4.961399026058282,4.779629859788088,4.915141779226434,4.658641181610726
2021-02-23,4.570848639653853,4.6098971582827994,4.686119919373309,4.689330998868311,4.646615447971379,4.670231268907145,4.609897158282799,4.928469544947042,4.752626700558544,4.884922002347092,4.664001118247805
2021-02-24,4.507749625214782,4.549353787900992,4.6260763638723645,4.622429706477919,4.581140850125947,4.603677929829927,4.5493537879009915,4.856706543831584,4.684590395379611,4.813223015181741,4.6052975448827285
2021-02-25,4.531832014806867,4.576255772656958,4.665669901624531,4.644680675863024,4.603837423434414,4.625884450237565,4.576255772656957,4.8535815516512395,4.690999681343435,4.81202951408798,4.6344278298181365
2021-02-26,4.540794659304609,4.585408797391785,4.6768109151474855,4.649702349562154,4.609435351425709,4.630776391598099,4.585408797391784,4.856408995029124,4.693418441618292,4.8128982471743535,4.643378858525016
2021-03-01,4.6380125343457665,4.677651261699589,4.7706885617628565,4.740052856130915,4.699193755345331,4.720797756282123,4.677651261699588,4.908017078091364,4.743118737868777,4.861826745960663,4.730434602791329
2021-03-02,4.662928210234239,4.699964515685806,4.800741287358049,4.76434934860641,4.7232725551900705,4.74497081482562,4.699964515685805,4.929246121823894,4.764506422055541,4.8810120763855664,4.749985385972338
2021-03-03,4.665059586344044,4.700137308037693,4.794936953621858,4.767027587670679,4.725873982840618,4.747660145266904,4.700137308037692,4.922290838704139,4.759117530533129,4.878322908523237,4.7479931428742175
2021-03-04,4.564832738312039,4.603563922886118,4.696814897835741,4.665043822241679,4.624869397533681,4.646071106131246,4.603563922886117,4.829099649637927,4.666050655821161,4.7843938472126775,4.654925873958831
2021-03-05,4.5687324800144244,4.60626854889664,4.703281133425983,4.667055865080973,4.62689719968458,4.648077384149511,4.606268548896639,4.827832122357418,4.665558693990821,4.7843179523027475,4.656710436566003
2021-03-08,4.557551193321861,4.593535223781315,4.687161481154667,4.652796192854329,4.6127888738921685,4.633860650591703,4.5935352237813145,4.8014717186111575,4.6381424689734665,4.757675282464259,4.642728244179292
2021-03-09,4.521472650550483,4.55554036926608,4.653115252789425,4.614047660294444,4.574380802519201,4.595266887337017,4.555540369266079,4.740149200992656,4.580805634500106,4.697162161638174,4.602081099864462
2021-03-10,4.5583352899822716,4.590035724298733,4.690786819955021,4.649222801760262,4.609252480438144,4.630303996870572,4.590035724298732,4.761671970454066,4.602225514653756,4.718150866288456,4.634183779470548
2021-03-11,4.622749225485931,4.649925771847886,4.746683284964402,4.7087228501901475,4.668260949841916,4.689571476163567,4.649925771847884,4.798525037788787,4.638675695359321,4.75369210766167,4.690267892053547
2021-03-12,4.630817980825034,4.653578745764233,4.753201948282017,4.714119824908462,4.673577132521945,4.694885272645671,4.653578745764231,4.800414361405509,4.638395313718084,4.751584531849843,4.69025662898242
2021-03-15,4.639490449296949,4.665308302845208,4.763824586373823,4.724967861573123,4.684361848480489,4.705697951846247,4.665308302845206,4.82283257778491,4.6618472078876945,4.777368002756727,4.704737932816826
2021-03-16,4.634414423276095,4.661750997809013,4.753682816220684,4.721501131158752,4.680894203614369,4.702241136670077,4.661750997809011,4.829551707899832,4.66810462856217,4.785558048569004,4.7021995136558035
2021-03-17,4.674655453636769,4.698843811027467,4.791982492491776,4.756786868460954,4.715947598539114,4.737392197937954,4.698843811027465,4.815241478951495,4.659302049929149,4.776201638694801,4.73571636337256
2021-03-18,4.736622649240205,4.758225401512796,4.857186943894712,4.815832718882794,4.7745176541102055,4.796145520134835,4.758225401512794,4.8553634370111665,4.698720172428691,4.81416065271221,4.793361384957761
2021-03-19,4.701544705460345,4.720629681023098,4.830560943679713,4.778440147379617,4.737414659815945,4.7589423617313855,4.720629681023096,4.793322047066322,4.641839658655881,4.7525885702075605,4.7523432162695665
2021-03-22,4.686883918829406,4.7078094602045715,4.810215095428151,4.76536746393061,4.724468559649376,4.745953564071319,4.70780946020457,4.789317712940867,4.634535237873929,4.747547460781012,4.7411671263424235
2021-03-23,4.6421049352099715,4.666028106438697,4.763481885601164,4.722826679500166,4.682286587548375,4.703581947956415,4.666028106438695,4.769769527992309,4.612607052667274,4.727556922866529,4.702297524966186
2021-03-24,4.530985061326064,4.559804944827904,4.664062970822931,4.6141366500618215,4.5745499707564425,4.595355907612852,4.559804944827902,4.681025125867531,4.525947277251706,4.639244969593019,4.600025811296544
2021-03-25,4.521275414824679,4.552232500210432,4.660619524254966,4.606090585930628,4.56656914400086,4.587358101887203,4.5522325002104305,4.679520014372607,4.522965214961412,4.637154137993165,4.59402078638259
2021-03-26,4.535050309901628,4.563073780363051,4.676885301230717,4.615790098297327,4.576217432484695,4.597136705690313,4.563073780363049,4.680857086385985,4.525067887032885,4.643310396574516,4.602468308923143
2021-03-29,4.606710578520237,4.627503925150312,4.742868570265969,4.680141222486856,4.640054686653241,4.6611385535557694,4.62750392515031,4.714951720608665,4.556760768281749,4.673800533676486,4.6609338982797
2021-03-30,4.677130748625904,4.689804602881221,4.821095595564638,4.743627093889308,4.702996181575824,4.724283129350746,4.689804602881219,4.751686619675724,4.5922748524291155,4.706578394861816,4.71622595859035
2021-03-31,4.716585751076857,4.723714018556777,4.859897124826053,4.780821459672544,4.73979105521409,4.761409919940001,4.723714018556775,4.762739907370735,4.605414619169454,4.719811561406714,4.745001105714006
2021-04-01,4.823079967250338,4.827020967785209,4.95944056680514,4.8806986626413185,4.838934993420659,4.86072265012266,4.827020967785208,4.8384507959383045,4.675617389425093,4.793762491577805,4.846380624545865
2021-04-02,4.867876586491373,4.871587328528769,5.002785442419166,4.923340804002784,4.881252548227624,4.903186529178713,4.871587328528768,4.865842335933891,4.702377377699201,4.822038045061383,4.890448305965953
2021-04-05,4.88949327154552,4.896383316481908,5.036739048313819,4.946001090835077,4.903770348052262,4.925671304828234,4.896383316481907,4.850930080281573,4.688657213952438,4.807778716654862,4.916489633135095
2021-04-06,4.9016524390382585,4.906987469554456,5.043529768072462,4.954562201979466,4.912313232616371,4.934153819305896,4.906987469554454,4.827819053266256,4.667355589025968,4.786553797246129,4.925398059453848
2021-04-07,4.91127702321639,4.915023631254929,5.049122389349082,4.961825471732002,4.919543686851755,4.941356369306722,4.915023631254927,4.821820010643955,4.661747179595732,4.780477767888523,4.931717212052757
2021-04-08,4.886941669778049,4.889040355126932,5.0186035758291965,4.934854512028018,4.892833195582475,4.914476382696192,4.88904035512693,4.803709824669906,4.6442913512611135,4.7621420356276944,4.904847821444575
2021-04-09,4.887747354221739,4.886793943874672,5.021245293033508,4.932585193678993,4.890580499179117,4.912196526940832,4.88679394387467,4.8081596348353335,4.64639110243443,4.761630039722949,4.899608956101635
2021-04-12,4.956285418699867,4.952838639639373,5.092791130971131,4.9969273091886945,4.954428298917608,4.976159019558953,4.9528386396393715,4.841061984486282,4.6763300842791935,4.791609314013736,4.9626290271433415
2021-04-13,4.916253571933947,4.915978552804338,5.04927889676141,4.960347090777027,4.9181593356489515,4.939697776545706,4.9159785528043365,4.80763190889215,4.645396396463705,4.76052347976895,4.928352262008327
2021-04-14,4.949776020877156,4.950098514788686,5.08572389823326,4.992140657231387,4.949745779006587,4.971454340067686,4.950098514788684,4.819449104148487,4.660704483823579,4.775826768637412,4.962655332448672
2021-04-15,4.886946805536708,4.890383201186023,5.03184928534025,4.930049490851366,4.888207746776589,4.909719855962358,4.8903832011860215,4.790402810272637,4.628317890047563,4.741932626279718,4.906003154153435
2021-04-16,4.838508164553514,4.841100005629295,4.984502355831797,4.883594292664779,4.842101285098724,4.8633966782240075,4.841100005629293,4.725458931001981,4.566879750309415,4.674600138611871,4.854493203447344
2021-04-19,4.938904575463084,4.937421205170415,5.080026750144618,4.978103891087402,4.935873490311805,4.9575484400049845,4.937421205170414,4.7585160701847276,4.602297534497016,4.710462251335417,4.946269609088207
2021-04-20,4.968777442746187,4.972806516473083,5.130989353719354,5.012936435748637,4.970443219296554,4.992134835000231,4.9728065164730815,4.832224009562686,4.666886961914666,4.775985039038531,4.98696728724948
2021-04-22,4.797523811275773,4.808140709421839,4.972535793906466,4.8498835556223625,4.808690438938727,4.829841918121586,4.808140709421838,4.7333237466145635,4.567626229645485,4.676669474882289,4.8290301516043135
2021-04-23,4.905672790695973,4.91151215554702,5.075904842078072,4.952108141518084,4.910087535064971,4.931583910969812,4.911512155547018,4.807831296724809,4.636038599500359,4.744586242146182,4.926814816576838
2021-04-26,4.798814518576659,4.799920640653673,4.981974613535895,4.844622921720249,4.803389517488407,4.824565294678976,4.799920640653672,4.7362883425190825,4.566945231007001,4.670652669720579,4.810969084360365
2021-04-27,4.803234797479225,4.802385647835916,4.9856618567976465,4.846403675366097,4.805169746491834,4.826404759207294,4.802385647835914,4.699363839569191,4.532628231035145,4.636520204663934,4.811068011691121
2021-04-28,4.848326421746004,4.839433557119346,5.0201997121295845,4.882303649942306,4.840803816679084,4.862104153237746,4.839433557119344,4.699199751305031,4.532287299908751,4.636538772114859,4.841015485154853
2021-04-29,4.9005835456597655,4.88903673366453,5.071157341578613,4.92861482286171,4.886827212208247,4.908254656167191,4.889036733664528,4.697672615972486,4.5321890754110346,4.636742879277018,4.8873232070854975
2021-05-04,4.906882658300897,4.8950779692399315,5.085888080734232,4.926178000043843,4.884597412402741,4.905879808093876,4.89507796923993,4.629930244401754,4.466715366631703,4.57010333606402,4.890903130142896
2021-05-05,4.970138823298775,4.960885927617327,5.187336646327849,4.98537271019329,4.943420021206749,4.964886763248171,4.9608859276173245,4.658173669759743,4.495175716640683,4.600489793306093,4.958857802405745
2021-05-06,4.9477952837242,4.9342545244609415,5.154337166270662,4.957872076603839,4.91620182039953,4.93755404011563,4.934254524460939,4.592635153426526,4.432116777031362,4.537313922087853,4.927897934708927
2021-05-07,4.935289629478935,4.919888171601419,5.178870517523629,4.9409291760538645,4.89946591128754,4.9207250821735755,4.919888171601416,4.539798839096966,4.3822777108673305,4.486937572580849,4.910637264284015
2021-05-10,5.044696005648547,5.03196891640909,5.312450064290623,5.041055226939494,4.999005325522767,5.020439793655675,5.031968916409087,4.597240640868418,4.437794007487363,4.5412212462598465,5.024382012066163
2021-05-11,5.02124132798008,5.006994383869266,5.277320190418431,5.020206687212139,4.97824699278841,4.9996033994795726,5.006994383869263,4.582804654097273,4.42394503880713,4.527526406299036,4.997865575376079
2021-05-12,5.095514777456584,5.073804654869092,5.35293364742934,5.0834365455991115,5.041033979539331,5.062595762228564,5.07380465486909,4.600897353966332,4.442100548926643,4.5461897784088885,5.058016716620712
2021-05-13,5.094038250268034,5.064417154197018,5.3446057163614515,5.080391753770833,5.037888850207218,5.059617371554594,5.064417154197016,4.612396936852939,4.453837335580507,4.558442039224842,5.043368056034836
2021-05-14,5.146017688864758,5.109062914480312,5.409899012402759,5.1271130391878925,5.0842005706789735,5.106282151439357,5.109062914480309,4.641424208747126,4.483027637857785,4.589324824075611,5.0830922054821865
2021-05-17,5.1083347035119395,5.066971993476743,5.383575667221539,5.084740124400252,5.042164815686633,5.06413434432127,5.0669719934767405,4.5658343877360625,4.410955897050714,4.517094307105318,5.0363971117363135
2021-05-18,5.089872731210485,5.047734998256165,5.350723338032575,5.064774662770149,5.02237537940348,5.044347627928804,5.047734998256162,4.5565193900819265,4.401650649167297,4.507236327809442,5.016210824898316
2021-05-19,5.1548306517975755,5.105966158324395,5.427275980795725,5.1189205674975184,5.076156448320502,5.098329950218648,5.105966158324392,4.541655313022179,4.3876744248250565,4.492597252994105,5.066863874002688
2021-05-20,5.227344300500456,5.178191555312592,5.5008853675481415,5.186517382794436,5.143305250811664,5.16567661627819,5.17819155531259,4.56238485421319,4.410638716564297,4.518728581899395,5.137707648096638
2021-05-21,5.24805355043308,5.201840946504174,5.513505687063583,5.2041748472573115,5.160935720784053,5.183174649713005,5.201840946504172,4.603416737042035,4.450016039827678,4.557651451473572,5.165720774225756
2021-05-24,5.306849284045433,5.256068810528751,5.5633170079625875,5.261853096702774,5.218049122590108,5.240478280918719,5.256068810528748,4.660891690784088,4.502532211452862,4.610243291347864,5.215790136462297
2021-05-25,5.367368566802485,5.314458378573495,5.654059242007509,5.319633831747967,5.275324618381135,5.29808393777955,5.314458378573493,4.683529628674255,4.525185905586963,4.633895968372602,5.271154410795806
2021-05-26,5.426398136376512,5.36844478336377,5.723535416012144,5.377874231446662,5.332965374095309,5.356147138602823,5.368444783363767,4.720049407463113,4.560598261859211,4.668890239368043,5.319747080240834
2021-05-27,5.357766071165784,5.299585660690641,5.639836916460984,5.309248602589442,5.265097754994633,5.28784820329316,5.299585660690639,4.657901641038411,4.500342949507112,4.607074859763493,5.252008576688799
2021-05-28,5.457550433811444,5.383711519772331,5.733553210712705,5.3836319321645725,5.339304946903898,5.362132982844673,5.383711519772328,4.676823156490213,4.517597511665356,4.6250025009962865,5.3216818724199815
2021-05-31,5.5240758266939,5.433346016175275,5.810878018366394,5.4146770480992865,5.371035602187017,5.39340013944364,5.433346016175272,4.624357800070135,4.468365398316654,4.571364318671366,5.355090607194258
2021-06-01,5.546541669238093,5.454347166487163,5.846437742832227,5.435412470476645,5.391565399427991,5.4140614538922875,5.45434716648716,4.609006393311863,4.453277876847542,4.5538088578247145,5.37125875087607
2021-06-02,5.5674422092871945,5.478823095830025,5.871658758517429,5.453185395922369,5.409624405777539,5.431965903941196,5.478823095830022,4.615384201133393,4.459852902836034,4.56085870301583,5.400382700499354
2021-06-03,5.687020240473536,5.585796168328429,5.991726933331324,5.547439549784943,5.50363791742659,5.5262409386006,5.585796168328426,4.644445939205301,4.487471915946016,4.589473150114627,5.495991808498725
2021-06-04,5.728426083894581,5.624989756729299,6.036375395276663,5.58677286937687,5.542588490510787,5.565327830428821,5.624989756729296,4.698018292949435,4.536384355256724,4.641273492002057,5.532722953716359
2021-06-07,5.637206471492161,5.554203920614896,5.947844334194549,5.5259341615587605,5.4819596589530235,5.504280484633296,5.554203920614893,4.734978928195983,4.568563416691111,4.676375474969201,5.481160808137397
2021-06-08,5.447984524968276,5.390803179720946,5.743457725074194,5.388212899249519,5.3443012528328095,5.366680882804047,5.390803179720943,4.737094141128845,4.569469066391303,4.678405275959698,5.345590179033161
2021-06-09,5.540510897945679,5.464173343859168,5.832575119324713,5.449434484411744,5.40557624311529,5.428281321823679,5.464173343859166,4.703973149834996,4.538567851958015,4.645167088104393,5.403267749788077
2021-06-10,5.481390865644087,5.415458130513586,5.779203086985454,5.4018044575320685,5.358374493011125,5.380579116644489,5.415458130513583,4.686065116273565,4.522661164390138,4.627645891602337,5.362475463862133
2021-06-11,5.6258588904085105,5.550576576671867,5.9311168433744825,5.526933884949069,5.482837296613595,5.505260562806681,5.550576576671864,4.768355704541218,4.603542075801845,4.710224072065328,5.488252365287481
2021-06-14,5.663173084991035,5.589171447476389,5.967501970406022,5.563721311840859,5.519327496025046,5.541746560252053,5.589171447476386,4.814192115369374,4.647957361152714,4.755755381078969,5.526988926547242
2021-06-15,5.669885257194267,5.604233339500464,5.996104610151717,5.574102632262071,5.529696167052593,5.551971599775837,5.604233339500461,4.8210133491361455,4.6557298802537534,4.763715018831274,5.54928444013322
2021-06-16,5.602717048043771,5.550148818115179,5.930844767674974,5.526398173132143,5.482176809212033,5.5040345258829335,5.550148818115177,4.83643216087731,4.669144421729033,4.777919716652403,5.5065530533583456
2021-06-17,5.636317007783371,5.576689950031,5.951046817184935,5.544720673123686,5.500791075247443,5.522476186844412,5.576689950030997,4.817960017773704,4.654120085938463,4.7617523051651425,5.527148590741583
2021-06-18,5.690855440173325,5.628634921996301,6.004711856257803,5.595916524298752,5.55169401454968,5.573442459991259,5.628634921996299,4.845515525240307,4.682473759804826,4.789704017015758,5.576295028283922
2021-06-21,5.6574115817595745,5.59857600237029,5.9686770166731264,5.5699585620351675,5.525859287494309,5.5473859251123585,5.5985760023702875,4.832985522767392,4.674301162462791,4.77993250195546,5.548237852046616
2021-06-22,5.695965001081892,5.635033949395753,6.0115702781612095,5.599903201913281,5.555843799196163,5.5774008830931106,5.63503394939575,4.836037599451435,4.677661888194691,4.782959916781317,5.582944021423633
2021-06-23,5.686585431191965,5.6308842383323,6.011723792089998,5.598408816771336,5.554217026237571,5.575730848478287,5.630884238332297,4.867659197449969,4.703809105581671,4.811779172739644,5.583077526669921
2021-06-24,5.697275042037105,5.63934138731311,6.020091782401444,5.60638424939941,5.562307850893673,5.583462792237208,5.639341387313108,4.874958121155152,4.7089774012497,4.8164066106171495,5.590094299566386
2021-06-25,5.73832436584492,5.675760416424144,6.064609438276217,5.632247028330703,5.588675482608671,5.609224292395168,5.675760416424142,4.883315264703015,4.717835903130808,4.823402796797534,5.623039736280412
2021-06-28,5.826766087420961,5.751218066373036,6.144600285380501,5.685610637461126,5.6435454586677505,5.662608834189114,5.751218066373033,4.886012531725546,4.724493591351355,4.829194880317207,5.686004942116907
2021-06-29,5.845012600960004,5.771309007567124,6.157984331022592,5.718884578654925,5.674565045796386,5.694855251717598,5.771309007567122,4.910796292838927,4.749784211880557,4.851233940920969,5.710130321648631
2021-06-30,5.8316761535679955,5.762993726828567,6.15534278896349,5.724164631768612,5.678504896867778,5.700224331314874,5.762993726828564,4.923979259994637,4.763571950687882,4.869442409359085,5.70731818064761
2021-07-01,5.877952079296404,5.803463681042401,6.180061560167311,5.754539616042889,5.7093878717909545,5.730829719304412,5.803463681042398,4.951481170126779,4.786772041255074,4.896790556268208,5.741737766094759
2021-07-02,5.925878124215761,5.850599593276511,6.262748657931916,5.801472967037459,5.756147542764135,5.77807229076686,5.850599593276509,5.007735930417426,4.838611472099028,4.952285914501434,5.789040680753668
2021-07-05,5.92799238753097,5.846241881766816,6.244798728736562,5.787805297568235,5.743658152187982,5.76478571923092,5.846241881766813,4.974342326745695,4.813185494819825,4.923287177446155,5.779436459080827
2021-07-06,5.675457418166606,5.605976604481267,6.022927318319251,5.602064291522807,5.554197616108889,5.578900132107967,5.605976604481265,4.86570566684302,4.702216511777733,4.814160818870558,5.552151407393511
2021-07-07,5.836594751083413,5.763624830066244,6.163561313247417,5.732612115845399,5.685902438231914,5.708928930555563,5.7636248300662425,4.9336975785326596,4.776677440533322,4.885231600223205,5.706337672764076
2021-07-08,5.79851877029219,5.731906833662154,6.127994863670939,5.695514687143272,5.649873389905075,5.672382194720054,5.731906833662152,4.910197213421387,4.755369739819546,4.8649534687602,5.6792600318101725
2021-07-09,5.671271908918275,5.622182508459942,6.009538586194528,5.597597481184414,5.55165336958236,5.574911009993689,5.62218250845994,4.86370760560409,4.708390965067845,4.820133066512645,5.583670566632477
2021-07-12,5.437760763261118,5.407112299040398,5.752307226100447,5.405074764136257,5.358370178388622,5.382929254382332,5.407112299040397,4.7054035257309454,4.562272829963339,4.6682716205601835,5.387133372013393
2021-07-13,5.4607514696897,5.427327648192741,5.788180167642062,5.423153630474157,5.37627348640217,5.400457955203453,5.4273276481927395,4.733835932237948,4.586910226630226,4.693953823531332,5.405542918983369
2021-07-14,5.355190260712508,5.322507291573805,5.692363007903716,5.31369937863169,5.268958721323022,5.292221561580902,5.322507291573803,4.61852586903578,4.478438900951468,4.578519506389833,5.303075215092082
2021-07-15,5.436750263957161,5.378260476776177,5.794581652790613,5.3485301624641055,5.305635917222141,5.328126563460375,5.378260476776175,4.598641536596651,4.464164643543676,4.56329782042302,5.337728824541199
2021-07-16,5.448682297312739,5.3879449545361995,5.7751927629763555,5.352701311256231,5.310307436300019,5.332396743275296,5.387944954536198,4.58520835793058,4.455468468216428,4.548595396061974,5.345317493004142
2021-07-19,5.174832240473832,5.131223812979592,5.483716162251597,5.114265205154824,5.071922218554879,5.0943145687623135,5.131223812979591,4.407343908433362,4.281468030719675,4.36618494856216,5.104139621171994
2021-07-20,5.32184778478197,5.264333298160885,5.65290478984279,5.223252041031301,5.1822358907028185,5.203362226590883,5.264333298160883,4.455258100393419,4.336509089244725,4.4192009891603865,5.2249807533694925
2021-07-21,5.298392915925343,5.243155582306841,5.63223766218294,5.201894736552068,5.161245867993072,5.18234587348969,5.243155582306839,4.432513027096649,4.316014944104349,4.396536954889546,5.205538170519985
2021-07-22,5.39592100515113,5.337194577172337,5.775130605403317,5.281698109439275,5.241838671244991,5.262106144545365,5.337194577172335,4.482272294435625,4.366559248823326,4.4475809983144305,5.29488159213165
2021-07-23,5.301438236160926,5.24737354402196,5.6999890581277635,5.199864779561839,5.160065441055511,5.180623649931548,5.247373544021959,4.428021993192712,4.314790907326686,4.396127611133388,5.210533292924085
2021-07-26,5.286114889238404,5.23677559336875,5.650300505194005,5.1906636367216885,5.1507390898788445,5.171497164713474,5.2367755933687485,4.418128591251574,4.307583040702302,4.388452732155755,5.205875584032045
2021-07-27,5.336671132751144,5.2772369033013575,5.7124038075637955,5.231483486813317,5.19108027770533,5.212095337573607,5.277236903301356,4.43997567072803,4.327220521549068,4.407561892233191,5.236675056096522
2021-07-28,5.3361962757092645,5.275101948831131,5.701863620859591,5.224497813407734,5.1843243254387525,5.204970454449347,5.2751019488311295,4.437153830235857,4.322055260609011,4.400832133890144,5.23340504406858
2021-07-29,5.414501636403393,5.346653148752021,5.763443238231931,5.287340678915503,5.2473462185483015,5.267617252037248,5.3466531487520195,4.469788469730198,4.357072632587002,4.435630066314053,5.297534335492612
2021-07-30,5.496418797137514,5.418745454889916,5.8098010296211235,5.346959531081644,5.307751630943073,5.3269469671813745,5.4187454548899145,4.507291675755189,4.396456443713958,4.475391466933008,5.359956688983335
2021-08-02,5.5051789655850705,5.432654641029523,5.8131339863836535,5.3637016553186125,5.3238174109283785,5.343900109432854,5.432654641029521,4.51445573103123,4.4028178789667365,4.481797340937352,5.3767752024627935
2021-08-03,5.565311670006555,5.49529654471353,5.8735952888952285,5.416472874782108,5.376934349369732,5.396460376407296,5.495296544713528,4.559788694863444,4.447992837995568,4.5256881852542685,5.4434844923162045
2021-08-04,5.579155413066143,5.50855612634708,5.8972069032317,5.429145026632811,5.389413064916614,5.408918541622213,5.508556126347078,4.572592155139134,4.459926119360242,4.536776741029245,5.456288614988311
2021-08-05,5.639648617520002,5.555370265848519,5.945637655329707,5.465479205270107,5.425991126101916,5.445171553759121,5.555370265848517,4.578612350968834,4.4673250472100765,4.544000991330122,5.490823384579755
2021-08-06,5.620102185208506,5.544157761608009,5.932638178457714,5.465253210372689,5.425273774681855,5.445219789259087,5.544157761608007,4.59161803575395,4.481165977727772,4.557180454989286,5.4868777430663505
2021-08-09,5.7020403155801995,5.619856791660566,6.000478220200217,5.539490115262128,5.498965660768468,5.519473873076039,5.619856791660564,4.626385240024874,4.51747189414432,4.593678020160978,5.555785356596336
2021-08-10,5.698080619617662,5.616917272370252,5.983318562090694,5.530160489848327,5.49019654696293,5.510013835168924,5.61691727237025,4.624837051633056,4.5144924910634145,4.590450024890301,5.554187159696771
2021-08-11,5.667786938351479,5.592062289915048,5.957989134227176,5.508689820377768,5.468587667383555,5.4886281088465525,5.592062289915046,4.61413562939144,4.501919060218119,4.581024268760711,5.533622310733186
2021-08-12,5.631991075829314,5.559881089360741,5.925920645889947,5.479865409818264,5.439766737830227,5.460120540700705,5.559881089360739,4.594275249172198,4.482547000860177,4.562696202920481,5.505151189110263
2021-08-13,5.637324164232974,5.560275138975136,5.919235131200875,5.472479774448211,5.432888455970617,5.4527766100845465,5.560275138975134,4.578016355034291,4.468180873143873,4.549532589306805,5.500968492615413
2021-08-16,5.71306046442903,5.618031711428523,5.9741346478266335,5.512648464772397,5.473772194478947,5.49283488553025,5.618031711428522,4.5849907055943255,4.474734825040811,4.559180266916902,5.541729304147903
2021-08-17,5.689659821544563,5.587309517316423,5.956775895699379,5.476922325937842,5.438486494506858,5.457460482315057,5.587309517316421,4.541399271118744,4.433036249575669,4.515889656445002,5.504860807087371
2021-08-18,5.678620127962824,5.581030768693073,5.930850731917003,5.4776253677425695,5.438781121928009,5.458281419741498,5.581030768693071,4.541017143660903,4.433831786262162,4.515940751039531,5.502625964483316
2021-08-19,5.7116524726139355,5.6187469228773175,5.9675816266450425,5.522737249854248,5.483041585901415,5.503383667971724,5.618746922877316,4.573111588112608,4.470108397714668,4.551250160357624,5.545820502167478
2021-08-20,5.5138775299419365,5.430328820780686,5.7756829532505485,5.3624647653954565,5.3220451096675685,5.344255276682056,5.430328820780685,4.4423263591752,4.345756891016349,4.422126668896887,5.3674086475283005
2021-08-23,5.356408774435345,5.284941625996143,5.6195583562288745,5.238044316905875,5.196836256949087,5.220792340165759,5.284941625996141,4.339256360541243,4.249545912713352,4.321168605819433,5.235149404977174
2021-08-24,5.374108336547241,5.307998129342223,5.650911517327694,5.274555936903228,5.231984421623634,5.257239991731065,5.307998129342221,4.376708601164441,4.2871626021596,4.35878870146133,5.2636416762462765
2021-08-25,5.431144743956533,5.36687673239543,5.720843845606086,5.355593271022572,5.310744129401912,5.33804907993371,5.366876732395428,4.473103920127208,4.377946446412245,4.4532605261457325,5.326724884925057
2021-08-26,5.38318808089438,5.321187175592325,5.676621227749524,5.316356626349283,5.271793680277074,5.29879715047155,5.321187175592323,4.439590244273509,4.347490382544467,4.420942994525731,5.285123935430395
2021-08-27,5.400679628846118,5.343121327819267,5.705703894275054,5.340755591235169,5.295863740030257,5.323286940765459,5.343121327819265,4.463278155646434,4.372141815121054,4.4450466669020745,5.3107444512347985
2021-08-30,5.465076523226355,5.396477699521903,5.764215940274406,5.379873317319549,5.335340335285606,5.362279181593282,5.396477699521901,4.468980375695876,4.376962337667942,4.449691646339959,5.35253362305777
2021-08-31,5.473008769371437,5.407634489488327,5.787030492615282,5.398176588017524,5.353692577519926,5.380243249117412,5.407634489488325,4.482497457278544,4.391200096654428,4.463677775437057,5.3668998221486826
2021-09-01,5.47330853248046,5.40901427336872,5.78911126687697,5.393676054666108,5.3498446452860025,5.375794627740993,5.409014273368718,4.485792644889359,4.392464958345506,4.465221041730324,5.36894171331518
2021-09-06,5.502004955839379,5.440013947207185,5.824709624346305,5.417992193154551,5.374251093387634,5.399829178437928,5.440013947207185,4.49805404571077,4.406077550730704,4.477771932487946,5.400144946938237
2021-09-07,5.51357085263092,5.443423280188017,5.823380019949901,5.409319957789855,5.366128359945158,5.39108077457647,5.443423280188017,4.480825988209193,4.389457364332252,4.461328759086254,5.394717103605948
2021-09-08,5.491838278790159,5.415739253880277,5.792463803480778,5.387474362922795,5.343997188738694,5.369159791859766,5.415739253880277,4.459945384904321,4.368408678704878,4.440127483456232,5.363678979885017
2021-09-09,5.545972260919938,5.467584297986057,5.855664289665642,5.449801292581197,5.404554956737853,5.431838449539845,5.467584297986057,4.500376681773956,4.4069809396999995,4.479602342875591,5.411604293091692
2021-09-10,5.542653828822803,5.4728192361048755,5.863357512243599,5.466832925360391,5.420967922533611,5.448794050363384,5.4728192361048755,4.528932299838743,4.437390369288283,4.5092986460342415,5.427034150776446
2021-09-13,5.521082126699388,5.46521405513672,5.839640216365117,5.473963638696242,5.42804355703174,5.454841911043052,5.46521405513672,4.573701343365095,4.482409427033672,4.554964370694831,5.435878156497932
2021-09-14,5.49585109184107,5.447693870846324,5.8202352522048235,5.459719254701812,5.414467182782556,5.440128344478234,5.447693870846324,4.571887616199938,4.48352558334005,4.55472909789129,5.42589892049887
2021-09-15,5.522255519071196,5.470203515039411,5.847709482874014,5.478485571532735,5.43333814118693,5.458959591867595,5.470203515039411,4.570028805371342,4.482046162990476,4.55346401726631,5.442483033106317
2021-09-16,5.547885571430221,5.487721174914555,5.8681359847399746,5.486012338810173,5.441327427497401,5.466914905718476,5.487721174914555,4.543628450577705,4.4584689747439485,4.52760888678188,5.4495876214859145
2021-09-17,5.574707193976418,5.505920529599525,5.8936240517636405,5.490743192479119,5.446641122138118,5.4714046360021475,5.505920529599525,4.546043208713165,4.459829536201787,4.529959282297768,5.459521546879051
2021-09-20,5.5847118467031756,5.51780396022184,5.906446246071254,5.494548691225574,5.450904594168078,5.475145797116478,5.51780396022184,4.551356278365885,4.466018539303327,4.537528181698042,5.4743820078522605
2021-09-21,5.536704733722227,5.47467429322023,5.860011978084607,5.452770104712563,5.409423698222531,5.433609535733754,5.47467429322023,4.522734351973463,4.439601826101351,4.510044914446239,5.4358138673925
2021-09-22,5.561876243095074,5.504632682242861,5.892383342185811,5.483234558024936,5.439762351600733,5.463976219934275,5.504632682242861,4.559773820322551,4.4751642716125986,4.546922083180551,5.4723865896378125
2021-09-23,5.580883988892901,5.518822056732264,5.90691805608046,5.49615105999083,5.452626854842867,5.476883205655693,5.518822056732264,4.556012062740826,4.470817515211469,4.542530084698089,5.481670990248767
2021-09-24,5.596528137254369,5.536253433569834,5.928994568895363,5.5142745963802176,5.47045414673548,5.494985013511714,5.536253433569834,4.575366273293646,4.489691828754634,4.562188333681909,5.500404291615518
2021-09-27,5.502883606363714,5.455923300217086,5.8389075544908025,5.44818982706463,5.404061891267779,5.4293390097603496,5.455923300217086,4.558305949023057,4.472471107544249,4.543885660268849,5.434140695566424
2021-09-28,5.54503562856185,5.498414749222078,5.878947389375205,5.47981189342121,5.435923985062653,5.460819392907756,5.498414749222078,4.563718600436736,4.478024165838877,4.549332487919951,5.47587380944357
2021-09-29,5.534888364108218,5.48948141112885,5.865082812443678,5.473529109876065,5.429652217259859,5.454567310243719,5.48948141112885,4.5640930546546015,4.478683105304266,4.549540205464553,5.468464594355485
2021-09-30,5.543560476575928,5.493404847806341,5.873751751265729,5.478161013775943,5.434310439913446,5.459154158333941,5.493404847806341,4.5478155893530685,4.4627852180730105,4.532978345565096,5.46751333148695
2021-10-01,5.490583210239018,5.447343563326875,5.822863405178505,5.434654713223241,5.391000101856266,5.415807445032132,5.447343563326875,4.530361911929462,4.444889254699576,4.514905447443151,5.429642930512742
2021-10-04,5.504906030352511,5.464298287543007,5.836401753056835,5.46163732943717,5.4173394078956445,5.442757110637541,5.464298287543007,4.5676320530591985,4.4818132492552945,4.550817012931042,5.451924095485152
2021-10-05,5.58291228030838,5.533412692566712,5.912664045809501,5.525017951565077,5.480422987395892,5.505860794783366,5.533412692566712,4.596238753958187,4.509930852821061,4.580240524172497,5.509994873953657
2021-10-06,5.602966140348473,5.548867865413723,5.92744918068616,5.532745072203526,5.488519113366541,5.5134655302873234,5.548867865413723,4.574136840219333,4.487615094662628,4.558315700511873,5.519223381206228
2021-10-07,5.614282768874655,5.558874263109829,5.939949733720741,5.541564505528162,5.497344909722472,5.522267798058331,5.558874263109829,4.589746785684904,4.50220133915608,4.5737984461532335,5.527144943185406
2021-10-08,5.649800122244324,5.596996725254029,5.9785262761362254,5.582513774409029,5.537859694463879,5.56304535589212,5.596996725254029,4.641531751332007,4.553796749718749,4.624437205538784,5.56714931308689
2021-10-11,5.77034531686493,5.711345968156541,6.10799128176004,5.687569068085745,5.642325777124929,5.667772408525883,5.711345968156541,4.682464442689105,4.5959663510525,4.666016275745743,5.674134257534832
2021-10-12,5.771745064272546,5.7136081509713215,6.109661269007699,5.691123163646622,5.645844078437809,5.671337157175435,5.7136081509713215,4.685110199128807,4.598845657645741,4.668851745225107,5.67729639895116
2021-10-13,5.760141267728662,5.701151644073473,6.098631445672303,5.685244514852432,5.639711286285883,5.665383614088062,5.701151644073473,4.697731928322574,4.6089899673646615,4.680885287742914,5.665014124221835
2021-10-14,5.749256638902927,5.6910672777624205,6.086860907001139,5.674226541613084,5.628800799790405,5.654484150192944,5.6910672777624205,4.6894448356727105,4.601266552008095,4.672993765499367,5.656112377284662
2021-10-15,5.745456357067723,5.687224827642434,6.085162766522078,5.664757434995412,5.619646212334868,5.645045468817621,5.687224827642434,4.683038745942133,4.5957203787352965,4.666838793738566,5.650140782270704
2021-10-18,5.74883667820599,5.688433428888266,6.080505124751549,5.662803440442917,5.618098648838658,5.643035715111537,5.688433428888266,4.6608817785500225,4.579349002330674,4.646992607963695,5.648565099286595
2021-10-19,5.743910893709943,5.690415277815426,6.077071449197036,5.676915719071708,5.63046398724423,5.656909260910982,5.690415277815426,4.685808914795007,4.605884469617744,4.672148103861926,5.657584310003607
2021-10-20,5.7292755958413055,5.671836509749715,6.058578336726722,5.659746905773765,5.613084746368457,5.6396929519058965,5.671836509749715,4.660224854931139,4.581197734045223,4.645568656575594,5.635479370837651
2021-10-21,5.664167356334437,5.60725271077843,5.988287289191962,5.5867815606518825,5.54179882402605,5.567394153422221,5.60725271077843,4.590049309413751,4.51169838995548,4.575904297907731,5.57101671159896
2021-10-22,5.670227385486519,5.610944818404702,5.995958964790864,5.597354886049392,5.551766204206711,5.577936668176916,5.610944818404702,4.606669047269074,4.526338615719261,4.590991017625087,5.573213894263593
2021-10-25,5.6580333626934545,5.597539185623811,5.979929299831874,5.591786968981691,5.545863844216456,5.572952516145585,5.597539185623811,4.589479206029671,4.511974706149731,4.575202564443127,5.5587806807426166
2021-10-26,5.682084585643317,5.62066979055627,6.000299306953884,5.612357184184476,5.5664857310889815,5.593376146197311,5.62066979055627,4.59772881099119,4.521866505966421,4.584015799076321,5.581084455623662
2021-10-27,5.813320589494206,5.742360444576831,6.133521422571658,5.7338355005513915,5.687295793915025,5.714626104843709,5.742360444576831,4.665467246716168,4.592985283793192,4.650087236700077,5.69313286913916
2021-10-28,5.874474818362681,5.797542528048459,6.199016880672901,5.793451741351398,5.74643513646009,5.774447691496602,5.797542528048459,4.721271519180108,4.642771505481456,4.7044691812799835,5.742646672078005
2021-10-29,5.873744000355989,5.79775331505392,6.201586099008348,5.781209874782452,5.735392541884361,5.762359354374417,5.79775331505392,4.671855858205933,4.601303875472582,4.654169453074699,5.742453724523241
2021-11-01,5.841504316635299,5.766681561839807,6.172596283278709,5.746250726268336,5.701143628210949,5.727531477107329,5.766681561839807,4.653748880410005,4.58021999387669,4.634347139329539,5.711679949447643
2021-11-02,5.89109968518871,5.808172348866748,6.215087589175046,5.791714507716282,5.745698643478351,5.772983061676019,5.808172348866748,4.68195423146279,4.607433352598313,4.662717612500171,5.746486868688006
2021-11-03,5.9454811883463154,5.862733100263766,6.293349654999541,5.827681923327205,5.782909865052036,5.808628569502221,5.862733100263766,4.719633596793031,4.634869306394003,4.699075355686079,5.798477724139862
2021-11-04,5.949542466188758,5.861815481530846,6.295932152639373,5.826593947411197,5.781982001935495,5.807579322775376,5.861815481530846,4.704598806271738,4.621674609903347,4.683622228381205,5.794074009218265
2021-11-05,5.972220506237225,5.882147766668463,6.314630232410433,5.853864664209901,5.808773192978073,5.834801964862113,5.882147766668463,4.723503853613605,4.643151024141601,4.7013620578890905,5.812894435507285
2021-11-08,6.008611570338208,5.91664360916932,6.351535458542784,5.898521718826208,5.852156696389028,5.879394454261323,5.91664360916932,4.769337869862344,4.687632748996423,4.748631599130051,5.847268745892848
2021-11-09,5.976140591341675,5.886411264914228,6.3184734213887905,5.866449036514838,5.820412747138265,5.847653824673441,5.886411264914228,4.747805207005563,4.662886286190312,4.729119290022939,5.817714685440559
2021-11-10,5.983716296217492,5.89578419777716,6.329824187455686,5.867698678543121,5.82275264734335,5.849173344916638,5.89578419777716,4.737673300557005,4.657039058532824,4.724833563304748,5.828907822590446
2021-11-11,5.941943636384757,5.856262471299028,6.28779013535952,5.828407788328043,5.783940365270081,5.810336882164495,5.856262471299028,4.7047740479908535,4.62804357095128,4.694842993752955,5.792439394284909
2021-11-12,5.9829391283417825,5.896817074230149,6.331440378452651,5.861629642919676,5.817531231732688,5.843559245315714,5.896817074230149,4.72446010995769,4.647079064207711,4.713606745197732,5.832137333666387
2021-11-15,5.99075580726141,5.89867219230615,6.3316572142515195,5.864102272555541,5.820167248450789,5.84615911069015,5.89867219230615,4.722792931813552,4.642851915263906,4.709763888561346,5.827589127317386
2021-11-16,5.961033413446018,5.872582139494106,6.301904196723064,5.840503195589051,5.796339145561991,5.822817347647546,5.872582139494106,4.708471768646335,4.627168749927621,4.6975442482028615,5.805523862768107
2021-11-17,5.9969920031594315,5.906363342349208,6.336160758979217,5.879441452500318,5.834607370822859,5.8616930700003325,5.906363342349208,4.725196481617949,4.647437868732056,4.712518664292007,5.8364815419472595
2021-11-18,5.955040726602254,5.86110253520407,6.289982116771105,5.8396975593102285,5.794666869768981,5.821933741063811,5.86110253520407,4.696947145588119,4.617744151384246,4.680842107879326,5.786731444003287
2021-11-19,5.927521801736509,5.840928443638901,6.271295348893228,5.811913929534634,5.7671608434921104,5.7942455105200645,5.840928443638901,4.664813182072209,4.587766979951181,4.651002935647779,5.769626639600092
2021-11-22,5.986727811634033,5.901925547393119,6.342757538886819,5.855069797835997,5.811118231522604,5.837005200998393,5.901925547393119,4.683820253606142,4.607817122188436,4.6717852341634085,5.830051349814596
2021-11-23,6.051889779368798,5.954079715150162,6.398440477239078,5.9221677408406554,5.876422975439695,5.904169010130258,5.954079715150162,4.751317876863828,4.665621058600022,4.7383161207765445,5.872114084355613
2021-11-24,6.203051118043986,6.1122468932407354,6.564478778607586,6.063037801899581,6.017208604134126,6.044259030750022,6.1122468932407354,4.868157310833552,4.785671535313143,4.854407159705107,6.0372190277646265
2021-11-25,6.2285384812897435,6.141182834908821,6.595367240030701,6.096220643549744,6.049857188136936,6.07753352624724,6.141182834908821,4.927265711436061,4.8418945902788595,4.91522571171785,6.072452754052862
2021-11-26,6.163728761023855,6.082273377209409,6.532861688773146,6.034668994870816,5.989274152545585,6.0161701913387144,6.082273377209409,4.883735959319735,4.799167236796646,4.871927565189756,6.018737778669795
2021-11-29,6.0774839493127475,5.998517950571957,6.446135137904976,5.950356287540622,5.906163525347332,5.931938161005198,5.998517950571957,4.829841002992544,4.739798338129082,4.816200285962452,5.935054777599523
2021-11-30,6.006898929807933,5.928353573536339,6.370044647377227,5.885468762589337,5.841719765667871,5.8672778971071,5.928353573536339,4.796469603593498,4.7047956692485,4.782018563364343,5.866508549249426
2021-12-01,6.056324711497002,5.971712672748185,6.41561614554146,5.917558054150565,5.874731991187999,5.899300789174972,5.971712672748185,4.785508067584282,4.699033877635807,4.774111333409622,5.903565927124148
2021-12-02,6.025534564691226,5.940916685682549,6.381926738698939,5.890662913946539,5.847744867637374,5.872328585952306,5.940916685682549,4.7654283173525,4.682731892503684,4.753483669908947,5.873264024577133
2021-12-03,5.8504939592136,5.777546436488411,6.2070461008957665,5.728418479285769,5.686418643250815,5.710609427475574,5.777546436488411,4.663742875599134,4.580396911519377,4.6551298293053724,5.721635895389844
2021-12-06,5.737338964556543,5.673044539463205,6.096909788588708,5.6316655926416965,5.589658217549096,5.614303312207447,5.673044539463205,4.623353435130327,4.534156656810859,4.61330839108052,5.625233222662643
2021-12-07,5.871463052799116,5.804015065097704,6.238842080581975,5.759207935558583,5.716437465863342,5.741122734312469,5.804015065097704,4.713889480939939,4.624880063588802,4.7001251491399305,5.752383394275712
2021-12-08,5.907939617720681,5.83398497068506,6.271227744163223,5.784346037227397,5.741865047024834,5.76604739600411,5.83398497068506,4.713314694527869,4.629049369250976,4.699557436767306,5.77668273935628
2021-12-09,5.969150769432341,5.891929461816696,6.331973091789434,5.849151715038136,5.805474511617029,5.830980096468494,5.891929461816696,4.770010898570988,4.681721821821807,4.75626934475072,5.831930090483351
2021-12-10,5.957883839001521,5.878169346414977,6.316155452074082,5.837118813466159,5.7931728168024845,5.819024276479646,5.878169346414977,4.7475979728232724,4.660803950783824,4.733512105946671,5.815867565500133
2021-12-13,5.980035435614,5.8975608467716025,6.335375886048482,5.856904968555185,5.812948720362252,5.838763004121851,5.8975608467716025,4.760284459400952,4.670250923731055,4.742196640243618,5.832524660941936
2021-12-14,5.978006794652241,5.891942399982758,6.332835617842037,5.847523174517577,5.804357953888192,5.829628635869004,5.891942399982758,4.736301014260429,4.647606882984544,4.717825237315594,5.823657145167934
2021-12-15,6.003244206297473,5.909820634504097,6.35291330932395,5.85461043385201,5.813041635290787,5.836858846117332,5.909820634504097,4.713800887691172,4.626328962507357,4.694730737063081,5.8353437544434055
2021-12-16,5.986087259883695,5.887291182012532,6.331277548827867,5.8342845920551225,5.7927848681802026,5.816891199757014,5.887291182012532,4.6939740551770255,4.604707304853216,4.671270077415055,5.8097994709869525
2021-12-17,5.990922658054358,5.891532651665819,6.347932343556161,5.845206924230054,5.802747040368842,5.827814873712892,5.891532651665819,4.70299804296678,4.615720204131472,4.682786759076972,5.813569982502627
2021-12-20,5.987647546212899,5.884408239403411,6.330922336781357,5.8251188485721395,5.784485176109844,5.807668067601049,5.884408239403411,4.663233424485195,4.577935850957662,4.643058663328005,5.802903603652455
2021-12-21,5.956104946298109,5.859159258649057,6.298667127668669,5.800266895930797,5.759996714036709,5.782790146001437,5.859159258649057,4.64586903717624,4.560597249039678,4.62643123462847,5.781948554166825
2021-12-22,5.919427791732069,5.828622535675516,6.272381785926971,5.779527015677572,5.7381154255468685,5.762163326474057,5.828622535675516,4.651796741278998,4.56495740820363,4.631440516164007,5.757218914571062
2021-12-23,5.833379237627332,5.748317446392399,6.183239855413942,5.694449593293436,5.6544270567301425,5.677299161229744,5.748317446392399,4.598714831177465,4.506979865349274,4.574399116553643,5.68140723818687
2021-12-24,5.962682082622318,5.869536172289459,6.286275008201608,5.804814005211126,5.765031245048391,5.786996537702937,5.869536172289459,4.656120122170439,4.566183050354817,4.628716041746532,5.793785935785418
2021-12-27,5.997768490344337,5.9085244450867185,6.325184315589045,5.849143799308184,5.807971699427121,5.830912604130844,5.9085244450867185,4.7152710702639515,4.617837674207813,4.679580958419795,5.835022664854104
2021-12-28,6.037795948131072,5.939589215572189,6.3529179513743586,5.871595883611023,5.831074582207748,5.853540127804463,5.939589215572189,4.709768046573417,4.615177401902339,4.677885541345363,5.85751584552805
2021-12-29,6.0240310706345,5.925153776523085,6.3265343718600695,5.846547884710234,5.807642542789664,5.828262988732849,5.925153776523085,4.679488115917876,4.5836606382544005,4.644377782744177,5.841422164244294
2021-12-30,6.041627038616447,5.939021727082109,6.340394287427841,5.858362764694317,5.819738499903207,5.839904094019617,5.939021727082109,4.686459121761118,4.5910580303798625,4.652449871427966,5.852299969538178
2021-12-31,6.109451277055347,6.004991059823782,6.383004956618447,5.92182927039789,5.882976562689529,5.903025738564148,6.004991059823782,4.743477490159423,4.642624478070905,4.703238174804678,5.915414117725534
2022-01-04,6.215090753514163,6.099455977154875,6.4714953463663845,6.028474107500661,5.987065757699753,6.009728251269555,6.099455977154875,4.812458223573898,4.711247793025963,4.772194611183468,5.998695257484634
2022-01-05,6.187069428010154,6.066756064016608,6.448297382184739,5.991571022979683,5.951088896420643,5.973049170962873,6.066756064016609,4.76838318270248,4.669922012871042,4.728114046610601,5.962725761923944
2022-01-06,6.194946523223674,6.073229918525197,6.44933481908555,6.014956780399186,5.971798373626544,5.9966197981931755,6.073229918525198,4.8021716181881136,4.700314461269943,4.7619356161392465,5.967544525206208
2022-01-07,6.178287762099543,6.050591396105117,6.434186839549033,5.9872332888822735,5.945326194118901,5.969283937521709,6.050591396105118,4.767197554093925,4.665452823122762,4.726559308154112,5.941549952721398
2022-01-10,6.077806960198066,5.967140925267938,6.337160403704327,5.909071957777954,5.866753449448292,5.8912091492068575,5.967140925267939,4.735048953043034,4.633481499006934,4.6985038814316145,5.871882077524539
2022-01-11,6.0290735497990555,5.914721092831937,6.278455292841584,5.853919801428933,5.812351510243813,5.836627905212165,5.914721092831938,4.695254173069638,4.590471711728449,4.659861352546946,5.819386410348551
2022-01-12,6.207123191088929,6.060776127859427,6.433989649677974,5.988704787585466,5.947005564471466,5.970973597728524,6.060776127859428,4.711300122862175,4.615566184958659,4.6757387347515715,5.932047178420325
2022-01-13,6.181336674589796,6.053777114723899,6.429232767998908,5.963812598877318,5.923419766222059,5.946287711036834,6.0537771147239,4.721565165399964,4.624629285201205,4.684309528984594,5.941026652288301
2022-01-14,6.183221728377704,6.058819070157831,6.43149463457106,5.969041469805282,5.928650526082377,5.9515951649858225,6.058819070157832,4.728180373459658,4.632126199002155,4.691543603253133,5.951134137138231
2022-01-17,6.002665801804874,5.901256527283147,6.263144303419637,5.8037873174819365,5.764930981373966,5.78682599539487,5.901256527283148,4.63827687134701,4.536933686127997,4.602010848210202,5.8111809154295635
2022-01-18,5.96600824692441,5.881381401072485,6.239836511340718,5.775150279898221,5.737038665637602,5.758260338598733,5.881381401072486,4.664133497624033,4.55541770304888,4.628124118774399,5.805324292606466
2022-01-19,5.98936264435049,5.898460445782369,6.258036433769393,5.804110075394019,5.765208985758744,5.787141374014098,5.89846044578237,4.683389556364424,4.575628232809242,4.6472350564653695,5.819000701621465
2022-01-20,6.068502127048569,5.963617239461583,6.323958738020748,5.864199278931869,5.825344101555814,5.8470978680360455,5.963617239461584,4.674171972614353,4.57638220069726,4.6374134635457365,5.868335069927095
2022-01-21,6.101946720589905,5.994291375271126,6.359422021255806,5.886984022288945,5.848209215153153,5.869520985207941,5.994291375271127,4.655302957424123,4.561003663526709,4.617898931444987,5.892126313258659
2022-01-24,5.9740371277884465,5.881680891407855,6.2405018964118515,5.762107637780558,5.724666505778047,5.74498280302514,5.881680891407856,4.579605909008503,4.479154337191297,4.541740104157889,5.7895865461657525
2022-01-25,6.1672967476358735,6.04482469216784,6.414509715030116,5.926155402264722,5.887535023122365,5.90809933450397,6.044824692167841,4.605048675659315,4.518394751636141,4.567952253082786,5.91527042907252
2022-01-26,6.228749511845501,6.096803356819547,6.473143600379288,5.970532515858007,5.932146807762903,5.952204431670468,6.096803356819548,4.607121352630898,4.52215361475224,4.570544110090089,5.957616769397863
2022-01-27,6.211259894187622,6.086145336867946,6.46281622614772,5.960123047980861,5.922028381052266,5.942348815024314,6.086145336867947,4.648230009713167,4.555390124060445,4.611119186148617,5.96453225336205
2022-01-28,6.273437566818436,6.142487832221431,6.525063749303263,6.014183678612747,5.975744168278412,5.99621029452617,6.142487832221432,4.6960751665177405,4.600839036884417,4.657788651797142,6.017505825371435
2022-02-07,6.3452849802977385,6.212576417190669,6.595479883411138,6.082580144403008,6.044477533610693,6.064598940097903,6.21257641719067,4.745146303140743,4.648036474623546,4.708557794974834,6.084591510618948
2022-02-08,6.376749315801061,6.243611505758606,6.633874042732592,6.103811015945293,6.066499583177976,6.085982157638275,6.243611505758607,4.7498786072436685,4.65834533940441,4.7131833891404105,6.11131856377036
2022-02-09,6.386009310009466,6.258649098824198,6.648618176704579,6.121003152596734,6.083734621571496,6.10318735446032,6.258649098824199,4.777741678906587,4.686802916038092,4.741931372115537,6.132425009978676
2022-02-10,6.389622915855359,6.262760320779697,6.653027574358776,6.120310825084201,6.083435307997868,6.102538098756401,6.262760320779698,4.771913687192343,4.6846045294638445,4.735445325828828,6.137221175007861
2022-02-11,6.378225339953623,6.24862061634994,6.643435666937299,6.099231485778756,6.063003408254758,6.081540332722866,6.248620616349941,4.747063760451595,4.66093027433289,4.710696970678494,6.11956775576493
2022-02-14,6.208226184206383,6.097703478772718,6.472744293416095,5.976156315156714,5.939153096367255,5.958993514082866,6.0977034787727185,4.762770104530411,4.655646177766968,4.7284646166206326,5.99000852287428
2022-02-15,6.300776116641173,6.17776900384804,6.559852271345713,6.051523107490311,6.014343668492599,6.033601678181926,6.177769003848041,4.807474076184182,4.697998917920947,4.767693264319481,6.057071343406735
2022-02-16,6.2820503892690285,6.16070651425414,6.542472336557572,6.028407591701698,5.991826504071379,6.010706203775169,6.160706514254141,4.7759370777024195,4.668155621885247,4.738165431047275,6.041410812512157
2022-02-17,6.354016388313698,6.227584095550447,6.6164110876470374,6.09515364846076,6.058291709595051,6.077426033859443,6.227584095550448,4.818339608033535,4.711409751420596,4.7801205635179835,6.103472365690753
2022-02-18,6.3127763152974365,6.193377960217683,6.571972299038514,6.080061220778925,6.04139445140892,6.063084770990811,6.193377960217684,4.820152733558564,4.712738781932084,4.787593423740933,6.075328951225066
2022-02-21,6.324093504218549,6.20545268981288,6.59023890504511,6.089571915663972,6.050997056144281,6.0721712366693925,6.205452689812881,4.842311551547751,4.732124941198352,4.808531371811809,6.089422223118709
2022-02-22,6.323931118777436,6.204610652436982,6.587291070662515,6.06852325870169,6.031999730824622,6.051364086896064,6.204610652436983,4.80232545175325,4.698106465965809,4.7665420970163295,6.086339851366135
2022-02-23,6.3642198371977745,6.242319517294197,6.621372431443182,6.114457567299707,6.076562395857382,6.097620589119283,6.242319517294198,4.833640491256714,4.728053278289272,4.801427081643573,6.120990000689244
2022-02-24,6.300130414622358,6.185544562317336,6.559838211427855,6.056623891284815,6.019798615462904,6.040174753700648,6.185544562317337,4.77929948678288,4.674239645186316,4.746130665988102,6.0685544805978795
2022-02-25,6.312594545869332,6.19447623971263,6.569957959596984,6.049551463506836,6.014296798923548,6.033012279625357,6.194476239712631,4.759759540119097,4.657905125033903,4.725540142520786,6.075683511120596
2022-02-28,6.2626688797218995,6.149000495374407,6.526289666320333,5.989458282830832,5.956496816934293,5.973017153917434,6.149000495374408,4.7024496567843945,4.603910544322235,4.667118221714982,6.034684997235445
2022-03-01,6.277902506995554,6.16550730520844,6.5451979674061285,6.01553608422178,5.981176148993658,5.998777854378632,6.165507305208441,4.731365626221899,4.630412650210212,4.6963386502452735,6.052057831994958
2022-03-02,6.195013401470175,6.09153855796352,6.464247875675084,5.971591697143829,5.9352484009461595,5.955212363459918,6.091538557963521,4.724030404113502,4.620027875564155,4.689199682770108,5.986484528162428
2022-03-03,6.272776282380638,6.159442047292824,6.531005110455457,6.021649969086615,5.9864980543261375,6.005158832648431,6.159442047292825,4.729392448364766,4.627554218923801,4.693918747223689,6.043317585521203
2022-03-04,6.266130165072939,6.149128517215323,6.52324668307122,5.9935185875117245,5.959817693788657,5.976852379465653,6.149128517215324,4.694782988441415,4.5935103630008065,4.6601675420408295,6.0294043108142565
2022-03-07,6.199441642327183,6.080839431139271,6.4519825222760625,5.920178838106887,5.8878867903029475,5.9037065111913725,6.080839431139272,4.607075321916323,4.510354603328391,4.572880219125191,5.958253215335711
2022-03-08,6.132500309887568,6.020147340461811,6.388565630624329,5.871263155994998,5.838016132269686,5.855238489706143,6.020147340461812,4.5852756143474815,4.491959883267642,4.555752385981244,5.9053578682195615
2022-03-09,6.108117515480486,6.0006175900573,6.364932933533147,5.860984053900867,5.826661485079296,5.8454867278269935,6.000617590057301,4.591586796593988,4.496661152250418,4.565863398213982,5.887531368229353
2022-03-10,6.119229280384787,6.015490769254815,6.383011016452652,5.877910478924372,5.84316393877579,5.861906023443284,6.015490769254816,4.629225099291661,4.530886400989953,4.6019116768584425,5.909596860746736
2022-03-11,6.061043311949963,5.96378743097018,6.333353144247566,5.827030474756064,5.792059737308676,5.810970182749245,5.963787430970181,4.6098234594816585,4.512569855583918,4.584216655823905,5.866263044300324
2022-03-14,5.9975140592064715,5.904471448936324,6.268951963498593,5.783643763471577,5.74673720475171,5.7682542751261,5.904471448936325,4.609544360790246,4.509007141023725,4.589109291753216,5.810912002098714
2022-03-15,6.025834907849901,5.9211259810339,6.290531637135698,5.794844345254878,5.757943741656907,5.779707622191636,5.921125981033901,4.582035651453882,4.481921545649456,4.558001317594868,5.816680648820244
2022-03-16,6.052386881344715,5.948434329728488,6.318757729214904,5.821440717989175,5.784776439758458,5.80604850962324,5.948434329728489,4.606842642608302,4.506528983303483,4.582749083257014,5.844605887101245
2022-03-17,6.060415518751309,5.953445845715906,6.338656354014535,5.816267214893504,5.780563195660763,5.800676098451782,5.9534458457159065,4.594189702519086,4.49581396666083,4.572251131108387,5.845714164992909
2022-03-18,6.090597058220838,5.982093836854786,6.371368641788415,5.849537407069084,5.812549424372737,5.833789562912661,5.982093836854787,4.635360510716042,4.53480599878975,4.610972013710942,5.874367919234494
2022-03-21,6.172882280650273,6.062397651740389,6.4456263982138235,5.910337151437864,5.875860380165276,5.89477242902205,6.0623976517403895,4.668981778690164,4.572590638241228,4.641359674139252,5.953444122861682
2022-03-22,6.2065486907207665,6.0949762419334075,6.476465228282716,5.932060421206204,5.898971132532422,5.916432619042495,6.094976241933408,4.684401575339693,4.5865924632875865,4.657347533559547,5.98369959941707
2022-03-23,6.183099794722088,6.074827723450065,6.456224663423079,5.917237668310472,5.883853541174109,5.901237073357499,6.074827723450066,4.6783458609693005,4.580755115404918,4.652307869088425,5.966237390695807
2022-03-24,6.151728611968095,6.042716713932145,6.421030650111741,5.897226272404602,5.862447718200293,5.881196018749873,6.042716713932146,4.659040334193235,4.5609799863236,4.632609173201202,5.933166902346182
2022-03-25,6.137517338251561,6.0337774220566,6.408757856324289,5.879496902949196,5.845588535687013,5.863699317788928,6.033777422056601,4.633253908737125,4.542965586364379,4.610656672866343,5.930346172836835
2022-03-28,6.063475744626039,5.9780466502700245,6.343172406602263,5.824858073304728,5.791521232503759,5.809148396006633,5.978046650270025,4.617224570171709,4.534558006173315,4.5981598010657505,5.893408964790649
2022-03-29,6.133946613418155,6.059712346393147,6.4175829973847724,5.900336364661173,5.866870165579863,5.884354701293337,6.059712346393148,4.716059962563829,4.635756262734371,4.695581334200451,5.989010722989668
2022-03-30,6.152277005279505,6.079562988295126,6.430153121643996,5.907877785039953,5.875698688450681,5.891875789243828,6.079562988295127,4.731029562957159,4.646914201417957,4.707793865884997,6.009566458283297
2022-03-31,6.17572712270327,6.116761503424409,6.467383675606339,5.950451156165301,5.917912456594785,5.934505411219475,6.11676150342441,4.811632115890247,4.726327770887659,4.78951578071079,6.0644648183472185
2022-04-01,6.295919961739015,6.244462338557329,6.594439979363942,6.059342918140501,6.027865525570406,6.042996663182871,6.24446233855733,4.898038808509145,4.821644559997436,4.877431511601251,6.201372986336172
2022-04-04,6.329571102414723,6.2674841816716595,6.6264953218055735,6.092562749709257,6.060163532543229,6.076102840792251,6.26748418167166,4.907471145247908,4.828415398450069,4.885922376491995,6.2137994907589365
2022-04-05,6.297791812313037,6.232821570846875,6.588915895075108,6.059955830845807,6.027884594435255,6.0435271560950445,6.232821570846876,4.869887512372103,4.793213645707738,4.8484277359369345,6.175537824190524
2022-04-06,6.360457187321409,6.299448401499907,6.65285048802059,6.109811569953343,6.078869739621741,6.093052385669669,6.299448401499908,4.9115391785573,4.838156085032224,4.891680572491668,6.245705143009908
2022-04-07,6.284390513550126,6.23002468270046,6.5839229187966275,6.0355993410321345,6.006184469292503,6.019080593249995,6.230024682700461,4.876485559509349,4.799660819810423,4.856221207792911,6.181799768280436
2022-04-08,6.194329143021083,6.1387875226035,6.492892050540656,5.968782018337599,5.937246848835534,5.951997248570486,6.138787522603501,4.826814470070421,4.7423022292596535,4.805286054943763,6.087272290728316
2022-04-12,6.083588175833156,6.041575306200716,6.376896016771743,5.8878545605785275,5.855417830215381,5.871327284493531,6.041575306200717,4.807480887457477,4.721903755523895,4.786835780289215,6.006567208435451
2022-04-13,6.180303985869473,6.128830515519676,6.486544576799858,5.957510120301557,5.926147621326751,5.940742178077111,6.1288305155196765,4.839354718856161,4.7525648194090815,4.817188224749477,6.08394185208989
2022-04-14,6.156554370184511,6.10616600932644,6.462585606161442,5.939950797682973,5.908957012333344,5.9230005523385,6.106166009326441,4.844910889834773,4.7552202237544225,4.819958485997358,6.062248706142501
2022-04-15,6.110411210890975,6.058575563311052,6.42258465807752,5.9068385715315115,5.875921294218569,5.88993370843793,6.058575563311053,4.821442194639009,4.733374693936333,4.797519097635117,6.012562318825365
2022-04-18,6.015144797952419,5.963607720111507,6.325530539755171,5.835289143311782,5.802910137933105,5.8188670014345245,5.963607720111508,4.776118284604304,4.689364870776601,4.753216437605956,5.91861568739969
2022-04-19,5.883463457541505,5.838641960553473,6.147339914843789,5.747873680767645,5.712002473044892,5.731641310376607,5.838641960553474,4.716132409293531,4.6340923223654515,4.694911636728826,5.798861183353733
2022-04-20,5.808410445272223,5.775230269304193,6.049047702662855,5.705516079614655,5.668493198280943,5.6891062568715824,5.775230269304194,4.742974266322465,4.655026344676206,4.72043123978605,5.746219509335288
2022-04-21,5.765227716150545,5.737716300972956,5.984302361757942,5.650209735339185,5.615628273596931,5.633893140796302,5.737716300972957,4.676808322182211,4.595814004135044,4.655309216949856,5.713257285704081
2022-04-22,5.826359234863687,5.796658861410959,6.031402323902703,5.713719750617614,5.678198161488511,5.697545733176751,5.79665886141096,4.725993920538064,4.646755462254539,4.707282798549341,5.770924648551798
2022-04-25,5.503542210578506,5.476202807691264,5.6873412070403155,5.4143631915380634,5.379033187255761,5.399007089842286,5.476202807691265,4.497060624339578,4.422103026642912,4.483109741369949,5.453388430652897
2022-04-26,5.654316912322349,5.62404503160731,5.848061120773296,5.542030014010088,5.508604957388011,5.526280722909499,5.624045031607311,4.588420477088833,4.514504331203126,4.573096937086731,5.597670480530118
2022-04-27,5.691464431080124,5.656861085538671,5.88513647260116,5.569586960800513,5.53645545232094,5.553861375049529,5.656861085538672,4.595889222178775,4.5242581814314775,4.579787081668885,5.626011456318218
2022-04-28,5.663632860838845,5.632500335876316,5.829621470315805,5.544113224772874,5.510907039560243,5.528308501140715,5.632500335876317,4.586132879637438,4.513541268317638,4.568831490625554,5.605941330786792
2022-04-29,5.720406933010209,5.693891180921113,5.872847151480101,5.5915216455105226,5.558469328752913,5.575187009274354,5.6938911809211135,4.640155199177091,4.559782866587632,4.620782974850991,5.673994068535913
2022-05-04,5.633506489717835,5.605910620133812,5.773606122383988,5.53078155371597,5.496315003748146,5.514202928434927,5.6059106201338125,4.606242918637872,4.522749784672678,4.584873792193772,5.583074580667087
2022-05-05,5.6986695564347505,5.670806001391397,5.818806820086582,5.584008794242909,5.55007251870505,5.567719063439995,5.670806001391398,4.6280959074794215,4.544569198080635,4.605851723747581,5.647645934563837
2022-05-06,5.533592563038735,5.515463033581832,5.6373823662796525,5.4459115828051194,5.411613734160277,5.429707634216813,5.515463033581833,4.532724925627889,4.451997773091808,4.510309731940437,5.5009170572565615
2022-05-09,5.262987702368691,5.25680202931603,5.346142219762129,5.218323211546659,5.183041342972955,5.202651945901862,5.25680202931603,4.403495588425642,4.325516383163745,4.385256381935196,5.2540253263374925
2022-05-10,5.385401584344088,5.373711906007055,5.463666908633605,5.342720958330083,5.305679922141399,5.326409054917079,5.373711906007055,4.502776077831529,4.425137571207726,4.48242777455828,5.364951264003399
2022-05-11,5.409056431662235,5.3998510990869475,5.469541407544586,5.348747090754309,5.31330852720753,5.332309465097931,5.3998510990869475,4.509098788994011,4.429373554203007,4.485899282864394,5.394122959714234
2022-05-12,5.116892793683757,5.116044878699384,5.171189362715892,5.10828433645013,5.070812793799514,5.092338601070603,5.116044878699384,4.34861909517583,4.270454785413241,4.325309964786514,5.117228646713456
2022-05-13,4.878928700750126,4.890907525426067,4.956593800195893,4.89870891817511,4.862306531952608,4.883454286210699,4.890907525426068,4.267649792246595,4.185404416394874,4.2459747596529915,4.906181215565412
2022-05-16,4.851925134994859,4.866622615310828,4.940288975068338,4.870369472138379,4.834203625638084,4.855172245111951,4.8666226153108285,4.270415260840017,4.185255283274579,4.248293886070416,4.883909353570773
2022-05-17,5.11654194906335,5.118152675523104,5.1632665338139185,5.107464470396694,5.070040398011172,5.0914929009942735,5.118152675523105,4.396999876300062,4.309026419100098,4.37263183422656,5.11930171382457
2022-05-18,5.1720397500492865,5.164161900968637,5.201056277817818,5.145844855540308,5.108459044910073,5.129863874272067,5.1641619009686375,4.376220675401609,4.287272227063481,4.352119040657984,5.1554244383863885
2022-05-19,5.158113470650684,5.149445111058891,5.186422164147255,5.134502853620124,5.097131381228988,5.118543590056837,5.149445111058892,4.356906799298578,4.270216159834881,4.333061887777747,5.140110281840217
2022-05-20,5.156382462736694,5.144629249406202,5.185675874058671,5.126184776562515,5.08894544948686,5.110241850703593,5.1446292494062025,4.332648198934732,4.246824525192457,4.309128488704746,5.132327454926773
2022-05-23,5.043098030750532,5.037765405640892,5.092331489065271,5.027423955565693,4.990630596563031,5.0116502557233815,5.037765405640893,4.284483036843598,4.199485606201546,4.260754285320202,5.032883807530018
2022-05-24,5.129413629157499,5.117341321194859,5.150760800298196,5.100980296620273,5.063822903754749,5.085050942387579,5.11734132119486,4.327774988542029,4.239235388124885,4.30401919898926,5.105722231707734
2022-05-25,5.286012293218282,5.265298942493087,5.280822653769812,5.235620003604634,5.197886702985119,5.219300857003436,5.265298942493088,4.397742651568979,4.306375043682061,4.372715439571406,5.243345238904388
2022-05-26,5.2864371304179505,5.266297826802705,5.285200442975545,5.235524438729179,5.197862123743736,5.2192062336748934,5.266297826802706,4.39663589911765,4.306409482394494,4.370433418993101,5.24486503803496
2022-05-27,5.358935659652376,5.3410409962067265,5.3547423075060925,5.308412727464665,5.270247932162824,5.2918279138622095,5.341040996206727,4.447941976007751,4.358611841924397,4.421856491234455,5.320533469258879
2022-05-30,5.390899740394643,5.372258157561625,5.374467420830426,5.344697208811489,5.305909037972961,5.32787120479049,5.3722581575616255,4.484053758666632,4.39243777239331,4.45700295353123,5.350340829158258
2022-05-31,5.37286200219703,5.3554067338908835,5.3474690313381785,5.332278371515262,5.293532800007806,5.315420692574329,5.355406733890884,4.48208821436856,4.390668436661477,4.45332703735854,5.335555376089133
2022-06-01,5.3796589319866115,5.362677547303207,5.347637765801644,5.344754076483736,5.30578814864809,5.327824175619082,5.362677547303208,4.511473381244862,4.417398325942811,4.481641024579399,5.34439640890648
2022-06-02,5.336307871228728,5.319778452729143,5.318766118340394,5.299706260197655,5.261207936993434,5.282877520494921,5.319778452729144,4.462750260460943,4.373443367099357,4.434197544345222,5.302338755636611
2022-06-03,5.329316918844687,5.310875621574385,5.30463281526995,5.288958365308228,5.250662280078114,5.27214204389794,5.310875621574386,4.428992564284298,4.342599223749412,4.400359454322505,5.290785195805746
2022-06-06,5.329920899527642,5.314983626754004,5.313567253452092,5.301345900281703,5.262743921242465,5.284342953402508,5.314983626754005,4.472037384063306,4.38394135706723,4.442230257758628,5.2988454897352
2022-06-07,5.32306584629185,5.3067554676090305,5.303515306032209,5.297292109892674,5.258657471516997,5.280343925631758,5.306755467609031,4.480568352187906,4.39049442077307,4.449258032581762,5.289823920591567
2022-06-08,5.423070503020768,5.394947528716051,5.387161172650398,5.370508054643502,5.331746578387776,5.353353274723186,5.3949475287160515,4.4742787337713095,4.3861499108181725,4.44342654869887,5.364433104827462
2022-06-09,5.421749631595616,5.390441474614124,5.377351900081863,5.3634556974862795,5.324759455539088,5.346304041175358,5.390441474614125,4.444028674312143,4.356610914544499,4.413017631732761,5.3558970461261595
2022-06-10,5.327573702824861,5.310218295593341,5.28620183952234,5.288040232673132,5.2497566133179765,5.271186931792931,5.310218295593342,4.425960133147676,4.339136739675988,4.395598146346915,5.290624035804633
2022-06-13,5.0510210838448,5.052494928137054,5.033378065818863,5.045172939490885,5.0083543818128335,5.029236126719571,5.052494928137055,4.3007865788818975,4.216432514338993,4.2717016254032885,5.057085539614686
2022-06-14,5.047850085738233,5.0543293740822985,5.057481989149168,5.050983679667844,5.014057033781032,5.0348943803728785,5.054329374082299,4.344780164301836,4.25883135371804,4.314792432370141,5.06640343692513
2022-06-15,4.977203399463709,4.99710923424498,5.004475638243869,5.001047423180797,4.964335940577443,4.984969297722895,4.997109234244981,4.357757521463017,4.2721625781545445,4.328783634346238,5.02561873775345
2022-06-16,5.077052511025823,5.0992243748559005,5.116373947698598,5.1053445532881385,5.067869207638419,5.088769368810872,5.099224374855901,4.457735990697891,4.370734039781989,4.4278130364745545,5.1267683298717905
2022-06-17,4.9714557363623655,5.0027861293692935,5.028421549971979,5.020132462381168,4.98308916583148,5.004042620433937,5.002786129369294,4.41323925107447,4.327393867069078,4.38399949555336,5.043705785750275
2022-06-20,4.824032724755935,4.871773987076356,4.897523018318516,4.902468179018895,4.8659584348111355,4.886756675753711,4.871773987076357,4.41547345965566,4.328978768001981,4.38458947052685,4.932912754608545
2022-06-21,4.808641757953356,4.8628893977670025,4.887081920505635,4.897082272942726,4.860527030260471,4.881480877750193,4.862889397767003,4.4528894239260275,4.366007011160443,4.420784735292214,4.929159947014644
2022-06-22,4.8602978961471806,4.909492171047116,4.933353012700029,4.933848783220852,4.897156394476617,4.91789632820267,4.909492171047117,4.454326623159999,4.368012245870441,4.423550816731441,4.969372305273134
2022-06-23,4.955876058002629,4.983496264689599,5.00662305628304,4.997510607981091,4.960577390952366,4.981151750176061,4.9834962646896,4.426408191629315,4.340654067918323,4.395471809641153,5.017687943729008
2022-06-24,4.939661788058352,4.971600428954337,4.999516394373465,4.989068445488134,4.952141020811609,4.972752391529933,4.971600428954338,4.434082431229895,4.348765846682108,4.403347790028991,5.0120992361849055
2022-06-27,5.007972898036495,5.033876461951755,5.056618255063236,5.051049800496609,5.013617804073992,5.034667123583602,5.033876461951756,4.461582626890526,4.375919545092094,4.431027666963797,5.063579107918617
2022-06-28,5.113619270416808,5.125827734184864,5.147734095026981,5.131679254685558,5.093864199094157,5.11489705095335,5.125827734184865,4.480161011096569,4.393938076041982,4.44959776262395,5.1374624928909025
2022-06-29,5.113458454688564,5.124577931561478,5.138047031269223,5.127589958692901,5.089861116894883,5.110819327133333,5.124577931561479,4.468488951650882,4.382019558281224,4.436819418245495,5.134482294204495
2022-06-30,5.014191462313149,5.036876833448341,5.059509657163183,5.04729401832754,5.010034884842923,5.030800985805583,5.036876833448342,4.4354278921187955,4.350289281043704,4.4044149706853135,5.061897517853292
2022-07-01,5.04157781501425,5.059440009027176,5.077613471144778,5.060759215284877,5.023553852797354,5.044233363680287,5.059440009027177,4.416733199920134,4.3321138160713115,4.385302201974954,5.0752403102032835
2022-07-04,5.057764485011131,5.072766433644638,5.09173467017909,5.070419298780356,5.033209236179118,5.053832035670887,5.072766433644639,4.417488683901203,4.332865718938831,4.385562965856893,5.0855699340002465
2022-07-05,5.029780103945339,5.0450104166757965,5.059053195303294,5.03239224270208,4.9956592575020595,5.015744960520609,5.045010416675797,4.374542820437582,4.290392735494196,4.34303540444509,5.05728923496032
2022-07-06,4.903701837943752,4.918775089656391,4.940050424162901,4.912305468446975,4.87625769658091,4.89608931787037,4.918775089656392,4.290749935466915,4.209327758949933,4.260575136875313,4.923412725477147
2022-07-07,4.974876896276699,4.998468067857154,5.004601215560047,4.9949418733375435,4.958236013586131,4.978628034118027,4.9984680678571545,4.391118104531435,4.3074543084200485,4.359916956002626,5.0133626701742315
2022-07-08,4.98356275401248,5.000782358414142,5.007065827665991,4.997447891391806,4.960749416977458,4.981100154556961,5.000782358414143,4.375342113742069,4.292884572608667,4.344748052374515,5.0104234891572705
2022-07-11,4.904256252008251,4.9270445677836205,4.936053581548069,4.931322289220724,4.8950022262463415,4.915105950309257,4.927044567783621,4.343761647728357,4.26346647567093,4.313819044721475,4.945585317071842
2022-07-12,4.985064356266539,4.992523711220731,4.998132080088518,4.988467194678392,4.951859191401646,4.972127887425145,4.9925237112207315,4.332226936589756,4.252184737593268,4.3024489073804135,4.993158243334199
2022-07-13,4.999095281653315,4.999372483395545,5.0031247253673,4.990554271117848,4.9540040637883145,4.974225935761521,4.999372483395546,4.309872529297204,4.229908970474662,4.28010416235506,4.991987005898703
2022-07-14,5.035961231880632,5.029843029204967,5.030753118462769,5.023505802728471,4.9866659182564845,5.007073138530601,5.029843029204968,4.327111901309943,4.246551297353314,4.297008662761737,5.016715438477288
2022-07-15,5.017412779009791,5.013234953618117,5.015795758436295,5.0044030024183375,4.96775233415826,4.988064231522962,5.0132349536181176,4.309415931703563,4.2286909146533755,4.279318448429089,5.001557417670215
2022-07-18,5.007315619964042,4.998074670767645,4.999002147652446,4.98863528875783,4.952109624034076,4.972388492657588,4.998074670767646,4.281494717966976,4.20180474493702,4.251526118110467,4.978810967678061
2022-07-19,5.009068972321786,5.002361772190277,5.004200529725625,4.995743716565371,4.959122101902088,4.97940185719348,5.0023617721902776,4.288000926805436,4.209785825494735,4.258266468942693,4.98684897897713
2022-07-20,5.084153871986288,5.070009221176923,5.070052948655974,5.060586216854939,5.023532971292817,5.044136774215855,5.070009221176924,4.318622328592607,4.23937910184527,4.288453088627827,5.044243927942555
2022-07-21,5.116314118227958,5.09986089900201,5.101737331838237,5.089209668251169,5.051960668577687,5.072649242861484,5.099860899002011,4.321784887870699,4.243615022935829,4.291346469809626,5.0706507161481165
2022-07-22,5.1054961751630845,5.080261627506852,5.0792595997113565,5.073226230955763,5.03604283680838,5.056763301699558,5.080261627506853,4.289869695303985,4.2118353457289475,4.259363254700364,5.040470336127118
2022-07-25,5.0699347121035325,5.053435690601846,5.054175608214129,5.05066878255418,5.013589729935179,5.034237366604311,5.053435690601847,4.3004716500222715,4.2222382489946115,4.27002408785067,5.024594216471466
2022-07-26,5.058528789083232,5.040597083028,5.03904973329226,5.038300984265904,5.001306489867495,5.021962022297224,5.0405970830280005,4.293882620202536,4.215027223090277,4.262943040804952,5.008835729793699
2022-07-27,5.087698803961769,5.066564888745266,5.061871435854867,5.063494566349912,5.026330186298951,5.047063621330465,5.066564888745267,4.312153887404624,4.232298625748779,4.280830754986229,5.032140309962728
2022-07-28,5.184889143146924,5.153798955509455,5.146717249563067,5.147132427776491,5.109391093533714,5.1304115343118815,5.153798955509456,4.344956415673157,4.265290860095754,4.313275900181621,5.108338839335005
2022-07-29,5.181859899820816,5.144599487505946,5.1394456810150855,5.136628506483977,5.0989899551640105,5.120025543360768,5.144599487505947,4.307360525901063,4.229772816050837,4.276119132791417,5.087617309205848
2022-08-01,5.304446672230976,5.256333049029191,5.250431166022649,5.242992675459693,5.20465402609229,5.226120079349394,5.256333049029192,4.359409641322129,4.2800344478394114,4.327289515453557,5.1862001996824745
2022-08-02,5.332058273576089,5.294365680976071,5.2861831776888,5.286023877488188,5.2473143663947255,5.269015182043624,5.294365680976072,4.437709630861163,4.355711793804759,4.404795940990334,5.238090514279647
2022-08-03,5.354918622299901,5.311110155581168,5.306866630802413,5.301188330541348,5.2623911784115105,5.284148010252852,5.311110155581169,4.42659961293377,4.344811984720381,4.3934741613173856,5.246760787029656
2022-08-04,5.374791996505116,5.336921213275308,5.329503786284186,5.32788108899421,5.2888662121681955,5.310830119185923,5.336921213275309,4.487111336645275,4.401157488110471,4.453096064212235,5.278670428307979
2022-08-05,5.358820159667707,5.308800217768885,5.3007548511241325,5.293302454210006,5.254784577528256,5.2761752213091775,5.308800217768886,4.422449381849519,4.3391347050587905,4.3888027401803535,5.237668683486941
2022-08-08,5.368501847791996,5.312129440960747,5.299717102830914,5.289921250858412,5.251650238085479,5.2727306246503804,5.312129440960748,4.391664614485162,4.310128688694799,4.357714988849305,5.2329752977059645
2022-08-09,5.370421584547537,5.3136282389380645,5.2961267347120815,5.292345047794418,5.253983536538185,5.275107781368735,5.313628238938065,4.390525535776884,4.309355577431508,4.356292960883861,5.234107952534739
2022-08-10,5.346821431259183,5.2927912573447715,5.276091826037079,5.27346631465967,5.235229615896619,5.256348077567825,5.292791257344772,4.383909659661971,4.301937075364533,4.349786052818475,5.215881011640674
2022-08-11,5.339148145265315,5.290536684602182,5.273034512877295,5.276014361454312,5.237589786022229,5.2589252262551325,5.290536684602183,4.410025949842319,4.327130007006625,4.375873231505202,5.22052439138846
2022-08-12,5.3838009747411215,5.32563357838887,5.309735357952087,5.305500105224222,5.267086142148166,5.288243231018146,5.325633578388871,4.40459222491138,4.322716084563023,4.3704052346479445,5.244594077380102
2022-08-15,5.451212888969182,5.387757185630012,5.392874989523879,5.359085362948528,5.320547030537983,5.341604651184229,5.387757185630013,4.4279422538037965,4.344521591770904,4.393234556489579,5.298949964104683
2022-08-16,5.4469122157689105,5.381786920967626,5.389297573860679,5.3523884155847625,5.313966923733544,5.334962215100573,5.381786920967627,4.4147857161645305,4.331242291800846,4.380181158693687,5.2902957968745685
2022-08-17,5.4451406864068765,5.386327102997395,5.389665157530768,5.359778293144787,5.32119966199245,5.342370035509182,5.386327102997396,4.438666381364258,4.355051237846643,4.403759402148912,5.300927926101628
2022-08-18,5.442092740644269,5.387381051873309,5.395008398850551,5.365901140024233,5.327127425456494,5.348550859157013,5.38738105187331,4.460130194137717,4.375427165029862,4.425236613709799,5.306311833412276
2022-08-19,5.421639637941751,5.365495010553119,5.371410065228204,5.346895303751143,5.3081391834012175,5.329577791015361,5.36549501055312,4.444116261977678,4.360446358867602,4.409367209738776,5.2831123786294745
2022-08-22,5.402223789419938,5.347073791893993,5.356230386082354,5.336743683322649,5.29775783731414,5.3191933474024,5.347073791893994,4.442068269774791,4.358710713728615,4.406900265261668,5.266543373283633
2022-08-23,5.447395638834281,5.379687418112395,5.380591170463428,5.363421451111873,5.324475098561071,5.345668340408253,5.379687418112396,4.421175975236489,4.340258179297117,4.386553261700876,5.286009387369561
2022-08-24,5.4575180135224075,5.390161248368056,5.382151557988221,5.371113155258607,5.332211538874083,5.353355165619227,5.390161248368057,4.41789490134986,4.3391063727377635,4.384010923093019,5.295874973670153
2022-08-25,5.523970112941061,5.451451214559287,5.446297469119851,5.424833022122028,5.385808769398899,5.406933343638517,5.451451214559288,4.452067550225972,4.371732422873547,4.417647501987703,5.351407782205591
2022-08-26,5.49534012071769,5.425244991581856,5.425658240598739,5.3987189695634665,5.359881541807728,5.380847379036845,5.425244991581857,4.428451768059916,4.348590237570441,4.39418509557292,5.326173113510303
2022-08-29,5.442327968578966,5.372061736752808,5.3771106695709445,5.348054839354257,5.309520939084583,5.330327403369965,5.3720617367528085,4.386262490571328,4.306742443418868,4.352575649536565,5.273483430980485
2022-08-30,5.478673108258215,5.4076155072532925,5.407427471462683,5.380753789609693,5.34207462630187,5.3629022452160635,5.407615507253293,4.404681380387553,4.325918868779023,4.3717694602165285,5.306841350880085
2022-08-31,5.487525763363574,5.415670430424703,5.4197854652524375,5.385149003498498,5.346574806808827,5.3673008777478035,5.415670430424704,4.410010098908101,4.329577655301215,4.376249198963018,5.314289544647171
2022-09-05,5.464964156781732,5.39372961524763,5.397603848783652,5.364992050809145,5.326587498820216,5.347279474421219,5.393729615247631,4.393100458983037,4.31304507545467,4.359806484876175,5.292240873053104
2022-09-06,5.467539120647228,5.396194318001108,5.397292494724091,5.363965181816754,5.325718368108974,5.346278101398073,5.3961943180011085,4.38634806620614,4.306063844481743,4.3534629300135625,5.294074998630275
2022-09-07,5.324756120293094,5.25744469020824,5.261613042971809,5.227644805217558,5.190279394592664,5.21019617451081,5.257444690208241,4.287293191852659,4.208658171410402,4.255596663152709,5.158767150390404
2022-09-08,5.27166827870908,5.215628883060392,5.224009064283527,5.198751191986298,5.160987317397387,5.181430326952439,5.2156288830603925,4.304933869772292,4.223086982015904,4.271720341350829,5.128131326927382
2022-09-09,5.3192259438452725,5.2636241077036185,5.271818508831409,5.251260132780127,5.212870103048364,5.2337303035919645,5.263624107703619,4.355868216003611,4.272800262859458,4.3219119014580984,5.1771205545588606
2022-09-12,5.316712509794243,5.263250611070537,5.271044654490843,5.250784508898186,5.212513019059115,5.233366285737671,5.2632506110705375,4.352233299240883,4.2702499959961,4.318608248311038,5.1782203267547695
2022-09-13,5.312344215964626,5.256440588320751,5.261300040289626,5.242541188252571,5.204345393969192,5.225054167464199,5.256440588320752,4.336492824245839,4.255067696157819,4.302305742539748,5.16891997423333
2022-09-14,5.264541662187627,5.204340675067153,5.205794932533885,5.1877475581824175,5.150179583652112,5.170491860264067,5.2043406750671535,4.278839918474431,4.199788354651067,4.245598570905516,5.114093217031838
2022-09-15,5.27546495652471,5.216355428713585,5.214923041442404,5.204532739952592,5.1666385834773125,5.1870922467449425,5.216355428713586,4.291113251841552,4.215694332248603,4.258515014091704,5.126606128237029
2022-09-16,5.221780565056139,5.169888960069468,5.166015281432002,5.164203590161793,5.126281934754716,5.14698160882842,5.169888960069469,4.267187506292382,4.192138866854428,4.236626166181791,5.086009426617163
2022-09-19,5.093475727806316,5.057852810279625,5.060364257480068,5.065872390276821,5.028004453234532,5.048844320267005,5.057852810279626,4.228841273252643,4.156837105531417,4.199704317360326,4.990195509904964
2022-09-20,5.160510669321112,5.11765327131827,5.119588359977551,5.123386455714489,5.085195465023001,5.1061415141111235,5.117653271318271,4.262977927357206,4.189622954779124,4.233548436677572,5.043359429707492
2022-09-21,5.119572209527397,5.077695546264641,5.079071808053002,5.0881885633114825,5.0499713036945115,5.070992347126355,5.077695546264642,4.238204330338691,4.164355150842581,4.209429995247746,5.004207890098341
2022-09-22,5.132430059903554,5.084161320018924,5.085207310416469,5.093378909523263,5.055125011260519,5.076072338246865,5.084161320018925,4.233428843227439,4.159424510279665,4.203533377136919,5.005751181830822
2022-09-23,5.084715728018352,5.036171694548322,5.035691654238517,5.048456366916805,5.010375132983609,5.0312759180367435,5.036171694548323,4.1983701203320605,4.121870563563189,4.167209328881152,4.95678755448618
2022-09-26,4.9557150600871696,4.911067941694396,4.913462928962593,4.932388657473853,4.894756931724447,4.915586529224389,4.911067941694397,4.118687375617271,4.045006813386094,4.088949215724341,4.837130107992442
2022-09-27,4.9503433251263935,4.902281938782889,4.906785978957803,4.916621357073216,4.8794218220062815,4.899782215129132,4.90228193878289,4.088282761243769,4.016930144887326,4.059268148818108,4.825430714162987
2022-09-28,4.862318365613466,4.81714371639259,4.820710748914792,4.82459625861729,4.7883829386890895,4.808121464940361,4.817143716392591,3.9983358095637156,3.932177753763246,3.9737921369556592,4.742997231578545
2022-09-29,4.789715031903825,4.753246037901192,4.759596453077444,4.762431197569821,4.72650939627724,4.74629171554198,4.753246037901193,3.969785452990313,3.900258924648118,3.9454542223818403,4.688420277487112
2022-09-30,4.830053221046721,4.788769483985914,4.7969494911448205,4.800930681460278,4.764512182564745,4.784545536143902,4.788769483985915,3.9882733404103448,3.9239709824899154,3.96361726610478,4.719688154187775
2022-10-03,4.618136749802283,4.597417910785645,4.602495283839081,4.629056591071036,4.592856479221072,4.613034873358184,4.597417910785646,3.914400537187431,3.851399090346362,3.89013626738574,4.552224998630391
2022-10-04,4.575450071302039,4.56669459864057,4.559420875574323,4.608869161545254,4.572374917708283,4.592683309907134,4.566694598640571,3.9337331553972925,3.8653558838656337,3.903892835683454,4.529263040242519
2022-10-05,4.674675562165067,4.656429557542048,4.632694708792793,4.7028727421320164,4.665488253611487,4.686380523403386,4.656429557542049,3.994874693409156,3.9253076283456814,3.961395059098561,4.60861872162843
2022-10-06,4.524179189762123,4.520135800636523,4.487134765275978,4.579106751598616,4.542108808614432,4.562818821576391,4.520135800636524,3.9294343138885153,3.8593514519158405,3.8941685052424053,4.486990576771791
2022-10-07,4.342713919591884,4.351062839953817,4.315680154074118,4.431992204893676,4.395242787150358,4.416158165919814,4.351062839953818,3.874294818486633,3.797848984820874,3.8347544483030243,4.331557644882639
2022-10-10,4.356562357167507,4.350837598936852,4.305768977137024,4.4364006816263855,4.3994745615316795,4.420679099816541,4.350837598936853,3.842819743289722,3.7705103574182846,3.8050152232076053,4.318064604929528
2022-10-11,4.171236798227193,4.174034466313671,4.124663554586688,4.272772780662216,4.2365682944506275,4.257559807897532,4.174034466313672,3.742329428063964,3.663046296088168,3.6992202266247833,4.1475047751949745
2022-10-12,4.335688349339148,4.334645204131061,4.293209520088619,4.422759872605596,4.3857776967345705,4.407143609223835,4.3346452041310615,3.848396228221158,3.7736356415047325,3.8119343597469175,4.308221769752241
2022-10-13,4.414436589644656,4.411822721466877,4.415968983070211,4.493813725911455,4.4564695100953475,4.477851223607007,4.411822721466878,3.9172422336773427,3.8439377641149894,3.8859318658672133,4.384197563154797
2022-10-14,4.475974504832909,4.468179649192625,4.495633790199782,4.540096753622171,4.502817367656623,4.524064802427142,4.468179649192626,3.9442003861544044,3.873501037057866,3.9165391853923444,4.437280794692676
2022-10-17,4.443415743527754,4.430667986282858,4.4772368787269405,4.493721057335866,4.457224846800329,4.478106334341265,4.430667986282859,3.8992772511230145,3.8297196615068088,3.877029343785323,4.39888062610388
2022-10-18,4.484464319711339,4.476495297931333,4.531964983560257,4.54640572506961,4.509190902904181,4.530519109711811,4.476495297931334,3.963221676995553,3.8909859115448957,3.9393782066418592,4.447380256485297
2022-10-19,4.463502786979776,4.458889575574112,4.511982525273697,4.5313176341304136,4.494084364128365,4.5154343865789635,4.458889575574113,3.970700804551754,3.8947980963484046,3.9423172446966865,4.432395016057899
2022-10-20,4.45337821449935,4.4557991393165395,4.511447681211254,4.5313961289132925,4.494062510869142,4.515476040619253,4.45579913931654,3.979291085397386,3.908022648046391,3.9527671622905487,4.435978730830458
2022-10-21,4.265256684250581,4.280779377195814,4.3514697942830844,4.366878776766755,4.33031208479561,4.351360636278492,4.280779377195815,3.9031382823739205,3.82473937849676,3.8736398808900505,4.275406817091867
2022-10-24,4.103049458593176,4.125334868848877,4.171085290040234,4.215487162815869,4.179849749182368,4.200165319145479,4.125334868848878,3.7949146015794377,3.712206019464878,3.758855173484331,4.128624093096526
2022-10-25,4.182135229527553,4.206294065233881,4.301390665448686,4.29160049116507,4.255549770816185,4.276041733806046,4.206294065233882,3.8741884179631993,3.788665827300245,3.8393520306230338,4.211835006804228
2022-10-26,4.183253125065632,4.206950105020518,4.309263151902468,4.28710813011564,4.251332040846631,4.27173659023122,4.2069501050205185,3.85822727161123,3.7755231999965853,3.8265007074419577,4.212905316068967
2022-10-27,4.371863123199061,4.3939710599343025,4.499033132268716,4.4623730583016545,4.42568185716038,4.44660207571925,4.393971059934303,3.992881811154793,3.911260255958456,3.965444441803725,4.400949625129668
2022-10-28,4.376618097570016,4.400557193899106,4.503522698427903,4.465254672156322,4.428642447760842,4.4494920365542745,4.400557193899107,3.9885052840670436,3.9092072909969136,3.963545359930766,4.408916193372378
2022-10-31,4.396080896686906,4.416810507969198,4.52978197378205,4.47708984592912,4.440566549071253,4.461308921464732,4.416810507969199,3.9909768450785283,3.9125354336623905,3.964594723692005,4.422533246550067
2022-11-01,4.447673799374032,4.463805974800825,4.570068550936334,4.514925038067727,4.478320094056609,4.499086742920236,4.463805974800826,3.979762793193281,3.904390078164929,3.9537236279957635,4.462751504426889
2022-11-02,4.394231389908963,4.416389411130463,4.527508750859856,4.471681669786431,4.435316278549068,4.455954780734154,4.416389411130464,3.9683182599752578,3.892631891676365,3.9412261604466647,4.420353900337319
2022-11-03,4.387994210573469,4.405787153169379,4.519843153717956,4.458986072471159,4.422790856221585,4.44331808368345,4.4057871531693795,3.9403838050644504,3.8656332777620235,3.9144044568158085,4.404554324651149
2022-11-04,4.297305661668366,4.319965909200457,4.42672510607317,4.373220180013941,4.337678179734973,4.357847837231102,4.319965909200458,3.895990874388264,3.8195709864216436,3.8703430398970733,4.323832709860203
2022-11-07,4.18450215040612,4.226736538439786,4.337732347264026,4.2951611846976565,4.259929292849926,4.279847282740222,4.226736538439787,3.894222798740198,3.816398065347856,3.869723508592434,4.249754455521489
2022-11-08,4.258737324234094,4.288112813625135,4.394159553810722,4.347062213388393,4.311613633726105,4.33161861602976,4.288112813625136,3.9040584655153134,3.8256983506146036,3.8789747564732124,4.299108759248321
2022-11-09,4.281377346314294,4.310480876653267,4.417739124597078,4.370624297554192,4.334966720843487,4.355137909437144,4.310480876653268,3.9173319877729185,3.8359946634311335,3.8916875800932607,4.320431835751905
2022-11-10,4.098949417415501,4.14619422895505,4.251753642029564,4.219875332561383,4.185095439001144,4.2048872926894445,4.146194228955051,3.843007279880326,3.761548775672928,3.8188869147314444,4.175135612358109
2022-11-11,4.149398140563211,4.199712616139972,4.302751671008508,4.274905650130561,4.239638556692031,4.259715692392421,4.199712616139973,3.8989267848850293,3.814228501345014,3.874388862399446,4.230373502942487
2022-11-14,4.098676702909162,4.158987510503926,4.263658406494459,4.246058622873404,4.21073334412966,4.23080035745694,4.158987510503927,3.9290564038274134,3.8424667111331154,3.905508914551146,4.20045253255009
2022-11-15,3.9568261206359723,4.027074455081742,4.130614942148606,4.128863633140406,4.094121074800515,4.114107844031478,4.027074455081743,3.870349992306542,3.7860527006450373,3.849324967833498,4.079100787483093
2022-11-16,4.145818214243212,4.196572198870456,4.315031292813232,4.286519485464607,4.2507498883946875,4.271617401491414,4.196572198870457,3.922952155670709,3.8369474232717162,3.900564460960667,4.225368095681958
2022-11-17,4.286756473824663,4.325559052921982,4.46292908731693,4.417136199758886,4.380263305344499,4.401999954442827,4.3255590529219825,4.001659138163965,3.9156702988665466,3.9810082273105722,4.341220521107172
2022-11-18,4.295858818384661,4.32537374396507,4.464649920276849,4.411404831680471,4.374683811686323,4.396552520126403,4.325373743965071,3.959042877258539,3.8775122781427496,3.940997527102638,4.334025644645738
2022-11-21,4.259132342761235,4.288336968418521,4.420481943906955,4.374267526259485,4.337853102866515,4.359358376363963,4.2883369684185215,3.934972694426299,3.8554715779492703,3.9170640499466702,4.297975448249883
2022-11-22,4.234400904465668,4.259111273163237,4.379567133447383,4.334919712917639,4.299065845241688,4.319983157021341,4.259111273163238,3.88028484343834,3.803126446640457,3.8619290835497764,4.264678267533626
2022-11-23,4.222609167720246,4.248349646275281,4.360303481313221,4.323503640399439,4.287753483418857,4.308451464567236,4.248349646275282,3.879500751627394,3.8020692104624514,3.8608692925590335,4.256840408609542
2022-11-24,4.24687255194959,4.27001969450808,4.388245830754311,4.344575148132777,4.308659283969115,4.329545955236607,4.270019694508081,3.8772869860589285,3.802821516349229,3.8608997441711166,4.276595950897354
2022-11-25,4.370179807408465,4.380004460217697,4.5093188390396195,4.450417521076903,4.413705879587713,4.43538984874344,4.380004460217698,3.9156234304420106,3.8425364641289224,3.90171277862008,4.373008426506527
2022-11-28,4.538460474961786,4.531286025133841,4.675568624358644,4.589513520896117,4.5520185496680154,4.574119908518613,4.531286025133842,3.9693349097761375,3.894047179843607,3.9524535695651184,4.505035110801353
2022-11-29,4.624424063025379,4.609038324999888,4.750153541331896,4.665159732511861,4.627195820546422,4.649370844115002,4.609038324999889,3.9988142690766626,3.9237559486655775,3.981178271761314,4.572695466853877
2022-11-30,4.689418739446408,4.671118609693731,4.800709595241369,4.726874776156276,4.6883902707865,4.710941102575364,4.671118609693732,4.019234208356759,3.947498115028029,4.003881430616834,4.629487315678092
2022-12-01,4.668240563201992,4.647528485420465,4.783653717404205,4.692547412104204,4.65456213956688,4.676866705486595,4.647528485420466,3.9653434106653713,3.895819630717737,3.9549401184247497,4.605054166306414
2022-12-02,4.876637635585581,4.8378647217294075,4.9809457352218205,4.869620019924933,4.830513288022863,4.85336001072409,4.837864721729408,4.060044647816236,3.9893056134908367,4.044365599974581,4.776317992897458
2022-12-05,4.972923464413382,4.9229807405570165,5.075324464193554,4.947805819816039,4.908165860381104,4.931501040064689,4.922980740557017,4.100254408050595,4.0295440252402175,4.084877145625917,4.850156680654755
2022-12-06,4.738795717656727,4.711780847661738,4.8605067816892324,4.756288367505636,4.717760943124421,4.740466282572103,4.711780847661739,4.028450216205739,3.9560257997646735,4.014842215376253,4.666633910096126
2022-12-07,4.700280901495139,4.6790434280328075,4.824885056044868,4.73252633268325,4.694021103414485,4.716539457416183,4.679043428032808,4.0386743598578985,3.964701168893442,4.023103440815606,4.639970847706524
2022-12-08,4.791136501657898,4.750083946354832,4.9106437665233456,4.787042898538952,4.748360141323971,4.771070682147496,4.750083946354833,4.0282264140087864,3.9573122972613914,4.015601354084962,4.69294629194841
2022-12-09,4.810778021468937,4.7711302936766185,4.922194161342929,4.807510892634346,4.7686870549096545,4.791462104201828,4.771130293676619,4.041870643429777,3.971457250391858,4.029574252750578,4.718622465523288
2022-12-12,4.712545559036088,4.685012695256435,4.83336017837922,4.727734827256129,4.689397476820276,4.711932108506941,4.685012695256436,4.00048325459116,3.9310902325274975,3.9908001902290673,4.646057240237713
2022-12-13,4.801634984849785,4.759717200998015,4.9210014792403145,4.7889430185324615,4.750360290952326,4.773210777890863,4.759717200998016,4.002533459920967,3.9345670577642777,3.995519710186401,4.706081405160587
2022-12-14,4.802504544522141,4.759482103711781,4.92239224034741,4.789880024977757,4.751251666814071,4.77417931079564,4.759482103711782,4.008878685353732,3.939831232934447,4.0011430812284345,4.705514726944194
2022-12-15,4.841154991300622,4.794820490052063,4.960731668861499,4.818634839942227,4.779875349414611,4.802903622269328,4.7948204900520635,4.012531185220874,3.9444049586158862,4.005613902421017,4.737195255241816
2022-12-16,4.825430443750504,4.780673614144628,4.943633022773704,4.8007734763229015,4.762235004680902,4.785289252961232,4.780673614144629,3.9995090510711306,3.9317826721178073,3.994302323643375,4.7260533451103095
2022-12-19,4.775543297630548,4.7299332403240735,4.899978394933903,4.745955434094153,4.707920115599828,4.7307067648563415,4.729933240324074,3.9542604577100877,3.886913211614634,3.9506187454052615,4.675002988323225
2022-12-20,4.68251981068929,4.655640696618594,4.8183649023974375,4.685226090233835,4.647444582044064,4.67023006786693,4.655640696618595,3.9616725524173924,3.8928951183609484,3.959155340496019,4.620094538499788
2022-12-21,4.692354402942913,4.666680755550979,4.830429997873366,4.696517883495688,4.658610720285616,4.681625686316563,4.6666807555509795,3.9725275044456705,3.903633059637872,3.9715716927237117,4.632779443957431
2022-12-22,4.7266934936838,4.696491836871117,4.869535770221706,4.7206360618885,4.68262307695308,4.7056733386006595,4.696491836871118,3.9567239068909434,3.8900651312343233,3.9582638361366334,4.656697156454137
2022-12-23,4.703669550524654,4.679823393005981,4.848826490807763,4.705666084502853,4.6677499196270995,4.6907301995031405,4.679823393005982,3.9505998479574953,3.8828945088001237,3.9518160219069873,4.645226468013906
2022-12-26,4.507520755759079,4.5102033046195835,4.673640657091098,4.551748752668098,4.514785691540915,4.537235128414534,4.510203304619584,3.9047632726611696,3.834330269608412,3.9052851262575894,4.502138108388977
2022-12-27,4.609207947350214,4.588671798995366,4.76857144401165,4.6156375417721,4.578427493369852,4.601064414632284,4.5886717989953665,3.9108296725498923,3.8411069510078275,3.9121617672419706,4.557524754713295
2022-12-28,4.657959950616073,4.638277825070854,4.820763704792299,4.671044439856517,4.633259286853603,4.656266039525373,4.638277825070855,3.96223598943645,3.891466890219216,3.963749479147422,4.609400514345764
2022-12-29,4.613568133400744,4.599425953004111,4.779748283594951,4.631190086492438,4.593789224611585,4.616538710454592,4.599425953004112,3.93728863142529,3.8665616711866,3.9386433688556064,4.574732350815606
2022-12-30,4.6050327152366,4.589695772974281,4.772331813568518,4.611631643303481,4.57462729857969,4.597057831172532,4.589695772974282,3.9091190418222177,3.840031235512764,3.911266829667053,4.564287100768156
2023-01-03,4.793462032541515,4.761318720927006,4.962118336540094,4.773700562497161,4.735601392687378,4.7586483291338535,4.761318720927007,3.9989098228829145,3.9290627825213154,4.0010170478452585,4.717230763940997
2023-01-04,4.813788806753583,4.780741158961804,4.983885273319594,4.795631327627197,4.7573029898475205,4.780528086075673,4.7807411589618045,4.011909950597849,3.9416807021885094,4.014499591174112,4.733995949896312
2023-01-05,4.862498425044333,4.826795985777661,5.032987107840795,4.84310758413886,4.804362659345515,4.827919526795888,4.826795985777662,4.053298800851676,3.9815263721283647,4.055670071059334,4.776706132653833
2023-01-06,4.8612072381783324,4.822451658120442,5.026953448224848,4.8415722049052485,4.802640370499769,4.826379552549368,4.822451658120443,4.043601162738368,3.972061823584313,4.046022493594515,4.768138606320723
2023-01-09,4.873622765344014,4.838455877906961,5.036775233156195,4.855093500156438,4.816133534507913,4.84001304899036,4.838455877906962,4.053180013773671,3.981078354150563,4.056024567364292,4.787774904003673
2023-01-10,4.875835850417209,4.838073536359163,5.03689461015032,4.848806736438532,4.81004803480826,4.833789491969486,4.838073536359164,4.037503217638979,3.965442673600615,4.040383279246081,4.784430621371559
2023-01-11,4.895948697908132,4.855524925717171,5.051042692960562,4.871331227199774,4.8322227200739585,4.856068988952833,4.855524925717172,4.054116516635086,3.981920938453862,4.056499170359468,4.800201251626593
2023-01-12,4.9050641557063726,4.862328758625818,5.059982919363767,4.874908498788609,4.8358382385793375,4.85968314555515,4.862328758625819,4.05587190945309,3.983228558512561,4.0580086343790365,4.804193896905184
2023-01-13,4.922603435355476,4.878590206956579,5.080931361760959,4.897023975144646,4.857590884018912,4.881784071746778,4.87859020695658,4.069971690832891,3.997301789510839,4.072615693495712,4.817156851273326
2023-01-16,4.957176024255896,4.904888850952372,5.1055722209169225,4.917718010455,4.878144935623962,4.902581993095647,4.904888850952373,4.059276024124615,3.987311629333309,4.062283550546589,4.83499285852553
2023-01-17,5.078357577598023,5.010930968688476,5.22101743941326,5.013324904552961,4.973227332607042,4.997990281758851,5.010930968688477,4.102019667088324,4.0299056074797655,4.1056164239083985,4.927763948206945
2023-01-18,5.123178832408567,5.054288229002954,5.268745167603572,5.056341154783455,5.015934957955639,5.040847580158553,5.054288229002955,4.124141883271899,4.05228589370297,4.1279152913793915,4.969485218573031
2023-01-19,5.162824921640353,5.092795759789474,5.310212311581251,5.090824205741603,5.050249968296474,5.075265778236443,5.092795759789475,4.138413733905975,4.066103735236525,4.14183538809703,5.006716399286067
2023-01-27,5.210385323417377,5.143219190991739,5.364570685283175,5.1537666516997955,5.112405295703387,5.137667475693364,5.14321919099174,4.204597788520588,4.1304373253699325,4.20572243977151,5.059106590771465
2023-01-30,5.1315310418417255,5.066945160537814,5.277284685417539,5.074496529590507,5.0338138180314385,5.058745083765454,5.066945160537815,4.143118946403396,4.070417446139201,4.14498047983105,4.984782071667754
2023-01-31,5.18513227055429,5.110085294678702,5.317488327525186,5.107412939125395,5.066630130090965,5.091538083249779,5.1100852946787025,4.1371560420755715,4.064743743016934,4.138480919996678,5.019500630980412
2023-02-01,5.021567178993451,4.975706314614485,5.170841272200885,4.987627045772592,4.947316506879829,4.972095727674608,4.975706314614486,4.10272764196784,4.029336660739438,4.104010187106498,4.9143108200341885
2023-02-02,5.034106670924505,4.9811363503135535,5.171199286356123,4.990779987521793,4.950495909641481,4.97523010480796,4.981136350313554,4.0797111593510245,4.0072500965864135,4.080752856894611,4.911851457346423
2023-02-03,5.0162010334242355,4.9495639368963,5.137545173653497,4.970458966938482,4.929751257453164,4.955037207631899,4.9495639368963005,4.029929984715998,3.957669245579498,4.031252792564414,4.85351577590751
2023-02-06,5.058872153715396,4.992131917073113,5.17835968361977,5.017466662270015,4.97623593484498,5.001929406290368,4.992131917073114,4.0617196511937586,3.989067885209575,4.0628162801166905,4.892744633365369
2023-02-07,4.95606087558501,4.909562787680333,5.0917366939612965,4.936132928394171,4.895617315628585,4.920798000995937,4.909562787680334,4.029707485723709,3.9582667562867195,4.030605522560288,4.833066739332202
2023-02-08,4.977887202976399,4.930034512333201,5.108665749455228,4.96258233751292,4.921440747028901,4.947069111265259,4.930034512333202,4.049900274507229,3.97794178962224,4.050676238427256,4.851532803533713
2023-02-09,4.936547855658559,4.885847656103706,5.055456747622011,4.91106358426191,4.870568574814099,4.895764089294164,4.8858476561037065,3.983093020664984,3.9117426427893816,3.983729744015632,4.80606047735261
2023-02-10,4.888907088735925,4.848132400921926,5.015453214031841,4.8739194291599865,4.833864393847544,4.8588007926732715,4.848132400921927,3.968148222316484,3.8969925373114163,3.9695669411543477,4.779073580251902
2023-02-13,4.850287449557954,4.815813026442271,4.981656342236712,4.8519068336135085,4.811658454540313,4.836817957497033,4.815813026442272,3.9716567540013545,3.9003766717586905,3.9730848243582355,4.753095059930357
2023-02-14,4.8362753748881175,4.799334432849875,4.96873197693946,4.827544567753575,4.787821071092023,4.812499856574957,4.799334432849876,3.945162730350209,3.874897064466472,3.9467436863382614,4.736086536668971
2023-02-15,4.878360951465063,4.839944949651945,5.011269901099615,4.8680924169498025,4.828051424442175,4.852927253608031,4.8399449496519455,3.972952624472404,3.9023174147953337,3.974224591073258,4.773396452777216
2023-02-16,4.934096420761649,4.886162825663021,5.056214603022754,4.909614654677821,4.869370433967839,4.894367373794395,4.886162825663022,3.991929848936389,3.9204004323799273,3.9929460421547827,4.809097942179171
2023-02-17,4.938028327683003,4.886446165557767,5.05659830457787,4.901821308519795,4.861950558211281,4.886667193592354,4.886446165557768,3.971800742864873,3.9007016699854655,3.9730431004097424,4.806084758518228
2023-02-20,5.082085585665354,5.008242372481047,5.181508953667277,5.0140532968126745,4.973521964370881,4.998638787327924,5.008242372481048,4.021628844583262,3.949858002104842,4.022625842744236,4.9041131591642895
2023-02-21,5.0547804411481465,4.986874878547441,5.157941974581145,4.997270071607551,4.956732601109789,4.98186553949913,4.986874878547442,4.015616881885836,3.9441865875061146,4.016585737857988,4.888292608026803
2023-02-22,4.908786416230346,4.858973758133492,5.026710591165402,4.874666305845322,4.834946223148674,4.859572002721944,4.858973758133493,3.9493487510679968,3.8786639393779754,3.9506314790840613,4.78131075237601
2023-02-23,4.9072930888656385,4.851147027207678,5.01567180723509,4.864515184034507,4.824855641160823,4.849494904700528,4.851147027207679,3.9233632557173457,3.8537420843572883,3.9248143946458045,4.767618717280087
2023-02-24,4.824850296354324,4.78053049006937,4.940149583419428,4.805379711759598,4.765738696557141,4.7904527353318205,4.780530490069371,3.8949825815681804,3.825712167338298,3.896111721838911,4.709542264413637
2023-02-27,4.738545118055514,4.711728870388886,4.872217720795001,4.742768737194874,4.703545701427989,4.72805660492357,4.711728870388887,3.8877230141965247,3.8192135604820874,3.8893688768072674,4.6607237154886905
2023-02-28,4.760022672663545,4.73664106261245,4.900319317945943,4.772616256313072,4.732980100107451,4.7578040068921865,4.736641062612451,3.9215726798648527,3.852461131196902,3.9235071252253237,4.689332590628202
2023-03-01,4.861274017630107,4.824402409269518,4.984878034488506,4.857654544548135,4.8173906504045325,4.842500860206125,4.824402409269519,3.9741388342056134,3.901229417830613,3.9735546608729755,4.761795708242987
2023-03-02,4.835871304230059,4.80129485398883,4.961966564929229,4.835563644540572,4.7954879259626555,4.820476222536972,4.801294853988831,3.9511392687072013,3.8790899631990348,3.9508913055690873,4.74121653367867
2023-03-03,4.777374867906486,4.7479085404117525,4.914565127515046,4.786710020300019,4.7469166170322845,4.7717401799244525,4.747908540411753,3.928876087373534,3.855646023327186,3.92717928767466,4.695075221218321
2023-03-06,4.781091115394352,4.74450183143945,4.911446377664188,4.777170154479143,4.7375735906153835,4.7623497342053165,4.744501831439451,3.894842628047896,3.8248931890952598,3.8969074997943802,4.687979294043483
2023-03-07,4.838857605427194,4.796679490270568,4.961188784367328,4.828719668347293,4.788728045123117,4.813762102640316,4.796679490270569,3.9260078983994307,3.8551570920800495,3.9277966522253918,4.734182124358039
2023-03-08,4.8938292056208725,4.846196652280456,5.011450310907104,4.874304251665972,4.834052635217181,4.859314595853159,4.846196652280457,3.948151831985182,3.877475322614474,3.950507254616832,4.776917467852839
2023-03-09,4.941777756515466,4.888657117652739,5.047466256591123,4.9139704526917205,4.873461451384936,4.898797939675602,4.88865711765274,3.966225874872613,3.8957282533832878,3.9679646494290886,4.81273605400648
2023-03-10,4.921789617147375,4.866713863906174,5.0299553333690925,4.8928532904117885,4.8525199294491985,4.877854551356935,4.866713863906175,3.9515393027241115,3.8801153428361097,3.9528042462954396,4.7891097587617315
2023-03-13,4.9243496682081185,4.868389747256693,5.037965013545147,4.896370756205859,4.855969756535006,4.881446200871531,4.8683897472566935,3.957327091510226,3.8847650369674347,3.957885465750584,4.789458756258657
2023-03-14,4.864824245539193,4.821369921797457,4.987644652891132,4.856603560611021,4.816332474421613,4.841719258207055,4.821369921797458,3.9618729117944342,3.887751657516252,3.9605366757900535,4.7544877725039365
2023-03-15,4.982497604034595,4.918842732334119,5.069405924139149,4.944288848911797,4.903526318772323,4.929085750160893,4.91884273233412,3.9891132179508326,3.915516906750235,3.987463062184969,4.831519847936177
2023-03-16,4.905139156418056,4.844888663534798,4.985671023372267,4.872821817553635,4.832548800498529,4.857832138619118,4.844888663534799,3.950049396751758,3.875704941741903,3.9473628347237244,4.7623851280654845
2023-03-17,4.923133340215518,4.862301202186345,4.994179143311541,4.890992588210993,4.8505486471734764,4.875873582041418,4.862301202186346,3.966179677375333,3.889354086172982,3.9584855571970454,4.777335937508216
2023-03-20,4.818413354465421,4.7691465857823125,4.911749816285351,4.803065837675876,4.763209430112746,4.788259862596609,4.769146585782313,3.921942218726719,3.8458348562492968,3.9151721013625407,4.699284642440779
2023-03-21,4.851453157956098,4.79206317608465,4.933918081053512,4.816883952869557,4.777125058870484,4.802206249127293,4.792063176084651,3.910286202176769,3.8367220596443765,3.9063389508127146,4.714353513881709
2023-03-22,4.879243036882962,4.815748144319363,4.944709220834589,4.839698513765691,4.799777095556045,4.8249244786858085,4.815748144319364,3.9164287081505695,3.842450634141184,3.911750875247943,4.731912922332682
2023-03-23,4.902960525636954,4.8364407390040585,4.966203622864865,4.86030476339372,4.820215252383573,4.845381095435655,4.836440739004059,3.932262380102198,3.8558594003577276,3.9254385062883626,4.74819518640241
2023-03-24,4.922854178880273,4.847380766280009,4.982172174539812,4.866729359923031,4.826695035111655,4.851742457412477,4.8473807662800095,3.922165792019363,3.8469680635649444,3.91599987064485,4.747755527011189
2023-03-27,4.939233117683214,4.858896124398779,4.9888970372286225,4.873307863935821,4.83333154985075,4.858332128937662,4.85889612439878,3.9147262259555458,3.8410337744903633,3.909536026802067,4.7554249699871765
2023-03-28,4.950429195741851,4.868846576355666,5.009628059058291,4.881528669635198,4.841538419288489,4.86654502401822,4.868846576355667,3.912229769976747,3.8394858107963867,3.908274067154383,4.7611693624917235
2023-03-29,4.958087982095325,4.872702857788407,5.017012348371624,4.883464012260169,4.843502256673687,4.868486596234712,4.872702857788408,3.9047925464496642,3.8318444956500426,3.9002627924032733,4.76024302081046
2023-03-30,4.980645533918092,4.890736896363642,5.0291427614522854,4.903492987026962,4.863350667162998,4.8884714579729485,4.890736896363643,3.9067487783380583,3.833844026828843,3.9019112632180604,4.773633696997235
2023-03-31,5.015481149914837,4.918772554583761,5.051611818430259,4.926623425318272,4.886397698152242,4.91155551009097,4.918772554583762,3.9046199773611785,3.8311938102090917,3.899795027670839,4.795347084141983
2023-04-03,5.077336920847297,4.979681075060571,5.124395423645601,4.975884205009985,4.935547869971832,4.960822885687521,4.979681075060572,3.9183958003315684,3.845974843748721,3.9151406677435885,4.853918979986893
2023-04-04,5.08076323675677,4.973831002570273,5.113532202436606,4.9671945332776355,4.927006541586926,4.952191330862601,4.973831002570274,3.884925230390538,3.8138564423677472,3.882110014919237,4.838500336221496
2023-04-05,5.08521183644761,4.974688363682352,5.112786556089013,4.968685751495731,4.928477964525664,4.95367361427226,4.974688363682353,3.876505559675792,3.805970625387052,3.8739583438009317,4.83545353024269
2023-04-06,5.029344701434239,4.925131009187773,5.0622094140615035,4.922071602285921,4.882166385169665,4.907201398731458,4.925131009187774,3.8594901171559437,3.788229829667938,3.8566316497530555,4.792063049617358
2023-04-07,5.033913547435178,4.9271435644324715,5.0672895267277696,4.922540650421261,4.882645284187724,4.907653097200637,4.927143564432472,3.8596951116847245,3.7873761594300337,3.856282712755072,4.7919255716526274
2023-04-10,5.027801538581674,4.921482600159512,5.064834839229428,4.915659339974408,4.875836336491705,4.900764086146744,4.921482600159513,3.848286500891351,3.7752427100298305,3.843564144705878,4.785178674187256
2023-04-11,5.039456717707586,4.930046558102042,5.07552768044868,4.921637452071047,4.881838786674903,4.9067480375560395,4.930046558102043,3.8471638829639128,3.7747700589579805,3.8432365773133625,4.79188692975875
2023-04-12,5.032318420933032,4.922136824919503,5.070200147212035,4.91028639063349,4.870692118781297,4.895511432290628,4.922136824919504,3.8277893306343604,3.756409817512236,3.8252180797662687,4.78324046870104
2023-04-13,5.0104444725124395,4.902397909792861,5.045462676045873,4.891930776757192,4.8524716431008175,4.87724834013936,4.902397909792862,3.8084545815316515,3.7388631475626335,3.80690483507724,4.765564788165985
2023-04-14,4.954420013887595,4.8529875206920225,4.999432890698771,4.843299256785462,4.804233174787089,4.828820390060314,4.852987520692023,3.7814931038795137,3.7122730102301085,3.7793399601523063,4.723551860095086
2023-04-17,4.943614972014807,4.839756036986253,4.9908383307943165,4.827189079358787,4.7883209026649185,4.812697887299108,4.839756036986254,3.7594523465262535,3.6915377466475006,3.7578213388389994,4.709661750732887
2023-04-18,4.939300422128717,4.834614833628384,4.982566446170126,4.8257332871542955,4.786783321914867,4.811197347925811,4.834614833628385,3.772337643103016,3.7020440979466374,3.769296411040667,4.704638219507482
2023-04-19,4.900375349471225,4.8002334432204545,4.954638139295117,4.798081716487243,4.759154763325589,4.783470072587178,4.800233443220455,3.7701302388782305,3.697860899653007,3.765000095037073,4.674287109923114
2023-04-20,4.90340310028895,4.80528901956942,4.959708036882833,4.80289520606957,4.763940097108778,4.788281280378674,4.805289019569421,3.7764616294681614,3.7047417009860686,3.771675024477358,4.681471117505395
2023-04-21,4.872527304434712,4.775703138022975,4.931817768703005,4.771465973989753,4.732785836521237,4.756986519666462,4.775703138022976,3.759197378057516,3.687315269811681,3.7544082284225446,4.654721321506343
2023-04-24,4.863448617657368,4.765342208021073,4.9310758006311035,4.759056010127581,4.720487931998541,4.744526780021895,4.765342208021074,3.7491988543733186,3.676006231678051,3.74230164877396,4.6428441324455
2023-04-25,4.814781752508118,4.71989431220843,4.891689463801204,4.713748412159986,4.67552514707022,4.6993237775642305,4.719894312208431,3.7232350550275997,3.6500088591522015,3.7158009463659605,4.6009132846024645
2023-04-26,4.8597601991523725,4.753992056878474,4.922332442565258,4.743509098368209,4.7052033702582685,4.728933750256776,4.753992056878475,3.7223050624149114,3.64972109635557,3.716645492102334,4.621281865838084
2023-04-27,4.84861890725565,4.740045295595541,4.905977038643204,4.73268321268043,4.694319546843568,4.718160284793577,4.740045295595542,3.7142876011140546,3.640116070890514,3.7089264697304625,4.605620236925414
2023-04-28,4.893697416471652,4.78342229286614,4.936453109582352,4.77899844071198,4.740196960836023,4.764282996560751,4.783422292866141,3.751019579227606,3.6790579787726454,3.745261767922511,4.648161356099467
2023-05-04,4.84402676367857,4.736368037076312,4.901264802419226,4.724698813581266,4.686557664103832,4.710137420274473,4.736368037076313,3.704246182335677,3.6325419095581535,3.698310565868832,4.6054513885123
2023-05-05,4.837990743587504,4.7314609722159755,4.895113666991274,4.7225128572224895,4.684341101302732,4.707938452118407,4.731460972215976,3.6975555457512663,3.6269863088525853,3.692727487840697,4.600906354361307
2023-05-08,4.895694019240215,4.7802052455761785,4.934964916100843,4.770028198912767,4.731520885468107,4.755249438021619,4.780205245576179,3.7249003354909807,3.6554162299735147,3.721365412900833,4.640158176055507
2023-05-09,4.899717496749725,4.783522392580734,4.9460951957537675,4.770954287871772,4.732528578514826,4.7561735562636915,4.783522392580735,3.7233564475737215,3.6538019199060874,3.7204006736646082,4.641525452460344
2023-05-10,4.93227350266907,4.803912277637071,4.9536165946384125,4.7887774880710765,4.750262348998291,4.773947629121756,4.803912277637072,3.7150895164696087,3.645519356082708,3.7117621659728295,4.650058993853483
2023-05-11,4.919309514988879,4.789763878533293,4.9364630906454465,4.773382304203909,4.73502573957319,4.758651503912777,4.789763878533294,3.6990450015732437,3.6290833629914205,3.6950728011721825,4.635304180278111
2023-05-12,4.95856481148823,4.8205354095531785,4.967052434585904,4.800872829553412,4.7624005190784935,4.785948119349735,4.820535409553179,3.7054499628771973,3.636198077493169,3.7005412106696425,4.657626960967948
2023-05-15,4.96191376328884,4.825850870832419,4.968277157214356,4.806341818966699,4.767836102572903,4.791293503408477,4.8258508708324195,3.708106649747886,3.6388220082351035,3.699989146828088,4.66202304810343
2023-05-16,4.957043550523217,4.81940280825713,4.9688066565677325,4.79903024794224,4.760624554844397,4.7840214598277635,4.819402808257131,3.697409260152413,3.6283771960851627,3.6911073026811443,4.654227666488494
2023-05-17,4.924933737843193,4.791367843244221,4.946756502421965,4.773641113069495,4.7353674519988616,4.758621820256292,4.791367843244222,3.683838623576416,3.6155483100247383,3.677131717883772,4.631698387160653
2023-05-18,4.958257854670706,4.824324745110815,4.995920116288622,4.805146893292645,4.766663368834676,4.789959933141819,4.8243247451108155,3.7086972384710117,3.6407939595918704,3.702785845688898,4.665831085595799
2023-05-19,4.95861451666236,4.81958938332867,5.003091360347502,4.798157173842629,4.759798231594745,4.782951329196095,4.819589383328671,3.694736081132229,3.627739943455806,3.690221473695786,4.655822849716961
2023-05-22,4.978598116015401,4.832020952609766,5.0076880743051095,4.808631677838026,4.770224818387909,4.793363967993966,4.832020952609767,3.6913156623996946,3.624027597554143,3.6869085027882065,4.661215646578765
2023-05-23,4.9494655735607465,4.802649002434347,4.964393001119466,4.777168654664351,4.739063626707786,4.761985878493754,4.802649002434348,3.655159200636189,3.588986098138282,3.64962262729714,4.629027371759708
2023-05-24,4.920198475775616,4.7771853745503625,4.938514575975981,4.753825305166395,4.715858790494799,4.7387598191225315,4.777185374550363,3.641467342514778,3.575837395817792,3.6356647021495285,4.6093862550707
2023-05-25,4.928499973564273,4.790772287582935,4.9813883647260635,4.767609081975182,4.729554620528092,4.752438866978272,4.790772287582936,3.6700611717312523,3.6037313513168887,3.66500702982235,4.629487128071473
2023-05-26,4.928165265572285,4.785783698695837,4.974116653914572,4.760076071161403,4.722161303558579,4.7449535857029606,4.7857836986958375,3.657563090403083,3.5914122207165797,3.652684551491489,4.622455485224516
2023-05-29,4.987127150958201,4.832846660814209,5.027929621229404,4.800249365022673,4.762429283140505,4.784943905843752,4.8328466608142095,3.6649424150617667,3.598802258824159,3.6597525425532718,4.658871577262902
2023-05-30,4.992634909042217,4.837530725822089,5.031176657999772,4.805200316047652,4.767290485219324,4.7899435405851385,4.83753072582209,3.6750203991570722,3.606926030716338,3.6693575585370435,4.663364533594337
2023-05-31,4.974197337490932,4.825159403761089,5.019043837882502,4.792122452147822,4.754217336408579,4.7770420295621925,4.82515940376109,3.679868394684109,3.6106973209118407,3.6741048041775235,4.656270755289423
2023-06-01,4.998631591154558,4.843098770379344,5.040028163514131,4.80514676023987,4.767376187891016,4.790056383663338,4.843098770379345,3.6756830163225365,3.606743639218062,3.6695194339896693,4.667390122558789
2023-06-02,5.085133253872635,4.921361340689297,5.114862920462656,4.87305526098673,4.835281816523198,4.857802536379488,4.921361340689298,3.7062683050215877,3.6367114294157123,3.699534753292957,4.7349328802159745
2023-06-05,5.112957046965752,4.950507075459847,5.1362103345838435,4.9060225649808045,4.8678030781849255,4.890680780151038,4.950507075459848,3.735152505089166,3.6649096965944556,3.728746816731902,4.7621879997942855
2023-06-06,5.160835778209137,4.990060571498689,5.183127604664689,4.942882722232885,4.904469759527512,4.927306587748359,4.99006057149869,3.7468236863579034,3.676465792983736,3.7401643737316785,4.793665478764365
2023-06-07,5.157650480442506,4.991428299164847,5.191996568563774,4.942347726819796,4.904042428719662,4.926869030534946,4.9914282991648475,3.7575400215062165,3.6868553148014045,3.7509081962042212,4.80380432697592
2023-06-08,5.091896245497097,4.933137601567422,5.128840097490768,4.891319631679321,4.853045941969289,4.875917234201524,4.933137601567423,3.7271395036729555,3.6566955350470507,3.7205086427787606,4.753624980014453
2023-06-09,5.122347148161052,4.958000464342417,5.1618773227690795,4.9106413813696,4.872517966952934,4.895259646729666,4.958000464342418,3.736202115967495,3.665461886213887,3.730059800840335,4.77530145711608
2023-06-12,5.161616330292896,5.001481019002511,5.217305903545724,4.95768773992556,4.918899665773753,4.942228852274306,5.001481019002512,3.7866108116620856,3.7148927784954426,3.780347253072057,4.825404522889919
2023-06-13,5.178151788579656,5.012077177625702,5.22590732638745,4.971081436774998,4.932058426820576,4.955395189158181,5.012077177625703,3.780396726986152,3.7091101776274473,3.7735334242001963,4.828840886498467
2023-06-14,5.166914394047785,5.00207479204529,5.209049129843799,4.963039682406805,4.923955726463661,4.947437177300424,5.002074792045291,3.7717269753956986,3.700573781538692,3.765212233516381,4.818191689633562
2023-06-15,5.1575304961356885,4.9914045651178895,5.196861273590941,4.947362947127167,4.908810162778256,4.931792061647558,4.99140456511789,3.749897834431876,3.680746194013326,3.744150704641549,4.8050169752286305
2023-06-16,5.149132587412394,4.983362223112026,5.196807837370057,4.929778511128239,4.892069077607506,4.9142453189714725,4.983362223112027,3.7354328057640034,3.6677971757751138,3.7300069981153166,4.80202679780907
2023-06-19,5.126694069704832,4.963698184317257,5.177123581667741,4.910906160406028,4.873130654777017,4.895503745963212,4.963698184317258,3.7405953605886393,3.6713529107073994,3.7351109575434362,4.785720421390615
2023-06-20,5.160627093325657,4.993316457715412,5.216607844451098,4.932852264452876,4.895377731705776,4.917386638440031,4.993316457715413,3.755081026948426,3.6860649009480566,3.749655629831903,4.814198414473401
2023-06-21,5.191211417649391,5.018714075845795,5.247354536574749,4.955370279083347,4.917901109644296,4.939753418022361,5.0187140758457955,3.7671696198319102,3.6982557580667077,3.761779643990659,4.835073027453484
2023-06-22,5.2131604436114385,5.03452983361713,5.258897401529792,4.9702455585130885,4.932706538103667,4.95450098052154,5.034529833617131,3.7626343077345012,3.694430147534416,3.757492263558764,4.842722160450581
2023-06-23,5.243940375609585,5.064957179861438,5.28046220113477,5.000939888035527,4.963136419277784,4.985074601609733,5.064957179861439,3.7839124692989943,3.71695760459555,3.7785206929094053,4.869302505589373
2023-06-26,5.261155918009463,5.0813597812210025,5.291714715410379,5.014398981950053,4.97694966792166,4.998629094785306,5.081359781221003,3.798840137353109,3.7297612721087288,3.79339679204311,4.885812195403681
2023-06-27,5.274224387662833,5.094996576010122,5.309003522372427,5.027414605270983,4.990167756870129,5.011649988293516,5.094996576010123,3.812141909185683,3.743865124392045,3.8059112592635804,4.900284287599061
2023-06-28,5.291166351944052,5.112049390608385,5.321729419475632,5.041327435258735,5.004173948997411,5.025529414895167,5.1120493906083855,3.8147137715576336,3.74673617452932,3.8087957212787193,4.915543597599819
2023-06-29,5.222077348687282,5.049099677991085,5.256804740957821,4.981519210853009,4.944540406202678,4.966090975399501,5.0490996779910855,3.7697221815355806,3.7031946466614767,3.7657762331636646,4.857686701897764
2023-06-30,5.208547493426687,5.031889460125362,5.242737089691974,4.964643828026688,4.927669450439439,4.949235029703622,5.031889460125363,3.7654212957636544,3.694031458905607,3.759146908423477,4.83888810057767
2023-07-03,5.236277769193971,5.05768039115442,5.269677645854626,4.992305547329736,4.955092952533454,4.9767227432095344,5.057680391154421,3.790465799804779,3.7212878660399293,3.7839536142476575,4.86468421297799
2023-07-04,5.2711881908403315,5.088091940804282,5.303736821621843,5.0191542046242015,4.982224623835561,5.003286883908586,5.088091940804283,3.8025275749832974,3.7350514870484277,3.794282193627185,4.890587002585467
2023-07-05,5.277668831024392,5.095065030481743,5.311330056604011,5.026750657352445,4.989689670459079,5.010922810264959,5.095065030481744,3.8054073370597097,3.7393885649195626,3.7981599494769283,4.896824325800002
2023-07-06,5.2590351334255345,5.078862503041072,5.294289065145271,5.0115233698221475,4.974572615516072,4.995757427326937,5.078862503041073,3.7953676909259055,3.7327215667157003,3.7885814674034197,4.883874115877723
2023-07-07,5.308021641797214,5.118913067463892,5.33191054566194,5.042581918250749,5.006670823957477,5.027076673886558,5.118913067463893,3.7990724608576043,3.740509531794773,3.79343348364221,4.916328352826543
2023-07-10,5.3746274805286705,5.180877980179194,5.389815365553087,5.095747907214008,5.060577337393627,5.079965809876171,5.180877980179195,3.833921954508694,3.7753055929170043,3.827427310173095,4.9738723877536195
2023-07-11,5.396225020244532,5.198726105465235,5.408552031528502,5.108201700655708,5.073516485951953,5.092544284027376,5.198726105465236,3.8306844497518697,3.7739461657736775,3.82551179050527,4.9885136315250245
2023-07-12,5.399287379564279,5.202391584290564,5.414337702257172,5.114541823653031,5.079636695598988,5.098735925380363,5.202391584290565,3.8269911378365347,3.776477412069608,3.822627260670056,4.992367890988963
2023-07-13,5.442725640628582,5.241867857821461,5.4547835185090126,5.155815714603191,5.1202459157577405,5.1398201784439586,5.241867857821462,3.8539862888542085,3.802555645936134,3.8498853565923246,5.028249727417506
2023-07-14,5.447032178333795,5.251724423483243,5.466043492390184,5.172005872058729,5.135472741910413,5.156039714491143,5.251724423483244,3.894635829512928,3.833851060088322,3.887537106278551,5.043102568033307
2023-07-17,5.462633084342886,5.261957393659457,5.475796222471635,5.1805800735061815,5.14423029476924,5.164595532274983,5.261957393659458,3.8886484292274224,3.83127383634372,3.882257390764955,5.049569093136061
2023-07-18,5.477352308645804,5.273664320266641,5.484320323933,5.189965264184948,5.153698649798981,5.17393238872032,5.273664320266642,3.883493556046379,3.8281926648360254,3.8777535225788866,5.057788701264489
2023-07-19,5.47073427378376,5.266152588596134,5.476637490583102,5.184225338031895,5.1478917317047825,5.168380132415469,5.266152588596135,3.880307388892202,3.823391094076729,3.8747724214585104,5.049623579777412
2023-07-20,5.472402776094758,5.273193950829127,5.484374187673522,5.195460091343471,5.158470427571708,5.179520570378814,5.2731939508291275,3.9084169232509085,3.8463553499482,3.8999268993154717,5.0608689391424635
2023-07-21,5.5399212737395915,5.328923160985427,5.540477108302269,5.242926415461136,5.20658830900997,5.226836979061987,5.328923160985428,3.9222278031828757,3.8614091932405925,3.913068378633453,5.1061515453401425
2023-07-24,5.56184776301157,5.343668056838691,5.553657719996811,5.250966908609099,5.215436765007391,5.234782094971357,5.343668056838692,3.9141669098557954,3.8537696140330646,3.904915922895112,5.114143108521841
2023-07-25,5.5791510773288255,5.362519212521724,5.5703861517004425,5.272425020297894,5.23603360233907,5.256170978893658,5.3625192125217245,3.935539086390832,3.874108439315739,3.927653278080932,5.133146063605634
2023-07-26,5.582235313436376,5.368571524274163,5.575863281222569,5.284880138052591,5.247318342464033,5.268266059552402,5.368571524274164,3.9564757312620307,3.891052183955676,3.9480942086460953,5.141567035252938
2023-07-27,5.568649602442431,5.3536809454480325,5.558590256374413,5.269975223260812,5.232546533555867,5.253638000125031,5.353680945448033,3.946768749015861,3.881151823894839,3.9384568915718474,5.1269175769640825
2023-07-28,5.608048858426455,5.386687028098743,5.591641929803254,5.297956851933761,5.26103472230847,5.281776828307971,5.386687028098744,3.950430485704562,3.888120186704641,3.942464650717818,5.153515890366997
2023-07-31,5.691464681901741,5.474704924594227,5.691436016345504,5.388520138826548,5.350967363061742,5.37192142365583,5.474704924594228,4.030955831767052,3.9686816582080255,4.022724756755008,5.246978199798497
2023-08-01,5.668927762281205,5.454675980112585,5.66770373790849,5.37146076856699,5.333788691499569,5.354336805472449,5.454675980112586,4.013239330613332,3.95165424915022,4.003498133928267,5.2270409656917804
2023-08-02,5.674738952407429,5.46100887608209,5.674404306423631,5.37408112856324,5.336882458518181,5.356938368724708,5.461008876082091,4.017287916203594,3.955496222140484,4.00697188402323,5.233570646734247
2023-08-03,5.639514739310125,5.4322100647552665,5.646143383040333,5.347633080347123,5.310293535508057,5.330359657043825,5.432210064755267,4.021836462046264,3.9555727865796206,4.010448423255481,5.2129664244044305
2023-08-04,5.702176705399299,5.486190778345266,5.706829844949099,5.394620868566921,5.3580425940864576,5.377197137219668,5.486190778345267,4.041388067047454,3.977925783104849,4.032000998205931,5.260934946364285
2023-08-07,5.8058404017617,5.574657143924409,5.7902348189672335,5.474286899311409,5.438341084790976,5.456785541946907,5.5746571439244095,4.062816825470397,4.004228991534104,4.052122169563566,5.331925478412068
2023-08-08,5.805700729146106,5.574329961856164,5.789968819001577,5.476235642941194,5.440349160392761,5.4587070885408435,5.574329961856165,4.054145263887116,3.999187404537506,4.043055115370617,5.330022049862718
2023-08-09,5.766153152571986,5.536575135736494,5.749949313868302,5.437018730687742,5.401698410864347,5.4196922431556676,5.536575135736495,4.025040575533997,3.9702794044976613,4.01259747470045,5.292992516659248
2023-08-10,5.690997038126851,5.467637147824752,5.6749858774227775,5.3720758893174345,5.336901778420063,5.354753990213715,5.467637147824753,3.97280361458335,3.9212577099090073,3.9597522141082884,5.228612709915733
2023-08-11,5.733209525692395,5.502543220266495,5.709426960813611,5.405382629107583,5.37027754409007,5.388150472809954,5.502543220266496,3.984548510231997,3.933865684910361,3.9709637379053984,5.255730428974171
2023-08-14,5.745324825204036,5.507838671171418,5.7145651556837915,5.404562789330429,5.370242148013534,5.387186038559738,5.5078386711714185,3.9743441689399983,3.9245851590618486,3.960959377747172,5.256661105083521
2023-08-15,5.740373892170044,5.506049414813651,5.711623410182871,5.406134205106738,5.371203173395179,5.3889650309922965,5.506049414813652,3.979197376705151,3.929435477562577,3.9675120119988594,5.257077262479194
2023-08-16,5.779637045365506,5.538128069973722,5.74152195905584,5.43490108661869,5.4001268344211075,5.417319891985432,5.538128069973723,3.984406179715191,3.9360695031801356,3.972144575119536,5.281474988892474
2023-08-17,5.746955736158312,5.505310464052277,5.704357697133275,5.4011767392730885,5.366627109664039,5.383831227957715,5.505310464052278,3.96315244216733,3.9134743713787117,3.950675536425202,5.249484661801361
2023-08-18,5.480200587353719,5.260945118462267,5.446085280660272,5.177094106372122,5.141396620815425,5.1606176397218375,5.260945118462268,3.8297898104064236,3.7777902285849843,3.819379531680397,5.026872961073107
2023-08-21,5.508120647590741,5.288818987516935,5.478056779169733,5.1935655863852865,5.1593150950743665,5.177237235136144,5.288818987516936,3.8319106160400986,3.775864534934084,3.8201592730677145,5.051453011771074
2023-08-22,5.53210783317912,5.3106265549537035,5.497386231226379,5.203994822139248,5.172186524532411,5.1880509729535005,5.310626554953704,3.831017224622102,3.778647337151087,3.819434754204689,5.0708171255149885
2023-08-23,5.495646690245498,5.279021292779895,5.463175274571092,5.172831975670805,5.141622231534752,5.1569600542841,5.279021292779896,3.816606860479909,3.7653354691566414,3.8056637477168294,5.045241655002645
2023-08-24,5.5747058355629715,5.3556026223397275,5.5407015680061935,5.254421418642474,5.221953036548434,5.238139666102804,5.355602622339728,3.8991829398838695,3.8425169421658127,3.888043940256355,5.120284117491766
2023-08-25,5.541072561162525,5.32775186680087,5.509922417718385,5.2364657921705415,5.20255394614185,5.220070224149202,5.327751866800871,3.9032282321436647,3.846942463754349,3.892072246906948,5.098875873850033
2023-08-28,5.6222894867555935,5.405660421478585,5.588188590594479,5.3141749580769675,5.280316032621262,5.29753510432092,5.4056604214785855,3.9694110701614904,3.9102080027054584,3.9589725594959675,5.174357615751753
2023-08-29,5.6393884708087505,5.421638599557702,5.603543475209026,5.333149178226561,5.298076665264758,5.316312993791239,5.421638599557703,3.981915723555597,3.9204951009760127,3.971248741042848,5.188546590466012
2023-08-30,5.685504822290021,5.468232017019857,5.643610563815986,5.38113529000343,5.34533559303592,5.3640225130346275,5.468232017019858,4.033212031260281,3.966170663822981,4.0210641890210885,5.234707069138294
2023-08-31,5.735510372845283,5.510608563691007,5.69509568430347,5.410792070522259,5.3768658562911265,5.39358549496991,5.510608563691008,4.029149711104719,3.9668370065586225,4.0172793509729114,5.269041540571299
2023-09-05,5.779076134935909,5.555612931804251,5.752781542137576,5.454994123171568,5.420689619034545,5.437508077273234,5.5556129318042515,4.06341395108039,4.003032272736902,4.052427863316037,5.315033248984251
2023-09-06,5.826897709772569,5.60311967893887,5.801381934625053,5.499074210325653,5.465225030679435,5.481560128936745,5.603119678938871,4.104748534107731,4.04372690185283,4.094267896419971,5.361965425224833
2023-09-07,5.819849881074297,5.598002952304227,5.795366276692304,5.491777152890661,5.4580190263183015,5.474193114705921,5.598002952304228,4.099494618096491,4.039535692673588,4.0886826395156755,5.358598493408971
2023-09-08,5.8002914561791,5.582662171723496,5.774397894429327,5.4794191663247895,5.445268841011476,5.461781510675924,5.582662171723497,4.089540995575594,4.032201264180276,4.079578415152187,5.346703285529943
2023-09-11,5.721890238789936,5.516603005606995,5.694890535378182,5.433859521531689,5.396124588383787,5.415976723996703,5.516603005606996,4.086550278875855,4.0272525557835195,4.07643183484233,5.293704799544127
2023-09-12,5.831145646031138,5.61565362013832,5.799581603813343,5.527802782733399,5.490150322597976,5.509586949484708,5.615653620138321,4.147523939704088,4.088085874776876,4.137595405259781,5.3838185268234255
2023-09-13,5.803849012012884,5.589638979519813,5.780164920158267,5.493747337190116,5.457478082993769,5.475729057286461,5.589638979519814,4.1198923520466435,4.060819059998105,4.109399750386743,5.358541158321374
2023-09-14,5.759634839545277,5.559121854626728,5.744366971989963,5.469827596673321,5.431848467192503,5.451592046685794,5.559121854626729,4.115998481904911,4.05809219295577,4.105472762614875,5.338380769745073
2023-09-15,5.774715400999277,5.578196888459651,5.754117407849012,5.483975746824492,5.447146436553905,5.4659738031468645,5.578196888459652,4.143909600435189,4.085766521716721,4.132616469714298,5.360332522522589
2023-09-18,5.695134806945417,5.5026418623726014,5.6668272232265355,5.409904980746882,5.373958378752579,5.392297678055098,5.502641862372602,4.097479270795107,4.037901493526121,4.0863197261094815,5.28926002241084
2023-09-19,5.693634691871112,5.500134439808625,5.658213211624406,5.403253655020694,5.36878181057251,5.385803609360243,5.500134439808626,4.098025453922594,4.038671725912764,4.087426224168951,5.2861154463996245
2023-09-20,5.749895957072761,5.548464082316559,5.699046503749759,5.448388349555791,5.413508889036968,5.430738606643614,5.54846408231656,4.10336629196101,4.049428351899984,4.092594023492453,5.327516141625286
2023-09-21,5.684031406720893,5.488338202888571,5.636194152336011,5.389708163581167,5.354973110769994,5.372316269311729,5.488338202888572,4.062038341485027,4.00732383543755,4.051314481810864,5.27183781058367
2023-09-22,5.580501002212748,5.4054010353206845,5.560398003756187,5.315543430020249,5.280630446336202,5.298531350328474,5.405401035320685,4.06668510279639,4.001224327880615,4.053731598504719,5.205864093832189
2023-09-25,5.394624781783747,5.238856365603189,5.394344929585823,5.163977712601371,5.129120049084731,5.1475647292990505,5.23885636560319,4.010920477201853,3.9384273669211116,3.997141768940079,5.057365096235439
2023-09-26,5.344643868402536,5.1950701234428465,5.34821038312582,5.116179542739907,5.082075825525104,5.099885080697978,5.195070123442847,3.9669804263935062,3.897580855866569,3.9525469210901143,5.018063241733446
2023-09-27,5.409980123874697,5.251715745073781,5.4065823309339,5.158424357482057,5.126230359779407,5.141977780779093,5.251715745073782,3.9728161347950084,3.905462776578266,3.958617981993573,5.066761097962435
2023-09-28,5.398025308138002,5.243659099793147,5.394927844773021,5.138444120870399,5.10818097852726,5.122256033307892,5.243659099793148,3.953243270101045,3.8837652136093532,3.9409154810108173,5.061131690435122
2023-09-29,5.408437636915887,5.247839748864191,5.399083942038513,5.140964816633725,5.110817378632891,5.124842608327569,5.247839748864192,3.938412498307627,3.870650174217924,3.926373986872641,5.060709906191776
2023-10-02,5.413504829669041,5.248783027045637,5.404472403155181,5.142975641067814,5.112516500523187,5.126812130463023,5.248783027045638,3.9332113960520956,3.866215268060204,3.9210713128637527,5.058705910877551
2023-10-03,5.239506722001116,5.093583386778511,5.25029898046197,4.9942286883635045,4.964679313938163,4.9787543663055445,5.093583386778512,3.853662108626218,3.7854493326774326,3.8415043713403505,4.920332274424231
2023-10-04,5.281421206018526,5.123721820251692,5.283221679107206,5.018697977839652,4.989885321995044,5.003129591515767,5.123721820251693,3.847037612722064,3.781705087170653,3.834747907211334,4.941309364109958
2023-10-05,5.219926574456167,5.0628043034317445,5.218378210324714,4.959061111161371,4.930399828367517,4.943646741610201,5.062804303431745,3.798741457884951,3.7362123302351513,3.787146042022352,4.8818557366531135
2023-10-06,5.290807224195746,5.125716262096303,5.282089196250985,5.016091731151385,4.987964551803793,5.000466995701903,5.1257162620963035,3.8244316306625823,3.7646413148504028,3.812524954504163,4.9377218732547545
2023-10-09,5.328126273501605,5.164140960016459,5.320166238221356,5.0438015693381715,5.017152635388047,5.028109324119698,5.16414096001646,3.8473745845445055,3.7859728257236234,3.8374151735119257,4.9761167935015465
2023-10-10,5.35859636163921,5.196758487901223,5.35036003909722,5.073353345245459,5.0469629073143265,5.057632489638258,5.196758487901224,3.872538624770825,3.810227251406887,3.8616921629206824,5.0098679871873815
2023-10-11,5.391028724250884,5.222773950499869,5.378963665402481,5.091604464398867,5.066387223104267,5.0758029982643915,5.22277395049987,3.8653574588269914,3.805894780316523,3.8541085298226614,5.030255204098875
2023-10-12,5.391250532604293,5.223820287914331,5.379506488700789,5.098476786233216,5.072233366524897,5.08252327782514,5.223820287914332,3.877702417785025,3.8194416839652163,3.866457522194255,5.032706149141799
2023-10-13,5.404128245919111,5.238148247095459,5.3983537126270456,5.12046552571736,5.092899034620252,5.104262083785473,5.2381482470954595,3.8990921372012806,3.8452143629063977,3.8888619464227605,5.048341020949957
2023-10-16,5.337684214557874,5.181319573345828,5.347056802054342,5.077167364529095,5.047925043730138,5.061160346488594,5.181319573345829,3.902805492450904,3.8423192332970766,3.894332701544701,4.999679344599819
2023-10-17,5.273967051837845,5.125287104133922,5.2915088198505815,5.01964857524753,4.991001264970069,5.0038234241789725,5.125287104133923,3.8646222960252716,3.804767625107905,3.854212216044592,4.949646314890524
2023-10-18,5.198193200432401,5.052652045124111,5.2084134022981114,4.9533216502824144,4.92496003516659,4.937690538149983,5.052652045124112,3.812444127339338,3.7561507436389094,3.8036797804532267,4.881115568961344
2023-10-19,5.134474641044571,4.993438211119279,5.147259436045831,4.896922801937268,4.8687523400358135,4.881453606770439,4.99343821111928,3.7674343407085007,3.711882563289596,3.7580130919990222,4.825123621586146
2023-10-20,5.229562510661874,5.078485611561894,5.238682446042604,4.974403725565907,4.946095509075479,4.958652294217326,5.078485611561895,3.812069933866321,3.755649117171494,3.801607683987827,4.901105358807551
2023-10-23,5.155157037564454,5.007097376343424,5.164282349302059,4.904557965571439,4.876564406377381,4.889036704172037,5.007097376343425,3.7551021291752322,3.6995207712417106,3.744438045482818,4.832915264997657
2023-10-24,5.214218992986183,5.0618173797665085,5.21919757289074,4.96185400383358,4.933211238983772,4.946293665660275,5.061817379766509,3.8048874527938996,3.744932107314179,3.793136781030662,4.883072270238641
2023-10-25,5.195535851693184,5.03954405178801,5.195950358601649,4.941622190711456,4.912968820492804,4.926063975527349,5.039544051788011,3.7949805641275187,3.7336244630088737,3.7822451731156828,4.85942015382879
2023-10-26,4.963518363830971,4.826674067563712,4.968958398224597,4.740995623174931,4.713045124181136,4.726223240728516,4.8266740675637125,3.6598612344928303,3.60296112321212,3.6488423809703137,4.663682760550003
2023-10-27,4.984350197359074,4.852755813118101,4.991740079860452,4.759128474547783,4.73153133253622,4.7441949345382355,4.852755813118102,3.6713239227182206,3.6167561707833547,3.660263285191928,4.694564476575082
2023-10-30,4.886367292767912,4.767165682533642,4.900722430437043,4.681324371436904,4.65390737943658,4.666499724528752,4.767165682533643,3.633286710079042,3.582180859646574,3.622272519814766,4.620002566072494
2023-10-31,4.827972694098997,4.7229026702269765,4.849518559010733,4.637151351944998,4.610070156285532,4.622333449485281,4.722902670226977,3.605053394346061,3.558095830048732,3.5955572857217044,4.586822021533865
2023-11-01,4.8809878119079695,4.775277895658122,4.891068416302037,4.690720435705783,4.663297290870071,4.675734739568262,4.775277895658123,3.6433215632407068,3.597894943356693,3.637320688677508,4.638442555846091
2023-11-02,5.0524393496691555,4.934425691878502,5.057084295951841,4.840464677866635,4.812391380135417,4.825007810119406,4.934425691878504,3.7544932872847183,3.7027898352508988,3.7460660987054295,4.785911965639647
2023-11-03,5.058870491050441,4.939002243061124,5.070912190022856,4.843293780237526,4.815350802770861,4.827568687043993,4.939002243061125,3.7530879576462155,3.706305445045525,3.743877925622995,4.7892341504057825
2023-11-06,5.125772571259019,5.005517912660462,5.130086168197839,4.91102778160349,4.882409015452457,4.895261142667243,5.005517912660464,3.8053346283165963,3.754187134896132,3.7962461258016877,4.853290168767183
2023-11-07,5.073204940948725,4.9560769394427435,5.080232059885763,4.858207876623836,4.830181500854676,4.842616589324006,4.956076939442745,3.7611784137919777,3.7112687480889304,3.752713932672782,4.807158224864023
2023-11-08,5.23693104582575,5.108981135622512,5.238532779491079,4.997504569659464,4.9692944098476435,4.9813891249536555,5.108981135622514,3.8216851394398073,3.7764779532838095,3.8145163889643743,4.9495569182653885
2023-11-09,5.2331278103387255,5.092741451688417,5.23222754355425,4.973726039753597,4.946111322613267,4.9576067628962095,5.092741451688418,3.778886074752819,3.734879977989722,3.7698252816900983,4.925511027916019
2023-11-10,5.165168192362524,5.027323331695642,5.1654620094296755,4.905518662149363,4.878593446888723,4.889454846012001,5.027323331695643,3.716551277651116,3.677370557479997,3.708204583962482,4.863203716206607
2023-11-13,5.1528417568895994,5.013897634537501,5.154969460773214,4.884143425478601,4.857787881904686,4.8680061790860725,5.013897634537503,3.6876396652598413,3.6498774118976454,3.678943245887568,4.849596032774127
2023-11-14,5.213334089790404,5.069900180396154,5.214592637502172,4.933803324552369,4.907376169605334,4.9176608256180385,5.069900180396155,3.710174333970736,3.6707421153625193,3.7013396251715553,4.900337653115034
2023-11-15,5.278140631524899,5.135266210705584,5.281004112927859,4.999341479214809,4.972554398835589,4.982954269296913,5.135266210705586,3.7592791164069235,3.7212103318394822,3.75109439507498,4.965338637220723
2023-11-16,5.283970121107312,5.140883845883396,5.276766795733253,5.003338081810853,4.976565120272971,4.986905919327981,5.140883845883398,3.7709702430322305,3.7328130888437876,3.762507682023162,4.971601749337186
2023-11-17,5.1585007242958385,5.0226070739424555,5.1482351099597885,4.889967811283809,4.863712718508809,4.873816289504311,5.022607073942457,3.7060888017406137,3.6682994125940676,3.6977308101781228,4.861083360774429
2023-11-20,5.159938622741878,5.02095253184854,5.153823067473777,4.888549516469708,4.862299985093082,4.872373043721912,5.0209525318485415,3.7121350070590977,3.6728650785644894,3.7035888592221897,4.858064446962776
2023-11-21,5.1811610471835525,5.040132433688164,5.166641958629641,4.906175086165314,4.879872023584923,4.889986087149039,5.040132433688166,3.7109203206455645,3.672380159483314,3.7029351633547885,4.875408383658584
2023-11-22,5.185407608654056,5.044681246537015,5.172143029103944,4.909054923082706,4.882778634595997,4.892915001002948,5.044681246537017,3.7074182384350944,3.669529771475373,3.6989635999548063,4.879998564423919
2023-11-23,5.063588158059362,4.936913055715273,5.076915892805015,4.806608068405343,4.78075440898825,4.79083921324313,4.936913055715275,3.652142420564414,3.6136282972840803,3.643334994289379,4.783726493801991
2023-11-24,5.093143434820438,4.959122651162794,5.092506168941556,4.831807990354583,4.8057511719416,4.815765084681413,4.9591226511627955,3.6669193797688546,3.627820395024811,3.6565637064756586,4.800189361261283
2023-11-27,5.052274897548154,4.920360966234733,5.0405214953826825,4.799545673648644,4.773541848652502,4.783482570231503,4.9203609662347345,3.648312358462286,3.609747982919769,3.637776089301352,4.762865684859155
2023-11-28,5.098371764445241,4.961925234926943,5.083569575378743,4.835828595231068,4.809745619206599,4.819769636488358,4.9619252349269445,3.662211974600084,3.6236689192996714,3.652026881283736,4.800138660296423
2023-11-29,5.1369122416897435,4.994113817507296,5.121352791053449,4.864720974462371,4.838557701037095,4.848684452978555,4.994113817507298,3.658003950101794,3.6205278096699356,3.647915424809547,4.825776021404533
2023-11-30,5.08042843182594,4.941151818558634,5.080568018636452,4.808934980748707,4.783189039329851,4.793135599048628,4.941151818558636,3.6229044243394317,3.585801627895578,3.612407770564484,4.777121733184083
2023-12-01,5.124898762982396,4.98348786057749,5.120173943146986,4.85056698831238,4.824618135613874,4.834669383286105,4.983487860577492,3.654434449755785,3.6165608192220464,3.644678953400196,4.817350731771264
2023-12-04,5.19566032981203,5.047578693404691,5.180000251295641,4.909154039846073,4.8830112279067395,4.893139703828428,5.047578693404693,3.6910518701408175,3.6532240009609747,3.682058921392318,4.876654510050178
2023-12-05,5.180339943743504,5.034770002389479,5.160591361712538,4.898564784960501,4.872442019626389,4.882508561079047,5.0347700023894815,3.6945369760957094,3.656388291008645,3.686785363450852,4.865023742111297
2023-12-06,5.232172933403703,5.083806073562828,5.218426403471809,4.945515586280805,4.919205443356544,4.929324186185794,5.0838060735628305,3.726391458587721,3.6884425996812635,3.7194334570070007,4.910637575519597
2023-12-07,5.228285437891291,5.081771272579668,5.223730236704682,4.942058118805454,4.915789275458818,4.925822345980966,5.081771272579671,3.711976344874119,3.673522761917292,3.7028776966814165,4.90840696576023
2023-12-08,5.252391181410036,5.101929605374059,5.24120572762711,4.961622900067865,4.935276944819242,4.945345456955061,5.101929605374061,3.7152794882020275,3.67658345739847,3.7061545693630635,4.9244120879969415
2023-12-11,5.266791249327767,5.11227355476393,5.247515935179225,4.97060564821244,4.944261723160194,4.954384400230329,5.112273554763933,3.721922350006089,3.6833685423148133,3.7136593671065237,4.931715329082101
2023-12-12,5.2703100347292775,5.117128629434503,5.25221602814801,4.973604106586983,4.947278395180654,4.957370300256696,5.1171286294345055,3.7194469740714298,3.68077334360768,3.7106066307811956,4.9374657808560105
2023-12-13,5.206724083324383,5.0610056342568,5.206117737018309,4.92179008462742,4.895654807798461,4.905700706207333,5.061005634256802,3.707495635464383,3.6677970698595788,3.6992039276596413,4.888792067246793
2023-12-14,5.18840727923954,5.0485998491558215,5.19009656926158,4.911412204839042,4.885296358726452,4.895320841729946,5.048599849155824,3.711510410243994,3.671974981532127,3.702875706734271,4.882333102982519
2023-12-15,5.1534409669460715,5.015910268103724,5.147086234691652,4.876582980434565,4.850675682969885,4.860544185409965,5.015910268103727,3.6785367684855137,3.639314083968202,3.668386754368991,4.8511202105748685
2023-12-18,5.094144442714157,4.958376231448573,5.086812191950237,4.82317673232363,4.7974640014627985,4.807427731840746,4.958376231448575,3.623104235418669,3.583519567799557,3.6139367664262423,4.795555020324958
2023-12-19,5.121741085494293,4.98568604177871,5.110588355876839,4.847079036261666,4.821297896764809,4.831145006326743,4.985686041778712,3.650986619902874,3.6114340374754215,3.640459668719191,4.822985487350014
2023-12-20,5.148144738480432,5.005875329606617,5.133380144919038,4.866676717525723,4.840810713800861,4.850709584418437,5.00587532960662,3.6548856686117523,3.6158084597955646,3.6446832102484072,4.8384727374346745
2023-12-21,5.149436465916496,5.0067617659637556,5.130929349881234,4.868211510312132,4.842325007590612,4.852268066925668,5.006761765963758,3.6512441853932724,3.6120944199498277,3.641401787586233,4.838776856438982
2023-12-22,5.156769134092361,5.012372663951564,5.125235108142809,4.873803153136652,4.847889565359963,4.8577985313184255,5.012372663951567,3.6505225895130478,3.6113665100870422,3.640729708283106,4.842809869790306
2023-12-25,5.220827754894658,5.072869496978328,5.1903152649547115,4.9306201638788325,4.904482128681116,4.914439488188502,5.07286949697833,3.6811733523392536,3.6419660978743935,3.6700897733304507,4.89911428956432
2023-12-26,5.233518573557673,5.084988116258466,5.204716932414857,4.94351551025476,4.917291599079948,4.927305352329616,5.084988116258469,3.697216529380803,3.657657933967129,3.6869203174228318,4.911279489967874
2023-12-27,5.239661447053918,5.0909046018402675,5.209580273966267,4.9481855518584155,4.921966838208627,4.931966196023034,5.09090460184027,3.7011116010548646,3.6616449737591608,3.6908715899000355,4.916863766087441
2023-12-28,5.285455585535968,5.134767581775737,5.243980414184175,4.997012543755874,4.970291589737241,4.98065771559913,5.13476758177574,3.744803785341363,3.703638474584567,3.7342968488052346,4.958038836953786
2023-12-29,5.304068882607824,5.150400030889575,5.253384133418918,5.010698023406758,4.98389751761825,4.994187109293805,5.150400030889577,3.7601910597680184,3.7180224046186177,3.749702938246985,4.970303785592188
2024-01-02,5.306804505903494,5.16125585485745,5.270248437799771,5.021821272647672,4.994952310244323,5.005301035151428,5.161255854857453,3.7799939059050676,3.7378387390291303,3.7684954035794203,4.990019874231889
2024-01-03,5.363039900608851,5.213904828058521,5.322469901591522,5.063094901774185,5.0363202971664345,5.04637258110392,5.213904828058523,3.784353710399563,3.7439093032684774,3.771025455557944,5.040233483729039
2024-01-04,5.413096576980183,5.270730290212829,5.373741557686403,5.114978264389463,5.087977429434961,5.097938259062335,5.270730290212832,3.8334852526202376,3.7927164028257474,3.816166798509558,5.102516009635
2024-01-05,5.440796419614205,5.296666293348638,5.394287167953004,5.137072699838316,5.110009361219492,5.119842662717991,5.296666293348641,3.8424834234779754,3.801769655107037,3.823413151478415,5.127220204986573
2024-01-08,5.452574188510161,5.311621154340142,5.4018713339189,5.147466393833184,5.120480354920138,5.130172170244647,5.311621154340145,3.8426547842919048,3.8026432324295554,3.8212905343178036,5.143462660935713
2024-01-09,5.431926412380227,5.296431856188066,5.386181764173603,5.134817804818132,5.1078223261996305,5.117462832735172,5.296431856188069,3.8579581825387987,3.817761987186421,3.834457378653001,5.133666592933236
2024-01-10,5.454499238382089,5.3251141351132745,5.420690453216505,5.1588541118230795,5.131824396790915,5.1413392529244195,5.325114135113277,3.8902157708004035,3.8500480238835277,3.8630469235350318,5.167471561996606
2024-01-11,5.468949432062147,5.341662488913473,5.433542282405083,5.174449680671807,5.147328089388668,5.15695083283774,5.341662488913475,3.917285902668084,3.875697989214098,3.89024211403575,5.185758097757831
2024-01-12,5.45170482574455,5.331861155981145,5.414207893702367,5.1611138604264815,5.13415259939254,5.1436165175308135,5.331861155981148,3.9051179074817375,3.863300332304871,3.8783995489088237,5.182149838287807
2024-01-15,5.44172862047021,5.320743377037697,5.407443727756165,5.153047144334995,5.126079928546106,5.13557404240156,5.3207433770377,3.9055271726723118,3.8634281794689733,3.877964724905588,5.170213287608769
2024-01-16,5.478638040563189,5.350447640964583,5.4376879286007735,5.178792101057717,5.1518065431342706,5.161200897142588,5.350447640964585,3.9018906600570005,3.8606980401450506,3.8741807390034877,5.194216282166403
2024-01-17,5.469909600750333,5.341139493420532,5.428632610003376,5.172604397826998,5.145570345880898,5.155077204518029,5.341139493420535,3.904374726848819,3.8633333837830217,3.877143449269086,5.18521282829864
2024-01-18,5.503040554123771,5.371729134528724,5.460799623811383,5.203307019006081,5.176108012364075,5.1856841651785714,5.371729134528727,3.914833468593676,3.874904029258471,3.8881870008689234,5.213395381060342
2024-01-19,5.56601817160531,5.436217879345919,5.527573355010374,5.264550487164505,5.237087164870037,5.246703884409101,5.4362178793459215,3.9636189650869187,3.9262382701183745,3.937612001342412,5.278533324767264
2024-01-22,5.572465373521288,5.443660628464986,5.533601485334832,5.271731210776651,5.244218023487038,5.253829845356592,5.443660628464989,3.9741409330749073,3.9349430283176767,3.94728683729862,5.286673855131127
2024-01-23,5.54649668396928,5.4171447659649195,5.505549048402512,5.245765338783463,5.218391902762412,5.227962640690094,5.417144765964922,3.9464702202379254,3.9077376811114988,3.920942547044236,5.25905291795816
2024-01-24,5.53020751966515,5.400447018517074,5.4891042664603855,5.230260787599868,5.2029436976487755,5.212505098477702,5.4004470185170765,3.9397140243721576,3.899508758700039,3.9136561489954325,5.241669722042533
2024-01-25,5.515604462554712,5.385547082902872,5.472127994661,5.216237019883821,5.188972336591809,5.1985396944830535,5.385547082902875,3.928706537198742,3.888962982532648,3.9031168426444918,5.227254104626334
2024-01-26,5.534049615965167,5.407510522702285,5.495063891792665,5.236027214335428,5.208694373725959,5.2182291373295175,5.407510522702288,3.9514510061899655,3.911109277917127,3.9250135382221374,5.2519284286249786
2024-01-29,5.5385861502666796,5.41112224224769,5.5009584564552165,5.237599421875128,5.2103100502847735,5.219761544999312,5.411122242247693,3.952058523133232,3.911628595314328,3.925881445796784,5.254974209653838
2024-01-30,5.561871965760394,5.429838916018179,5.524753636230522,5.25869218728246,5.231224254501297,5.24075192654767,5.4298389160181815,3.975012753695149,3.9314658002322562,3.9500322029075314,5.269375197037053
2024-01-31,5.484861571690484,5.356528736059422,5.454988399861474,5.1902016232471455,5.163017122489329,5.172446191680364,5.356528736059425,3.9366604202996545,3.8911120354553117,3.9114001060359183,5.199934894748545
2024-02-01,5.528498112299027,5.396301764621081,5.494810188410327,5.227044137464479,5.199730460678833,5.20913918644192,5.396301764621084,3.9641932980506795,3.919530081422995,3.9401116341479474,5.23801507488839
2024-02-02,5.520529106168262,5.385643163621572,5.484106445527314,5.217106099509205,5.1898291858767465,5.199198479876946,5.385643163621575,3.9731473823838774,3.923424174418804,3.945363613046146,5.22646109327736
2024-02-05,5.607262359211922,5.480854310676297,5.568186751413689,5.300695093899866,5.273193143515639,5.2823938489237285,5.4808543106763,4.018785208137376,3.971441360657819,3.991130876419977,5.327771836851053
2024-02-06,5.614641222325002,5.489744063745044,5.5775234381836425,5.307757814243655,5.2802597168905905,5.2893913774201105,5.4897440637450465,4.029254932183943,3.9807564427236337,4.001149178638755,5.337688567922855
2024-02-07,5.66794962187089,5.544043111888367,5.628529491462598,5.359162023098774,5.331431810477034,5.3405466807917055,5.54404311188837,4.070713035576661,4.020766891366551,4.042203293027758,5.391601667098054
2024-02-15,5.687064698918587,5.563585763684624,5.6490539430049775,5.375097937944513,5.347455061950759,5.356238407577968,5.563585763684626,4.072185807749399,4.023373231053014,4.042958879917156,5.409723299366936
2024-02-16,5.728844324917834,5.604592450463995,5.688758986749013,5.414378552034848,5.386643983051949,5.395474654302046,5.604592450463998,4.112591900596753,4.059843379077604,4.083556868940654,5.452460513111101
2024-02-19,5.807684493940487,5.679266270118221,5.767249621846852,5.483248769960221,5.4554086783632245,5.4639845547819625,5.679266270118224,4.142548589826318,4.088434967276142,4.112057150428646,5.523416505706793
2024-02-20,5.829623867827758,5.694610690849185,5.783731654270452,5.497617038150852,5.469804399741928,5.478250888160838,5.694610690849188,4.130444517213419,4.077237114200056,4.099921358862336,5.532671582821033
2024-02-21,5.833482104875014,5.696493838931231,5.780841253525698,5.501569456597661,5.473480039164098,5.4823791212299025,5.696493838931234,4.134283037566448,4.081138453658319,4.105236626871724,5.531979702373589
2024-02-22,5.825747659671258,5.690294228359464,5.776157467700226,5.492254167280327,5.464380557167179,5.473053021453083,5.690294228359467,4.115674865055169,4.063891120776544,4.085735095203733,5.526997310121911
2024-02-23,5.739995526002242,5.609227911025687,5.689570706160974,5.415551112438031,5.388006140543873,5.396554433182989,5.609227911025689,4.084244640532435,4.030894137115136,4.052759450309236,5.45123986074013
2024-02-26,5.782155402684792,5.645198558547132,5.727254380886614,5.450918313865343,5.42324461594849,5.431843721229899,5.6451985585471345,4.107892823635694,4.053891679368579,4.075869716903742,5.481656997312171
2024-02-27,5.833809563892192,5.6952029373982525,5.78349681079744,5.495157959660659,5.467489640639341,5.475794633922486,5.695202937398255,4.129630719005458,4.074626119681189,4.0982704210877685,5.529609886592438
2024-02-28,5.910898329569657,5.76842737670677,5.851408778337908,5.563760595912609,5.535929461357844,5.544086553502491,5.768427376706772,4.161664755346393,4.110053776155939,4.132208927159871,5.597036558161759
2024-02-29,5.897412760179751,5.7537095701580405,5.838434684342805,5.550117172178654,5.522343187927436,5.530568624380785,5.753709570158043,4.157790143168569,4.104339309739524,4.1296577836382635,5.582073705926853
2024-03-01,5.912051388665096,5.764428890564044,5.848185038785146,5.562081307956229,5.53416489210782,5.5425225754504845,5.764428890564047,4.160101662910597,4.107329066691579,4.131734812513122,5.589602603936301
2024-03-04,5.930044553303005,5.779369232036974,5.866141182367064,5.5795873044667665,5.551354568072404,5.560135079942676,5.779369232036976,4.179104688203678,4.123426211019373,4.15072836966372,5.602757977941993
2024-03-05,5.981976084946378,5.824739751745032,5.919567538135601,5.621289073852236,5.593010987833286,5.601598541975536,5.824739751745034,4.204049782737599,4.146058406202943,4.17434957308676,5.643137655872829
2024-03-06,5.958398435261777,5.802945961510272,5.898016620287211,5.602624458087354,5.574284423089726,5.583053407523571,5.802945961510274,4.186319938257749,4.129211446657104,4.156603285778164,5.6223871230102755
2024-03-07,5.992314787131044,5.834150301192196,5.930312328831625,5.6379682187057805,5.609088232071283,5.618608662132302,5.8341503011921985,4.222446530816741,4.163870773648879,4.194509537915221,5.652345893559772
2024-03-08,5.878712953404987,5.726178153877372,5.816671579607579,5.540058949914115,5.511239510969558,5.521244645550502,5.726178153877375,4.161707349676703,4.104266925301854,4.136183048917811,5.550893910059681
2024-03-11,5.798539911768203,5.649089546955842,5.736588999961792,5.466187721895519,5.437801070385566,5.4475440847181344,5.649089546955845,4.116594236138074,4.060029668456536,4.091592905655327,5.477915897378862
2024-03-12,5.843557263836201,5.685311215063958,5.7739908680007055,5.503531060911064,5.474847731001199,5.484833337240192,5.685311215063961,4.132670963215168,4.075728763149779,4.106757507140421,5.506846859890215
2024-03-13,5.964079266687606,5.798149001653238,5.891869090615481,5.608718489640543,5.57970649848117,5.589737139091399,5.798149001653241,4.191567172972209,4.1335030759495295,4.166487723666971,5.611617959456552
2024-03-14,5.918420036512674,5.757059676902314,5.844717574656648,5.570727516597727,5.541714939490893,5.55183819680187,5.757059676902316,4.160495480972535,4.107172695716249,4.1378069068716625,5.576192631768599
2024-03-15,5.921811625794107,5.758355783369478,5.848996936983791,5.573021602373194,5.543766467653098,5.554197561585548,5.75835578336948,4.150673763500383,4.099575015214996,4.128226190319287,5.577881430545084
2024-03-18,5.817862797023118,5.655720392664897,5.742217546381339,5.476905067047497,5.447758666829299,5.458471298199686,5.655720392664899,4.082505220799399,4.030812330194141,4.059563108551203,5.479938000501746
2024-03-19,5.8144756639980795,5.653573975557126,5.740162613769844,5.4723031047125,5.443399874531513,5.4538285596061,5.653573975557129,4.073149312994211,4.020931868236587,4.050216998841752,5.47710447917575
2024-03-20,5.916375782772718,5.750343688254906,5.850394187398649,5.552125520454921,5.52391355530883,5.53365564747845,5.750343688254909,4.1050904755323865,4.056617877364381,4.08297790952175,5.564749744965402
2024-03-21,6.002094817274345,5.830933001792668,5.931993318702474,5.627420058869485,5.599165554069284,5.6088589352425355,5.830933001792671,4.157563607148027,4.105278975900656,4.135079106740696,5.639113360835495
2024-03-22,6.010791767180695,5.833662665578555,5.93590887631074,5.626453922603764,5.59859803725409,5.607803791167411,5.833662665578558,4.1457205595738715,4.093130218902868,4.121388220357807,5.635408300967779
2024-03-25,5.94017759500822,5.770961574254649,5.872181863331762,5.563309285756184,5.535991741526088,5.544846411716654,5.770961574254652,4.103167383534175,4.0523088557606695,4.080594075067494,5.577901843218513
2024-03-26,6.010471640567318,5.83711868289159,5.9417627548810525,5.626209151248075,5.598608073408461,5.607572864869256,5.837118682891592,4.14103603686743,4.089719669579372,4.11826174069738,5.640464633620939
2024-03-27,6.017862787687492,5.845383513630913,5.9493603926771685,5.634489106915019,5.606849343617836,5.615906488121605,5.845383513630916,4.147880960149846,4.096705377327462,4.125434836483735,5.649914535051983
2024-03-28,6.053849790637859,5.879264728385145,5.983807772968722,5.662581088770935,5.6352514746809055,5.644130789078434,5.879264728385148,4.153340971558717,4.104282297917885,4.131686882915309,5.679803479299038
2024-03-29,6.032744184975066,5.859525105004365,5.96993964400134,5.641765146540614,5.614623848607748,5.623467379650216,5.8595251050043675,4.136950196981801,4.08849683041765,4.115702376585287,5.661536534954289
2024-04-01,6.0093784072741485,5.838412255267195,5.94544460708557,5.623312144924762,5.5960961270960725,5.605046348755022,5.8384122552671975,4.123083595224634,4.077122142919473,4.10241675550612,5.642696634901377
2024-04-02,6.027021307480636,5.850225879872578,5.954427926422364,5.636691225439938,5.609323894329773,5.618152794093398,5.850225879872581,4.125622930964357,4.081451773589651,4.105225403203621,5.651710029326452
2024-04-03,5.948631408506248,5.778849957713671,5.8797010192774914,5.571843018959407,5.544389227246555,5.553532532806377,5.778849957713674,4.087388589162747,4.043899168194633,4.067914684605769,5.587816032035794
2024-04-04,5.9165875301470985,5.751823437751239,5.850223143525048,5.549713182093094,5.522050606845061,5.531372047546307,5.751823437751241,4.100179168412954,4.0511799893008975,4.078047478477753,5.5660320229627205
2024-04-05,5.860434864309186,5.7041361712154615,5.800393794779183,5.505227479383878,5.477554040693819,5.487148860540809,5.704136171215464,4.078413865735431,4.029889432798839,4.057472191334747,5.525452257679083
2024-04-08,5.843734973399768,5.687419698013967,5.785819442878803,5.4903451544196225,5.462704759034163,5.47222907205037,5.6874196980139695,4.068800764491059,4.019539217990446,4.04750782089039,5.5072970224177515
2024-04-09,5.916439249701928,5.750011633510179,5.85626917497235,5.545513310979976,5.5180824181222645,5.5273024695247575,5.750011633510182,4.092600380410307,4.046020577970766,4.070890471533544,5.560873152918698
2024-04-10,5.895156332091355,5.732208801609355,5.83963981750046,5.53207355362276,5.504424379423257,5.513952672423494,5.7322088016093575,4.090183018788012,4.044006012904022,4.070022511350724,5.546073333415215
2024-04-11,5.881214624410527,5.718374856483001,5.813408931309635,5.518288530201999,5.490718964067922,5.500158876901133,5.7183748564830035,4.079333712894398,4.032950033562901,4.05914248056233,5.532031813798978
2024-04-12,5.990663218604697,5.832132208302542,5.950850507404642,5.624957088702361,5.596971661898319,5.606659811816576,5.832132208302545,4.16513515720319,4.118678075175398,4.145509766566555,5.657035090778064
2024-04-15,5.7218340495719,5.601495894948464,5.735460778375544,5.411302111479468,5.383890131746309,5.393853311921977,5.601495894948466,4.056614084786674,4.009014509670347,4.037184849572467,5.4722214395891795
2024-04-16,5.73777430242713,5.607986863646053,5.739269950611563,5.411304270617576,5.38419877831696,5.393862551036408,5.6079868636460555,4.034291033276629,3.98765234070139,4.0155419167882584,5.467944494450965
2024-04-17,5.63369395130695,5.515189324110183,5.656680786364113,5.324687621868647,5.29795840057393,5.307654359865763,5.515189324110185,3.9752036276188396,3.9318832012845397,3.956956951559541,5.389343799985829
2024-04-19,5.55015555483006,5.4447713187675095,5.587747776160098,5.252430387703243,5.2264344720444615,5.2358549565643075,5.444771318767512,3.9161523765324935,3.8827206831691816,3.904069245684902,5.33425893793454
2024-04-22,5.6274028076667015,5.508941271215183,5.639442190710558,5.309638878363794,5.283654673140538,5.2928379444705795,5.5089412712151855,3.9364765085894007,3.9040464580282213,3.925810545156765,5.383147224481186
2024-04-23,5.570308445032717,5.459192299165452,5.589710655688524,5.258431320653069,5.232886330259781,5.241903223517766,5.459192299165455,3.900881167924473,3.8712607293339545,3.892639030008031,5.340100726863478
2024-04-24,5.704574360031309,5.5710736552737465,5.6913594167442705,5.360394129448175,5.334629152172665,5.343318282160073,5.571073655273749,3.953591771970011,3.9209392001870444,3.938841935026205,5.427699096410663
2024-04-25,5.702780582933216,5.568130125663469,5.691327715519783,5.360503720236538,5.334602280181554,5.343309927781115,5.568130125663472,3.9673296605699475,3.9303889528827707,3.9499515739401767,5.422745610777045
2024-04-26,5.7340519888829835,5.595441532493578,5.726739125227385,5.392451883691652,5.365951907398339,5.375038327430049,5.595441532493581,4.000453638584019,3.958375399743023,3.983414757771587,5.445224670007783
2024-05-02,5.761453414009174,5.620170228218487,5.745926978734738,5.418679354937775,5.392000005981381,5.401028982419214,5.620170228218489,4.029583902060667,3.983031793718475,4.009387539880993,5.464311044403434
2024-05-03,5.783148124783132,5.642435523934447,5.779701861250653,5.439444671427555,5.412741345566764,5.421786561298856,5.6424355239344495,4.051985275311513,4.005479582280008,4.032497190998067,5.487648395521838
2024-05-06,5.883894003208859,5.7419242465112275,5.89624719484812,5.531957865528894,5.50498564910742,5.513877527445566,5.74192424651123,4.1358025804827525,4.0881989908322325,4.114049178647031,5.592248260903359
2024-05-07,5.9300160466101515,5.801572460016291,5.966392140494555,5.588188504338294,5.561096102034764,5.56992264564901,5.801572460016294,4.207244101299673,4.160493014875931,4.185441240276443,5.665467114948988
2024-05-08,5.937109048363278,5.805088718618876,5.96133691542715,5.590712689216967,5.563637345464783,5.5724335971678824,5.805088718618879,4.205432596927029,4.157016838043081,4.1811811587280365,5.6612336749597825
2024-05-09,5.928282365151208,5.795645479738774,5.954342484582898,5.58162204679122,5.554530315842008,5.563329372235417,5.795645479738777,4.195495065491404,4.144074063204137,4.165874718259151,5.653729478213396
2024-05-10,5.90109069505714,5.766998905199163,5.917981429668822,5.551285625590871,5.524469286058202,5.5330588366148685,5.766998905199165,4.169922464888128,4.118694387016073,4.140316506117091,5.621658194949043
2024-05-13,5.873614617482696,5.745800320202645,5.907581562857857,5.530865169610416,5.504105664690423,5.512735191205976,5.745800320202647,4.159126472984135,4.108584524621691,4.130072483837951,5.611207695851629
2024-05-14,5.895598544294495,5.757992228170364,5.91378054963316,5.544608750499394,5.517606452516556,5.526247955125574,5.757992228170366,4.168778344281362,4.113209299243005,4.135623117688062,5.611470507412078
2024-05-15,5.9449756515206795,5.8012836506469645,5.958869877934425,5.585902242006032,5.55874380825682,5.567366382370348,5.801283650646966,4.182742633881448,4.128092754683495,4.148607967771205,5.64747982798763
2024-05-16,6.023896668834507,5.878251716601986,6.052871436246643,5.659014591361699,5.631517160194679,5.640039559411896,5.878251716601988,4.227034301406747,4.172641097332828,4.19002459550894,5.722394962796842
2024-05-17,6.055745867090069,5.898418867533222,6.086201221129922,5.6803176513358045,5.6526605548817095,5.661228720965198,5.898418867533223,4.2318460747384545,4.176827648361471,4.193016383223252,5.732236974562097
2024-05-20,6.082502282323754,5.919399181852154,6.101196469085649,5.6941418344187,5.666635731898228,5.675018717649288,5.919399181852156,4.204001061009251,4.152611048592191,4.16558044799573,5.747356671967859
2024-05-21,6.0797779785337225,5.914204800219053,6.092020996639329,5.686859541720789,5.659468716414094,5.6678667440512,5.914204800219054,4.188316321392978,4.138946089948484,4.150085799987219,5.7399250263169685
2024-05-22,6.022600516430663,5.86142067924385,6.04711094434792,5.637392633999905,5.6102336737871985,5.618672538398476,5.861420679243852,4.152649671654389,4.104616298350593,4.113854143401215,5.693152894559322
2024-05-23,6.117161212791173,5.956903385037298,6.132475511543454,5.7258223443953575,5.698370708275639,5.706917541507525,5.956903385037299,4.20939946713153,4.163214115569379,4.171282380925259,5.784018428326637
2024-05-24,6.03122270508494,5.879329649174719,6.058179025029096,5.650519353051255,5.623458226622078,5.631866513865554,5.8793296491747205,4.148323389651949,4.107329464434669,4.111311551822439,5.717130518500777
2024-05-27,6.0516060886141005,5.896587773867464,6.071894627449366,5.665358267413806,5.638282735387319,5.6466811266241095,5.8965877738674655,4.1550532710164445,4.114174616973396,4.11843310206645,5.7290310494629795
2024-05-28,6.126837932800429,5.96338223477706,6.161786186261561,5.731447704777306,5.703996032050004,5.712592820846118,5.963382234777062,4.203502403246764,4.16101949229806,4.16486944289082,5.7856445580065525
2024-05-29,6.061579971707891,5.902547307908019,6.108950701818711,5.675563927006454,5.648299607647513,5.656892954479285,5.902547307908021,4.170536205299931,4.127441653390595,4.1303733448796915,5.731303137028498
2024-05-30,6.030004188787755,5.864673090203723,6.08626051098285,5.63549102737941,5.608558211137537,5.617058349182618,5.864673090203725,4.125521185233426,4.083518848306567,4.086025015875269,5.690724319160786
2024-05-31,6.011688270049393,5.846827308690016,6.068319095880151,5.6176883138071725,5.590847115607508,5.599231696465476,5.846827308690018,4.100081989707834,4.059917427382371,4.061014742139278,5.673698384645392
2024-06-03,6.111714947008403,5.939888474527035,6.160620085999459,5.703986206281453,5.67683417899606,5.685217881160138,5.939888474527037,4.150301343417044,4.111629113260944,4.110841101051025,5.7561167807505305
2024-06-04,6.125142844513212,5.954219757257281,6.180168881037273,5.719166186363601,5.6918898460324865,5.700498738986148,5.954219757257283,4.1663735150062875,4.126509764199027,4.126990028492398,5.7699185236155195
2024-06-05,6.145582270420591,5.981482158406254,6.1999468984296096,5.751723734624416,5.724094468866304,5.733289368500341,5.981482158406256,4.238567960950333,4.194225330154736,4.199425953244556,5.803626898093059
2024-06-06,6.160504726139576,5.9932197319749365,6.220934386824338,5.761645403864096,5.734015896112472,5.743084502778747,5.993219731974938,4.239811401556617,4.194591783892786,4.199286566824676,5.811180154682655
2024-06-07,6.17238755560244,6.005167464483047,6.243290984803839,5.773806908718978,5.7460833226106685,5.755421167119255,6.005167464483049,4.261887258064156,4.216543680962377,4.222408410234359,5.821965634938364
2024-06-10,6.187848759449076,6.014298803614397,6.2581005160532035,5.780562034056191,5.752867318635331,5.762148042101575,6.014298803614399,4.246165646956273,4.202367924158801,4.20646251748222,5.8259508295227285
2024-06-11,6.156839003697208,5.985803237588049,6.225460884881364,5.749337165011474,5.721923853784721,5.731103978746833,5.985803237588051,4.205466325908141,4.163884391787812,4.166240549143972,5.7984598948866655
2024-06-12,6.237409302654014,6.06077643746015,6.305600030460711,5.816063956248195,5.788545500035202,5.797770145657662,6.060776437460151,4.238916287936423,4.1976530125891225,4.199412753566914,5.863765699931415
2024-06-13,6.247538956551518,6.070163052978708,6.3292298625148735,5.821781214367454,5.7943349891730636,5.803509131702736,6.070163052978709,4.243971357544199,4.201507416663494,4.203070328059641,5.873359344280874
2024-06-14,6.144219923891483,5.984518365032741,6.228080459184915,5.740186351945541,5.713151085868796,5.722356151484584,5.984518365032742,4.212205573192927,4.16878741639786,4.1728508612170865,5.814537795841464
2024-06-17,6.108963374976592,5.960583364750235,6.197990148684625,5.717048592582083,5.690127754931956,5.699331991425932,5.960583364750236,4.213948740128081,4.169887908829341,4.175291716821201,5.8093533843734075
2024-06-18,6.126142848143028,5.978569235088763,6.208718340956966,5.735774627154234,5.708721469304691,5.717905702612386,5.978569235088764,4.226205546378229,4.183180920464098,4.1876174801484884,5.832180368685668
2024-06-19,6.122921300368197,5.978286457004088,6.209086658413046,5.732350747369298,5.705458298158483,5.714569269880763,5.978286457004089,4.218090893010883,4.177054842327545,4.1789921931760565,5.83687233447848
2024-06-20,6.138609443260475,5.996937323892114,6.223758536653272,5.749729036929748,5.722803005181835,5.731964941421227,5.996937323892115,4.234147192896958,4.192554864537139,4.1950958677042145,5.862571974462705
2024-06-21,6.142821489114055,6.00266261473035,6.221912579511099,5.761732466303488,5.734472204109337,5.743811338979229,6.002662614730351,4.246288040500635,4.205472258170722,4.207171705605872,5.879551226124317
2024-06-24,6.005310301397182,5.866709217305598,6.083685459530393,5.633214101842963,5.606469860600654,5.6157028525679245,5.866709217305599,4.165164006108601,4.123370385345518,4.127568196928817,5.735387183900653
2024-06-25,6.016166269463578,5.850558697452888,6.079696983227859,5.618182336682558,5.591444799004655,5.600772697144174,5.850558697452889,4.117841756890504,4.077285766561961,4.081197106837796,5.673808650887363
2024-06-26,6.043175754255435,5.86565949060041,6.092017078307585,5.634008932062437,5.607138669096647,5.616503061281387,5.865659490600411,4.110330884186813,4.071436703203143,4.073425665471326,5.6799916575391025
2024-06-27,6.030218432617075,5.849665038288853,6.078507166744224,5.617001610306137,5.590291312299012,5.59960660775244,5.849665038288854,4.0925643736303146,4.053517586439374,4.055910670301078,5.65616101968603
2024-06-28,5.980826651898399,5.812243773195792,6.045115477069967,5.584078537651634,5.557423194154007,5.566780544551547,5.812243773195793,4.097026334904596,4.056878862326877,4.060189141770771,5.630584474589236
2024-07-01,6.0337631614204925,5.860573398983968,6.099074303644558,5.630956786789182,5.604080910914931,5.613522505486649,5.860573398983969,4.125307550961312,4.0860671266984285,4.086948810717296,5.672521926515023
2024-07-02,6.107486002785478,5.928041063788509,6.175266778074194,5.695371464529438,5.668176150322686,5.6777119145447115,5.928041063788511,4.167034744125179,4.127697867955703,4.128470975880721,5.732116216343177
2024-07-03,6.136133803054963,5.953710930593227,6.203953897925807,5.7183375470728,5.691100497589558,5.700591083131383,5.953710930593229,4.173421027544661,4.134064168023727,4.134973716807333,5.753964418331304
2024-07-04,6.159359113009565,5.970480941612627,6.2178878337186605,5.738395637630835,5.710892010360135,5.7205620840911715,5.97048094161263,4.172037211012911,4.1348158515661275,4.135147871793807,5.763135240516332
2024-07-05,6.173744456640042,5.983341158651826,6.235753176497391,5.750685148999906,5.723111928317975,5.732906458800795,5.983341158651829,4.18640797905448,4.148254880648535,4.149296128048532,5.774239790935705
2024-07-08,6.17732520208287,5.980206358972537,6.231272285644306,5.747134205832261,5.719635814134155,5.729437130868674,5.98020635897254,4.170767071914927,4.135040872284182,4.134425894562269,5.765499358661159
2024-07-09,6.228333546964981,6.024754011942854,6.279702636685406,5.787482977654301,5.759886593457473,5.769662926738561,6.024754011942857,4.19057245057363,4.15473957751084,4.15382637493115,5.803369871839499
2024-07-10,6.179413964763818,5.984858188374505,6.238633799034639,5.748089994363513,5.720697172288157,5.730468071260793,5.984858188374508,4.1826726142156065,4.146462226997724,4.146431536033465,5.771291540069194
2024-07-11,6.168166457737787,5.973423015016603,6.228154587012067,5.737895874843869,5.710489009759422,5.720321181135699,5.973423015016606,4.173373027900489,4.13668865442231,4.137150023407638,5.759397720904826
2024-07-12,6.159528784509827,5.9622464963554815,6.217537883973008,5.728386887574701,5.701010845461823,5.710795650988116,5.962246496355484,4.161686364722833,4.125017174007457,4.12532227617539,5.74671331876934
2024-07-15,6.168088345761919,5.9646308036939555,6.215446920598981,5.733845438511656,5.706305881147344,5.716180275559421,5.964630803693958,4.153905265181459,4.118156914996232,4.117385900176598,5.744202538449655
2024-07-16,6.189224042970636,5.983665918046277,6.228477461610524,5.748616952644082,5.721161655062817,5.730864365349601,5.983665918046279,4.154445077030893,4.118739549266034,4.118383983935516,5.760816792589071
2024-07-17,6.168343766608095,5.973133031849681,6.221752654651755,5.731819924438743,5.704695666838998,5.714061408099972,5.973133031849684,4.140938879808831,4.105859678099683,4.106069690545302,5.7563988954167735
2024-07-18,6.210168979786363,6.009789885160475,6.257294142519639,5.76969657254949,5.742226290825842,5.751748152403324,6.009789885160478,4.1696450967878,4.134643539179701,4.134278032949292,5.788049906169695
2024-07-19,6.189791304758068,5.995056548354056,6.23968215185051,5.7548227087573265,5.727371890338101,5.737016447296186,5.995056548354059,4.168917747014616,4.133248426363602,4.134229092862725,5.777413685984228
2024-07-22,6.168963886257505,5.97886229521931,6.222682128608109,5.739287905755167,5.71188457184938,5.721568994365873,5.9788622952193125,4.166390196102111,4.129641762234936,4.131436352794856,5.7643436952418625
2024-07-23,6.0620488367930685,5.8871665924210745,6.138548790340847,5.661952021442687,5.6343846321184055,5.644759448598277,5.887166592421077,4.156454824834283,4.117703728062809,4.1215643273439895,5.688691951513455
2024-07-24,6.080191521781807,5.9010349809081735,6.148593294462865,5.6798654355784715,5.651971390078852,5.66270296365151,5.901034980908176,4.178770418335554,4.139014052920756,4.144148064237161,5.700072738802732
2024-07-25,6.051428540843022,5.873792418577422,6.115151890322293,5.654028283802282,5.626300373888987,5.636918938643898,5.873792418577425,4.168837888204307,4.128943786611753,4.134265380867878,5.6755596562866
2024-07-26,6.091481301483851,5.908200709661027,6.144075406907939,5.684546682207452,5.656829697723765,5.667329048602671,5.908200709661029,4.1773001130352485,4.13767483819262,4.1425736646761075,5.703708731317554
2024-07-29,6.107693462479812,5.921165942789421,6.1529233403494095,5.697597158976804,5.669801662092894,5.680377973746005,5.921165942789424,4.183911365782886,4.145170558574722,4.148973546781563,5.713598821111872
2024-07-30,6.100784959525042,5.917079758710498,6.132254062947625,5.693137578738979,5.665432709836069,5.675910161931081,5.917079758710501,4.183908257825935,4.1462268232485,4.148568713879805,5.711482574160257
2024-07-31,6.144560319495186,5.973175834908937,6.201860464284656,5.742901377417496,5.715286320470684,5.725594181006725,5.97317583490894,4.252807956136178,4.216439045118542,4.217308990620448,5.779247994482544
2024-08-01,6.016053288977923,5.863224938524298,6.091011783157158,5.644328369893055,5.616778796363959,5.627554534601967,5.863224938524301,4.230315922782232,4.192539969064151,4.194998571619006,5.689455736276144
2024-08-02,6.069653366259245,5.907979715375389,6.148443764400743,5.690647341905594,5.662639899692538,5.673826493260843,5.907979715375392,4.246303663791077,4.208091855857387,4.210569719826411,5.72188204015817
2024-08-05,5.82442676468819,5.678573157837839,5.906678607664476,5.469559766069443,5.442654125781243,5.453515571564475,5.678573157837841,4.111534757287759,4.074948451751874,4.077171271704754,5.5098967504783305
2024-08-06,5.9424049384117685,5.785931432226484,6.022878010515009,5.571879300435453,5.54454929733478,5.555525316812812,5.785931432226485,4.179784133697111,4.143016650256366,4.14468856454135,5.6073316686588806
2024-08-07,5.971920596410034,5.816454489873856,6.057373828936522,5.606093682814089,5.578524760661955,5.589246287038389,5.816454489873858,4.246642880008034,4.209894960333015,4.213353332172044,5.645713206397532
2024-08-08,5.941146024545405,5.790429831494877,6.0334785003653515,5.579822161890275,5.552432264530125,5.563045113376781,5.790429831494879,4.237467671362083,4.201164550199111,4.207534325501711,5.6249048915591935
2024-08-09,6.023387422457898,5.862668311302389,6.101149099833713,5.644012791061798,5.6165436161690225,5.627007390348353,5.862668311302391,4.250134257840687,4.213364053610447,4.217781295266829,5.684088059846876
2024-08-12,6.051161656535595,5.880972071281448,6.117205757609738,5.66091295603029,5.633381605402259,5.643780200403429,5.88097207128145,4.236379209669657,4.201989741808804,4.20410359303661,5.693081920221714
2024-08-13,6.043032176520968,5.8736350221230005,6.110136968140911,5.654098828039302,5.626659078270995,5.636796576957524,5.873635022123002,4.232436602421294,4.198342427759179,4.199635617396276,5.687913604710701
2024-08-14,6.069211118988852,5.8947061604678535,6.135228421676463,5.677844675494851,5.650141299364057,5.660520368945568,5.894706160467855,4.249108133009531,4.213692761848501,4.216015940647152,5.704816095886642
2024-08-15,6.043973583138481,5.875426965942406,6.116820439688046,5.660377440131132,5.6326929647132955,5.6430752833617515,5.875426965942408,4.252164980158549,4.215419543860255,4.219123977723206,5.691416445865749
2024-08-16,6.185616914142776,5.999638509704602,6.2418204668613795,5.777226145668517,5.7490934413881165,5.759285821883508,5.999638509704604,4.308928235841971,4.271733527493827,4.273974976507769,5.800206309192508
2024-08-19,6.227024972872477,6.040296354647143,6.287090226800365,5.8161183270534185,5.78784880693131,5.7980501330671945,6.040296354647145,4.327154560047598,4.2922109792992815,4.292083588295695,5.839840081019838
2024-08-20,6.255612942464377,6.074767351060236,6.323556225311723,5.8497821295769254,5.821375217626757,5.831626367616413,6.074767351060237,4.379620919547215,4.342819149530016,4.3440260678571345,5.880558712871585
2024-08-21,6.3029287912297685,6.124988219511092,6.373504130894233,5.895226849409416,5.86672056228913,5.876950869470836,6.124988219511094,4.420770967001246,4.383874689859101,4.385277137886888,5.9324117420027465
2024-08-22,6.315626487880994,6.134451251591931,6.38313135799964,5.913699016729414,5.884511656012586,5.895538847684627,6.1344512515919325,4.444413801171172,4.403142253093299,4.407739950062475,5.937442155459366
2024-08-23,6.334769029283166,6.150924026590536,6.399832766587936,5.927034629307566,5.897914995327102,5.9088497721101545,6.150924026590538,4.444783849986414,4.40368295987737,4.408122622731137,5.9512794207923605
2024-08-26,6.315318699215481,6.138303068712775,6.388544831206568,5.915836491741442,5.886736316506445,5.897597104527108,6.138303068712776,4.46411104092385,4.42175840983624,4.426705163702563,5.9457855394466925
2024-08-27,6.3226033545004565,6.15371233897424,6.4067333517039575,5.935417513384136,5.906134010812167,5.9168841154709595,6.153712338974242,4.5269329121647885,4.484823447493584,4.4881545509407825,5.971854244744298
2024-08-28,6.323094661959198,6.149455673348965,6.399185224186106,5.927513383804071,5.898459700576613,5.909002981626779,6.1494556733489665,4.4945083836485935,4.455415782779504,4.455765557798581,5.962577080956852
2024-08-29,6.3338682752525,6.160393427975229,6.409703297030032,5.9347718815855455,5.90585333524521,5.916137766135845,6.16039342797523,4.504922796964614,4.465157918888306,4.466401862682472,5.974095069741573
2024-08-30,6.345792311317004,6.171771376827834,6.420231848818574,5.946507450693647,5.91750927416761,5.9277802560786395,6.171771376827836,4.517224565346,4.477239317322388,4.47747336999368,5.984662447654924
2024-09-04,6.28663583777776,6.123077995066845,6.372712601769783,5.896382904188231,5.867904074937552,5.8775754424752975,6.123077995066847,4.496797189097554,4.4585924115848155,4.45833026406711,5.946929998707215
2024-09-05,6.253297138785939,6.1013393665062345,6.356104019505897,5.8775685386126595,5.849091735023476,5.858926029458345,6.101339366506236,4.523754677680729,4.482829014091492,4.485710449488155,5.937040373603464
2024-09-06,6.285208761588052,6.127194822340042,6.381662176699885,5.895759224209727,5.867888519559219,5.87722524287529,6.127194822340043,4.510228075185313,4.4740938018704,4.472975232271545,5.958017047356432
2024-09-09,6.244203535830889,6.08913442960936,6.343167270026818,5.856534826019096,5.8290240753276725,5.838186885133171,6.089134429609362,4.493306046514803,4.455400541675742,4.455374527829455,5.923868129047073
2024-09-10,6.183508699220914,6.033944178489121,6.2906791346296345,5.791424369585622,5.765171681950891,5.773462718037184,6.033944178489123,4.428954176401611,4.396608235660059,4.392783947646424,5.8740028588111555
2024-09-11,6.170402913627185,6.022975597769732,6.279599954213784,5.770032723260173,5.744715159235089,5.7523561445184574,6.022975597769734,4.394307948326796,4.366094133365431,4.358200600943763,5.86468519453727
2024-09-12,6.173788037157335,6.030506457203609,6.288263686788756,5.765969246332377,5.741582880175187,5.748559384338461,6.030506457203611,4.372786656706545,4.3505374561728285,4.337755772199603,5.877073223855823
2024-09-13,6.163317163907204,6.015553090657717,6.266242950203638,5.75591697098374,5.731234274371489,5.738479437143454,6.015553090657718,4.360874854506379,4.337876332279765,4.325737943940394,5.858661710742806
2024-09-16,6.106087426430187,5.95831198134771,6.205471187773689,5.695637218571568,5.67146877151705,5.6784907052783415,5.958311981347712,4.306768785280419,4.283559155441947,4.272029645838651,5.802107973183175
2024-09-17,6.201431467152055,6.049599873503811,6.299910962148861,5.790092485315947,5.765161192750675,5.772521169325475,6.049599873503813,4.367476166586994,4.3509991462797,4.33457107482975,5.888931059977759
2024-09-18,6.224332380299333,6.071970143976851,6.32545036897273,5.807830140770041,5.783001614007482,5.790221303839061,6.071970143976853,4.3759239381174755,4.35965205568719,4.343289308003567,5.909991717479206
2024-09-19,6.265902804386179,6.109586859366876,6.362572661271987,5.854780180541955,5.828849443654239,5.836827475388176,6.109586859366877,4.428609077770209,4.408159122998842,4.395499212841929,5.943676005228916
2024-09-20,6.2886649564583275,6.132854460661899,6.382248936833111,5.866347595379212,5.84104519447795,5.8486197658149575,6.132854460661901,4.415353712100332,4.400225654973347,4.383270156721282,5.967521185755238
2024-09-23,6.272893970492438,6.120858826504662,6.369181194179619,5.848091075558031,5.823363265382804,5.8305430746952664,6.120858826504664,4.3981041285182085,4.384979615602311,4.366035516236154,5.958489418156031
2024-09-24,6.329064334882416,6.1753356336889835,6.426262917091299,5.900462532583304,5.8753055483065495,5.8827325322412465,6.175335633688985,4.434662764349352,4.4200018656697155,4.402243052709483,6.010909685972122
2024-09-25,6.378026996684849,6.224785541153337,6.475452890344107,5.942005204814684,5.916897094383795,5.924218530080358,6.224785541153339,4.461268990789398,4.446748886955123,4.428100764003669,6.060239841839971
2024-09-26,6.42505362679076,6.267492748695881,6.513525038204574,5.980312697268978,5.955095266993415,5.962509966737373,6.267492748695883,4.473053141468228,4.458299066437074,4.440678790298014,6.097435545958453
2024-09-27,6.432486492460751,6.276976683029258,6.519073407803023,5.982424048221175,5.957506588302063,5.964761546234934,6.27697668302926,4.464814355703823,4.448011769388266,4.431934165898446,6.10744794873486
2024-09-30,6.41403182623219,6.260358768967428,6.502576967059617,5.9606161671544715,5.936074194901833,5.943175860390512,6.260358768967429,4.448915006996495,4.430887528167523,4.415224436067324,6.091839580112403
2024-10-01,6.4399238384392365,6.2862162410998135,6.531968447187807,5.99095705522887,5.9658757074180055,5.973390610378763,6.286216241099815,4.474581259666017,4.456743718631857,4.440720071435593,6.117620072512669
2024-10-02,6.4179178302691,6.264150998138597,6.509476863361271,5.9731540631763105,5.947952364203702,5.955564046820757,6.264150998138599,4.470627403340745,4.453696863899969,4.437733355673468,6.096328308470492
2024-10-03,6.382012810002063,6.233582026827554,6.474680296919893,5.936980635053832,5.912208124858066,5.919569904805445,6.2335820268275555,4.458689719177865,4.437432484336002,4.425288228193511,6.069994095352476
2024-10-04,6.335697460771661,6.192174628670939,6.428689601856458,5.897718159180463,5.873212989193993,5.880442242363906,6.192174628670941,4.446804825046076,4.422292283183215,4.413353231056052,6.032934564770459
2024-10-07,6.331581923792781,6.188597905186198,6.4186325171626795,5.888743515503299,5.864673840527705,5.871512252880237,6.1885979051861995,4.433475110111093,4.408109047389907,4.399071899968219,6.029243996446011
2024-10-08,6.349457295366385,6.203896444767077,6.432980522487371,5.903953945273837,5.8798765655292655,5.886616396737598,6.203896444767079,4.435825199775686,4.411268785906704,4.400088220551276,6.041369992486691
2024-10-09,6.397663748426306,6.249752029468287,6.4854030469144455,5.9492591729101765,5.924742148330105,5.931756123245077,6.249752029468289,4.477136721365014,4.451750838884759,4.4391591214255515,6.08513774666994
2024-10-10,6.424804248589003,6.278979336107655,6.509539151544763,5.974300275522246,5.949956419544444,5.95689315781305,6.278979336107657,4.487578074312982,4.468351792058337,4.452916400221165,6.115333786236573
2024-10-11,6.443106715967463,6.2954892295884575,6.526497416807234,5.994326144878721,5.969660981408458,5.976742793488501,6.295489229588459,4.517073340550112,4.498543966735667,4.483237630205161,6.131061748645058
2024-10-14,6.433161997340101,6.279704710049617,6.516711125153849,5.983261644216011,5.958384676523943,5.965787514589066,6.279704710049619,4.498174725978735,4.478364698075753,4.464944972136266,6.111254716864079
2024-10-15,6.407012542459803,6.260192764022596,6.489610390669525,5.959799628774615,5.9352847381035225,5.942498437229107,6.260192764022598,4.475358724954074,4.457664835760813,4.443750774255034,6.096610156396836
2024-10-16,6.39093957889971,6.247048224257947,6.46254694319183,5.942698072629347,5.918690676676668,5.9255262173904795,6.247048224257949,4.454393873384521,4.439304276630829,4.422910809846656,6.085497855094725
2024-10-17,6.42466167942557,6.279170883131021,6.498358857101531,5.970997412765877,5.946994156804075,5.953695295912012,6.279170883131023,4.460660421801474,4.447731811128938,4.428461605110221,6.115513799012401
2024-10-18,6.42994143988691,6.285294665851667,6.502963159636453,5.977549138170139,5.953438658057328,5.960242764363252,6.285294665851668,4.472448248836504,4.457138377522209,4.438702593062429,6.122176159313376
2024-10-21,6.398522064621038,6.252701193554938,6.464331892850836,5.956559142897775,5.931906340346507,5.93938769617187,6.25270119355494,4.463740744101643,4.447039044328751,4.431731713716271,6.08881179780693
2024-10-22,6.336881211395396,6.193892551719056,6.398552622501246,5.905727809665075,5.880877403987598,5.888672093153001,6.193892551719058,4.433315141403562,4.414480703486124,4.402106424933192,6.031790067933294
2024-10-23,6.346073513347157,6.2016335656962065,6.406186732054717,5.916663242562454,5.891345280766288,5.899538297995604,6.201633565696208,4.4483661589351335,4.428225244674896,4.416408703556961,6.037389398865797
2024-10-24,6.268173018202621,6.132479538361779,6.3279521544679005,5.849345527431361,5.824472856610161,5.832352861250902,6.132479538361781,4.420837397717199,4.400982595283216,4.386926116016178,5.976585322488402
2024-10-25,6.2435485809187155,6.1093087619645905,6.29862702945875,5.827845835492211,5.803107430738788,5.810897922393227,6.109308761964592,4.4097649124692015,4.389886331490509,4.37687866695668,5.954672767917307
2024-10-28,6.250871462503545,6.116590827651876,6.308956540852982,5.831107057161385,5.806543436434523,5.814158380824943,6.116590827651878,4.41070826036463,4.39063916253015,4.37646488743421,5.961929787125994
2024-10-29,6.282662116340751,6.147579736978423,6.341415895399627,5.855826421873796,5.831516902047104,5.838862295828151,6.147579736978424,4.4180711582001315,4.398351992273183,4.383670999126569,5.991736557864361
2024-10-30,6.268620116768312,6.136944186755864,6.328741741582821,5.839919687815067,5.816031411520228,5.82303952704215,6.136944186755866,4.402542949060445,4.383730767896517,4.368697620696538,5.98346479879972
2024-10-31,6.291169596522509,6.163167639936535,6.355649655494415,5.868100649576076,5.8437410256016635,5.851120635539404,6.163167639936537,4.443336906412904,4.423040581462893,4.410123609548851,6.013622284645586
2024-11-01,6.247548247445435,6.119203591313719,6.308689636334927,5.829899674646674,5.805433821601489,5.812949325128443,6.11920359131372,4.41817739081799,4.397132662843808,4.38567942443522,5.971650979123888
2024-11-04,6.1931980913616265,6.067729343270075,6.25784173303853,5.781769454943163,5.757416787037495,5.765089845522843,6.067729343270077,4.384512388664006,4.3624434312732685,4.351770391061073,5.923579483850281
2024-11-05,6.196965737196882,6.070261591563814,6.260915840614111,5.78365577868594,5.759340328091174,5.766907678329557,6.070261591563816,4.381842212206433,4.362802532295503,4.350159857676034,5.925501124488811
2024-11-06,6.2763594805419745,6.144934698289058,6.337759069006795,5.850417999096155,5.826144837985183,5.833509881428876,6.14493469828906,4.423261972407332,4.402520855801855,4.388385281319857,5.995441557682177
2024-11-07,6.2570762765134775,6.126134167149353,6.317864077179306,5.834274761874335,5.809950925943983,5.817399997429485,6.126134167149355,4.414747300173576,4.393754279688189,4.380199678149483,5.977104031269728
2024-11-08,6.214327072283967,6.090042957721401,6.278930914711878,5.7980125247576,5.774045080912826,5.781257953873195,6.090042957721403,4.39541592485301,4.373640949465558,4.360144917865868,5.9462474808833505
2024-11-11,6.182712086590658,6.061359617282435,6.249464105986181,5.77160325683124,5.74766406004548,5.755007310566323,6.061359617282437,4.393299044051548,4.36777373927023,4.354142235117072,5.921577438358444
2024-11-12,6.156487332556249,6.038968234235314,6.224279277463745,5.7517684002563625,5.727878725528814,5.73532751448114,6.038968234235316,4.389895548362302,4.364621380499092,4.350374332996446,5.902995614115536
2024-11-13,6.156490428371275,6.038798498250425,6.224899881782526,5.751807012666903,5.727904639488344,5.735332696202363,6.038798498250427,4.380613711313828,4.358831294937473,4.343736306420611,5.902551419604991
2024-11-14,6.085474806598415,5.969075699248814,6.153407744589575,5.692618380453444,5.66841757723511,5.676434031164324,5.969075699248815,4.344564178310468,4.325312852436692,4.311249013246128,5.835699820781269
2024-11-15,6.024127816269872,5.907588952826316,6.090807404914799,5.637200682383175,5.613045315676908,5.6211269310644285,5.907588952826318,4.314391316779935,4.291402565364426,4.2791687260812665,5.776026930456225
2024-11-18,6.016103793045755,5.8944407747882615,6.07681800326551,5.62511105861206,5.600884623663067,5.608899622891308,5.894440774788263,4.299155119909323,4.274296573963771,4.261590080604526,5.759230298741972
2024-11-19,5.972238615151582,5.848269541703346,6.032743093483884,5.585446919945568,5.560972878050197,5.569424365277595,5.848269541703348,4.264428676652358,4.239086046365338,4.22876923807171,5.712855461037199
2024-11-20,6.025976223099246,5.899197200948023,6.082827193212872,5.631272495781965,5.606759345868716,5.615177807277558,5.8991972009480245,4.279883222819505,4.259856216001152,4.245412306221861,5.761093099959444
2024-11-21,6.087214395688708,5.957259330834267,6.143836132615923,5.681984007507207,5.657606925854014,5.665676085707344,5.957259330834269,4.299145561124797,4.281730077025422,4.265472042261918,5.814775180611812
2024-11-22,6.082552567102953,5.959776525441669,6.145333925702695,5.683477370298757,5.659205192954217,5.667207906011549,5.95977652544167,4.315183321772449,4.294823581619625,4.280075859570281,5.821553030865863
2024-11-25,6.108902674331917,5.983251323886052,6.1699892803745255,5.7085327014677905,5.683964468064473,5.692186772733298,5.983251323886054,4.342087232228695,4.319295439270298,4.305955915020145,5.84323173977205
2024-11-26,6.141681404711594,6.017037475557889,6.205436434201937,5.738678731981071,5.714147643969287,5.722276916206759,6.017037475557891,4.364550480997523,4.34100784679431,4.328701957075353,5.8772330654835585
2024-11-27,6.1383095938887084,6.015006094702785,6.201550776638296,5.7341614763217095,5.709861368026539,5.7176865251470534,6.015006094702787,4.351752081123161,4.329389263740334,4.315977916374394,5.875308204194272
2024-11-28,6.140833465655354,6.018047679377726,6.202064704076297,5.736009889294407,5.711820698313576,5.719511404994569,6.0180476793777276,4.351176128242934,4.33038653509885,4.3153408062720615,5.877448265377743
2024-11-29,6.185250648126088,6.066381616960328,6.2506960559744,5.790587558131142,5.765453679733062,5.7742707912297675,6.06638161696033,4.414215797718514,4.3888144609792965,4.3759535031009555,5.9276501611565395
2024-12-02,6.189317170227449,6.073649839450986,6.2550023483098105,5.8031932117218545,5.777568325729032,5.786993554197106,6.0736498394509875,4.444311549048808,4.41445220243691,4.40375697860625,5.937385645088994
2024-12-03,6.193815691687135,6.079059955066454,6.251570165140578,5.8216871910432255,5.794977882622645,5.805724857985182,6.079059955066456,4.474207144300332,4.439532771631614,4.430328498228909,5.942185993866186
2024-12-04,6.143791424399227,6.036658507682137,6.195268520979865,5.784090266170196,5.757410501401345,5.768240020894057,6.036658507682138,4.474308786052694,4.438289256236305,4.429888671638171,5.907046684336795
2024-12-05,6.305609398494167,6.182542873971478,6.360950232233441,5.913181454485429,5.886541194590314,5.89669285124536,6.182542873971479,4.511361925120972,4.4790396176298355,4.467535702223599,6.036284293854343
2024-12-06,6.3123714995687905,6.188968570319419,6.379893830074441,5.919420612047291,5.892768217872447,5.902972596173747,6.18896857031942,4.516085735080105,4.4844132003497155,4.473065137808983,6.042350421510383
2024-12-09,6.314728810717323,6.191304835947139,6.385210472991787,5.9200287468038875,5.893496883352558,5.903548834623947,6.19130483594714,4.517157854955245,4.485145766034248,4.474380565195623,6.045240751290018
2024-12-10,6.3103394246969575,6.189064629449341,6.379666912055265,5.922946779748046,5.8960855002171755,5.906474802582988,6.189064629449342,4.522355884277023,4.488911322891615,4.4783851142305995,6.043595380768353
2024-12-11,6.296349756071302,6.176638536315271,6.361712209115505,5.907098766264193,5.880515822019521,5.89073029682295,6.176638536315272,4.50509135894569,4.471913103835292,4.461456214097632,6.032834752637204
2024-12-12,6.291320952247209,6.171080251773427,6.354401328466577,5.904578841581784,5.877774100977169,5.888229891725851,6.171080251773428,4.504882076147293,4.471192391385892,4.461381030988775,6.027355781582401
2024-12-13,6.273666894213983,6.152943821520597,6.336765686662525,5.889339385262588,5.862445492550082,5.873012216308782,6.152943821520598,4.493102546379806,4.460188333255058,4.449892094945118,6.008914977705516
2024-12-16,6.271199407835447,6.149097283745667,6.3382461050027326,5.883156768430043,5.8565023693751,5.866749442863448,6.149097283745668,4.476328083026762,4.445261937578801,4.434142857622436,6.0037605826482325
2024-12-17,6.257277463286634,6.1343265008208,6.322385599767895,5.869667372518893,5.843024389158703,5.853219998538004,6.1343265008208006,4.467878557413963,4.435968420491609,4.42504650545093,5.988862539257269
2024-12-18,6.270468791019947,6.147852023085441,6.337382622244227,5.881509547493463,5.854892099996765,5.86512293879847,6.147852023085442,4.476934417974605,4.4446901957810825,4.43372415544663,6.0015943672269625
2024-12-19,6.204169052160004,6.088472497939519,6.281077026939544,5.82659047294165,5.800147987323464,5.810649295936746,6.08847249793952,4.4565210784183,4.422461693465058,4.412822531559674,5.947468163009049
2024-12-20,6.209620898603569,6.0909066985006035,6.284249911625812,5.825597071938362,5.799425846747877,5.809488574356714,6.090906698500604,4.4341328573172625,4.404180975021315,4.392888166114372,5.9470061502567075
2024-12-23,6.238066927082351,6.118949543903771,6.307543261234217,5.8592657236587975,5.832387599020147,5.843063725536565,6.1189495439037715,4.474132392434753,4.441145913515546,4.430708506365433,5.975858495191371
2024-12-24,6.233230478012006,6.112538360214561,6.296582057164488,5.852863360457843,5.826058166067441,5.836616647150726,6.112538360214562,4.464434464724506,4.432752570701489,4.421816330741475,5.967964660846885
2024-12-25,6.3238619814569725,6.195167566873747,6.396830806231935,5.927475135610596,5.900507225678864,5.910943890972379,6.195167566873748,4.496785519538428,4.464674333785215,4.453397633888193,6.041788913469638
2024-12-26,6.324672563617639,6.1963012006073885,6.394822064039642,5.921109877083856,5.894675970668863,5.9044621226438085,6.196301200607389,4.476928060816325,4.447785989195696,4.434484085874245,6.042450531508763
2024-12-27,6.35666627696413,6.223748581584928,6.421426911868564,5.944569436738665,5.918409917572194,5.927914226276639,6.223748581584929,4.480313281186535,4.454070207804298,4.436198435360998,6.063735134325759
2024-12-30,6.348665517148264,6.210419412540573,6.40908859789502,5.933660514046336,5.9076004646670635,5.9171407376146155,6.210419412540574,4.465100405620657,4.43915519823822,4.420379221023643,6.046312562274994
2024-12-31,6.3153956502180755,6.183406309538296,6.382420320545949,5.9004981363499684,5.875106546136731,5.883971254902156,6.183406309538297,4.436954203732215,4.413159734115235,4.393317926945634,6.023353042202798
2025-01-02,6.325446620666002,6.193007140188087,6.391457194900511,5.913160966357978,5.887407595882803,5.896674705690149,6.1930071401880875,4.449723748667004,4.425295564549397,4.4061842108684,6.032955511822226
2025-01-03,6.240035367955658,6.119669739025562,6.3132028792491335,5.849762862207965,5.824010734165126,5.833506034830687,6.1196697390255625,4.429648351516293,4.40487923033685,4.387647937975323,5.97329207454392
2025-01-06,6.198043610269166,6.084486031109897,6.273149002229045,5.81245916491881,5.787284119991029,5.796478295095245,6.084486031109898,4.401223373978068,4.379337040404596,4.3616639520484775,5.944634340290082
2025-01-07,6.207352009012328,6.091630761026857,6.28092118318032,5.813986778992695,5.789077121758928,5.797979632394313,6.091630761026858,4.381852758805445,4.361208707728436,4.342522994641959,5.94737650209459
2025-01-08,6.226410248001083,6.1089775287322485,6.297503165614347,5.831245398385842,5.806093404842524,5.815146910741442,6.108977528732249,4.393434644772173,4.372745464020807,4.354019844203563,5.9624315680606905
2025-01-09,6.198490214975586,6.084279184900492,6.271261511776067,5.813172437081057,5.787670516126383,5.796904543643813,6.084279184900493,4.394817085006385,4.372575824714542,4.35485337624486,5.941002788875269
2025-01-10,6.12440629736537,6.016868331634641,6.200104501381707,5.758213168729737,5.732331836240594,5.742101289132634,6.016868331634642,4.370637682449943,4.348925099386454,4.332040429652992,5.881456061011335
2025-01-13,6.147904162733032,6.038552174635636,6.22237272384911,5.7796685071493314,5.753605402832476,5.763471398942126,6.038552174635637,4.387480140269732,4.364151933589615,4.347586294102425,5.900037090734749
2025-01-14,6.123700789485055,6.0178792643415875,6.201350599662507,5.774436560157691,5.747252358747892,5.758059372749922,6.017879264341588,4.412667783659667,4.384868005919072,4.3711419727156775,5.885379276257503
2025-01-15,6.164762520337425,6.055857969513532,6.241206611430308,5.808762071981506,5.781575154796218,5.792373669799555,6.055857969513533,4.424391357241827,4.397674769851527,4.382250586602706,5.917634664495139
2025-01-16,6.187309962665119,6.075926203141815,6.262122784480895,5.824327965578315,5.797405168754233,5.808088333266912,6.075926203141816,4.430055272683687,4.404717004742597,4.389290625487285,5.9358573667205565
2025-01-17,6.223187922253838,6.104673214230848,6.291003722954731,5.848574147557934,5.821696061167359,5.832410770564872,6.104673214230849,4.42898055152919,4.404344740581893,4.388075518499878,5.956674931683586
2025-01-20,6.240184963697218,6.1228012005236465,6.310619126749376,5.865752357907592,5.838804137862363,5.849479747260227,6.122801200523647,4.441168829182866,4.416353157678563,4.399374204107562,5.975836895961398
2025-01-21,6.229849367030396,6.111037349040579,6.2980287042647465,5.854955641221862,5.828095813047184,5.838768215610737,6.11103734904058,4.4265466942973095,4.403254678371842,4.385766708870707,5.961560599168541
2025-01-22,6.203301376973819,6.087843425360734,6.275030310068914,5.831691672958106,5.805238381035676,5.815541699267521,6.0878434253607345,4.411358699197231,4.391042985660386,4.3709312503228155,5.941070548167693
2025-01-23,6.296342934460848,6.173140572418149,6.362756884387706,5.905178175366053,5.879025614387494,5.888781835533801,6.17314057241815,4.4462162149735605,4.427263686898909,4.403800721311664,6.01629250900451
2025-01-24,6.332629196796617,6.20849465561529,6.401308952939919,5.935837431507212,5.909820199919018,5.9194594679401416,6.208494655615291,4.462534673459965,4.44512892262581,4.419968724008203,6.050989635688228
2025-02-03,6.2607394538209,6.13512430999452,6.324723017543574,5.866381350441651,5.840576627704516,5.850219704011581,6.135124309994521,4.403333124934381,4.386683677780308,4.362667428195949,5.976994360038518
2025-02-04,6.315205110044671,6.178641016707082,6.358114713949947,5.901904399528032,5.87612269398728,5.885638554584229,6.178641016707083,4.405333344806685,4.38853290530584,4.365054090671466,6.0081595545192865
2025-02-05,6.334994426055796,6.201565736192028,6.37321848524392,5.9239267728363885,5.898126989595288,5.907369404026407,6.201565736192029,4.426056522612892,4.408650474776861,4.384274605326135,6.0336000850231475
2025-02-06,6.341262246488473,6.206043601319967,6.379899247450058,5.925923023307281,5.900255627796844,5.909414333091225,6.206043601319968,4.423012088112855,4.405707543744928,4.381708471526772,6.036837615932401
2025-02-07,6.362571478286408,6.224406988771801,6.397459206305537,5.940696119019448,5.9150373920418815,5.924168976894307,6.224406988771802,4.423697187261031,4.406418102233152,4.382070498170509,6.051533956932667
2025-02-10,6.334029323244311,6.194299526052796,6.359163778753247,5.915037396134123,5.889175968299809,5.898442926646436,6.194299526052797,4.396510180025029,4.379534394515628,4.35541908154401,6.019650965225259
2025-02-11,6.352130806311448,6.208989081152756,6.369952465279093,5.926273313592631,5.900450435464503,5.909681171398964,6.208989081152757,4.3853352724001375,4.369502385824816,4.345320293404989,6.028613772524949
2025-02-12,6.34959297767918,6.2029170139413194,6.3607019946881405,5.930180337566516,5.90373451667976,5.913549697719569,6.20291701394132,4.393786024624316,4.377474078290152,4.35278038919045,6.0213511490558105
2025-02-13,6.368812769530425,6.219721171965756,6.376384373446171,5.947379984458964,5.920760400236698,5.930726005885788,6.219721171965757,4.397090625804632,4.381240030114272,4.356535941462815,6.03460696058637
2025-02-14,6.390075017196682,6.241248778897885,6.39976333538466,5.971366558049211,5.944426673917122,5.954689262873124,6.241248778897886,4.417626270119907,4.402210487542366,4.37822951428386,6.056456362485006
2025-02-17,6.3649917878186715,6.224274245464448,6.392589586169738,5.9559828688668555,5.9290647616169725,5.939349769065902,6.224274245464449,4.416929466045944,4.4023779476177625,4.378758453162471,6.047480621536808
2025-02-18,6.400853471684372,6.25200550648044,6.416151124674657,5.988758295906947,5.961113388236321,5.971955679834471,6.252005506480441,4.433049601684767,4.418105549045399,4.393688687885591,6.068495714383945
2025-02-19,6.446030126701386,6.2935052921359045,6.452340404105422,6.022793906226,5.9953970522907865,6.0058104248018696,6.293505292135905,4.448560802942307,4.434086005240715,4.408770675642402,6.105699396287032
2025-02-20,6.476829117743595,6.319336021190254,6.4692408549130045,6.048100219393401,6.020489955035967,6.031103801492942,6.319336021190255,4.462008811002173,4.4466030907850085,4.421410154912785,6.125789767340426
2025-02-21,6.504402033666093,6.341734662306518,6.485979065071454,6.06928877811611,6.041540627167281,6.052208291394713,6.341734662306519,4.4712126559147825,4.455067874273632,4.430018015798892,6.1436674021066855
2025-02-24,6.552636979049415,6.387845592968584,6.526662844793351,6.110566700421424,6.082753768325898,6.093457981461888,6.387845592968585,4.5021252476264575,4.485516290560556,4.458832030585726,6.188476613826393
2025-02-25,6.541477152735996,6.376127179009867,6.510881796179105,6.0989137554311545,6.071241970831647,6.081857017296989,6.376127179009868,4.487564093644085,4.471126106534103,4.445075018449342,6.1744129661419205
2025-02-26,6.538501824386126,6.374160916006375,6.519179270400756,6.095352750700459,6.0678365014573235,6.0783023637475955,6.3741609160063755,4.4878419215884495,4.472128924407108,4.444666172839761,6.174892659110484
2025-02-27,6.5463243701767935,6.379850690487358,6.522015580221395,6.101182570409355,6.0735776132751695,6.084229483726078,6.379850690487359,4.492065189412919,4.475249711552369,4.44975007391038,6.177930238127978
2025-02-28,6.526579643183438,6.361590696804189,6.496906814723329,6.081908140597287,6.0545437668019195,6.064964081296905,6.36159069680419,4.473594722917652,4.457757415090648,4.4314157817348745,6.160386581396428
2025-03-03,6.552940731313624,6.391256379120922,6.521258512486511,6.1144392484712276,6.086696840488163,6.097207717620514,6.3912563791209225,4.5028378379603,4.4883544549572525,4.462009246740128,6.193305023686166
2025-03-04,6.575047190168053,6.41326336820032,6.546889638163938,6.131884093553857,6.104302076399979,6.114769638345913,6.413263368200321,4.512238220257701,4.497217771925959,4.471214889432301,6.21329772212628
2025-03-05,6.5495036916583675,6.390091686850192,6.521471184417209,6.10981182077692,6.082350792013551,6.0925259323812115,6.390091686850193,4.500954195751824,4.483617450867539,4.457828043639208,6.192438589337892
2025-03-06,6.612202250788132,6.44051125444442,6.572537563021084,6.149010925888283,6.1220387362616755,6.131617648319652,6.440511254444421,4.501660929204121,4.485131466920235,4.458080355161233,6.230679846498318
2025-03-07,6.649869353406844,6.487466146850246,6.615423595940323,6.18958385178003,6.162912609850512,6.1714530718716425,6.487466146850247,4.560346203634234,4.537394768146281,4.510583391434486,6.285316589650748
2025-03-10,6.677397364596633,6.52158823145444,6.648124879550085,6.227563249084044,6.200406909719324,6.208853757673614,6.521588231454441,4.618582698342644,4.594856337374946,4.565550797553451,6.325741792161224
2025-03-11,6.681153757868342,6.525905222992767,6.652182599150945,6.226687102891656,6.1998764232648975,6.208127357052779,6.525905222992768,4.611374457082643,4.587972859078675,4.5592788998632265,6.328392175943915
2025-03-12,6.678219106991028,6.530604812375129,6.653889753762668,6.238336986285039,6.211080290906932,6.21928655324259,6.53060481237513,4.64956909083154,4.62288757305829,4.593542755992837,6.342043976987321
2025-03-13,6.659010229251927,6.523461758702396,6.637118675978389,6.232961243618102,6.205956758437497,6.213408068217619,6.523461758702397,4.690542452015367,4.655622560173218,4.627650410842405,6.347836092235793
2025-03-14,6.677714134499096,6.552696429797123,6.669373054688366,6.260557867575929,6.233631778690862,6.240845101806303,6.552696429797124,4.746720862085257,4.704876922991016,4.677536882261606,6.383995804958672
2025-03-17,6.718922050109628,6.6006329541140945,6.7208517635052685,6.303246798445424,6.27645170196869,6.283271333313762,6.600632954114095,4.795924535956139,4.751393894466503,4.7220447438839335,6.435529492348691
2025-03-18,6.694738064690305,6.577138065691814,6.697187768389836,6.287261714136213,6.260067201061772,6.267290130577493,6.577138065691815,4.796305293066312,4.750337051417015,4.7201563641876785,6.41497239449815
2025-03-19,6.663917022414494,6.5497618108448785,6.664489372733497,6.266668880356468,6.23913205480134,6.246528654396968,6.549761810844879,4.793566085922069,4.74504528862691,4.714908862464886,6.391525386565843
2025-03-20,6.647438876324428,6.531768607649427,6.645609467012516,6.249379865678816,6.221919987491426,6.2291757749388585,6.531768607649428,4.779465449175915,4.72699029387668,4.697309296201648,6.370817036040668
2025-03-21,6.633051636823796,6.51981303273106,6.630670027656632,6.238212130545353,6.210847706338233,6.21786749903485,6.519813032731061,4.780708961024405,4.726593913278291,4.697736303809411,6.360938547164076
2025-03-24,6.673753528975579,6.57313571410944,6.679396965556287,6.28741839481099,6.2602170223370175,6.266219291223476,6.573135714109441,4.859920068578512,4.793029182514633,4.764615057368419,6.422355105336261
2025-03-25,6.688352374287641,6.584708339088737,6.689354606969464,6.295525396134776,6.268548663122927,6.274178201298756,6.5847083390887375,4.854367036968244,4.788774301360778,4.75907795612069,6.430540051358062
2025-03-26,6.659694038362408,6.5596645887974105,6.662679209578446,6.273450592761526,6.246492565550385,6.252213523207185,6.559664588797411,4.8477724806198115,4.783123199748173,4.754062499726938,6.410553673106877
2025-03-27,6.6543959492880065,6.553417880362899,6.659217897298754,6.272228421115967,6.2449619519987145,6.250895325356814,6.5534178803628995,4.858935431007336,4.790256984008091,4.760726955602069,6.40350004123812
2025-03-28,6.623741717591517,6.524648332157081,6.626736405237775,6.2444398864886566,6.217301248479589,6.2229143476413435,6.524648332157082,4.846194636484667,4.7753825241036845,4.74498480930864,6.377504084674027
2025-03-31,6.559549432321937,6.468924420185129,6.567349494465286,6.1845215709353845,6.158507590524535,6.163379767562034,6.46892442018513,4.811092543607188,4.736932230579965,4.708770677201062,6.329710630216623
2025-04-01,6.6172811837856695,6.523666150179656,6.620198667398117,6.235777940023207,6.210025013158035,6.214334973828809,6.523666150179657,4.848239632348756,4.772786061145244,4.7438085564167745,6.379654948350272
2025-04-02,6.611508701790053,6.513182422233049,6.607356206740882,6.218313499660241,6.194572227227091,6.197351986733294,6.51318242223305,4.820129384438449,4.749512338703872,4.716956804394099,6.364591580045533
2025-04-03,6.164364150154131,6.076203858629781,6.172546520539751,5.820548204149591,5.7930770035803265,5.799863893854092,6.076203858629782,4.526438388030853,4.452364687442826,4.4287891541146625,5.94035755376536
2025-04-04,6.078982832504891,5.983779406339451,6.0867534269541945,5.751973623937944,5.718930020152341,5.728311267129172,5.983779406339452,4.448951746114429,4.368828007045852,4.347226276440691,5.837597246928017
2025-04-08,5.693936798342867,5.616270954040102,5.718092790198358,5.423351605054699,5.386277459536932,5.3997789132432255,5.616270954040104,4.23183753075308,4.150331033389443,4.134702952928256,5.492707200088717
2025-04-09,5.51692306903734,5.442399595616139,5.544766242836021,5.280014035712899,5.237890764189253,5.2543512602315685,5.44239959561614,4.12223343939539,4.040326802900741,4.025107059256436,5.322508817547679
2025-04-10,5.897320690026938,5.8177768627324244,5.927327100208687,5.644651421896971,5.599520553936899,5.617189987437565,5.817776862732426,4.407682308392392,4.319991044905465,4.303771124894027,5.689802689233836
2025-04-11,6.159874080585504,6.071799681767961,6.179581730905464,5.8518979144373375,5.814467941373482,5.8258111469953935,6.0717996817679625,4.543425482878701,4.4626212140773385,4.436740868746626,5.931045399217926
2025-04-14,6.232679366547847,6.1255385996506515,6.2217267095287,5.890087060914219,5.857016931108359,5.864739287136774,6.125538599650653,4.545041939421097,4.467891194041082,4.437483775768229,5.9675036555850935
2025-04-15,6.128237346340826,6.021611314580646,6.1091398210516,5.7809423477417905,5.750752336755196,5.756130660217481,6.021611314580648,4.448026636902239,4.37582980784887,4.341900706173173,5.862227009472855
2025-04-16,6.056020090743468,5.968178914037359,6.060764893483764,5.726534415250392,5.696882390412121,5.702092673222387,5.9681789140373604,4.451948988806412,4.375710617633183,4.345095915862062,5.831035295347668
2025-04-17,6.103906572380068,6.009735088294675,6.108539585909283,5.79149465923836,5.756139130289646,5.765672719474507,6.0097350882946765,4.525570927587054,4.4368166050607725,4.4127300555073425,5.870926150137911
2025-04-18,6.1277240867564835,6.033016229399599,6.133153864197868,5.806270549239222,5.7719586018695885,5.7803560668917155,6.033016229399601,4.5187093407139765,4.433091925471982,4.406367044478295,5.88966571982104
2025-04-21,6.082098040887883,5.987004223060265,6.083481170560855,5.755197866654539,5.722790072953833,5.729717652941545,5.987004223060267,4.463177752940266,4.380117207318457,4.352772868484603,5.8383943367608575
2025-04-22,6.041020400129345,5.9515931351713425,6.049027759222463,5.718798032001212,5.686999010124018,5.693052136461035,5.951593135171344,4.442366125311252,4.35870848030046,4.333068217388505,5.806863767517937
2025-04-23,6.120665797620571,6.027430996648785,6.117810535416326,5.766389349489006,5.740985841460051,5.741683439941432,6.0274309966487865,4.462703999096226,4.391428136189554,4.355888345088514,5.88002932721967
2025-04-24,6.181526258590317,6.069252070243433,6.15582225389647,5.821594358170556,5.7935399507921925,5.795953233912915,6.069252070243435,4.4862077582278035,4.4127917737575935,4.3764836184963976,5.9048738863729335
2025-04-25,6.212061332812624,6.105398242176073,6.177698436550963,5.852540444101009,5.827238078194126,5.82808983930172,6.105398242176075,4.540168062133277,4.465299949808198,4.428726644473785,5.953776555424572
2025-04-28,6.208514244796175,6.103178304528481,6.182796818325811,5.858010728792144,5.829505324848451,5.832593644930825,6.103178304528483,4.5440291110467,4.467281553259688,4.430600682984489,5.95171035890167
2025-04-29,6.187521457456185,6.07837549626053,6.163036855764805,5.828953346198575,5.80109023132683,5.8037490035053025,6.078375496260532,4.4354438025435075,4.368413696255654,4.325001087400331,5.922558712904048
2025-05-05,6.245807104734473,6.128891196461182,6.212971902204594,5.881753045387073,5.853576206761739,5.856160363648182,6.128891196461184,4.490277742022894,4.414843797542772,4.377168230888554,5.9664734145327545
2025-05-06,6.245960307935237,6.130881339719812,6.217722918226361,5.8806670619019705,5.852574569386809,5.855191776849137,6.130881339719814,4.468878533716846,4.398153301475415,4.357159301233621,5.969922453421614
2025-05-07,6.27023943529292,6.14948262245166,6.23108231330165,5.905664709926927,5.877203461529346,5.879826216292386,6.149482622451662,4.48827654074995,4.41808508337462,4.375080502468358,5.984258115899033
2025-05-08,6.388085264055515,6.254596573541022,6.342281193505287,6.009805025270057,5.980854652970185,5.983298273742553,6.254596573541024,4.540565506471914,4.466909906386064,4.42573606252861,6.077850918342195
2025-05-09,6.383893044846945,6.253322624703607,6.331071620408198,6.010619953113635,5.981651725581255,5.98404990423447,6.253322624703609,4.565341984962062,4.490784875112203,4.449387408590859,6.078651213529951
2025-05-12,6.489770014981461,6.355043049525887,6.430249516110155,6.109833989638807,6.080346294567062,6.082783966760908,6.3550430495258885,4.622732093813585,4.5495106963949175,4.507644074941295,6.176318475767604
2025-05-13,6.534656890953135,6.397047807479935,6.485805459463115,6.1394376375012705,6.110424679444508,6.112423276955748,6.397047807479937,4.604748516629779,4.533305155364825,4.490448425493995,6.215139412302688
2025-05-14,6.605124109160668,6.4732157123351,6.588189146123777,6.205201676499975,6.176160654788268,6.178235610019043,6.473215712335102,4.653855194719023,4.580959828089867,4.541686718285014,6.295650599186931
2025-05-15,6.639163094479093,6.513301188878841,6.626924475351447,6.249298115799227,6.219570782264067,6.222224355543086,6.513301188878843,4.708952209980961,4.635922589376871,4.598347601929072,6.3411735163891585
2025-05-16,6.561099871657628,6.433599447350184,6.539158690150219,6.173160559610966,6.14389552815698,6.146258515984693,6.433599447350185,4.6516578174652095,4.581643002183517,4.541263516261062,6.2606712759941985
2025-05-19,6.523405862854941,6.390313841081391,6.49018602430845,6.133675935475023,6.10452017151129,6.1068822774327876,6.390313841081393,4.576864317083877,4.5152350948728,4.467063384328903,6.2139940135801135
2025-05-20,6.6090673645132085,6.466409897744425,6.55867685132219,6.210827937592352,6.181280570870266,6.183502220503986,6.466409897744427,4.620331259191018,4.5561337211885755,4.506946271823381,6.281573262630141
2025-05-21,6.644700120178112,6.496803218660666,6.580773699156948,6.239505479123673,6.209994752933533,6.211898766942082,6.496803218660668,4.6444223206925015,4.575369438499037,4.523088411169345,6.306955990395555
2025-05-22,6.5916770888969864,6.445847074948495,6.528086903933409,6.191604104596186,6.162196425084651,6.1641704378734445,6.445847074948497,4.619315869455142,4.550088099435295,4.498949982707626,6.2583679892342925
2025-05-23,6.600786939150095,6.454681725239529,6.529411723310636,6.200450482642884,6.171011815033855,6.1729925173813225,6.4546817252395305,4.632941207894605,4.561000659844744,4.5108421852579665,6.266712438659168
2025-05-26,6.678073548856983,6.5200092801749445,6.5909152718192,6.266610103301432,6.23689284242592,6.238447391903319,6.520009280174946,4.664793600777953,4.590387289386569,4.5398157436784805,6.321431988236142
2025-05-27,6.702385366249559,6.541855139572557,6.621365838404664,6.2824241997010715,6.252985280799415,6.254222485805349,6.541855139572559,4.6765869371472695,4.595737745619616,4.553306647399867,6.340939756962618
2025-05-28,6.718609231675145,6.5536226167634695,6.634240249799811,6.299903428435676,6.270094081655287,6.2715046440784255,6.553622616763471,4.6732468708025605,4.598061701511216,4.548782206385385,6.3489068747717425
2025-05-29,6.704560506095013,6.539044411323805,6.617887332668131,6.285610112200706,6.256007957496497,6.257198126880533,6.539044411323807,4.6537833281988075,4.58332822036593,4.527851735887982,6.333818361519046
2025-05-30,6.64439105744404,6.480259210715695,6.555523575152969,6.234209636728359,6.204593148852011,6.206068348690804,6.480259210715697,4.626233281256267,4.555530625094801,4.498965416679276,6.2769707594281074
2025-06-02,6.662496088981005,6.4988155836397645,6.571295067223938,6.251260506598468,6.2215837098042845,6.223094743475449,6.498815583639766,4.636474402376866,4.567448855052328,4.509007231468751,6.295690999009545
2025-06-03,6.724505686917642,6.557547163026713,6.6343224411771775,6.299789051040365,6.270300303279947,6.271258831998763,6.557547163026714,4.656631449794618,4.5861236428514225,4.525479642510062,6.35029657766761
2025-06-04,6.713184044164692,6.548627259457394,6.632579454033462,6.29171886983576,6.262276800731146,6.263353977991844,6.548627259457396,4.697579530569836,4.617266764670318,4.567486458198643,6.343679769672884
2025-06-05,6.6905699962456975,6.523923335723868,6.60606075477375,6.267784316797918,6.238506295053529,6.2394794388401555,6.52392333572387,4.66191711197916,4.584889314907523,4.534013404708907,6.317266916158214
2025-06-06,6.63820479832764,6.474690722603336,6.555124710427041,6.222180231078009,6.1929263709646944,6.19414352517333,6.474690722603338,4.6204606918938955,4.548577562550373,4.493161256203322,6.271168802344064
2025-06-09,6.568902474310575,6.4189778456806605,6.500682996567234,6.160453534256553,6.13171675778537,6.132701846606584,6.418977845680662,4.579972323949016,4.510691838416687,4.45497598914726,6.226405468081239
2025-06-10,6.598361182890982,6.4439930401149,6.525385352542211,6.187075052966094,6.158202284316712,6.159139943951472,6.4439930401149015,4.598461896222337,4.529109734864674,4.473568082337062,6.247117149468941
2025-06-11,6.59121633815276,6.43834777552536,6.524677179003074,6.179956219935724,6.151191134453465,6.151988754447069,6.4383477755253615,4.583629463526059,4.517340774344938,4.457649041706913,6.242362398212434
2025-06-12,6.646848111074207,6.49740392478598,6.584790758086593,6.227684310291387,6.199024207111919,6.199472537176752,6.497403924785981,4.605905560003599,4.541337883222966,4.478388045575866,6.302853170999258
2025-06-13,6.621976835578804,6.477706304284869,6.567140946391801,6.199522708332743,6.171323375434081,6.171435299668004,6.477706304284871,4.560970177789655,4.497699894405774,4.434395280750537,6.28678857933685
2025-06-16,6.736270503812901,6.588380651000616,6.677746607152154,6.2942315167764935,6.266101834443573,6.2655360456917455,6.588380651000618,4.590722479079821,4.527455884605881,4.461719485004772,6.392028336700268
2025-06-17,6.771573335380905,6.617299729556155,6.708154349331799,6.326422503882572,6.298054568526657,6.2975115706640885,6.617299729556157,4.611343017740598,4.549811335151604,4.479582119521305,6.415569556074387
2025-06-18,6.771438298460299,6.614294118415277,6.7026573659811035,6.3251761797899535,6.296740891133534,6.296215547205709,6.614294118415279,4.6014230722835485,4.539805151637395,4.468888589680791,6.4101906082737194
2025-06-19,6.802010443357077,6.642423710848391,6.73215174451533,6.353492500142275,6.3248441234622215,6.324459380872826,6.642423710848393,4.615844765253253,4.552899281077893,4.483449747377355,6.436269217224797
2025-06-20,6.787468911793432,6.636656070311481,6.7309268671024896,6.342810487479705,6.314323164130829,6.313931046911332,6.636656070311483,4.620757855300146,4.556581882794238,4.489444290124034,6.437745622852193
2025-06-23,6.825746695033367,6.660333443805944,6.7473543339916855,6.371254127237078,6.342476854670278,6.342077753168559,6.660333443805945,4.6084552843227735,4.544976580145511,4.4737026208137545,6.4499351312213795
2025-06-24,6.862804500562157,6.691449184124646,6.7787963180885225,6.405275502683624,6.376248395755071,6.375984536312826,6.691449184124648,4.646625864570716,4.579151826280144,4.507855965354797,6.476448076802241
2025-06-25,6.864813913448969,6.690928795566277,6.783999822966951,6.406846701201418,6.377756220982824,6.377551206828411,6.69092879556628,4.660883045573781,4.593165279575544,4.520611708309254,6.474452829605339
2025-06-26,6.861084230303591,6.689282398891038,6.786130780793816,6.403726089423882,6.374675243682587,6.374444429704607,6.689282398891041,4.650312723703904,4.585315540770284,4.511416480249667,6.474152631535799
2025-06-27,6.898841534088693,6.7242026543623785,6.8122438303889625,6.436175380112018,6.407044442422098,6.406724917582695,6.724202654362381,4.684277489964544,4.609615574343425,4.540610754749745,6.506042226942678
2025-06-30,6.916017121788744,6.741184162046296,6.825239612532078,6.45007343483489,6.420982952774541,6.420594034743597,6.741184162046299,4.681132484284073,4.605987610836378,4.539491503802545,6.52265101259584
2025-07-01,6.92297647446224,6.747717694949494,6.8142289320866825,6.452485830993697,6.423597074880291,6.423057112169011,6.747717694949497,4.6783628535132085,4.600168211178881,4.536327515877154,6.528886298772934
2025-07-02,6.966939640153455,6.788115346956229,6.861130060851767,6.491792373752749,6.46269329370865,6.462173643727919,6.788115346956232,4.689496427302011,4.613802618521076,4.549021038849674,6.56534503567153
2025-07-03,6.94922134311458,6.77864155838987,6.848860789772835,6.482545829565946,6.453365221632948,6.452993108907716,6.7786415583898725,4.688456937871917,4.617792970928024,4.548332798908611,6.562283892746796
2025-07-04,6.986012211959677,6.8191647098746175,6.88978687101327,6.519236878873263,6.4899143464542375,6.489493328143533,6.81916470987462,4.716205331826122,4.644737506965841,4.574751484715781,6.604591254819486
2025-07-07,7.088188002838557,6.923865200563156,6.974383794275167,6.618954076733257,6.5891338293013115,6.588794461981292,6.923865200563158,4.7607951393256585,4.704510556401118,4.620747782022358,6.710113200173282
2025-07-08,7.167229792006954,6.9988972571107215,7.0508118189583815,6.690003281047585,6.659993548101531,6.659473088699517,6.998897257110724,4.822220980318888,4.765406004735095,4.681504495841806,6.780171320894705
2025-07-09,7.263731884715098,7.096651074094457,7.135887511545049,6.780618216960073,6.7502387334205975,6.749656376243489,7.09665107409446,4.919800467639864,4.848167015737361,4.769284178987136,6.87845720847208
2025-07-10,7.342053475743185,7.161026097714391,7.199611832189958,6.853773736639955,6.822731395944537,6.82255338194265,7.161026097714394,4.968216360793377,4.899996964280829,4.81941406901683,6.931173964557534
2025-07-11,7.394566576851321,7.209582702611703,7.228583793177679,6.902592437033383,6.871232582146842,6.871268959489907,7.209582702611706,5.00958658586387,4.938080153020876,4.8622590858440065,6.97675480197335
2025-07-14,7.4268561968240405,7.235498632578101,7.247034908471542,6.927937472709079,6.896497284186314,6.896509055941164,7.235498632578103,5.009706885093749,4.937624270662526,4.859972517702279,6.998178109721595
2025-07-15,7.377678366871002,7.190685346981395,7.206525386764086,6.8868360248597185,6.855454293527505,6.8556548273928595,7.190685346981398,4.985674506951555,4.916814153668771,4.839286115137775,6.957102848965801
2025-07-16,7.435586650143634,7.243268292971891,7.2512773985492744,6.938517683449166,6.906851772336079,6.907127832367489,7.2432682929718935,5.002680242598962,4.937488486439176,4.8547931792707395,7.004743821563145
2025-07-17,7.486239139483099,7.286449489360512,7.28893370571769,6.997285622244839,6.964501058773117,6.965677133774456,7.286449489360515,5.069166096227902,4.999155932078099,4.915460744854619,7.043085830725007
2025-07-18,7.527885330499822,7.326664571130585,7.3271596836765625,7.029574741779206,6.997003844793376,6.997796598500702,7.326664571130587,5.059755177848873,4.9953126943782316,4.9055197563572195,7.0806388229951045
2025-07-21,7.503893970922544,7.3162456987032405,7.303952675066297,7.014195610917804,6.981858453101873,6.982504284824371,7.316245698703243,5.042255400967491,4.993835141257261,4.898306836477305,7.080596208778946
2025-07-22,7.608379426901622,7.413291590297885,7.389723811456013,7.1104686509627655,7.0776564331029626,7.078501801344563,7.413291590297888,5.114146301474641,5.062210451168066,4.969177180382394,7.170354527256582
2025-07-23,7.646356899919134,7.4578474844369405,7.43682094609065,7.140724523664697,7.108330623318805,7.108682863975525,7.457847484436943,5.1545817358658965,5.100259414783601,5.014069214137404,7.219306384063949
2025-07-24,7.724523648034388,7.538145893154056,7.511115235959617,7.215289536542048,7.182716920254174,7.1830693396890375,7.538145893154058,5.228694136626465,5.168065393992437,5.093253681569735,7.301084082190085
2025-07-25,7.773431938144951,7.588132428371766,7.548259976838611,7.255871611812554,7.223993252415388,7.223552640573798,7.588132428371769,5.2476437842960655,5.191675296839533,5.114034193557827,7.352922119520109
2025-07-28,7.902320288513008,7.7106291774720885,7.64557302213144,7.36649504508681,7.334994879268149,7.333781135631501,7.710629177472091,5.2906806018704895,5.238611826445903,5.15815425325173,7.466046144936396
2025-07-29,7.541363825317852,7.360348312395853,7.32748459165175,7.039388087354511,7.008235251768608,7.008438195021055,7.360348312395856,5.102323893369012,5.036245329868312,4.972723386186973,7.130875385157102
2025-07-30,7.630175687682291,7.453298397809136,7.3978220725148045,7.116468163396514,7.086206644644092,7.085056752677648,7.453298397809139,5.135196118329304,5.060879011334412,4.9992925279998355,7.218413096129001
2025-07-31,7.627754189828815,7.44508783405279,7.410812613859356,7.106569174895701,7.07668650239743,7.075121066494535,7.445087834052793,5.106242072822649,5.035999328266953,4.971701406413084,7.204257338881616
2025-08-01,7.5996257684165744,7.417499369131891,7.378043723624409,7.082915930993122,7.052834554514824,7.051530428254721,7.417499369131893,5.081584401059136,5.018879664466717,4.95054623228314,7.176501048591146
2025-08-04,7.784235520870016,7.586194666446894,7.526547586997896,7.240701167257825,7.2104997880462385,7.208745252066483,7.586194666446897,5.158241570036785,5.096626347339514,5.025323948366178,7.3309148357332825
2025-08-05,7.895083200454058,7.683121657783406,7.575263634235141,7.339890315743394,7.308293891591383,7.307035077617904,7.683121657783409,5.205018187851717,5.145947197401029,5.067016655841085,7.415276971121793
2025-08-06,8.045400846091354,7.839452804805972,7.7331452850173115,7.4866301762036604,7.454897114944899,7.453471453934809,7.839452804805976,5.313570883638792,5.2569599155719455,5.173552606008848,7.57411472202897
2025-08-07,8.107370240015468,7.90576437376532,7.777198958630169,7.5426187745657005,7.511410810120945,7.50888746670865,7.905764373765324,5.341202366145943,5.280513642216237,5.198905248015111,7.6369750034515045
2025-08-08,8.091616546984087,7.8928269526193535,7.796677318069311,7.530874884748923,7.49954059378513,7.497376709660502,7.892826952619358,5.3319957699997165,5.2739868803378975,5.192043991658773,7.626805439965562
2025-08-11,8.185018265871767,7.986371188681276,7.875668586856051,7.612542066684888,7.582140961006666,7.578751679077333,7.9863711886812805,5.364890199432704,5.3198233191056,5.228249703427293,7.716750618027039
2025-08-12,8.235589360696435,8.034775053553432,7.91607277379462,7.662837706486468,7.631599218559797,7.628126730899277,8.034775053553437,5.38736868137858,5.34559355664325,5.2494469619094035,7.759191124657719
2025-08-13,8.264051577709386,8.06183326869991,7.927361223524614,7.687920123368718,7.656805757784775,7.652630823413956,8.061833268699916,5.389919266078908,5.358486729650739,5.250542281274227,7.784491918740966
2025-08-14,8.46960189261482,8.283464856266004,8.115885222479351,7.883620726406735,7.853544207098176,7.8473757095263705,8.28346485626601,5.527623555362609,5.512996420813899,5.388290852862961,8.02299572788537
2025-08-15,8.436547053220911,8.242710422755236,8.100766834894836,7.848407857274919,7.818006451323302,7.8122236461412164,8.242710422755241,5.493844540221969,5.4878366632934,5.356538602630569,7.982264813386184
2025-08-18,8.447310682931505,8.253416718564718,8.130136383774051,7.860678115025616,7.830085864898862,7.824513669912583,8.253416718564724,5.507496867068457,5.50439584713251,5.372063707216992,7.994728038633647
2025-08-19,8.553212987670882,8.36835845249814,8.235669877928839,7.95709677849691,7.9274253939056285,7.920390696138894,8.368358452498144,5.582431919024194,5.576178996615251,5.443192729225708,8.118317770874
2025-08-20,8.596103439908468,8.398581772067535,8.228521811240107,7.983983125576638,7.954461697553666,7.946955562331381,8.39858177206754,5.577996069459484,5.569055446000972,5.437691068294518,8.140085444518629
2025-08-21,8.811541216519807,8.635970836395359,8.439325575454536,8.193729786097471,8.165024912866148,8.155984000353016,8.635970836395364,5.725479190699119,5.71853534249022,5.583893122098694,8.393313716156928
2025-08-22,8.537157506018795,8.383567836048172,8.209912840416308,7.948507146233666,7.9210040655689635,7.911782157337685,8.383567836048178,5.582689452206332,5.576425465390011,5.445801627756802,8.167218038425176
2025-08-25,8.354084626591014,8.202478167466648,8.049113517947486,7.803477542224497,7.773537358356611,7.7675660968246225,8.202478167466653,5.523354825522085,5.512222024952749,5.38826498782917,7.998724951747103
2025-08-26,8.652900197382516,8.480356256875185,8.31898897089448,8.061801562719705,8.031727111850477,8.024931583426014,8.48035625687519,5.657187800767204,5.649442004528754,5.519888828714851,8.247186024945384
2025-08-27,8.65166839817693,8.504351701495953,8.375584641886705,8.071727809539874,8.042990460313062,8.035071109755913,8.504351701495958,5.662014403272652,5.672412572640465,5.5347183651949,8.295560286786118
2025-08-28,8.716741447968472,8.562843674794166,8.416482874453004,8.119769286678698,8.091862948925673,8.082813574068282,8.562843674794172,5.693866343446107,5.699018282812555,5.563137250811638,8.349257358597992
2025-08-29,8.728430877092148,8.567824419175572,8.400419697966115,8.111839314938695,8.085295249048693,8.075017322030932,8.567824419175578,5.6676348400406935,5.671001587869696,5.536272164638862,8.346870165314305
2025-09-03,8.713158030186376,8.560017767654065,8.397589691025734,8.114345945072888,8.08649054034633,8.077163824525268,8.56001776765407,5.69714487378106,5.691180521922018,5.564951620767127,8.343650918309887
2025-09-04,8.805976276164671,8.659512583850102,8.484709485823377,8.20653820352529,8.178795998008475,8.168745801451195,8.659512583850107,5.777506450905776,5.771238459480312,5.641754856138651,8.447902667290482
2025-09-05,8.641535545679178,8.504965701364721,8.334493340463833,8.071626291364783,8.043074495825648,8.034734434446888,8.504965701364727,5.713072060822398,5.706762580991704,5.5787162932872985,8.309454251230994
2025-09-08,8.424883708528256,8.300560692499495,8.143827792219701,7.889002026598178,7.859974039178644,7.852942131713426,8.3005606924995,5.625865738380801,5.614511990222596,5.493456826814995,8.122654554432385
2025-09-09,8.479420114429853,8.336883188715952,8.171228839133283,7.919297972223068,7.890616515799741,7.883497724770452,8.336883188715957,5.608214472664189,5.599534127843856,5.478003155432935,8.140413706691573
2025-09-10,8.494544793238942,8.349205116688978,8.188172121476407,7.92636663813132,7.898239568631318,7.890599225694819,8.349205116688983,5.593906879257431,5.592449049526736,5.464178555574614,8.14968656074452
2025-09-11,8.578583116005202,8.424203543698331,8.2524564928503,8.003991821811011,7.975017709318446,7.967606811711131,8.424203543698336,5.656482116088353,5.648253713661822,5.523861801313555,8.216625307853295
2025-09-12,8.602043410991286,8.45562017352745,8.274347994510855,8.041383149045567,8.011381316739117,8.004610191736546,8.455620173527455,5.714446825932091,5.696206006752238,5.579595055012234,8.25669065731581
2025-09-15,8.679005881863345,8.531689667786619,8.355389562431245,8.112267786038126,8.082166879916914,8.075313443140878,8.531689667786624,5.752375482764336,5.734492106395692,5.6158504786285315,8.327118184870372
2025-09-16,8.679009620443447,8.549375501815915,8.37476290500471,8.12629538267294,8.096392713155357,8.0890150352209,8.54937550181592,5.799402358312546,5.781765751603413,5.662393114609125,8.36520096453949
2025-09-17,8.628365182926741,8.493300228109776,8.328047249886971,8.095567796576763,8.063177016299173,8.058331046728151,8.493300228109781,5.7941397262799095,5.776317373793052,5.658337073831352,8.306803072520664
2025-09-18,8.573396371902948,8.431418668922257,8.256200656550547,8.033835455440975,8.002116926693109,7.997112388283917,8.431418668922262,5.729836073263535,5.712978477615023,5.594456216904723,8.237227911251743
2025-09-19,8.503698016338978,8.352059154978868,8.17354100589737,7.964137274042638,7.932023712865775,7.9281677717049375,8.352059154978873,5.663450949081178,5.647331991378157,5.527840475765504,8.148566076928727
2025-09-22,8.360200892532191,8.21696712099726,8.043576919623874,7.830251810342148,7.798947227575936,7.794904824700007,8.216967120997266,5.581270157803417,5.560380222944529,5.445884221258659,8.025098631082187
2025-09-23,8.352768927749551,8.208901440287475,8.03081101235898,7.818835649757992,7.7876820028411,7.783501208876453,8.20890144028748,5.568998929092407,5.547361227796669,5.433650570359306,8.015484537655109
2025-09-24,8.498789484616237,8.33617717692147,8.176098773971725,7.929825559494732,7.898692966360713,7.893825849420213,8.336177176921476,5.611184149513715,5.58984030458499,5.47454659892747,8.120149033918489
2025-09-25,8.499566663095472,8.332200114306003,8.170391422071866,7.937923678571163,7.9058498237749735,7.9020304791500875,8.332200114306008,5.6196832870233955,5.596163065519596,5.481800235741649,8.11293831351361
2025-09-26,8.444333271109903,8.282271174555289,8.115980030635132,7.8991080299288745,7.866503524483324,7.8635241409311964,8.282271174555294,5.60245728584749,5.579069691219386,5.464935848627695,8.06724762689796
2025-09-29,8.446079748974382,8.27593767217095,8.098689086836638,7.8983539893588715,7.865161496804911,7.862728497547224,8.275937672170956,5.596006018843483,5.57146595749625,5.45828727127744,8.054135589964227
2025-09-30,8.451168093887572,8.264369678611786,8.087884607115019,7.886960036941827,7.853765319363157,7.851045641389659,8.264369678611791,5.568969480051851,5.543048984445396,5.427469265132343,8.023286017861055
2025-10-01,8.50745177929421,8.32460367599687,8.150028724535872,7.938598255536653,7.905645466482155,7.902270856409202,8.324603675996876,5.613635797479674,5.586775599576793,5.4688370594474796,8.083025994664027
2025-10-02,8.441729349682817,8.263192051126989,8.094300126026665,7.879472485852019,7.846623786972664,7.84353233379149,8.263192051126994,5.581582430798021,5.554187976070514,5.43744294297938,8.028772289898859
2025-10-03,8.403605262844128,8.228137922558519,8.049674838275878,7.858505021134386,7.824995010095005,7.822757551977645,8.228137922558524,5.590037099069871,5.561595031853827,5.445181862379708,7.9980928877840425
2025-10-06,8.683957645406544,8.478858001249387,8.303100586683733,8.08924296323027,8.055193077022814,8.05211460531964,8.478858001249392,5.694584724592361,5.667722119718894,5.547642444421102,8.213761839554722
2025-10-07,8.617280247440931,8.417398845858559,8.2451458624924,8.034572725077535,8.000580422629579,7.99780365359019,8.417398845858564,5.669619583426871,5.642330750476047,5.522530196350239,8.159941421364842
2025-10-08,8.688017897131896,8.487971793174223,8.304404748954884,8.099721406382775,8.06575598353325,8.06244953002834,8.487971793174228,5.701756129937317,5.675276787816748,5.5521963711264535,8.224266378684911
2025-10-09,8.771121280053974,8.552734886918277,8.353692208624752,8.156291094642333,8.122374359914957,8.11844562474635,8.552734886918282,5.700333287163585,5.676810777727593,5.551048779379895,8.267613679481357
2025-10-10,8.860121852054293,8.629916267408596,8.41823183075159,8.240855140764712,8.205772635202456,8.202646308066113,8.629916267408602,5.739256270912719,5.715449169372608,5.589104431567372,8.32914497472657
2025-10-13,8.941681183087304,8.695210667023167,8.49081988632723,8.313821896514343,8.277467255641522,8.275261364962596,8.695210667023172,5.782269551251758,5.754538934841957,5.6285721443616366,8.377711533928098
2025-10-14,8.894935988669946,8.632135395075611,8.425945056940648,8.262571304682758,8.22575724860029,8.224231063964949,8.632135395075617,5.728952990693266,5.699067779564014,5.577331823844685,8.30326042882794
2025-10-15,8.894401145221673,8.612403849584911,8.418564627869761,8.239686722287605,8.203106286237087,8.20114856202407,8.612403849584917,5.6951546792652366,5.66414806126143,5.5435400502570396,8.269092831342029
2025-10-16,8.945870096415243,8.65423316240488,8.480767938545815,8.284689754012721,8.247603612998935,8.245967340046972,8.654233162404886,5.707388843558258,5.67554031348338,5.554306947133459,8.29855345566205
2025-10-17,8.789699387402095,8.515724931539856,8.35887198619475,8.146586686243406,8.110562646235177,8.10848909923794,8.51572493153986,5.624652190977906,5.595069010623103,5.474666464165168,8.1833501223255
2025-10-20,8.31069497682783,8.075848976743087,7.916683629057396,7.735495037977311,7.700861168219763,7.6997532260025885,8.075848976743092,5.405262600551872,5.377091979499432,5.263385847895412,7.7945042025405815
2025-10-21,8.476227415096501,8.219708077229027,8.06036950009168,7.88392031067896,7.848147921373609,7.847371027486287,8.219708077229033,5.484153646230878,5.455145411373353,5.337022662218379,7.907284836557794
2025-10-22,8.55025470300086,8.317802109719965,8.152593129462684,7.983018960757629,7.9467849530484465,7.94590205344977,8.31780210971997,5.608066885662633,5.577577708838989,5.456027888123179,8.034172663458062
2025-10-23,8.55945539179424,8.3326338967678,8.169512067448913,8.01403125736719,7.976927393757368,7.9767475264531935,8.332633896767806,5.664998376140818,5.6318982936051265,5.513909673773711,8.061422639704853
2025-10-24,8.524077387144033,8.310110447016287,8.144923852822986,8.00225539659407,7.964851653122236,7.965023434262059,8.310110447016292,5.679741322163211,5.646545116389597,5.528698890013397,8.047194516775457
2025-10-27,8.38321657779762,8.197712627866533,8.032300063028655,7.893753561014933,7.856875956605395,7.8570055599867015,8.197712627866538,5.655051076013666,5.621728851022375,5.503910730890414,7.967217469330005
2025-10-28,8.554021261943012,8.344112913559906,8.177331785436081,8.04239704702252,8.004420370823464,8.004743800690377,8.344112913559911,5.72403313941646,5.6898449238316955,5.566253338767435,8.084230119202262
2025-10-29,8.610650944458403,8.39847324042558,8.233772977302035,8.085911204458926,8.04810663182392,8.048171146992676,8.398473240425586,5.751266725869985,5.718466376995989,5.594048482518228,8.136192689208539
2025-10-30,8.545341362233982,8.346070551355318,8.179585622676255,8.031504877086645,7.994203678427054,7.993948583073481,8.346070551355323,5.725581296928411,5.693904737798783,5.568155452002735,8.095584849503895
2025-10-31,8.433942588946875,8.275889423866722,8.107827830607727,7.953879198866028,7.9175683740115055,7.916862135176456,8.275889423866728,5.723934789755829,5.694655119757199,5.566659089072843,8.073537704201096
2025-11-03,8.319295233683146,8.185934354064276,8.020446508555251,7.881772419213047,7.845247502864018,7.845003323279322,8.185934354064281,5.730376216706536,5.699639903527995,5.572761539304726,8.013572649773746
2025-11-04,8.503049456136663,8.32517288488093,8.157759443369109,8.007434726986883,7.970479890355416,7.970088633739233,8.325172884880935,5.731629221122302,5.700698307712996,5.573552997860116,8.099700903389211
2025-11-05,8.494127469641988,8.342531855552796,8.173915667572828,8.030938298216428,7.993634343022014,7.993528601619081,8.342531855552801,5.8189764986555215,5.787711440240145,5.661289034738258,8.151119999801235
2025-11-06,8.414617761775165,8.271826819322643,8.105063229917821,7.967289691811259,7.930110680716602,7.9302204570931085,8.271826819322648,5.788997422284158,5.757096951965137,5.633705290825549,8.087941534241873
2025-11-07,8.213219438347744,8.103482441414,7.939503571124814,7.808203344635726,7.771760566019819,7.771929565972011,8.103482441414005,5.742351681614791,5.711208855314527,5.587255956061789,7.9641206090715295
2025-11-10,8.139665359678613,8.02386716294436,7.864498073180234,7.722988272422531,7.687098662674286,7.687213262228053,8.023867162944365,5.660512745408372,5.630807946796911,5.508358338791603,7.877801104333376
2025-11-11,8.226236314840428,8.103873062436918,7.939593455317162,7.796403657132954,7.760328525317943,7.760389132443348,8.103873062436923,5.688637771734139,5.660043793566633,5.537634350563772,7.950020026614671
2025-11-12,8.414427808227744,8.270559471754243,8.10160095872056,7.962806592522411,7.925657642695484,7.925917010065642,8.270559471754249,5.768123350860802,5.737916779861918,5.612203106709334,8.089258337119636
2025-11-13,8.397253088537742,8.275062611894754,8.104478487458682,7.970047813714461,7.932832928751378,7.933236245118465,8.275062611894759,5.824082780355375,5.794457121579189,5.670805360564653,8.119987113864953
2025-11-14,8.406049967920367,8.281648521093409,8.111399607131542,7.9796228326832,7.942299973992932,7.94276866805411,8.281648521093414,5.824596230413883,5.795462337685606,5.672318760013571,8.121666948576355
2025-11-17,8.488184598901091,8.353672441323052,8.183308206793201,8.051415145261915,8.013554998910953,8.014145541573747,8.353672441323058,5.8663194700743055,5.83515360182258,5.711424593703782,8.181455390005189
2025-11-18,8.491845032219913,8.343549548200686,8.181944675099432,8.03797781210401,8.00025755042874,8.00070044751586,8.343549548200691,5.8400529025084085,5.808141833745933,5.684520324220717,8.160135000124082
2025-11-19,8.436479504152894,8.293789934029851,8.129387109293388,7.990905487372346,7.953375154166494,7.953912252560138,8.293789934029856,5.821862661062054,5.7887178938705945,5.665670086725507,8.116835068688872
2025-11-20,8.471254450270866,8.313057803720971,8.148290268199302,8.025787502040874,7.98744885826961,7.988438754623977,8.313057803720977,5.854401418543218,5.817121120407506,5.695310676034779,8.122828585606873
2025-11-21,8.45706379470663,8.290071561565803,8.126460727645794,8.008689749993232,7.970182542883112,7.971432451078162,8.290071561565808,5.828250160494252,5.791464912185584,5.670277088484933,8.090241404419155
2025-11-24,8.49880464137656,8.308716793593971,8.15229026575863,8.03610070832201,7.997124742528808,7.998752628406517,8.308716793593977,5.83006089317819,5.789552898225983,5.669748253453497,8.086440246120523
2025-11-25,8.427476675101373,8.24060292238903,8.08305681476982,7.990043758955254,7.950505654318784,7.952683639265639,8.240602922389035,5.846019803128161,5.800103231098498,5.6824518577825,8.025620985089256
2025-11-26,8.509106605242465,8.318582131719314,8.159887000293061,8.053909629485704,8.01447617678349,8.016481326062761,8.31858213171932,5.866123471342927,5.823122039719364,5.704158447668555,8.098467309730152
2025-11-27,8.50880746079526,8.32287041374681,8.15975509772581,8.05936257978998,8.019851780062634,8.021944296326852,8.322870413746815,5.8741362892150955,5.83304600523455,5.711763405049668,8.10606653138909
2025-11-28,8.494741696043473,8.304785729007081,8.140344049935937,8.050358976884851,8.010537955331198,8.013229478647643,8.304785729007087,5.8747598667253085,5.833611008001454,5.714262154154938,8.088083844836865
2025-12-01,8.514434903238522,8.345826110055004,8.165520158918527,8.109735398178046,8.069013864957936,8.072227651121693,8.34582611005501,6.000370296805084,5.9567978984756556,5.836500045380659,8.171412817428449
2025-12-02,8.60632900239114,8.456614222669796,8.26457174514727,8.230241659118128,8.18845470927322,8.191822318458147,8.456614222669801,6.1509063824506685,6.102889519297165,5.982038727579372,8.319703828805961
2025-12-03,8.721313796471057,8.558297151980057,8.379237011063925,8.302361989084504,8.261130071084695,8.263517524791604,8.558297151980062,6.131701686720792,6.083088628257712,5.959980278748547,8.394858235507062
2025-12-04,8.750666109567241,8.58431042849722,8.405284472283784,8.314264177206661,8.273373523307763,8.275428637044373,8.584310428497226,6.110507068730127,6.0663014905225285,5.940974790564974,8.408614546259422
2025-12-05,8.664960490316552,8.486294798792269,8.312858485988018,8.231745172598497,8.190767008120206,8.193455287265758,8.486294798792274,6.042469852391237,5.997060355866835,5.87638423507472,8.29797895599896
2025-12-08,8.692639950235876,8.546918489125762,8.350745052084136,8.31000902087523,8.268100452603328,8.271304586848833,8.546918489125767,6.200473738334423,6.154392980862681,6.03193812956316,8.4191050174169
2025-12-09,8.582373021311923,8.44223329050966,8.238213868949584,8.214964647139078,8.173318324771676,8.176737202965322,8.442233290509666,6.118705457662675,6.07529413206694,5.954681045224304,8.32272884671629
2025-12-10,8.532019460247684,8.393519116020887,8.188315967128734,8.149085226009861,8.10834927781554,8.111203449533193,8.393519116020892,6.034732795514268,5.992478476466898,5.872770503159149,8.259078657818764
2025-12-11,8.450548154157422,8.327929319707824,8.118797267208631,8.080959597911116,8.040831444523178,8.043303827906222,8.32792931970783,5.994018093416293,5.9539467924621325,5.832708404406366,8.215277394208243
2025-12-12,8.192853860519193,8.08602503307475,7.8711523831832615,7.852259469872618,7.812994483183659,7.815874527731404,8.086025033074755,5.857568561970027,5.819002612079567,5.702175624416191,7.980371789013783
2025-12-15,8.225321009441215,8.117231920827592,7.898740452674271,7.88433195449619,7.844856812550655,7.847818521688568,8.117231920827598,5.883900447604516,5.845398719163597,5.727595386098228,8.015296649620925
2025-12-16,8.423467312856129,8.296452367315336,8.066086010640763,8.060026231907967,8.019526491177366,8.022564647203318,8.296452367315341,5.96652618837901,5.923500890309546,5.808182238946807,8.172014426501836
2025-12-17,8.35932555830307,8.234705181866449,8.009554654339276,7.988822985931728,7.949252318165388,7.951693677587798,8.234705181866454,5.884918501033235,5.851741760380637,5.729414163510823,8.11382625884165
2025-12-18,8.405424888377155,8.264663117090533,8.036199263335432,8.020247848009904,7.980215096342763,7.983140342132471,8.264663117090539,5.8774600842181455,5.841852329139926,5.7210340400986945,8.129969092112677
2025-12-19,8.505899137526123,8.339974094645763,8.11591200277952,8.094956360243813,8.054391696927922,8.05746968505474,8.339974094645768,5.910335026137131,5.872070330931605,5.753493678396627,8.188031654888682
2025-12-22,8.691572442799977,8.496509264079158,8.259186695221544,8.246922792844554,8.205475247514022,8.208532495303082,8.496509264079165,5.986668124234745,5.9455874019642945,5.828029751210838,8.32184602809123
2025-12-23,8.72907447697817,8.505330449181589,8.261774799425009,8.259425367086077,8.217772284656043,8.221061400275866,8.505330449181596,5.946276558005065,5.909901294586699,5.78949967019535,8.31056078121716
2025-12-24,8.783749483876132,8.545401964990125,8.298195633771345,8.285640681169793,8.244446913245802,8.246922890623619,8.545401964990132,5.929865457087239,5.890139805871285,5.774379818155174,8.336621088024367
2025-12-25,8.663953998765628,8.45711782120834,8.216652881155317,8.222374517995874,8.180058925899367,8.184015037575994,8.457117821208348,5.967960818547813,5.91675373822122,5.811483281998658,8.273840042060483
2025-12-26,8.64788967034769,8.451473481190366,8.20213820237564,8.21723095659506,8.174950864424284,8.178651116534626,8.451473481190373,5.964942358263814,5.914735562969745,5.807872699822784,8.274408984078038
2025-12-29,8.76237602727512,8.55149529964223,8.28165829030595,8.336893563580444,8.293120935617836,8.297512372282423,8.551495299642237,6.062159333635076,6.009134637155598,5.905656732620365,8.364278827155221
2025-12-30,8.815552560179546,8.601982936123349,8.330995247745637,8.383827970778617,8.339936487382086,8.34417739692966,8.601982936123356,6.083341053995029,6.027744783403929,5.9279838745722415,8.410070669819376
2025-12-31,8.830925827574212,8.597479123597626,8.341545545633656,8.372010058414874,8.328485998482265,8.332635360594363,8.597479123597633,6.051730619533797,5.99852070469877,5.897483504533851,8.393629477526146
2026-01-05,8.81375659027939,8.57389908353384,8.308141953200364,8.368966798647532,8.324527488721813,8.32948160723908,8.573899083533847,6.086553448762791,6.029722218654363,5.932462274076992,8.371449243037869
2026-01-06,9.02197760827989,8.769289566942536,8.467332884089004,8.569197568975827,8.523407993295903,8.528520459719317,8.769289566942543,6.242645777739775,6.186832932294203,6.086050077793027,8.558605646448838
2026-01-07,9.250219327245794,9.018578054146325,8.677685798846843,8.823231332420779,8.775874762582127,8.780991654688913,9.018578054146333,6.506034388055387,6.453986497372894,6.34475772871263,8.831117858453128
2026-01-08,9.250136894263663,9.063070674122953,8.714930049902138,8.857190700109722,8.809949120254062,8.814538644266644,9.063070674122962,6.610955599356271,6.553216131368031,6.447725404220215,8.915117776838875
2026-01-09,9.32169177398063,9.183015198310772,8.793415054781457,8.97429181083017,8.926391889090759,8.930748242814646,9.18301519831078,6.815214129871002,6.755523510302108,6.648442512288983,9.083258895541892
2026-01-12,9.473547668764155,9.374414297796765,8.989828643111023,9.115937307612592,9.069014697990195,9.071562827394496,9.374414297796774,6.939931180866948,6.872934580526569,6.766687204987639,9.302945408403177
2026-01-13,9.5758553657816,9.477295631543516,9.069000844208686,9.246360090998076,9.197599995250682,9.201416626955192,9.477295631543527,7.05161380339028,6.9918005929038936,6.87654484478083,9.41050305586497
2026-01-14,9.6362155193636,9.599920657925708,9.174243634489047,9.37649636447443,9.327145361424835,9.331144117920342,9.599920657925718,7.249700527019879,7.2006574166712465,7.068867915866856,9.585627921014972
2026-01-15,9.625257887350415,9.598400548316839,9.116180953421802,9.371939641262385,9.323656298971478,9.326565906636487,9.59840054831685,7.22822247844981,7.182941653467989,7.0428224952272185,9.589740769025532
2026-01-16,9.659267289025648,9.620698928614436,9.138783972559326,9.406136262523052,9.35691986294209,9.360704463240864,9.620698928614447,7.244402963138903,7.202564294310293,7.063073650430404,9.603937926223322
2026-01-19,9.747351092397842,9.699948345657226,9.213437796589687,9.485323220472399,9.435670054882957,9.43931364761871,9.699948345657237,7.292045364291569,7.246037030846852,7.1059658435982955,9.673541737277423
2026-01-20,9.776521727672776,9.72847104480879,9.24761723397936,9.520625503510775,9.470769867793953,9.474148581083073,9.728471044808801,7.27502577808,7.234683935176171,7.0919222280804,9.694059563086341
2026-01-21,9.735473007826725,9.670038227040031,9.207624721731996,9.470066055410898,9.420191696667722,9.423776306745802,9.670038227040042,7.203038569548884,7.158795621470493,7.019016219721733,9.621080285817643
2026-01-22,9.721557763545734,9.65586117755153,9.177964329448525,9.445704810319814,9.39634024890882,9.399483716741178,9.655861177551541,7.1836281812316924,7.137109212911371,6.998417641150081,9.608873455016877
2026-01-23,9.60745951223065,9.532979494002044,9.042783263171694,9.32242723468711,9.27312090466542,9.277353680629531,9.532979494002054,7.126934756700983,7.074117422405809,6.9422056170765245,9.49008276124442
2026-01-26,9.480409536603876,9.414838240876948,8.960442906088382,9.214064134543667,9.16529428981977,9.169139909987425,9.414838240876957,7.0656775868953865,7.007048346418388,6.879352409176998,9.3737629551142
2026-01-27,9.522409208769433,9.467656848021615,9.016802062097595,9.263660519184818,9.215186472182866,9.218668227059325,9.467656848021624,7.073477793834375,7.018147981194769,6.888095644640641,9.426600317152795
2026-01-28,9.423417240737686,9.396277034770177,8.936361295761754,9.182651177224617,9.135357176989757,9.137936866587737,9.396277034770186,7.015066105829314,6.961951783636658,6.827347544793019,9.370337675966736
2026-01-29,9.497807281295328,9.471400054446923,9.003624548502348,9.252187798321161,9.204982778061689,9.206526834842693,9.471400054446931,7.084603241149574,7.030278189443017,6.89085499439197,9.444633847002777
2026-01-30,9.579084566404076,9.552366244796413,9.077002411000755,9.32366441580249,9.276293275799443,9.27782321488922,9.552366244796422,7.092133711557192,7.04242646082459,6.901741626389076,9.52296649757046
2026-02-02,9.555422745781645,9.546901680252752,9.080180434247472,9.319177820639531,9.27237638430002,9.273164072441073,9.54690168025276,7.042466277088065,7.00104851429104,6.859308474536747,9.518957800665538
2026-02-03,9.591671739694831,9.578836368703227,9.117070027346331,9.359694470655237,9.312419206294852,9.31353870489159,9.578836368703236,7.073062942729673,7.03172805027246,6.889828025183919,9.544951599493471
2026-02-04,9.548198961368616,9.559045615334632,9.111245192338567,9.31736143715322,9.271595997378974,9.271297226777902,9.559045615334641,7.063253689448886,7.013898754035174,6.874118419115375,9.543069779873088
2026-02-05,9.404292747121707,9.384768460456696,8.936733549841726,9.15390737833419,9.108085666498356,9.108830927883167,9.384768460456705,6.9488724326831885,6.894577792793789,6.760945935349134,9.355323601417172
2026-02-06,9.264540705678929,9.237018492113894,8.79069482477975,9.02059913611635,8.974729518503375,8.976293589413782,9.237018492113902,6.855072450705307,6.794131099746575,6.664878439188598,9.200706794129356
2026-02-09,9.247567210977826,9.223367228657162,8.76847099576843,9.01078916030902,8.964674085049618,8.966536359762943,9.223367228657171,6.858168152204506,6.796302991199587,6.66747607560236,9.188728025737865
2026-02-10,9.166853233507432,9.129835416506634,8.658128070451768,8.916141410601265,8.87020730065587,8.872299832779975,9.129835416506642,6.809813868954497,6.746809361216605,6.618771231199166,9.095441608593637
2026-02-11,9.34711237193095,9.306346980167701,8.809912287493182,9.077559755425515,9.030847704836177,9.032542803488868,9.30634698016771,6.915935940019096,6.8535930233278854,6.724114806605837,9.27191719433888
2026-02-12,9.363967819823793,9.307058927906397,8.7908567899272,9.09432287625927,9.045787295620638,9.049639583625948,9.307058927906406,6.933863810990434,6.8663001430751684,6.742048077361232,9.264611686055504
2026-02-13,9.398137805336498,9.339122932392044,8.823317762869097,9.126419146548603,9.07719158363704,9.080949369166522,9.339122932392053,6.947621427800934,6.880348468446189,6.7507436960694385,9.295324463777725
2026-02-23,9.588462096914796,9.496317176780527,9.024366183623634,9.294511338339163,9.243089885253985,9.24799147975683,9.496317176780536,7.059663042478931,6.983593628827371,6.852944048608609,9.426299041224521
2026-02-24,9.638837237790538,9.524825079294272,9.041919618524997,9.345276107012742,9.291002923646005,9.297571937551533,9.524825079294281,7.099817175979267,7.011289939678618,6.884342761533622,9.43527725504093
2026-02-25,9.70032858160675,9.603216540660334,9.123744704443217,9.395331861604166,9.343048401604008,9.346533520357092,9.603216540660343,7.12878796647529,7.0445970254280414,6.905092440615282,9.52296926684983
2026-02-26,9.711807479660541,9.613626130487035,9.11082223064312,9.419653337666086,9.365132877498004,9.371326065688526,9.613626130487043,7.166485598167901,7.074469882768487,6.942198155641463,9.534562349600744
2026-02-27,9.650239562780106,9.553939086001229,9.047540615700283,9.36479777866034,9.309936766119465,9.317093736825038,9.553939086001238,7.141193276576718,7.050277187297787,6.920974640679554,9.47839636167668
2026-03-02,9.483748592783003,9.371052303119509,8.904981889142805,9.204288202888996,9.148425675137261,9.15718391384203,9.371052303119518,7.058790668218472,6.961575168671679,6.836201570918209,9.288352341090253
2026-03-03,9.356386484400048,9.242656869673642,8.806657298005026,9.070578016853508,9.016373926125066,9.023770930938722,9.24265686967365,6.958743507282838,6.871379655079324,6.737194341585722,9.160638697070116
2026-03-04,9.383400433242196,9.253611729285069,8.860305959454005,9.092865650212268,9.037861564324142,9.046502009597685,9.253611729285078,6.977105060198854,6.88409849160191,6.753634543528713,9.159661504116187
2026-03-05,9.22833294175572,9.133856556636374,8.695780993122536,8.967137254739098,8.912367375381859,8.921701547932114,9.133856556636383,6.930470455395789,6.840427857888939,6.712020750379276,9.078246808543799
2026-03-06,9.054207963310063,8.985769577252796,8.538601265881834,8.809879132555517,8.757732143542414,8.764571278315758,8.985769577252805,6.823318203616465,6.747159213594485,6.607329130243693,8.95574924240712
2026-03-09,8.465978956274737,8.406673047412529,7.9751842564419455,8.255827237919576,8.205408474260423,8.212725853924981,8.406673047412538,6.428839502812531,6.355641479228532,6.223240127863453,8.388027523091829
2026-03-10,8.64123520634949,8.627740141642922,8.131058550197764,8.444188402139984,8.395323113377598,8.399641168934687,8.627740141642931,6.581620965573223,6.511417923925347,6.379632712658918,8.636534239242883
2026-03-11,8.89662261578194,8.858122523708948,8.34190766947295,8.669791994401734,8.619771413395208,8.62402949593814,8.858122523708957,6.704569586921067,6.635380300137766,6.491945604878948,8.847118253529844
2026-03-12,8.736644239805058,8.709704825664351,8.196931701541917,8.516380596638458,8.468269472260053,8.47167562500343,8.70970482566436,6.600019372829313,6.536734068885561,6.390937628870627,8.715072716092262
2026-03-13,8.674449761212474,8.670475320332546,8.115855532992096,8.476619794870828,8.428508790959569,8.431736734954304,8.670475320332555,6.586104656914406,6.5317294488940725,6.381494587968574,8.697790955861803
2026-03-16,8.652730785455278,8.662973011427107,8.090536720157793,8.459449630544652,8.41262263828664,8.414850911876234,8.662973011427116,6.57440953045615,6.52704736897648,6.3720222808042815,8.70353512304
2026-03-17,8.740411523448124,8.746685765488376,8.167070437459016,8.54128044961919,8.49410924107393,8.49617110295079,8.746685765488385,6.625712144025353,6.573336201475611,6.4209311125358335,8.78176561251435
2026-03-18,8.773182324769213,8.771716623135518,8.222461977173634,8.569570383193648,8.52203348857226,8.524553087386769,8.771716623135527,6.654345558309489,6.602147115519631,6.448745620001949,8.804524943366701
2026-03-19,8.674499403357496,8.694285492064349,8.139764231977766,8.484936025857907,8.43856739490302,8.440277954055148,8.694285492064358,6.6214992917547475,6.566298495339083,6.414260314888604,8.74845824869212
2026-03-20,8.462272915183151,8.499435943403947,7.95544429495284,8.278256897286209,8.234153673117927,8.234333474841764,8.499435943403956,6.441569138476922,6.394485220412495,6.239047877313838,8.571221248107369
2026-03-23,8.21180411156423,8.268204753722495,7.740055435933852,8.046709081974605,8.004636678457945,8.004243503172686,8.268204753722504,6.306396557308486,6.262665690036392,6.108858241646061,8.362082399655707
2026-03-24,8.359510186891933,8.427491489570022,7.890492921653766,8.179913012727024,8.138581212944027,8.137002810646447,8.42749148957003,6.373854483391552,6.332254300828227,6.172826433103985,8.519761305953885
2026-03-25,8.574794459395445,8.61980196627999,8.071593553614738,8.367751902022873,8.325486100603584,8.323856527039085,8.619801966279999,6.454792504593782,6.42037440202168,6.255125629400421,8.687469375093254
2026-03-26,8.449675498631962,8.510602782752338,7.961515094575607,8.259236290146843,8.21746489205775,8.215905455884606,8.510602782752347,6.427104202080408,6.386955068317835,6.22584695702918,8.595696671595098
2026-03-27,8.61816915732849,8.66140344209376,8.10628547866872,8.408687156871984,8.36616835538671,8.364823191644678,8.66140344209377,6.494406411890951,6.457122884858933,6.295583013723088,8.730379120936561
2026-03-30,8.576093635155273,8.621379402101082,8.069905990702246,8.372555198791895,8.330123394236553,8.328688830166053,8.62137940210109,6.490058475681804,6.448789535664503,6.287979211308947,8.694771399874982
2026-03-31,8.599336940287502,8.659553585757925,8.099761153001678,8.398807587536083,8.356651358907566,8.354860355705613,8.659553585757932,6.503966132732833,6.460493253461988,6.301918431304763,8.740769353949371
2026-04-01,8.74732338550847,8.776190796738188,8.214700775954993,8.535577962738378,8.491278792588629,8.490820436419446,8.776190796738195,6.57309487267488,6.527666911615046,6.365436169242227,8.830361612586893
2026-04-02,8.67259671671744,8.69047661606512,8.135842034229773,8.4586962008896,8.414554410874022,8.414255288598799,8.690476616065126,6.493348212197843,6.449871641408032,6.288778874452895,8.738957504182087
2026-04-03,8.618459238483712,8.633850976985304,8.076780244549585,8.410623840441401,8.366394441462777,8.366320334163708,8.633850976985311,6.519277515624524,6.466666353949516,6.312177948735096,8.684819980568285
2026-04-06,8.576544302600507,8.607262034261357,8.047077623195971,8.387730139885031,8.343336750487914,8.34339903337684,8.607262034261364,6.570629455620294,6.506799308622813,6.35511522730442,8.668380345023733
2026-04-07,8.584519335613043,8.625006586021264,8.05346692580782,8.404132171253673,8.359676158808256,8.359615445632432,8.625006586021271,6.636732750749124,6.5659158060281735,6.416656872500421,8.694511193849394
2026-04-08,8.980700746920778,8.99527532512756,8.40629024291889,8.77081427356114,8.723902460640057,8.72434146373804,8.995275325127567,6.832096320457554,6.763437705299966,6.609989242858105,9.031503298147474
2026-04-09,8.896722146322729,8.93227580831825,8.34109418425066,8.702528817426257,8.656509573744382,8.656429771431812,8.932275808318257,6.83111305028813,6.75863351102382,6.607566441800342,8.991833484352215
2026-04-10,8.960744152930433,8.991061906971831,8.400916324390606,8.767008555077195,8.719966035339793,8.720537486108654,8.991061906971838,6.893296996682807,6.816900144999041,6.6648341599287635,9.045737776941449
2026-04-13,8.914410239963319,8.935750630903105,8.352744773689508,8.72324560929764,8.675394726420931,8.67678274401973,8.935750630903112,6.834891720337073,6.762489585084887,6.60556956041033,8.98625412559653
2026-04-14,8.956066402345806,8.971756475471828,8.381296160008418,8.755336823298363,8.707585592510874,8.708915009825336,8.971756475471835,6.830300102322944,6.758821990023244,6.603165430934764,9.01425775745658
2026-04-15,8.997407460858344,8.986955000301174,8.395313781112332,8.796633065538385,8.746908701829268,8.750038057507775,8.986955000301181,6.889807726829946,6.803360880916437,6.6589069554631255,9.00895497314172
2026-04-16,8.994857582226038,8.966447541867064,8.347784007129212,8.780111774904963,8.730347544691568,8.73383057145174,8.96644754186707,6.858069266278484,6.769889960640003,6.626681798249258,8.966071689325167
2026-04-17,9.035341259317999,9.008565365159836,8.397659142052785,8.809386102348686,8.759891204698585,8.762991632733398,9.008565365159843,6.820781411141365,6.736579468294546,6.59150456686652,9.013926448669253
2026-04-20,9.101751278173069,9.069909844549224,8.449999819208074,8.865670265935842,8.816044040026272,8.81909093243271,9.069909844549231,6.821726859594688,6.744250039905245,6.593178252547624,9.066140306296822
2026-04-21,9.059459547190041,9.025931439223026,8.405694903667726,8.838520468308978,8.788392712514725,8.791917721520393,9.025931439223033,6.8549085166084,6.771223681648981,6.624310928344618,9.022366028200123
2026-04-22,9.078739306548615,9.034022240205571,8.406602433753385,8.850870155875029,8.800490782697558,8.804373878250548,9.034022240205578,6.847499431485861,6.763741463575399,6.616230679143386,9.023602845186016
2026-04-23,9.09085894601541,9.045043482165706,8.441637143111128,8.856074763336665,8.805911015590365,8.809576791240612,9.045043482165713,6.78664000033327,6.714948489459468,6.564463499015699,9.028466406066645
2026-04-24,9.052979451386662,9.00385342862733,8.38824760723006,8.820412080697155,8.77023620950143,8.77414463437114,9.003853428627338,6.778221298727859,6.700990600549206,6.553540334562426,8.986897112035653
2026-04-28,9.071413576094098,9.017507390069326,8.374934403605245,8.829015567819303,8.779135299676152,8.782978029972607,9.017507390069333,6.737045175398272,6.6711521496909425,6.51820574366235,8.993921391078814
2026-04-29,9.060529035250868,9.010267684234266,8.378868179504844,8.832162251579966,8.781874480772936,8.786050710189583,9.010267684234273,6.80093984891407,6.727545896587383,6.5778806432051,8.992342465564754
2026-05-04,9.092659740198643,9.025155394222358,8.414988599094682,8.850223687147746,8.799771626017147,8.804000683518424,9.025155394222365,6.762966619913575,6.689523858014334,6.540617458003979,8.997533779156836
2026-05-05,9.118422639199043,9.03110547043066,8.41133587183433,8.874651244903276,8.823220032016973,8.828394574735631,9.031105470430667,6.770648807319837,6.697270657867694,6.546644038723823,8.989261447438746
2026-05-06,9.22077585787496,9.133072410220812,8.496846473764618,8.975017036405754,8.922972697493346,8.928229264283429,9.13307241022082,6.863148306440583,6.791415941154279,6.637792243458259,9.084589775444503
2026-05-07,9.25555978517278,9.167611840221184,8.521650070625228,9.017430310751005,8.964866175528787,8.970469737153962,9.167611840221191,6.929352260297463,6.852679253127135,6.6989456551993145,9.114534411299296
2026-05-08,9.23393090128442,9.152828006262421,8.529760109197662,9.000042485750612,8.94771128723774,8.953011158267877,9.152828006262428,6.925121233795803,6.8490886384411525,6.6950351048444166,9.10626004684025
2026-05-11,9.105595082683227,9.045969374740588,8.43050079553223,8.892786131859165,8.84106036113035,8.846086339668577,9.045969374740595,6.897208568483346,6.827607048014303,6.672225724114234,9.018616344613244
2026-05-12,9.195636645571152,9.104702138953563,8.459090410743046,8.973732946701436,8.92060994001597,8.92658908830147,9.10470213895357,6.970403177139226,6.896325172803469,6.741091478319072,9.045325048027143
2026-05-13,9.20633849592859,9.106377555211296,8.48967966586441,8.984460187445437,8.930788785438148,8.93702812361394,9.106377555211303,6.961626158503071,6.88722462511809,6.7318064903575925,9.047905389812813
2026-05-14,9.305350231356549,9.199337647896641,8.570544394128543,9.075209476034201,9.020940972663471,9.027520681934936,9.199337647896648,7.009489378953254,6.936602800026786,6.779000677784285,9.13062158515566
2026-05-15,9.309338477749503,9.178195845027062,8.544594802931039,9.071712139597647,9.016645133817502,9.023792809457147,9.17819584502707,7.000395767177818,6.935414060957545,6.774729568138568,9.09039336618426
2026-05-18,9.388854375435814,9.23387731481304,8.628987785312942,9.142185179831166,9.08616597815537,9.093681578199725,9.233877314813046,7.021044480953905,6.957000889617131,6.793442712121546,9.128988774749956
2026-05-19,9.251047610667108,9.115923825201923,8.474344425040094,9.021228877068168,8.966212488396467,8.972861188779866,9.11592382520193,6.957074844390714,6.8873192191695285,6.730150390285268,9.027548889520048
2026-05-20,9.25827509057502,9.099724320745425,8.48928733133791,9.021396571108362,8.965671477159962,8.973223878390915,9.099724320745432,6.944860635038683,6.877052628699993,6.716963158859553,8.99669491731991
2026-05-21,9.24965870705716,9.112646458421427,8.487839516155633,9.027364187577254,8.971831824127142,8.978989088635048,9.112646458421434,6.9951343683327005,6.921429910696057,6.768476372293257,9.024918468648188
2026-05-22,9.172354109146792,9.060182000420829,8.428985473054569,8.969312109113876,8.914371552387111,8.921005925775251,9.060182000420836,6.980223991340425,6.907168431730522,6.751501064080792,8.997100067751617
2026-05-25,9.188768086297621,9.108752510321892,8.448355676606567,9.01028235274595,8.955391644566149,8.961454812921758,9.1087525103219,7.062356622811814,6.9908500241246365,6.841010353961341,9.083323886163553
2026-05-26,9.253553601371106,9.19316997646294,8.518470368683891,9.07855255144737,9.023849573991706,9.02949302996933,9.193169976462947,7.096375383883786,7.042558689483102,6.8808437847288815,9.18539775583793
2026-05-27,9.250714567341326,9.228465625199304,8.539188861251723,9.098106718921148,9.043890085681676,9.048719465404474,9.228465625199311,7.166930474422244,7.1154054312064945,6.953291518004749,9.260477139735082
2026-05-28,9.146651913918578,9.093641014103392,8.423602214850511,8.980289691618104,8.926190721428473,8.93155014666877,9.0936410141034,7.04683507954438,6.995506865161316,6.835322915804915,9.097838468603795
2026-05-29,9.161534081237297,9.07527299470642,8.420298183712916,8.970112697203202,8.915727983009962,8.922139760305646,9.075272994706427,6.991884016734561,6.9496293049397995,6.785290645320893,9.03968039973321
2026-06-01,9.112598745355069,9.051891850618114,8.395937896921248,8.936175306183074,8.88250563880357,8.888079907665619,9.051891850618121,6.991356820702163,6.946899313253394,6.784058134335597,9.042449055263997
2026-06-02,9.02946125761332,8.976460699982807,8.330791315786945,8.865477262962383,8.812219951007497,8.817585834123111,8.976460699982814,6.9500999001405495,6.9077440610673415,6.744094412046399,8.986205697944456
2026-06-03,9.05757668470768,9.015255739401464,8.355921321221338,8.88432818179517,8.831911685384092,8.836550558678418,9.015255739401471,6.922721816143434,6.893399999222523,6.721589248133225,9.030153226164444
2026-06-04,9.139419180042607,9.072163949480167,8.414339042630303,8.946109093569238,8.893179057952839,8.897894372740462,9.072163949480174,6.9324998717382345,6.908579612228285,6.7165828114416515,9.066136776882434
2026-06-05,9.1439360505518,9.07180539393749,8.407447317283028,8.951665386045597,8.898529706021204,8.903527866142953,9.071805393937497,6.981914334142526,6.9491129544247725,6.7620333674117346,9.062792134019709
2026-06-08,8.9336678736241,8.883443652436714,8.252102630689947,8.771822747898993,8.719355755084552,8.72431342300407,8.883443652436721,6.89453302429828,6.856273790563403,6.674995571084606,8.899283262668243
2026-06-09,8.97881261135387,8.941211923098932,8.280137529114645,8.820329002284582,8.767941662441071,8.772473942367105,8.941211923098939,6.937086836360424,6.907338262493605,6.71940985683573,8.96210234899667
2026-06-10,9.008597813991189,8.970271931201875,8.307568699493904,8.848443092934264,8.795933123504648,8.800490679177766,8.970271931201882,6.963816187343295,6.932694322756261,6.74907947799538,8.991032576935597
2026-06-11,8.990159155963138,8.95273244419937,8.304741499071099,8.83299760034669,8.780578775192161,8.784951871111552,8.952732444199377,6.9489024654772695,6.920309774294623,6.732045710536334,8.981095363095644
2026-06-12,8.985619530579655,8.96010229821449,8.307707785510273,8.83505637213224,8.782801647011443,8.787187797828226,8.960102298214498,6.971169748170949,6.943524650870458,6.761502399325409,8.998613868170983
2026-06-15,9.04745994473164,9.045594384958898,8.37110177961741,8.906732611827495,8.854604172280414,8.858283275133724,9.045594384958905,7.04094889948088,7.009815024212027,6.8281860193660675,9.104506789879196
2026-06-16,9.04536897028323,9.038435646815799,8.358037802225295,8.901579551173752,8.849305276932022,8.853079933478481,9.038435646815806,7.026173148672685,6.990393488186665,6.813584365872994,9.08995195770993
2026-06-17,9.072452811312314,9.069046902773737,8.374787398122896,8.931411929912104,8.878833714887795,8.882638685138836,9.069046902773744,7.049942877117067,7.016397358216733,6.833226927142794,9.120689801157557
2026-06-18,9.09227043379818,9.057485297242561,8.38183552174463,8.934123113273273,8.880769429869046,8.884918197190531,9.057485297242568,7.035250474961006,7.000098479738101,6.8182326003627765,9.09335374585608
2026-06-19,9.052032396916173,9.017253923426885,8.341221182195156,8.915179933458028,8.860338183889935,8.86589945920463,9.017253923426892,7.037641549194094,7.001463487385474,6.821279424050578,9.054038404696623
2026-06-22,9.093962358629561,9.035210275586003,8.351603236981786,8.952675435008485,8.895988199575083,8.902633536249985,9.03521027558601,7.056304404284847,7.0139895177629725,6.839012537737525,9.056518679046032
2026-06-23,9.10052675745588,9.052448601793085,8.31640287792078,8.993187043128549,8.933386865457347,8.94253829701199,9.052448601793092,7.096723251977876,7.0491699481313255,6.878042723772843,9.08023295043019
2026-06-24,9.130534052243945,9.07126877826722,8.34019339199367,9.035062318381174,8.972696773211812,8.983502360615866,9.071268778267227,7.130181975488482,7.078095785029636,6.912002326641361,9.090024819042734
2026-06-25,9.103698488512109,9.057809273381139,8.297682911439074,9.027805070027357,8.96490466854558,8.97632154185703,9.057809273381146,7.151762156200626,7.09535289649197,6.9307283418080425,9.083814517256835
2026-06-26,9.125514301808398,9.093746957382612,8.299509399707784,9.073214804856546,9.009839671680114,9.022239662508122,9.093746957382619,7.206524428407075,7.155394835535103,6.9838091769558135,9.141562894405512
2026-06-29,9.168543380937903,9.148623168363436,8.359695240222342,9.12196609117054,9.057935414457443,9.070671237050624,9.148623168363443,7.210803619497588,7.167108000051526,6.990364721330399,9.20022035974648
2026-06-30,9.155695175870552,9.129371203305533,8.344989332151561,9.098479832352943,9.035029802943164,9.047385985288114,9.12937120330554,7.169537886082249,7.127039452890024,6.94753400891382,9.173390541986066
2026-07-01,9.23358577623458,9.222489241830079,8.432146728813581,9.172398342956827,9.109534058838987,9.12127399696097,9.222489241830088,7.212391516301824,7.176214109726006,6.9898643508922715,9.27776736324943
2026-07-02,9.199115118796307,9.189974790120191,8.396957999928581,9.139283934831663,9.076969659700175,9.088532864939843,9.1899747901202,7.206819190534005,7.16724942446054,6.983489877300945,9.250483118098492
2026-07-03,9.149862612066569,9.14457967523332,8.334494183922182,9.086623532396153,9.025277848180952,9.036398193211454,9.144579675233329,7.1518422335528875,7.116378672570194,6.931396806308207,9.207012366493883
2026-07-06,9.038203434330836,9.044797340463774,8.206972507679149,8.994687239943561,8.933130853961227,8.944885756314626,9.044797340463782,7.10023798584485,7.066592674023415,6.882335748102704,9.119966995654655
2026-07-07,9.062246296078008,9.074941140794534,8.229686852580667,9.032055256531969,8.968878890842307,8.981534023247375,9.074941140794543,7.129444555193755,7.095804495438438,6.909922754506419,9.15117884484116
2026-07-08,9.083360084995142,9.09878135683283,8.259916570391855,9.047488597476839,8.984989941042047,8.996996469717256,9.09878135683284,7.140121774143417,7.110842226516494,6.9211587399318395,9.179575590864989
2026-07-09,9.041901718038973,9.041757962759439,8.246565154976397,8.986693938641436,8.925438513263035,8.936423475322862,9.041757962759448,7.088778625274932,7.055449584400035,6.872290896215264,9.108453451265992
2026-07-10,8.95349416732654,8.971478131270766,8.167465082714266,8.943692750403226,8.880524024832805,8.893619514852595,8.971478131270773,7.112647879966211,7.078829012740364,6.896504224011085,9.063239363658642
2026-07-13,8.763659949602046,8.772827113411793,8.00556204588187,8.733364315176209,8.67277509869905,8.684493088673456,8.772827113411799,6.902937582825192,6.876318873544358,6.695329634149713,8.854208869502276
2026-07-14,8.83721760296067,8.840305856866761,8.067889365791588,8.800854441368708,8.739752143404392,8.751405869093222,8.840305856866767,6.958120549490077,6.9289985309534465,6.7496739040393665,8.916435188417275
2026-07-15,8.699373863391054,8.709847257317298,7.96972489804732,8.675752832430302,8.615525463892057,8.627311429468485,8.709847257317302,6.86013761333414,6.841372567743309,6.659191533290963,8.793662285276504
2026-07-16,8.786612871667433,8.783732850101512,8.02643123623857,8.766150867947616,8.703318910294252,8.71678625765708,8.783732850101515,6.924881627249416,6.9005677040902365,6.718563285347745,8.856736441215613
2026-07-17,8.736740050556989,8.749065281886152,8.057446257163686,8.743229635552774,8.679625024502855,8.695275723367235,8.749065281886155,6.965408854640093,6.936835030526518,6.75626617229784,8.842582571447101
2026-07-20,8.470531961236734,8.47054698946356,7.828646048301113,8.513823470909056,8.445536043006506,8.46628067468251,8.470546989463564,6.8320241397002786,6.784701731322243,6.621100406927744,8.553984466852905
2026-07-21,8.419812737125017,8.441935440278542,7.797634339632291,8.469874383118677,8.403539778487145,8.42309870033209,8.441935440278545,6.783326820032584,6.743197330023518,6.57480731012445,8.54009809638221
2026-07-22,8.199347614715943,8.248298857185796,7.655950626827682,8.277983181153576,8.212878021642119,8.232690867003345,8.2482988571858,6.718753824081478,6.672361098976179,6.510150444298521,8.37006714766615
2026-07-23,8.269518451325508,8.292753965778212,7.6671482071384665,8.33282619627997,8.266052046335021,8.286410806435839,8.292753965778216,6.7196347081248815,6.674885283594437,6.513679429764903,8.390680546059569
2026-07-24,8.206922462248116,8.237623620079532,7.643824490417864,8.277736127775459,8.212118801751265,8.232523895231322,8.237623620079535,6.692387809762751,6.656838388489785,6.491338913706702,8.348376605455767
