date,equal_weight__sample,inverse_volatility__sample,community_risk_parity__sample,risk_parity__sample,risk_parity__ledoit_wolf,risk_parity__glasso,risk_parity__diagonal,minimum_variance__sample,minimum_variance__ledoit_wolf,minimum_variance__glasso,minimum_variance__diagonal
2012-05-03,,,,,,,,,,,
2012-05-04,,,,,,,,,,,
2012-05-07,,,,,,,,,,,
2012-05-08,,,,,,,,,,,
2012-05-09,,,,,,,,,,,
2012-05-10,,,,,,,,,,,
2012-05-11,,,,,,,,,,,
2012-05-14,,,,,,,,,,,
2012-05-15,,,,,,,,,,,
2012-05-16,,,,,,,,,,,
2012-05-17,,,,,,,,,,,
2012-05-18,,,,,,,,,,,
2012-05-21,,,,,,,,,,,
2012-05-22,,,,,,,,,,,
2012-05-23,,,,,,,,,,,
2012-05-24,,,,,,,,,,,
2012-05-25,,,,,,,,,,,
2012-05-28,,,,,,,,,,,
2012-05-29,,,,,,,,,,,
2012-05-30,,,,,,,,,,,
2012-05-31,,,,,,,,,,,
2012-06-01,,,,,,,,,,,
2012-06-04,,,,,,,,,,,
2012-06-05,,,,,,,,,,,
2012-06-06,,,,,,,,,,,
2012-06-07,,,,,,,,,,,
2012-06-08,,,,,,,,,,,
2012-06-11,,,,,,,,,,,
2012-06-12,,,,,,,,,,,
2012-06-13,,,,,,,,,,,
2012-06-14,,,,,,,,,,,
2012-06-15,,,,,,,,,,,
2012-06-18,,,,,,,,,,,
2012-06-19,,,,,,,,,,,
2012-06-20,,,,,,,,,,,
2012-06-21,,,,,,,,,,,
2012-06-22,,,,,,,,,,,
2012-06-25,,,,,,,,,,,
2012-06-26,,,,,,,,,,,
2012-06-27,,,,,,,,,,,
2012-06-28,,,,,,,,,,,
2012-06-29,,,,,,,,,,,
2012-07-02,,,,,,,,,,,
2012-07-03,,,,,,,,,,,
2012-07-04,,,,,,,,,,,
2012-07-05,,,,,,,,,,,
2012-07-06,,,,,,,,,,,
2012-07-09,,,,,,,,,,,
2012-07-10,,,,,,,,,,,
2012-07-11,,,,,,,,,,,
2012-07-12,,,,,,,,,,,
2012-07-13,,,,,,,,,,,
2012-07-16,,,,,,,,,,,
2012-07-17,,,,,,,,,,,
2012-07-18,,,,,,,,,,,
2012-07-19,,,,,,,,,,,
2012-07-20,,,,,,,,,,,
2012-07-23,,,,,,,,,,,
2012-07-24,,,,,,,,,,,
2012-07-25,,,,,,,,,,,
2012-07-26,,,,,,,,,,,
2012-07-27,,,,,,,,,,,
2012-07-30,0.19449118796155226,0.16993936529766232,0.16898817265559823,0.1623831850440404,0.16278602466425465,0.1623095235729314,0.16993936529766232,0.12150520401488106,0.12217456850461547,0.12239609994345928,0.15309649663840794
2012-07-31,0.19301897070427898,0.16859674929699492,0.16765237414522002,0.16109490630708534,0.16149466384845568,0.16102163399283867,0.16859674929699492,0.12062829405010775,0.12128399998995908,0.12151726209041891,0.15187658598936138
2012-08-01,0.19200572536957716,0.1675928507254741,0.16688984813795724,0.16006772219026996,0.16046933779673234,0.1599956097015761,0.1675928507254741,0.11977174437793858,0.12043156818246253,0.12064787095690935,0.15097594669971953
2012-08-02,0.1913541292408888,0.1678682343096671,0.16732999842356897,0.16063529718220007,0.1610256571358181,0.16056607169578735,0.1678682343096671,0.12294860341704558,0.12363681143018228,0.12379535495963206,0.1523912434526062
2012-08-03,0.19014464399946338,0.16739245289191876,0.16770102708379012,0.1601753496363466,0.16057079673378086,0.16012104524044513,0.16739245289191876,0.12345454593936171,0.12413271955423633,0.1243059509923344,0.15271516050574344
2012-08-06,0.19026272122143437,0.16791414970851015,0.16954407932972734,0.16033041128454553,0.1607556918608536,0.1603003205736926,0.16791414970851015,0.12365546070354512,0.12435540538698153,0.12450902788960473,0.15370298563492873
2012-08-07,0.18891279649231177,0.16669067860171677,0.16832638288765192,0.15915078377086747,0.15957335524405883,0.15912115626913687,0.16669067860171677,0.12275502362158719,0.12345177105393479,0.12360259745492462,0.15256865679212883
2012-08-08,0.18802126592215065,0.16568056376294574,0.16723738505025618,0.1581731631859844,0.1585931757037655,0.1581422625658822,0.16568056376294574,0.12189967645250586,0.12259174312386578,0.12274178554304027,0.15153900769818446
2012-08-09,0.18940301859313044,0.16664710135725758,0.16839830115811064,0.15883426299720949,0.1592784255627738,0.15881741301641752,0.16664710135725758,0.12187578244970353,0.12263629285619626,0.1227136053220179,0.15244205405551262
2012-08-10,0.18845773838612606,0.16588271186195483,0.16772151456725246,0.15801626080198758,0.15846529591366645,0.15800362831848025,0.16588271186195483,0.12128106338477178,0.1220506675517049,0.12211236977118362,0.151843380187604
2012-08-13,0.18730070731467727,0.16507579420920593,0.16749988446391337,0.15726934283085553,0.15771787709824805,0.1572624527927443,0.16507579420920593,0.12112032283119387,0.12189729299678995,0.12197050654321255,0.15136373495677274
2012-08-14,0.1866328922832472,0.165114922618457,0.1689458719706508,0.1571366265062561,0.1576011771292811,0.15714611435222026,0.165114922618457,0.12142802306587573,0.12220120778533906,0.12226072721527664,0.15207290189298275
2012-08-15,0.18536757504001677,0.16409017662989525,0.16795818903563503,0.1561816531287551,0.1566427652817342,0.15619188229779782,0.16409017662989525,0.12095338700367213,0.12173123773771719,0.12177386705494062,0.1513061568859831
2012-08-16,0.18414359614187376,0.1631289369554341,0.16700874692148174,0.15528392111049566,0.15574191099099643,0.15529560592886443,0.1631289369554341,0.1207005188043989,0.12145258029419119,0.12150544768725573,0.15059471662595914
2012-08-17,0.18406178691219746,0.162721111852042,0.1672058477498279,0.154814516716872,0.15527512478495792,0.15482797328479767,0.162721111852042,0.12055863014119031,0.12126351659718763,0.1213523736455727,0.15022614614809168
2012-08-20,0.1833537706929649,0.1622006139381697,0.16684992794886386,0.15436494941741186,0.154822391881028,0.15437819816883705,0.1622006139381697,0.12034102742904543,0.1210577742679228,0.1211343261886498,0.149846055100693
2012-08-21,0.20084257366828168,0.18400596105639971,0.18692285497279593,0.17638852392810694,0.17684304738456244,0.17644524059272296,0.18400596105639971,0.14759526714610188,0.14811402058617973,0.14819767026313682,0.17315041491331984
2012-08-22,0.2052788253555362,0.18845038510064904,0.18965251728400867,0.18045895906598466,0.1809191855926048,0.18053043387610224,0.18845038510064904,0.15082994928265653,0.15105207819880445,0.15135498950045723,0.1762651531259781
2012-08-23,0.2204679277809607,0.20530067690353196,0.20635049898815896,0.19773047569638597,0.19819001762097682,0.19779628743955446,0.20530067690353196,0.1697732885458905,0.17129987286227133,0.17020641223951935,0.19472198205528407
2012-08-24,0.22434573105160774,0.20921969059675063,0.21032915676570318,0.20132403876778515,0.2018267641373617,0.2014017815139644,0.20921969059675063,0.1716132665253587,0.17346143155027527,0.17204756316396735,0.1985839007491947
2012-08-27,0.2327792442091544,0.2189157191095795,0.22066253394927235,0.2103936239436709,0.21099793955247573,0.2104570123999139,0.2189157191095795,0.1789961482390902,0.1832174314160856,0.17937945800523986,0.2096169227806814
2012-08-28,0.23139039744581935,0.2176016157607188,0.21969854447694223,0.20913460831302866,0.20973538501745742,0.20919712983343672,0.2176016157607188,0.1779537446736736,0.1823868484869518,0.17833580430272794,0.20843318407860567
2012-08-29,0.23374551434110247,0.2197099267179283,0.22294680259861288,0.21053311960837376,0.21121662401457397,0.21058737246107395,0.2197099267179283,0.1772450798725269,0.18224379709766308,0.1776170301982455,0.2103710630949434
2012-08-30,0.2331479906369026,0.21951381596196473,0.2238762603345509,0.2104915585467334,0.2111604674226797,0.210539083628183,0.21951381596196473,0.17881096786832126,0.18347443864785418,0.17915480794635952,0.21051680509269133
2012-08-31,0.23183319096138283,0.21823974406746333,0.22273861279250134,0.20928119680304205,0.20994084745457137,0.20932951771623662,0.21823974406746333,0.17851069317272109,0.18291203403841624,0.17885038516704044,0.20928929216645098
2012-09-04,0.23225280774048881,0.2191455995368437,0.22333538382182977,0.2105783170290219,0.2112001679411517,0.21062830275830782,0.2191455995368437,0.1821490650741527,0.1861006882609135,0.1825041977048327,0.21056818006396008
2012-09-05,0.2315169492295093,0.2183650102988323,0.22238643620357293,0.20985934084515398,0.21047744121197176,0.20990805049810113,0.2183650102988323,0.18156386141579664,0.18550795012619592,0.18190750766810196,0.20980274734811147
2012-09-06,0.23091347487561434,0.21781563094896106,0.22185010415197176,0.2093715150485217,0.2099865859752659,0.2094187366843349,0.21781563094896106,0.18124319333871192,0.18521877505552214,0.18157040416830245,0.20928340174106866
2012-09-07,0.22988488122939374,0.2168496203695088,0.22104905300755243,0.20850711933891128,0.20911271061499345,0.20855221222760614,0.2168496203695088,0.180935283191214,0.18468763945471225,0.18124347702144084,0.20831810116443686
2012-09-10,0.2333905617159702,0.2203797783929192,0.22434571272081888,0.2112426129612754,0.21194211292711485,0.21129093894800277,0.2203797783929192,0.1809750488373477,0.18557247781310401,0.1812850406609988,0.21192886261071642
2012-09-11,0.23220673797009767,0.21924027355368647,0.22315701598511406,0.2101173650935029,0.2108157936586818,0.21016500264260982,0.21924027355368647,0.18002201575872923,0.18460038876718807,0.18033236820835247,0.210811707727207
2012-09-12,0.2313391072646353,0.21829613286640312,0.2220685827336479,0.2092211393739661,0.2099162134409615,0.2092664485510861,0.21829613286640312,0.17919599816093107,0.18373628607996528,0.1795052845590018,0.20981984333832462
2012-09-13,0.2312881778572379,0.21802595418708925,0.22226718282056385,0.20873086589433926,0.20944734938128048,0.20877628147202337,0.21802595418708925,0.17824955423832406,0.1827662216188067,0.1785570930897672,0.20937175202096234
2012-09-14,0.23387054113363498,0.22070570212592439,0.22525823435113773,0.21101650292925736,0.21178177364065803,0.21106332383847048,0.22070570212592439,0.17911349482546743,0.18397219876350854,0.17945716919207566,0.21200024076966634
2012-09-17,0.23391372846638653,0.22078165819620546,0.22517522797574566,0.21114777232243997,0.21190400920587027,0.21119133342346344,0.22078165819620546,0.17925395789270474,0.18381059396691515,0.17960232003618468,0.21204777635045233
2012-09-18,0.23563238212059037,0.22255168886450738,0.22683210041502047,0.2122403193346171,0.21307400480454003,0.2122928593021862,0.22255168886450738,0.17842817263865116,0.18340465297622308,0.1787773654329233,0.21384749205218964
2012-09-19,0.2344270952798925,0.22152364999854357,0.2257131832821751,0.2113586511872412,0.21217730141473573,0.21141001653157518,0.22152364999854357,0.17855433114752617,0.18383691444298775,0.17889009596801153,0.21312381444926762
2012-09-20,0.23434389709122336,0.22196383187789814,0.22671079066345592,0.21170571833978383,0.2125329130428858,0.2117604207697505,0.22196383187789814,0.17901548652480745,0.18419734809915508,0.17933284733785634,0.21389350730773538
2012-09-21,0.23645072343496576,0.2237179641647915,0.22904832687387075,0.2131771485416916,0.21401436893936265,0.21323042642435353,0.2237179641647915,0.17890539418721807,0.1841471289650342,0.1792420219431936,0.21525971439018549
2012-09-24,0.23592478644295786,0.2231667010723881,0.2293583694735419,0.2125928738456437,0.21342894121554098,0.21264682149147274,0.2231667010723881,0.17810350874705758,0.18331616771195108,0.1784382063170022,0.21466457604301561
2012-09-25,0.23476801690483146,0.22208887641945643,0.22825097299329541,0.21156287114889033,0.2123952891497001,0.21161725032094486,0.22208887641945643,0.1776348399075496,0.1827510548390307,0.17792987783203185,0.2136542818649065
2012-09-26,0.23419704661561538,0.22158135320445993,0.22749459466631536,0.2111076232771041,0.21193691956891883,0.2111621197939427,0.22158135320445993,0.17760119221342865,0.1826886613494998,0.17788127124308453,0.21319730581590948
2012-09-27,0.23309343315998188,0.22054258343687036,0.2264645650334692,0.21010448006953872,0.21093017125394137,0.2101584397844741,0.22054258343687036,0.1767536091440441,0.1818114404275407,0.177032550441259,0.21220030560865027
2012-09-28,0.23201718972311017,0.21951160549230866,0.2255912328580133,0.20910952063059937,0.20993169881914203,0.20916346379004666,0.21951160549230866,0.1759799596821382,0.1810063858716208,0.17625294093207447,0.21119817362794693
2012-10-01,0.2323801895389095,0.21967436447148797,0.22502815160866138,0.20932459204856174,0.2101413940835164,0.2093650139568477,0.21967436447148797,0.17570271894615064,0.1806875039877188,0.17599515045756134,0.21119982864838432
2012-10-02,0.23144597990122392,0.21875881917452544,0.22411640542085587,0.20846441732789528,0.20927674022575046,0.20850324932967843,0.21875881917452544,0.1749158823623857,0.17987226763247746,0.17520866220671732,0.21029160764850233
2012-10-03,0.23103549509684831,0.21810515333155212,0.22379393432331515,0.20779465194447813,0.2086055442189896,0.20783083872636765,0.21810515333155212,0.17422742053462031,0.17914014434922665,0.17451807941880912,0.20948056889809014
2012-10-04,0.22997480196124256,0.21710302648072546,0.2228217950662695,0.20683985375664157,0.20764688035850154,0.20687568747419052,0.21710302648072546,0.17343543236770792,0.17832559554015404,0.17372373106677094,0.20852257448121553
2012-10-05,0.22915318027774656,0.21634283119498815,0.2221744500165871,0.2061182523211375,0.2069216511369247,0.20615330180975835,0.21634283119498815,0.1728034783203307,0.17767316221084448,0.17308609375262232,0.2077881653084237
2012-10-08,0.22952674789669253,0.2164928440988793,0.22218510432471808,0.20624146889420972,0.20704394317155658,0.2062716626933347,0.2164928440988793,0.17241626022880932,0.1772852346209993,0.17269168894380366,0.20774828665903347
2012-10-09,0.22849977804605168,0.2155251719443709,0.22123750018268548,0.20531895170014708,0.20611784325155894,0.20534907370541974,0.2155251719443709,0.1716489878813862,0.17649551958576137,0.1719225409614366,0.20682218763509186
2012-10-10,0.22750785280746555,0.21458739899864795,0.22025954353350616,0.20442556951752563,0.20522100902293094,0.2044553394619294,0.21458739899864795,0.17088929301618952,0.17571581762615737,0.17116227431698505,0.20591844314393717
2012-10-11,0.22656310767576296,0.21365568693932638,0.21931215794587022,0.20353272176032078,0.2043249800194882,0.2035623061983179,0.21365568693932638,0.17026770667092986,0.1750594291570053,0.17053688736079725,0.205013322906175
2012-10-12,0.22567003893482168,0.2128177367540898,0.21847703709178798,0.20276397542573527,0.20355110538959123,0.20279304664491152,0.2128177367540898,0.169711875924875,0.17445830126596337,0.16997942271232255,0.20421731823783779
2012-10-15,0.22487763166058597,0.21198960659198707,0.21784525659515064,0.20195386059619247,0.20273835064100257,0.20198174331036128,0.21198960659198707,0.1691528987705585,0.17384331758769034,0.16939507623936395,0.20337529949703523
2012-10-16,0.2275084534808593,0.21403629720144046,0.21991131335691178,0.20411196452395663,0.20488636135138058,0.20413177293995163,0.21403629720144046,0.16989867789956656,0.17460509826650913,0.1701364835680742,0.20499671182868512
2012-10-17,0.22663465998254062,0.2131995372211827,0.21897750390077333,0.2033168022434459,0.20408770462782042,0.20333415193787457,0.2131995372211827,0.16918070020566287,0.17387140528663225,0.16942017693354872,0.20418423180985287
2012-10-18,0.22583044475372488,0.21244411135768654,0.2183141757247033,0.2025900561202922,0.203358279088988,0.20260785359797012,0.21244411135768654,0.16853379821163136,0.17321262800116632,0.1687699600620015,0.20345303061262413
2012-10-19,0.22505823842976502,0.21170512797341845,0.21767004541310558,0.2018812820474695,0.2026454239576657,0.20190006300977006,0.21170512797341845,0.16789337420856687,0.17252593869338526,0.1681241021933936,0.20274007723458254
2012-10-22,0.22412787830372477,0.2108302249961595,0.21676929639944092,0.20105616109568014,0.20181642524181567,0.20107525735403575,0.2108302249961595,0.16765320316677185,0.17220565077308156,0.16788108015293954,0.2019199200694355
2012-10-23,0.22327710366465772,0.21000784543184106,0.2159037388378137,0.20026682490040304,0.20102442106022478,0.20028539062793008,0.21000784543184106,0.16697088335191412,0.17150040742333883,0.16719657477413638,0.20111428605207787
2012-10-24,0.2224446803891423,0.20921044314337303,0.21508200674460312,0.19952180684737403,0.2002754931506203,0.1995401088349601,0.20921044314337303,0.16635162423726493,0.17085608550046238,0.16656975411343644,0.20034221093823026
2012-10-25,0.22168136167021177,0.2085327563718677,0.21437443386334903,0.1989146399028352,0.19966278752537786,0.19893151687868943,0.2085327563718677,0.16587977037452517,0.17037538909831287,0.1660856599549481,0.19971541727879275
2012-10-26,0.22085697601667606,0.20777252780802563,0.21359821596582249,0.19821768816249444,0.19896108431968942,0.19823397096400827,0.20777252780802563,0.165272767945483,0.1697664851504898,0.16547832203718416,0.19899173912670828
2012-10-29,0.22056975504407267,0.20760975709182639,0.21341332539884797,0.19795958715652726,0.19870873633249447,0.19797481376229303,0.20760975709182639,0.1651426113434352,0.1696739919148321,0.1653556051895439,0.19893941196506534
2012-10-30,0.21974435853923088,0.20671517925549754,0.21258193094740635,0.19703018924538668,0.19778255842429204,0.1970443710924585,0.20671517925549754,0.1636620959608225,0.16812921990342464,0.16387396058158096,0.19801025734807123
2012-10-31,0.21750417847114373,0.204960165897608,0.21098967733225188,0.19519365078337864,0.19594943296674194,0.19520935726472882,0.204960165897608,0.16251653057157994,0.16695077592920804,0.1626221485571507,0.1966058472360164
2012-11-01,0.21723541443133687,0.20480372804319769,0.21085086189361216,0.19507001442709032,0.19582550671087523,0.19508864307579565,0.20480372804319769,0.16289857539432973,0.16730928494486313,0.16297782834059293,0.19659978022193852
2012-11-02,0.22244374947223547,0.21000363641527534,0.21587033545173498,0.20063241656937508,0.2013596477485798,0.2006460003876742,0.21000363641527534,0.16792659281061634,0.172144219250341,0.16806606091514362,0.20172651608315376
2012-11-05,0.22248101334772566,0.21010081123087485,0.21600438632313357,0.20079997582313,0.20152256353818088,0.200814665859684,0.21010081123087485,0.16848610336483183,0.17273714321304692,0.16862030865872438,0.20189167044839132
2012-11-06,0.22225483789743322,0.20991345389258095,0.21578928919468712,0.2005431200654037,0.20127048936558642,0.20055870107298365,0.20991345389258093,0.16796800506629303,0.1723122152918641,0.16814659183483674,0.20173018432048323
2012-11-07,0.22356775777743546,0.2109793165118887,0.21678968576122037,0.20130926843153277,0.20205052946277843,0.20131720718088644,0.21097931651188867,0.16761823101295634,0.1720043372525664,0.16772799739681848,0.2025430008214983
2012-11-08,0.22253130736638616,0.21015846185227147,0.21635065233180237,0.20055232509296256,0.20128611482359407,0.20055911563566153,0.21015846185227144,0.16705366123461513,0.17139198279649676,0.16709575859095452,0.20194720780985484
2012-11-09,0.22275192796661045,0.21034453348360407,0.2165084106131991,0.20069409782205075,0.20142962694206887,0.20070088494847665,0.21034453348360405,0.1670262875647318,0.17138254471083947,0.16709306666146523,0.20208980979774724
2012-11-12,0.2229068991020362,0.21052412635528844,0.21638854151911863,0.20081776216913547,0.20155676264213346,0.20082403672062793,0.21052412635528844,0.16727229946675642,0.17160264914183176,0.16733089485069438,0.20231725644726395
2012-11-13,0.2215056245341955,0.20939639001744287,0.2153430196027878,0.1998147906752357,0.20054915101621776,0.199829056999064,0.20939639001744284,0.16673781444951258,0.17108884263888002,0.16681480106981378,0.20136717840116555
2012-11-14,0.21659906037326657,0.20465351883657795,0.21091938921594416,0.1950199727139002,0.1957621886338799,0.19504144805552195,0.20465351883657792,0.1620302322734609,0.1663621271116493,0.16203712200389694,0.1967026790151319
2012-11-15,0.21627839467840299,0.20420149998351975,0.21041389810368122,0.19469154783060053,0.19542630719511242,0.1947112578335131,0.20420149998351975,0.16177211954078913,0.166089268478216,0.16178131937359674,0.19613423784796566
2012-11-16,0.21438935305313134,0.2026093907708795,0.20881276130424373,0.19320451382085693,0.19393616599643515,0.19323201647677346,0.20260939077087947,0.16110100226807608,0.1654144562414744,0.16104978606464088,0.19478874132665253
2012-11-19,0.2137484711372675,0.20203263438975388,0.20823751901573395,0.19261065021435098,0.19334504466536429,0.1926370948498495,0.20203263438975388,0.16105619926869066,0.1653049105020785,0.16095383155090043,0.1942984098691079
2012-11-20,0.20857288131961035,0.19768625171672746,0.20415088868966055,0.18861383098548856,0.1893363171872737,0.18865668948896697,0.19768625171672746,0.15936054949965645,0.16356966341263215,0.15925094946112872,0.1906918234046715
2012-11-21,0.20867385971190922,0.19775270469248057,0.20419959156320236,0.18870233936412728,0.18942313390575394,0.1887451533345891,0.19775270469248057,0.15941746983463695,0.16362184050689868,0.15930785153306298,0.19073154176761725
2012-11-22,0.20857145907656355,0.1976573781929326,0.2041237278664733,0.18863355241511073,0.18935304197954736,0.1886763463901536,0.1976573781929326,0.15952758846087003,0.16371746599979464,0.1594254461417166,0.19067085141469328
2012-11-23,0.20852772508139505,0.1975857257819466,0.20406501105980152,0.1885405576841658,0.1892601209544198,0.18858382516175165,0.1975857257819466,0.1592783194808874,0.1634429261651699,0.1591667369423432,0.19058198846889324
2012-11-26,0.20826479970779196,0.19739435448408704,0.20386091555182637,0.1883638677154852,0.1890813328221965,0.18840480719348393,0.19739435448408704,0.15938138793922424,0.1635257341584025,0.1592665105781138,0.1904182428375406
2012-11-27,0.20811299688628784,0.1972578198498658,0.20375297591253724,0.1882166858254094,0.18893453167567406,0.18825776787664597,0.1972578198498658,0.15931073806323967,0.16344532237862647,0.15919151623856118,0.19029057744506284
2012-11-28,0.20552118458812366,0.1951517598121747,0.2015753060333373,0.1862642904476337,0.18697452258212366,0.1863066417260836,0.1951517598121747,0.15900192033656166,0.16314691409305238,0.15888538151382542,0.18864415818129676
2012-11-29,0.20521772782978032,0.1949707059870393,0.2013604857448095,0.18610836175522727,0.18681606335433348,0.18615255390561264,0.1949707059870393,0.15910625746745155,0.1632338059033972,0.1589885262833931,0.1885387601604291
2012-11-30,0.20452166837093966,0.1944208640665533,0.20090009298812453,0.18556436306347676,0.18627213117505337,0.18560871999484957,0.1944208640665533,0.15901681571282061,0.16314067998402457,0.1588993076574883,0.18814183965726927
2012-12-03,0.20352104203688207,0.19388873245885208,0.2005237345922356,0.18516543298738178,0.1858635267033798,0.1852092551667922,0.19388873245885208,0.1592840956344148,0.16341968281166214,0.15916691931371443,0.187923138755254
2012-12-04,0.20418433573308248,0.19438596950215298,0.20117570586795325,0.18572837565357847,0.18642124007978028,0.1857674577373293,0.19438596950215298,0.15938934026742776,0.1635998582799887,0.1592815442282339,0.18828107499604713
2012-12-05,0.2047770252887672,0.1949178732696514,0.2016288175082454,0.18621080158593312,0.1869061019279383,0.1862470171895725,0.1949178732696514,0.15972320026154507,0.16391107345591321,0.15959322613315446,0.18871725601312492
2012-12-06,0.20466069212901247,0.19483234271983166,0.20152338918375876,0.18612628000497256,0.18682176016993607,0.18616341885240853,0.19483234271983166,0.15971462235217546,0.16390543022310958,0.15958387087950585,0.18865880799307774
2012-12-07,0.20472190574750618,0.19490474817803227,0.20158807414807786,0.18617649810524478,0.18687360567651295,0.18621566041957405,0.19490474817803227,0.15988876186534542,0.164057762085972,0.15975171759333243,0.18873570093612252
2012-12-10,0.20523483738461054,0.19546208786349456,0.20174179083934085,0.18673434790221785,0.18743207598869863,0.186777976677389,0.19546208786349456,0.16079359979609148,0.16496116764467025,0.16064206444175178,0.18931276382878565
2012-12-11,0.20451302409429634,0.19471279642798417,0.20115898982878275,0.1860876752245984,0.18677769436139546,0.1861140841798496,0.19471279642798417,0.16049953177914908,0.16471517371033925,0.16030502170109753,0.18853047062016526
2012-12-12,0.20515848931610875,0.19509379612378727,0.20131602883610156,0.18636244677726127,0.18705914983717578,0.1863900729929557,0.19509379612378727,0.16050568239637908,0.16472019213893904,0.16031622381398103,0.18874296190266857
2012-12-13,0.20511658273091105,0.19500666347634407,0.20103187671943215,0.18636626065660325,0.1870581593680091,0.1863886285117021,0.19500666347634407,0.16048436185722356,0.16469973294808216,0.16029338268907856,0.1886633992989513
2012-12-14,0.20540880721797083,0.1955694806436219,0.20150864539082303,0.18703491837447944,0.18771444922284466,0.18706029350341957,0.1955694806436219,0.16126892911283508,0.16556815326161745,0.16114951084117102,0.18935920304784062
2012-12-17,0.2053583145270514,0.19559894065142303,0.20166809167693978,0.1870381992642084,0.18772338291480234,0.18706266305266622,0.19559894065142303,0.16134796916623598,0.16560929280723555,0.16122261124146825,0.18946988239535476
2012-12-18,0.20547186327673153,0.19544357787415373,0.2014215120605178,0.18677212338005666,0.1874639114870158,0.1867933704752528,0.19544357787415373,0.1605655663858892,0.16489729555585886,0.16043238262383294,0.18924782199112714
2012-12-19,0.20698799770811357,0.19646268225721744,0.20205178968006876,0.18785262105491457,0.18853230006542124,0.18786963701982343,0.19646268225721744,0.1608594488872706,0.1651068374278763,0.1607097587737064,0.19004181659386266
2012-12-20,0.2062058861205203,0.19594499667019166,0.20150843986686004,0.18737931063501737,0.18805507320594878,0.1873982069012092,0.19594499667019166,0.1609245299050149,0.1651361169976367,0.16076938595059792,0.1897214241902168
2012-12-21,0.20617482108556898,0.1959362125131988,0.20151919066497384,0.18735581122239728,0.18803277020480264,0.18737497432296552,0.1959362125131988,0.16105020755431385,0.16521117110578945,0.16092730535537106,0.18977092942614066
2012-12-24,0.20626689590403324,0.1958447000330221,0.20138482964553517,0.1872286695879959,0.1879080476821812,0.1872492130234445,0.1958447000330221,0.16078366971772373,0.1649683292449308,0.1606706153243666,0.18964990080225422
2012-12-25,0.20601949785113752,0.19546299477047085,0.2009376600629391,0.18682069089848757,0.18750087857954256,0.18684108345755845,0.19546299477047085,0.16062884470749464,0.1647739767296881,0.16052378049623087,0.18932980595389007
2012-12-26,0.20666440596754956,0.196167278205273,0.20127646041134617,0.18755753977528605,0.18824210071237052,0.18757730128377212,0.196167278205273,0.16149268894098684,0.1657380080061049,0.16139369856686067,0.19007053503212862
2012-12-27,0.2065550591528979,0.1967640836794126,0.20168837357735797,0.18829144262523878,0.18896768542249667,0.18830166565199355,0.1967640836794126,0.16308952350460548,0.16723235674283382,0.16290113918295254,0.19102999875085344
2012-12-28,0.2072172787008339,0.19725678099040145,0.20199426399845105,0.1888638499879239,0.18952556687755936,0.18886911191892883,0.19725678099040145,0.16332906709596062,0.16748841786487917,0.16313489726110403,0.1913795396179862
2013-01-02,0.20969277118200397,0.1994171443731324,0.20397643677669808,0.19076328325329775,0.19148421258375842,0.1907732837894421,0.1994171443731324,0.16501511919429,0.16929793190787928,0.1648392748436066,0.19347246948754632
2013-01-03,0.20968596049981117,0.199419214043122,0.20397863901573063,0.1907641374836262,0.1914852443404864,0.1907738530961002,0.199419214043122,0.1649837636671062,0.16927659511989712,0.1648108785104945,0.19346892232260182
2013-01-04,0.20992678005691096,0.1995431339172249,0.20423372137036888,0.19094567817377842,0.1916768674490102,0.19094978356925557,0.1995431339172249,0.1651856345874397,0.1695453034120577,0.16502533763832097,0.1935406563736813
2013-01-07,0.21093551971208038,0.20084797964523737,0.20521322425373234,0.19256817565808326,0.19325023317131412,0.19256104088791853,0.20084797964523737,0.16716002130215424,0.17132438841252504,0.16693662878361482,0.1948760524470205
2013-01-08,0.21629253123739764,0.20575169453202113,0.20923751687465197,0.19736521724037176,0.19808185255232238,0.19735686582211598,0.20575169453202113,0.17218657049238653,0.17618753872033463,0.17194197398664907,0.19963862673349508
2013-01-09,0.21631693486297288,0.20619260947543003,0.20946829043145526,0.19782378078240268,0.19854853473851344,0.19781371455026922,0.20619260947543003,0.17254149148023368,0.1767663553554198,0.17232035973280327,0.2002946864889288
2013-01-10,0.2173173405174657,0.20729400261053232,0.2103194124559801,0.1989341630239637,0.19968266848509816,0.19892538591694442,0.20729400261053232,0.1737819717227839,0.1780912705547621,0.1736456083545917,0.20139525263452585
2013-01-11,0.21711228424972168,0.2071328560743537,0.21015181807309632,0.19876192054997105,0.19950857286987153,0.19875392904372616,0.2071328560743537,0.1737953691665268,0.1781070712521842,0.17373235119877606,0.20127368959969452
2013-01-14,0.21767191485102214,0.20776323210131745,0.21037382026887513,0.19939032793952297,0.2001482956218995,0.19937700455596513,0.20776323210131745,0.1741278665528733,0.1784828172659448,0.17404466372059996,0.2018338408098072
2013-01-15,0.21791585954924517,0.20787293585339528,0.21047678498117464,0.19940517788527806,0.20017461204444328,0.19939199653571443,0.20787293585339528,0.1741290887408218,0.17848045675768254,0.1740451393034299,0.20186629341574683
2013-01-16,0.21675698957232847,0.2074162091580664,0.21011809122534975,0.19907102175206254,0.19983528211500198,0.19905936223635384,0.2074162091580664,0.1743415507900675,0.1786606988224454,0.17424990301631849,0.20170998933282325
2013-01-17,0.21836803435556665,0.20908149446800464,0.21186297149029867,0.20084908339813873,0.20159762397699008,0.2008250985817815,0.20908149446800464,0.1757456763917766,0.180046031548243,0.17563170888931004,0.203467071288906
2013-01-18,0.21833994774706605,0.20907065289121177,0.21188582596168012,0.2008403620831472,0.20158928006620475,0.20081607513189845,0.20907065289121177,0.17572322316793168,0.1800270106442911,0.1756080750332701,0.2034650042629903
2013-01-21,0.21881608530569793,0.20981853165449313,0.21271280866108389,0.20186721195213955,0.20258605683916955,0.20183891239994964,0.20981853165449313,0.1771836902732116,0.18138672735519715,0.17706927520978802,0.2043195578602997
2013-01-22,0.2200047491637268,0.21079010370537973,0.21390680862220382,0.20252499345630037,0.20328769761544976,0.2024928867534894,0.21079010370537973,0.17724387135553613,0.18149092392515975,0.17713330571131422,0.2050819575690522
2013-01-23,0.21996013424176275,0.21077251133051692,0.21387330058358983,0.20250360949533733,0.2032672434100246,0.20247212044816115,0.21077251133051692,0.17723168756623414,0.18147628723769654,0.1771216966183219,0.20506947635028067
2013-01-24,0.2226349231033165,0.21307098745799655,0.21597670900244864,0.20465444477200448,0.20544451422225152,0.20461931892852211,0.21307098745799655,0.17818905151464012,0.1825715617110491,0.17808869732518062,0.20708866840471518
2013-01-25,0.22707360209303876,0.217518244018621,0.22042657397318746,0.20968916577694618,0.21035668698230567,0.20963053113683142,0.217518244018621,0.1819422634684005,0.18638155173035184,0.18166928689861514,0.21164377032300102
2013-01-28,0.22955414660008772,0.219618128402258,0.22240843272070246,0.21176051035458268,0.2124425332782643,0.21169932797989577,0.219618128402258,0.1832531248831659,0.18780550425186185,0.18301509003613659,0.21343528306809814
2013-01-29,0.22974382382164707,0.21972441824627248,0.22232091141152377,0.21191660404644264,0.21259869107698903,0.21185277359958904,0.21972441824627248,0.18330630981077423,0.18786079051533705,0.18306884069149132,0.2134257383337604
2013-01-30,0.22993286680064556,0.21960599589953003,0.22216652903765768,0.2116448458520775,0.212341765830795,0.21158071585870603,0.21960599589953003,0.18215831585546158,0.1867222388055713,0.18191615195481764,0.21295623729562266
2013-01-31,0.2317118288932515,0.22103473701562296,0.22350051267110915,0.21307571915994614,0.21377181852678104,0.21300474662831811,0.22103473701562296,0.18287249524484112,0.1874076853919953,0.18261686589704235,0.21408015014831183
2013-02-01,0.23137985243994907,0.22056352295776982,0.22255674797989364,0.21277682775625678,0.21345875605858552,0.21269685222417214,0.22056352295776982,0.18263779128970525,0.18712976766491024,0.18237868698320156,0.2134609617357223
2013-02-04,0.23131887256838465,0.22056296157921976,0.22253929382250204,0.21277218844579437,0.21345694220571304,0.21269273409197959,0.22056296157921976,0.18268016729842676,0.18716210500769345,0.18242090575847011,0.21347431142031137
2013-02-05,0.23154337943717965,0.2207911981112891,0.2228790695076901,0.21300557230553158,0.21369042301516752,0.21292619333380328,0.2207911981112891,0.18278611972562336,0.18726961062782072,0.18252551569137443,0.21368254996515018
2013-02-06,0.23244062136218735,0.2215968731674226,0.22330963917197422,0.21387837158257014,0.21457087815442893,0.2137895528482149,0.2215968731674226,0.1833619407640717,0.18779410788023865,0.18311387552806452,0.21429397840566453
2013-02-07,0.2322106299513409,0.22135994222549465,0.22303155054076146,0.2136851824667747,0.21437575350313479,0.21359477102084648,0.22135994222549465,0.18327948410978484,0.18769495550510296,0.1830300603929335,0.2140390925342174
2013-02-08,0.2325098742980717,0.22154145105067646,0.2230226958315172,0.21388526573895042,0.21457200787609298,0.21379056655557513,0.22154145105067646,0.18341205322088996,0.1877953100035463,0.18315422477895252,0.21412170148196571
2013-02-18,0.23241137884990667,0.22118855310341057,0.22211902855094964,0.21364667097892848,0.21432276430418512,0.21354548843598278,0.22118855310341057,0.1831401028689551,0.1874790005216941,0.18287848888416577,0.21352063002830138
2013-02-19,0.23281350063675504,0.22156637644057314,0.222402486268042,0.21397073467599625,0.21465095007093324,0.21386734365103224,0.22156637644057314,0.18320530053701475,0.1875099785493692,0.1829315534497994,0.2138084570885771
2013-02-20,0.232964599700149,0.22153408983288922,0.22245575688804317,0.2139157661172942,0.2145980446190927,0.21381174717136175,0.22153408983288922,0.18299509157119906,0.18731042852645227,0.18271444333972528,0.21366438366966964
2013-02-21,0.240436374310619,0.22842690576598298,0.22977126252777624,0.22037637726806317,0.2211074044385587,0.2203019962531427,0.22842690576598298,0.18639501628020494,0.19092316912512666,0.18632119960859264,0.21992086001872116
2013-02-22,0.24041826919036868,0.228375310293459,0.22964286471164502,0.2202638932852331,0.22100045359658266,0.220189452475455,0.228375310293459,0.18620618070969847,0.1907114895689419,0.18612368600059176,0.21981374645833868
2013-02-25,0.23020325453078125,0.21674684991169224,0.21899868160211886,0.20866695637892907,0.2094102038545302,0.20856821440737716,0.21674684991169224,0.1728154838893053,0.17781338711233588,0.17275416885413133,0.20801252352511762
2013-02-26,0.23406834386337275,0.22020667600604862,0.22339737476563767,0.21237026547376356,0.2131142348652895,0.2122630819084489,0.22020667600604862,0.17542121552810233,0.18075542747516285,0.17534931137852197,0.2118550557486408
2013-02-27,0.22289999076089007,0.20844898463217612,0.21174611248028377,0.2004628588755382,0.20121511399423153,0.200346178766144,0.20844898463217612,0.1626806097756433,0.16756652806730957,0.16257509715175947,0.19960934745362904
2013-02-28,0.22134956889270135,0.20695101890402745,0.21162953403154192,0.19932327722467313,0.20003390026004633,0.19921461929457215,0.20695101890402745,0.16302464420985208,0.16787077096664196,0.16304839312051944,0.1982804198564436
2013-03-01,0.2133296531666884,0.19810359470627206,0.20235371802749774,0.19100750313078776,0.19164558329939646,0.19090391805654655,0.19810359470627206,0.15594857623818126,0.15909649836667392,0.15599221560097562,0.18864563213253274
2013-03-04,0.21804378501218694,0.20193439128912122,0.2037686191388248,0.194929834239475,0.19555750876039868,0.19483494386439504,0.20193439128912122,0.15815182509322961,0.16108548969784928,0.15825963029297255,0.19182829377280614
2013-03-05,0.2169811562377425,0.20065050582230434,0.20232495288412897,0.1940133478808532,0.19460079431421556,0.1939218784716029,0.20065050582230434,0.15809343299635578,0.1607141788982064,0.15819513194762377,0.19038523537986135
2013-03-06,0.21881687221461033,0.20174981824995197,0.20245531996049537,0.19502703167499894,0.1956261841578265,0.19494736765727205,0.20174981824995197,0.15718087428434166,0.1600735428129312,0.1573528927107581,0.19093123463435455
2013-03-07,0.21944698707137344,0.20239386708326806,0.20308112520894092,0.19600758742771088,0.1965711588113471,0.1959271779106782,0.20239386708326806,0.15876119336767971,0.16161035169153384,0.15882600295566546,0.1916197175675143
2013-03-08,0.21906725514059705,0.2015898194286427,0.20243704307726337,0.19499399092943626,0.19557911309583267,0.19491033158163149,0.20158981942864268,0.15569638534434335,0.15886344159402216,0.15573421446089686,0.19045273486155054
2013-03-11,0.21923877431832678,0.20203322869263488,0.2026788187232715,0.1956935474473481,0.19625036382528474,0.19560903660233311,0.20203322869263485,0.15642183901456397,0.15970256300233324,0.1565569937860233,0.19104778077100146
2013-03-12,0.2183449968362127,0.20123639151240974,0.20197408241072104,0.19497770712851312,0.1955234886841198,0.19489126814722704,0.20123639151240974,0.15614886163765637,0.1593428458988853,0.15627496252517856,0.1903474086431418
2013-03-13,0.21897058693104246,0.2017409850405394,0.20220385617183914,0.19550780683568336,0.19605111197032593,0.195425798920957,0.20174098504053936,0.1562752961191449,0.15960009115722737,0.1564526250757714,0.1907956286024766
2013-03-14,0.21420511739986822,0.19704650315056765,0.1976933005789912,0.1916704082512398,0.19211772853970036,0.1915846675930917,0.19704650315056765,0.15521110656800982,0.15770981574258197,0.15541279322210297,0.1861304697628337
2013-03-15,0.2141923193514051,0.19707992196918483,0.19855880049490937,0.1917730365670025,0.19221484478774717,0.1916900255518387,0.1970799219691848,0.15528369465962022,0.1578011690321356,0.15548430018829365,0.1861951039136306
2013-03-18,0.2143161942178708,0.19716094570401493,0.1991430842484452,0.19180716224701194,0.19225247644366691,0.19172837069600301,0.1971609457040149,0.15530575624089385,0.15779867903977707,0.1554810070114309,0.18625474126699565
2013-03-19,0.21381894394596462,0.19678442823814787,0.19842448381793756,0.19158299418615082,0.19201495655044057,0.1915034527480723,0.19678442823814785,0.15561493239500288,0.1580948968554212,0.15579590103369315,0.185978828464358
2013-03-20,0.21170318607554045,0.19464438279573903,0.19583110679143326,0.18985299159364943,0.19024263115153053,0.18976591196051185,0.19464438279573903,0.1555995744530364,0.1578047184568965,0.15582378439475822,0.1839241149078167
2013-03-21,0.21124473333828936,0.19418583837107808,0.19574812670233552,0.1893747875328566,0.18976890806544067,0.18929037829665715,0.19418583837107806,0.15491301916509104,0.1573238147676296,0.15513359427510973,0.1834588773776337
2013-03-22,0.20815685384600704,0.1910697364626133,0.19277168397208605,0.18707999980539353,0.18738446324959998,0.18698611747142987,0.19106973646261327,0.154859420173751,0.15672875178775492,0.15503940718597967,0.18035043669941334
2013-03-25,0.20841933158277157,0.19105103655507089,0.19314597628018426,0.18696824988614952,0.18728271379835132,0.1868773469031147,0.19105103655507089,0.15392971894570504,0.15539305345048823,0.15412582300743388,0.17997613923948816
2013-03-26,0.20736866064371348,0.18948433467840606,0.19101676330092696,0.18565375973385187,0.18594724634898135,0.18555854162815397,0.18948433467840603,0.15279519079271836,0.1542091788320629,0.15300828007174336,0.17807560954257579
2013-03-27,0.20533891878687904,0.18761547273008683,0.18864908717815548,0.18407694803191343,0.18435731254890494,0.1839818446491943,0.1876154727300868,0.1523450639711263,0.1537093182978214,0.15253963834216788,0.17643597244992784
2013-03-28,0.20436849709716262,0.18672692692823048,0.18673791449347435,0.18333571463752432,0.18360846715289156,0.18323890957675903,0.18672692692823048,0.1521375853267542,0.1534890835800313,0.15233192534194906,0.17564947485173052
2013-03-29,0.20432442511121582,0.18671689741295033,0.18660468384139994,0.18332399188638787,0.18359693199979943,0.1832278427009447,0.18671689741295033,0.1519364380734711,0.15334370078324797,0.1521587079884183,0.17565292678639308
2013-04-01,0.20910685824903277,0.19096463273056594,0.19039248822958002,0.18809451380756367,0.18833371739671487,0.18799118417152197,0.1909646327305659,0.1587381580863832,0.1599047928704774,0.1589780708114822,0.17949037629743572
2013-04-02,0.20922286879855231,0.19096064374128033,0.19033998616306655,0.18814004216907135,0.1883770127423542,0.18803769821467056,0.1909606437412803,0.15874820738966414,0.15989529507194666,0.15899099683479673,0.17942254184808998
2013-04-03,0.20947864249848208,0.19131884979599253,0.19036221620184632,0.18867866665079655,0.18890454642676482,0.18857102101556494,0.1913188497959925,0.15995423015123977,0.1610945931644256,0.16012228323802002,0.17985324196520855
2013-04-04,0.20877702450260263,0.19094548259349528,0.19081768981111588,0.18838611533042884,0.18860816925906015,0.1882923446125628,0.19094548259349525,0.1613047121314277,0.16238326737367123,0.1615480436747599,0.17979844154149144
2013-04-05,0.2087858208574621,0.19095759542008212,0.1907681476556335,0.18846627039072927,0.18868311444349337,0.18837525056189516,0.19095759542008212,0.16199708756347395,0.16304735260371658,0.16227936396815787,0.17984911301311246
2013-04-08,0.20916945593525732,0.1914531589374026,0.19134816238759275,0.18887731941450453,0.18909789055629303,0.18879561804669187,0.19145315893740258,0.16208100303951617,0.16319868083512482,0.16236120906285387,0.18043499105836328
2013-04-09,0.2090772260907795,0.1915252212224618,0.19164648047121388,0.1888695192193224,0.18909409592990697,0.18879203266958425,0.19152522122246177,0.16234551326895397,0.16354389749479323,0.16269140787696473,0.18071125887288222
2013-04-10,0.21490485670301346,0.1969009837607536,0.19714179733155576,0.19412342343288821,0.1943547118094963,0.19405842945689142,0.19690098376075357,0.16686841886212125,0.16799071272875293,0.16707010052066934,0.18572618349059364
2013-04-11,0.21509296331654162,0.197426600465145,0.19695525382842513,0.19511321487220162,0.19531800398537988,0.19504249873568782,0.19742660046514499,0.17201723213382444,0.1723963468385538,0.17202344488541024,0.1865331612963296
2013-04-12,0.2166029230153959,0.1989719700919401,0.19822406890291094,0.19660979769273818,0.19681886175973765,0.1965392806479923,0.19897197009194006,0.1735104401287543,0.17384116680422337,0.17356982063366785,0.1880746833022064
2013-04-15,0.22075075581225684,0.20295571509310933,0.20276688032502274,0.20046891371381545,0.20068753230513614,0.20040621339023104,0.2029557150931093,0.17539359989489092,0.17576174306847517,0.17551130569332912,0.19178583236822935
2013-04-16,0.2208974412116558,0.20306392010737234,0.2029218290512668,0.2006079981488369,0.20082553885943633,0.20054419217831032,0.20306392010737231,0.17532363566365586,0.1756928136137198,0.17544789277971076,0.19185312045933045
2013-04-17,0.22084216153376418,0.20299277162688403,0.20266198471872143,0.20056161074116752,0.20077782718719295,0.2004963791361585,0.202992771626884,0.1750387265886839,0.1754140385659403,0.17516030904611377,0.19171252145953427
2013-04-18,0.2227146015901614,0.20457229772880062,0.2034637191606159,0.2021634894034887,0.20237867740926122,0.20210214474689345,0.2045722977288006,0.17580117067746845,0.17620417050968698,0.17593974326919382,0.19298450056950597
2013-04-22,0.22052568187079472,0.2027466166032907,0.20136770879247962,0.2003408701407153,0.20055810444311706,0.2002837725694578,0.20274661660329069,0.1749456856737606,0.17532571742720798,0.17509307287745812,0.1913814322525733
2013-04-23,0.2209741789920175,0.20314489367415173,0.20191111455549152,0.20074182466833776,0.20095760522317602,0.20069057009024505,0.2031448936741517,0.17537893512660857,0.17573509061872705,0.17551494195232895,0.19172920212969316
2013-04-24,0.2210733499057399,0.2032463940245579,0.20190314325047984,0.20085093345873697,0.20106678628694516,0.20079865761439977,0.20324639402455788,0.17553890281552623,0.17589161783756047,0.17567469111302322,0.19184500401419063
2013-04-25,0.2209604725053416,0.20316169568416742,0.20157009436956047,0.20079715157875977,0.20101208168437046,0.2007438801855171,0.20316169568416742,0.17565071170058075,0.17602482429314592,0.1757861885897017,0.19177965455785081
2013-04-26,0.220928975749852,0.20311023082968527,0.20156844347340747,0.20071606914385517,0.20093250355357994,0.20066193991166498,0.20311023082968527,0.17505252362174498,0.17545867803318133,0.17518443979537573,0.19168751551791863
2013-05-02,0.22096857388569474,0.20313944646304719,0.20165727315294502,0.20072637359667478,0.2009434915945485,0.2006726230190411,0.20313944646304716,0.17500408017902544,0.17541793395448946,0.17513831623869083,0.1917144817339334
2013-05-03,0.22088505224016824,0.20308504091545193,0.20161902236834736,0.2006477220964621,0.20086511274799881,0.20059513976436608,0.20308504091545193,0.1749521719349599,0.17535690728517198,0.1750897510316888,0.1916930552195171
2013-05-06,0.22349196329113616,0.20498513321163372,0.20329348149478443,0.2024007674405319,0.20262156872261475,0.20235641642581223,0.2049851332116337,0.17560382132485325,0.17598785080918064,0.17576316488234117,0.19302214410263757
2013-05-07,0.22391423919618533,0.2054428772898046,0.20369861913154766,0.20282151660404016,0.20304413091489648,0.20277644115851268,0.20544287728980457,0.17595539889021947,0.17634130126970293,0.17611835384927385,0.19345555174674375
2013-05-08,0.22392208198376998,0.20547270299765819,0.20377098351164905,0.20285265967507346,0.20307520932287093,0.20280821627029308,0.20547270299765816,0.17595459814303713,0.1763414049073174,0.1761184412142385,0.1935034941444629
2013-05-09,0.22333081879609737,0.20501227234402028,0.20341092009546607,0.20239340217758586,0.2026146166688627,0.2023508612592613,0.20501227234402028,0.17570936639140958,0.17610560013947932,0.17587400777166642,0.1931261134252083
2013-05-10,0.22315828450871567,0.20484476384659522,0.20322498236493977,0.20221442314927146,0.20243585481402387,0.20217189304742067,0.2048447638465952,0.17557916669090365,0.17596681177390702,0.17574065519201404,0.1929691319597326
2013-05-13,0.22310967124918712,0.20484174220177273,0.20316936809729055,0.2021976663637111,0.20241980568986645,0.20215516687017757,0.2048417422017727,0.17540660846620731,0.17582203488030684,0.17559567721778538,0.19296699201516826
2013-05-14,0.216994885541224,0.19839875080935687,0.1967423376825541,0.19554115041909118,0.1957759322046411,0.19550624676334696,0.19839875080935684,0.16956103064082897,0.1699710597267635,0.16968233908143243,0.18641525689734756
2013-05-15,0.21720596510719314,0.19860065154625928,0.19689627161719103,0.19567432778576138,0.19591211378045995,0.1956407350308953,0.19860065154625928,0.1692877864324693,0.16968873091785386,0.1694197781733268,0.18658986158443128
2013-05-16,0.2171095826101038,0.1986025650695638,0.19696725107572854,0.19567773240935116,0.1959146239394085,0.19564613516503315,0.19860256506956378,0.16932414672309878,0.1697251706983885,0.1694570150478813,0.18666555756560754
2013-05-17,0.2161448266039626,0.1977801258005922,0.19595401908044308,0.1950628078554829,0.19529124378466262,0.19503427725252678,0.1977801258005922,0.16932345095082063,0.16972473651395356,0.16945638712523114,0.18601685317755237
2013-05-20,0.21621095986069783,0.19742047170425503,0.19495993152002603,0.19461726587539588,0.19485417452916987,0.19458766323098853,0.197420471704255,0.16863850806576955,0.16905136706429982,0.16879178314535978,0.18534064503651193
2013-05-21,0.2168272331273976,0.19821181029863097,0.19562396688154285,0.1953892448632312,0.195625808144225,0.19535783101108695,0.19821181029863097,0.17036183852156223,0.17067431392695273,0.17048388403637374,0.1862681167014661
2013-05-22,0.21659281612336834,0.19810224292246584,0.19573831955048074,0.19530675071955345,0.19554206527482682,0.19527936409869706,0.19810224292246584,0.1709117338631292,0.171208301109755,0.1710284481476721,0.18631284958582708
2013-05-23,0.2171841461441811,0.19852399937597093,0.19575821232326082,0.19581363844328847,0.19604542247803186,0.1957875070358114,0.19852399937597093,0.1717060210019153,0.1719315664029731,0.1718256191608071,0.18664574963232874
2013-05-24,0.21702716752394072,0.19841666221937884,0.19561253094099793,0.19576550363540776,0.19599447463257424,0.1957393630549427,0.19841666221937881,0.17169854665035839,0.17191406165729334,0.17181207150716496,0.1866046764254676
2013-05-27,0.2183943853413365,0.1997114560634997,0.19703806795286974,0.1969618495078697,0.19719269213485163,0.1969332180683428,0.19971145606349966,0.17235078514270885,0.17255149312246093,0.1724562804941926,0.18772176141695385
2013-05-28,0.21831771101460956,0.19963762319839512,0.19687652791677618,0.19689787004581968,0.19712758676032205,0.1968690740818505,0.1996376231983951,0.17233760204484302,0.1725400232909896,0.17243750364889215,0.18766231926778157
2013-05-29,0.21765782264407238,0.19898815061509217,0.19620354732612658,0.19638824197620158,0.1966083014228699,0.19636134313108336,0.19898815061509217,0.17277339354981291,0.17279707461149008,0.17287290341504521,0.18707642766314936
2013-05-30,0.21785945073129906,0.19908215392750775,0.19627968501130433,0.1964789440297734,0.19669890483380467,0.1964510187367685,0.19908215392750775,0.1728055481290847,0.17281851044852603,0.1729047791005017,0.1871047573337549
2013-05-31,0.21785688800443168,0.19897864048497108,0.19613726735033699,0.19639045922613538,0.19660986159374694,0.1963629506887443,0.19897864048497105,0.1727827916698666,0.17275343530539236,0.1728783625359594,0.18695115810019125
2013-06-03,0.21795503550077305,0.19904709145523436,0.19629632477781098,0.196404056712801,0.19662684124138194,0.19637613263625003,0.19904709145523433,0.1724419864806223,0.1724198733607385,0.17254183420127145,0.1869533751200242
2013-06-04,0.21838547821865814,0.19938008725321352,0.19693784794032607,0.1966176515551866,0.19684774685278536,0.196591158102047,0.1993800872532135,0.172233347067299,0.17225171673100667,0.17233459920202304,0.1872699174068817
2013-06-05,0.2179206903435717,0.19880607420229335,0.196474902561201,0.1960075929732364,0.19624107201099014,0.195985117544332,0.19880607420229332,0.17145755550668876,0.17148744223410053,0.17155048274370074,0.18666485235085614
2013-06-06,0.218155022638101,0.19894791189192093,0.1966100150126703,0.19620972459688368,0.196438858850753,0.19618129444857382,0.1989479118919209,0.17139990698026283,0.1714231598602163,0.17149446323077946,0.18671016766825788
2013-06-07,0.21849101869314624,0.19938935107925737,0.19716903889932738,0.19678828837053966,0.19700953909287927,0.19675776231872602,0.19938935107925737,0.17203723277168226,0.17203390573459498,0.1721343648980234,0.18717845600960256
2013-06-10,0.21888842210110968,0.19971941983302938,0.19737745781039714,0.19722689393702106,0.1974428749428832,0.1971915078223532,0.19971941983302935,0.1722549146388252,0.1722566329972532,0.17235510232947404,0.18742518123691432
2013-06-11,0.2192481303235077,0.20012502246306327,0.197641166509261,0.19769205802837972,0.1979039895510055,0.19765443402798877,0.20012502246306327,0.17311969586455228,0.17300535821504892,0.17320891836169625,0.1878358537428779
2013-06-12,0.2198120657085075,0.20053223144214313,0.19787412045292171,0.1980646615489627,0.19828067438609448,0.19802719545501982,0.2005322314421431,0.17312549459497295,0.17303106021705444,0.1732171596695733,0.18811526598632258
2013-06-13,0.219585849939094,0.20050389703013755,0.19763871658972737,0.19810569527741492,0.1983194979495477,0.19806748902137056,0.20050389703013755,0.17383091916944451,0.17373384799465635,0.17392965746858835,0.1882561771391025
2013-06-14,0.22023460131417943,0.20102393514271916,0.19792807809284446,0.19878805923643833,0.1989944792909875,0.19874944852311208,0.20102393514271913,0.1748452795736097,0.17464795775920017,0.17494109090323137,0.1886712710241197
2013-06-17,0.22194366966714826,0.2027867510034681,0.19968834477088435,0.20038930955177936,0.20060412995825494,0.20034728881579147,0.2027867510034681,0.17673987514987405,0.17642129150980543,0.17678613462918927,0.19048528653096394
2013-06-18,0.22170460980613352,0.20253763732141822,0.1994776877835141,0.20018500700505737,0.20039631997809043,0.20014055446797585,0.20253763732141822,0.17639599877541684,0.1760842076387546,0.17645059663394488,0.1902352316314105
2013-06-19,0.22150233064266298,0.20232297090618487,0.1994445335846336,0.19999834376551243,0.20020800021958135,0.19995371096615763,0.20232297090618484,0.17631806787177315,0.17598358608931913,0.17637852327334638,0.1900284095844997
2013-06-20,0.22172345902934004,0.2025733211540931,0.19965118895750225,0.20019379345988828,0.20040734905045396,0.20015188475579673,0.20257332115409307,0.17649090641551843,0.17611314780561776,0.17655206977033605,0.19030817883074674
2013-06-21,0.22149002380448002,0.20251872902425339,0.19971300071026377,0.20020241672744324,0.20041313210110526,0.2001628310935252,0.20251872902425336,0.17643732061609813,0.17606201998803642,0.17647885035689384,0.1903530122774328
2013-06-24,0.2221493007085684,0.20291297189926988,0.19999382901546164,0.20056629692202219,0.2007812343855067,0.20052909075495493,0.20291297189926985,0.1764164432351505,0.17604878150603093,0.1764524853053943,0.1905424899717519
2013-06-25,0.2264105688754764,0.20632301234076567,0.20284427989487636,0.20364021980029767,0.20388351813749533,0.2036009749817945,0.20632301234076564,0.17798468716116547,0.17756399549254845,0.17797096605149731,0.19321538655893844
2013-06-26,0.2263950538927961,0.20632670810399634,0.2027569592221528,0.2036400444545954,0.20388262537443946,0.20360139533094898,0.2063267081039963,0.177992801879738,0.1775843179405092,0.17798251331482176,0.19317526299089124
2013-06-27,0.22715403903841697,0.20728030951111998,0.20374194314023716,0.20445766877872543,0.20471012818095932,0.2044175943506865,0.20728030951111995,0.17850167304531,0.17803023477759183,0.17848694474752103,0.19406445863003743
2013-06-28,0.22618532962443028,0.20666129474180506,0.20334666967418352,0.20381667514561347,0.20407839858245697,0.20377942226998427,0.20666129474180506,0.1780229643844541,0.1776259544905702,0.17802628616595711,0.19358855403878736
2013-07-01,0.22636122680092047,0.20688113547534082,0.203602821606443,0.20398920510037732,0.20425706661591497,0.20395443417240744,0.2068811354753408,0.17844139851870774,0.1780308518214297,0.17844168041970157,0.19383273064507972
2013-07-02,0.22732871628584805,0.207634873309298,0.2041706098542388,0.20473269163581848,0.20500064803486057,0.2046977114382288,0.20763487330929797,0.17862434229477755,0.17831022842426147,0.17858980770281363,0.19435821987417537
2013-07-03,0.22748954121086787,0.20780540563965696,0.20432055551778858,0.20486850427468092,0.2051389767849038,0.20483385803111084,0.20780540563965696,0.17862725552694028,0.17830376672068082,0.17859392884586903,0.19446950766701707
2013-07-04,0.2274866843633494,0.20782104223750866,0.20429972964604456,0.2048845177608236,0.20515495118966456,0.20484996699922237,0.20782104223750864,0.17841801353447748,0.17814597751006087,0.17837264311579087,0.1944301940287958
2013-07-05,0.22693644703533383,0.20725902569988472,0.2039703831667241,0.20439137910970503,0.20465312748211092,0.20435494770547136,0.2072590256998847,0.17798611319519025,0.1776396288296303,0.17794167028615993,0.1938425829624795
2013-07-08,0.2263905182463435,0.2065378330365551,0.2033237858407965,0.203698244174494,0.2039585387631284,0.20366915123473128,0.2065378330365551,0.17705984445002662,0.17679093964816808,0.17709830366261883,0.19300264528738656
2013-07-09,0.22587924091056175,0.20617607494590234,0.2030634063151852,0.2032998840482503,0.20357016556047278,0.2032743831889048,0.20617607494590232,0.17695832691950855,0.1766874746095166,0.17700341188283614,0.19276045425230964
2013-07-10,0.22359760066853845,0.2042697034502632,0.2012475393611982,0.20173605905741376,0.2019489807845541,0.20170632105558628,0.2042697034502632,0.17578523708891042,0.17540363595836717,0.1758314170338935,0.1908955825420556
2013-07-11,0.22359530751479748,0.20426934093958485,0.2012487531099025,0.2017409552330173,0.2019535209173403,0.2017111235646045,0.20426934093958485,0.17576549618842144,0.17537783885918504,0.17580962502699787,0.19089277168026142
2013-07-12,0.22326566472719753,0.204115486282774,0.20061012597620045,0.20166586693519473,0.20186289590922343,0.20163607642640785,0.20411548628277398,0.1754914404844742,0.17508910017517484,0.17553830977077284,0.19069876521044385
2013-07-15,0.22218766972102366,0.20278791173481917,0.19948286837466894,0.2001087600375529,0.20034532734997382,0.2000883622347361,0.20278791173481917,0.17380673349551673,0.17356965130777555,0.17392142088215679,0.1893272835326088
2013-07-16,0.21700892285561044,0.19788770356062965,0.1952452058745929,0.1954796781371421,0.19566992449133966,0.1954599814718541,0.19788770356062965,0.16908547885063832,0.16895188861103927,0.16925305131527424,0.18441685092055296
2013-07-17,0.21691679312701345,0.1974003042629203,0.19495447505328586,0.19500781110221518,0.19518786813432834,0.194989362127354,0.1974003042629203,0.16876762492378491,0.16843315858905997,0.16892098061778674,0.18372159953791967
2013-07-18,0.2136230789501162,0.19451052690688703,0.1925038212112508,0.19229054678784127,0.19243444695219628,0.19226458724599524,0.194510526906887,0.16674277521150488,0.16627451590094297,0.16681106168967255,0.18103981325190188
2013-07-19,0.21435593986149806,0.1950637401463832,0.19303590890501654,0.19259627969387283,0.1927651312628198,0.19256975247348412,0.19506374014638317,0.1667154212162888,0.1662969705392512,0.1667269646071705,0.1814160681547852
2013-07-22,0.21347254737820195,0.19419520259391976,0.19271114135870335,0.19183296639764924,0.19198415656244228,0.19181173683532285,0.19419520259391973,0.1663432312111266,0.16584604094274286,0.16637208275427715,0.1806591040988281
2013-07-23,0.2132310566974,0.19405589919349092,0.19255610420526942,0.1917916145911571,0.19193089302024877,0.1917700196554145,0.19405589919349092,0.16633831937085988,0.1658391755723827,0.16636612142853982,0.18060419279092357
2013-07-24,0.21445003152802378,0.19495073335681024,0.19358195931796618,0.19239605149990668,0.19256243797546008,0.19237776267644482,0.1949507333568102,0.1664878358591121,0.16604314659255043,0.16652563245267404,0.18121672896404564
2013-07-25,0.21245962282087108,0.19290087086764363,0.1914165217498761,0.19029252109459077,0.1904708161447869,0.19028655792527563,0.1929008708676436,0.16470503069269754,0.16418087929604286,0.16472888566766325,0.17902210920161543
2013-07-26,0.21240555601173783,0.19282985572650282,0.1913059533276047,0.19023946082351728,0.1904158621345636,0.19023265985346555,0.19282985572650282,0.16470306653781636,0.16417681947565332,0.16472614443565498,0.17894320711591008
2013-07-29,0.2123254336937283,0.1923892931290215,0.19103094242874644,0.18941503149013292,0.18963554907207117,0.18941381735932064,0.19238929312902145,0.16333491824928517,0.162833589809257,0.16334858987723666,0.17819414467600223
2013-07-30,0.21109667074938257,0.19135753856079143,0.1898664860124607,0.18868701342985833,0.18886148298814284,0.18869216238957065,0.19135753856079143,0.16312360658486494,0.16257282741811838,0.16313827912121776,0.17734615269696782
2013-07-31,0.21108796802340873,0.19135320150480903,0.1898658067328556,0.18868867225703484,0.18886168759154368,0.18869404585607316,0.191353201504809,0.163126451423251,0.16257322229705912,0.16313905835485115,0.1773449857283646
2013-08-01,0.20828317065292942,0.1888399022930342,0.1874464091778829,0.18640651799831434,0.18654346195453284,0.18641536012691073,0.1888399022930342,0.162175837503228,0.1614749639317445,0.16218567903700637,0.1750485770144354
2013-08-02,0.20329918122312732,0.18344522694322427,0.1817876251080302,0.18036947482928073,0.1806397400609156,0.18040770100837034,0.18344522694322424,0.15729610039622627,0.1564686839236539,0.15751081627687022,0.16914146252978976
2013-08-05,0.20035184147000631,0.1807915165113072,0.17916583347956438,0.17779195700957004,0.17804087363201263,0.17783349564344414,0.1807915165113072,0.1556471855208893,0.1546846366788893,0.15583224150571373,0.16673928972621416
2013-08-06,0.19979274503616778,0.18046864631244772,0.17895300370297232,0.17737012793301585,0.17762346229614906,0.17741271966582808,0.1804686463124477,0.15554319004166184,0.15457531851146103,0.15573022399055622,0.16658283173101682
2013-08-07,0.19951199331860994,0.18020968787368352,0.17886627145724643,0.17728500047852533,0.17751650618695408,0.17733027473276233,0.18020968787368352,0.1556475984884582,0.154652253310963,0.1558537980461133,0.16632753823922258
2013-08-08,0.1976908764126659,0.17847446749815804,0.17717432801226168,0.17561157350495862,0.175836095478566,0.1756620304138751,0.178474467498158,0.15454306960914274,0.15349824201425813,0.15476467977139913,0.16459939266049556
2013-08-09,0.19749756403994012,0.178365762084561,0.17712634221076973,0.1754703804710436,0.17569949316834282,0.17552185108550283,0.17836576208456098,0.15448257438126986,0.15347283854024718,0.15470208215235212,0.1645559302418515
2013-08-12,0.19760934447818349,0.1784472004864121,0.1772164742617941,0.17559523537741334,0.1758194506900857,0.1756454372682672,0.17844720048641208,0.15457072109798065,0.15357090301627996,0.15479425994894236,0.16462497615144778
2013-08-13,0.19728993800054118,0.1781690995024455,0.17684811792033817,0.17532390702300538,0.17554658595192799,0.1753745444410188,0.17816909950244547,0.15449113001233616,0.153455740103697,0.15470532769925113,0.16437396961996176
2013-08-14,0.19542697486893032,0.17658135109026113,0.1754668471618826,0.17375167486769832,0.17396143459940497,0.17380990793046946,0.1765813510902611,0.1537152515262461,0.15269473465960917,0.15391493912191742,0.16302491562627086
2013-08-15,0.19561302806273428,0.17682936105150268,0.1760851417756178,0.1739211363854091,0.1741407039345102,0.1739800694078963,0.17682936105150265,0.15387563603527576,0.15287280706253184,0.1540791880517906,0.16326980684036901
2013-08-16,0.19514433613400758,0.17643800055152073,0.1756699793496527,0.17351067985850804,0.1737336019450169,0.17357286311292483,0.1764380005515207,0.15357359448814092,0.15259310428892103,0.15377753410941533,0.16292425257836582
2013-08-19,0.1955432834443951,0.17689152867015398,0.1763559883517011,0.17378715006156603,0.17403011447690558,0.17385067621956982,0.17689152867015395,0.15362300798689402,0.15272966520418368,0.15385237039920088,0.16341193100514148
2013-08-20,0.19539272330426996,0.17666036048792483,0.17621081131973207,0.17356032399841004,0.17380581190527547,0.17362636918522792,0.1766603604879248,0.15356760177289897,0.15267158601653544,0.15380589883604986,0.16311884763090595
2013-08-21,0.19516313103905739,0.17659927371669143,0.17601772850057776,0.1735094360992161,0.17375410543024902,0.17357539507954267,0.1765992737166914,0.15355659290857107,0.1526864621935014,0.15381098703102958,0.1631327011304839
2013-08-22,0.1861968717147381,0.16804894774072648,0.1665898011468024,0.16546103935328185,0.1656534572179037,0.1654978648746078,0.16804894774072646,0.14931301462220628,0.14801563335371304,0.14930430828748797,0.1549098895548049
2013-08-23,0.18727737439616185,0.1689315151817207,0.16749343987487092,0.1658788281458142,0.16612234689352584,0.16591744480932666,0.16893151518172067,0.15008509762792185,0.14865959105790424,0.1500264111103785,0.15562517717314242
2013-08-26,0.18719938511481615,0.1688564241508184,0.16684880892250165,0.16573813107444763,0.1659850903321445,0.16577347108609167,0.16885642415081836,0.1500868283129806,0.14863762938213085,0.15001516564795325,0.15555777209096802
2013-08-27,0.17800557666639077,0.15992952447481235,0.15784641873221733,0.1569596982355512,0.1571897928578293,0.15699928169581498,0.15992952447481232,0.14396317373174733,0.14209446192682224,0.1439236890334794,0.1468799520307439
2013-08-28,0.18085859834131612,0.16237023447168739,0.16063614021872974,0.1587538973020856,0.1590533221971107,0.15881596218752583,0.16237023447168736,0.145735524672286,0.1437986007940505,0.14569844700719844,0.14902923780408725
2013-08-29,0.1800353737397569,0.16123183069725538,0.15741381524635456,0.15720459512260654,0.1575505805571882,0.15724763605640354,0.16123183069725536,0.14373333874747773,0.1415308178940378,0.14354933275585505,0.1474995126456028
2013-08-30,0.18090730373299785,0.16195182225402677,0.1581577059731691,0.15769775454146714,0.15807309711244036,0.1577489705226745,0.16195182225402674,0.14380692046367333,0.14163598744784986,0.1436447635049812,0.14809333879905984
2013-09-03,0.17579888571380975,0.15755498949066085,0.15675318920345,0.15319853944094422,0.153586514034512,0.15324538327880308,0.1575549894906608,0.14138667602146077,0.13902004927451664,0.14114689421867516,0.1441304931974761
2013-09-04,0.17506501318111026,0.15709793916426462,0.15561339427178406,0.15281276983468553,0.15319298690685934,0.15286103220499261,0.1570979391642646,0.14138562732581839,0.13898959079082057,0.14114384683947256,0.1438707058961309
2013-09-05,0.1734230483451254,0.15578516771469467,0.15453456362452625,0.1512393756802076,0.15164497773698266,0.151282998623048,0.15578516771469464,0.14099536770019566,0.13844803517306323,0.14068340847448968,0.1427426810321317
2013-09-06,0.17310064457133367,0.15547777447235678,0.1540637785394181,0.1505359195410682,0.15098871231365987,0.15058717539439018,0.15547777447235675,0.1391897748344445,0.13674505241006485,0.13900255864111435,0.14234577832302545
2013-09-09,0.1744359092068611,0.15694373475606094,0.15575173540968415,0.15158213779207838,0.15208653073564793,0.15163881960426437,0.1569437347560609,0.1406985464800536,0.13821014643014154,0.14053096718145505,0.14384463658108895
2013-09-10,0.1733840141551543,0.15567735335802751,0.15484176680324976,0.14982841736249133,0.15038233902996181,0.14989105482194812,0.15567735335802746,0.13932125911825513,0.1366662268347712,0.1390585309140369,0.14239687236656598
2013-09-11,0.17344856090003968,0.1556659857789535,0.1546998142875279,0.14971173160918197,0.15027815056711097,0.14977822947922761,0.15566598577895344,0.13871411069777767,0.13606422908669688,0.13846881078299175,0.14231930387388556
2013-09-12,0.17278893652698118,0.15510056713079437,0.15451435283979179,0.14907016374363638,0.14964546677521143,0.1491328500743971,0.15510056713079431,0.1383402118992518,0.13562882093267228,0.13804290627759652,0.14182541789646572
2013-09-13,0.17276190344058356,0.1550677215656775,0.15448264344460227,0.14897569434554342,0.14955865500126084,0.14903713913920502,0.15506772156567747,0.1381909266425938,0.13545154987019167,0.13786018448767845,0.14178336016889173
2013-09-16,0.17233140615428766,0.15471788943573725,0.1528949477104742,0.1489488158176414,0.1494858334091395,0.14900501190493676,0.15471788943573722,0.1381179007431451,0.13537831135783837,0.1377911596156264,0.14152359916930002
2013-09-17,0.17223319212825036,0.15468456429745392,0.15244558529946073,0.1491628670157234,0.14966376118866662,0.1492174648422752,0.15468456429745386,0.13806681369086726,0.13536681022854305,0.13777129285366746,0.1415464437850478
2013-09-18,0.17262991908299985,0.1550177993314342,0.15251197618632395,0.14969224209751172,0.1501679602035607,0.14975002883902164,0.15501779933143417,0.13805615585282752,0.13539132542774093,0.1377682167960801,0.14182590032781686
2013-09-19,0.17231797949280275,0.15442879722982464,0.15204057512919814,0.14919998632059428,0.1496361601897454,0.14926111839282363,0.1544287972298246,0.13669578200998772,0.1339790992066257,0.1363217410535697,0.1410645119241318
2013-09-23,0.1727317590196606,0.15488314526768832,0.15212129142119712,0.15044882771907594,0.1507795535763681,0.15051289130050433,0.1548831452676883,0.13744692912122655,0.13474520194281617,0.13708753409489613,0.1416401047808424
2013-09-24,0.1726742625666836,0.1548463310550706,0.1523173095661501,0.15030441297448618,0.15064427293638008,0.15036847969580727,0.15484633105507054,0.1373352770084891,0.1346406386719034,0.1370125719904872,0.14161706229185428
2013-09-25,0.172277237515676,0.15468027133010775,0.1517085469637763,0.15040335970897628,0.15070922870259365,0.15045989034053525,0.15468027133010773,0.1375777447321225,0.13487574890371642,0.13725905027374458,0.14168900819959654
2013-09-26,0.17181900749731488,0.15421648009156344,0.15121903412934648,0.1500427803778376,0.15032880779516683,0.15009763233485474,0.1542164800915634,0.13714894024943244,0.13449873025643883,0.13682770824126386,0.14126032538738428
2013-09-27,0.1717490121087259,0.15416647200765984,0.1510623601697634,0.14999663454083403,0.15028325535152454,0.1500504177291498,0.15416647200765982,0.1372189748939788,0.13456186400486458,0.13690295342223507,0.14124155747479133
2013-09-30,0.17275612464694198,0.15503042672979797,0.15139379414060136,0.15087715982331332,0.15116675618393027,0.15093295645266694,0.15503042672979794,0.13833734390226743,0.13565435355965635,0.1380146667032868,0.14192189998417995
2013-10-01,0.17278497227157288,0.15505810835512782,0.151391731153823,0.15086202553729344,0.15114848813348603,0.15091789540468006,0.1550581083551278,0.13843604867551654,0.13574371303179514,0.13811554778248358,0.1419655730805057
2013-10-02,0.16615220036844258,0.14897887759781311,0.1458326584566651,0.14404310171336804,0.14437203611340127,0.14411542278811834,0.1489788775978131,0.1296910942212014,0.12704721642109,0.12932828649583178,0.13625450477793324
2013-10-03,0.16570840644119264,0.1487529536830539,0.14550144110619428,0.14400641043895063,0.14430792839430337,0.14407902998103378,0.14875295368305388,0.12993751307815982,0.12728315928835435,0.1295696613572099,0.1361806306636288
2013-10-04,0.1655245124626422,0.14836076788087085,0.1452836697309303,0.14342019070953768,0.14373517516650774,0.14349964331314158,0.14836076788087083,0.12872526633676953,0.12604417637222662,0.12844503363167337,0.1356686484295219
2013-10-07,0.16491247471371825,0.14750108214853253,0.14429497625581275,0.14224758517875186,0.14259099728169086,0.1423387285402506,0.1475010821485325,0.1267864367014938,0.12408881059340812,0.1263943798986825,0.13449706425220417
2013-10-08,0.1641469901755948,0.14688112103955198,0.14360277859062792,0.14147392585497467,0.14182842984076724,0.14156590859500917,0.14688112103955195,0.1257231277358424,0.12302070785281377,0.12526927447075298,0.1339248130383041
2013-10-09,0.16330664774595915,0.14601522553773855,0.1420495026194792,0.14076252339197723,0.14111015290100937,0.14084470686145031,0.14601522553773852,0.1253355738774691,0.12250787513201813,0.12487779038565802,0.13294790475484364
2013-10-10,0.16371841005970425,0.14612418404105224,0.14178862202908707,0.1408935170235768,0.14124744687232538,0.14097690848688196,0.14612418404105224,0.12508157709184337,0.12213461160596098,0.12453338937136958,0.13269607407305167
2013-10-11,0.15681554633756975,0.13954461880056823,0.13482566260030407,0.13430962125668144,0.13466682417526485,0.13438204677212398,0.1395446188005682,0.11927450367651332,0.11627107613491725,0.11890049817585567,0.12627384728631258
2013-10-14,0.15514874664424833,0.13753511516009073,0.13395598387449245,0.13160203393576714,0.13200066053189957,0.13169121123657554,0.13753511516009073,0.11105424638161092,0.10894452781820353,0.11095111971100914,0.12394238756795856
2013-10-15,0.15343722247541977,0.1356752035032596,0.13233462808203209,0.1297501122993978,0.1301489183454889,0.12984015708147295,0.13567520350325957,0.1089196027394653,0.10683565978114176,0.1087394672050847,0.12195443682468708
2013-10-16,0.14845444631281315,0.13060600288387822,0.12623812271277368,0.12479986528434771,0.1251776414498117,0.12488670185825564,0.1306060028838782,0.10663437112793892,0.10443321452228654,0.10634859956786545,0.11689432933783472
2013-10-17,0.14831481073841585,0.13049093125493197,0.12607068307509486,0.1246261461392099,0.12500765597467742,0.12471403804781055,0.13049093125493194,0.10639963533111711,0.10418796503444068,0.10610452217626433,0.11679005156716218
2013-10-18,0.1478908926935936,0.1301057496301111,0.1259739986877927,0.12414525137435563,0.12452898323912082,0.12423928472872241,0.13010574963011107,0.10635172660306427,0.10414270235088136,0.10605650347604377,0.11653144801610647
2013-10-21,0.14473534107441094,0.12744319219405942,0.12400669183279862,0.12144933022497649,0.12183687605210228,0.12154244563928977,0.1274431921940594,0.10509294751207171,0.10285541946591666,0.1047965823315985,0.11438518173944584
2013-10-22,0.14424455187745186,0.12700252126770994,0.12376324725036938,0.12093204957295688,0.12132874804791399,0.12102634155317157,0.12700252126770992,0.10481921391727837,0.10257981638083224,0.10452141272479093,0.11405230907544972
2013-10-23,0.14352285271740012,0.126195125282156,0.12290497466024543,0.12012482135370735,0.12051968301392331,0.12021844811489321,0.12619512528215598,0.10420080541978116,0.10194140504433719,0.1038795503444563,0.11321338495479925
2013-10-24,0.14366354928071107,0.12629944974586207,0.12302807905780495,0.12026682373147754,0.12065422265729102,0.12036130204850883,0.12629944974586207,0.10432231003939145,0.10204269587993854,0.10398793415602023,0.1132396333759998
2013-10-25,0.14318054079326578,0.12583568520974137,0.12271552805845895,0.1197949786695802,0.12018167895950056,0.11989138151391565,0.12583568520974134,0.10395165529650321,0.10166422222472761,0.10362518830847219,0.11278125377679558
2013-10-28,0.1437699627976431,0.12642830538700642,0.12328540043842845,0.12045158592699017,0.12083004397569537,0.12054470186221794,0.1264283053870064,0.10479892523307877,0.10252488557765987,0.10445164895166634,0.11337987713038647
2013-10-29,0.14376481930551535,0.1264191289288699,0.1232335833183711,0.1204538466246718,0.12083240823385588,0.12054686072844689,0.12641912892886986,0.10479164979452617,0.10251528850875036,0.10444383360412772,0.1133628343155889
2013-10-30,0.14350183108170256,0.1261967491189882,0.12297029834049093,0.12025449353733042,0.1206343567881518,0.12034481066118499,0.12619674911898818,0.1048183369290078,0.10252261491314935,0.10448777907698485,0.11313173800738369
2013-10-31,0.13840927489782914,0.12209416839733434,0.11920282069122357,0.11623368910819486,0.11661252938198814,0.11631956867323885,0.12209416839733431,0.1032077349130687,0.10084877117507014,0.10286549679805712,0.10990141739097925
2013-11-01,0.13792162529534535,0.12152475030002563,0.11871038449883481,0.1157015340849956,0.1160788660624182,0.11578857191868587,0.1215247503000256,0.10273128969007282,0.10036036435105457,0.10238578484146019,0.10934118361780507
2013-11-04,0.1378003611246527,0.12144604328733014,0.11858674057358093,0.11562688626269435,0.11600348320745531,0.11571339523875068,0.12144604328733011,0.10275738955132567,0.10038548073809543,0.10241734104663161,0.10928253471838481
2013-11-05,0.13760856690904472,0.12130636313352698,0.11841785998285484,0.11550073122762387,0.11587706712537355,0.11558516648383999,0.12130636313352695,0.10278980881035077,0.10040115086611237,0.1024358402201005,0.1091754488518886
2013-11-06,0.137794894359263,0.12141913485144298,0.11852397376932997,0.1156063305320094,0.11598421392011843,0.1156908186447726,0.12141913485144296,0.10280634933594085,0.10042364706836471,0.1024509201780113,0.10923362976213108
2013-11-07,0.1377171075270708,0.12154290895832487,0.11873501529039729,0.11571875552277092,0.11609705147821925,0.11580476306342774,0.12154290895832486,0.1031202938516608,0.10073958192989775,0.10277776326522936,0.10948724131164528
2013-11-08,0.13711076345291648,0.12127745524317698,0.11860401762232207,0.11551627332914098,0.11589106773814012,0.11559970890420843,0.12127745524317696,0.10314374029493312,0.10075945651517158,0.10279742339875297,0.10941304283976164
2013-11-11,0.13659635056398908,0.12080230316353473,0.11819895950926425,0.11513354271549221,0.11550619095316883,0.11521428623235166,0.12080230316353471,0.10307956358329443,0.10068796096730977,0.10273170918351689,0.10894461389253794
2013-11-12,0.13655541611609534,0.12062428642125135,0.11791648616728344,0.11501656884214412,0.11538608991345775,0.11509552929452456,0.12062428642125132,0.10317049850124954,0.10076397237096917,0.10281917727688027,0.10864318471539904
2013-11-13,0.13617857820487503,0.12042251716284996,0.11782019140947363,0.11485985202955226,0.11522774412076942,0.11493838887367769,0.12042251716284993,0.10320371122889654,0.10078880310757758,0.10285340676337086,0.10855985782764309
2013-11-14,0.13506719843311163,0.11971482896554317,0.1173323463657524,0.11428440774912094,0.1146453183270973,0.11436614801710265,0.11971482896554314,0.10324742977330505,0.1008120248037356,0.1028962514505059,0.10812350394301809
2013-11-15,0.13396066632952022,0.11826432790667081,0.1160397775029137,0.11278697952087365,0.11315517510915757,0.11287851489608408,0.11826432790667078,0.09998984334579626,0.09764895472171761,0.09967747515950229,0.1063169156910349
2013-11-18,0.13441810085058226,0.11867947515239902,0.11626217113729173,0.11329568539968836,0.11365048587403201,0.11337776474398031,0.11867947515239897,0.09963653591210452,0.09725699426300963,0.09927845129527398,0.10647036578812358
2013-11-19,0.133299690417238,0.11761502092212829,0.11551683488842204,0.11219051860571659,0.11254833862093938,0.11227050414169203,0.11761502092212826,0.09838557097812654,0.09608688937139974,0.09801576169383079,0.10545592462651267
2013-11-20,0.13323577768650102,0.11753237898589118,0.1154552122441755,0.11213813075909239,0.11249256251719238,0.11221700077758817,0.11753237898589115,0.09807727379223867,0.09580142367781005,0.09770336559030292,0.10535202959949713
2013-11-21,0.13016335842142895,0.11461644712958108,0.11243032819332577,0.10920510898492611,0.10956772940139176,0.10929633540526192,0.11461644712958105,0.09607091815121145,0.09377463066474014,0.09569241234373921,0.10271481013877012
2013-11-22,0.12993653347447265,0.11443242752468823,0.11224880352202499,0.10904919496539818,0.10941084747988981,0.10914034367026357,0.11443242752468819,0.0960404811822826,0.09373408343664721,0.09566469650472317,0.10256738052531031
2013-11-25,0.13012586545735688,0.11444713155681749,0.11233773954153738,0.10897168453369775,0.10934054592576263,0.1090612633261714,0.11444713155681746,0.09380815952586623,0.09192315577271133,0.0934457248857913,0.10240190733517625
2013-11-26,0.1295250026523556,0.11410829218015367,0.11202672554180222,0.10858441408921311,0.1089593353537967,0.10867825941817769,0.11410829218015363,0.0938391584777626,0.09193828408909883,0.09347436010360269,0.10225288368772356
2013-11-27,0.1292837406181751,0.11407456843165464,0.11207089855668895,0.1084848578124214,0.10886480624345142,0.10857729150324938,0.11407456843165462,0.09379442491748112,0.09193226828510483,0.0934249657862976,0.10230874725340464
2013-11-28,0.1292494767386755,0.11404668232067275,0.11198754415232097,0.10851152648623594,0.10888013497307995,0.10860227002961799,0.11404668232067272,0.0940646049768472,0.09210634137180664,0.09365543810443414,0.10230365627066254
2013-11-29,0.12794824519794212,0.11302500475253051,0.11065674361166795,0.10761671106031918,0.10797961542194527,0.1077080740254639,0.11302500475253047,0.09406146876953765,0.09207785745817709,0.09365058310446919,0.10142625140629724
2013-12-02,0.12748316361987566,0.11262789760966213,0.10994422062640445,0.10732629959969998,0.10768446621480761,0.10741683138060154,0.1126278976096621,0.09407463074679627,0.0920786478539676,0.09366832184374921,0.10104465394005992
2013-12-03,0.12685135407784398,0.11218235363921036,0.10979355754451377,0.1065665197799003,0.10695030291080962,0.10667284800034192,0.11218235363921032,0.09362448742864812,0.09159983879324358,0.09318749354184996,0.10080601780405746
2013-12-04,0.12565902047938968,0.11057347265251335,0.10811799569939706,0.10442108376551956,0.1048466396190874,0.1045427286117002,0.11057347265251334,0.09095515250968347,0.0888796206608987,0.09049715102560921,0.09893547860734621
2013-12-05,0.1253538110993129,0.11029442886140851,0.10803950964930294,0.1039683682401062,0.10440945394138385,0.10409837566636884,0.1102944288614085,0.09076768223850178,0.08866999464031121,0.09030165410097582,0.09872091378974697
2013-12-06,0.12493028575130186,0.10983233172389473,0.10771511126999905,0.10346017384703694,0.10389506063389357,0.1035915250640136,0.1098323317238947,0.08980119709871208,0.08782703253664526,0.08935134574910789,0.09827853300753372
2013-12-09,0.12427769451028224,0.10932779127388127,0.10737993642379315,0.10297461108153913,0.10339799898378901,0.10310799524110506,0.10932779127388124,0.08981393041188517,0.08779797660360071,0.08936855950008088,0.09791913654082235
2013-12-10,0.12419523389101551,0.1091011963032264,0.10716074155530766,0.10262178425738214,0.10305303228350464,0.10275970376911057,0.10910119630322637,0.08890666871993047,0.08681342720035413,0.08843674727370766,0.09755496794312449
2013-12-11,0.12412640948310216,0.10906366301566561,0.10767673493258348,0.10227880509526387,0.1027572895560145,0.10242195488441289,0.10906366301566559,0.08777271132560491,0.0859769769737,0.08737512539509071,0.09753572457127663
2013-12-12,0.1216750042911271,0.10646511983661008,0.10508635272263224,0.09986447080671643,0.10032752149244983,0.10001373817443886,0.10646511983661006,0.08473497824420201,0.08309906324902624,0.08443294276943014,0.09475178365260223
2013-12-13,0.12177269577392083,0.10650277421502576,0.10511164249917346,0.09991505278032557,0.10037635419289632,0.10006379664069659,0.10650277421502573,0.08475440593691946,0.08311098470794445,0.08444639843854998,0.09475114605084103
2013-12-16,0.12162954358918356,0.10642747989085458,0.10523241770633589,0.09978764655612714,0.10025668793970303,0.09994645504586896,0.10642747989085455,0.08491951113065944,0.0828276715611476,0.08456737607990025,0.09467452006741493
2013-12-17,0.12154649985203043,0.10630939589347176,0.10517688559440913,0.09973283374934942,0.10020361798990722,0.09989843058107038,0.10630939589347173,0.08527625215620374,0.08298252030667168,0.08490919657121383,0.09449514825808146
2013-12-18,0.1213425541789406,0.10615815034047715,0.10505375875892146,0.09960831118285458,0.10008048649848492,0.09977353983024026,0.10615815034047713,0.08529116435885653,0.08300454775996935,0.08492424829110798,0.09439525843410758
2013-12-19,0.12029549193879023,0.10562360257841961,0.10479618466166375,0.0990944957713853,0.09956063185039699,0.09926046989082701,0.1056236025784196,0.08526233803195611,0.08300111973108029,0.08490243311827839,0.09422455375017963
2013-12-20,0.11294127820315736,0.09938301353346163,0.09999373446796028,0.09319467667984205,0.09361500212468432,0.09338623320299544,0.0993830135334616,0.08339458562973331,0.08049980371552105,0.08294827984589465,0.08905815484150907
2013-12-23,0.11385542277725233,0.10021398507132906,0.10096988234816545,0.09428270044686535,0.09464989712727835,0.09448101043585878,0.10021398507132905,0.08467753148042463,0.08144468853397528,0.08416931350626738,0.08979160623549128
2013-12-24,0.11145354993587334,0.09786509452181556,0.09884483291774337,0.09203009462496951,0.09240864545057888,0.09223755259876598,0.09786509452181555,0.08327899120745774,0.0800798925938055,0.08277424813051068,0.0875570225727704
2013-12-25,0.11153076542342337,0.09801899152940516,0.09898459331934877,0.09220257383835707,0.09257430607982074,0.09240891718540777,0.09801899152940514,0.08366428840615478,0.08042350992082963,0.08314801763566541,0.08780022868497285
2013-12-26,0.11135774336226356,0.0977331029097525,0.0986035418007072,0.09195095947425508,0.09232792669912432,0.09215757001125235,0.09773310290975247,0.08268357464972419,0.07955852409356316,0.08219761381942148,0.08739748448712109
2013-12-27,0.109029932607487,0.09561454445341822,0.09680779465120838,0.08978239218648665,0.09014467978072033,0.08998866783671035,0.0956145444534182,0.08131683405813898,0.07800057069826943,0.08078831547168334,0.08550431290388162
2013-12-30,0.10968359197816324,0.09634381128557153,0.09779498348046449,0.09033409612285884,0.09077992021927703,0.09055295588078276,0.09634381128557151,0.08180720919427786,0.0785889601189338,0.08129789653806872,0.08618813519404911
2013-12-31,0.11041298055669657,0.09702405325483106,0.09876230442312037,0.09073877968981907,0.09128335719076981,0.09097193597084163,0.09702405325483104,0.08219144876185262,0.0789471666789143,0.08168989096656601,0.08675983518771911
2014-01-02,0.11043200980216145,0.09701343795009808,0.09875570071596718,0.09070538768983755,0.09125115120633094,0.09093940602620558,0.09701343795009805,0.08218933530844338,0.07890967476676906,0.08169070912821991,0.0867225049915261
2014-01-03,0.11019749852746723,0.09672188027673002,0.09849394217229489,0.0903617335648906,0.09091068536577693,0.09059653068813457,0.09672188027673,0.08182697668150783,0.07854009765335677,0.0813204070218574,0.08637153937647113
2014-01-06,0.11028000557383928,0.09676203595790657,0.09887667773864252,0.09029813902516462,0.09086255346083118,0.09053578100364099,0.09676203595790656,0.08166413600812487,0.07836623394800482,0.08115176214574261,0.08636383064761535
2014-01-07,0.11018699547801986,0.09687234769609816,0.09881030291583312,0.09055846961098349,0.09109811051269169,0.09079458506507972,0.09687234769609815,0.08253062447425484,0.07899547400584486,0.08198335257095243,0.08669908410805958
2014-01-08,0.11063630505933345,0.09713006023219131,0.09949547269737945,0.09071794527826628,0.0912763331359682,0.09095109958461163,0.09713006023219128,0.08253053621745954,0.0790004438034822,0.0819833875265282,0.08680170516777913
2014-01-09,0.10827329007087692,0.09521353472191284,0.09844759596504551,0.0885901881374368,0.08917936374875413,0.08883854745236786,0.09521353472191282,0.08160705117470707,0.0781042251071202,0.0810574690269267,0.08530761151854652
2014-01-10,0.10823064499360363,0.09518968640284514,0.09853775990767374,0.08864167300716716,0.08921999723044632,0.08888918907567346,0.09518968640284513,0.08169075117643369,0.07825422218676759,0.08117149722548767,0.08534110375520525
2014-01-13,0.10825792898084485,0.09520127398401693,0.09894449687082166,0.08864056488310056,0.0892192666766966,0.08888772069710098,0.09520127398401691,0.08181522265943443,0.07828730940358611,0.0812589601914001,0.08534033478934053
2014-01-14,0.10838592566525265,0.09543837523751145,0.09909611360019513,0.08901666976339492,0.0895665816042317,0.08925732955391995,0.09543837523751143,0.08225145515778697,0.07870404640607569,0.08167319197891838,0.08568545933487554
2014-01-15,0.10912640113823464,0.09616906654031013,0.10080022740030656,0.08955162696051404,0.09015152750788982,0.08980249234966409,0.09616906654031011,0.0823326966441107,0.07894735809333618,0.0817941937622447,0.08634774224480468
2014-01-16,0.10863124875961278,0.09559966352050771,0.10177581850313143,0.08932347012499507,0.08990653844165171,0.08957541202177208,0.09559966352050771,0.08182325539012832,0.07849737134771555,0.08132064268273298,0.08573630647295886
2014-01-17,0.11647598542385572,0.103358265241768,0.10675737628569229,0.09857438732165455,0.09887520052684759,0.0987446287992886,0.10335826524176799,0.09376177362804088,0.08923935786536327,0.09287228410981994,0.09337835324584227
2014-01-20,0.12083005001253225,0.10634830165258731,0.10898259962110901,0.10147052047411537,0.10179862612108695,0.1016347666465481,0.10634830165258731,0.09640119994094422,0.09149263934892353,0.0954022419466933,0.09526444808377886
2014-01-21,0.12050867016972869,0.10581108962853357,0.1078339715052919,0.10067046190156544,0.10109872474725097,0.10086846343456778,0.10581108962853357,0.09636863281329049,0.09124158701277685,0.09530456056986898,0.09459217574809244
2014-01-22,0.12150739807780091,0.10637445700885978,0.10982084813139631,0.10139536782834352,0.10181190152501947,0.10157646795429964,0.10637445700885977,0.09677650208827818,0.09176711943756372,0.09573041929057106,0.09474408017776773
2014-01-23,0.12170265010316673,0.10639681794868003,0.10979223378572799,0.10141501621788837,0.1018318206304972,0.10159821386762861,0.10639681794868003,0.09677288130480215,0.09179653266357196,0.09572861677142615,0.09476547326797985
2014-01-24,0.11994388408828649,0.10534346511368761,0.10993066621241841,0.1006028866150094,0.10101314858867284,0.10078655321783404,0.1053434651136876,0.09632555328324191,0.09134929575523167,0.09526363433819288,0.09431121048194527
2014-01-27,0.11969436435572904,0.10516160583336492,0.10997512412044663,0.10056749819097825,0.10095920109190208,0.10074433496939753,0.10516160583336491,0.09638090344388567,0.09152454493741773,0.09533578519012863,0.09415650920355956
2014-02-06,0.11982106117036427,0.10519162559925066,0.10998095207471802,0.10057011953728168,0.10096661121981565,0.10074863467682059,0.10519162559925065,0.0964102839091626,0.09152474636046495,0.09535820298501423,0.0941539838878652
2014-02-07,0.12087291205641236,0.1061248106859659,0.11134347611827403,0.10128356661135685,0.10171865654632613,0.10146120159664074,0.10612481068596588,0.09674673118356263,0.09196709826457962,0.0957000312373847,0.09492603065545904
2014-02-10,0.12181083688477198,0.10685532249857153,0.11197194883347159,0.10183509971215372,0.1023487292302791,0.10202268742237966,0.10685532249857153,0.09680638301721586,0.09217104925682962,0.09580046638129645,0.09537403280513813
2014-02-11,0.12201711728770784,0.10703284278941796,0.11218139135082905,0.10197807945356854,0.10251095434277632,0.10216706958774231,0.10703284278941796,0.0969862755982433,0.09234448477570181,0.09599509495950975,0.0954975665660068
2014-02-12,0.12502500890994753,0.10971468940353897,0.11509022754551734,0.10446584436306768,0.10513418348326355,0.10466496572724499,0.10971468940353896,0.09868190387600463,0.09422802343450304,0.09769875791848179,0.09769009812164446
2014-02-13,0.1252082258360324,0.11013276789568083,0.11569494134614876,0.10483287117768177,0.10550996492607868,0.10502943495745833,0.11013276789568083,0.09994193252088908,0.09488803272901225,0.09882308100888682,0.09825668575627224
2014-02-14,0.12496059450601014,0.1098901169461322,0.11518971316033122,0.104553480936989,0.10523431901037862,0.10474789906339554,0.10989011694613218,0.09979948394461359,0.09463862025159121,0.09863441542916504,0.09801183288950223
2014-02-17,0.12551902423526756,0.11063701494931669,0.11577196987124758,0.10542284916653152,0.10605217280955831,0.1056265535096151,0.11063701494931667,0.1005025407054563,0.09544418967385214,0.09930835169069373,0.0990178351255605
2014-02-18,0.12611191363480226,0.11111521305395057,0.11690477231947857,0.10578144093449725,0.10645443339205042,0.10599210575568939,0.11111521305395056,0.1008724945543465,0.09572436888799091,0.09976015188407217,0.09930753375678367
2014-02-19,0.12680475341588768,0.11182597508043668,0.11845426648774798,0.10635297493333967,0.10709635783655755,0.10658499765418725,0.11182597508043667,0.10122247842023509,0.09609445229813769,0.10026124388293003,0.09985294906857597
2014-02-20,0.12846104880504902,0.11302462553227523,0.12042479623873407,0.10749719134173005,0.10830432508846949,0.10775667546214214,0.11302462553227521,0.10181573073030735,0.09676591930019808,0.10102150495606883,0.10053317147315861
2014-02-21,0.12819698114701872,0.11271812087108063,0.11954793171010852,0.10733087196191408,0.10811779904020484,0.107590812019499,0.11271812087108062,0.10150612956533545,0.09645745429254309,0.10070476154105283,0.10023268585162666
2014-02-25,0.13516171779010494,0.11723866159982954,0.1222067367272971,0.11100902005946409,0.11214024850724623,0.11128507636539538,0.11723866159982953,0.10245281357778602,0.09784900249239097,0.10168937623216591,0.10279942046725477
2014-02-26,0.1354090680979491,0.11801167684677066,0.1233219622308501,0.11190357366671788,0.1130488900013082,0.11219354312857177,0.11801167684677065,0.10344405124003181,0.09934818708865005,0.1028672299169413,0.10400963247898298
2014-02-27,0.1350180503871345,0.11766014205014297,0.12324957468506974,0.1121107435904821,0.11304478672629707,0.11241390855586511,0.11766014205014294,0.10553554804154555,0.10149591997105929,0.10504865842643075,0.10518248160132741
2014-02-28,0.13482580899681096,0.11748976450112485,0.1230640868693462,0.11197568181081922,0.11290514953358986,0.11227916490207993,0.11748976450112483,0.10545247026914935,0.10138465719541366,0.10496149350783739,0.10503725288427417
2014-03-03,0.13909286085223777,0.12221141769037332,0.1274838725633898,0.11721788026305141,0.11810966213778377,0.11751611338895013,0.12221141769037329,0.1099080315700338,0.10625122031392592,0.10959117405953664,0.10992929576419794
2014-03-04,0.13756327182671205,0.12109238875918424,0.12630050736035559,0.11694941860005506,0.11774944481958197,0.11724198845220217,0.12109238875918422,0.1095231332646229,0.10609256450093627,0.10932096846062798,0.10923785732817408
2014-03-05,0.13781245129699082,0.1212662794375677,0.12647405436433226,0.11712878002818243,0.11794409971699128,0.11742202196940313,0.12126627943756767,0.10956880307144627,0.1061683179170406,0.10937865983506492,0.10933564553167548
2014-03-06,0.13763595569743883,0.12113731129102905,0.12651111855708544,0.11709356316897991,0.11790187389085127,0.1173844075187964,0.12113731129102903,0.10960701799969381,0.10614901461863925,0.10942359687554558,0.10922428396141222
2014-03-07,0.1331100291107532,0.11717607846595803,0.12249053052735061,0.11403328810225884,0.11475283156652841,0.11430330759936466,0.11717607846595801,0.10657882203179657,0.10327502851868917,0.10646930204881881,0.10570837741348214
2014-03-10,0.13202310052088734,0.11633402503282972,0.121852696595648,0.11353813820124893,0.11423871006120208,0.11380184319070645,0.11633402503282968,0.10631966152949823,0.10307277527954153,0.10621341132117079,0.1050685876297233
2014-03-11,0.13140871882197594,0.11583058253901156,0.12132556022710826,0.11312306734432448,0.11381744915935725,0.11338226927791194,0.11583058253901153,0.10627506970789977,0.10297925095164494,0.1061595424960584,0.10459029779862361
2014-03-12,0.13113271719472813,0.11551726658921148,0.1209657321892509,0.11285211909393124,0.11353803817244612,0.11310988119637555,0.11551726658921145,0.10637312286349944,0.10301371454067125,0.10619736545662908,0.10429477354565608
2014-03-13,0.13118687532828802,0.11599404244019089,0.12185369703172254,0.11361059151724556,0.11425870145397614,0.11385871012797691,0.11599404244019085,0.10745755045571627,0.10414467298310111,0.10720017973542177,0.10516943620164736
2014-03-14,0.12996447943213374,0.11510943948339143,0.12106080573270098,0.11312185652806249,0.11372706315995838,0.113363551670618,0.1151094394833914,0.10738827049183368,0.10407709176872083,0.10710931657366665,0.10462144434874492
2014-03-17,0.12970199682855596,0.11469182321849418,0.12055854451074045,0.11278075865005835,0.11337893459423844,0.11301594371981066,0.11469182321849415,0.10705983521588312,0.1037165002479192,0.1067571796429231,0.10415520233555575
2014-03-18,0.1263154375759843,0.11135564670702815,0.11698305666428854,0.11018776697170421,0.1107054990016726,0.11042124126844086,0.11135564670702812,0.10474045584316129,0.10136944405082766,0.10442826877358893,0.1010044208798679
2014-03-19,0.12889500327025338,0.11373811164118755,0.11846729126476165,0.11268554981616277,0.11318988110833764,0.11291655552700566,0.11373811164118751,0.10696371521430692,0.10406817164776551,0.10680517756646898,0.10324235894102757
2014-03-20,0.129715873823532,0.11476287040639789,0.11970358248594559,0.11368271082137141,0.11418939277766808,0.11391353286262965,0.11476287040639785,0.10779470887216605,0.10495132976706677,0.10769254673105652,0.10445004992888882
2014-03-21,0.1296896862901553,0.11475563670006078,0.11942524322584855,0.11367274808051225,0.11418003199181309,0.11390434164173366,0.11475563670006074,0.10755027078757003,0.10482402846731434,0.10748681034343532,0.10446893981275848
2014-03-24,0.13060340856680863,0.11563296751751836,0.12012627492798202,0.11451957831622793,0.11502561617116226,0.11474290314401082,0.11563296751751832,0.10865059095721422,0.10606351249828994,0.10848869050419226,0.10535977710084529
2014-03-25,0.13334557488793058,0.11805319237982825,0.12201980188208464,0.11644282509408513,0.11702708125051559,0.11668136273328704,0.11805319237982821,0.10998181488900953,0.1076830495606221,0.10998687424639102,0.10738962315765965
2014-03-26,0.1384445071483163,0.1236190357839759,0.1282211934976275,0.12127368991877348,0.12196196437361385,0.12151330284768096,0.12361903578397587,0.11465870455739094,0.11263325480556367,0.114581444934022,0.11324119940522248
2014-03-27,0.13761141095149595,0.122920261258939,0.12802130951878823,0.12033339801128995,0.12105241087384358,0.12056876539310123,0.12292026125893897,0.11416501085343339,0.11205743452517258,0.1140517092755768,0.11266273005341931
2014-03-28,0.138165599588015,0.12344020161281058,0.12853633296929717,0.12041562118346057,0.12121123455940848,0.12065484536352632,0.12344020161281055,0.11429038289680714,0.11218316073997164,0.11417217078816047,0.11304569436747229
2014-03-31,0.13816768010845185,0.12325058569167845,0.12807642161009894,0.11927997149131758,0.12021869045668487,0.11951768003672315,0.12325058569167842,0.11365524568106933,0.11159918314862499,0.11352501940784468,0.11262611864453884
2014-04-01,0.14160880735116632,0.12601519461429936,0.12942372504881378,0.12201600376642284,0.12296224549904274,0.12224498964300616,0.12601519461429933,0.11517063350763387,0.11334998514390084,0.11506448229992236,0.11478268740516166
2014-04-02,0.14157343507221284,0.12581661385749102,0.1294846489340728,0.12148101922399726,0.12247504014728035,0.12171815797217747,0.12581661385749102,0.11448794849636386,0.11267044349725362,0.11437328501309507,0.1143461129251795
2014-04-03,0.1424761327755043,0.12703757544734792,0.13052032603920927,0.12277003898041329,0.12374401385448786,0.12300552166641082,0.1270375754473479,0.1165488488066051,0.11474437170414721,0.11644692525978918,0.11589308676838328
2014-04-04,0.14247197067130798,0.12700763980204707,0.1304841527372178,0.12273144605567625,0.12370548927784344,0.12296692028995918,0.12700763980204707,0.11643176467013276,0.11461246082303889,0.11633273701516439,0.11582732641896981
2014-04-07,0.14205864919355335,0.126661413366908,0.1306227764175613,0.12228777979851554,0.12327724837923504,0.12252293537458724,0.126661413366908,0.11564714952257844,0.1137359627536477,0.1155534665869388,0.11555118752725738
2014-04-08,0.14205332569272944,0.126653341395028,0.1306764994211279,0.12225659168630812,0.12325772369105618,0.12249199425058219,0.126653341395028,0.11555932884654613,0.11366445721550275,0.11546453960804716,0.1155463405500828
2014-04-10,0.14206699402690687,0.12674314676760354,0.13097283711338434,0.12233670209943805,0.12333902891301833,0.12257101689076881,0.1267431467676035,0.11575061387990296,0.11382319852512938,0.1156469999265033,0.11574393721170977
2014-04-11,0.14185005206734452,0.1265887174324167,0.13098276864169184,0.12184704815089517,0.12289485613468086,0.12208119564296092,0.12658871743241668,0.11543764878736758,0.11359259339824294,0.11534378406234723,0.11567998550601719
2014-04-14,0.1419439894250675,0.1267891020557759,0.13112086871783799,0.12204264508597576,0.12309259894596405,0.12227759319582641,0.12678910205577587,0.11540596914934186,0.11355025405849649,0.11530202044958114,0.1159096062187248
2014-04-15,0.14421602234171832,0.1291883193395114,0.1331676968449023,0.12467117891144393,0.12569406720729973,0.12490098062948721,0.12918831933951136,0.11722555510530394,0.11574108916895444,0.11720224609207584,0.11838534144467062
2014-04-16,0.14699052565802453,0.13162930918791405,0.13506365293376627,0.12680037700001556,0.12785710606936446,0.12703596009450438,0.13162930918791402,0.1185376265917322,0.11697178099309487,0.11848943771732216,0.12033301035027717
2014-04-17,0.1469775840906977,0.13159663947247474,0.13508628846458892,0.12675351276398272,0.12781147203422216,0.12698638806320933,0.1315966394724747,0.11843891953394402,0.11688232465448453,0.11838235867414307,0.12031673184692858
2014-04-18,0.15341136068439845,0.13675497541498452,0.13916619196312977,0.1315662334268579,0.13265342891046109,0.13183522419120228,0.13675497541498452,0.1196918967466959,0.11839508970812447,0.11963188069204564,0.1241806032675147
2014-04-21,0.15534818829345629,0.1383668288852373,0.14066456984270834,0.1332601244074705,0.1343340674689635,0.13353065868322203,0.13836682888523727,0.12078970351069719,0.11963859609920315,0.1207365112214311,0.1255184330110834
2014-04-22,0.15976375196571777,0.14209802153481269,0.1435769252790623,0.13687986394212565,0.13795750761640282,0.13716325649413172,0.14209802153481269,0.12225094223935047,0.1215554330618652,0.12224485490002254,0.1286498993856473
2014-04-23,0.15986913941852995,0.1421944131555853,0.14369122218452898,0.13700664054621928,0.13808033905376021,0.1372900491932919,0.1421944131555853,0.12230954373640805,0.12164808844395046,0.12231397619792235,0.12874663625529625
2014-04-24,0.15959719189505764,0.141997568811575,0.1435633092846237,0.1367255246062313,0.13781801047264827,0.13700774449278044,0.141997568811575,0.12196766807261965,0.12132589957674061,0.12198649302211298,0.12862946187062074
2014-04-25,0.16052672613464247,0.14287072804298606,0.1444206937008364,0.1377455390871159,0.13881358002406435,0.13801803080151762,0.14287072804298603,0.12355952587058612,0.12267264664316133,0.1235723587580454,0.12941493896511408
2014-04-28,0.16173238521047884,0.14401745232622845,0.14572507295579817,0.13884009690073415,0.13991412261098293,0.1391141061682267,0.14401745232622845,0.12420212542797317,0.12338772258774047,0.12421982019527852,0.13047265625739915
2014-04-29,0.16183234811800293,0.1441028922310082,0.14576461257656861,0.1389385292918707,0.14001022631308657,0.13921230750710972,0.1441028922310082,0.12434760804598545,0.12348296501634502,0.1243598208169443,0.13050427491716415
2014-05-05,0.16864024736474437,0.14989817436738856,0.15078588544937077,0.14442709490095978,0.14552924635937334,0.14473196826720475,0.14989817436738853,0.1264792529775139,0.12619211494361757,0.12660052056028487,0.13534139604220194
2014-05-06,0.16947835626271635,0.15106585921829202,0.1525686989854389,0.145627008409685,0.1467235796712029,0.14592339442014957,0.151065859218292,0.1278934666384046,0.12760708262995996,0.12805997426437232,0.1368002301938281
2014-05-07,0.16960493102554206,0.1513176562214705,0.15275488420059663,0.14577430021411325,0.14688282125812577,0.1460710677540267,0.15131765622147048,0.12798484185377298,0.12767730380695322,0.1281449947123266,0.1371839469284162
2014-05-08,0.1887562370204311,0.17191997049974503,0.17404201244459389,0.16698446692323146,0.16796855209129063,0.16724791091559377,0.171919970499745,0.1500216147928524,0.14978247388816415,0.15038696845890362,0.15919299309094917
2014-05-09,0.1921666623058191,0.17597863495986016,0.17805828032874943,0.1716217835734925,0.172517288918843,0.17186682651090343,0.17597863495986013,0.15736711550715113,0.15669497992054535,0.15764971668812353,0.16410897374613484
2014-05-12,0.20277266995966714,0.18669269570437255,0.1894295051225945,0.18220973279942437,0.1830727983457319,0.18245316218154542,0.18669269570437252,0.16720632459824986,0.16651856437668955,0.167474613868826,0.1749895445388022
2014-05-13,0.20279023044723773,0.1866448829425441,0.1893849009538784,0.18215400639998686,0.1830173844471813,0.18239951349859326,0.18664488294254408,0.16704409203258597,0.16636898276013667,0.16730762472283414,0.17490759340721498
2014-05-14,0.21022758280463444,0.19410511254811144,0.19708231705012833,0.18932757478536225,0.1901785970131605,0.1895823420832181,0.1941051125481114,0.1721577511975605,0.17158437250486772,0.17257060687327222,0.18239142273723966
2014-05-15,0.2114450230137333,0.1953520790694693,0.1985930827570109,0.1904984060911112,0.19135243871933327,0.1907600563768852,0.1953520790694693,0.17356060757113387,0.17302047608983384,0.17402671831311403,0.1836913267899808
2014-05-16,0.21287842777280286,0.19645572274502235,0.19993721002633383,0.1913688592850514,0.1922304759719723,0.19163373109878123,0.19645572274502232,0.17357423884542203,0.17305110750549257,0.17405428512938625,0.18459975846661997
2014-05-19,0.2131714407416652,0.1966682067000245,0.20007830048753847,0.1915748718312367,0.1924356083016759,0.19184061727166085,0.1966682067000245,0.17361305729306659,0.17307887993776286,0.1741040516604707,0.18475492462016124
2014-05-20,0.21313902505653462,0.1966668949790014,0.20010006631411714,0.1915827400000677,0.19244233152811552,0.191848145653588,0.1966668949790014,0.1736772097383159,0.1731436146406643,0.1741558212590787,0.18477779473916722
2014-05-21,0.21407208050613216,0.19769322606269565,0.20082284058666872,0.1926264699501713,0.19347962494938897,0.19288904945803284,0.19769322606269565,0.17472620407226142,0.1744883213701949,0.1752814532498183,0.18598710617112857
2014-05-22,0.21440879464201115,0.19807177141570292,0.20134472198594242,0.19298836633565666,0.193842947175758,0.193252379271394,0.19807177141570292,0.17513490396270087,0.17493102079969305,0.17574164202216871,0.1864370468910529
2014-05-23,0.21438887738359927,0.19804656902851867,0.2013209778882334,0.19296590289965673,0.19382049594175782,0.19322985101332524,0.19804656902851864,0.17511895972840116,0.17491479030942048,0.17572670549570227,0.18641030662398958
2014-05-26,0.21417972797113743,0.19789136414659136,0.2011434504733327,0.19279833555001047,0.19365402387387604,0.19306128224535984,0.19789136414659134,0.1750790617241081,0.17489520236108622,0.1756933224932698,0.18630104012304405
2014-05-27,0.2163354845496813,0.19981884417124032,0.20319198577535097,0.19465195214640774,0.1955022148112582,0.1949099548953021,0.19981884417124027,0.17603893314485133,0.17583587471400225,0.1766473938186334,0.18805580266595426
2014-05-28,0.2166831085838635,0.2001141666320903,0.20338070198095456,0.1949979773761415,0.19584379057905826,0.19525442094533987,0.20011416663209028,0.1761294416171537,0.17591084003194865,0.17671427342781373,0.18826385999650272
2014-05-29,0.21657763975291555,0.1999649384509942,0.20326898044171027,0.19487932159991025,0.195723677750085,0.19513373922382682,0.19996493845099417,0.17614161912944742,0.1759144935590664,0.17671438115135993,0.18812352385950207
2014-05-30,0.21626948356022285,0.19966010397382186,0.20293975536796913,0.1945397378246741,0.19539123083661117,0.19479412536671997,0.1996601039738218,0.17566568993620482,0.17548801641371153,0.17626106634703465,0.18785097935002104
2014-06-02,0.2173777522297867,0.20065724665776757,0.20384485663135277,0.1955638687294573,0.19641114748154873,0.1958166418178413,0.20065724665776755,0.17645694002478612,0.17620602100078464,0.17703451791947228,0.1887198458288732
2014-06-03,0.21737773635013405,0.20066233561016653,0.20386266786921825,0.19556173908439728,0.19641039219059142,0.19581467228924293,0.2006623356101665,0.17648129813234628,0.17625671669755114,0.17708478822440804,0.18874946688787464
2014-06-04,0.21821264862750225,0.20125454475298615,0.2043363741827901,0.1960961911092532,0.19694586156897326,0.19635342597836838,0.20125454475298613,0.17654746326902138,0.17631261188524147,0.17716889168545086,0.1891423008569195
2014-06-05,0.21825637653136465,0.20128886017100292,0.20439652421281393,0.19612692903481402,0.19697732292872897,0.19638393355497102,0.2012888601710029,0.1765175514790304,0.1762836659241386,0.1771383468183974,0.18915001669972611
2014-06-06,0.21953889596630546,0.2022445107074366,0.2052562079062664,0.19701262768499814,0.19786153306197726,0.19726816458910543,0.20224451070743657,0.1765792319128082,0.1763510293417767,0.1771923066025582,0.18983827280368962
2014-06-09,0.2196362032761415,0.20233533043126076,0.2054231766706269,0.19711264037725845,0.19796041427270578,0.19736828705813145,0.20233533043126073,0.1765888895005927,0.1763857038314856,0.1772070822986057,0.18991704040199453
2014-06-10,0.21973666705519534,0.20237529015983946,0.20556906612033948,0.19713610761403957,0.19798333600911447,0.1973930324530699,0.20237529015983943,0.17655738450544398,0.17634804394776224,0.17717932943340284,0.1899386344950574
2014-06-11,0.2203054160086255,0.20281147114420336,0.20606695163434616,0.19760313533705245,0.19844866721920484,0.19785793106673097,0.20281147114420334,0.17668538518334714,0.17649549959645883,0.1773263504878309,0.19029715069836955
2014-06-12,0.2203219061373372,0.20282939718707002,0.2061172267522583,0.19761913638026574,0.19846404648132962,0.19787349301490897,0.20282939718706997,0.1766884596168072,0.17649631094169468,0.17732924260449037,0.1903088988929945
2014-06-13,0.22034437453413952,0.20283222979319468,0.20614711565583585,0.1976193080462283,0.19846409765935366,0.19787364419702694,0.20283222979319465,0.17693797145169501,0.17673412907382394,0.17757579596838718,0.19030841661254996
2014-06-16,0.22026327511805688,0.20272386911201207,0.20602085117469576,0.19752836119193148,0.19837025333153993,0.1977831836620648,0.20272386911201204,0.1769432557497874,0.1767214353243089,0.1775854670457735,0.19017548884758292
2014-06-17,0.22015024059798569,0.20264695624862655,0.20591387553913812,0.19746959735637845,0.19830394376301483,0.19772305602170573,0.20264695624862653,0.176943622390252,0.17676489712802934,0.1775859589803198,0.190133525668093
2014-06-18,0.2200768517187213,0.2026057628670315,0.20583371229761208,0.19745147485366443,0.19828044800534797,0.19770364160919585,0.20260576286703147,0.1769744741791509,0.176792598030729,0.1776172755604248,0.19011988906297833
2014-06-19,0.22025877243756492,0.202751570832541,0.2060561276800454,0.1975708746024906,0.1984094956900575,0.19782344813433586,0.20275157083254097,0.17705968868970817,0.1768948184840593,0.17769628308776322,0.1902118583453796
2014-06-20,0.2206077410826096,0.2031031032350472,0.20642328053112638,0.19795129548289808,0.1987914301246811,0.1982025614105585,0.20310310323504716,0.17721762062654992,0.17709677795791057,0.1778372699540362,0.19050377094233611
2014-06-23,0.22066641543354854,0.2031808483825165,0.20667589021271712,0.1980184004109304,0.1988567248042747,0.19826964428540705,0.20318084838251643,0.17724323628647018,0.17710467332641627,0.1778690081442341,0.1905680417685621
2014-06-24,0.2200410403548708,0.202639608851933,0.20598319526200914,0.19754226760927093,0.19835816753508534,0.1977909124038283,0.20263960885193294,0.17692555349999597,0.1767291002731,0.1775221070066276,0.19012440086726845
2014-06-25,0.2201788843804284,0.20279771807740588,0.2061250408975517,0.19766667337796967,0.19848653780693373,0.19791815738529617,0.20279771807740585,0.1770444756246635,0.17685558650068922,0.17763622225549003,0.1903223965257696
2014-06-26,0.2200899822496894,0.2027459878996213,0.20617387233918938,0.19761312411331552,0.1984329173636616,0.19786454876546908,0.20274598789962128,0.17702722009604974,0.17684545539328334,0.17762280188300508,0.19030279735115238
2014-06-27,0.21978428459897192,0.2024266527154126,0.20577464104805887,0.19728202223070396,0.19809844669100632,0.19752775644082812,0.20242665271541255,0.17628441192714925,0.1763534583862904,0.1769094332950407,0.19000390436738265
2014-06-30,0.2196821352902702,0.20235456638008978,0.20569407226085495,0.19719401546481774,0.19801113434288053,0.1974380459038469,0.20235456638008975,0.17601102454771808,0.17618405942249823,0.17665285064949976,0.1899637483913298
2014-07-01,0.21962239573432898,0.20230828129862524,0.2056382261808991,0.19715894587042096,0.19797253687645672,0.19740317244109612,0.20230828129862521,0.17599341924480116,0.17616314692451568,0.17663318878480871,0.18993350338860035
2014-07-02,0.21960364239330932,0.2022973037704308,0.2056373601350752,0.19714493986951476,0.19796007378467217,0.1973895105938476,0.2022973037704308,0.17601610783158284,0.17619154118818925,0.1766529446348807,0.18992342433373696
2014-07-03,0.21958602143266653,0.20230436896294093,0.2055318456506339,0.19708794942805302,0.1979162705915592,0.19732458439285952,0.20230436896294093,0.17553807497045992,0.17600560250195502,0.1762288706117556,0.18995369727785077
2014-07-04,0.21940585782802768,0.2021445165648605,0.20553638794526008,0.19682478328434314,0.1976770876776994,0.19705750075083214,0.20214451656486046,0.17510211132543793,0.17575126565078025,0.17583546875923148,0.18980406446468726
2014-07-07,0.21909563206967392,0.20194173939997315,0.20534873929818642,0.19668738281895815,0.19752170667863617,0.19691762095258636,0.20194173939997312,0.17566877225242788,0.1762980145821695,0.1764027637774539,0.18972426183096713
2014-07-08,0.21899066884619642,0.2018131408014485,0.20526992610461214,0.1965426182327514,0.19738041294509637,0.1967734334567536,0.20181314080144847,0.17541936024105095,0.17608240258774163,0.1761570058258435,0.18956865852828
2014-07-09,0.21900689267258272,0.20181956719912067,0.20528612177898878,0.19655237904324016,0.19738919783860734,0.19678305931943887,0.20181956719912067,0.1754944258240481,0.17613018867368546,0.17623603039274943,0.18956953804393142
2014-07-10,0.22010368913785403,0.2028011714037314,0.20618242047191918,0.19748156262838928,0.1983251953518909,0.19771173131906258,0.2028011714037314,0.17621432165499637,0.1768764297457482,0.17696064984945728,0.19043185460754
2014-07-11,0.21953411253802357,0.20228157833059923,0.20553323863070377,0.1971126706071484,0.1979085828535253,0.19733573629151344,0.20228157833059923,0.17597693573292505,0.17660061937199792,0.1767202976790477,0.19000428363152816
2014-07-14,0.21928367970707463,0.2020596049092433,0.20520866924307657,0.19701078248858597,0.1977697495751867,0.19722860366732106,0.20205960490924327,0.1758637078365304,0.17650295487505038,0.17661461157158573,0.18982715659590385
2014-07-15,0.2193140925537554,0.2021230983457855,0.2052620605881109,0.19706751773865055,0.1978264687667976,0.19728416864232595,0.20212309834578548,0.17589334186097305,0.17655129111329074,0.17663254875069523,0.1899210026662259
2014-07-16,0.2193091131284655,0.20211819487295432,0.20526708538221752,0.19705596454828023,0.19781664057019369,0.1972729034642419,0.20211819487295432,0.1758801914903595,0.17654100107273568,0.17662376510431735,0.1899153268671988
2014-07-17,0.21935034829809652,0.20218142581140003,0.205266404218358,0.1971320473878927,0.1978908313690965,0.19734847707525185,0.2021814258114,0.17597447230270427,0.17665308017294507,0.17672497329249662,0.1899910721204959
2014-07-18,0.22001583764881485,0.20276555591569015,0.20575790599361193,0.1976425355804591,0.19840853878249057,0.19785606735133934,0.20276555591569015,0.17628873186998933,0.17700512424365855,0.1770366483025876,0.19044130692371622
2014-07-21,0.21988403552419092,0.2026921142498047,0.20551532357944557,0.19760618957311088,0.19836659309468346,0.1978205075935962,0.2026921142498047,0.17655280188607764,0.17718689717376623,0.17729676066749483,0.1904160219156204
2014-07-22,0.2199794789631248,0.202803215111493,0.2055988438178745,0.19774462951065838,0.19849870188134336,0.19795815087081362,0.202803215111493,0.17684917781604498,0.17743996142594146,0.1775835235057293,0.19052483268133388
2014-07-23,0.22004575790461056,0.20286302024521607,0.20560206575118115,0.19779528526098586,0.19855260994095428,0.19800874141534963,0.20286302024521605,0.17691427343651484,0.1774679518963399,0.17763220192165852,0.19055445137347962
2014-07-24,0.2201801059223971,0.20299863101287904,0.20550766385007446,0.19793807463891264,0.19869579964608877,0.1981512502682895,0.20299863101287902,0.17695940658074283,0.1775911355042256,0.17770672118536113,0.19067683670857896
2014-07-25,0.22024218658336447,0.2029570824061477,0.20546229353285625,0.19785849507453182,0.19862768608875683,0.19807441882550578,0.20295708240614768,0.17679939023072505,0.17744768890198662,0.17754192635462238,0.19054221367875204
2014-07-28,0.2211705375409008,0.20357000372775302,0.20570355790607728,0.19855072255013118,0.19930121825906666,0.19876424632068873,0.203570003727753,0.1771233198424726,0.17768283752451655,0.1778666975725686,0.19088354692049825
2014-07-29,0.22079319925447433,0.20337345222146255,0.20471924662382157,0.1984073857720463,0.19914713789686445,0.19862066614117016,0.20337345222146255,0.17721001023823124,0.17774343202458223,0.17795563315829085,0.1908352864515001
2014-07-30,0.2169732890173703,0.19977936613605043,0.2023882613793474,0.194249637763577,0.19512554335059024,0.1944981080801872,0.19977936613605043,0.17160912298627007,0.172930283182478,0.17263357964138187,0.18740234600825345
2014-07-31,0.21512499841969904,0.1986708166938973,0.20167174550450545,0.1932077524042297,0.19407303736870674,0.1934603781030963,0.1986708166938973,0.17033743832615297,0.17195220658842045,0.17147328959244995,0.1868117388783764
2014-08-01,0.21379504694957244,0.19780680708962106,0.2011395013887225,0.19280036941953493,0.19358584126631234,0.19303319423024617,0.19780680708962103,0.16995404715580154,0.17166649022135816,0.171133189008106,0.18628913476735426
2014-08-04,0.2132891796855249,0.19751991056884804,0.2001125082646027,0.19242722696588432,0.19322264795073296,0.19266632101735914,0.19751991056884802,0.16983858732707813,0.17146556533963103,0.17097702504676593,0.1861735215507914
2014-08-05,0.21358724800971143,0.1978235396744968,0.20039957503649267,0.192698812404558,0.19349828711742179,0.19294257326883482,0.19782353967449678,0.16995104865251331,0.17156888395226122,0.17112655069493832,0.1864033039593522
2014-08-06,0.21340739062218003,0.19759687681787885,0.199366190354569,0.19254744389737025,0.19333139104692834,0.19278892284298324,0.19759687681787885,0.16997743381735467,0.1715606638787952,0.17114995079203033,0.18613828656427164
2014-08-07,0.21334341551586603,0.19753033542923568,0.19913142446681584,0.19243918405420954,0.19322939619336776,0.1926838981341235,0.19753033542923565,0.16987479669802477,0.17140687623223932,0.17103598223168928,0.18608540362340123
2014-08-08,0.21331808548582845,0.1975528069599616,0.19919466776711325,0.1924494096334094,0.1932419758429922,0.1926925269632986,0.19755280695996158,0.16985753219724528,0.17141053923716915,0.1710278812249297,0.18611924715541336
2014-08-11,0.2130905261403875,0.19740164006759586,0.19865030623207955,0.19250211015842006,0.19325911719177852,0.19274262124349753,0.19740164006759583,0.17027016661662986,0.17171816800211095,0.17136932234191185,0.18604214132401947
2014-08-12,0.2125075929484925,0.19697654861729233,0.19826074971455437,0.19220055697602106,0.19291262949920931,0.1924354819363324,0.1969765486172923,0.1702577270123667,0.1716201598478842,0.17133609143884276,0.185793980854941
2014-08-13,0.21248243529020389,0.19692778714960263,0.19815146713577309,0.19214791648695947,0.19285308801784437,0.1923819622573034,0.1969277871496026,0.17017554520740072,0.17155438519210534,0.17125655400639803,0.18575171958509293
2014-08-14,0.21050573749612808,0.1952445889834164,0.19618108744498444,0.19071711972662156,0.19133481844345016,0.1909464772865973,0.1952445889834164,0.16918883310054222,0.170488462341904,0.1702866910958472,0.18442621355319144
2014-08-15,0.2103901019540917,0.19500763565129348,0.19563142372560266,0.19059642130972243,0.1911901167824075,0.190826551606245,0.19500763565129345,0.16872247814770164,0.17037567324346053,0.1698947225800744,0.1841103292993269
2014-08-18,0.2104273289880464,0.1950083741464883,0.195594460911619,0.19058568121453584,0.1911820484859863,0.19081641369357064,0.19500837414648828,0.16859732390024354,0.17032460981676456,0.1697854357835057,0.18409574830363476
2014-08-19,0.21016653048954598,0.19466237303004771,0.19533513362804944,0.1901907875967989,0.19081016655276686,0.1904164405185696,0.19466237303004771,0.16831452683604645,0.17000501434755433,0.16951886800978072,0.18362899883582237
2014-08-20,0.20954162957137695,0.19415996652519954,0.19440112180646332,0.18974959418908416,0.1903420849299502,0.18997203049144223,0.1941599665251995,0.16788217121095644,0.16963674971724474,0.16903838351625688,0.18329630478462514
2014-08-21,0.2091794470002679,0.19381510959917783,0.19334854954923014,0.18960905437370815,0.19014180943417452,0.18981679664127313,0.1938151095991778,0.1678690920666391,0.1696073509543391,0.16890643968166966,0.18305945781263747
2014-08-22,0.20803116747393557,0.19301381849740873,0.19217812415255586,0.18898510503895521,0.1894666449893432,0.1891806086911122,0.1930138184974087,0.16763482014335837,0.16933572070516725,0.16862546832763192,0.18257205503581544
2014-08-25,0.20829494650318536,0.1932580544350174,0.19242318761183339,0.18920990690351713,0.1896971175674954,0.18940486385279393,0.1932580544350174,0.16775127125671693,0.16945178387337956,0.1687487059109719,0.18279558130885676
2014-08-26,0.20416347926979178,0.19072236241578838,0.19079228161235554,0.18712770971602255,0.1874103744657059,0.18730841562629158,0.19072236241578835,0.16699491366933594,0.1684602763392744,0.16797858656892078,0.18142092362564782
2014-08-27,0.20381833471950447,0.19003711187953382,0.18963647099228853,0.18652626066285816,0.1867767459022788,0.18669513572905813,0.19003711187953382,0.16635430283216637,0.16750804612403544,0.16720540696854325,0.18050817280670325
2014-08-28,0.20380255105127812,0.18994075620627485,0.1893622395474874,0.18610263968637963,0.18648848688734768,0.18626228281520366,0.18994075620627482,0.16464558323412007,0.16583243144684998,0.16546358641906533,0.17946598369156927
2014-08-29,0.2047524340122528,0.191068929251796,0.19027704222872402,0.1872840066563222,0.1876593503281962,0.18743011534948362,0.19106892925179597,0.16595414855144944,0.16719418343603526,0.16659342998153434,0.1807263074655733
2014-09-03,0.20140438369852137,0.18782241937565555,0.18718414667525995,0.18396790475291808,0.18434721968973833,0.18411106344159217,0.18782241937565552,0.16316964909814827,0.164375531005341,0.16372635046672407,0.17777483021517726
2014-09-04,0.20111143101183968,0.18753054868576888,0.18704969447100703,0.18365731245890296,0.1840384526241001,0.18380327764090373,0.18753054868576885,0.16298131790944537,0.16412197243687407,0.16352641803142207,0.17750653531083946
2014-09-05,0.2008676061588027,0.18734708632955258,0.18687680109332858,0.1835239929345953,0.1838855990706687,0.1836680180759547,0.18734708632955255,0.16295512730797507,0.16406126360501502,0.16349425214949867,0.17738758004442726
2014-09-08,0.20067516950800338,0.18721672794572855,0.18664061955932382,0.18339110354356114,0.1837509536249666,0.18353463798445852,0.18721672794572852,0.1628539958234467,0.16402363051576702,0.16339018293343402,0.1773414055210377
2014-09-09,0.2025535953284832,0.18875325962121836,0.18804811015551973,0.18473608732548472,0.18514693691721504,0.18488506051229434,0.18875325962121833,0.1636375700686602,0.16482706600473396,0.16415827824867976,0.17861387585106261
2014-09-10,0.202412606322587,0.18869573985133845,0.18794127844098837,0.18474962513447962,0.185136641515998,0.18489699461315304,0.18869573985133845,0.16372851383564496,0.16488860200299846,0.1642521882113365,0.178640422965148
2014-09-11,0.2020556008470989,0.18843403563999395,0.1877253986503156,0.1846179866973286,0.1849857526202599,0.18476088539252283,0.18843403563999395,0.1636947259865481,0.16487981000386262,0.16421051119060795,0.1784733266101072
2014-09-12,0.20203446445788917,0.18842891527203193,0.1877239241464048,0.1846157294891063,0.18498309074641542,0.18475839796660562,0.1884289152720319,0.16366233144757378,0.16485279610488648,0.1641958386065756,0.1784730488096857
2014-09-15,0.20198311878157393,0.18809801332677242,0.18699696188324932,0.18416582172737334,0.184554081610403,0.1843128964648249,0.1880980133267724,0.16291559839798367,0.1640912848362219,0.16351054879335308,0.17788189387839623
2014-09-16,0.20220359972228102,0.1881780247432296,0.18697480950904583,0.18418287733222177,0.18458063776492878,0.18433128574350582,0.1881780247432296,0.16271477044591823,0.16390129928654987,0.16333595297173736,0.17780067025994695
2014-09-17,0.2021582383015486,0.18824185707418295,0.18712005338371593,0.18414612653711385,0.1845661949849988,0.1842998116003273,0.18824185707418292,0.16273326242478764,0.16390018987417754,0.16335034724425807,0.1778950907115922
2014-09-18,0.2026546384026868,0.188689764540686,0.18762975774092938,0.18456981885400076,0.1849899254857604,0.18471806471766114,0.188689764540686,0.16308389049752434,0.16414735386218854,0.1636713771932144,0.17828933810642028
2014-09-19,0.20121491716166073,0.18736579264963388,0.18667667715100641,0.18313434235783527,0.18358355743262889,0.18327985621253481,0.18736579264963385,0.1614542050440462,0.16226137313440875,0.1619237486980707,0.1770115412529058
2014-09-22,0.20091967688509937,0.18698670921599492,0.1861824285905367,0.18275139236983426,0.18320054914050626,0.18289712083473347,0.18698670921599492,0.16111169501942763,0.16191507958639692,0.16155198954394664,0.176552056093699
2014-09-23,0.2009752051928502,0.18696854801565965,0.18609524019538334,0.18273056423045103,0.183185879197896,0.18287533855136773,0.18696854801565962,0.16108747825262407,0.16185498602742548,0.16149628422086632,0.1764645254610407
2014-09-24,0.200255391594234,0.1862882074348399,0.18540788208708214,0.18219281624558803,0.18260666501053313,0.1823359567879447,0.18628820743483987,0.16053232614915708,0.16099809787426064,0.16097679242627397,0.17577655015402543
2014-09-25,0.19892987765110082,0.18519804982711527,0.18456621849737798,0.18118186531370264,0.18157880490148415,0.18131819224485943,0.18519804982711524,0.15992494861955958,0.16024702205302216,0.16027721069370773,0.1748992542026494
2014-09-26,0.19604228417105332,0.18213448791852557,0.18095419959940587,0.17840724402581146,0.1787570090487794,0.17854039651756828,0.18213448791852557,0.15709632924758338,0.15733905898299977,0.15751692322536054,0.1717225591908757
2014-09-29,0.19607711085657578,0.18215486427159813,0.18099957526580548,0.17844836421521346,0.17879392061080399,0.17858114865173513,0.1821548642715981,0.15716835527604991,0.157416364844301,0.1575963235790662,0.17174262180401872
2014-09-30,0.195445494922051,0.18158343548213918,0.1803657972488672,0.17793464123746705,0.17827036510796712,0.17806683700551984,0.18158343548213915,0.15683679622907973,0.15707333285055466,0.15726929738637815,0.17123059095648432
2014-10-01,0.19563718540893332,0.18163773007614953,0.18038592246024437,0.17807818675007553,0.17840156096577442,0.17821319914757827,0.1816377300761495,0.15693089597879223,0.15718665293764644,0.15737419530586444,0.17121628422247342
2014-10-02,0.19384789342331277,0.18033960961420373,0.1800527194671141,0.17676265908224453,0.17708341223200094,0.17689603789547736,0.1803396096142037,0.156255416377309,0.15646532356061166,0.15666444627748,0.17035848973746914
2014-10-03,0.19386802166064224,0.18043109025460674,0.18005982636802886,0.1768121311088703,0.17714694969840356,0.17694509477293646,0.18043109025460674,0.156414173442772,0.1566363112171381,0.1568352143683044,0.17050848264186833
2014-10-06,0.1929637244768221,0.17928967333124166,0.17906760606381247,0.17546641769264928,0.17583438836231077,0.17560157134350446,0.17928967333124166,0.15450620987858815,0.15474191431428239,0.15494904955675912,0.1691520664335794
2014-10-07,0.19299487417615363,0.17932771091814154,0.17910489483796563,0.17549650812898218,0.17586640369441475,0.17563325122742232,0.1793277109181415,0.15451726003979402,0.15476498846761655,0.1549497227157242,0.1691941272859829
2014-10-08,0.19256724507733236,0.17887076561762916,0.17929491533824163,0.17523220330032124,0.17553924513844346,0.17536226773512864,0.17887076561762913,0.15441940031811957,0.1546108377911466,0.15478704796796977,0.16882039862430104
2014-10-09,0.19275994846210603,0.17894260923503016,0.17977765604540938,0.17545568091732772,0.17570066168177215,0.17557493166884022,0.17894260923503016,0.15453966217026424,0.15470316815465623,0.15490137174214338,0.1688549433415538
2014-10-10,0.19300648707531023,0.17906370086150078,0.17972013774939857,0.1755870072241665,0.17582888391596735,0.17570598270876311,0.17906370086150078,0.1544910075586656,0.15468019444969186,0.15486100941534112,0.16886049804918948
2014-10-13,0.19306147053019926,0.1790473561175452,0.179774000034187,0.1756490313659531,0.1758623436144145,0.17576590652552593,0.17904735611754516,0.15450254011198863,0.1546608309819574,0.1548696339263868,0.1687835710319267
2014-10-14,0.19400546443232655,0.17980849900725987,0.18027563665207927,0.17633840069482287,0.17656859510695547,0.17644643779304242,0.17980849900725984,0.15502272111509013,0.15525394376834487,0.15536197687337716,0.1694520867346563
2014-10-15,0.19217083781615216,0.17807197302380065,0.17893766113945128,0.17464085679306948,0.1748650994960248,0.17474518118914822,0.17807197302380065,0.15365243773750462,0.15375499620469685,0.1539712052991579,0.1678612880801623
2014-10-16,0.1938101599851346,0.17867546565164463,0.18035542867830157,0.17585317918647728,0.17590584288839553,0.17593189432475223,0.17867546565164463,0.15411610934318298,0.1542432855140905,0.15437871300956962,0.16818559880536188
2014-10-17,0.19335723242577788,0.1783763317125857,0.1802316330416874,0.17557075656845209,0.17562013277642047,0.17564908428549295,0.1783763317125857,0.15406449065784736,0.154156680969976,0.15431338271276882,0.16801823956026823
2014-10-20,0.18818481014461783,0.17435428872267236,0.17703959886818912,0.17197871611730448,0.17196492396649182,0.17202292587288442,0.17435428872267233,0.1531161820453862,0.15301332402128057,0.15336677383494318,0.1650836704748614
2014-10-21,0.1872093525180985,0.17350397673102325,0.17609281464388027,0.17119199125702192,0.1711624101760867,0.17123407781959252,0.17350397673102325,0.15258526021379804,0.15241851351116015,0.15285514890866608,0.16437180100154847
2014-10-22,0.18308086603854437,0.17015145938273044,0.17342298389584626,0.16799577998720014,0.16793926320634991,0.16801916680833,0.1701514593827304,0.15117233482815381,0.15063238010177435,0.15140090354606364,0.16169311038566803
2014-10-23,0.18361934086414838,0.17038618225569088,0.17364412336364002,0.1682452967154396,0.16817061259333135,0.16826095392089394,0.17038618225569085,0.15124289756318232,0.15067164386517265,0.15145007328977758,0.16178937198304333
2014-10-24,0.18357629967636044,0.17035062859375666,0.17360816348421093,0.16819306761483982,0.1681251091114771,0.1682085940041072,0.17035062859375663,0.15120812820467952,0.15063642888408366,0.1514169012341106,0.16174211794208831
2014-10-27,0.18406551206018024,0.17060592158949317,0.1732478875605164,0.16822237264698428,0.16818937274426132,0.16824790428484462,0.17060592158949317,0.1502368763658823,0.1498628590235705,0.1503997611805075,0.1618525262112524
2014-10-28,0.18332819950465876,0.16992333848908853,0.1723495146681853,0.1675417002083867,0.16751447641855471,0.1675641033424918,0.16992333848908853,0.14984855606238595,0.14941521860606927,0.15001304203662455,0.16121044371225998
2014-10-29,0.18372895241046214,0.17026752690176553,0.17241065756547702,0.16780488935942314,0.16780463486627417,0.16783098127972473,0.1702675269017655,0.14987694703813842,0.14951722916804538,0.15005169141560973,0.16151946613011042
2014-10-30,0.17773105052470417,0.16539933709381996,0.16824257547307983,0.1633770309808349,0.16330671052842227,0.16336847108880706,0.16539933709381993,0.14835167182671832,0.14751676071135922,0.1484482116062792,0.1576585122516951
2014-10-31,0.17899563969108945,0.16678192468961592,0.16817474584929698,0.1642682947155523,0.16430942151224784,0.16429080262693643,0.1667819246896159,0.1502816645619864,0.14971118965275693,0.1504646186549313,0.15941291163571422
2014-11-03,0.17857561865613408,0.16629301970737853,0.16791701113724533,0.16385518821897832,0.16388497185104062,0.16387640249687993,0.1662930197073785,0.14993183362216708,0.14941739112807936,0.15014619910260812,0.15890113900293287
2014-11-04,0.15875244637138816,0.14529732518958163,0.14608442663741733,0.14258608091465966,0.14260896048663982,0.1426062850363176,0.1452973251895816,0.12844513134330962,0.12773006370401968,0.12841096420113166,0.13708068286535335
2014-11-05,0.15442175397642804,0.1402001394747005,0.14145063846926859,0.1368012505977332,0.136891228482245,0.13683381297144134,0.14020013947470047,0.11854294824582415,0.11847826625152495,0.11861646010373723,0.1310348754389782
2014-11-06,0.14010356933637988,0.12572905367018133,0.12572218485898312,0.12266978378982084,0.12271705939386791,0.12267803316877367,0.1257290536701813,0.10506908845474625,0.10498974986950868,0.10516444869609272,0.11641979827735663
2014-11-07,0.14058511386697042,0.12598234448841528,0.1273278326808811,0.12320739286411173,0.12317764650924372,0.1232074241328469,0.12598234448841525,0.10621206142880539,0.10580579179359519,0.10619705198832212,0.11664713674989029
2014-11-10,0.12936264001108685,0.11442617822902378,0.11549874300126929,0.11207952253835891,0.11201229389165598,0.11204500817575624,0.11442617822902375,0.09774061218391919,0.0971747449509671,0.09742126590227401,0.10498627335004321
2014-11-11,0.1273551663966908,0.11230676054035758,0.11288266696874322,0.110139509125182,0.11005152956363422,0.11008705939058276,0.11230676054035756,0.09534214178494854,0.09466163918665012,0.0949160832941971,0.10266713773132365
2014-11-12,0.12497079245852644,0.11048194133448902,0.11051024678491887,0.10873878030655303,0.10862660101998432,0.10867474725420145,0.11048194133448899,0.0953705409717356,0.09469305756887968,0.09491775561165902,0.1012393463127167
2014-11-13,0.12446996812320973,0.11011661073657913,0.11025865823331844,0.10837565796918441,0.10826451052675144,0.10831029885828511,0.1101166107365791,0.0952126794463681,0.09458622790727166,0.09475036338613636,0.1009813911566907
2014-11-14,0.12440056459886935,0.11019614042556679,0.1102050466596439,0.10846275474799692,0.10835113296684212,0.10839415165172796,0.11019614042556676,0.09510891777034314,0.09451145778745455,0.09468494857814301,0.10111578632661404
2014-11-17,0.12247227217373273,0.10798612750516831,0.10849333664470387,0.10623100954694936,0.10611946612147573,0.10616066076212806,0.10798612750516827,0.09262807702159954,0.09149249386520224,0.09200928563509,0.09849003842023805
2014-11-18,0.12347966412877975,0.1088250657656399,0.10930100936578356,0.10720845876185689,0.10707317704954743,0.10713885327743641,0.10882506576563986,0.09399149862154695,0.09260155529559906,0.09322645628362866,0.09918176141661576
2014-11-19,0.12412942051926014,0.1095231808837425,0.11006535116722896,0.10791595624008694,0.10778588371366164,0.1078452697517654,0.10952318088374247,0.09501577215306271,0.09353999356828187,0.09420273116192916,0.09991896463968863
2014-11-20,0.12425980803978572,0.1096321716337559,0.11011261945007779,0.10800718280250839,0.10788517954176724,0.107936848703657,0.10963217163375587,0.09491172722556383,0.09343359679460882,0.0940883687495833,0.10002340917072787
2014-11-21,0.12007915179025028,0.10574845831090873,0.10594092034282118,0.10432824638621359,0.1041930965953447,0.10425473818563305,0.10574845831090869,0.09286323404559563,0.09141914657850193,0.09200735454368322,0.09641833091128811
2014-11-24,0.12035137942166535,0.10631221213954796,0.10759614787141582,0.10484663860063967,0.10469649188677313,0.10477747234791823,0.10631221213954793,0.09504094156501362,0.09345948524854399,0.09423269243597987,0.09749436278614833
2014-11-25,0.12060029579880031,0.10678020937693507,0.10767694995840936,0.10529984366791453,0.10516049757850039,0.10523288649670641,0.10678020937693504,0.09591996459850259,0.09417544442389428,0.09506202176615446,0.09808400322364254
2014-11-26,0.12162990545069602,0.1076814896255749,0.10878399715674208,0.10625013566960888,0.10610565325345594,0.10618616613852769,0.10768148962557487,0.09654990917604438,0.09471848732446343,0.09566014924472876,0.09882525833865995
2014-11-27,0.1198397371131276,0.10604555799011788,0.10732666432691221,0.10460623431945124,0.10445918018850289,0.10454275247731266,0.10604555799011786,0.09536150189589122,0.09360109525393338,0.09449415957307679,0.09736107248621424
2014-11-28,0.1202552782509979,0.10630701822015694,0.10775429869125405,0.10497072222958596,0.10480372347383417,0.10491125927811819,0.10630701822015691,0.095299792568878,0.09351163550164641,0.09440418826890569,0.09749202512872468
2014-12-01,0.11879912225136949,0.10526303827423732,0.10678475130588667,0.10402281244910166,0.10385488723909578,0.10395439609067797,0.10526303827423729,0.09519145585904394,0.09341513591173438,0.09427175330849458,0.09676221055529724
2014-12-02,0.11879098955729953,0.10519477099054464,0.10668631511507867,0.10398879962118646,0.10380970624128118,0.10392007534927214,0.10519477099054463,0.09519800043377437,0.09341038178263365,0.0942697723966492,0.0967356912460352
2014-12-03,0.11688750538128043,0.10371147658158114,0.1055417666339369,0.1029749162801486,0.10272008479158626,0.10290205439940363,0.10371147658158111,0.09586608583410655,0.09399000218437903,0.09492513512539476,0.09576083445169639
2014-12-04,0.11844160045446328,0.10611558713356264,0.1075997684424329,0.10564644106929748,0.10532397722747237,0.10555074711768171,0.10611558713356263,0.09965430606464548,0.09819162657271922,0.09882634209827568,0.09923243769930151
2014-12-05,0.11823502733927373,0.10598888985205354,0.10728139493724415,0.10556788222131652,0.10524241014770125,0.10547069313947938,0.10598888985205351,0.09961067576577375,0.09816493162159738,0.09878257618899566,0.09912467076762682
2014-12-08,0.11733362338838522,0.1052664249793413,0.1065337239616565,0.1047166757725512,0.10441085017797724,0.10462816198264394,0.10526642497934127,0.09904597620971675,0.09766638728766676,0.09821651298042314,0.09852619170622649
2014-12-09,0.12122088392636078,0.10893979176701259,0.11056647950685439,0.10814894989977793,0.10791158107438996,0.10808481601565478,0.10893979176701256,0.10103166523722865,0.09961578287838839,0.10021510586956633,0.10191300344264603
2014-12-10,0.1211987490788041,0.10899124384578639,0.11062030421970147,0.10821308763433246,0.1079760047121516,0.10814992427682664,0.10899124384578636,0.10069629480202599,0.09927882583586188,0.09988107856847747,0.101994184965094
2014-12-11,0.1217801330819924,0.10932674089563563,0.1109172767989936,0.10844665739177317,0.10823882989560497,0.10839212537499708,0.1093267408956356,0.10051244360221959,0.09911712944967312,0.09970606502695081,0.10208867328162137
2014-12-12,0.12234853119197849,0.10984023941256965,0.11129587459484494,0.10887319060684697,0.1086806075681175,0.10881662423953406,0.10984023941256961,0.10044643713690175,0.09905825071483376,0.09963820360038754,0.10244327237516346
2014-12-15,0.12276379124616979,0.11026975511619624,0.11159268256822155,0.10916268008560229,0.10899215790423403,0.1091070040647457,0.11026975511619622,0.10053010506838775,0.09915498178421135,0.09972380682656233,0.1028070832464979
2014-12-16,0.12503994165673338,0.1123025721770715,0.11357646260146823,0.11091340062116485,0.11081710295847766,0.11088145331536309,0.11230257217707149,0.10140735779162965,0.10006024115556877,0.10063578920466867,0.10454801603867282
2014-12-17,0.13123378287806842,0.1184477888201389,0.12041272074390649,0.11602797920483016,0.11617170486825382,0.11605804630666153,0.11844778882013889,0.10615865278592672,0.10448479095567482,0.10543550267725368,0.11009633222814887
2014-12-18,0.131679890931503,0.11883628160292913,0.1209871200563645,0.11645086114112328,0.11661045411973871,0.116495432851058,0.1188362816029291,0.10663358996776388,0.10495129286907322,0.10591432286904426,0.11051218038703119
2014-12-19,0.13261903374507447,0.11992616373333465,0.12178285255434741,0.11702472448782492,0.11727325653934571,0.11706574867837481,0.1199261637333346,0.10692127666942665,0.10528698906617205,0.10618015778309163,0.11143979814078293
2014-12-22,0.1380787277235102,0.12438627153328229,0.12482860247773366,0.12039154547184383,0.12086537105866373,0.12045594995615974,0.12438627153328226,0.10763400037614448,0.10611576393390604,0.10685701058696939,0.11435831153176212
2014-12-23,0.13837940196059909,0.12495051860816717,0.12498408986867698,0.12104022891196503,0.12149237061266172,0.1210981135961423,0.12495051860816714,0.1091789062930443,0.10748597949625587,0.10834571349646889,0.11515453122445318
2014-12-24,0.1383966682732827,0.12494976562323881,0.12497957437105481,0.12105930949104401,0.12150703433715515,0.12111874571160246,0.12494976562323878,0.10916261660334528,0.10747774537271627,0.108333437145623,0.11516270853311338
2014-12-25,0.1395704704049411,0.1257647412495934,0.1257922721383518,0.12200848828279547,0.12243872770563315,0.12206408198050395,0.12576474124959336,0.10952999166449534,0.10783325194578446,0.10868734919651216,0.11568745497200127
2014-12-26,0.13951513374972788,0.1257932895822254,0.12586237944382161,0.12197182795714828,0.1224065035128215,0.12202903388106766,0.12579328958222538,0.10952170990400689,0.10784849413234002,0.10870463999820106,0.11580156470462481
2014-12-29,0.1395471327839163,0.1258711088141766,0.12596346665608973,0.12201510981715047,0.12245234040565049,0.12207214160387833,0.12587110881417657,0.10944354471739612,0.10776819414997733,0.10863329336700304,0.1159210884318439
2014-12-30,0.13982040534359466,0.12587216765327625,0.12639891884066348,0.12191732525198108,0.12235884347662053,0.12197785104843523,0.12587216765327622,0.1086669360125491,0.107013928642184,0.10781631177246391,0.11562430952320038
2014-12-31,0.14072263166028573,0.12693484041126593,0.12685272720958612,0.12287159500170736,0.1233228501995826,0.12292768766327282,0.1269348404112659,0.10941007796554966,0.10763515013922839,0.1085988650695231,0.11678957803553301
2015-01-05,0.14059249488626432,0.12672814211581804,0.1265100409920794,0.12263055095862206,0.1230834962517958,0.1226886626804153,0.126728142115818,0.10808481392528982,0.10632009291110264,0.10724873252181032,0.11650805334238278
2015-01-06,0.14209803493287365,0.12851583812708237,0.1281834922477662,0.12443744431938764,0.12488789370462924,0.1245075800251164,0.12851583812708234,0.1102773467410747,0.1086287350803379,0.109338197283266,0.11849022452479212
2015-01-07,0.1424818468306813,0.12923092734833325,0.12879872387186508,0.12501261692534107,0.12547790144480986,0.12508672017181235,0.1292309273483332,0.11143297776653703,0.109892081256876,0.11060038702366197,0.11962787212264063
2015-01-08,0.14124727336067616,0.12803317160907707,0.12776260680002713,0.12391935209214967,0.124377001115753,0.12399273286157354,0.12803317160907704,0.11048668255791942,0.10890366618721682,0.109626386506634,0.11849202064152202
2015-01-09,0.1474155332883408,0.13459671230980247,0.13343187482822427,0.13016426565393246,0.130661940114941,0.13027497357797188,0.13459671230980244,0.11789774097465726,0.11690125164361136,0.11701833309326988,0.12551502649316593
2015-01-12,0.1480209748816712,0.13506427751809327,0.13384864601956867,0.13066909879973215,0.13116193747143587,0.13077773205644408,0.13506427751809325,0.11784392882306,0.11693518364203559,0.11695841238124674,0.12592729660691024
2015-01-13,0.14921103841136252,0.13697667846164047,0.13539703742234938,0.1328362083770034,0.13329836718352409,0.13297005675117976,0.13697667846164044,0.12249192689010854,0.12169797872931226,0.12200086432262487,0.12887809228497782
2015-01-14,0.14947340822640123,0.13739908551338548,0.1357801581113246,0.13316164710385275,0.13363677271621766,0.1332965017947954,0.13739908551338545,0.12304347447104225,0.12230765346141519,0.12257519668800375,0.1295081269209926
2015-01-15,0.1494461226218999,0.1374170737808309,0.13572858329107923,0.1332229353285861,0.1336950856652359,0.1333549330371144,0.1374170737808309,0.12347852403450872,0.12266749074432495,0.12301605012467509,0.12962022910773752
2015-01-16,0.1484108126996356,0.13645256972345102,0.13495571812606727,0.13235538957869952,0.13282223139329818,0.13249850991578854,0.13645256972345102,0.12259931656169452,0.12195085424428202,0.12214022440827196,0.1288251404617731
2015-01-19,0.1484050182099378,0.13646664666953362,0.1349639332705781,0.1323917391520781,0.13285548163976366,0.13253582671662578,0.1364666466695336,0.12240955086541185,0.12190467490622878,0.12200242032108938,0.12890328663702913
2015-01-20,0.14815056171892002,0.1362430673012392,0.13475069069063306,0.13216488987437203,0.13262981170651467,0.1323089421599132,0.13624306730123917,0.12213661949220093,0.12166644948454378,0.12176365626699995,0.12874609916083946
2015-01-21,0.14825431962839022,0.13649444522215817,0.13498541351692983,0.13241473660699382,0.1328809755920634,0.1325622115735431,0.13649444522215815,0.12281863956421844,0.12241518519122618,0.12249654095561334,0.12919053794813598
2015-01-22,0.1496330957540273,0.13896701152745386,0.1376080021709858,0.13474613260846513,0.13523122022311596,0.13491714276593683,0.13896701152745383,0.12793178689869933,0.1276794415827987,0.12788574377355527,0.13303325388608736
2015-01-23,0.1509868569146631,0.14042736893328783,0.13812617698299895,0.1363642769676943,0.1368363279601224,0.1365187724343981,0.1404273689332878,0.1298976377365886,0.12976225212633427,0.12988939427417723,0.13462424559837077
2015-01-26,0.14950977366928456,0.13927286115223367,0.13689937918950737,0.1352430759820272,0.1357123955833896,0.135398843193588,0.13927286115223364,0.12940695830035753,0.12926482113266502,0.12936919047397455,0.1337917433430667
2015-01-27,0.14952741880805073,0.1392747507072689,0.13685782402583294,0.13521508470110338,0.13568690885724458,0.1353716851901219,0.13927475070726889,0.12929054496344333,0.1291457710733076,0.1292467602525996,0.1337721188001499
2015-01-28,0.1533544599276865,0.1428771837135826,0.1376841809720068,0.13890431083450536,0.13936251349457668,0.13906360430953055,0.14287718371358257,0.13097076934907737,0.1310849978714868,0.13061428822465743,0.1369183292268405
2015-01-29,0.15261007263496904,0.14226953043310508,0.13693604412416235,0.1382927864107159,0.13875602589567676,0.13845104101487224,0.14226953043310506,0.1307670618745541,0.13082109237494075,0.13038135201371412,0.13646119860986733
2015-01-30,0.15489966705036476,0.14466242597779208,0.13841602143535975,0.14045548768437635,0.14094323961317362,0.1406172282275503,0.14466242597779205,0.13166954314805504,0.13194964952267235,0.13126752364041885,0.13883963995338397
2015-02-02,0.15580297103734153,0.14571949598444064,0.1392492632703977,0.14177286012128507,0.14222490857519604,0.14193553088427566,0.14571949598444062,0.1333387372030566,0.13349941037351307,0.1328293353135533,0.1399809787255725
2015-02-03,0.16159579435218102,0.1522734086245314,0.1431010991947874,0.14808233143167682,0.1485804972519095,0.14821587584541615,0.15227340862453137,0.13840508459962203,0.13937627259704763,0.13760417940048653,0.14693243072922066
2015-02-04,0.16191769321789354,0.15253241286538094,0.1433503285787717,0.14842988108306351,0.14891601365928256,0.14856694547692534,0.1525324128653809,0.13928513804245343,0.14002737627515205,0.1383443806565337,0.14716228033671327
2015-02-05,0.16310748997589078,0.15341080815933889,0.1437397691236232,0.14945577241207228,0.14992452425095998,0.14959138580844658,0.15341080815933889,0.13957983402535953,0.14033782091561844,0.13864373353927795,0.1477406369538204
2015-02-06,0.16475851728299676,0.1548269248580007,0.14442947474709875,0.15090494324078232,0.15137166358210402,0.15103979835100376,0.15482692485800068,0.14009078485680834,0.14087599508745083,0.13913731957689918,0.14888845381250257
2015-02-09,0.1644101150776693,0.15448597562424457,0.14424042182055644,0.1504347126594423,0.1509228921785521,0.1505736249523213,0.15448597562424454,0.13940187087617667,0.1402349010267988,0.13852166756984452,0.1485703463880887
2015-02-10,0.16477606548854093,0.1547859691773179,0.14430950761351258,0.15066874715192252,0.15116544654662056,0.15080831792227903,0.15478596917731788,0.13936255244520038,0.1401977207276058,0.1384803323784287,0.14877315893500265
2015-02-11,0.16614259112679441,0.1563694797603178,0.14627969035713795,0.15235530671768682,0.15284038225121552,0.15249469059998555,0.15636947976031776,0.1410654659364287,0.14180680998384426,0.14010655234283387,0.15044555058466366
2015-02-12,0.16609396974916724,0.15636029510374902,0.14636023575555318,0.15234193685500744,0.15282828691646244,0.15247947174766932,0.156360295103749,0.14128649090554493,0.1420067758380118,0.1403202676024299,0.150480512357849
2015-02-13,0.16600041585760436,0.15636415929006536,0.14649162034945257,0.15220761261927568,0.15272325029058267,0.1523420441773364,0.15636415929006534,0.14133918023230344,0.14202358492873884,0.14037051148081103,0.15060896926137135
2015-02-24,0.16929658759291202,0.15935006266478408,0.14859843764839648,0.15591310049381393,0.156334663065017,0.156037024586467,0.15935006266478405,0.14476928713379586,0.14527649994569372,0.14379946935612442,0.15321790827701046
2015-02-25,0.1695046287788733,0.15948097525504992,0.14860136989202474,0.15601253075000446,0.15644009926753705,0.156137115541317,0.1594809752550499,0.1445963174336099,0.14512938108522813,0.14363794079695605,0.1532684321543529
2015-02-26,0.16979370567430427,0.15972949557989188,0.14868012900534303,0.15624757512397913,0.15667735352859613,0.15637092937107672,0.15972949557989186,0.14460280618668359,0.14517587957077893,0.14364987565114118,0.15345738964706326
2015-02-27,0.17057124183068445,0.16048792328064568,0.1492199943327078,0.15732187159478112,0.15771103599905764,0.15744585407127287,0.16048792328064568,0.14615799268760882,0.14653258588052243,0.14514548371334007,0.15418988394947017
2015-03-02,0.17075404149591317,0.16062319674224038,0.14940914196886326,0.15743988034721085,0.1578324513368253,0.1575617217990188,0.16062319674224038,0.14604009196664175,0.14644706733018933,0.14497760040280858,0.15428531355734396
2015-03-03,0.17102862490393198,0.16124258600274105,0.1498268789502844,0.1582066377474905,0.158585919889124,0.15832508639294135,0.16124258600274105,0.1483579959079063,0.14878290871744657,0.1472286165457602,0.155274429576143
2015-03-04,0.17037541601568812,0.1608680337618718,0.14974531045794157,0.15801103651784645,0.15836488057973233,0.1581314873753112,0.16086803376187178,0.14840960473213674,0.14882977090603483,0.14728241518759047,0.15512637761184006
2015-03-05,0.17089195628730403,0.1612730028870434,0.15006492293181867,0.15847034931461787,0.15882052800428756,0.1585890846431737,0.16127300288704338,0.14873284120310987,0.149126861056429,0.1475846558422972,0.15539315820967864
2015-03-06,0.17083093408654898,0.16125738175331344,0.15001910687086492,0.15851997534960646,0.1588644669861823,0.15863907519547732,0.16125738175331342,0.14920278978607554,0.14956460131163518,0.14804720883750508,0.15541517372330457
2015-03-09,0.1699547207412339,0.16022333977474384,0.14931326522146826,0.15742425347850847,0.157776610352425,0.15755805714716664,0.16022333977474382,0.1480975744696449,0.1484426768845409,0.1470958547223934,0.15434474967023348
2015-03-10,0.16952726012621458,0.15980628397002472,0.14865245923760553,0.15717807692289765,0.157490429014417,0.15730879951743978,0.1598062839700247,0.14783142208502492,0.14811454500474944,0.14682674285077563,0.15387971489469437
2015-03-11,0.16959486275660632,0.15985005715735823,0.14859903936892227,0.15727382154818317,0.15758030575213636,0.1574042705528313,0.15985005715735823,0.14770980028001773,0.1480424528857824,0.14669304328337407,0.15385882434362985
2015-03-12,0.1697018333753834,0.15991519302575272,0.1486272712730314,0.15739920591964626,0.15770559031467313,0.15753104545862395,0.15991519302575272,0.14781352266054176,0.14814827631648755,0.1467875409151217,0.153888736436996
2015-03-13,0.16976551625983752,0.1599919286056054,0.14864097857219621,0.1574857755651735,0.15779141053464366,0.1576175143065696,0.15999192860560538,0.1478421784518012,0.14815383196339282,0.1468199754414897,0.153937213242831
2015-03-16,0.16868498338076793,0.15905902226657007,0.14755524365729955,0.156804940036583,0.1570517299312806,0.1569297048840481,0.15905902226657004,0.14714977239781565,0.14743735475835743,0.1461184318919962,0.15304894420904902
2015-03-17,0.16860133150910364,0.15894864865402075,0.14742430066449516,0.15670264523448146,0.15694852881598984,0.15682949415094097,0.15894864865402072,0.14706105100140995,0.14735277098741392,0.14602777541722042,0.15293109763444246
2015-03-18,0.16879835043337058,0.1591407647046971,0.14772701044008588,0.15685133969672937,0.1570999643024208,0.15697786627023308,0.1591407647046971,0.1470663553513685,0.14735563410539346,0.146027562911427,0.15311052733671512
2015-03-19,0.1693907154576202,0.15974804774160362,0.14822889276161663,0.15751521132274926,0.15775883713898992,0.15763888407564852,0.15974804774160362,0.14751376162691396,0.14783242535043717,0.14645609013886898,0.1536724362546066
2015-03-20,0.16935548965108138,0.15956849759843728,0.14820655752167441,0.15728360080570222,0.15752177937075648,0.15740630014554818,0.15956849759843725,0.14791683438765454,0.14820335063483664,0.14688196313804183,0.15341723942557992
2015-03-23,0.16996467554491992,0.16003797865312397,0.14890944741566234,0.15768982274985027,0.15793047711554697,0.15781453382000868,0.16003797865312394,0.14785027346781524,0.1481419485664612,0.14681833533295433,0.15373170137873823
2015-03-24,0.17000948510951908,0.1601607735926538,0.14899163438106974,0.15790370060274783,0.1581203676171942,0.15802432055652713,0.16016077359265377,0.1479579910995839,0.14827907200741783,0.1469295251865109,0.15390654686770758
2015-03-25,0.16949810010081506,0.15965245700306976,0.14834766000261262,0.15748637216372957,0.1576997234904424,0.15760856998531453,0.15965245700306974,0.14757683967367657,0.14798434172012084,0.14655396800341652,0.15342360101657626
2015-03-26,0.16885670034188946,0.1591689984419528,0.14798800482403596,0.15731794645305505,0.157478335722579,0.157437603131946,0.1591689984419528,0.14798436041554666,0.14829185284858717,0.14697563725257948,0.15311107155405343
2015-03-27,0.16923215600278507,0.15956023405481784,0.148301085923429,0.15786471672952324,0.15801244362433134,0.15798180099073966,0.1595602340548178,0.1486653851587274,0.1489302128246063,0.14767276365390666,0.15349201972288284
2015-03-30,0.16980300467496368,0.16015219261927838,0.1492191116616565,0.15847189795478256,0.15860940600344695,0.15859410247502526,0.16015219261927835,0.1489182461693467,0.1492530091453287,0.14797140559177804,0.1541120659813729
2015-03-31,0.16990671394717455,0.16021266986163296,0.14957061427468218,0.15842401939296172,0.15860732297691763,0.1585593484503035,0.16021266986163293,0.14837681989676757,0.14897431910881617,0.1474974058020559,0.15414262872670795
2015-04-01,0.17154073068191686,0.16200026654651256,0.15180690011160228,0.16036150745277714,0.16053018438712952,0.1605126834958789,0.16200026654651256,0.15031120039788773,0.15100104995172517,0.14956087834122286,0.15602944625054
2015-04-02,0.17277352282227829,0.1629876948611877,0.15328400701579273,0.16127678778369053,0.16145303852019344,0.16144075044685544,0.16298769486118767,0.15051810900693113,0.15129469171690793,0.1498449548562834,0.1568025006506925
2015-04-03,0.17269763152772527,0.16294989111661706,0.1532118808534979,0.16122552643043173,0.16140603077738838,0.1613887995693543,0.16294989111661706,0.1504752090416273,0.15122435600050252,0.14978157546096763,0.1567884717004636
2015-04-06,0.17315302553085896,0.16339206893107697,0.15375413697633625,0.16174338063771473,0.16191840812857888,0.16190988594698322,0.16339206893107694,0.15082392974591927,0.1516229705005413,0.1501623313573174,0.157199617667335
2015-04-07,0.17313481825117472,0.16352957606404744,0.15404235535265176,0.16182545521451872,0.16200551944552397,0.16199080331197832,0.16352957606404744,0.15095104887554966,0.15174756692960306,0.15029078522764786,0.15742916994522424
2015-04-08,0.17280444280471985,0.16325741598489768,0.15344944221629453,0.1616401752308456,0.1618058385108277,0.16181248023226888,0.16325741598489765,0.1508309149267072,0.1515684220072641,0.15019878798057626,0.15714891536690373
2015-04-09,0.17296854493902855,0.1632685708498923,0.15359112318609386,0.16166752357291378,0.16182088810655204,0.16184018747526172,0.16326857084989227,0.15062498721575238,0.15134797823467588,0.14997861636227872,0.15703358021922403
2015-04-10,0.17330548327179773,0.16370572319311472,0.15401602848923898,0.16213988462659334,0.1622902304294675,0.16231199120371884,0.16370572319311472,0.1513981898126574,0.152151381108187,0.1507365021119941,0.1575744063395458
2015-04-13,0.17364623550696598,0.1641446223011519,0.1544730715912172,0.1628495825734262,0.1629777503910638,0.16302308184819544,0.16414462230115187,0.1530133447876431,0.1536902405129373,0.15233256169683776,0.15809851241974432
2015-04-14,0.17350623063185402,0.16421372299608777,0.15380310570707934,0.16275576645176348,0.1629386158532854,0.1629353160889766,0.16421372299608777,0.15291168648632314,0.15376950826862731,0.15229256210929937,0.15829696452633849
2015-04-15,0.17353302305187118,0.16433937194323137,0.15354452828471496,0.16276321720168282,0.1630063790171066,0.16295700499752167,0.16433937194323137,0.152856143152288,0.15375836111950328,0.1522450426826688,0.1584019332897544
2015-04-16,0.17361623940569318,0.16437402811803173,0.15377165646987498,0.16270479806754704,0.16295823949648688,0.1629015523754027,0.1643740281180317,0.15284951278595435,0.1537177530568192,0.15222547782610119,0.1584099004887919
2015-04-17,0.1735784573851856,0.16459701151066322,0.15381093059092668,0.16286905850521002,0.16315477620739238,0.16306393593508792,0.16459701151066322,0.15409537601504802,0.15485358324249907,0.15340811158180834,0.15912476897096745
2015-04-20,0.17285274194918696,0.16403396617963834,0.15353347990217536,0.16234434347335305,0.16261548997684488,0.16254913429786996,0.16403396617963834,0.15354988727243346,0.15424722290608303,0.1528918191894005,0.15862536296962532
2015-04-21,0.17306975816999248,0.16423868342902317,0.15364322683136128,0.16252079379718756,0.16279325430867111,0.1627264292456253,0.16423868342902317,0.15365131560931986,0.1542860062527314,0.15297159625463216,0.15878826615161856
2015-04-22,0.16922711922828082,0.1618530698884591,0.15062937820312064,0.15972582007069727,0.1601608583686665,0.1599574470613411,0.1618530698884591,0.15217563125997735,0.15284138337615663,0.15156998539001687,0.1570904225452539
2015-04-23,0.16921502633766022,0.1618408630893749,0.15048774013420724,0.1597125277924591,0.16014813210138287,0.1599437277749341,0.1618408630893749,0.15212979103416716,0.15283231781911122,0.15154059848480628,0.15708802578773082
2015-04-24,0.16955398054336482,0.16204892945242333,0.15069681098644408,0.15994495445682516,0.1603802731235089,0.16017789537434046,0.16204892945242333,0.1520932367119646,0.15281676024740873,0.15149549980246463,0.15718565990204364
2015-04-27,0.16904907306460884,0.16177769434956865,0.15060191096898012,0.15958390310466644,0.1600351980864114,0.15981649683943683,0.16177769434956865,0.15197596628617063,0.15269317802612314,0.15136868819785104,0.15705989591617003
2015-05-04,0.17491247371148885,0.16742643972692903,0.15653570578541876,0.16493940924338693,0.16539923027290962,0.16515780869051633,0.16742643972692903,0.1561732912738052,0.15701417300263554,0.15561135661544792,0.16258729360368726
2015-05-05,0.1758003798424912,0.16834508521416627,0.157381115008691,0.16562254750739067,0.16611843012371433,0.1658423767925392,0.16834508521416627,0.15640371422278748,0.15729700346159103,0.1558613990891454,0.16338455898205553
2015-05-06,0.1762283137930416,0.1687301792735606,0.1577290698292431,0.16595635356742347,0.16644921798053738,0.16617427172706054,0.1687301792735606,0.15651256453851956,0.15741948551417007,0.15595992779078252,0.16373408754585436
2015-05-07,0.1749475303112069,0.16772259428366731,0.1574530576794059,0.1650270241679425,0.1655050385982561,0.1652401768222332,0.16772259428366731,0.1559725963127661,0.15688920552567676,0.15546431760979262,0.162946715882972
2015-05-08,0.1750078365329128,0.16772527092072634,0.15760628837952556,0.16503609420015594,0.1655038226536806,0.16524992586003734,0.1677252709207263,0.15596231844406772,0.15690533565193118,0.15545010742528628,0.16294333081105036
2015-05-11,0.17477918567719503,0.1676090856913649,0.15785959286884396,0.16496775196136268,0.16540969785031567,0.1651746291413983,0.1676090856913649,0.15607707119729944,0.15697256170814333,0.1555316548985586,0.162899127884154
2015-05-12,0.17605852628837976,0.16889074537838702,0.1588895858815976,0.16647814172998865,0.16689901425290984,0.16667561982547915,0.16889074537838702,0.1583235582453557,0.15889720784498357,0.15769576106570923,0.16413829906728658
2015-05-13,0.17361337166864482,0.16631037960413286,0.15709868659242793,0.1644261839469093,0.1647327707309601,0.16459813630916886,0.16631037960413286,0.15551389944757205,0.15584683303940394,0.15477253317450135,0.16116119535725473
2015-05-14,0.17361204084184556,0.1663103576604275,0.15698295538195214,0.16441912207752682,0.1647288948063934,0.16459123786819535,0.1663103576604275,0.15548362247564604,0.15580529082334157,0.15472510816336674,0.16115306746627667
2015-05-15,0.17457515658389686,0.16714824279858895,0.15772785950607143,0.16537935360755804,0.16567588951714377,0.16553939829726066,0.16714824279858895,0.15603933090558725,0.1562623003717313,0.15525800761362357,0.16181764334549614
2015-05-18,0.17510881462430666,0.16775562838297978,0.15777759823459206,0.16597291117790852,0.16627659337412123,0.16612555159419404,0.16775562838297978,0.1574571775043601,0.1575607037705075,0.15663744936729157,0.16244183407711374
2015-05-19,0.1763976306053196,0.1684282603821557,0.15881480306613174,0.16657233655478146,0.16689102180898444,0.16672488159423915,0.1684282603821557,0.15725890940361162,0.15738931493184866,0.15643759920186176,0.1626702551636947
2015-05-20,0.18061190584437603,0.17294227565586,0.1611403145718312,0.17127178019942157,0.17161483879493666,0.17142017795886977,0.17294227565586,0.16152021706889502,0.1614875928227201,0.1606174261514972,0.16723230688162732
2015-05-21,0.1808972049769443,0.17327491336278683,0.16116145317318137,0.17147966549655563,0.171838089753739,0.17163025304127316,0.17327491336278683,0.16164078620776645,0.1616021979840631,0.16073589575045072,0.16762059136775095
2015-05-22,0.18188584516572576,0.1739818737937566,0.16165758985016515,0.17213589480130695,0.1725000487022436,0.17228407474087182,0.1739818737937566,0.16184064981438423,0.16185551888061392,0.16092519018680781,0.16809143034192425
2015-05-25,0.18194265739617824,0.17403951168874124,0.16171581754284683,0.17216110634440623,0.17252967303981012,0.17231058662233137,0.17403951168874124,0.16203705275343908,0.16205785275310242,0.16115226745392108,0.1682403272965496
2015-05-26,0.18329226393906764,0.17490389591955532,0.1634175288790971,0.17285515763883516,0.1732342646225941,0.17300048545238322,0.17490389591955532,0.16211560937573116,0.16214027184171292,0.16125068422188282,0.1686580000041822
2015-05-27,0.1832688944224766,0.17481208253903185,0.1633821305765622,0.17275810060558558,0.17313879820726719,0.17290553626335858,0.17481208253903185,0.16211604829632664,0.16211773018116563,0.16122960758830845,0.1685463488244097
2015-05-28,0.18550558270930326,0.17687966133426117,0.16717952889239943,0.1742718438867462,0.17468562044622835,0.17441882644115342,0.17687966133426117,0.16302376775066735,0.1630520682453466,0.1622127433464846,0.17037850289787
2015-05-29,0.18503782656487452,0.17652299832355722,0.16669583736929638,0.1737872083185978,0.17422182220602156,0.1739355332082598,0.17652299832355722,0.1619436463359515,0.1621297949056038,0.16118952769874945,0.1700695644486974
2015-06-01,0.18521904056815516,0.17704450336993002,0.16760012310150618,0.17426301854384338,0.17469983074810724,0.17440250812328803,0.17704450336993002,0.16400722500853807,0.16401279696439733,0.16299318915810193,0.17088240464075732
2015-06-02,0.1858425845833829,0.1777688153036208,0.16873267397858766,0.17502904197538802,0.17545425063531647,0.1751683034747555,0.17776881530362076,0.1654554373945694,0.16536457019230588,0.1644422939063503,0.17166056801914972
2015-06-03,0.18593880023475076,0.17785661512935344,0.16885182206708335,0.1751278502352549,0.17555406617659303,0.17527239944268674,0.1778566151293534,0.16547694597908838,0.16542876157427913,0.16447594554595887,0.17174891475140255
2015-06-04,0.1850932545538876,0.17700286980199856,0.1674358042115614,0.1742511769657197,0.1746967559381161,0.17439280394012383,0.17700286980199856,0.16447520803397103,0.16441599427319717,0.16339772040770467,0.17079038423769727
2015-06-05,0.18698088616316608,0.1783332197417962,0.17011842057206836,0.17562798500013463,0.17605522109752278,0.17576516739320078,0.17833321974179617,0.16512435924010627,0.16500977077982992,0.16403950361675704,0.17157632095524722
2015-06-08,0.18610694254250687,0.17757609722050494,0.16926670441274616,0.17481444459526327,0.17525425228556324,0.17495082565590375,0.1775760972205049,0.16457797698457466,0.16451546272722992,0.16349770660837262,0.17094416021279019
2015-06-09,0.18643723682832966,0.17799784402334518,0.17000030593528068,0.1751699764877845,0.17560941894759458,0.17530478729367663,0.17799784402334515,0.16488699448180488,0.16484332098640964,0.16380475689328078,0.17146790872699227
2015-06-10,0.18611914248068248,0.1778087819054943,0.16967014464986283,0.17489644074178312,0.17535388496053128,0.17502938854414293,0.17780878190549426,0.16489255012832277,0.16482781844002906,0.16379168640119868,0.17133856649383347
2015-06-11,0.18648356642648553,0.17802939795358916,0.16986323368556497,0.1751050891553072,0.17556208823976904,0.1752386327863783,0.17802939795358913,0.16488839292740762,0.16481993295280875,0.16378719234644545,0.1714686810220913
2015-06-12,0.18662958553525788,0.1782475711104228,0.17012842798943364,0.175253539127904,0.1757179021532231,0.17538690414849212,0.17824757111042278,0.16547126271467713,0.16529015443452136,0.16430691007518022,0.17170251682975807
2015-06-15,0.18676625214568773,0.1787465083517524,0.17127301558139033,0.175307013398301,0.17581965275450853,0.17544564894834844,0.17874650835175238,0.165898354782065,0.1658097373502463,0.16471288239045348,0.17248247274908265
2015-06-16,0.1861279757835536,0.17762410540665516,0.17027585475543597,0.17406529273287438,0.1746168900086202,0.17421425570926494,0.17762410540665513,0.16400011386296312,0.16368775447701167,0.16274172455935118,0.17076867366481305
2015-06-17,0.1861928533585164,0.1776761145168449,0.17031244815991536,0.17415268235632378,0.17470087121124203,0.1743011424762938,0.17767611451684487,0.16404412514944408,0.1637310197916469,0.16278429781050782,0.17080722341726365
2015-06-18,0.18596414632314673,0.17751162005639645,0.17000733206270296,0.17404233341638678,0.17458041873398533,0.17418600156748212,0.17751162005639645,0.16401297430324122,0.16370416163404977,0.1627421607699584,0.17066892660986324
2015-06-19,0.18326829087956129,0.17511098613677206,0.16729337361545768,0.17174606569235032,0.17225976545482916,0.17187572510694335,0.17511098613677203,0.16269453098110453,0.16242807195753273,0.1613863376654712,0.16850463245491043
2015-06-22,0.1847201917173045,0.177354434198676,0.1693077825584386,0.17399486676769996,0.17450917385868756,0.17412674233499828,0.177354434198676,0.16646354675471875,0.16636951059623384,0.16538334075312633,0.17188134447290024
2015-06-23,0.1841769764030623,0.17702389925560638,0.16897539410865436,0.17377848772616494,0.1742698108145773,0.17390363948026394,0.17702389925560635,0.16649828581525092,0.16640309679356505,0.1654199412126065,0.17174847760978076
2015-06-24,0.18403610610859925,0.17715749711856887,0.16911232160188944,0.17387434202938634,0.17436417308972785,0.1739977834134194,0.17715749711856887,0.16699065078512873,0.16695461109267443,0.1659532376114071,0.1722147802633297
2015-06-25,0.183787710204305,0.17685534895173594,0.1689288860223994,0.1736394029752507,0.17411609289445212,0.17376396789740634,0.17685534895173594,0.1668509212090575,0.1668045479833104,0.16581317257515288,0.1719188045655225
2015-06-26,0.1822160687437376,0.17543504655139114,0.16714666802904626,0.17229565949930187,0.1727339286962054,0.17240178360280062,0.1754350465513911,0.16594722528366349,0.16589710232435018,0.16489812121364214,0.17062070124724754
2015-06-29,0.17836607190044676,0.17193935554420495,0.16195500146317934,0.16925166306153,0.16955754174047782,0.16932061910103763,0.17193935554420492,0.1628617945039635,0.1631745667200537,0.1618262775198455,0.1676535934938699
2015-06-30,0.17802036117967482,0.17165741721578526,0.1612885925394667,0.16898283921357887,0.16927842953869437,0.16904440466513687,0.17165741721578523,0.16269247466511305,0.16302053508999123,0.16165237978047578,0.1674190046964877
2015-07-01,0.1768696737083048,0.17046634571753555,0.1602937954922363,0.16821795523400515,0.1684417893001618,0.16828208826369587,0.17046634571753552,0.16229721432195285,0.1625922041453463,0.16127489242803897,0.16641027145918488
2015-07-02,0.17704942333541052,0.17101634107457594,0.1604313146539132,0.16912354618829997,0.16922687910531153,0.16914745828283717,0.17101634107457592,0.16323443579990468,0.1634896441541564,0.1621908033823014,0.1673478590425799
2015-07-03,0.17879534696592378,0.1724048593698873,0.1615419662856609,0.17031968547465254,0.17044511573250806,0.17033832567388607,0.17240485936988728,0.16318319588357227,0.16352588412909166,0.16213101178036743,0.16835685101570405
2015-07-06,0.18035258497785867,0.17371676336375114,0.16240898916722063,0.1716591920277563,0.1717854672387592,0.17167298202199768,0.1737167633637511,0.16392163791552367,0.16420948629800705,0.1628480504032456,0.16938187508890976
2015-07-07,0.1798832897826068,0.17343878540619936,0.16179175855824013,0.1711598408832354,0.17130853528332074,0.17118303884579708,0.17343878540619934,0.1634876785004984,0.1638019152268509,0.16242948953547584,0.16919670913410592
2015-07-08,0.1801054657548915,0.17366464226862194,0.16195607037788398,0.1715871821128991,0.17172267035467528,0.17159669567531335,0.1736646422686219,0.16540011118570558,0.16551611038720784,0.16425188493544784,0.16946976493301094
2015-07-09,0.1801141942170956,0.17359538734999433,0.1618073839706774,0.1715460553568252,0.17167923257379503,0.17155674587649317,0.17359538734999427,0.1653848674214543,0.16547824597668648,0.16422573714169397,0.16932860886660153
2015-07-10,0.17993993535595823,0.17350762120171945,0.16120739596677977,0.17140918796018442,0.1715471214323896,0.17141964438119722,0.17350762120171942,0.1653838809515728,0.1654749609000532,0.16422692322227844,0.16932123567617544
2015-07-13,0.17936763628012328,0.17293757186583678,0.160468911406672,0.1708363414708955,0.17097425088510634,0.17085013190256607,0.17293757186583675,0.16489757687997764,0.16506187205959133,0.16372006428605604,0.16880324019372978
2015-07-14,0.18055469334423777,0.17410599770007032,0.1613892644914384,0.1719117395451467,0.17206015674677488,0.17193649337521574,0.1741059977000703,0.16503134528727947,0.1652448687236992,0.16388838732774716,0.16986622159614775
2015-07-15,0.18198110425641656,0.1752065804019586,0.16193333395681986,0.1727146290757566,0.17288010547435317,0.1727205343121009,0.17520658040195858,0.16493443419415846,0.1650350429826592,0.16374269296187102,0.17062725605767412
2015-07-16,0.18191206996497744,0.1750201331271825,0.16170603512765153,0.17258173667179227,0.17274069995768426,0.17258413274632825,0.17502013312718248,0.1646448666020792,0.16475591880448107,0.16345064447365443,0.17030095210757457
2015-07-17,0.18193044227982075,0.17505293656480325,0.16177990246471802,0.17259405535415773,0.17275482426044675,0.17259614358194605,0.17505293656480322,0.16470220312834388,0.16479031486414764,0.16349644062080562,0.17033648574434407
2015-07-20,0.1784183566850977,0.17148492879144148,0.15839467260225537,0.16917801194825496,0.16930978836812252,0.16915218067973065,0.17148492879144145,0.16028437358732392,0.16004724966283326,0.1590992406069369,0.16663841471659666
2015-07-21,0.1785445275060558,0.17160007013090964,0.1589432800230171,0.16929718668587326,0.1694270766959806,0.16926967643556912,0.1716000701309096,0.16046285998210472,0.16018208969758052,0.15930008732267112,0.16667988940510206
2015-07-22,0.18064104762260372,0.1734444851249072,0.15979173095999535,0.17117477252650717,0.17131201563497783,0.1710927327104041,0.17344448512490715,0.16259351978396047,0.162038323030858,0.16095864540050112,0.16790067594411553
2015-07-23,0.1803294323488197,0.17300898704775486,0.15936818786315357,0.17083599020094326,0.17096132004600448,0.1707531243556539,0.17300898704775483,0.16208045331602483,0.1614802052043981,0.16041490871596864,0.16731043807230922
2015-07-24,0.18027757363181718,0.17288326221858472,0.16009786980232318,0.1707316189068256,0.17084849008024883,0.1706521798904457,0.1728832622185847,0.16177248388984392,0.1611936690944677,0.16006648750518668,0.16707898991465256
2015-07-27,0.18011813355691278,0.17287264146857867,0.1598442574657663,0.17057027372429098,0.17070314747580947,0.1704888070636494,0.17287264146857864,0.1615880004033938,0.16102820769482382,0.1599215303593005,0.16714628770764067
2015-07-28,0.18105325208910744,0.1738057373578929,0.16064544429832717,0.17149700395275932,0.17163269978328327,0.17141988740918276,0.17380573735789287,0.16241554598636504,0.1618945393449415,0.16076368550773612,0.1680584675418038
2015-07-29,0.1822058220009366,0.17488378448934697,0.16174082683866442,0.17255112575830378,0.17268812789599178,0.17248010396561325,0.17488378448934694,0.16303875871910367,0.16253335270182762,0.16139306886290078,0.16896349164844152
2015-07-30,0.1821561345256713,0.17457840476500475,0.1614376413257989,0.1722493011335944,0.17238494470990162,0.17217573697034305,0.17457840476500472,0.16253641231352225,0.16197751957493572,0.1608375770792274,0.16847193676465075
2015-07-31,0.1817908647806768,0.1731229188643444,0.160028663955339,0.17091233242497503,0.1710280644988455,0.17082257211766888,0.17312291886434436,0.15873507264753017,0.15800910695061515,0.1567688853635105,0.1658119911840818
2015-08-03,0.18321093533373356,0.17408368298816243,0.1611673774231261,0.17149317459075522,0.17164113238409873,0.17141438577202467,0.1740836829881624,0.15791661931531595,0.15706321488713698,0.15587792576367981,0.16633470437447168
2015-08-04,0.18419398775384044,0.17477290424210246,0.16165519963563602,0.17217461551151167,0.17232461698049156,0.17209583547811722,0.17477290424210243,0.15809892602120496,0.157275898689074,0.15607842825166104,0.1668521713725924
2015-08-05,0.18547309864000197,0.17598471054446205,0.162772044912972,0.17346839333275826,0.17361344645910523,0.17339242037401006,0.17598471054446202,0.15914791224238042,0.15837722678317376,0.15716420726560015,0.16803920553417678
2015-08-06,0.1831059562870501,0.1736488287108444,0.16266326413726515,0.17095097461078435,0.1711079554817127,0.17087286386566086,0.17364882871084436,0.15774520684254656,0.15678170376742206,0.15599570020424494,0.16587544308541027
2015-08-07,0.1831260426140566,0.1738045037145236,0.16267731748791986,0.1711652944099219,0.17131868474937462,0.1710874668233502,0.17380450371452358,0.15813570268002197,0.15724842213102577,0.15640556139160589,0.16622312992731228
2015-08-10,0.1830667536777754,0.1739342616839375,0.16319503168705254,0.17186679981300723,0.1719731206419174,0.1717719821943939,0.17393426168393747,0.16064346004507282,0.1595776330125262,0.15881394873144408,0.16703974331004515
2015-08-11,0.18183285573909852,0.1727131536547706,0.16223147450864772,0.1705063733794685,0.17063036919070218,0.17040995823011043,0.17271315365477058,0.15912896177892122,0.15822941308007904,0.15741329814941563,0.16591481350830709
2015-08-12,0.17793038094049207,0.1683399614629068,0.1601520450695961,0.16646825502879317,0.16653270791169028,0.16638300274186518,0.16833996146290678,0.15615831343900485,0.15452208846820686,0.1546564383018652,0.16127444413875935
2015-08-13,0.18002769188126785,0.16994154553279575,0.1612485843468259,0.16772298440872996,0.16782204682099947,0.16763796578144854,0.16994154553279575,0.1561232042296731,0.15475233018762255,0.15479516984769595,0.16234645553135482
2015-08-14,0.17955416017753523,0.1698609300467895,0.16155455912891448,0.16741545218319362,0.1675366347957992,0.1673302183684457,0.16986093004678948,0.15630669584396772,0.15493947940569835,0.15497643226659333,0.16256949241308213
2015-08-17,0.18313813648429844,0.1730973897733482,0.164676409553747,0.17000786684958122,0.17017675604660676,0.169922992926885,0.17309738977334818,0.15754303548351573,0.15617812950070384,0.15611148838954333,0.16549558513215476
2015-08-18,0.18440863861307388,0.17395266339033588,0.16505506281580415,0.17070489621676113,0.17088721527453463,0.17061947334129152,0.17395266339033585,0.15763725018835095,0.15628308323097329,0.15619543711126485,0.1660333951223224
2015-08-19,0.18414054549254869,0.17373707862266127,0.1652064975603998,0.17055905910403418,0.17073178778111628,0.17047326021113893,0.17373707862266125,0.15772830312992508,0.15637887016175875,0.1563000611795501,0.16589103622619122
2015-08-20,0.18522769884917048,0.1746880045725324,0.16784725830418717,0.17158562595310953,0.17174184445123208,0.17150726743854058,0.1746880045725324,0.15850972806358862,0.1570757107055392,0.15708501767071337,0.16675057501397839
2015-08-21,0.18681748049154384,0.17624764392103578,0.16946401309436687,0.1731578687566762,0.17331545100730458,0.17308769807001922,0.17624764392103578,0.15955816678590842,0.15816377359198572,0.15814864507509668,0.16826398572479648
2015-08-24,0.20508450379629245,0.1941222299964285,0.18952432359311513,0.19058372897486944,0.19076791097548537,0.19053849330297956,0.19412222999642847,0.17245023113237468,0.17139225251064114,0.17112796616605647,0.1856313327441731
2015-08-25,0.20322016627843784,0.1923094934529851,0.18856142979294904,0.18821322576190544,0.1884635027869419,0.18817627985976398,0.1923094934529851,0.16973844275536226,0.16881421647260966,0.16841555483855417,0.18395194427972297
2015-08-26,0.20648539528111468,0.1956754034478159,0.1927980722811154,0.19094837457755764,0.19124945068256854,0.19090946580778434,0.1956754034478159,0.1710575178998908,0.17017292437599643,0.16971266833235177,0.18723331736569193
2015-08-27,0.2073327819405175,0.196408048364236,0.19393254988527456,0.19164831622540635,0.19194910102645257,0.19161873439423766,0.196408048364236,0.17169333348314555,0.17071505162085984,0.1703564194237596,0.18786877373069444
2015-08-28,0.21202225671993954,0.20068650997828885,0.19851759179943593,0.19572254453028268,0.19606394606108557,0.19569056691175923,0.20068650997828882,0.17383128478272694,0.17297779501347116,0.17263057912543894,0.19165646512236928
2015-08-31,0.21264111802842034,0.20123304871860154,0.19924812665394262,0.19605065161546573,0.19641367565515103,0.1960076045580022,0.2012330487186015,0.17424120415830355,0.1734044981561857,0.17305429513108275,0.1921693694226432
2015-09-01,0.21222844783415684,0.20060635658408021,0.19876419257048816,0.19537779016863308,0.19574119609906454,0.1953406973409385,0.20060635658408021,0.17234430821446198,0.17145479608173683,0.1712144831147081,0.1912946629077109
2015-09-03,0.2133336673223558,0.20159780255927875,0.19958291112519896,0.1964082696587754,0.1967716749700552,0.19637651169148865,0.20159780255927875,0.17297732818606448,0.1720569282626941,0.17185304237549331,0.19219474963400815
2015-09-04,0.21274362378936,0.20105042627012504,0.19913129768410257,0.1958267507601813,0.19619346817241767,0.1957960556806583,0.20105042627012504,0.1725225957694569,0.17157297465050442,0.1714150312628885,0.19171312237502663
2015-09-07,0.21279896629210948,0.20116376602799194,0.19918246804439385,0.19609820320518553,0.19644927843374213,0.1960677857381889,0.20116376602799194,0.17294867458327354,0.1720431008602428,0.1718643029433216,0.19187566348079613
2015-09-08,0.2156726954680978,0.20334653272520406,0.20214368373550265,0.1979710746766054,0.1983380817499477,0.19793488425610617,0.20334653272520406,0.17349423859956226,0.17256140283139004,0.1724149023289848,0.19339895519135653
2015-09-09,0.21628574972129092,0.20385317179639836,0.202598511548044,0.19836474581985022,0.1987420139804115,0.198324600141979,0.20385317179639836,0.1737096469082112,0.17278053204582733,0.17263104946611282,0.19380363610111478
2015-09-10,0.21621852077524614,0.20377410933640308,0.20254147926503,0.19825953047762068,0.1986389099865469,0.1982187431588238,0.20377410933640308,0.17360782137305192,0.17268864587650906,0.17252897733346942,0.1937174193033437
2015-09-11,0.21701456127257424,0.20458529230727113,0.2033454111711639,0.19898992168700738,0.19937746885989516,0.1989443863269775,0.20458529230727113,0.17418800031210885,0.17327605839847243,0.17312654966614438,0.1945046366642596
2015-09-14,0.2172572255257525,0.20480093589025847,0.20340060746164187,0.19925986635656998,0.1996454387727742,0.19922004908883306,0.20480093589025847,0.1742396517899811,0.173348998931905,0.17317689404900172,0.19472739186239948
2015-09-15,0.21644777556719574,0.2042150257790521,0.20297318978736045,0.1987835570451194,0.1991574920301025,0.19874217266410232,0.2042150257790521,0.17489339732643214,0.17396730276937367,0.1738630805283754,0.19437064115047598
2015-09-16,0.21646427693634324,0.20424533803949646,0.20293469471259384,0.19887195099881147,0.19924198010607835,0.19882973413042102,0.20424533803949646,0.1750230733723978,0.1740986956798647,0.17400291530864068,0.19440327690414466
2015-09-17,0.21619856888819952,0.2040159967906578,0.20266104298619358,0.19871236873523654,0.19907675283171525,0.19867332869383234,0.2040159967906578,0.17502487452425253,0.1740897264263931,0.17400949290822007,0.19422277064948937
2015-09-18,0.21600390643561493,0.20387186170590665,0.2027726526681416,0.19851590694976418,0.19888402634051303,0.19847684149105527,0.20387186170590665,0.1749409581062285,0.17400338572880608,0.17393612456787333,0.19415802645820548
2015-09-21,0.2170402088299509,0.20519206170402635,0.2040257238605838,0.20008338792829553,0.20043732507750459,0.20004062585393517,0.20519206170402635,0.17752288953590048,0.17665015418989397,0.17652786982557053,0.1957667115758583
2015-09-22,0.21630006434570392,0.20465014091634326,0.20340990231209088,0.19961124051057347,0.19996114667543455,0.19956637760378798,0.20465014091634326,0.17750861402512347,0.176636317203621,0.1765143907514074,0.1954086941743346
2015-09-23,0.21605401142841152,0.20445865016598297,0.20325432836543253,0.1994572440804722,0.1998050778860627,0.199411483784108,0.20445865016598297,0.17772481853228558,0.17684120690247346,0.17672714806795048,0.19529185632198112
2015-09-24,0.21603404771626755,0.20444026683035404,0.20343033753430276,0.19941557625392012,0.19976539678439006,0.19937074065035346,0.20444026683035404,0.1777645426501225,0.17687848141250212,0.17677786821593025,0.1952742104126233
2015-09-25,0.21572481550498235,0.20414390577630923,0.2032385550537225,0.19897058600287046,0.19933066389156776,0.19892720128183702,0.20414390577630923,0.17715407511369097,0.1762911160572743,0.17616012898452332,0.19499802694499632
2015-09-28,0.21629833454473923,0.20454607301672179,0.2036988057060605,0.1991615185497002,0.19953498534848035,0.19912059470155205,0.20454607301672179,0.1767947267943497,0.17597657615679294,0.1757954331672832,0.19523716348824063
2015-09-29,0.21588037880065997,0.20419762601448802,0.2032160943946182,0.19887759319319212,0.19924514776820262,0.19883052819092606,0.20419762601448802,0.17703357771802514,0.17610630302003186,0.17598133549177472,0.1949206664065296
2015-09-30,0.21565269802712259,0.20402299413477074,0.20297553172158353,0.19867961596685985,0.1990491662777439,0.198628213713662,0.20402299413477074,0.17699760707381074,0.17604349592300728,0.17592705580210116,0.19479648540755187
2015-10-01,0.21421923243714336,0.20248041084345345,0.20126470516088207,0.19703488015797568,0.1974115752530958,0.19696846632112544,0.20248041084345345,0.17533021857263006,0.17428780757826404,0.17414986563998291,0.1931557313278356
2015-10-02,0.2134276232753004,0.20186221043925387,0.20035894739526428,0.19643291562933127,0.1968075247724915,0.19635652758189098,0.20186221043925387,0.17520198301752274,0.17408097072648426,0.17396159869000263,0.19268238993517534
2015-10-05,0.21422066682488872,0.2024864612307806,0.20118955346319511,0.1970541668704059,0.19742857907646988,0.19697920037164984,0.2024864612307806,0.17553743652093015,0.1744417473262484,0.1743080278093923,0.1931455443340191
2015-10-06,0.2165307436469442,0.20440817778443146,0.20261000284739714,0.19886195253151775,0.1992399962406152,0.19878195531976486,0.20440817778443146,0.17690151613247856,0.17577691073510227,0.17564010606115094,0.1947693167039561
2015-10-07,0.21630971181833344,0.20421277535816332,0.2023477445957129,0.1986238198525383,0.19900345068200354,0.19854214600785033,0.20421277535816332,0.1767674065647498,0.17561992016780886,0.17549648040149007,0.19457760543155855
2015-10-08,0.21740334544197115,0.20522863794286944,0.20359884591651414,0.19985435775578686,0.20022038669096745,0.19976895538986122,0.20522863794286944,0.178789451851967,0.17763065582359025,0.1775122386038119,0.19564036289469963
2015-10-09,0.2173274962324981,0.20520740762311965,0.20355882309212356,0.19985306799669977,0.2002180021613975,0.19976744095420138,0.20520740762311965,0.1792144722618451,0.17806394162721412,0.17794001468532203,0.19571065620815267
2015-10-12,0.21729733783613578,0.20495732384743423,0.20331315219345295,0.1995488406873352,0.19991665572414813,0.19946264275872627,0.20495732384743423,0.17883533706600158,0.17764587304360646,0.1775476590741068,0.19533531301351853
2015-10-13,0.2171601527200394,0.20474124281583403,0.20309110354536405,0.1990922475558824,0.19948121019105275,0.19900399085518722,0.20474124281583403,0.17746219986904946,0.17633590690833437,0.17618460985239426,0.19505537923561742
2015-10-14,0.21717579076714497,0.2046093016997861,0.20296533178593865,0.1989908878175659,0.1993768903060588,0.19890270292794054,0.2046093016997861,0.17739345771910361,0.17625191381150995,0.17611911997634655,0.19481718213893412
2015-10-15,0.21709471589435272,0.2045236319439203,0.20279262630457986,0.1988749901293838,0.19926400815814158,0.19878482108702994,0.2045236319439203,0.17737773136662954,0.17623330118509709,0.17609743624023358,0.1947560502693429
2015-10-16,0.21689547385376615,0.2044288968909858,0.20270604366741998,0.19884451734063735,0.19922852617939127,0.19875252855500206,0.2044288968909858,0.17761559600120813,0.17650291458478065,0.1763544848108735,0.19476153309353375
2015-10-19,0.21690614826341947,0.2042773019561499,0.2026801527884912,0.1986662696611071,0.19905095763892616,0.19857762906385437,0.2042773019561499,0.17660702114596025,0.17558459697096862,0.17540087990664305,0.19424697128564464
2015-10-20,0.21704612735012457,0.20451620006728702,0.20272345413471177,0.1989575843956414,0.19933824480123558,0.19886834075802623,0.20451620006728702,0.17678564126004875,0.17577351248621867,0.17557614948665154,0.19453593777279723
2015-10-21,0.2169674278595406,0.20454439271932878,0.2026426166890492,0.19902421324157696,0.19940212705946328,0.1989348527394942,0.20454439271932878,0.17706179574498104,0.1760663610736738,0.17584500943350026,0.1946693458239069
2015-10-22,0.21717231749602717,0.2048478270017442,0.20291314271909766,0.19936946794672308,0.19974470959939725,0.19927955054014151,0.2048478270017442,0.17731526274989287,0.17635372059691962,0.17610437273153717,0.1950598237180312
2015-10-23,0.2175666047204249,0.20537974027301892,0.20338589896930528,0.19994836014795306,0.20032103459267392,0.19985816060373535,0.20537974027301892,0.1779016640366522,0.17694066023086555,0.17669909091560332,0.1958186740245451
2015-10-26,0.21743719289113408,0.20532232164085987,0.20326923112619544,0.19986797448951582,0.20024266995912962,0.19977657715418387,0.20532232164085987,0.17789687855346775,0.17692898095307566,0.17669433785929178,0.19579749383671002
2015-10-27,0.2176372493293659,0.20550782743129237,0.20346266147388167,0.20004618484201678,0.20042196803568868,0.19995511522160955,0.20550782743129237,0.1780024929468248,0.177042044098497,0.17679390464357472,0.19596553705159994
2015-10-28,0.2128174394399835,0.20075792382016458,0.19876467031857348,0.19553105483062325,0.19588866217817286,0.19544254997426952,0.20075792382016458,0.1741860226947117,0.17308275018585892,0.17291955197734854,0.1912002158945082
2015-10-29,0.21299173882190375,0.2012081402573746,0.19910749394175542,0.1962723654216541,0.19661402008203593,0.19618362250450888,0.2012081402573746,0.17453423706592644,0.17348453451811155,0.17329652081275748,0.19195657841116118
2015-10-30,0.21259999269644977,0.20079864890224644,0.19881646510817966,0.19593610377052256,0.19627109785926408,0.19584795964250404,0.20079864890224644,0.17442282377283647,0.17334467420161556,0.17319328546337748,0.19153504443594538
2015-11-02,0.21292504476575524,0.20115770208713218,0.1991376101209494,0.1963365815219106,0.1966709397038637,0.19624935982427077,0.20115770208713218,0.17469296085016855,0.17364985738240313,0.17346964966489622,0.191931939458367
2015-11-03,0.21378648445612738,0.20228241866130622,0.20043965378072034,0.19749890942475148,0.19783043895871777,0.19741089311777713,0.20228241866130622,0.17756388239093168,0.17657624607181419,0.17641210841419122,0.19342909700296654
2015-11-04,0.21348665482488718,0.20204717329536273,0.20012054817946007,0.1972704207206166,0.19760151562179523,0.1971846328346594,0.20204717329536273,0.17735572472806826,0.17641854474326601,0.17622915554822952,0.19327399111014662
2015-11-05,0.2123355787810007,0.20086046280210684,0.19913132981171056,0.19589380891884936,0.1962398572930874,0.1958133991361315,0.20086046280210684,0.1751476542746477,0.1745159657299668,0.17409806528589983,0.19208933775710327
2015-11-06,0.21253579806996895,0.20106664690926193,0.19938558094292483,0.1960792863009252,0.19642732867683277,0.19599862038084487,0.20106664690926193,0.17528386072015845,0.17466010787650815,0.1742358696871251,0.1923400756303089
2015-11-09,0.21263369953272396,0.2011480963780094,0.19949429104776123,0.1961621613745053,0.19650978243383882,0.1960809817119198,0.2011480963780094,0.17545059478226313,0.17482245246835348,0.17440492416527764,0.19242196719379046
2015-11-10,0.21207135213666123,0.2007083592214361,0.19937037054697257,0.19558804838331287,0.19594322135194947,0.19551614849245422,0.2007083592214361,0.1750378223763333,0.17450424475893767,0.17403022739755342,0.19216589413622012
2015-11-11,0.21135086220175794,0.19992195407131555,0.19888468515909993,0.1947452249370904,0.19510858636199893,0.19468180769711013,0.19992195407131555,0.17344228809427537,0.1730035288829782,0.17246345324648119,0.191397048357826
2015-11-12,0.2106154308701696,0.1994465690898799,0.19846624674307844,0.19420932988892922,0.19457383996392247,0.19415151352054189,0.1994465690898799,0.1738429736234338,0.17337845714583014,0.1728679066351948,0.19114077041357044
2015-11-13,0.20730273637995297,0.19629574279870693,0.19618271285180208,0.19066757547376723,0.19106434335408623,0.19061294540972604,0.19629574279870693,0.17099238296198235,0.17092328760696238,0.1701861573121113,0.18819060303821764
2015-11-16,0.2074530931160651,0.19644654036564754,0.19658581280570958,0.19083944649975557,0.19123436515016112,0.1907828971961206,0.19644654036564754,0.17130181685530768,0.17125010275515082,0.17048842847720583,0.18837183866179602
2015-11-17,0.20703983785146313,0.1962398724280321,0.196518630731974,0.1906697385067189,0.19106263858652434,0.19061741428229084,0.1962398724280321,0.17192228591254177,0.1717743327557494,0.17116847912245636,0.18835706519764467
2015-11-18,0.20701667615889952,0.19616233237335737,0.1964786978169067,0.19060079093130353,0.19099285521578938,0.19054857813921713,0.19616233237335737,0.17176518512075392,0.17159174463483023,0.170984774316938,0.18817866929213808
2015-11-19,0.20613849973606108,0.19575407956926172,0.195516827679517,0.19030679311787949,0.1906925144690873,0.1902588155765949,0.19575407956926172,0.17218513992296725,0.17200365071796425,0.17140239966515122,0.18820501319079186
2015-11-20,0.20615230362525838,0.19574399908381296,0.1955219639111341,0.19029140478025142,0.19067753898848733,0.19024347244893688,0.19574399908381296,0.17216076353257848,0.17197845150311342,0.1713979020674954,0.1881760624173147
2015-11-23,0.2043612777286941,0.19409633970442566,0.19249950725244977,0.18913040483963708,0.18948673967153884,0.18908080250164097,0.19409633970442566,0.17205125410407807,0.17180972041817488,0.17122272046833878,0.18674246998048827
2015-11-24,0.20431300920038092,0.19404759741267483,0.19237425735050537,0.18915842966910537,0.18950862316707634,0.18910516288644214,0.19404759741267483,0.17254587012963524,0.17225564679605032,0.17170312511429248,0.18666795297090105
2015-11-25,0.2037900408428144,0.19321996718687787,0.19120878782842315,0.18833306257617882,0.18868444165290713,0.1882892030543811,0.19321996718687787,0.16994792018573565,0.169878617792682,0.16938558240128407,0.18555235297232658
2015-11-26,0.2035198858094477,0.1928696116521228,0.19051337625668657,0.18803291259862562,0.18838218715316288,0.18798446826998644,0.1928696116521228,0.16902112600766517,0.16907231967192696,0.16843426692458788,0.18514086863799586
2015-11-27,0.2045363331061349,0.19375239514090128,0.1912097263283355,0.18885227229493284,0.18920641639895458,0.18880141340608939,0.19375239514090128,0.1693831559618259,0.1694087571166365,0.16877648283383295,0.18592681226966684
2015-11-30,0.2063935499401831,0.19516120235994522,0.1926405869564954,0.19006505281429434,0.19043612783955952,0.19001527701650484,0.19516120235994522,0.16876741130091685,0.168991712192383,0.16823336618837045,0.18688011868711607
2015-12-01,0.20460395087730607,0.19377948346086288,0.19031074040030532,0.18860435384625207,0.18899045687430083,0.1885576399656523,0.19377948346086288,0.16767401961981493,0.16805770491372635,0.16719395147884916,0.1859657090305673
2015-12-02,0.20474845208482942,0.19389749048416233,0.1903817515885019,0.1887269790237604,0.1891125064691766,0.18868143926152478,0.19389749048416233,0.16758771850042842,0.1680025163772508,0.16713145957656916,0.18601616557452733
2015-12-03,0.2044374949948282,0.19351556749957677,0.1897548950592006,0.18842130493566098,0.18880190769952215,0.18837448576209623,0.19351556749957677,0.1672822132780201,0.16768069614490427,0.16682612654794357,0.1855516258429808
2015-12-04,0.20455506671410714,0.19363393421499048,0.1898254155386785,0.1885464373170424,0.18892632118335326,0.1884989819487352,0.19363393421499048,0.16742483750471365,0.16783602471883163,0.1669745521376677,0.18568698148130164
2015-12-07,0.20528328045433533,0.1943494258049566,0.19083381994363496,0.18925405633187042,0.18963442557418983,0.18920425848061145,0.1943494258049566,0.1679053533479455,0.16836225875057664,0.16744454156311836,0.1863654120155758
2015-12-08,0.20711781270570218,0.19570586647269275,0.191839315658823,0.19061271386421336,0.19099323704261392,0.1905601335053695,0.19570586647269275,0.1676213986641198,0.16822250414481368,0.1672276974522259,0.18727488612379542
2015-12-09,0.20778642859698604,0.19633399477757826,0.19185371575521618,0.19150850628025354,0.19187894253931242,0.19145479860555442,0.19633399477757826,0.16780285930636704,0.16845931260194968,0.16744899543173042,0.1877617195074781
2015-12-10,0.2076442928510191,0.1962474190536727,0.1916501128057307,0.19139007941190916,0.1917623121483903,0.19133880206211923,0.1962474190536727,0.16786117338548634,0.16849633357523286,0.16750338135429788,0.18776157872691512
2015-12-11,0.2078465163294409,0.19644932827336656,0.19190604596204927,0.19156687356290533,0.19194181220221065,0.19151689506620212,0.19644932827336656,0.16787529226021955,0.16853892582443072,0.1675194241945742,0.18796024086893282
2015-12-14,0.20787207767195257,0.19651497360510517,0.1921967733617316,0.1917824958881348,0.19214004070147717,0.1917289139917452,0.19651497360510517,0.16850015699418552,0.16913804308170313,0.16813467268919752,0.18811976658147073
2015-12-15,0.2080050051671658,0.1965759023547456,0.19202055925069916,0.19180713756381806,0.19216679442805068,0.19175682000941613,0.1965759023547456,0.16832858866489261,0.1689768217007587,0.16799721321828104,0.18811300347630755
2015-12-16,0.2066743272956593,0.19438351559701716,0.1900607811317515,0.18954812734602242,0.1899107713202101,0.18949448679359948,0.19438351559701716,0.16420383964908028,0.16469831455923728,0.16366527287549437,0.18474340388640362
2015-12-17,0.20727775473754115,0.19468435362491487,0.19047641040920626,0.1896703056122716,0.190047351459015,0.18961949103268794,0.19468435362491487,0.16423814539656706,0.1647406696675775,0.16370952902388453,0.18488864364506283
2015-12-18,0.20824363521158015,0.19506316168608345,0.19101889066060282,0.18963103808662504,0.19003563846030258,0.18958813320783655,0.19506316168608345,0.16454239144622387,0.1650928750307585,0.16409022053671998,0.18475436111999788
2015-12-21,0.20817830646330424,0.19509644227332748,0.1909626932663318,0.18993556329921132,0.19030399469714002,0.1898839774963807,0.19509644227332748,0.16465450386243358,0.1651499646258693,0.16415197773640805,0.18492896664518996
2015-12-22,0.20793275236852832,0.1949527022171424,0.19096301691662906,0.1898688786738386,0.19023278321388065,0.18981986314734461,0.1949527022171424,0.16464009887194406,0.1651417926169899,0.16412809116679097,0.18488577360074251
2015-12-23,0.2065639117101553,0.19348430883169968,0.19033904163671697,0.1885762436570098,0.18891803661317438,0.1885232265529185,0.19348430883169968,0.1638660725417229,0.16423771184002986,0.16333202530235616,0.18342513819518458
2015-12-24,0.2065464784122155,0.19351170403459705,0.19032461473366943,0.1886887598143624,0.18901879487525516,0.18863266607223833,0.19351170403459705,0.1641316840749466,0.1644951687367355,0.16359297209822282,0.18352838825161222
2015-12-25,0.20660025679834707,0.19382189316359272,0.1904422002048021,0.18965118541812534,0.1898977603134991,0.18958706904749556,0.19382189316359272,0.16481572720641113,0.16520838037221885,0.16428445425669758,0.1843119699987642
2015-12-28,0.20271016862184782,0.19064091678004388,0.18833747241544777,0.187678122140059,0.1877967153006132,0.18763394782915765,0.19064091678004388,0.16406132978920393,0.16457860741789468,0.16365805759940172,0.18226883279639852
2015-12-29,0.20131334069028234,0.18908160323165407,0.1874890086911346,0.1860234401125629,0.1861445394336466,0.18599148388464004,0.18908160323165407,0.16319316170650172,0.1636884796551815,0.16281558768504104,0.18076489602684126
2015-12-30,0.19995098727368657,0.18774650244025165,0.18706717129224265,0.1845650013931905,0.1846949972508112,0.18453972007547856,0.18774650244025165,0.16218763413337028,0.16278117348689158,0.1618645313844403,0.1795538689248047
2015-12-31,0.19897903366542877,0.18706952930018353,0.18683916466326728,0.18413382637464412,0.18424668984357584,0.18409854153511063,0.18706952930018353,0.16347630790456855,0.1640175754975158,0.16316476209838376,0.179196167783801
2016-01-04,0.19949076295727994,0.1876736182534119,0.1872753931141155,0.1848749310160998,0.18497095918399264,0.1848420386607204,0.1876736182534119,0.16306878865885757,0.16358046764049397,0.16272835016858916,0.1798835187517019
2016-01-05,0.20000465072667006,0.18820828914846127,0.18774511973719224,0.18534739605919193,0.18544945603243113,0.18531527936999712,0.18820828914846127,0.1635546927630555,0.16405759950203724,0.1632187845905209,0.18044512911981853
2016-01-06,0.19990734359602505,0.18813012548157207,0.18801772598339075,0.18546624566852538,0.1855531314990967,0.18543002898397734,0.18813012548157207,0.1637722569507577,0.16424436549454113,0.16341716338639492,0.18045023208785646
2016-01-07,0.20117222313044186,0.18895142578542265,0.18939483128859363,0.18595907313170512,0.1860773623834616,0.18591877907829055,0.18895142578542265,0.1650379237399637,0.16529439071275395,0.16455040094186446,0.1808795513250048
2016-01-08,0.19998523215291455,0.1878435969890215,0.18849522269725455,0.18492616168930948,0.18503403677774044,0.18488014833221533,0.1878435969890215,0.16475140423955478,0.16496166465058534,0.16424527749495707,0.17992401214500842
2016-01-11,0.19860244276858,0.18652926974272846,0.18773028681133697,0.1838311756781887,0.18392457695669392,0.18379271415437806,0.18652926974272846,0.1641697598791214,0.16442161206888875,0.16375047581767774,0.17878879579477913
2016-01-12,0.19951849951250783,0.18728781077137097,0.18836419795625575,0.18446853066818436,0.18457908054448116,0.18442907467392652,0.18728781077137097,0.16418208318769983,0.16447198798836501,0.16374424619088293,0.17934378633082224
2016-01-13,0.19973771769772217,0.18747955823541565,0.18855830945074417,0.18471321586773656,0.18481235316983824,0.18467103146348948,0.18747955823541565,0.16428243666042588,0.16458881650916693,0.16385166447764019,0.17950171523692382
2016-01-14,0.2003336264747406,0.18788300396299423,0.1889489271319533,0.1852804898031387,0.185362417127986,0.18522387684454336,0.18788300396299423,0.1648826458991182,0.1652048449601544,0.16446006594098933,0.17973843164013445
2016-01-15,0.20210301965781277,0.18927161141116364,0.18988670712989744,0.18729459138791466,0.18725553050577204,0.18722097053765535,0.1892716114111636,0.16635306206059294,0.16657799676230758,0.16596181717222866,0.18076290257832905
2016-01-18,0.20427338353438332,0.1915471105766338,0.19330660559070756,0.1883613849949388,0.1885164600319344,0.18834519740447367,0.1915471105766338,0.16500844444514473,0.16556587532044506,0.16483676224538996,0.18318223750748075
2016-01-19,0.20683595250711923,0.1937354646782668,0.19587500350060957,0.19021945735986978,0.1904120023128145,0.19020758739326568,0.19373546467826677,0.16577936037713553,0.1663406413155408,0.16561018275302877,0.1850668095228836
2016-01-20,0.2072076731615957,0.19410502554917072,0.19518728445829003,0.1903441377309259,0.19057735107707066,0.1903364639682195,0.19410502554917072,0.165574013215405,0.16619104002680793,0.16544367110586294,0.1854275161113852
2016-01-21,0.2074820130659413,0.19417725910963024,0.1956685346347959,0.19040641351201737,0.19064720416589148,0.1903978690602638,0.1941772591096302,0.16538317494546817,0.1659166750952091,0.16522612573468448,0.18533397033625634
2016-01-22,0.20724526490152642,0.19394154292041083,0.195306364156271,0.19032639331995363,0.1905579259921557,0.19031303690488272,0.1939415429204108,0.16654961176933494,0.16690267717930676,0.16634479329871316,0.18504662047571613
2016-01-25,0.22027247589324936,0.2071605120181778,0.20762160758707085,0.20317236291374824,0.2034723005401741,0.20315048900204388,0.2071605120181778,0.1778618823637245,0.1784237060432105,0.17763672938715883,0.19804125404842363
2016-01-26,0.22027920247640326,0.20726284209133083,0.20776578429693318,0.2032362345689104,0.20354504153606648,0.20321276242349615,0.2072628420913308,0.177750854393418,0.17833971465876922,0.17753215640794473,0.19819898601696467
2016-01-27,0.22048789827521903,0.207627828155968,0.20792441632412076,0.20351923266484143,0.20384470111539427,0.20349073071088372,0.20762782815596798,0.17809280557998625,0.17868437736332266,0.17786130290659496,0.19862057605896027
2016-01-28,0.2188828809532034,0.20631715957626728,0.20715199432303397,0.20234080981980312,0.20265104466625117,0.20231164406144964,0.20631715957626728,0.1776929989598008,0.17827392177547008,0.17749745913301335,0.1975463660795716
2016-01-29,0.21888966279468958,0.20657887501843814,0.20725706374239866,0.2024958031056617,0.2028322966209039,0.20246079603794517,0.20657887501843814,0.17839121458543952,0.17894359317753467,0.17812775560533017,0.1979021011553311
2016-02-01,0.21800098399155837,0.20584004423161428,0.20653171991597263,0.20186888199582353,0.20218602031373906,0.20182330941541615,0.20584004423161426,0.17876064679837791,0.17915948957290323,0.17845019841598092,0.19726219666242695
2016-02-02,0.21751264215629929,0.2055026070203959,0.20616638113798125,0.20163824988067325,0.2019427588909009,0.20159112773945098,0.20550260702039588,0.17899087994174442,0.1793005701539779,0.17866129771985106,0.19705682143276693
2016-02-03,0.2174159332356861,0.2053368668908631,0.20613581112725707,0.20163402255640384,0.20190925447484104,0.2015870139467111,0.20533686689086308,0.17953653688497823,0.17960783340218392,0.17914934272022434,0.19673601741856814
2016-02-04,0.21558730557907071,0.20326833692102586,0.20449958338729887,0.19940065484349223,0.19967012551089464,0.19936101400548079,0.20326833692102586,0.17648501753420776,0.1765531340795731,0.1762476913086416,0.1940151939298584
2016-02-05,0.21584884042919955,0.2035481269607503,0.20479422031615355,0.19962573894029978,0.1999047548919047,0.19958734329178682,0.20354812696075028,0.17652310455808254,0.17660961886605467,0.1762965519383954,0.1942507917233203
2016-02-15,0.21439334747674016,0.20206796623138867,0.2034890160965282,0.19821494686732138,0.19848060208112656,0.19817238849375024,0.20206796623138865,0.17524284448969252,0.1753008671163748,0.17501243091116794,0.1927543186033331
2016-02-16,0.21315083544236205,0.20128605830042673,0.20322719993631538,0.1975766002548007,0.19783442962110692,0.1975297211601333,0.2012860583004267,0.17523666594406315,0.1752207325426845,0.17493524756878018,0.19244375029483046
2016-02-17,0.21302584522622253,0.2010424108010784,0.20301316137893943,0.19738349789663903,0.1976376451702979,0.19733701960140654,0.2010424108010784,0.17506022534437363,0.17503012640502885,0.17476157018713975,0.19215120187313825
2016-02-18,0.20997002587238933,0.19822706668847728,0.2009866285537227,0.1950284398414143,0.1952464367598525,0.19498205684672998,0.19822706668847725,0.1739538101534912,0.17391847531631482,0.17377136566094412,0.18960466169816168
2016-02-19,0.20869749532068563,0.19732213151162384,0.20058195686074085,0.19431884955784723,0.19451808492373146,0.19427361235988566,0.1973221315116238,0.17386488751759543,0.17382404596618892,0.17367896298143773,0.1889818927006295
2016-02-22,0.20975868023302482,0.19819371348334164,0.20120190553621053,0.195210276705976,0.19540996554059276,0.19517318792589797,0.1981937134833416,0.17424720033942223,0.17421273217951103,0.17406931895563657,0.18962161423162519
2016-02-23,0.2077445027795243,0.19623757958534016,0.1977724236291749,0.19311657600580565,0.19333543527708316,0.19307260212476723,0.19623757958534013,0.172412684646232,0.1724916993879523,0.17230322599054115,0.1877587962703426
2016-02-24,0.20773333126323515,0.1963251730259327,0.19855090684847843,0.1925491227698848,0.19282886322970638,0.19249771114816627,0.1963251730259327,0.17148116129894342,0.17159487672086868,0.17135060919832817,0.18804698386179478
2016-02-25,0.18964797495243713,0.1786201360078844,0.17917581928136492,0.17515924769602761,0.17543178462494746,0.17508399557645246,0.1786201360078844,0.15849755948899702,0.15837456738334843,0.15834339440228498,0.17091488528685614
2016-02-26,0.1888073941938704,0.1779778152510014,0.17855576010230204,0.17442970005254996,0.1747176498030123,0.17435397244369966,0.17797781525100137,0.1582520744542377,0.15808062896772213,0.158080169885673,0.17041126945799928
2016-02-29,0.18670139000532351,0.1757851178237616,0.17562877596548826,0.17317600495448318,0.1733829985956971,0.17310339986335965,0.17578511782376158,0.158896287789073,0.1585800541093445,0.1586283414985789,0.16829247854954554
2016-03-01,0.18556909950854703,0.17482779090218348,0.17436612627510895,0.172284858817721,0.17249202794364468,0.1722016210975604,0.17482779090218345,0.15855216694418564,0.1583007899365272,0.15828356359187745,0.1674998590317761
2016-03-02,0.18065028299599148,0.16997804426099244,0.1694405303143657,0.1675055654908263,0.16769041821255912,0.167428247281182,0.16997804426099242,0.15477928019835066,0.15467127176478654,0.15446729485795033,0.16290141940942487
2016-03-03,0.1796983853988258,0.16917312836215917,0.16835562879746635,0.1669471092351997,0.167104882894739,0.1668808410642167,0.16917312836215914,0.1543835377626258,0.15422421517795445,0.1540808629407467,0.16219974724812353
2016-03-04,0.17961811367108,0.16910047475493983,0.16833827011334737,0.16679911157081626,0.16696371782264643,0.16672576998566838,0.1691004747549398,0.15433497700601753,0.15415255516078916,0.15398855167715492,0.16214772202515768
2016-03-07,0.17814953069783646,0.16777459369257985,0.16708763343804636,0.16542074198626894,0.16558536309583588,0.16533926907348345,0.16777459369257983,0.15352496616101804,0.15338254172973667,0.15318294776111996,0.1609402510769746
2016-03-08,0.17827914899820735,0.16802522400782147,0.16765268913230796,0.16551556127588973,0.16569623461353378,0.16543445602581072,0.16802522400782147,0.15369573169900408,0.153592654653151,0.15342428519527,0.16144077379456714
2016-03-09,0.17830932567383395,0.16787994553036728,0.16758192144668052,0.16511032105373089,0.1653158859391543,0.16502710136275706,0.16787994553036725,0.1529433200844617,0.15280660624991177,0.15267061456560438,0.16121623905311616
2016-03-10,0.1747108153125908,0.16506518479554594,0.16364590293428916,0.1627361918766473,0.16292077764077706,0.16265866453896097,0.1650651847955459,0.15215367918226572,0.1520350010784819,0.1518912888797692,0.1591354086887218
2016-03-11,0.17391827730098666,0.1644091721710432,0.1630358385636321,0.16230000698095975,0.162459668958751,0.16222795144747792,0.16440917217104317,0.1519939906685123,0.1518760572781349,0.1517863222682614,0.1586090142615608
2016-03-14,0.1739130943014903,0.16441494244594015,0.16305071956620104,0.16229899983395715,0.16245902784391403,0.1622270286047208,0.16441494244594013,0.15195410150436758,0.15184577837772567,0.15175266301767343,0.15864289255049543
2016-03-15,0.1730705522851261,0.16352084144492135,0.16212361376711365,0.1614692176710722,0.16161982999934701,0.16140412922341224,0.16352084144492132,0.15120741064132392,0.15109429652495573,0.15099924371631,0.1577820434845936
2016-03-16,0.17269996338893961,0.16317884155100573,0.1620086500126816,0.16106104773678973,0.16121166675526183,0.16098804526204635,0.16317884155100573,0.1510641594943225,0.15093188934931387,0.15085032884342497,0.15743821034813185
2016-03-17,0.17280743418687186,0.16315570424332046,0.16198773633995875,0.160903687634864,0.16106652926206133,0.16083175301694919,0.16315570424332043,0.15006551411463429,0.14994678382387375,0.14982886555187244,0.15731146658303294
2016-03-18,0.17307516625759092,0.16329582806372386,0.1620830154803475,0.16114848689210048,0.1612928502586324,0.16107413234427417,0.16329582806372384,0.1499850157919993,0.1498732093352344,0.1497390979839404,0.15734338560587288
2016-03-21,0.1731093795229567,0.16331354190391345,0.16215696580498137,0.16111534252137572,0.1612654411021351,0.16103902260491243,0.16331354190391342,0.1499804046874805,0.14987539022402022,0.14974306150527533,0.157332649954672
2016-03-22,0.17271017732964275,0.1629418851072334,0.1616698272218856,0.16074495323469012,0.16089725417393416,0.1606702570721293,0.16294188510723337,0.14982738005303028,0.14971917496462744,0.14959814472608338,0.15698115189720413
2016-03-23,0.17101908182171144,0.16103121149509417,0.15979071453685886,0.1586632068508859,0.1588240445871174,0.1585929894329013,0.16103121149509414,0.1460239587716476,0.14590762914413322,0.14579027044974976,0.15480642874077008
2016-03-24,0.17144067478758424,0.1613532544034738,0.1600475329921081,0.15890607193817258,0.1590747645194191,0.15883543051472818,0.1613532544034738,0.14610102840314843,0.14599771828976904,0.14585326210620814,0.1550568541231952
2016-03-25,0.17143001238421549,0.1612865604242723,0.15995611648978109,0.15884761059175398,0.15901086084270882,0.15877675416637585,0.16128656042427228,0.14573617720415857,0.14563355766683989,0.14549187798711136,0.15492485911410994
2016-03-28,0.17137811567883376,0.1612882029132683,0.15980101557763549,0.1589243427800171,0.15907188199785233,0.15884836741792416,0.16128820291326829,0.14591635695614383,0.1458255308152831,0.14564283740615502,0.15496052766997787
2016-03-29,0.1724328329695763,0.16217075703053435,0.16055310561454347,0.1596690241336836,0.159837861588272,0.1596032142532656,0.16217075703053432,0.14628258882307293,0.14619703315784868,0.1460325815150773,0.1556736543027315
2016-03-30,0.1714074955866316,0.1613820038054566,0.1602978939845489,0.15896425216802357,0.15913200936851402,0.15889694386215486,0.16138200380545656,0.14647957029638564,0.14637572805446342,0.14621029676725822,0.15517279580678736
2016-03-31,0.17176117569563976,0.16141039040357502,0.15984562864963137,0.158804424417846,0.15898907291206002,0.15874146427021332,0.161410390403575,0.14590928288560678,0.14580066728627683,0.14564271549187705,0.1549389564091246
2016-04-01,0.17189479318983303,0.16154688759972788,0.1598771800375204,0.15891266555000283,0.15910211209552183,0.15885165121115766,0.16154688759972785,0.14606333169806318,0.1459456193154946,0.14578870305364075,0.15506928491253025
2016-04-04,0.17179331011538182,0.16142492467060965,0.15963230450499413,0.15880807511766998,0.15899524078358396,0.1587463214035837,0.16142492467060962,0.145950662761676,0.14583240463595937,0.1456764975245208,0.1549629364079027
2016-04-05,0.17199920254146187,0.16157492060227385,0.15959986709274931,0.15890888616194362,0.15910155345123805,0.15884769830038628,0.16157492060227382,0.1459533483394261,0.1458356602546481,0.1456788317577025,0.15505523979129984
2016-04-06,0.17178949043666264,0.1613939770621348,0.1588316145186345,0.15879448337739638,0.1589824711054552,0.158733340679027,0.1613939770621348,0.1458239224443512,0.14571196950859705,0.1455282126663488,0.15490446549169243
2016-04-07,0.16800508173496545,0.15818045207932938,0.15649192270765563,0.1557037580239012,0.15589206393496147,0.15564388377237606,0.15818045207932935,0.14374048937959608,0.14366692563576663,0.1434749616861252,0.15221325851537032
2016-04-08,0.16796779571505044,0.1581720158691483,0.15662415353582684,0.1557255342166508,0.15591250187503386,0.15566388868524456,0.15817201586914828,0.1438104232130563,0.14375943077762543,0.14352666527893898,0.1522427970986314
2016-04-11,0.1668742328413102,0.15719366727731185,0.15496669656217665,0.15552290827037266,0.15555824612068636,0.15543658725453702,0.15719366727731182,0.14282060190355367,0.1427978719904897,0.14253504949558107,0.15118989341804243
2016-04-12,0.16685461053674558,0.15720404534327423,0.15499065839974657,0.15552283926741053,0.15555378964991576,0.15543570753243274,0.1572040453432742,0.1424202661180701,0.1423886348998941,0.14213419899822333,0.15114894638829793
2016-04-13,0.16661432642837778,0.15724139683592572,0.15510449218521763,0.15560720099305045,0.15563702275982155,0.15551908626313518,0.1572413968359257,0.14239743997177456,0.14237380970098873,0.14210895171046675,0.15128925572341095
2016-04-14,0.16657720233471643,0.1571931795974063,0.1550785063770984,0.15556262870232698,0.15559227567947487,0.15547461696366857,0.15719317959740628,0.14238161767592647,0.14235729295880672,0.14209294995934912,0.15122124863523695
2016-04-15,0.1665175060220321,0.15719063314983087,0.1550793975680696,0.15555906755684668,0.15558838686701476,0.15547099865774697,0.15719063314983084,0.1422833353549553,0.14224455130528374,0.14198775604248406,0.1512144640566605
2016-04-19,0.1679883243660875,0.1586305966396414,0.15620675388672756,0.15757785895326853,0.15751982407433743,0.1574708448310564,0.15863059663964138,0.1437876919799978,0.14380118657608523,0.1435027797222548,0.15260508755777005
2016-04-20,0.16799867861195364,0.1585686327401893,0.1560479754367366,0.1574954282839555,0.15743651736708242,0.15738900855659912,0.15856863274018929,0.143320085009181,0.1433362760782465,0.14302579877099045,0.15245971775154854
2016-04-21,0.1689632575582102,0.15928187733182336,0.15648014640270122,0.15829709659935468,0.15822845460009258,0.15819080978304492,0.15928187733182333,0.14388335784974238,0.1438647934608242,0.14356483085465835,0.15301000497689302
2016-04-22,0.17383576117663366,0.1637821844471007,0.1612616667059431,0.16363501459646507,0.16342842714564068,0.16350524072291295,0.16378218444710066,0.1479174371467329,0.1479021928018032,0.14765593612753766,0.1572060987998965
2016-04-25,0.1738026229176231,0.1635836755695826,0.16111145168183993,0.16343222237126076,0.16320459321540653,0.163297938397448,0.1635836755695826,0.14834335380027147,0.14829244734824984,0.14808329290929617,0.15684402038812664
2016-04-26,0.17367357915635323,0.16333021974972287,0.16070531297908952,0.16328641288480245,0.16303488744956815,0.163148142184658,0.16333021974972284,0.14827881817290695,0.1481771929398172,0.14801297771252694,0.1564736616437841
2016-04-27,0.1737296133374699,0.16335395549716197,0.16073679324654253,0.16335179595736476,0.16308548122192754,0.16321067377894358,0.16335395549716195,0.1482767589028935,0.1481859623883284,0.14801996470745796,0.15626096056725608
2016-04-28,0.1736939077161799,0.16333458140331786,0.16073518610027637,0.1633738495790157,0.16309822835380003,0.1632305801927304,0.16333458140331783,0.1482871036959862,0.14819816860138948,0.14803024592074215,0.15625623645737713
2016-04-29,0.17463131592347902,0.16410030182797558,0.16162933364991133,0.1641101999185369,0.16384276518843172,0.16397216949552473,0.16410030182797555,0.14893753054364026,0.14883428967307613,0.14868025460955756,0.1568756375930653
2016-05-04,0.17449083687033534,0.16404007390331868,0.1615797227161498,0.1640294139255813,0.16375984831188384,0.16389123110264353,0.16404007390331865,0.1489935594260549,0.14888890421673598,0.14873828147034202,0.15685207889783645
2016-05-05,0.17277742606429175,0.1621766814555436,0.15997455073641392,0.16204988709176427,0.1617772254700323,0.16191671655949916,0.1621766814555436,0.14808511005420263,0.14787912563919162,0.1477968874495399,0.15478016693619703
2016-05-06,0.1729655769942917,0.16240890709697745,0.15986968664911028,0.16234387516831128,0.162060950848125,0.16221008172052706,0.16240890709697742,0.1482024452442269,0.14795614451097322,0.14791281135508205,0.15503094813368534
2016-05-09,0.172599776972795,0.16203983857497717,0.15946084242423383,0.16188668974399836,0.16160686126397678,0.1617546255073682,0.16203983857497714,0.1479096409172218,0.14763758496541587,0.14761870838732274,0.15464982137666586
2016-05-10,0.1711771310513661,0.16029493750732912,0.15741539596211465,0.1602153306813343,0.15992671278312398,0.16008319571982066,0.1602949375073291,0.1440206886053106,0.14370433044100794,0.14365704970635781,0.15240961510003304
2016-05-11,0.17186156150654547,0.1609497946127668,0.15788087318847818,0.16107241284776155,0.16075507735848704,0.1609380124500384,0.16094979461276676,0.14502855331944234,0.14465009854489871,0.14466692862668123,0.15304371669026812
2016-05-12,0.17170952971863426,0.16080636990831326,0.1581366211700463,0.16101836847083864,0.16069033234715444,0.16088277067227497,0.16080636990831323,0.14508529020492422,0.1447163287071176,0.1447083507927687,0.15290633558631433
2016-05-13,0.17143254886380166,0.16056913268339215,0.15786274217314775,0.16079727822280113,0.16046594184324794,0.16066379309566323,0.16056913268339215,0.14502781233547712,0.14461666081703364,0.1446584458724564,0.1526703309953179
2016-05-16,0.17181768126520466,0.16087580647172156,0.1579298582746487,0.16113865343264025,0.1607991712423275,0.16100699313512687,0.16087580647172156,0.1451694449840748,0.14481987193157503,0.14481314642072418,0.15289233510134842
2016-05-17,0.1726513190296947,0.16129448400980997,0.1578651772073363,0.16143183788147833,0.16111481332645364,0.16130907581860995,0.16129448400980995,0.14535222890248412,0.14491052304877472,0.14499427409643667,0.15302811498829996
2016-05-18,0.1726118155252586,0.1612155581790149,0.15775970055593497,0.16135821710086856,0.16104241287187296,0.1612369150942598,0.16121555817901487,0.14538035426731252,0.14490774743970086,0.1450085557252274,0.15292546560875897
2016-05-19,0.1726993380729362,0.16118331977514713,0.15737130517866718,0.16141388771937734,0.1610918645819806,0.16129720123249647,0.1611833197751471,0.14460853381663763,0.14417362112032822,0.1442338935903629,0.15277039184546579
2016-05-20,0.1725677549908827,0.16055256353498096,0.1567918041790504,0.16081329337739883,0.16047841730608187,0.16069515882502333,0.16055256353498093,0.1427544260558893,0.14220670765780485,0.14231866874143684,0.1516685221758508
2016-05-23,0.17247145396189068,0.16033614249804987,0.15692757583233102,0.16062564332929136,0.1602872800032205,0.16050671386765375,0.16033614249804984,0.14243491373982095,0.1418511063356945,0.14199364477998838,0.1512937006487687
2016-05-24,0.17218465690375767,0.16004056569091824,0.1567401310800944,0.16027416036392242,0.1599396916670722,0.16015330632342956,0.1600405656909182,0.14177051802709772,0.14121059984518733,0.14125713595675474,0.15100785414924917
2016-05-25,0.1722707916888803,0.16016289080814977,0.15709418754371696,0.16045397668639683,0.1601081727022401,0.1603320243662865,0.16016289080814974,0.14222370582080057,0.14158770705997403,0.14169554305618617,0.1511508825784721
2016-05-26,0.17312540589006142,0.16080136166987768,0.1573216096295317,0.16107282273342055,0.16073073856709505,0.16095555245464557,0.16080136166987766,0.14233758581470077,0.14175617944769262,0.1418130301063315,0.15156930670235214
2016-05-27,0.17368216481765714,0.16151901561004767,0.15792823761045233,0.16182121176785877,0.16147199742988638,0.16170464928588185,0.16151901561004764,0.14340341287507608,0.14278079023418871,0.14288786774261464,0.15240159816431617
2016-05-30,0.17411176785351218,0.16189582972519675,0.15841430407695567,0.16196518262787712,0.16165215179722345,0.1618472809027032,0.16189582972519673,0.14277837096862553,0.14226924659527376,0.14225776700165843,0.15273043199584263
2016-05-31,0.17367763275323245,0.16138179651182252,0.1579764622703729,0.16139948200871246,0.16109003749376052,0.16128348623291305,0.1613817965118225,0.14205742873648347,0.14156656921587066,0.14153003705596096,0.15220580632976677
2016-06-01,0.17364028777620027,0.16132559897853643,0.1579129510384368,0.16136040616493713,0.16104896258566098,0.16124348565715638,0.1613255989785364,0.14200502139160937,0.14152436602324145,0.14146752446680147,0.152145646976333
2016-06-02,0.17330404557477497,0.16097056057521,0.15757768817304119,0.1609102775838053,0.16060619666199485,0.16079814048483754,0.16097056057521,0.14154192495707862,0.14101636828060196,0.14103645574567722,0.1518059265245811
2016-06-03,0.17198937109113366,0.15983136122235994,0.15667248660300545,0.15981400771336682,0.15950255633927019,0.1597010763627319,0.1598313612223599,0.14115349861729928,0.14060769033320764,0.14065904762254589,0.15080219322843846
2016-06-06,0.16972626664689974,0.15805825478585978,0.15489527278070092,0.15824634507230034,0.1579098783212516,0.15813391866280624,0.15805825478585978,0.14126601916405024,0.14056844446195732,0.14072871760624503,0.14955879392083174
2016-06-07,0.169791220634986,0.15817264544556825,0.15496116804990914,0.15838139896744036,0.15804408708322695,0.1582688932886592,0.15817264544556822,0.14162203153244338,0.14089290978052002,0.1410551361062215,0.1497037386598832
2016-06-08,0.16986463650849543,0.1582205845931578,0.15494233640390126,0.15844210762948008,0.15810115769012575,0.15833080763209348,0.15822058459315777,0.14171409671906413,0.1410006985397637,0.14117550635225737,0.14975294696263095
2016-06-09,0.1699034567547178,0.15823080236149936,0.15498640505133673,0.15844287009860805,0.15810276647260926,0.1583317591716925,0.15823080236149933,0.141735855474227,0.14101147681138712,0.14119012580295195,0.14975387350388622
2016-06-10,0.16977836350976505,0.15808505349427568,0.15488899998848277,0.15830774717085574,0.15796461579347748,0.15819961323952295,0.15808505349427565,0.14162069637466393,0.14090617083258128,0.14109487661180306,0.14959314818410843
2016-06-13,0.16871984524270467,0.15715693720195206,0.15436701278765846,0.15730590399175334,0.15698136322814596,0.15720059316055204,0.15715693720195203,0.1412275519484405,0.14044708647657,0.14069456497927407,0.14883290903452634
2016-06-14,0.16657811719485166,0.15540046268613966,0.1529900227848422,0.15583871928786203,0.15546585622590867,0.15573117153091726,0.15540046268613963,0.14104111107067055,0.14015118604134935,0.14046821840015872,0.14746310861809728
2016-06-15,0.16478279279150446,0.15346517145737257,0.15089307042831365,0.15394625228290845,0.15356552595473902,0.15383614964722042,0.15346517145737257,0.13986930163176547,0.13885053928239013,0.1393150823950093,0.14550919014167946
2016-06-16,0.16459519506760975,0.15329127368749976,0.1509231365637374,0.15374867208974943,0.15337385249160734,0.15363926136863246,0.15329127368749976,0.1397025264256807,0.13872117321884744,0.13916074646314366,0.1453373812507061
2016-06-17,0.16521100551751008,0.15358841328176093,0.15261305836264466,0.15396965538881616,0.15361097583040348,0.15386512270541552,0.1535884132817609,0.13969249800469336,0.13873045717624305,0.13915252390379654,0.14544837908678718
2016-06-20,0.1663546146121405,0.15516800252785962,0.1538895020598398,0.155373533319146,0.15502287004571602,0.15526231517172948,0.1551680025278596,0.14107943461108124,0.13991902421645558,0.14043727381377746,0.147279585889779
2016-06-21,0.16613682355848255,0.15499877769083578,0.15383341495925468,0.1552687860806847,0.15491384605715536,0.15515658474916824,0.15499877769083578,0.1411153374875772,0.13991814190036667,0.14045837533255262,0.14716957441014686
2016-06-22,0.16611372794438264,0.15506556677385652,0.15379489079368883,0.15537072506152672,0.15501643618123984,0.15525794283098093,0.1550655667738565,0.14124357513474814,0.1400559602579776,0.14057839318164012,0.1473006942467599
2016-06-23,0.16601177920201496,0.15506798954018927,0.15383395795847069,0.15567769144729562,0.15527739508925428,0.15555432419361578,0.15506798954018927,0.14140641538974766,0.14015569807549938,0.14069951454260424,0.14731352360191524
2016-06-24,0.1662766769724101,0.15617398894473333,0.15613712829765364,0.1568561135048069,0.15654531660711682,0.15673878144967202,0.15617398894473333,0.1414340201132635,0.140346621498718,0.14065636274226842,0.14906552693462222
2016-06-27,0.16628849860815756,0.1560805407840599,0.15622671392218018,0.15636764589230734,0.15611016615538567,0.15626180854359065,0.15608054078405986,0.14122976064029596,0.14022508243849055,0.14052438442843412,0.14880416776863967
2016-06-28,0.1663068256574467,0.15608029739559315,0.15629324999458571,0.15638051215750048,0.1561201333567249,0.15627378311125226,0.15608029739559312,0.14122215014514358,0.14021108265336135,0.14051019097203193,0.14879774522305272
2016-06-29,0.1670089305198256,0.15681137535632853,0.15735286029254852,0.1570777543921274,0.1568254929645637,0.1569695263736044,0.1568113753563285,0.14167635815945526,0.14067809462718556,0.140956255417966,0.149559227398561
2016-06-30,0.16704820888173824,0.15685591850485656,0.15740290609263424,0.15710383414847234,0.1568458372572187,0.15699368076616763,0.15685591850485653,0.1419217310287511,0.14074075726496524,0.14116005275355206,0.14956827100628986
2016-07-01,0.16732374383568285,0.15674831236960163,0.1579055177595625,0.15626752085522838,0.15610591847998365,0.15616549436430824,0.15674831236960163,0.14124947946892788,0.1400488024632618,0.14047285215726016,0.14885748107621785
2016-07-04,0.1676368202318435,0.15686999771065432,0.15815121663589704,0.15530415064736294,0.1552948075407898,0.1552078859385671,0.1568699977106543,0.14036005432438084,0.13916563246506394,0.13952837515195338,0.14849449872415132
2016-07-05,0.16735294672551648,0.15687001242564885,0.15844792652504938,0.1554734474740053,0.1554651224290096,0.15537555686002524,0.15687001242564882,0.14033912449600014,0.13920173703925132,0.13954281938201454,0.14864606592439902
2016-07-06,0.16704457288404215,0.1566836502096383,0.15783181356476988,0.15540876450203966,0.15539110728312644,0.15531040106573507,0.1566836502096383,0.14028300674750838,0.13914659178847966,0.13947643283800307,0.14855499482284787
2016-07-07,0.16847774151489853,0.1581220272442685,0.15945559591641867,0.15688515816082801,0.156842625557172,0.15677715825311286,0.1581220272442685,0.14026121155037183,0.13918074363178923,0.13940354401841853,0.1498796657784167
2016-07-08,0.16768068415304316,0.1570659721473483,0.15872156174957744,0.15551839789752656,0.15550767993794123,0.15541619041482638,0.15706597214734827,0.13875463352119916,0.13787451137529366,0.13800180380948932,0.14855993583755997
2016-07-11,0.1671449619063048,0.15653480796944635,0.15822282380744138,0.1549776849315628,0.1549886227501335,0.15488050317108257,0.15653480796944633,0.13829042428910582,0.13741443940155373,0.13755421679649119,0.14801670946072576
2016-07-12,0.16709147201512736,0.156374268446714,0.15795837077240393,0.15467408303199714,0.15470449223836202,0.15458241522362146,0.15637426844671398,0.1381485362391942,0.1372622561642783,0.13741263247537577,0.14773885782502652
2016-07-13,0.1688439948516767,0.1582655030146297,0.1602551461016412,0.15655041207726733,0.15663910514934082,0.15649228402400886,0.15826550301462966,0.13767925327684097,0.13707489390471886,0.13714928807262633,0.1496377411112187
2016-07-14,0.16838634652317006,0.15760221536514607,0.15982357333271496,0.15581024608031616,0.15592275304468045,0.15574668365333716,0.15760221536514604,0.13754311876239117,0.13688468623700123,0.13699893400801172,0.1488217612427599
2016-07-15,0.1681185614551176,0.15745732115492647,0.15961943986721774,0.15560932289960186,0.15572811455843266,0.1555493117204193,0.15745732115492644,0.13739368343091168,0.13673832845609932,0.1368630637170785,0.1487254488832081
2016-07-18,0.16786313803816116,0.15720386398024713,0.15958645372724023,0.15545514277962388,0.15555699174996002,0.15539487674402394,0.1572038639802471,0.13740058512514078,0.13668446047084948,0.1368384750700832,0.14848645651604092
2016-07-19,0.1684076248434181,0.1578191087760278,0.1603339574897273,0.1561591178228792,0.1562375385960299,0.15609631710803273,0.15781910877602778,0.1389021473538862,0.13778903119515248,0.1382999203637299,0.14922081574145044
2016-07-20,0.1687933051322218,0.1576974540680792,0.16073711987663344,0.15603573780689028,0.15608746830832873,0.15597573049177416,0.15769745406807917,0.13840457605890658,0.13700173335554713,0.13772203318097206,0.1487837307322596
2016-07-21,0.1657217479659907,0.1552892566443037,0.1586266848788679,0.15270947569620696,0.1529370300308906,0.15267878494771792,0.15528925664430368,0.13620878670068123,0.13495494365863123,0.13548783298383787,0.14701662115135397
2016-07-22,0.1582482682596817,0.14742478761889585,0.15121901381180097,0.14595649357719512,0.1460062685715315,0.1459123412090408,0.14742478761889583,0.1297698076573439,0.1284221480867797,0.12911678854512426,0.13884485306582603
2016-07-25,0.15584414676837402,0.1453973486260315,0.14870552674867024,0.14442056695128597,0.1444070198150611,0.14436247624881204,0.14539734862603146,0.1295259687529181,0.12820479538135987,0.1288444994497544,0.13708353799159667
2016-07-26,0.15487515357032547,0.14445402287749276,0.14797471359413852,0.14370351046545868,0.14364470488664416,0.143636317613183,0.14445402287749273,0.1290389568723268,0.12769850861333115,0.12838197596281017,0.13621331650424612
2016-07-27,0.15384796128596456,0.14354734626163881,0.14722210702031632,0.14286899539891687,0.14281090957551434,0.14279935322108941,0.1435473462616388,0.12868930655158892,0.12740086255508554,0.1280350670394431,0.13546866573789904
2016-07-28,0.1537640528089779,0.143446041965874,0.14719195958938178,0.14263422825470287,0.1425828435941486,0.14256564787189793,0.143446041965874,0.12699367236871187,0.12582243872891602,0.1263215796074572,0.13537472951024396
2016-07-29,0.13607861627292475,0.12516343938153035,0.13047931545669766,0.12524114702544917,0.12503720279933322,0.1251567452824393,0.12516343938153035,0.111893616757672,0.11008769778750116,0.11101928581619512,0.1169964120761584
2016-08-01,0.13573101731697132,0.12504458152800624,0.13027299543799487,0.12532728768194254,0.1250860125029948,0.12525122160088087,0.12504458152800624,0.1123946229993258,0.11061013022128703,0.11153226888242163,0.11699627576646211
2016-08-02,0.1389898348665731,0.12847306646092505,0.13348489128915028,0.12914945313000348,0.12881119628215548,0.12906477077354,0.12847306646092505,0.11648783852998279,0.11450639537782936,0.11554932022920572,0.12036260484084768
2016-08-03,0.13904073146436022,0.1284506566595923,0.13328237731044035,0.12916241673991372,0.12882791043855116,0.12908241772228848,0.1284506566595923,0.11650858854897815,0.11452092174071547,0.11556952198195515,0.12031367367413584
2016-08-04,0.13819777579894146,0.12753957836487026,0.13277030316077804,0.12840229655445012,0.1280289888664833,0.12832523589690725,0.12753957836487026,0.1153889267853894,0.11340235780595803,0.11451258390231928,0.11940108675585863
2016-08-05,0.13716710934610335,0.12640126925789555,0.13207461301387013,0.12693829237058515,0.12660988021226371,0.12687766447042045,0.12640126925789555,0.11285479404738465,0.11101428705233865,0.1120242079881231,0.11818395739366756
2016-08-08,0.13707215403314912,0.12638409719500965,0.13215181611933935,0.12684085779359747,0.12652616858235669,0.12677812455773468,0.12638409719500962,0.11257215307181541,0.11087610660473293,0.11176061758456944,0.11824620258051864
2016-08-09,0.13712275579010944,0.1264060310256705,0.13222220631903536,0.12669252982389506,0.12640537319581147,0.12662809870333414,0.1264060310256705,0.1115581660160134,0.1100728730069641,0.11080654357514914,0.11824901014742142
2016-08-10,0.13870214485329949,0.12767328671790146,0.133560924798574,0.1274406568787478,0.1272324099274539,0.12739241274212765,0.12767328671790143,0.11139189672900608,0.10994892670389173,0.11061430519532588,0.11917932625428429
2016-08-11,0.1406398132805168,0.12940789677870754,0.13518058616479037,0.12925680412651203,0.1290327378668659,0.12921034031882137,0.1294078967787075,0.1130032696220736,0.11147182167167964,0.11226357211990326,0.12066707014441679
2016-08-12,0.1408943226696114,0.12966214632171819,0.13543118625490838,0.12935781202383217,0.12916209665020192,0.12931620961903567,0.12966214632171819,0.11295904616863264,0.11142227948978053,0.11221721321458653,0.12090380744620735
2016-08-15,0.1405982343924042,0.1292870644057338,0.13491983050027084,0.1290464831849499,0.1288371800744368,0.12900733173030388,0.12928706440573376,0.11259603719906983,0.11108821223921919,0.11188518846104072,0.12044082019761111
2016-08-16,0.14025194489053674,0.12902141068328507,0.13461239164872546,0.12881406240035553,0.1286002340662708,0.1287752283267341,0.12902141068328507,0.11266724816714287,0.1111568866861168,0.11197148676139816,0.12022351534582029
2016-08-17,0.1395276431759839,0.12848138064677428,0.13409076441629664,0.12842709491871335,0.12818944218593797,0.12838677133322643,0.12848138064677425,0.11281946281566287,0.11125045735687564,0.11210349942098305,0.11986581968979737
2016-08-18,0.13965312502975047,0.12849730991429645,0.1341087835340271,0.12835065264430698,0.12812714477422033,0.12830911664966832,0.12849730991429645,0.11319919046052988,0.11146347452255943,0.11249963254400251,0.11986054474414447
2016-08-19,0.13844945533201505,0.12745831492785453,0.13325337383671007,0.1273951439160962,0.127152910336314,0.12733936093838963,0.12745831492785453,0.1129173746068355,0.11115269713061404,0.1121669618349072,0.11906223561996511
2016-08-22,0.1388737151893775,0.1280020566171832,0.13372736203992056,0.12812040297455737,0.1278528530884683,0.1280654115067553,0.12800205661718317,0.11412695539829039,0.1123527294825293,0.11334865497437345,0.11967189268483487
2016-08-23,0.13700188930071946,0.12593294709395875,0.13056405165038137,0.1270048196395204,0.12664393673609428,0.1269493339491384,0.12593294709395872,0.11381787112077035,0.11197582625680842,0.11305962520900828,0.11725759497595219
2016-08-24,0.13646481022514226,0.1253609027089827,0.13011857482339323,0.1264570101960268,0.1260881098892217,0.1263993561544403,0.12536090270898267,0.1128915497111066,0.11105779240883598,0.11218038918548613,0.11666498770047952
2016-08-25,0.13627710730631257,0.12520462678814018,0.12996549882918476,0.12633695538928538,0.1259608371589753,0.1262769548464234,0.12520462678814015,0.11295355944307985,0.11113276711568519,0.11229403661453706,0.11661933088232107
2016-08-26,0.1353860559343588,0.12416042187528104,0.12897843096112827,0.12486827185887703,0.1245495651089703,0.124809944989697,0.12416042187528104,0.11079910166267817,0.10917952843619527,0.11034130225662318,0.11543703787425541
2016-08-29,0.13533344008172923,0.12405105899341477,0.1289466998396213,0.12478774568186628,0.12445953840431832,0.12472944872944214,0.12405105899341475,0.11103143123747428,0.10919217350607083,0.11054172829505418,0.11533643225369132
2016-08-30,0.13402515054764483,0.12312632560161063,0.12824473186422436,0.12396566882756863,0.123627149699847,0.12389874953026517,0.12312632560161062,0.11119672308651113,0.10929044120893935,0.11070128049339566,0.11478421392255245
2016-08-31,0.13402601058804445,0.1231419937338293,0.12825701822252228,0.1239602129868117,0.12362585797690183,0.12389318624889956,0.12314199373382928,0.11165110301699435,0.1096170286202545,0.11115713794846856,0.11486292510512969
2016-09-01,0.1347188279938715,0.12371584935617992,0.12875470723648888,0.12461016356759651,0.12426339615878147,0.12454375205175085,0.12371584935617991,0.11199431977075057,0.1099950194084476,0.11150795041368959,0.11526863930972794
2016-09-05,0.1354301958508061,0.12441865487338503,0.12966971034446198,0.12524586917074906,0.12491215403792102,0.12518454724006525,0.124418654873385,0.11243296519969816,0.11043234704305813,0.11191010980727392,0.11590422283684147
2016-09-06,0.1352168673762257,0.1240278913434559,0.12887751150987015,0.1250780323624843,0.12472114746202305,0.12501644130008796,0.12402789134345588,0.11218387929454914,0.11014083349775033,0.11157338291987275,0.11516252324207829
2016-09-07,0.13505349285989865,0.12401696856707971,0.12894699582526542,0.12515608972278755,0.1247860152146951,0.12509339481900372,0.1240169685670797,0.11242913111721997,0.110294878774104,0.11177990068670864,0.11518742783256466
2016-09-08,0.13521828910968434,0.12431564198176272,0.12953683800688234,0.12548148252637387,0.1251131469610011,0.12542607835066288,0.12431564198176269,0.11296679429903618,0.11088719552431625,0.1123872477427241,0.11558275502809787
2016-09-09,0.1352096506568125,0.1243195719958511,0.129663189425774,0.12541522649286155,0.12506215292098638,0.12536032780333958,0.12431957199585107,0.11314859630923862,0.11105422732113499,0.11253544244910745,0.11562143790008553
2016-09-12,0.13617178960352963,0.12504436180527864,0.1311482935722321,0.1261897941641887,0.1258362269335296,0.12614949343915427,0.12504436180527864,0.11371889173592256,0.11165155674587905,0.11315115894809899,0.11613762096346757
2016-09-13,0.13582571289021222,0.12481591966580191,0.1311658103049651,0.12585656903517592,0.12551680611379704,0.1258147278389245,0.1248159196658019,0.11364291326761453,0.11155953938520403,0.11308385589061358,0.11599053290453731
2016-09-14,0.13635875230253666,0.1253179899879971,0.13187821104940542,0.12631218837543495,0.1259749845359863,0.12627332147216264,0.12531798998799706,0.11382653373945881,0.11183255924464157,0.11328731016777951,0.11647606816293818
2016-09-15,0.13640537021803262,0.12539753478288415,0.13217078696305906,0.1264736884553674,0.12612005313655997,0.12643851066052653,0.12539753478288415,0.11431628251476353,0.11229834289298471,0.11378444437964717,0.11658216471918333
2016-09-16,0.13691173491433134,0.12627007253875394,0.1348344617067785,0.1272551115261088,0.12692132450489144,0.1272465968068876,0.1262700725387539,0.11614376115848148,0.11402875985790854,0.11565888602687585,0.11759894454908393
2016-09-19,0.1384186194481993,0.12727924831738124,0.13634029344246398,0.1282417768936139,0.12790717888501318,0.12824684953922405,0.12727924831738122,0.1163337366188873,0.11421666143889989,0.11580063492872998,0.11808422881465308
2016-09-20,0.13858948718958283,0.12722824733704216,0.13621275937882196,0.12831926916643716,0.12796788134968312,0.12832539262368767,0.12722824733704213,0.11615179123991595,0.11404305318728275,0.11562043143364178,0.11786395287701712
2016-09-21,0.13878690149239462,0.12740121670470037,0.13641924194811048,0.12847528926487015,0.1281265351800319,0.12848386104476864,0.12740121670470034,0.11628701663288095,0.11419978923248425,0.11575305184824984,0.11804962389145832
2016-09-22,0.13825183147773942,0.12694909362014448,0.13599538257501595,0.12812206007865215,0.1277652916612083,0.12813320085116017,0.12694909362014448,0.11617094645442523,0.11405564853668662,0.11565665103851344,0.11766204262166316
2016-09-23,0.13825148249003472,0.12695574843931895,0.1360070502886028,0.12812420122997434,0.1277704735365459,0.12813622806241595,0.12695574843931892,0.11639540888581872,0.11424269057218747,0.11590902101698236,0.11768095291025032
2016-09-26,0.13821670128358965,0.12689957036371974,0.13599105478426807,0.12797297940889932,0.12763311641706102,0.12798855166601375,0.12689957036371974,0.11610140368232928,0.11394166281647793,0.11564608176957658,0.11762035411264916
2016-09-27,0.1373443218172954,0.1261842615957757,0.13543876842140085,0.1271773822234478,0.12684162107666141,0.1271938811651618,0.12618426159577567,0.11556986059013327,0.11347561078040247,0.11509931399721822,0.11707199332268134
2016-09-28,0.13737393178010718,0.12643972930269806,0.13459336704903638,0.12728181234414537,0.12696500382099912,0.1273036610371223,0.12643972930269803,0.11561634747777497,0.1137171289730945,0.11517774231491944,0.1178168609251033
2016-09-29,0.13634327635657206,0.1257894527310494,0.13457356733741932,0.12683525855207073,0.12649578011491222,0.12684984205672867,0.1257894527310494,0.11563624814188349,0.11373165037671844,0.11519488017235352,0.11748830330177926
2016-09-30,0.1360724073738901,0.12550583540042942,0.134442551312463,0.12656732388081876,0.12622508146937997,0.12658138824021037,0.12550583540042942,0.11534541782079026,0.11345490795506635,0.11491864945559772,0.11720769826861968
2016-10-03,0.13634293669193703,0.12568123652722005,0.1347983403889887,0.1266933510046349,0.12635815513223694,0.1267040476379186,0.12568123652722005,0.11530106401824307,0.11341118549579109,0.11486578682080043,0.11730182326919321
2016-10-04,0.1361870864674784,0.12561136270867243,0.13515020735006353,0.12663809074939444,0.12630142546920287,0.12664699623130082,0.1256113627086724,0.1155457409728507,0.11365701590412113,0.11511224623508483,0.11735197343721056
2016-10-05,0.13546018443089775,0.12508545596962334,0.13499326035514728,0.12604838841990726,0.12572102571946275,0.12605480462538646,0.1250854559696233,0.11530669162423313,0.11345090844470156,0.11489088823206485,0.11703056619121402
2016-10-06,0.13542467596050403,0.12501423497591505,0.13463697988862472,0.1260143412931619,0.1256825639282318,0.12602108344489893,0.12501423497591505,0.11508802947924124,0.11316259513505586,0.11466716259093053,0.11686730483881096
2016-10-07,0.13667950283037902,0.12624893021966505,0.13521826938313808,0.12711059225680754,0.12681322967886696,0.1271261181768456,0.12624893021966505,0.11612287927147844,0.11424782911877418,0.11573365884248102,0.11818891963490195
2016-10-10,0.13792241624722726,0.1273336866287181,0.13617558665165716,0.12711463566890535,0.1270017360708232,0.12717257493491688,0.1273336866287181,0.11559411537549442,0.1136811335461021,0.11527007603481489,0.1191888954009974
2016-10-11,0.13834615562210456,0.1276321280316796,0.1364452678946102,0.12747867253192446,0.12736759680979157,0.12754574031936733,0.1276321280316796,0.11583987681735952,0.11389050433763313,0.11556139456744038,0.11943307241312456
2016-10-12,0.1381192323975624,0.12738016268064598,0.13616297643651745,0.12723944608262744,0.1271268335100775,0.1273066467869978,0.12738016268064598,0.11559735563901326,0.11362596977260357,0.11532843985276024,0.11917888872708728
2016-10-13,0.13851236014123053,0.12761686126636082,0.13630087762706836,0.12750564946055418,0.12739020831259415,0.12757819568341378,0.12761686126636082,0.11566678964283691,0.11370430150825248,0.11540043768314309,0.11933456894109977
2016-10-14,0.13851061098453116,0.12760688187949976,0.1363012635622727,0.1274872934758248,0.12737334141094714,0.1275597994684772,0.12760688187949976,0.11551363053310436,0.11357294180821859,0.11524711367148321,0.1193069496056444
2016-10-17,0.13710205344612536,0.12591894638000062,0.13634721016768428,0.12513645722926464,0.1251231140251765,0.1252478623184167,0.12591894638000062,0.11382777852187191,0.11172616336461348,0.1135779893203344,0.11752857341391881
2016-10-18,0.1371700476943626,0.1259472121419663,0.13646807615289705,0.12518152994277618,0.12516540940333637,0.12529383958295304,0.1259472121419663,0.11380728426983923,0.11169441547446701,0.11356159295005062,0.11754082441483005
2016-10-19,0.138414662017866,0.12727391057488513,0.13786395940878376,0.1261082836318721,0.1261715723423587,0.1262318597447481,0.12727391057488513,0.11388372491751488,0.11216785604297823,0.11362816761229422,0.11889380284538097
2016-10-20,0.13250228476524176,0.12143296508546307,0.13260730144776756,0.11905273530515194,0.11930972169477842,0.11921954965517649,0.12143296508546307,0.10876597637777358,0.10684376899987597,0.10841236067482249,0.11312151843367477
2016-10-21,0.13252280040889206,0.12149898022192195,0.13262972454938257,0.11904251879869741,0.11933430243240815,0.1192157696224161,0.12149898022192195,0.10763392783191106,0.10571021554497034,0.10728162519605869,0.11321566988706565
2016-10-24,0.13303571228414923,0.12178532443124783,0.13296230581127602,0.11931905708120169,0.11960988316038661,0.11950246364558309,0.12178532443124783,0.10816687774299871,0.10612250337707226,0.10781559974581727,0.11340751053449771
2016-10-25,0.13213048835927177,0.12060163865494103,0.1319127938511564,0.11803942137073765,0.11835738331282172,0.11822988866914064,0.12060163865494103,0.10691641614675283,0.1048625745706353,0.10654881564989145,0.11205076587555134
2016-10-26,0.1328351962499616,0.12130264336635266,0.1325516590619359,0.11852082542702966,0.11888508195440935,0.11871781803356986,0.12130264336635266,0.10720762027541786,0.10528813095055042,0.10683654852298458,0.11275037669763237
2016-10-27,0.131602509035462,0.12025381216847103,0.13143899624006425,0.11744383451578505,0.11780532650965295,0.11763676325343318,0.12025381216847103,0.1063246833214591,0.10432466711393298,0.10595059582707017,0.11186201798441321
2016-10-28,0.13216092362618434,0.12082190076531625,0.13170587681238222,0.11789082206025055,0.11828784682779654,0.11809339453917048,0.12082190076531625,0.10629275687376101,0.10441879977190825,0.1059307720901972,0.11246757888769279
2016-10-31,0.13337119889151966,0.12157515310591832,0.13242884776611286,0.11850487574562667,0.11895095259454874,0.11872444227080557,0.12157515310591832,0.10664091715249828,0.10480542175990336,0.10629126265493269,0.11311536347966177
2016-11-01,0.13301322966316936,0.12120479978491532,0.13233158600905054,0.11807795700102415,0.11853657954863654,0.11829788192361537,0.12120479978491532,0.10646355826864351,0.10464661685910329,0.10610175920910535,0.1127631222898372
2016-11-02,0.13389836610975117,0.12198019486191135,0.13326521852978346,0.11884407951122299,0.11932616242083002,0.11906211987762617,0.12198019486191135,0.10730181795407057,0.1053426301344838,0.10683786440612289,0.11349312495539945
2016-11-03,0.1341001711623987,0.12235329272818699,0.13360094193577043,0.11918893605827711,0.11967633345175707,0.11940344723538485,0.12235329272818699,0.10771846070313972,0.1057173653339644,0.10724402983893784,0.11396537840665133
2016-11-04,0.13328607697610736,0.12151762324807505,0.13306329222142357,0.11811968278560439,0.11863601257982166,0.11833837007351859,0.12151762324807505,0.10643399467214544,0.10449646342549997,0.10596299059788593,0.11308954953569016
2016-11-07,0.13403972028449482,0.12210989046217427,0.1331936140149522,0.11848811271073578,0.11905984689410318,0.11871575370140604,0.12210989046217427,0.10665047732733327,0.10467071769203072,0.1061855578288393,0.1136676283317989
2016-11-08,0.13413762298221787,0.12213440201436493,0.13322549779191573,0.11851870445094678,0.11909290367542846,0.11874671336379564,0.12213440201436493,0.1066160102832903,0.10466765481454103,0.10614154492798474,0.11365280797076735
2016-11-09,0.1345686251472642,0.12281224401474958,0.13412857522687713,0.11916488756069539,0.11974265830547964,0.11938316326227004,0.12281224401474958,0.10778960419109042,0.10554565810560311,0.10717528377699705,0.11449941688511717
2016-11-10,0.1334337780602166,0.12212773095326426,0.13391888750982497,0.11857524415611778,0.11915339733476131,0.11878729172175741,0.12212773095326426,0.10815189480108169,0.10592049392217048,0.10749475604358837,0.11426900784058351
2016-11-11,0.13347841371820293,0.12223318983454948,0.13395107005065202,0.1186485023133259,0.11923761123657559,0.11885957113151337,0.12223318983454948,0.10809781349023935,0.10594781186216363,0.10747499594420054,0.11440018354158574
2016-11-14,0.13455226631471418,0.12312892427753111,0.13496564003180353,0.11962448590203956,0.12019715787545454,0.11982718051368299,0.12312892427753111,0.109822007361854,0.10732667066034839,0.10902532783570919,0.11532907629968088
2016-11-15,0.1338832829307768,0.12273311885992418,0.1347931822167232,0.11917665894506274,0.11976574415085281,0.11938232633298179,0.12273311885992418,0.10978531968764567,0.10724935215534655,0.10897338627001044,0.11516691780300735
2016-11-16,0.13361334028764968,0.12254571210862795,0.13410469973081732,0.1190251621938921,0.11960538578133953,0.11923043054948691,0.12254571210862795,0.10967359639557779,0.10716152213262126,0.10885966169135934,0.1150230561100797
2016-11-17,0.13371571788640468,0.12271911391238262,0.13424511885982654,0.11915355485360125,0.1197471279956867,0.11935924651506519,0.12271911391238262,0.10980108673674262,0.10734241755337055,0.1090076039553741,0.11525594105246356
2016-11-18,0.1336218446883042,0.12259076963487311,0.1338185500521197,0.11896403767805358,0.1195709581987682,0.1191719527849954,0.12259076963487311,0.10918694808672925,0.10684772562957288,0.10841900755180166,0.1150877613973963
2016-11-21,0.13233439862724478,0.12145938640287592,0.13329927763951815,0.11778736177281761,0.11841098492328865,0.11798981018273834,0.12145938640287592,0.10880906450871677,0.10636764022470786,0.10801014465180135,0.11422494545797791
2016-11-22,0.13252329959460007,0.12123671999060967,0.1330834195835663,0.11729969563936504,0.11799811796662282,0.11751908375155704,0.12123671999060967,0.1075845129383579,0.10544488847072858,0.10684671277670252,0.11386918394007389
2016-11-23,0.13207164905866017,0.12078204620246225,0.13274219689625852,0.11715954935013956,0.11778069172238853,0.11737178865012843,0.12078204620246225,0.10823605767219656,0.10560855948211133,0.1073008465554662,0.1134376821496371
2016-11-24,0.13216050085913494,0.12091324076107571,0.1328037317162926,0.11724277355831358,0.11788077556469202,0.1174603035778202,0.12091324076107571,0.1081758534119788,0.10562186755929531,0.10728109436994569,0.11359135001020002
2016-11-25,0.13242468752958292,0.12126514456640863,0.13312165273746387,0.1176200117385018,0.11825185842360866,0.1178348168906322,0.12126514456640863,0.10864619656099435,0.10612482194242256,0.10777223767051461,0.11398504827008532
2016-11-28,0.13531294392671572,0.12378154878615699,0.13596006571684086,0.12026889515209485,0.12089072669657404,0.12049910401743218,0.12378154878615699,0.11216255249059409,0.10911941754515309,0.11112389237941767,0.11631321394353931
2016-11-29,0.13601350889153682,0.1241657793216252,0.13627390323094116,0.12046181677470845,0.12111892994088422,0.12070348310006117,0.1241657793216252,0.11214499267879123,0.1090815351717299,0.11109880719338219,0.11655869483366103
2016-11-30,0.13660079078402568,0.12469823494910966,0.1373060576427947,0.12098550199299124,0.1216515286018747,0.12123570779901853,0.12469823494910966,0.11325255532462256,0.10987787315760034,0.11218847119852567,0.11710417848839076
2016-12-01,0.1364191112148261,0.12440813716637703,0.13699874658666125,0.1205906724616978,0.12127161097595614,0.12084409195367708,0.12440813716637703,0.11276514182967302,0.10933294913052316,0.1117111891876579,0.11676096726561601
2016-12-02,0.13615495983648712,0.12414502413924298,0.1369811387459661,0.1202834931482274,0.12097656264137664,0.120539180141909,0.12414502413924298,0.11267801230590081,0.1091753463084208,0.11158664371407606,0.11654471024936332
2016-12-05,0.1372754686710664,0.1251498519986476,0.13760619584696457,0.12125943037770734,0.1219609673441963,0.12150944588993536,0.1251498519986476,0.11312741032509367,0.10992137756515787,0.11207133182259277,0.11750883407102079
2016-12-06,0.13840738934017682,0.12609842786531575,0.13945318237876286,0.12188994092796508,0.12265955352692855,0.12213761788715452,0.12609842786531575,0.1139553170978617,0.11078360066689731,0.11286313334879579,0.11852821861450288
2016-12-07,0.13803198642955603,0.12589317394171573,0.1385305576726494,0.1218514886082576,0.12259017489794485,0.12209562861654721,0.12589317394171573,0.11407760933931317,0.1109520580827648,0.11301317410972389,0.11843707388719858
2016-12-08,0.1383112811987345,0.126023050490204,0.13864530346573026,0.12178749229885831,0.12258053533457736,0.12203514478974813,0.126023050490204,0.11383521747997925,0.11088090486299802,0.1128281190503246,0.11852249329110318
2016-12-09,0.13829921216737487,0.12606010756740077,0.1386959896281764,0.1218307926975579,0.12262093183615136,0.12207635717133256,0.12606010756740077,0.11382649322473977,0.11091436941347489,0.1128371220723644,0.1186023425463266
2016-12-12,0.13949495906724266,0.12719846490350262,0.13950241047785045,0.1228795249194717,0.12369492044192086,0.12312566665819649,0.12719846490350262,0.11515307394083978,0.11228955467714956,0.1141504883798281,0.11981254984077049
2016-12-13,0.13949434424758936,0.12740567759733631,0.13832832327697175,0.12311923855979261,0.12393960932146247,0.12337005256652883,0.12740567759733631,0.11603042020889918,0.11299654352934017,0.11501504680747453,0.12019270582321735
2016-12-14,0.13936666734224168,0.12607604586380866,0.13733798060534735,0.12144579787426997,0.12235246050100133,0.12173275891055504,0.12607604586380866,0.11304563112692853,0.11038373625112526,0.11221578592549833,0.11806062764549638
2016-12-15,0.13936510016704767,0.12608579105553658,0.1372593574154085,0.12150538711710732,0.12240059054517526,0.12178969539427444,0.12608579105553658,0.11318150066102635,0.110465531624921,0.11234717053741634,0.11807153988345506
2016-12-16,0.14012958274936405,0.12675812552979387,0.13823001348260885,0.12225002752495871,0.12313523643790512,0.12254080437257088,0.12675812552979387,0.1147940322055597,0.11196439399586768,0.11396437969281589,0.11875500871019341
2016-12-19,0.13970854272098043,0.1267334078592831,0.1378943770923609,0.12188072008638207,0.1228489502674392,0.12218282303047,0.1267334078592831,0.11480931669025739,0.11214535800041875,0.11402602893181758,0.11909479767158654
2016-12-20,0.1382256987860905,0.1248973447505718,0.13502820375270633,0.12068284021735903,0.12150376175612816,0.12097572177722493,0.1248973447505718,0.11515551693811166,0.11167858135162073,0.11419996359847104,0.11702553848048587
2016-12-21,0.1386318972752622,0.1252182931814877,0.13533586554081967,0.12091754189691985,0.12176181945210508,0.12121482216079302,0.1252182931814877,0.1152171385372476,0.11180247336204893,0.11428789983119204,0.1173133726317326
2016-12-22,0.13868604497138928,0.12528593631163826,0.13533141902465265,0.12094737874057453,0.12180071108170237,0.12124266488187771,0.12528593631163826,0.11525515719612542,0.11183050645605636,0.11431225149506324,0.11740083391250525
2016-12-23,0.13750655331222583,0.12405226863718079,0.133750565420484,0.11975496773427902,0.12060734746691167,0.12005632034330119,0.12405226863718079,0.1143557597358469,0.11089720377226202,0.11341659298364817,0.11615678010929814
2016-12-26,0.13758088839223764,0.12407631197386948,0.13385340610020904,0.11971044162027218,0.12057970355400834,0.12001629415903434,0.12407631197386948,0.11392586751060861,0.11065494690539342,0.11303520586141036,0.11613700115608507
2016-12-27,0.13707391716018613,0.12375022690096464,0.13301999671746426,0.11947534744247139,0.12032612990265654,0.11977996678241373,0.12375022690096464,0.11412489874960924,0.11073877503946346,0.1132096554181444,0.1159396019885978
2016-12-28,0.13653984719048357,0.12293011802244098,0.132230776936287,0.11894064790663281,0.1197280318439927,0.1192394933042105,0.12293011802244098,0.1138271097634843,0.11018498968235352,0.11285333223498738,0.11487159861644904
2016-12-29,0.1360511987322542,0.12251829019155869,0.13098815692568047,0.11867794425647973,0.11944251653421385,0.11897592522561004,0.12251829019155869,0.11357706817956208,0.10994500639219358,0.11262440328674342,0.11451763732201
2016-12-30,0.13605777473528485,0.1228558048378797,0.13115583485113047,0.11944671839077149,0.12012848364455259,0.11970004571261225,0.1228558048378797,0.11421109649270453,0.11061706280610703,0.11327306690048197,0.11526132344598783
2017-01-03,0.1363996507659284,0.12310411157931071,0.1330204950827414,0.11830021435728726,0.11917817774097908,0.1186156478502414,0.12310411157931071,0.11500827821032035,0.11174228071407633,0.11402381445103574,0.11567645027621877
2017-01-04,0.136301982369241,0.12305973971212242,0.13293941526350658,0.11824107961358483,0.11912083873518431,0.11855819308350224,0.12305973971212242,0.11519428818256568,0.11189770861906978,0.11418646442547968,0.11567326434017222
2017-01-05,0.13602291370336125,0.12275362105465404,0.13278958085537354,0.11802510880382881,0.11887640001161658,0.11833696522039365,0.12275362105465404,0.11501703303616341,0.11171087894210695,0.11399123904925368,0.11536455386495226
2017-01-06,0.13640684656652363,0.12356175321652621,0.13390564062885857,0.11913956415968946,0.11994191833891972,0.11943191515909543,0.12356175321652621,0.11627446967472191,0.11306864038919417,0.11529038033659733,0.11652094186056386
2017-01-09,0.1309377229805215,0.11871852136970923,0.12900267302612262,0.11481476285715335,0.11551212437507767,0.1150891762768792,0.11871852136970923,0.1148247715359017,0.11159908962441764,0.11379636418486415,0.11258667637948595
2017-01-10,0.13065370214720082,0.11855007768581381,0.12883812487318133,0.11477400498354971,0.11544991156540604,0.11504536330260273,0.11855007768581383,0.11464039857524393,0.11147459741821579,0.1136130914751433,0.11253517793134374
2017-01-11,0.1311277891343588,0.11916985608387708,0.12923721669817687,0.11536294901975133,0.11604251653414087,0.11562908739511409,0.11916985608387708,0.11591261613403821,0.11255805854404653,0.11473841124044365,0.11322601104044648
2017-01-12,0.1302975590943578,0.1184700222629989,0.12849745842717228,0.11468188014602096,0.11536528511634715,0.11495231815289193,0.11847002226299891,0.11569285253057009,0.11231778369845194,0.11453215711766196,0.1126981664635012
2017-01-13,0.12952658527203967,0.1177967837701044,0.12777288176396698,0.11373691051513052,0.11447817659156437,0.11401625961451299,0.1177967837701044,0.11432807886513939,0.11138643511784843,0.1131877160550691,0.11208263989829562
2017-01-16,0.12777452270963338,0.11690845415145076,0.12645168480792993,0.11267216333533749,0.11347173046088925,0.1129775662149551,0.11690845415145078,0.11417004632544675,0.11150027706685048,0.1131083723232059,0.11187725667915309
2017-01-17,0.1306202491748901,0.12113842839241061,0.13133997359291497,0.11705913913668871,0.117808771730957,0.11730016513407371,0.12113842839241062,0.11935290038929289,0.11684221637475789,0.11807365364400987,0.1171904829031457
2017-01-18,0.13031523483787028,0.12096503499772447,0.13141460152476986,0.11713461370539402,0.11781664211303047,0.11736005416871653,0.12096503499772447,0.1203169311448868,0.11772308495413046,0.11900866950625043,0.1172888212927092
2017-01-19,0.13027872141419142,0.1209023377925698,0.1314037848128533,0.11705838498903565,0.11774709686390346,0.11728685758450483,0.1209023377925698,0.120045983623393,0.11741550230656442,0.11874121215455259,0.1171738854279078
2017-01-20,0.13052093698434872,0.12109236086229262,0.1315257055064258,0.11721577975549173,0.11791028619711823,0.11744605060507182,0.12109236086229262,0.12018831362781651,0.11756918279145383,0.11887062033472696,0.1173222253234424
2017-01-23,0.12977535100067344,0.12042234562046693,0.13066085338499617,0.11680588721828451,0.1174469977029257,0.1170296554783004,0.12042234562046693,0.12020694049917383,0.1175376741581058,0.1188665172678975,0.11677521886414734
2017-01-24,0.13028670024470368,0.12078045115843368,0.1308028846274463,0.11725280694363914,0.11787227534378718,0.11747050611775327,0.1207804511584337,0.12036487926661227,0.11773177337040446,0.11903764080187786,0.11701984037347844
2017-01-25,0.13048096496378203,0.12090092599305798,0.131084309914949,0.11740825291860672,0.11802711207644308,0.1176371212898896,0.12090092599305799,0.12028361088361827,0.11772075429378975,0.11900050701447555,0.11710711654631335
2017-02-02,0.13107094367995395,0.12166359291095302,0.13174587264871224,0.1183307153871264,0.11892445318327072,0.11854947827712667,0.12166359291095304,0.1220075633429169,0.11909712879216781,0.12076434589626392,0.11786440870981829
2017-02-03,0.12712463832551954,0.11758764471019181,0.128269267429594,0.1138440364480729,0.11454525837589147,0.1140840608881756,0.11758764471019183,0.1181042504935595,0.11537325380569563,0.11691884457710902,0.11408347922159881
2017-02-06,0.12684218350646834,0.11742384600781335,0.12819057796104877,0.11373342546852518,0.1144256535892196,0.11397265791183994,0.11742384600781335,0.1180707711247609,0.11537334390008895,0.11689416695872974,0.1139978460736346
2017-02-07,0.126822243862485,0.1174332042666332,0.12824212572097932,0.1137261949801862,0.11442005464235928,0.11396745379420517,0.1174332042666332,0.1181166341623804,0.1154310415474871,0.11694480932875728,0.11405631663482471
2017-02-08,0.12674727026300436,0.11732629581981281,0.1281342480653821,0.113700420686155,0.11438524065811706,0.11393909422387154,0.11732629581981281,0.1180885429773382,0.11542340227534179,0.1169229126327426,0.11396096620484315
2017-02-09,0.1266566916743718,0.11719002066235337,0.12802532755597232,0.1135074784746561,0.11419905557744753,0.11374666373070302,0.11719002066235339,0.11784543651228477,0.1151277659541849,0.11668457709699222,0.11379771618941201
2017-02-10,0.12651340630877944,0.11702649357176553,0.12789597422015977,0.11327668251213038,0.11397830376579889,0.11351665774605871,0.11702649357176555,0.11741949624144378,0.11477174692223754,0.11623770156318988,0.11365117077790066
2017-02-13,0.12445716064893937,0.1154480324233599,0.12627882237046986,0.11210362732938259,0.112753526538618,0.11233178305776276,0.11544803242335991,0.11797043732240625,0.11514576566000652,0.11678997248585311,0.11265451897745683
2017-02-14,0.1218364515256813,0.11306714993474423,0.1241532369487492,0.10962290238557346,0.11029808189803267,0.1098547014036166,0.11306714993474425,0.11633768385973223,0.11351906251747161,0.11509081579865682,0.11067675324010955
2017-02-15,0.1218222674116156,0.1133156613956584,0.12463085372385924,0.10998255608414723,0.11064787868285199,0.11021127668424441,0.11331566139565842,0.11716192658297056,0.11453949235334465,0.11596397340034978,0.11123161048167368
2017-02-16,0.12189222822156896,0.11353618799880473,0.12496324965058385,0.11005981105296013,0.11074500307652031,0.11028996636357055,0.11353618799880474,0.11736315039127285,0.1146764264918989,0.11613489602143204,0.11155900272044353
2017-02-17,0.121910185357866,0.1135745894276764,0.12499866932870739,0.11006805691589772,0.11075695771924084,0.11029800109678305,0.11357458942767641,0.11721321688250229,0.11451490458897036,0.11595809781762637,0.11157802554768582
2017-02-20,0.12178696653926077,0.11351738996485555,0.12467665772384133,0.10980853123108707,0.11052836150113343,0.11003346308414072,0.11351738996485557,0.1169110090925115,0.11425339599338803,0.11564867249030679,0.1114886138299234
2017-02-21,0.1217892177569668,0.11372312216515995,0.12512464701314555,0.11003923653116558,0.11076040801232563,0.11026945785529498,0.11372312216515996,0.11695136237746619,0.11445070851654233,0.11569597258279671,0.11183032003002445
2017-02-22,0.12186406329016149,0.11383301648672038,0.12516289881278533,0.10995154081577811,0.1107072962594469,0.11018278974417793,0.1138330164867204,0.11664889444106598,0.11419282618122954,0.11540867574791003,0.11195295765795085
2017-02-23,0.12145064532850461,0.11327841145340213,0.12472270078006413,0.10920457405444595,0.10998955055845805,0.10943555417318258,0.11327841145340216,0.11543345945065815,0.11299096972778916,0.11418865728819544,0.11132545756875233
2017-02-24,0.12207906706580537,0.11365160112639336,0.12492530878913269,0.10969771216603721,0.11045758461891526,0.10992795764836565,0.11365160112639337,0.1154389586139046,0.11305693531724013,0.11420325412913176,0.11155253625351229
2017-02-27,0.12227372883514914,0.11390520091883656,0.1253264572066001,0.10991805743731191,0.1106816858490976,0.11015061783159755,0.11390520091883657,0.11574153678200479,0.11332526760478862,0.11450034434165803,0.11184313440319987
2017-02-28,0.12268197108335833,0.11451892402211347,0.12602167239239717,0.11070864502076128,0.11141172177338195,0.11093090492130113,0.11451892402211349,0.11717987406916623,0.11457716550852441,0.11593737080896346,0.11259069313576299
2017-03-01,0.12148933453784092,0.11346326355752491,0.1252444266084092,0.1098052601752944,0.11047011718914328,0.11003299111995125,0.11346326355752494,0.11673977686065376,0.11398788374114333,0.11549561956916171,0.11177581599640708
2017-03-02,0.12183032251072126,0.11385600772346094,0.12572336316741858,0.11014543491976661,0.11082082137601335,0.11038447534988213,0.11385600772346095,0.11638321458744805,0.11390125605967236,0.11520071922813166,0.11217660639983278
2017-03-03,0.12198017444283506,0.11387131609940938,0.12573087736812616,0.11010737633978915,0.1107566200388524,0.11034766859480037,0.1138713160994094,0.11601207617110766,0.11352193465141652,0.11484205565694272,0.11212835475148394
2017-03-06,0.12200200436190416,0.11389561915967253,0.12575823219754984,0.11009892631977072,0.11075771629651493,0.1103377701999523,0.11389561915967254,0.11549319841157485,0.11317793584622793,0.1142984070723511,0.11212357403708016
2017-03-07,0.1213028498995631,0.11327177735405927,0.12525437319934712,0.10938960427054653,0.11005674227812806,0.10963007430673218,0.11327177735405929,0.11502260178183057,0.11267412608574644,0.11384659582285474,0.11163849735477487
2017-03-08,0.12077867835524085,0.11271916486303976,0.12449086195558988,0.1089025031295011,0.1095624816263693,0.1091375911882031,0.11271916486303978,0.11470684662007483,0.11236406585882891,0.1135417650640649,0.11112529891101129
2017-03-09,0.12080553213242229,0.11282163804807985,0.12448018100746118,0.10894291968257687,0.1096220608182519,0.1091775860677245,0.11282163804807986,0.11472450536124762,0.11248498307374849,0.11355836848090488,0.11128793946661522
2017-03-10,0.12087775777851377,0.11289400011095972,0.12443818315609756,0.10898596980589229,0.1096656285945485,0.10922164425257037,0.11289400011095974,0.11439166371993678,0.1122495656723646,0.11323448329935815,0.11134401728630258
2017-03-13,0.1206510842760537,0.11249270487590092,0.12404858695435382,0.1085498317133982,0.10923332507529776,0.10878137067677783,0.11249270487590093,0.11377753884136727,0.11159804379199484,0.11254405685296905,0.11086290794196614
2017-03-14,0.12066770548082635,0.11251910874185743,0.12396345370231263,0.10855128229655617,0.10924102107842,0.10878264276804173,0.11251910874185744,0.11351911084171958,0.11136059091294155,0.11225015998212642,0.11085838602058067
2017-03-15,0.11967663758511565,0.11177403557161512,0.1224667047168209,0.10777111024369053,0.10845888467126569,0.10798724672038067,0.11177403557161514,0.1130471286072682,0.11083662895860981,0.11173589087209537,0.11030630284875406
2017-03-16,0.11978359346257814,0.11196577772694992,0.12242967896394283,0.1079396293953633,0.10863107152455388,0.10815614609660003,0.11196577772694993,0.11313182617692437,0.11108417411059794,0.11184150975763836,0.11058929730297966
2017-03-17,0.11927575517417466,0.11149198598730903,0.1217818022854057,0.10742951289831996,0.1081348553285415,0.10764537770452477,0.11149198598730904,0.11294258768485728,0.11079223482101713,0.11162777516370391,0.11014475522663039
2017-03-20,0.12072062381767834,0.11302179732788498,0.12266203683005705,0.10869001546890886,0.10948291054020082,0.10890634173546478,0.113021797327885,0.1132265340081515,0.11147482455912863,0.11192581733904673,0.11169101472828699
2017-03-21,0.12019289944321962,0.11206083574201046,0.1199798416228652,0.10743078361184112,0.10827504739517918,0.10762254000269518,0.11206083574201048,0.11129962479297235,0.1096245470876161,0.10994428644804227,0.1106225285400028
2017-03-22,0.11867583188444976,0.11125413420494794,0.11859780783735947,0.10655869549088066,0.10742513977789162,0.10673914480761325,0.11125413420494795,0.1113085850358021,0.10974633956541284,0.11001545410770934,0.11052429390557991
2017-03-23,0.1198191940982395,0.11262686796370808,0.1212843657330697,0.1081748889273254,0.10896267349541038,0.10835475303860752,0.11262686796370809,0.11354955737354852,0.11171861822674227,0.11233281799678697,0.11212380685344467
2017-03-24,0.12084978218514393,0.11328955894873523,0.12210786173031828,0.10890817494459401,0.10968211775938533,0.10910293665734444,0.11328955894873524,0.11365753024117606,0.11183381197332345,0.11243528307289995,0.11245981211580766
2017-03-27,0.12067274016801395,0.11318785607162782,0.12211346488440165,0.10881700243407252,0.10958899916505065,0.10901031823771432,0.11318785607162783,0.11392596368765112,0.11199124433597248,0.11268477012671388,0.11242555204178328
2017-03-28,0.12222318780771887,0.11446326385083867,0.1230933670333156,0.11025979242028432,0.11095546117610575,0.11044837301510943,0.11446326385083869,0.1149317813156094,0.11295507429315066,0.11368169275565318,0.11351908476510222
2017-03-29,0.12228541282530214,0.1145697616282433,0.12312450134226581,0.110426110120629,0.1110959810215352,0.11061435745940769,0.11456976162824331,0.11524993116896924,0.11315644606331915,0.11398889786576909,0.11364965917632289
2017-03-30,0.1216170319127137,0.11398922264809723,0.12305189047959421,0.1102988266178807,0.11087980877600813,0.11046570012839615,0.11398922264809724,0.11593129669552439,0.11336173372167681,0.11456986924109552,0.11315298341744116
2017-03-31,0.12161239198298837,0.11362131126221793,0.12339583716621733,0.11003145349320446,0.11061625808648753,0.11019590817882247,0.11362131126221794,0.11516456333659975,0.1124598070384195,0.11379610089357406,0.11215384328007044
2017-04-03,0.12191929132126345,0.11374401555272144,0.12341591516654779,0.11049256021350419,0.11090327686706909,0.1106312787542857,0.11374401555272146,0.1160777537693595,0.11273607400598916,0.1144793883819436,0.11220329559073106
2017-04-04,0.12193333749009352,0.11372581017151659,0.12338812318434154,0.11051045566191481,0.11091112419557927,0.11064702316332817,0.1137258101715166,0.11606632469374994,0.11272518950128362,0.11446763949305362,0.11218310325739898
2017-04-05,0.12234640151917554,0.11431423839739153,0.12305941771833381,0.11112425867643055,0.11152108777988877,0.1112585564725297,0.11431423839739156,0.11678487146744015,0.11352851786100633,0.11518861926888127,0.11291314590390018
2017-04-07,0.12291958734356577,0.11471260219620641,0.12285579663834179,0.11200482061861336,0.11219797529570556,0.11213164046125457,0.11471260219620642,0.11737657573650728,0.1139234540813821,0.11573850939732651,0.11314859448313253
2017-04-10,0.12285613160032935,0.11458733661371281,0.12279724291175527,0.11194829856586738,0.11213655470479299,0.11208862002284288,0.11458733661371283,0.11720582222079803,0.11377576137445515,0.11561932641858257,0.1129616431766954
2017-04-11,0.1228932382136094,0.11457008830096689,0.1227792415024969,0.11195744188719783,0.11213986546065811,0.11210097283198864,0.1145700883009669,0.11719152504624122,0.11378981624061756,0.11561474630950282,0.11293745802750717
2017-04-12,0.12217622712081526,0.11391840489037282,0.12323270082257776,0.11144778679583121,0.11159446301541089,0.11157812856685188,0.11391840489037283,0.11697775840449261,0.11324709402833748,0.11522847335130584,0.11216268018189758
2017-04-13,0.1201610335551628,0.1120324807474524,0.12185743919203681,0.10949997321872891,0.10963946912316495,0.1096169077398357,0.11203248074745242,0.11544807070988782,0.1116512658244696,0.11359380012651234,0.11042895209237075
2017-04-14,0.12054706194526223,0.11285206283849775,0.12233880420289998,0.11038920575403523,0.11050425639954861,0.11048543443544571,0.11285206283849777,0.1166928325209299,0.11301929267734158,0.11478458333971506,0.11153858167781694
2017-04-17,0.12290471256530962,0.1146716518382172,0.12269187777095197,0.11197416809418269,0.11216384529270351,0.11205994017469884,0.11467165183821722,0.11713106553502042,0.11378255351917724,0.11527311261303688,0.1129458874949726
2017-04-18,0.12337446014813205,0.1154680137178204,0.12285339911937293,0.1125465897500232,0.11283598997201207,0.11263182666518225,0.11546801371782042,0.11770789636986545,0.11467226483448142,0.11590961319917763,0.11398024192659903
2017-04-19,0.12337493651673151,0.11546187112401317,0.1230387463642757,0.11254596866035387,0.11282920682980328,0.1126294129632615,0.11546187112401318,0.1177102975574588,0.11466888649956612,0.11591215052898925,0.11397563783435069
2017-04-20,0.12286153844276583,0.11551978695810451,0.12167721622110088,0.1127378756824503,0.11296028296629182,0.11281178315166956,0.11551978695810453,0.1182842871028802,0.11523671983224727,0.11642990119375482,0.11431347698419107
2017-04-21,0.12274866457114075,0.11545751837825351,0.12148774659963209,0.11265760563942334,0.11288202445286916,0.11272953078734306,0.11545751837825353,0.11825418340879029,0.11522061384813571,0.11639361323543829,0.11427767680203464
2017-04-24,0.12104195895581853,0.11363767560086359,0.11973563715363131,0.11133628011832798,0.11137851565591592,0.11138190656773485,0.11363767560086362,0.11802774186341626,0.11445673080170266,0.11614074489941466,0.11253922215622944
2017-04-25,0.12089229471381234,0.11348034964499074,0.11946377432578693,0.11117105090023556,0.11120945145320023,0.11121795118156225,0.11348034964499075,0.11777679640037826,0.11424888064348868,0.11589347123292576,0.11239499091646218
2017-04-26,0.12108580807691172,0.11360114470965431,0.11945798636819657,0.11122075068912944,0.11128370197325048,0.11126610519769589,0.11360114470965432,0.11774358688441994,0.11422786507867125,0.11585626728239987,0.11246959925530009
2017-04-27,0.12078643971985956,0.11346680427238975,0.11926237318956304,0.11092756139386327,0.11104146603033187,0.11096543100400083,0.11346680427238977,0.11741906834457615,0.11391705563689487,0.11550325593792808,0.11243151690534268
2017-04-28,0.12057367142493153,0.11333723385735733,0.11923652887060342,0.11082303134289997,0.11093050106838008,0.11086313362076824,0.11333723385735736,0.11766113679757174,0.11414106780103657,0.11582218013580926,0.11244301296490135
2017-05-03,0.12034729089311565,0.11333681053095007,0.11935070561332502,0.11084752681306,0.11096128947384894,0.11089404863251115,0.11333681053095009,0.11810692561205455,0.11456085566808837,0.11635202600544077,0.1125872909130056
2017-05-04,0.12036537260744613,0.11338437133385765,0.11940228364476005,0.110862990637113,0.11098520328756581,0.11090834393311014,0.11338437133385766,0.11807681133192727,0.11458622534524397,0.11630883284629025,0.11267800783995303
2017-05-05,0.11976800893601566,0.11284528547805622,0.11909520634896638,0.11039856342487506,0.11050580972259252,0.1104352186210501,0.11284528547805624,0.11800419719352864,0.1144341025523102,0.11621873876580807,0.11219906796221839
2017-05-08,0.1189557252491685,0.1123868837724728,0.11853249365159778,0.110108165141296,0.11016124011483511,0.11012382323878092,0.11238688377247281,0.11797184495825833,0.11436450948289922,0.1161743144723739,0.11183558900497197
2017-05-09,0.11975110958524307,0.11314175776585512,0.119561522782773,0.11073086523865025,0.11084477526064146,0.11075948834346472,0.11314175776585514,0.11794619781839515,0.11455710426537084,0.11618407976830693,0.11244073476556535
2017-05-10,0.1186033657049849,0.1122036332928217,0.11853786165781721,0.10982867443373363,0.10991983758426392,0.10985487194106817,0.11220363329282171,0.11717684287678172,0.11390041056458267,0.11549011616625507,0.11163943930480796
2017-05-11,0.11836527828318898,0.11178208274731272,0.11805561788530144,0.10942463286741867,0.1095111750844218,0.10945421212273045,0.11178208274731273,0.11664875774973218,0.11340518451983785,0.11496446849220714,0.11112148344737258
2017-05-12,0.11846515325530586,0.11180514886107128,0.11804332498710839,0.1093572864526037,0.1094747752653938,0.10939127368269871,0.11180514886107129,0.11659833814293427,0.11329989043738409,0.11489006375219568,0.11110261401650535
2017-05-15,0.11792871282789676,0.11133730997850716,0.11960482153757358,0.10942339180962841,0.10932110435945885,0.10941350168470178,0.11133730997850719,0.11670329842882417,0.1132249346506383,0.11488986133656859,0.11060701845253479
2017-05-16,0.11785377483710012,0.11131385566631112,0.12067182918428017,0.10948447692142525,0.1093398282690849,0.10947227469570589,0.11131385566631113,0.11674739008652908,0.11323727261206515,0.11493681468227027,0.1106126754512807
2017-05-17,0.11711877035804863,0.11036116741503466,0.12084194658866047,0.10862410428903224,0.1084390941308057,0.10862460277123383,0.11036116741503467,0.11589142707266936,0.11246385206034996,0.11420257142881236,0.10963919936066839
2017-05-18,0.1163043120331019,0.10965708042500855,0.12214617584111367,0.1082661050713342,0.10791654072069456,0.10824906382245324,0.10965708042500856,0.11558216623984893,0.11192892800974305,0.11386395696264318,0.10890712024485034
2017-05-19,0.1166380659787458,0.1101899268341254,0.12213237708410145,0.10845878164424794,0.108220942206106,0.10845935222953403,0.11018992683412542,0.11569364228336196,0.11213358381486546,0.1139728322233895,0.10955459328620284
2017-05-22,0.11782211243757976,0.11184929030522471,0.12376722940804755,0.10906992600247836,0.10918391571007832,0.10908944882732495,0.11184929030522471,0.11516295550550909,0.1121151819762947,0.11350818120603162,0.11131184449512307
2017-05-23,0.1182649413625181,0.11207511463469531,0.12381065981376482,0.10909509819180008,0.10926806311016798,0.10912469298091733,0.11207511463469531,0.11540248713020163,0.11211551189434718,0.11370405297780578,0.11142421764931866
2017-05-24,0.11891802507745153,0.11272540010540172,0.12374107286897261,0.10908763302000585,0.10944658910986009,0.10913058478569376,0.11272540010540173,0.11520687669887746,0.11198712756190154,0.11352321822412163,0.11208102244763327
2017-05-25,0.11875611073504606,0.1124844426631198,0.1236095539556476,0.10890608126321254,0.1092421276460534,0.10894787792624232,0.1124844426631198,0.11496050935399696,0.11173319033432165,0.11326956715436756,0.11179703933534767
2017-05-26,0.11870242622534528,0.11238861806338739,0.12353933181581116,0.10880864419095941,0.10914270566145197,0.1088469587564198,0.11238861806338739,0.11482844072988685,0.11158805415819387,0.11311522510716614,0.11168688795822926
2017-05-29,0.1186157669563902,0.11232493058199723,0.12349321500173856,0.10879322409109966,0.10911200505150957,0.10883419690752937,0.11232493058199725,0.11460426250071204,0.11138539921878755,0.11289469262605813,0.1115826432895988
2017-05-30,0.11922924036594493,0.11323026574083625,0.12428682379652756,0.10949309908124813,0.10987105484203481,0.10953531669185858,0.11323026574083625,0.11505456258046672,0.11183070669000128,0.11332815003830801,0.11235205923928544
2017-05-31,0.1190660050698737,0.1131065086482814,0.1240752031267151,0.1092748668428085,0.10968764569403941,0.10932749316904783,0.1131065086482814,0.11451606762657562,0.11159094921022544,0.11294680573967293,0.11227057146299253
2017-06-01,0.11892162956186464,0.11306432672276259,0.12425624618630754,0.10927352819237039,0.10968289353121696,0.10931620263930697,0.1130643267227626,0.11481582603039972,0.11177735726554983,0.11317430173156583,0.11228791743229191
2017-06-02,0.11853280014983958,0.11260111422793805,0.12380629767420226,0.10874858146783037,0.10916549278392382,0.10879337842545678,0.11260111422793805,0.11424216301981843,0.11116995223335588,0.1125783246439478,0.1118300927444153
2017-06-05,0.1148055091142812,0.10950463903768509,0.12026421910370987,0.10535435229232745,0.1058020599790722,0.10537667109942307,0.10950463903768509,0.11031997033087639,0.1078067159519677,0.10880019917163677,0.10919342501124589
2017-06-06,0.11513474166299208,0.1102103472028265,0.1203898545732223,0.10590616404418507,0.10639085748792024,0.10591794222649227,0.11021034720282652,0.11075719276446376,0.10842415448088585,0.109259064621785,0.11003816543156203
2017-06-07,0.11490938430308524,0.11005591852195405,0.11952759932134174,0.10568337674791044,0.10618226871962333,0.1056925681597731,0.11005591852195405,0.10988876531878099,0.10789280551221742,0.10847348478708137,0.10980850605557885
2017-06-08,0.11496649887815011,0.11019415056002312,0.11964219879999007,0.10581689023579775,0.10631384026364193,0.10582599949144865,0.11019415056002312,0.10973714893735545,0.10788348795322655,0.1083620225417312,0.10996192775755338
2017-06-09,0.11480552042348467,0.11001365413980417,0.11937265157634767,0.10568282391977728,0.106165523004177,0.10568537891189994,0.11001365413980418,0.10943450524387428,0.10761246820073683,0.10805629500389208,0.1097648853535852
2017-06-12,0.11312232402190119,0.10856459067665583,0.118287414688959,0.104236382245506,0.10471447624474456,0.10424611521405046,0.10856459067665584,0.10870931730050205,0.10654899039889221,0.10729451477416695,0.10844737284017689
2017-06-13,0.11163117130976594,0.10743630206726476,0.11573947798458809,0.10338991992106832,0.10381323802156875,0.10340121415608876,0.10743630206726476,0.10761328804762454,0.1053969968858372,0.10621758015985552,0.10728924949420794
2017-06-14,0.11191042361569453,0.10750225024991512,0.11581608897277092,0.10334327169746713,0.10376014816993015,0.10335629050432123,0.10750225024991512,0.10714977042513428,0.10493478176820407,0.10578873062887735,0.10716635215225546
2017-06-15,0.11156734230500052,0.10730568767639091,0.11566189435133147,0.10313864000890946,0.10355190893913185,0.10315359638825716,0.10730568767639091,0.10711932520155258,0.10485500137641292,0.1057573115337034,0.10705129194793875
2017-06-16,0.11155582980618418,0.1072912293139837,0.11566159258889945,0.10311401988463696,0.10353023956697135,0.10313006610105405,0.1072912293139837,0.10710527260176664,0.1048149461425931,0.1057331149755487,0.10700496708035663
2017-06-19,0.11046428669667072,0.10615158108731788,0.11447025744609124,0.10191384015269898,0.10234207588271416,0.1019119900795899,0.10615158108731788,0.10527995261312949,0.10299595448344183,0.10389400404374421,0.10569133051799758
2017-06-20,0.10904075602091665,0.10482284294918005,0.11304477395451427,0.10079696871338226,0.10113375876464639,0.10076893170179775,0.10482284294918005,0.10382532177833537,0.10171767804813657,0.1024397979596603,0.10446459394291913
2017-06-21,0.1077759437306913,0.10413351192057778,0.11234428342099756,0.10006013783928477,0.10039370808532226,0.10002593129542023,0.10413351192057778,0.10390312849510319,0.10162967438482978,0.10249789854205751,0.10403336467749186
2017-06-22,0.10844002150273535,0.10457013614314854,0.11280766559944087,0.10016176036510459,0.10058561805821889,0.10013457038001687,0.10457013614314854,0.10361053269293148,0.10153349492639002,0.10222496584213353,0.1044041068456998
2017-06-23,0.10771365842146192,0.10399271355175926,0.1119668496122183,0.09954624745116224,0.09996306701645526,0.0995087507720002,0.10399271355175926,0.10237559245416104,0.10038417393000994,0.10099138477580157,0.10385854020581158
2017-06-26,0.10758795541597854,0.10377575605113866,0.1118242448267977,0.09942080873042775,0.0998257680686518,0.09938575578751796,0.10377575605113866,0.1022238436191359,0.10015952830534172,0.10083089024903881,0.10350871176382706
2017-06-27,0.10753177584129375,0.10382963885363272,0.11159428493997708,0.09952609196980827,0.09992712285944591,0.09949352443800082,0.10382963885363272,0.10102112767470141,0.09958806099807803,0.09975861457619627,0.10352421141542778
2017-06-28,0.10718175414346136,0.10360794362655891,0.11139539880352402,0.09937389690260416,0.09975337013563633,0.09933746472880722,0.10360794362655891,0.10101310918004976,0.09954716319667899,0.09974162352185452,0.10336154174388185
2017-06-29,0.10704433594032797,0.10345312978102644,0.11126316054708477,0.09928682152583673,0.09964821720441366,0.09925561145382299,0.10345312978102644,0.10086162710965775,0.09938264523040476,0.0996054358176252,0.10313451495506559
2017-06-30,0.10710048740310249,0.10359698046462187,0.11150179990886123,0.09942420176566177,0.09979306869165334,0.0993925938626959,0.10359698046462187,0.10112474546528091,0.09966176465591736,0.09989108994635292,0.10334773571403323
2017-07-03,0.10745596174960378,0.10376448058140832,0.11150799228265942,0.09953160748354437,0.09991415337881589,0.09950222300758381,0.10376448058140832,0.10112528218410233,0.09965656046753332,0.09989541725481471,0.10339933523622752
2017-07-04,0.10802692203615798,0.104198888245592,0.11166491120779784,0.09984853838615998,0.10026804327387219,0.09983133171052809,0.104198888245592,0.10118426031990942,0.09976868749014528,0.09997161716240936,0.1037319811270185
2017-07-05,0.10808318891888842,0.10421161699860505,0.11162663118677697,0.09984566811813471,0.10026920688567889,0.09982961719140448,0.10421161699860505,0.10113393664444029,0.09973277606453662,0.09993709850339899,0.10373342772617028
2017-07-06,0.10815887218294551,0.10433879215148445,0.11178547278955633,0.09990767153288725,0.10035805174987861,0.0998973281573016,0.10433879215148445,0.10121545319200706,0.0998488006583051,0.100028812845982,0.10390028003373428
2017-07-07,0.10946095788868218,0.1049459662144101,0.11353108437870964,0.09991961863864933,0.10051831859343574,0.09996366123490799,0.1049459662144101,0.10111773268674916,0.09974020146179216,0.0999148256826122,0.10395146313954372
2017-07-10,0.10893114041831259,0.10434128131768734,0.11142354479243638,0.10003434862640151,0.10065543684246221,0.10007259168829624,0.10434128131768734,0.09977771751837528,0.09803568510909316,0.0986107013208512,0.10308609228083317
2017-07-11,0.10893201417446798,0.10435344973601528,0.11144457676748834,0.10003901158726193,0.10066418243048175,0.1000785251630909,0.10435344973601528,0.09973805601809646,0.09801366037331462,0.09858568613444425,0.10310694221820067
2017-07-12,0.1089431155904875,0.10442627487132357,0.11148662397606025,0.10009019612298252,0.1007289810178389,0.10013476323750845,0.10442627487132357,0.09984916474505484,0.09814239605591075,0.09871119647138876,0.10323815721728836
2017-07-13,0.1081847438141549,0.10362394557003927,0.1103914701385403,0.09907965198061983,0.09976130856392014,0.09914053646080372,0.10362394557003927,0.09887516982290985,0.09714414999023474,0.0977175746347559,0.10240393294689644
2017-07-14,0.10818053873985314,0.10343990253306955,0.10980299661365081,0.09900569824595376,0.09968354634831582,0.09906759240041735,0.10343990253306955,0.09857761667292389,0.09678034875870645,0.09742570798015213,0.10211583405493113
2017-07-17,0.11312196829086041,0.10645062132438023,0.11295564577378524,0.10079823004475585,0.10188655299651471,0.10101526112733021,0.10645062132438023,0.09872052998692205,0.0970685519803449,0.0976131239159836,0.10385175688891639
2017-07-18,0.1127464339841539,0.10597411051404855,0.1127198063312275,0.10044923627692434,0.1014668515794949,0.10064911215518561,0.10597411051404855,0.09791562854507388,0.09631147677807575,0.09690992838967726,0.10333266051524452
2017-07-19,0.11278251640180528,0.10597794048522519,0.11259181199113533,0.100631130245959,0.10156159412376714,0.10080431445727128,0.10597794048522519,0.09804765274119785,0.09635570612066574,0.09701991977815903,0.10331959990746123
2017-07-20,0.11229573698513239,0.10530830619719038,0.11193855502524334,0.10000576948722897,0.10094168520601314,0.10018383924500558,0.10530830619719038,0.09742227967168005,0.09564894843152377,0.09639977456750884,0.10251997172507424
2017-07-21,0.1125102454625572,0.10551333281381027,0.11221928291112294,0.09974338873701362,0.10084806676564564,0.09994265695360299,0.10551333281381027,0.09739945931733679,0.09550812401261648,0.09636162987116877,0.10264608346550284
2017-07-24,0.10956033177749436,0.10115593939972958,0.10737984959606914,0.09519372743375207,0.09635122010271563,0.09545706412548591,0.10115593939972958,0.09178740018583476,0.08970005889783471,0.09100633366368524,0.0971878799801981
2017-07-25,0.11060377149126434,0.10114728988245766,0.1072869895622523,0.0945499503029975,0.0958943471244281,0.0948341930438493,0.10114728988245768,0.08991188353830286,0.08786767040542622,0.08915466105642439,0.09630174542734586
2017-07-26,0.11114136048792826,0.10161910766137565,0.10737994548609138,0.09479389364539267,0.09620661937652518,0.0950833610136799,0.10161910766137565,0.09035084845518443,0.08817635161299196,0.08957115364654891,0.09663742690298034
2017-07-27,0.11115607514451588,0.10168883070787302,0.10782789733274162,0.09484273393114685,0.09626832688736739,0.09512884536092543,0.10168883070787302,0.0903627477936957,0.08819828561374067,0.08958540731915578,0.09670410630694867
2017-07-28,0.11201144390555283,0.1022786356508421,0.10847046159209268,0.09527018115273336,0.09674722643453681,0.09555548100303318,0.10227863565084211,0.09062080483465915,0.08841586015351188,0.08980827778354926,0.09705717901889738
2017-07-31,0.11306744755123953,0.10332827554932668,0.10864180608258753,0.09582751513284488,0.09742508312503545,0.096135323676071,0.10332827554932669,0.09130027031861367,0.08892083555019828,0.09046687961418554,0.0979391529516417
2017-08-01,0.11268069890795145,0.10293749575667097,0.10829743308993486,0.0956696741227909,0.09711657930343921,0.09594896931361276,0.10293749575667098,0.0912605120628525,0.08883701478771058,0.0904166333986779,0.09756034028034681
2017-08-02,0.11188534874519541,0.10185734153523233,0.10743298484536774,0.09431225242064106,0.09581077197555433,0.09459405824407462,0.10185734153523235,0.08883020441841821,0.08673294459118479,0.0879232998430458,0.09643626804370771
2017-08-03,0.11188127561505821,0.10179360886281799,0.10731846102301945,0.09421138401616276,0.09571983684161864,0.0944951474588421,0.101793608862818,0.08830683038674461,0.08616154112159274,0.08738618261206438,0.09624741813841271
2017-08-04,0.11188117144887598,0.10178619766432094,0.1074380123460357,0.09427929367395776,0.09575377393411016,0.09455306541707859,0.10178619766432094,0.08848731125623846,0.0862367328661042,0.08753753625695075,0.09624383444230958
2017-08-07,0.11217312208791717,0.10197926345841046,0.1085613130924195,0.09462328157133555,0.09604488857677711,0.09488309146828028,0.10197926345841048,0.0886665089394623,0.08637859198143825,0.08768829558636683,0.09631849798225671
2017-08-08,0.11252091245603965,0.1022076429765956,0.10858990847784614,0.09465205890586388,0.09613920152536827,0.09492088084045613,0.10220764297659561,0.08867304390457062,0.08640962968592247,0.08770578958051005,0.09647420552643485
2017-08-09,0.11872571768931203,0.1082015014478035,0.11493048472340385,0.10238859414037055,0.10315432228849132,0.10253598682741519,0.1082015014478035,0.09533401401397243,0.09298097279227732,0.09430744784837637,0.10197300420733049
2017-08-10,0.1187266349096634,0.10823206701775102,0.11502215139176135,0.1027327470740833,0.10335190610982703,0.1028584163137572,0.10823206701775102,0.09573366255002459,0.09342697163151474,0.09474217829765284,0.10204869900975683
2017-08-11,0.1186992025520415,0.10812090025960654,0.11503518545109846,0.1025935043741429,0.10321502823782079,0.10271886840038573,0.10812090025960654,0.09494080138047227,0.09279862958872705,0.09394616369742044,0.10183135663936205
2017-08-14,0.11960345072278264,0.10872981364012022,0.1152695495156417,0.1026454227370516,0.10341135232690415,0.10278026686702044,0.10872981364012022,0.0949353151122646,0.09280575955143143,0.09394412063569851,0.10214611797413105
2017-08-15,0.11988872758496869,0.10875257301279438,0.1148858239407178,0.10255778843929644,0.10333087915517676,0.10269503208120077,0.10875257301279438,0.09425891831497815,0.09191829256739298,0.09322563255080392,0.10181862460655297
2017-08-16,0.1198089920012132,0.1085101813847104,0.11452735356620536,0.1027469538536102,0.10336924162976086,0.1028572673057337,0.1085101813847104,0.09409828402667561,0.09176904769742582,0.0930672550455017,0.10139065207486406
2017-08-17,0.12098703792202599,0.10929527340824673,0.11474398247950104,0.10300196340868314,0.10379311459712583,0.1031295983033438,0.10929527340824673,0.09424553289778555,0.09187541101952092,0.09318670368690264,0.10187711659851571
2017-08-18,0.12061245958357845,0.1089545193122594,0.11468960750028459,0.10269831810704753,0.10348991898911748,0.10283623419000809,0.1089545193122594,0.09422442195917848,0.09180844845140768,0.09315181386457691,0.1016603649852957
2017-08-21,0.12053846771922115,0.1087875852519821,0.11433711922689521,0.10254618619097548,0.10332639767458147,0.10267845369775322,0.1087875852519821,0.09393786254249312,0.09144411178586717,0.09284409658706294,0.10136865494579209
2017-08-22,0.12144218121089936,0.10965639849220515,0.11510680643137974,0.10398891511542048,0.10462297546183458,0.10408668757503152,0.10965639849220515,0.09572995559286367,0.09310491981573288,0.09469751411528615,0.10210346146634722
2017-08-23,0.1216350564385641,0.10985888877222655,0.1152222968787001,0.10436322477911521,0.1049578485429891,0.10445029724754837,0.10985888877222655,0.09645869872257204,0.09364242321098007,0.09536415422571884,0.1022909838568846
2017-08-24,0.12160078835991264,0.1099159979321085,0.11545046064741353,0.10408115573671237,0.10474099061444828,0.1041717308888949,0.1099159979321085,0.09661912911273052,0.09368468007405674,0.09547913909694027,0.10232322452450075
2017-08-25,0.12144112678407382,0.10974766668561337,0.11511726797972756,0.10392032670444443,0.10457855530384698,0.10400703595817876,0.10974766668561337,0.09636104869526639,0.09346675592925219,0.09523361830962802,0.10212603716530518
2017-08-28,0.121102595448625,0.10920433223239455,0.11445784524879725,0.10300695718349347,0.10376954095763892,0.10310845345891557,0.10920433223239455,0.09412725882594507,0.09151977323194625,0.09295880089542082,0.10127812857051066
2017-08-29,0.1209604050561546,0.10914359743784284,0.1141998821967284,0.102879702175757,0.10366497581226972,0.10297492227403672,0.10914359743784284,0.09410784290130005,0.09155405747520974,0.09286130700335993,0.10129152656014008
2017-08-30,0.12053016708171292,0.10871142379699968,0.11347938987427268,0.1025186537084683,0.10330685207966434,0.10259139206146628,0.10871142379699968,0.09404349087074129,0.09138598827111606,0.09277987789130115,0.10082017982784763
2017-08-31,0.12076777283166411,0.10888529002101456,0.11344741958519126,0.10241252224227936,0.10326474395384842,0.10248432386649656,0.10888529002101456,0.09404431370447,0.09138291035541055,0.09276145513172529,0.1009073154254114
2017-09-01,0.12099479458037722,0.10931645077097236,0.11377722029588658,0.10302277294419515,0.10385110307348493,0.10309561343797596,0.10931645077097236,0.09536994916809226,0.09268802208315412,0.09408498492245565,0.10167649745156267
2017-09-05,0.1209657235543837,0.10945931858932281,0.11398125776626783,0.10307606796058338,0.10393768560087355,0.10316209919442594,0.10945931858932281,0.09558483801545092,0.09300068183641758,0.09430153968771707,0.10213320973679514
2017-09-06,0.12094310293691045,0.10945334312782642,0.11398367196566096,0.10302220202573335,0.10388130447510555,0.10310864156340911,0.10945334312782642,0.09563250715497774,0.09299131762329142,0.09433349421844427,0.10214849184831355
2017-09-07,0.12097365006200644,0.10942319347893634,0.11396785800466594,0.10308727624363437,0.10392123270213559,0.10316901841537894,0.10942319347893634,0.09571137204354721,0.09294298657940116,0.09439288156928216,0.10205286123538218
2017-09-08,0.12084825916622058,0.1093738859844393,0.11394541591104172,0.10332374574488347,0.10410583168242196,0.10338291037971488,0.1093738859844393,0.09676338345470069,0.09370232066300915,0.09536386536423228,0.10205557620029813
2017-09-11,0.12078154269852771,0.10925202461207484,0.11327733806801814,0.10313656419261912,0.10392678357207558,0.10318951962337139,0.10925202461207484,0.09676272145772291,0.09371389800118012,0.09537235273051207,0.10191881393529274
2017-09-12,0.12086510917526584,0.10934205244650061,0.11335421147500703,0.10316006168511539,0.1039615067610162,0.10321426569422026,0.10934205244650061,0.096739765784904,0.0937138886867627,0.09534854774212519,0.10199524185267107
2017-09-13,0.1210011595449383,0.10944136802201206,0.11363126075873876,0.10315486574322484,0.1039847242413615,0.10321628228369219,0.10944136802201206,0.09657995543369045,0.09353915335691201,0.09515192458654023,0.10202503373795688
2017-09-14,0.12109556676255444,0.10950207926534891,0.11374543689215189,0.10315893826485648,0.10400372605802602,0.10322535108816659,0.10950207926534891,0.09652594316341231,0.09338470165776086,0.09507793171829798,0.10211346577929478
2017-09-15,0.12125397064595636,0.10962762893759657,0.1138320668516926,0.10333790322571386,0.10417389926873377,0.10340296925997358,0.10962762893759657,0.09660328855718811,0.0935283001902103,0.09517963000460924,0.10221240307342927
2017-09-18,0.11993769794662441,0.10816715581920769,0.11278620574982172,0.10207083702151323,0.10282034964197857,0.10212629520886489,0.10816715581920769,0.09600076945283884,0.09249433854546349,0.09457989469231703,0.10064090987202072
2017-09-19,0.11954298116052242,0.108003215898499,0.11254118226758357,0.10208209197204586,0.1027865521486434,0.10213611758441626,0.108003215898499,0.09620157129723239,0.0927500011607343,0.09477646216368735,0.10066020255057935
2017-09-20,0.11918335172643268,0.10749101827497709,0.11194072882890375,0.10159662036957617,0.10229956620023298,0.10164867543172929,0.10749101827497709,0.09572431492284368,0.0921493239583904,0.09426165533367845,0.10003660739272482
2017-09-21,0.11787062030831784,0.10609357670885898,0.10915985687705956,0.10009088217672907,0.10082661556947402,0.10013713584114248,0.10609357670885898,0.09356162511651554,0.09016229254043559,0.09198933031751465,0.09839864202355136
2017-09-22,0.11675996959393829,0.10567849884459599,0.109015960365303,0.09993223796222174,0.10064220561809184,0.09994273220405765,0.10567849884459599,0.09618569660207958,0.09259429722968657,0.09441094962686725,0.09880182901088161
2017-09-25,0.11704434262901274,0.10601125016009731,0.1093107939428908,0.10024981396101873,0.10098973015754208,0.10025862765670489,0.10601125016009731,0.09612609478717765,0.09278528406044226,0.09430344586246919,0.09918276269724871
2017-09-26,0.11526722895448482,0.10445518932477808,0.108127108276061,0.09842647339238014,0.0992753948795731,0.09844159813935922,0.10445518932477808,0.0945184015974635,0.09129312696400185,0.09266788610789163,0.09776593334722006
2017-09-27,0.11531336409843342,0.10447484884238374,0.10821607057959477,0.0984894468041339,0.09933631815691565,0.09850381628727929,0.10447484884238374,0.094805033771976,0.09150695995271116,0.09290328390782923,0.09775239817994241
2017-09-28,0.11509425614344096,0.10431038785865782,0.10777561582402512,0.09830853006591107,0.09917452101206176,0.09832536728579667,0.1043103878586578,0.09462837049030572,0.09162294843426809,0.092779461173673,0.09763838487307444
2017-09-29,0.11485682527951319,0.10406627824389487,0.10724915010549343,0.09817617648671642,0.09899438087891974,0.09818742849488613,0.10406627824389486,0.09460561409820825,0.09147249324608678,0.09271447735226485,0.09740122786485872
2017-10-02,0.11493580815827437,0.10441846843097197,0.10786234716266349,0.09833218366544422,0.09928888454064688,0.09836438938968331,0.10441846843097197,0.09468513972169385,0.09206843684603114,0.09301243554773471,0.0979128812415287
2017-10-03,0.11531724975704137,0.1049912553013374,0.10838961203796062,0.09906455342476808,0.09999732046278915,0.09908171250657312,0.1049912553013374,0.09564683136164358,0.09303580545450087,0.09395759482979231,0.09866755106675644
2017-10-04,0.11554839115273755,0.1050701060819292,0.10929704317508991,0.0988969834892152,0.09986394525991468,0.09892614294891136,0.10507010608192918,0.09499763202472533,0.0923939031791645,0.09334825674786364,0.09857568269635589
2017-10-05,0.11499078665479785,0.10464511358756214,0.10914241769273328,0.09803421570033594,0.09919593378699872,0.09806900239794306,0.10464511358756214,0.09420253806558428,0.09178427672893853,0.09259331982156449,0.09823167871540495
2017-10-06,0.11506136581597828,0.1047144874625064,0.10923268149524358,0.09803195023625229,0.09919284154176533,0.09805653841524677,0.10471448746250639,0.09429488590355611,0.09178630641050332,0.09264347529322933,0.09829261924260368
2017-10-09,0.11507537104289073,0.10474307235594395,0.1092348300419664,0.09803509172543785,0.09919855284583881,0.09805680806494316,0.10474307235594393,0.09428109939389097,0.0917865458901201,0.09264358514511836,0.09831035647586814
2017-10-10,0.1143859891958172,0.10395572950455244,0.10775303571453243,0.09714678988065664,0.09833263174980159,0.09717869139548659,0.10395572950455244,0.0930059485134405,0.09085630285932525,0.09156461789043475,0.09754787686776462
2017-10-11,0.11432720912594745,0.10388254329574809,0.10775715187084195,0.09703879971209248,0.09824496663020792,0.09708028375610711,0.10388254329574809,0.09281978976377334,0.09073200353644129,0.0914361156917212,0.09744207889286023
2017-10-12,0.11317350811229511,0.10241418466353115,0.1070284030423618,0.09556445905259624,0.09680374112543962,0.09562454086763524,0.10241418466353114,0.09170100903602683,0.08940900883846788,0.09027644344636715,0.09576372636299543
2017-10-13,0.11038746460808965,0.10009003640156275,0.1065189714287692,0.09343751067244938,0.09460779672697142,0.09351956258193317,0.10009003640156273,0.09113453429425504,0.08831012174534426,0.08959713714909996,0.09378765062043605
2017-10-16,0.10949388961495748,0.09910803996957684,0.10627227504072022,0.09264773746732839,0.09371626890923997,0.09271754145587119,0.09910803996957683,0.09075574386219191,0.08751246389376896,0.08911362944435518,0.09269610058699983
2017-10-17,0.11026224619636614,0.09993539870325643,0.10698726522902928,0.09327574572893953,0.09437251212000655,0.09333590719584618,0.09993539870325642,0.09178617878252474,0.0885345693693764,0.09015330609570554,0.09359789528189123
2017-10-18,0.10958577242550252,0.09912767680285621,0.10655612998547578,0.09209197656942161,0.09331517054651396,0.09214820762678969,0.0991276768028562,0.09060774956122924,0.08737332796474913,0.08898627709393055,0.09272113075273822
2017-10-19,0.1096396671982857,0.09918607127648098,0.10661548866734512,0.09211452359003057,0.09334880063425832,0.09217268074461354,0.09918607127648095,0.09056891984298622,0.08741537724092562,0.08897495491548435,0.09278958219778395
2017-10-20,0.10898790082960771,0.09895477509749133,0.10642743712744497,0.09169112166706836,0.09306449800982278,0.09177937430187064,0.0989547750974913,0.089899693398653,0.08728807334475919,0.08846692513659461,0.09271543282882795
2017-10-23,0.11137192027748825,0.10168399234338471,0.10875563250913725,0.09412540137684966,0.09553467792538528,0.09421636892845439,0.10168399234338468,0.0924515714440856,0.0898222245732943,0.09095621522123026,0.09551072692679848
2017-10-24,0.11124312811499322,0.10162778068383817,0.1088209132039952,0.09411834793963215,0.09551277035755601,0.09421134362133914,0.10162778068383815,0.09245671135437422,0.08982528193213296,0.09096494456951852,0.09549130448804727
2017-10-25,0.11122244920036353,0.1018136568743497,0.10928134334435888,0.09424259846879117,0.09563525652102937,0.09434154591311705,0.10181365687434969,0.09262971621792007,0.09013292020606557,0.09116719844184476,0.09580715854656906
2017-10-26,0.1114538014562531,0.10206518894932792,0.10951731180804099,0.09441542474549518,0.09581653765835252,0.09451079729931794,0.10206518894932791,0.09252842709936335,0.09006007329101065,0.09099511295258475,0.09592544031875329
2017-10-27,0.11168081376145836,0.102065310173788,0.10960832203897651,0.0944162677388864,0.095794966570267,0.09448466853794578,0.10206531017378799,0.09258781059835904,0.0898614807051311,0.09091175286485528,0.0957676397064365
2017-10-30,0.111679180463752,0.1020948975076852,0.10961219876787925,0.09445616477655953,0.09583431227656429,0.09452370876682874,0.10209489750768519,0.09288370866407247,0.0902278376953755,0.0912094282531023,0.0958600594683137
2017-10-31,0.1126567419509746,0.10311231027127785,0.11052541600207316,0.09563059751144043,0.09696903299310432,0.09571420813051122,0.10311231027127783,0.09384704879815826,0.09128506793805612,0.09226792552665704,0.09682728634332739
2017-11-01,0.11206015292567642,0.10274283733650537,0.11058201869063365,0.09517039653631641,0.0965335717172391,0.09526547805689488,0.10274283733650535,0.09370592105660461,0.09103729269130592,0.09210854990765088,0.09669152589413144
2017-11-02,0.11331875913471394,0.10402015627675083,0.11111086209557687,0.09694702325914288,0.09816928300479912,0.09701718374902495,0.10402015627675082,0.09638297675505969,0.09310749389747931,0.09477538454620678,0.09771278850248515
2017-11-03,0.11415410504391295,0.10486610082149102,0.11174377618308458,0.09776974898998822,0.09900146615409514,0.09784674993528687,0.10486610082149099,0.09693376802121996,0.09382542698815376,0.0954137433557505,0.09839675291979791
2017-11-06,0.11453309708626341,0.10538508515070681,0.11263051500414074,0.0981089619705483,0.0993739392439811,0.0981961800588455,0.1053850851507068,0.09710265187069442,0.09415836026453125,0.09563253934437045,0.09914127790865704
2017-11-07,0.11438932936968416,0.10527050515595981,0.11263224028943628,0.09805355883570437,0.09929392782392629,0.09813723801717399,0.1052705051559598,0.09710315996363168,0.09414446887175816,0.09563212496585365,0.09904105279907609
2017-11-08,0.11595035425195435,0.1071926518178853,0.11279942037410773,0.09953141512976117,0.10094949467809806,0.09962957576628265,0.10719265181788527,0.09939554013331227,0.09633798023851885,0.09793222245048938,0.10127601694224662
2017-11-09,0.11595355978824907,0.10719169255563976,0.1117592477402761,0.09949588094509267,0.10093817018862339,0.0995942872238124,0.10719169255563973,0.09939876223112362,0.0963379242805054,0.09792887823610488,0.10123512017760689
2017-11-10,0.1157904423015023,0.10753706583179613,0.11232380441367056,0.09959675537535319,0.10111742503662653,0.09969691029467852,0.1075370658317961,0.10001494391797562,0.09715287656054453,0.09856501581246704,0.10280449186667089
2017-11-13,0.11568955283434013,0.10761465256259016,0.11008636770205445,0.09932553726488531,0.10102082920256433,0.09945458643269374,0.10761465256259015,0.10041451190912498,0.09786756310839445,0.09909591553608796,0.10315556989798103
2017-11-14,0.11544712123965628,0.10720819226008117,0.11024121976993906,0.09913111989600452,0.10073597061808537,0.09924283846501894,0.10720819226008114,0.10042975234473363,0.09768864480199178,0.09909691655880552,0.1026138121962381
2017-11-15,0.11255738615188977,0.10435605023035505,0.10699642518740231,0.0971359392479476,0.09841360658728127,0.09721548539293251,0.10435605023035502,0.10081686160084462,0.09718858116900159,0.09912348501821384,0.09994079323304779
2017-11-16,0.11293824563483554,0.10478853347510461,0.10778491999368703,0.09816328961127281,0.09925344050082348,0.09822402151095092,0.10478853347510458,0.10144498346460766,0.09779735721208646,0.09970914391784906,0.10031953336506483
2017-11-17,0.11238830622238362,0.10421331355089103,0.10783104783862653,0.09816873217964008,0.09910608120766541,0.09821508307972504,0.10421331355089102,0.10155115417248187,0.0978512864250518,0.09975025942363822,0.09973522950251397
2017-11-20,0.11312095202719957,0.10493081809343399,0.10784774564609044,0.09934729323246345,0.10015037380569851,0.09940574847159576,0.10493081809343398,0.10345350210171626,0.09933019728299948,0.10170764832415702,0.10042054558770254
2017-11-21,0.11503450291920365,0.1067984518575941,0.11017604758748725,0.1016399971349563,0.10239234645494365,0.10172061639495372,0.10679845185759408,0.10472700416387587,0.10098158320001173,0.1032664821879062,0.10212968951677034
2017-11-22,0.12002866594622102,0.11160925356031191,0.11517753651995806,0.10644091824504699,0.10722740189437037,0.10651448717277144,0.1116092535603119,0.1075934136799295,0.10363169369755704,0.10607553388130418,0.10645966064080573
2017-11-23,0.11834482087083618,0.10980417919939434,0.11370176231548491,0.10495514013373407,0.10563670187110409,0.10501605998428667,0.10980417919939432,0.10686829227787303,0.10257857964704382,0.10522714804281198,0.10471920624184208
2017-11-24,0.11836564573161687,0.10980974227127197,0.113776518320818,0.10494571599626705,0.10563391646530744,0.10501258173230688,0.10980974227127195,0.1068101440044345,0.10252835898803797,0.10518395375012843,0.10468213012069778
2017-11-27,0.11833941512430078,0.10974572837535487,0.11352976515344143,0.10489144349300368,0.10556433262748349,0.10495898333491253,0.10974572837535486,0.10666035256553544,0.10232965825477942,0.10500397815416503,0.10458340721910601
2017-11-28,0.11834788732560944,0.1097604499530042,0.11353684385066676,0.10488554216078158,0.10555354729981395,0.10495149982544502,0.10976044995300417,0.1066241305419149,0.10229532591342765,0.10495302028359688,0.10461776962039741
2017-11-29,0.12186867252027024,0.11377185775022165,0.1162382358461879,0.10898532791662151,0.10961833554188531,0.1090322411733198,0.11377185775022164,0.11103299854163227,0.10682378576989535,0.10942372828251481,0.10899544915480537
2017-11-30,0.12076984370711549,0.11274290933126167,0.11560700860339107,0.1086335434630783,0.10908961625086126,0.10867389711559387,0.11274290933126166,0.11142449977027373,0.10692812309840187,0.10992260773164568,0.10803302259582531
2017-12-01,0.1209588037983471,0.11309368715455341,0.11581049985210841,0.10916765067772838,0.10961544177792591,0.10921179280332917,0.1130936871545534,0.11276132137552648,0.10840865603009806,0.11136426390371204,0.10858527805145482
2017-12-04,0.12207287192828378,0.11438659538110814,0.11720465463422348,0.11059857803330503,0.11100499850148206,0.110636328565969,0.11438659538110812,0.11590704086435216,0.11084481709902921,0.11429838711158906,0.11012440203390084
2017-12-05,0.1271882589100027,0.12022565722867662,0.12198887662815584,0.1163775374685645,0.11671988509244996,0.1163915018137887,0.1202256572286766,0.12158307771935853,0.11678870169903442,0.1201520340558886,0.1165903261219734
2017-12-06,0.1271207534643244,0.12019555020791949,0.12210213330724688,0.11641496010838316,0.11673996966429993,0.11642603603340754,0.12019555020791949,0.12185341008962744,0.11695401414683979,0.12037257443413305,0.11659839733811286
2017-12-07,0.1273176525690771,0.12059618366680411,0.12307115974663002,0.11737531400261314,0.11753791394182507,0.11735992260433412,0.1205961836668041,0.12528520505541832,0.11933856649938211,0.12330840500959833,0.11729214292184825
2017-12-08,0.12687488549368722,0.12019172260178804,0.1227918914054357,0.11707506263248092,0.11723304711696791,0.1170577184970505,0.12019172260178804,0.12538596286762108,0.11930051396172177,0.12332282361646849,0.1169890869899778
2017-12-11,0.13421456498935525,0.12831186851097798,0.1275038099904721,0.12396241381102777,0.12437908914141994,0.12400181387093698,0.12831186851097798,0.12912568528795956,0.12463224174820299,0.12767428410027185,0.12577359334435498
2017-12-12,0.13427023627337176,0.12836005798415961,0.12751340193049548,0.12405273020992309,0.12447025028052706,0.12409609071551647,0.12836005798415961,0.12912724134973524,0.12484908228577568,0.127714994305836,0.1258167465706191
2017-12-13,0.1341119842792858,0.12847558536058615,0.1281416307763084,0.12411410870420994,0.12452445079842919,0.12417344334544424,0.12847558536058615,0.12906372458641288,0.12480651710527577,0.12766168383879975,0.1261223540936108
2017-12-14,0.1360965951228392,0.1306717194941378,0.13014644249119622,0.12576324866110283,0.12630338983468983,0.12584185475030088,0.1306717194941378,0.13001423637710605,0.1258363320070286,0.1286286767055919,0.12832446368430775
2017-12-15,0.13597568764440562,0.13060150771556092,0.1302175327406748,0.1257412067766829,0.12626820256177296,0.12581905926549325,0.13060150771556092,0.13002845323989354,0.12582803870190779,0.12859878454468623,0.12833156353726588
2017-12-18,0.1384712416732086,0.1332714095913867,0.132178845817943,0.12919890849131108,0.12953971109940346,0.12923360016017646,0.1332714095913867,0.1354128842963838,0.1300139482640423,0.13376765149433023,0.13099882930037654
2017-12-19,0.13874724772106928,0.13354904958045766,0.13217882081176993,0.12961367878173086,0.12993287908553486,0.12965014290975876,0.13354904958045766,0.13580562466104534,0.13057779081185442,0.1343459513098326,0.13128416917435046
2017-12-20,0.1387736302827388,0.13365764786567727,0.1328715624336042,0.12964173791513947,0.1299705016387534,0.12968072022467353,0.13365764786567727,0.13580249553728366,0.13058861784471948,0.13435214332565287,0.13149487747313646
2017-12-21,0.13925195086425016,0.13392207460276284,0.1329010012603791,0.12997386954947676,0.13028692909628523,0.13000892264744993,0.13392207460276284,0.13559119321160834,0.13057006224275167,0.1341590273178151,0.1316229615841399
2017-12-22,0.13955785851405927,0.1342283092984873,0.13283881111742482,0.13026545480116763,0.13058181154166318,0.13030450542171496,0.1342283092984873,0.13582793106592464,0.13079301239093072,0.13441257210484664,0.13193030334719605
2017-12-25,0.139681582695655,0.13431309315937892,0.13319047404077405,0.1303344523682263,0.13065985727061283,0.13038114742047577,0.13431309315937892,0.1359254115469876,0.130799025894319,0.13446929078908937,0.13199341964188982
2017-12-26,0.13987572491145164,0.1344215398632876,0.13328621652035996,0.13041662245831873,0.13074460719452244,0.13046095501380603,0.1344215398632876,0.13587415565032598,0.1307074618583025,0.1343893337992112,0.13202475214951023
2017-12-27,0.13968288610081245,0.13441535329038867,0.13327408944032937,0.1304152830827837,0.13073712992285924,0.13045682995020225,0.13441535329038867,0.13596045664850437,0.13070610395974988,0.13444980191126793,0.13211871907056927
2017-12-28,0.13992926645295906,0.1348619377942044,0.1339673294709115,0.13059349120637395,0.13095425261492022,0.13063765236440628,0.1348619377942044,0.13583292958092796,0.13070873198728095,0.13433528121347604,0.13271156821588267
2017-12-29,0.13987226179100454,0.13486050062903807,0.13409788314129215,0.13060827459368662,0.13096553862166405,0.13065092716380539,0.13486050062903807,0.13594923746159923,0.1306853913111793,0.13436887151460855,0.1327139974524232
2018-01-02,0.1437757511311767,0.1388213370012455,0.13739921864723195,0.13391534916311632,0.13439503017944085,0.13397025662357723,0.1388213370012455,0.13807610068359819,0.13303263147557592,0.13669184737873924,0.13665205961375015
2018-01-03,0.1429123753301044,0.13827767438732122,0.1358637141241856,0.13369314317103934,0.13408839414903764,0.1337358826813765,0.13827767438732122,0.13819410763454612,0.133267919998488,0.13680013413015657,0.13624578760417583
2018-01-04,0.14231009753195956,0.1377341811232083,0.13565532566165647,0.13340310436430688,0.13371342208570747,0.1334317593405593,0.1377341811232083,0.13759208872155623,0.13288947735239232,0.13634736374469952,0.13578686419343852
2018-01-05,0.14307433576569523,0.13872013595209068,0.13627481508730718,0.1340657936382433,0.13444511071723375,0.13410612616100726,0.13872013595209068,0.13762281689897835,0.1332964489158812,0.13643411356100665,0.13700798242854154
2018-01-08,0.14637634712694672,0.14187790079656332,0.14082826702922105,0.13701304389133417,0.137431810425694,0.13707586350997714,0.14187790079656332,0.14099591089233027,0.13599678737616422,0.13966815884960215,0.13999470373700842
2018-01-09,0.14754265436625377,0.14300196439192636,0.14251846742358684,0.137839160628069,0.13828999613476226,0.13787247745557382,0.14300196439192636,0.1417541558025616,0.13682198744470833,0.14032062928546726,0.1410221956079552
2018-01-10,0.14728183116906207,0.14284677446515345,0.14246107084264187,0.13771754207275527,0.13815747564567735,0.13774585223602642,0.14284677446515345,0.14179697731213645,0.13697975944755764,0.14041980133627233,0.1409312413994767
2018-01-11,0.14511348370470292,0.14220488591402433,0.14513139924379448,0.1384183392050908,0.13848794633389414,0.1383329439904186,0.14220488591402433,0.14521336708748314,0.140127506319809,0.14373172244083476,0.14121144397863755
2018-01-12,0.14553126985056086,0.14256591936850904,0.14544241001667332,0.13843584239216777,0.1385339992130321,0.1383540023462289,0.14256591936850904,0.1467405000450043,0.14089415093872093,0.14504781099973207,0.14155356516780296
2018-01-15,0.1474681683504219,0.14452817293350426,0.1467547955754918,0.14020205629418428,0.14035668474619226,0.1401189767890547,0.14452817293350428,0.14911511990870352,0.14322626112047418,0.14725439471670435,0.14352912796333264
2018-01-16,0.1476161332424121,0.144618969804687,0.14727247499482754,0.14033730552710466,0.14048107435555576,0.1402549150668604,0.14461896980468703,0.14902494768002822,0.14315694938340642,0.1471632749971222,0.1435536851931213
2018-01-17,0.15098555002022376,0.14814634173082683,0.14977619106372042,0.14290902038858994,0.14310033419014254,0.14280589186206943,0.14814634173082683,0.14923514270733032,0.14396398267583996,0.14756323349131772,0.14716048472407248
2018-01-18,0.15270834256791882,0.14994079871060453,0.15128128663649346,0.14440737941895132,0.14463593271971834,0.14428636209329793,0.14994079871060453,0.15082966631293837,0.14548329261028647,0.14903129493255315,0.14897965751970899
2018-01-19,0.15223984897630016,0.1500814394951056,0.15110566513740228,0.14475889728613006,0.1449240498343711,0.1446198856376519,0.1500814394951056,0.15305559986742756,0.1471834702265105,0.15086656776006027,0.14955613166708917
2018-01-22,0.15544221819659856,0.15377746433872008,0.1533267873082468,0.14815377751730782,0.1484196321708062,0.14803251621915087,0.1537774643387201,0.15681271920984638,0.152007344382586,0.15519299276705634,0.15377737143380435
2018-01-25,0.16096818558697312,0.15967337447735808,0.16567045500206368,0.15267851119971665,0.1531254356119234,0.15265655497908784,0.1596733744773581,0.158441876745495,0.15443860567298595,0.15713717412538872,0.15993814833819983
2018-01-26,0.1609572511354619,0.15978465962148683,0.16553220612935535,0.15269389353803525,0.1531295848172008,0.15266055413922863,0.15978465962148683,0.15843605029661692,0.15444776453022283,0.15716640709772517,0.16007672578897092
2018-01-29,0.16023981691986916,0.1592430056829945,0.16566755642868297,0.15247401708625108,0.15282616500962493,0.15242725903664472,0.1592430056829945,0.15997386875221736,0.1558847540479824,0.15870807427650038,0.1597188513792507
2018-01-30,0.16021940416093894,0.15929196233940493,0.1657499016504843,0.152433323623808,0.15283581523801046,0.1523956585958683,0.15929196233940496,0.1599879922773162,0.15584854761210548,0.1586837794668056,0.1598150318473542
2018-01-31,0.16135101963853218,0.160488716928751,0.16704491956025144,0.1529353094195371,0.1533847320376081,0.1528982344325292,0.16048871692875102,0.15993639952386388,0.15579557001372185,0.1586382808479935,0.16104773312036472
2018-02-01,0.16263078288975025,0.16173866066088316,0.16914707745775034,0.15411362022046282,0.15456483386176473,0.1540512382526037,0.16173866066088316,0.1612891288008863,0.15725728180923362,0.1599835544885433,0.16226311272340274
2018-02-02,0.16266562234209492,0.16174006448166656,0.1691646339490923,0.15411697286607537,0.1545705959423947,0.15405466401931578,0.16174006448166656,0.161288436742809,0.15725841603459706,0.15997906650886246,0.1622298876861241
2018-02-05,0.18371137243217267,0.18290541871320606,0.19208484556613842,0.1739393362116497,0.17466903460703934,0.17390216636964165,0.18290541871320606,0.17710179961464753,0.17455827232963644,0.17630410277037273,0.18329845446795906
2018-02-06,0.19220082264487717,0.19186279590269759,0.20161958471026137,0.18403441376019883,0.18457205167471033,0.18407157419791592,0.19186279590269759,0.18772887862468288,0.18552343610304986,0.18709098134571975,0.19269118744602923
2018-02-07,0.19538117131558355,0.19587408266592882,0.2072179496049501,0.1874015782028626,0.188218924788809,0.18749942291684973,0.19587408266592884,0.19411106717156507,0.1912997810227096,0.19310154584983805,0.19746908941294045
2018-02-08,0.19809104924476537,0.19862075034124288,0.21156747930870068,0.18995866991335664,0.1908276606860222,0.19007734821958858,0.1986207503412429,0.1961610543191131,0.19335383159535452,0.1951390782565128,0.2002517886670487
2018-02-09,0.19915645969144646,0.19977234807870595,0.21388499973543162,0.19158248861096253,0.1924132432487362,0.191690335958348,0.19977234807870597,0.19895935037949067,0.19606256643747108,0.19792558164998905,0.20149425503783194
2018-02-12,0.20743552428782025,0.20789661611150306,0.2195871976611247,0.19841912099902484,0.19931489480342435,0.19856396008334573,0.2078966161115031,0.2013602387607624,0.19878873620555934,0.20047037929709938,0.20931035420382013
2018-02-13,0.20822408776879833,0.20892306639506214,0.2201455652579967,0.19953124039869524,0.20041999097715607,0.19967459738235507,0.20892306639506217,0.20393771297129262,0.2012711363052002,0.20309778147606417,0.2105834716731543
2018-02-21,0.21069087983775606,0.2113439982720701,0.22269376843243444,0.2021163574067797,0.2030258753457817,0.20227497194844757,0.21134399827207012,0.2063625370046392,0.20400359502369989,0.2056328864167118,0.21296333525715394
2018-02-22,0.21098921300677245,0.21198629277747066,0.22367693187301715,0.20333923629419948,0.2041050444318577,0.20347608026941275,0.2119862927774707,0.20785333462065272,0.20558393379479503,0.20713879039195845,0.21386742769205916
2018-02-23,0.21374230089459378,0.21444144202168103,0.22661528056576152,0.20520879683626628,0.20601620478807922,0.20535793658214999,0.21444144202168106,0.2079224129988567,0.20571286501333194,0.20721115242260305,0.21598297214414208
2018-02-26,0.21388442692741913,0.2145558519166803,0.22730946790069353,0.20542052760010232,0.20622204492493884,0.20556948560400054,0.21455585191668033,0.20814189814057868,0.20586955560204084,0.20742416773035566,0.21606852949488914
2018-02-27,0.21291881579516186,0.21369249179936528,0.22651119016596152,0.20424029861004211,0.20511555839730514,0.20441112559112215,0.2136924917993653,0.20702064698153555,0.2048360806492462,0.20632246843611765,0.21536046879406973
2018-02-28,0.21295815072374502,0.21373192159893417,0.22652513979459607,0.20418946867244142,0.20507795394128622,0.20436348455294606,0.21373192159893417,0.20689704111958535,0.2047663080981182,0.206216120452247,0.21539406886508553
2018-03-01,0.2133987237513095,0.21425240814669694,0.22658823427478933,0.20462143250200954,0.20551000500777203,0.20479560974214897,0.21425240814669697,0.2075156350184313,0.20536880414989397,0.20683769146471595,0.2159822129251331
2018-03-02,0.2134033176909521,0.2142651473406682,0.22657905528950376,0.2046286119098106,0.20551857939453694,0.20480309647890077,0.21426514734066823,0.2075489050130785,0.2054411202901768,0.20688185986665938,0.2160038321335125
2018-03-05,0.21877045079943852,0.2194828529971469,0.23275347898496204,0.20887779733000536,0.20982407994080332,0.20904969292792872,0.21948285299714693,0.20927422906129173,0.20728174899993057,0.20866703151729532,0.22102870766354824
2018-03-06,0.22199869493839336,0.22253868980615998,0.23664808687057406,0.21103611607664663,0.2120474880880588,0.21123019829203135,0.22253868980616,0.20930618485288136,0.20741470496426276,0.20874483046078643,0.22383231409415064
2018-03-07,0.22327721706360423,0.22372645466247054,0.23772466329147787,0.21194658503643488,0.21297744356779458,0.21214100968846566,0.22372645466247057,0.20960405409884283,0.2076531957888068,0.20901442277473387,0.22493666734001738
2018-03-08,0.22337239639415835,0.22395742028209165,0.23801692731304638,0.21234689395566475,0.21336493091027445,0.21253969849853535,0.22395742028209165,0.2103147418618014,0.20850182764671443,0.20970966690852694,0.2252438224061486
2018-03-09,0.2234048445046133,0.22391621740436177,0.23796547906928361,0.21221874297648627,0.2132470340229894,0.21241236541795946,0.2239162174043618,0.20998818638249403,0.20816119337041483,0.2093871335083176,0.22509483782403567
2018-03-12,0.22348936058863642,0.22394299411663252,0.23800921346226073,0.21221647759356402,0.2132442838464097,0.21240760852502547,0.22394299411663252,0.2099761885651351,0.20813536220894158,0.20936065618679686,0.22502856951276265
2018-03-13,0.22338656412682742,0.22386555115381182,0.23790685818589083,0.21221252089109166,0.21322762283066027,0.21240177041903055,0.22386555115381185,0.2101011308250526,0.20826094893313074,0.2094878110459466,0.22495930560209423
2018-03-14,0.22338666810784472,0.22385884206032322,0.23792167215189003,0.21221163184585534,0.2132276145270232,0.21240125962833195,0.22385884206032325,0.21018663220853276,0.20831188298294534,0.20956187242554875,0.22492701957343686
2018-03-15,0.2233941847698162,0.2239003825033176,0.23792383200031034,0.2122065280737497,0.21324790912365182,0.2124069593960757,0.22390038250331762,0.2103774046967778,0.2086426752391069,0.2097938202932721,0.22504884133148353
2018-03-16,0.2234281519076229,0.22402273658328017,0.23813827258188497,0.21241954346683448,0.2134483015610066,0.21262418089652987,0.22402273658328017,0.2107380450522662,0.20895367579440288,0.210144973691228,0.22525773335886498
2018-03-19,0.22343464857869008,0.2240383255902997,0.23813843067361348,0.2124224267135897,0.21345344778857078,0.21262766466820535,0.22403832559029974,0.21073631129604187,0.20893945509577974,0.21012865889036872,0.225282364254134
2018-03-20,0.2234194618052981,0.2240359191044158,0.23811515749180306,0.21242255613688033,0.21345220614341157,0.2126274311752833,0.2240359191044158,0.21075432142054368,0.2089451306906453,0.21012910955943134,0.22528962052428017
2018-03-21,0.22340940197269973,0.22402273120481198,0.23809967607609206,0.21241999766030986,0.21344699729198816,0.21262397342130263,0.22402273120481198,0.2107850562309413,0.20897211084738454,0.21016766438071274,0.22525905006840993
2018-03-22,0.22328354473078754,0.22395979818657757,0.23811336846323386,0.21231085894863255,0.21334056233607168,0.2125145737743496,0.22395979818657757,0.21074889581546571,0.20893274311592472,0.21012332944241177,0.22525066290161072
2018-03-23,0.22576095740102917,0.2261809809834308,0.24032520132733884,0.2143560617067831,0.2153865916986862,0.2145529798008467,0.2261809809834308,0.21183230323252117,0.20990689824968578,0.21113483280678785,0.2271935621210034
2018-03-26,0.22629654766927843,0.22670663148041456,0.24099216363773132,0.21487829560898425,0.21590965551360272,0.21507224849195344,0.2267066314804146,0.21177131738636107,0.2100201430631927,0.2111993397440386,0.22768257304663003
2018-03-27,0.22626091393238978,0.22668720643461635,0.2410081202907916,0.2147901383728522,0.21582707165007886,0.21498312666792738,0.22668720643461637,0.21173892302585734,0.21000031181933373,0.21117969126134478,0.2276747832154305
2018-03-28,0.2264022354043037,0.2268624940542536,0.2412993458234745,0.21491543781346759,0.2159645341346541,0.21510620027783517,0.22686249405425363,0.2123693424495721,0.21049258307258298,0.2117797344411398,0.2278964395800838
2018-03-29,0.22652079680343534,0.226933026698152,0.24130260273435092,0.21482959593401718,0.2158933888906745,0.2150274116908505,0.226933026698152,0.21147742258604235,0.20968478181419162,0.21098113195039558,0.22786645050808482
2018-03-30,0.22647561446378128,0.22688744383327655,0.24128560338986912,0.21478044909293084,0.21583972308297544,0.21497992584200412,0.22688744383327655,0.21159532385475702,0.20971966197712094,0.2110813737090421,0.22781998936183998
2018-04-02,0.2273552299801494,0.22758983538699162,0.24209996108606496,0.214934220334044,0.21602095998404833,0.21513476797558462,0.22758983538699165,0.21175144778389593,0.2096576071853456,0.21107617680407603,0.22829765668712917
2018-04-03,0.22762530915308155,0.2280567210481303,0.24235376527932764,0.21586949958299512,0.21693269663050663,0.21607422550096855,0.2280567210481303,0.21642625125950038,0.21398503947982336,0.21570207341016884,0.2290278783431112
2018-04-04,0.2276673037495089,0.22806055623213095,0.24231756890345102,0.2158806153895825,0.21694491672162342,0.2160847078693868,0.22806055623213098,0.216372997658431,0.21398279180943658,0.21566699876403633,0.22901307734272783
2018-04-05,0.22759363158889453,0.22801087986022003,0.24229418691588353,0.2157956292294414,0.21686793302825452,0.21599975747837338,0.22801087986022006,0.21642089878791454,0.21402461480159382,0.21570542287089162,0.22898415943000683
2018-04-06,0.22741728775143474,0.22774547501232068,0.24190835855251264,0.21549707845468719,0.216574685073435,0.2157018237742033,0.22774547501232068,0.21580146713149315,0.2134921705041237,0.2151050516728587,0.22863449798554245
2018-04-09,0.227156147820606,0.22736255194314092,0.24159556654846517,0.21498203097088311,0.21606953071547927,0.2151941568017489,0.22736255194314092,0.21522266477363974,0.21290384867812426,0.21454254610490087,0.228118906558652
2018-04-10,0.22704194344468956,0.2273301983147711,0.24161146945506162,0.2149170301152015,0.21600682364927637,0.21513161301058,0.2273301983147711,0.21515594120618062,0.21284878157974,0.21449103641304323,0.22816360196877333
2018-04-11,0.2312566378046629,0.2313723136687991,0.24555338218988115,0.2185976035971693,0.21969727060034394,0.21880853305594503,0.2313723136687991,0.2167317782831588,0.21470546907561439,0.21626895699082513,0.23195547937607028
2018-04-12,0.23125099771910293,0.23137582714679267,0.24557726275195463,0.21864064508210299,0.21973762183908052,0.2188502594277923,0.23137582714679267,0.2169296804495384,0.21488107711900897,0.21645039250524095,0.23196378751357863
2018-04-13,0.23332742462539705,0.2332175926068695,0.24633442771990477,0.2201400046204555,0.22124263539423292,0.2203460184816421,0.2332175926068695,0.2175513631361508,0.21561146673867948,0.21710368978293154,0.23357011516798887
2018-04-16,0.23357839213078516,0.23346083502618212,0.2464153782699535,0.22037898732833913,0.2214809140752195,0.22058799224778441,0.23346083502618212,0.2177773489228704,0.21584557081842892,0.2173309464457538,0.2338256239850799
2018-04-17,0.2335684180693533,0.2334270176612438,0.24639988945666796,0.22034643400073936,0.22144608745325986,0.22055401641842878,0.2334270176612438,0.21805102110958405,0.21604275330934225,0.21756937297897055,0.23377912095952103
2018-04-18,0.23546474195401593,0.23495859122527377,0.24680089556585305,0.22174865612552264,0.22285421380684695,0.22194102269996496,0.23495859122527377,0.21846204989195883,0.21638155040834745,0.2179378591964737,0.23491467525825693
2018-04-19,0.24452006652001254,0.2438732410725282,0.2554907129878293,0.2311125993119078,0.23217632803432492,0.2312732058048666,0.2438732410725282,0.22702121189802524,0.2248966126499857,0.22662569765459376,0.24352163882360958
2018-04-20,0.2467353626150413,0.24581528020716784,0.2569412801505157,0.23315573590773772,0.23420983903896475,0.23330228614836598,0.24581528020716784,0.22890408817892702,0.22669004425314446,0.22846205836044312,0.24515618271798406
2018-04-23,0.25739837056141834,0.2553858243239222,0.26667077904013115,0.24146421541104415,0.24253421383929913,0.24159907281058604,0.2553858243239222,0.23343493897073778,0.23111904620229826,0.23262241888630733,0.25356536706028227
2018-04-24,0.2573550341305289,0.2553670382056474,0.2670332968251792,0.24143012277521472,0.24249861477268075,0.24156784032438783,0.2553670382056474,0.23353134905587133,0.23124272717497885,0.23271829676209363,0.25358088425677777
2018-04-26,0.26821101186993823,0.26495710714516274,0.27504978965563587,0.25076368443849417,0.25180449255485465,0.25083530025540834,0.26495710714516274,0.24044398690583582,0.23735066748682562,0.23900347983269624,0.2616169775668829
2018-04-27,0.2689288792528878,0.2656058096597706,0.2754650662867543,0.25143772576639845,0.25247398259811404,0.2514999341399126,0.2656058096597706,0.2418928247649733,0.23853585808010555,0.24027491306212048,0.26217929150179825
2018-05-02,0.2699863428857223,0.2662472235300723,0.2756440439718941,0.2519574985665255,0.252966910128872,0.25201086715687215,0.2662472235300723,0.2412261009911211,0.237839914934472,0.23961094889214096,0.2624795926859951
2018-05-03,0.2701265662346825,0.26641749167465273,0.27608834771972496,0.2521511056860969,0.25315751826868726,0.25220252075569566,0.26641749167465273,0.24187587855174938,0.23846076057620266,0.24020183492416522,0.26267649285100875
2018-05-04,0.27017897405066865,0.26641031101180906,0.27608456247960156,0.25218160833188746,0.2531814399541776,0.2522305130391031,0.26641031101180906,0.24204103221179865,0.23847907757732512,0.24027626489898882,0.26261209268376595
2018-05-07,0.2754095164255834,0.27170559881256606,0.27999768667462654,0.2576845450431762,0.25866062655578237,0.2577243728962751,0.27170559881256606,0.24861123589709105,0.2449696719239451,0.24670155770213464,0.26803458290068566
2018-05-08,0.27540827319087585,0.2718276401144745,0.28012394953917125,0.257834849132323,0.2588067004660318,0.25788212055583876,0.2718276401144745,0.24888588837653727,0.24536269132823627,0.24705228006525207,0.2682907555093277
2018-05-09,0.27577684263900043,0.2721694368923643,0.2804429351042049,0.2582068680436469,0.2591737329217518,0.2582530567659003,0.2721694368923643,0.24917071542214106,0.24561043861360754,0.24732074862776063,0.26858177133501654
2018-05-10,0.28003698511738084,0.27629320151948983,0.2854190141305339,0.2620312970071422,0.26299729566549995,0.26206591963585096,0.27629320151948983,0.25224586371250923,0.24853956436311836,0.2502825701273421,0.2724912529677998
2018-05-11,0.280837115834787,0.27700965190182325,0.2860858272384656,0.26257922645008686,0.2635508496709089,0.2626117412481823,0.27700965190182325,0.2522050891428043,0.24860572360500385,0.25028418936693514,0.2730559948985497
2018-05-14,0.28047930229438806,0.2767128542699393,0.28556651953604917,0.2622272137696017,0.26321368384274496,0.2622638479234827,0.2767128542699393,0.2512010846876618,0.24797127794128968,0.2494029285740781,0.272951230612712
2018-05-15,0.28028191329542973,0.2765039979343714,0.28538936686629623,0.26199789186746686,0.2629820366139435,0.2620333836810592,0.2765039979343714,0.25107070476747034,0.24779807761036826,0.24924567283019275,0.272783494016483
2018-05-16,0.28209550660166016,0.2783520881305084,0.2866370325338636,0.263759944849977,0.26474343387666077,0.26378642929125606,0.2783520881305084,0.2523857162995495,0.24911768243619906,0.25049950510646857,0.2746662625255178
2018-05-17,0.2836231611070046,0.280126434961919,0.28759153212318594,0.2651572496474734,0.26620406642888345,0.2651928680149414,0.280126434961919,0.25348127610626514,0.25040734098977424,0.25178495853507243,0.27662142807925844
2018-05-18,0.2829705276220373,0.27948231047295913,0.2868557099663092,0.2645019445988423,0.26554029726426553,0.2645447878794155,0.27948231047295913,0.25254344084305036,0.24959324978995373,0.2508973466293915,0.27602896414244704
2018-05-21,0.2853382738877818,0.28171055219029895,0.28856607459130074,0.26674016811210355,0.2677851991152701,0.26678742057167515,0.28171055219029895,0.2534100230033227,0.25067663350385855,0.2518919017151655,0.2781377204027547
2018-05-22,0.29195523252351435,0.28796703478721,0.29389896381929653,0.2719082548903488,0.27305490723521053,0.2719592953476513,0.28796703478721,0.2561326256279289,0.2536580730758709,0.2546925832694619,0.28360829563239964
2018-05-23,0.2933343705311227,0.2889133414423213,0.2951814881313717,0.27430333608471513,0.2752317299878827,0.27432216742228654,0.2889133414423213,0.2586114350536939,0.25570606970396903,0.25674645975669286,0.2842563565281639
2018-05-24,0.2939481860975515,0.2895365851283655,0.2960579468641652,0.2747720867705439,0.27570936935286383,0.27479479659488665,0.2895365851283655,0.2591239428175639,0.25622862375168537,0.2572676620170992,0.2848766918361305
2018-05-25,0.29751177298645975,0.29292537407921887,0.2985864818116381,0.2776460213001914,0.27863896327142007,0.27767545993801496,0.29292537407921887,0.26227948164205667,0.259443993438815,0.2605916717739106,0.2880544215827023
2018-05-28,0.3088164799583252,0.3035074504341541,0.3094310660229491,0.2870445364213731,0.28811504317598946,0.2870265595029949,0.3035074504341541,0.2732294833111735,0.26951789756283906,0.2706299542806381,0.2977539523612657
2018-05-29,0.31565238308972443,0.3099964194675337,0.3158854104095294,0.29184087677262177,0.29299839815989925,0.2918013034344582,0.3099964194675337,0.2758682815654621,0.2722349902188974,0.2729738156034611,0.30370785777673903
2018-05-30,0.31554573081745646,0.30994692508439475,0.3158578227018771,0.2918171989985589,0.29300968358944257,0.29177338387522583,0.30994692508439475,0.27706740261502966,0.27349987416557725,0.27418319017619264,0.3037660187438494
2018-05-31,0.318321659805769,0.3124542359697605,0.3184049002695974,0.29302080043554424,0.2943386976358828,0.2929835950445298,0.3124542359697605,0.27713070748208846,0.27356067705164083,0.2741512846126323,0.30582380103494194
2018-06-01,0.3174973689981101,0.31197359129070357,0.3177082352620347,0.29226555042255137,0.29362972037486196,0.29224015843824935,0.31197359129070357,0.2773224971301271,0.2738915761932107,0.2744354792157741,0.3057006245540693
2018-06-04,0.3198478180898054,0.3146354351770212,0.3197464921198556,0.2943533194415577,0.2957736280435359,0.2943182400216054,0.3146354351770212,0.27967236828214764,0.2762767555696105,0.2766793703417153,0.30865727968314927
2018-06-05,0.3202554221355389,0.31498398788635806,0.32030644880166304,0.2952005119701898,0.2965614601720939,0.2951680198107696,0.31498398788635806,0.28085586471954227,0.27737590649267485,0.27794927204861153,0.3089938083476171
2018-06-06,0.32053766068018896,0.31530122578760655,0.32034024114315257,0.29520397088155464,0.29657404169598806,0.2951707921320925,0.31530122578760655,0.28085915312012333,0.2773648741859587,0.2779528037641404,0.3092850839821433
2018-06-07,0.320656127818301,0.31535039582113344,0.32038322018148163,0.29528260202016166,0.29664531541302497,0.2952492837349014,0.3153503958211334,0.2808655231871781,0.2773699159874188,0.27796464190680864,0.3092721934613278
2018-06-08,0.3192689143483837,0.3138245189418305,0.319337592532867,0.293704312061495,0.2950790611650638,0.29367890731049945,0.3138245189418305,0.2790980094908497,0.27556991085635035,0.2761685068298292,0.3076201458040168
2018-06-11,0.3194416168641936,0.31394537733217814,0.3197178542023692,0.29367515908519176,0.29507725728871087,0.29364796255680387,0.31394537733217814,0.27892231018884356,0.27542739452231646,0.27594694995944596,0.30768357235925226
2018-06-12,0.32076455756261446,0.3151065165121743,0.3211445970028194,0.29470824135924295,0.2961126613768294,0.29469065137045986,0.3151065165121743,0.27893850845159834,0.2754463597153919,0.275959296963249,0.30867398942446017
2018-06-13,0.3203858118697142,0.3146369784876198,0.32067260958214383,0.2941289773207942,0.2955640103554523,0.2941194389438173,0.3146369784876198,0.2774700864755428,0.2743182140031838,0.2745810444679128,0.3080766611867494
2018-06-14,0.32013039131142207,0.3141625885424561,0.3207855596159061,0.29333784123431517,0.2948055192661899,0.29333687428731825,0.31416258854245604,0.27590929839244693,0.272709179001609,0.27292175356748266,0.3073040274651285
2018-06-15,0.32013542941723383,0.31416213178970864,0.32073448456234843,0.29331827908770663,0.2947849215551599,0.2933162190856278,0.3141621317897086,0.27598152778184704,0.2727881145610272,0.2729943276699605,0.3072914122141933
2018-06-18,0.3241015880388071,0.3181671288170212,0.32356817015765915,0.29638502681744916,0.2979262806249026,0.2964109666986852,0.31816712881702114,0.2756789392602085,0.27310361360280366,0.2729845447840624,0.3112780491873393
2018-06-19,0.32727009408072205,0.32151945724962944,0.32854247510137696,0.3008884790544584,0.30236995831110314,0.30089219308695,0.32151945724962944,0.28421914316987323,0.2811190309668394,0.2809602474515921,0.3148098407406453
2018-06-20,0.32674654904588774,0.3208828223603167,0.33105049428819305,0.30108591965618076,0.3024479204031442,0.3010637054930891,0.3208828223603166,0.2874039280520612,0.28342744707256856,0.28355082299414774,0.31393556346172047
2018-06-21,0.3273900488682643,0.32155924270908065,0.3314528154551664,0.3012954653781949,0.30268013869171473,0.3012803483500736,0.32155924270908065,0.2874013809097977,0.2832980077463525,0.2835178285918374,0.3145991715699192
2018-06-22,0.3285437218037016,0.32258365326345423,0.33226246034664625,0.3026908822669279,0.3040184464114877,0.3026532849158288,0.32258365326345423,0.2881711948791999,0.2840896582594348,0.2842847419757961,0.31557498423568897
2018-06-25,0.3278607177771892,0.3218735861270975,0.33175280066884305,0.30217663833086644,0.303469833882058,0.3021335653914941,0.32187358612709743,0.28812610295892344,0.28396435805513826,0.2841582839607934,0.31482875647236286
2018-06-26,0.3281271340663598,0.32214679739421276,0.33177312780365165,0.3023847339131564,0.30367728390269466,0.3023408086608679,0.3221467973942127,0.288166054915303,0.28404635691881186,0.28424678075064275,0.3151173025446079
2018-06-27,0.3273950201669677,0.3213649682976537,0.33076288076206173,0.30074697889212576,0.30212838985137275,0.3007291709992816,0.32136496829765365,0.2865584850650718,0.2827832863682948,0.282533670964792,0.31426492963323693
2018-06-28,0.3293580253244908,0.3232391646968505,0.3333079872056631,0.30299692968149056,0.30433884171297154,0.30296512704966755,0.32323916469685043,0.288261264900058,0.2844660479711838,0.2842746893648858,0.31613150507436066
2018-06-29,0.32930620530941623,0.3231466079350035,0.3330737763856101,0.3030022902051209,0.3043289120653283,0.3029664269494483,0.32314660793500344,0.288457289607832,0.28464100294629313,0.28447678292270506,0.31599540242722257
2018-07-02,0.33065968331835477,0.3244868379472395,0.33424803324192326,0.30359064335008684,0.30494870502782456,0.30356864421739627,0.32448683794723937,0.2883218284758085,0.2844465840795592,0.2843552969417254,0.31722703068259883
2018-07-03,0.33753474219031543,0.3307824081905566,0.34093247875478483,0.309853247335581,0.3111825845858713,0.3098358914257807,0.3307824081905566,0.2922276501330375,0.28831365104306117,0.28807895909073367,0.3228790437129036
2018-07-04,0.337409022843141,0.3307440401623141,0.3407013073504727,0.30975690246259213,0.31107796629257334,0.30973319062595106,0.33074404016231407,0.29220967993687413,0.28832171738419915,0.28807942231870026,0.3229082027674752
2018-07-05,0.3416562952001064,0.33459956167622656,0.34659558302769605,0.3137291336557856,0.3150178590248784,0.3137041778317687,0.3345995616762265,0.2951122990368228,0.291015673595351,0.29074620048220434,0.3263529793467338
2018-07-06,0.3468617305847427,0.33925170920326864,0.3515062979949906,0.31674252649769646,0.31808508694146387,0.31674842911624496,0.3392517092032686,0.295096944207242,0.29113995219982153,0.290797265915856,0.33036041779107245
2018-07-09,0.3464872345109422,0.3388458437957838,0.35103469619730565,0.3164420414303604,0.3177587521494553,0.3164440859042091,0.3388458437957837,0.2950373259448565,0.2909908535530625,0.2907258383140836,0.3299165690106187
2018-07-10,0.3464697739869549,0.33882407721570984,0.35091510258299874,0.3163954410484784,0.31771694855298305,0.31639945731053787,0.3388240772157098,0.29494921465302465,0.29100979327435833,0.2906924780579228,0.3298937736995361
2018-07-11,0.3479267804584106,0.3396241487710892,0.35155087624371306,0.317071807664323,0.3183329640124655,0.3170657250157729,0.33962414877108915,0.2940470375151312,0.28999076635202187,0.28967268267256563,0.3300541347934983
2018-07-12,0.34811027298496544,0.33970591057333155,0.3515451131954483,0.31692999096845037,0.3182174466197901,0.3169257698106292,0.3397059105733315,0.29373739668184845,0.28961403016538206,0.2893707792879924,0.33005222085522995
2018-07-13,0.34914840458016144,0.3405685088337799,0.3517702692881743,0.3173505507251853,0.31863403281449787,0.3173471243393851,0.34056850883377987,0.29338957993462117,0.2891432603250498,0.28894759797961167,0.3306848411812424
2018-07-16,0.34921320851410476,0.3405445731963477,0.3518186831531204,0.3173816267775453,0.3186436634888889,0.31737527100736906,0.34054457319634757,0.29338887130266555,0.289074284049715,0.28894805028681303,0.33055583967372587
2018-07-17,0.3481884604563789,0.3395097462878982,0.34985172774407863,0.3162097439441906,0.3174620745891585,0.3161905606805483,0.33950974628789815,0.29131670713264046,0.28740509108566736,0.2869387880115959,0.32945331577179315
2018-07-18,0.34978560146038223,0.3408679700653676,0.3506169227034146,0.31718252855243867,0.318429599663837,0.31718982678228286,0.34086797006536756,0.2907794420141244,0.28684418858588373,0.28647088276044896,0.33051854702723327
2018-07-19,0.34978262571428315,0.34086720329052145,0.3506165015836812,0.31718255353046204,0.3184298804725954,0.31718968584203766,0.3408672032905214,0.2907864363598201,0.2868351857402252,0.2864685156249455,0.3305185921292741
2018-07-20,0.3485399135126438,0.3397422263730432,0.34760940618693137,0.31568876249441125,0.31696806327821375,0.31569179733240804,0.33974222637304313,0.28830560436382924,0.2845416320267451,0.2840411315803121,0.32957839134840805
2018-07-23,0.3485186400597702,0.3396962521233932,0.3475584225344716,0.31567633554502755,0.3169634864962829,0.3156791724192568,0.33969625212339316,0.287209493460248,0.28402884750074026,0.28310286395780004,0.32953879227424193
2018-07-24,0.347531439126811,0.33865351260312754,0.34691044074702054,0.3145892593049418,0.31587504434620517,0.31460190787772496,0.33865351260312754,0.28539130222610043,0.2823152010971492,0.2813934101685949,0.3284069991771672
2018-07-25,0.3477066447978658,0.33883237017818274,0.34694542416825014,0.31461066846285823,0.31590060409820725,0.31462383394551185,0.3388323701781827,0.2854024250529027,0.2823216481734525,0.2814014290864422,0.3285692991989178
2018-07-26,0.3462454030101534,0.3373609707882471,0.34596542554316106,0.3135867527950438,0.3148023431622268,0.31359954029780307,0.33736097078824706,0.2851670994199472,0.2818860667877573,0.2810968637937445,0.32708530833411514
2018-07-27,0.3454174600874984,0.33635842272560335,0.34476324583469353,0.3128443521585517,0.31403441042587465,0.3128611788252497,0.3363584227256033,0.2839190965463091,0.2807302471077212,0.2799385227536399,0.32595149968995807
2018-07-30,0.34577232895594967,0.3363952148368409,0.3447437792406294,0.3128246077850344,0.3140090121879151,0.31284987887580334,0.3363952148368408,0.2821565837720105,0.2794123459218009,0.2784548940085632,0.3256492204769956
2018-07-31,0.34368385901955306,0.33401906578493806,0.34317791206807485,0.310524798402885,0.3116530805799747,0.31054217969769504,0.334019065784938,0.27907031043395897,0.27577055816942747,0.27500139456411454,0.3229188165330435
2018-08-01,0.34024266432732303,0.33029976482907336,0.3356939576213539,0.3074445583018413,0.308472496191736,0.3074068759087989,0.3302997648290733,0.277486133736294,0.27368854488118655,0.2732045712139912,0.3189224194274182
2018-08-02,0.33988757723787866,0.3299490368231593,0.3355817315214169,0.3073448338241819,0.30835722898584134,0.30731746384900016,0.32994903682315924,0.27783531631740305,0.2740099775331185,0.2735611102842651,0.31861265603664063
2018-08-03,0.3399384743311204,0.3299322038083284,0.3353422374795634,0.3076270408268632,0.3086253793483947,0.30759595666592493,0.32993220380832833,0.27751990342501576,0.2737284400701648,0.2732289618642045,0.31854802626800865
2018-08-06,0.33977565222997735,0.32974076422895365,0.3351145110522593,0.30752246308337816,0.3085087851797815,0.30748911602447765,0.3297407642289536,0.277873378932806,0.27397641944918133,0.2735569853822264,0.31831746283658247
2018-08-07,0.33950031125958263,0.32946607456900323,0.3348650100473675,0.30747637680890766,0.3084460325146017,0.3074421157646983,0.3294660745690032,0.27819541725633007,0.2743763548440895,0.27391539351268124,0.31804880072747366
2018-08-08,0.34016814275311785,0.3300771049675973,0.335172786012157,0.307701160681129,0.30868426037719693,0.30768224665305327,0.3300771049675973,0.2779366224425318,0.27409953201851533,0.2736710759508823,0.3185657174709777
2018-08-09,0.34002868913958445,0.32998024936083653,0.3352659858334626,0.3076355849528096,0.30861897112796277,0.3076192081372656,0.32998024936083653,0.27819015427059074,0.27446014009128367,0.27400071811884136,0.3185365375071587
2018-08-10,0.33071114442853,0.3203929433254315,0.3243959485496122,0.2984810830987193,0.2993176987707171,0.29845451890834773,0.32039294332543145,0.27027053680035446,0.26568988812009386,0.26568886590030577,0.30865646078980696
2018-08-13,0.3274467722733813,0.3167128191627148,0.3205370152621292,0.29374479483955396,0.2946573760059769,0.29367876866305137,0.31671281916271476,0.2643525223332326,0.25946891266277583,0.25955674569704223,0.3044497585088443
2018-08-14,0.322264135007297,0.31102701579530684,0.3131384370804044,0.28759658576331076,0.28858341701683554,0.2875305415596376,0.3110270157953068,0.25517286664111766,0.25097157041079,0.2506617746165709,0.2982182385279389
2018-08-15,0.32201898106542304,0.31066772879418747,0.3117222535924615,0.28689663664078474,0.287891413822435,0.28682988981670715,0.3106677287941874,0.2542350075463537,0.24998289046825128,0.24969811228781347,0.29765905749203125
2018-08-16,0.32168297703843035,0.3102744682155098,0.3106151345987587,0.28624167900847836,0.2872514412317918,0.2861782576754084,0.3102744682155098,0.25288790535442596,0.248637739805517,0.24831976236881495,0.29719684452301703
2018-08-17,0.315197934026241,0.3037515216538726,0.305621571246011,0.2805362153838829,0.2814747085582367,0.2804404092269527,0.30375152165387254,0.25015056798435203,0.24563702670619653,0.2454249667416845,0.29062210825630397
2018-08-20,0.31380434044686617,0.30212367849415767,0.30445304427550596,0.2787864420016791,0.2797294240198088,0.2786904559400825,0.30212367849415767,0.24665006984830748,0.24227975267118543,0.2418477342744294,0.28870709524361776
2018-08-21,0.3119009276411711,0.30010221335875026,0.3022104273083695,0.27634293231639984,0.27730567832241315,0.2762413252715328,0.3001022133587502,0.24375505029018357,0.23911931395666836,0.23882978826840254,0.2865204841890724
2018-08-22,0.31153032970512173,0.29969865627913017,0.3018275489555661,0.2758421752192528,0.27681076218707196,0.2757450690788138,0.2996986562791301,0.24302795040237293,0.23833655370570045,0.23808830230218436,0.28608046929308995
2018-08-23,0.30894398752399005,0.29722896222210526,0.29879512400292507,0.2738196522629588,0.27475340203176074,0.27370997000507374,0.2972289622221052,0.24273937939226745,0.23799242300816265,0.2378026215574631,0.28373962171275197
2018-08-24,0.3085157730873236,0.2968244480385478,0.29772219452417426,0.273319380241513,0.2742557551688561,0.2732100492167317,0.29682444803854774,0.24211651795648406,0.23749702417917856,0.2371938330844591,0.2833559777614747
2018-08-27,0.3085689051723448,0.29680957684058673,0.2978157929378669,0.27327120779289144,0.2742089056914719,0.27316279977011626,0.29680957684058673,0.24171869020826042,0.2370789166403109,0.23671656813623548,0.2832524597235632
2018-08-28,0.3083697538994324,0.2966058177890254,0.2978415024409128,0.2731444338146612,0.2740782685543922,0.2730364522119795,0.2966058177890254,0.24159540059509274,0.23700865567607582,0.23661098281945422,0.28305153522362164
2018-08-29,0.308261886884175,0.29649824905409283,0.297877784359491,0.27314011523541376,0.27406659959727103,0.27303091335725,0.29649824905409283,0.2415506801038632,0.23695889780684243,0.2365599002793596,0.28293876314384203
2018-08-30,0.3087267303669662,0.29686560538961276,0.2982566224288381,0.273314981970857,0.2742535793427828,0.2732107789704144,0.2968656053896127,0.24120171513557567,0.2365695050430633,0.23619608326036418,0.28319955886128145
2018-08-31,0.3061835102737407,0.2942933305903925,0.2950066041369681,0.27144829288848754,0.2723326536315542,0.27134013835935955,0.2942933305903924,0.2406652790351634,0.23593619251017073,0.23560043159585928,0.28061113715835007
2018-09-04,0.3035368690534438,0.29152061536008106,0.29103000842972676,0.2689089313633228,0.26975801136648025,0.2687872177835461,0.29152061536008106,0.2395793314256989,0.2348251192112856,0.23451192952228622,0.2776759241723708
2018-09-05,0.30325606943116457,0.2913163795723914,0.290846626804685,0.268832721096404,0.26967288371197307,0.2687120293710115,0.2913163795723914,0.23984785751419688,0.23512136160283678,0.23478062697486177,0.27756350776122907
2018-09-06,0.3030567802537613,0.29120018648211493,0.2909631736615051,0.26866707541376933,0.2695155224397267,0.2685501997653567,0.2912001864821149,0.24045709357544068,0.23557703874851563,0.2355474667401439,0.27759214895605355
2018-09-07,0.30372260400584916,0.292036420666655,0.292061538042488,0.2693355586086549,0.2701965288817203,0.26922053019883757,0.29203642066665497,0.24173798042552258,0.2368589376314448,0.2368795362666252,0.2786661071391356
2018-09-10,0.3034202424010453,0.2917815480963561,0.29172254737983483,0.26916251549499826,0.2700175754429745,0.26904813209732503,0.2917815480963561,0.24172449204887128,0.23686290882112168,0.23684830792060715,0.27844979572983913
2018-09-11,0.30408598070875054,0.29238710076825836,0.29219332918355784,0.2696725653238646,0.2705341860873399,0.2695611608005282,0.29238710076825836,0.2416564685851949,0.23681318127297124,0.23676287333496818,0.27898698574325675
2018-09-12,0.30400162655912183,0.2922961011096005,0.2921718652720667,0.26956127918240846,0.2704256527818709,0.2694503383022304,0.2922961011096005,0.2412377006183265,0.23647182041058395,0.2363683531327162,0.2788906093208811
2018-09-13,0.3039922204473325,0.2923240965647494,0.29216814265676294,0.2695730246668552,0.27043865585886556,0.2694624484655335,0.2923240965647494,0.24117176506749988,0.23637362569235437,0.23629130549076507,0.2789270470591641
2018-09-14,0.30346991401935125,0.2918301995295151,0.2916209904053736,0.2690967425838806,0.26996130334477136,0.2689843486658541,0.2918301995295151,0.24038605290723392,0.23569159905786677,0.23552593096866717,0.2784537409007267
2018-09-17,0.3034542333593007,0.291731500911825,0.29151952871452474,0.26902015876341706,0.2698794490891366,0.268904917568164,0.291731500911825,0.24033285978347702,0.2355583134530941,0.2354427297017584,0.2782737947487306
2018-09-18,0.3034768716382721,0.2917425999463536,0.29144887322770946,0.26895609786071917,0.26981790108505765,0.26884252596512076,0.2917425999463536,0.24026575647130965,0.23547367412713305,0.23532766424040974,0.27826751636318536
2018-09-19,0.303771238827969,0.291897717930754,0.29162671552377195,0.26913003778691086,0.26998858222486816,0.26901722681904294,0.291897717930754,0.24027515035402117,0.23546470667872219,0.23533556480660872,0.27833881034764485
2018-09-20,0.30432646125525087,0.29236458045061936,0.29237343633427354,0.26945530269980383,0.27031982157014794,0.2693435778018983,0.2923645804506193,0.24028148818939002,0.2354702897828834,0.23534052962085628,0.2786958532537398
2018-09-21,0.30374052270098073,0.2917022309209673,0.2914764786712629,0.2688830874930046,0.26973908494807924,0.26877420632565424,0.2917022309209673,0.23995698905611323,0.23517710418094973,0.23502993296806807,0.2780185522952941
2018-09-24,0.30302387148931426,0.29088270445450054,0.2904453524813386,0.26813385246068255,0.26898518275424904,0.26802380118486807,0.2908827044545005,0.23969978062461153,0.23463619081085932,0.2345328190388969,0.27711205042068454
2018-09-25,0.30301890293055844,0.290870171960019,0.2904351251059612,0.26808591741388704,0.26893889016943906,0.2679752669856533,0.29087017196001896,0.2395039808036933,0.23443330486739772,0.23433625765582997,0.27708280411637615
2018-09-26,0.30300342238951256,0.2908439625871325,0.2904230342907653,0.2680560176561633,0.2689094648808002,0.26794558566508936,0.2908439625871325,0.23927914874697293,0.2342646778827846,0.23413164581928153,0.2770477258040945
2018-09-27,0.30313207505961437,0.29098395044873776,0.2906451546757056,0.26819888407202935,0.2690535756534958,0.268090605179636,0.29098395044873776,0.23926168954587052,0.2343106084817319,0.2341704694922691,0.2771967851185004
2018-09-28,0.30324730993871774,0.2911098427310811,0.2908520877238006,0.2683114032938207,0.26916621429541815,0.2682034392822607,0.29110984273108104,0.2393330572118597,0.23439341365117813,0.23424856829805954,0.2773248589415396
2018-10-01,0.30201351971819196,0.2899115490109143,0.28931250739489944,0.2677282337167593,0.26855400454494066,0.26761820214488136,0.28991154901091426,0.2393354215258571,0.23445063695935783,0.2342888519105106,0.2762476290717073
2018-10-02,0.3019610379059424,0.289783908299551,0.28927520976687027,0.2674432947541329,0.26827545006569903,0.2673286000070934,0.2897839082995509,0.2369159350748864,0.2322990485895045,0.23189641586194226,0.27599785683502687
2018-10-03,0.30221302964552393,0.28994867648098344,0.28932272491347055,0.267905577996713,0.26866687672063727,0.26780307201141024,0.28994867648098344,0.23684378942954454,0.23222183108041689,0.23195905734896552,0.27603382832484497
2018-10-04,0.3023706141300603,0.29009406527021203,0.2895169131826927,0.26800380040138144,0.2687720267473119,0.26790462451775954,0.29009406527021203,0.2368822048254829,0.2322912506191006,0.2320126696548991,0.2761586014863117
2018-10-05,0.3029040581217663,0.2905359415856094,0.2899728524885312,0.2688613321860674,0.26955806941059096,0.2687615377543711,0.2905359415856094,0.2381564686419284,0.233502822836631,0.23339654341988272,0.2765539400947375
2018-10-08,0.3027429198618879,0.29044137875114345,0.2898589548592268,0.26889936114396196,0.26960763732174675,0.26880214754229637,0.2904413787511434,0.23853916479230247,0.23387688555375405,0.23376304372037696,0.2765573224466664
2018-10-09,0.3027415169673451,0.29043371836383935,0.2898619543704369,0.26890046956334795,0.2696077227428311,0.2688032336198595,0.2904337183638393,0.23851826588303343,0.23388024567180152,0.23376066403826865,0.2765431318600054
2018-10-10,0.30051456397368526,0.2882390191741884,0.28760423252918665,0.26691129071486125,0.26760502837144884,0.26681299577828216,0.2882390191741884,0.23786423424978517,0.23300742213671935,0.23296276772159452,0.2744236409817801
2018-10-11,0.31084793018886225,0.29849268794930633,0.29794174603327517,0.27620627128654746,0.27713930922511665,0.2762179511598054,0.29849268794930633,0.24467727398970066,0.24050187601240455,0.2402323210265981,0.28439049970295316
2018-10-12,0.3126734683411658,0.30035228963067956,0.30023322475236275,0.2781648783243765,0.27913205530283786,0.27821127546544766,0.30035228963067956,0.24664403832516643,0.2424612256551319,0.24229028118472914,0.2862240887387007
2018-10-15,0.3139022684009493,0.3016692792963749,0.30169757632426236,0.2792925470090511,0.2803267733266048,0.2793615464462773,0.3016692792963749,0.24786228723316472,0.24374314103886927,0.24354758083291708,0.28762012144032995
2018-10-16,0.3141793192514474,0.30207663892114145,0.30233115916584163,0.27963317987711395,0.2806944474584477,0.27970632279535623,0.3020766389211414,0.24837758363507279,0.24427644915984947,0.24404185342715076,0.28815052103419836
2018-10-17,0.31373650711435525,0.30177665905497664,0.3026495235133718,0.27943581504594994,0.28049409769633066,0.27951396925295613,0.30177665905497664,0.24883919527813908,0.24475189327881908,0.24450504823086577,0.2880452939485022
2018-10-18,0.30829236280213573,0.2962053872831454,0.29716266307988215,0.27334482324578047,0.27443329461630367,0.273439599900978,0.2962053872831454,0.24284868053947226,0.23868940417041778,0.23828381332329376,0.282448089178997
2018-10-19,0.3058002021062115,0.2938683081527816,0.2951264835634142,0.2708629024563645,0.2719566334524762,0.27097551777031853,0.29386830815278153,0.24000858800604435,0.2360234812014916,0.23549513646100725,0.2802733675871667
2018-10-22,0.2981928897560604,0.28691195352186666,0.28778761087821764,0.26472800030294297,0.2658016883142905,0.26485145199304483,0.2869119535218666,0.23655770215911912,0.2326025053332098,0.232301867535894,0.2740064197230397
2018-10-23,0.29912371618619193,0.28784951793063474,0.28863163902295885,0.2654719769080582,0.26658690508305577,0.2656097436597139,0.28784951793063474,0.23694782755238702,0.23302692679927384,0.2327111918105935,0.27491435541110376
2018-10-24,0.2917853959313794,0.281307708333882,0.28362700707171296,0.2586766766899413,0.2598611698788581,0.2588812673892498,0.281307708333882,0.23175969902343238,0.22849200927762972,0.22800569743732357,0.26943052196161604
2018-10-25,0.29065388905308187,0.28027834913094435,0.2830453785742777,0.25751101564281526,0.2587185644158667,0.2577366333794734,0.2802783491309443,0.2297656782065674,0.22675743158825507,0.2262548309927284,0.268569375036988
2018-10-26,0.2893974756458888,0.27931550435860414,0.28273952480711395,0.25661405413775185,0.25783299909865276,0.25684351408979406,0.2793155043586041,0.22971855855576148,0.22670815516311638,0.2261805163883487,0.26791098010452585
2018-10-29,0.2893483549779544,0.27918483611545025,0.28241672990985855,0.2563204567207708,0.25756528682540347,0.25655997888877335,0.2791848361154502,0.2285886123660846,0.22561928057710992,0.2251270559499859,0.26770013860431313
2018-10-30,0.28934999685471985,0.27920525464316537,0.28247782226409063,0.2563189427884515,0.2575671102631861,0.2565593553155118,0.27920525464316537,0.2285228876209769,0.22560575804365174,0.22509716114656675,0.2677288973067634
2018-10-31,0.2879645765524309,0.2769540407294067,0.2816955471872277,0.2533901062546785,0.2546897632862802,0.2536423487554297,0.27695404072940666,0.22124278926331886,0.21843126913588368,0.21784828682042284,0.2642676626339066
2018-11-01,0.28851391835500206,0.27739960906790173,0.2822530659910775,0.2538238467380835,0.25511840221196175,0.2540758138644069,0.2773996090679017,0.22144297946513802,0.21850335966551093,0.21800850144236517,0.2645792881001008
2018-11-02,0.2892060106018369,0.27815372827898494,0.28324145248628446,0.2544204078513479,0.25572884965214776,0.254670217003974,0.27815372827898494,0.22238580380788758,0.2195552174615131,0.2189616091830274,0.2653194072768482
2018-11-05,0.28547554721774676,0.27448132502260414,0.27889139248689265,0.25087424340902276,0.25218981600890955,0.2511314334615808,0.2744813250226041,0.21952041456246515,0.21676900359245305,0.21615561646740214,0.2617930487874834
2018-11-06,0.2843814194747178,0.2733862234723596,0.27767340908330984,0.24992696275940077,0.2512344164314993,0.2501860705250414,0.2733862234723595,0.21914829478639397,0.21625829933856186,0.21569967276681787,0.2607222981714836
2018-11-07,0.2834342257521712,0.272404237536837,0.2772291545513386,0.24890619279879705,0.25020701558232006,0.2491608020752842,0.27240423753683696,0.21870620476192953,0.2155066979425267,0.21501146001015628,0.25966839535773456
2018-11-08,0.28338893177191204,0.2723828112153132,0.2772609799122169,0.24904078897293686,0.25032682077555046,0.2492939669053247,0.27238281121531316,0.21879212619567004,0.21562126442469326,0.21509251496408222,0.25969768648121033
2018-11-09,0.283149214544486,0.27199088880261807,0.277357148689786,0.24857353235397445,0.24986112907900793,0.24883390126507118,0.271990888802618,0.21854014517582498,0.21526286436718262,0.21488278322221155,0.25908557818409206
2018-11-12,0.2822244121011354,0.27090651974036856,0.2769571034143176,0.2478378494301357,0.24906775346875257,0.248094321136258,0.2709065197403685,0.2180543348238285,0.2145557536504437,0.21421381776686674,0.25794650381142714
2018-11-13,0.28300261366565643,0.2715020093661563,0.27772651458670555,0.24836468808376605,0.24959237443251933,0.24862166986757714,0.27150200936615626,0.2182732766635153,0.21483702681541972,0.21441815315548257,0.2581237410251006
2018-11-14,0.2814764201031206,0.26994731197851235,0.2766456871271252,0.24663888596257824,0.24786960957433662,0.24689391894817606,0.2699473119785123,0.2178235463232198,0.21418734003290973,0.21386185225002743,0.2565381769908692
2018-11-15,0.27546345924641613,0.2640591277148712,0.271205237941594,0.24167978031789264,0.24280451738061265,0.2419354178358911,0.2640591277148712,0.21563230465026884,0.21159950592464505,0.2115603878124496,0.25086941635375115
2018-11-16,0.274391634250047,0.26327840998525176,0.27014500499980093,0.238800760529759,0.24020998943320615,0.23910380035521753,0.2632784099852517,0.21098702005796172,0.20759770345228198,0.20741419031994437,0.25014574611254775
2018-11-19,0.2756451740006821,0.26453409355776086,0.27127272738848074,0.24009168811215073,0.2415076977475628,0.24039774667984545,0.2645340935577608,0.2125079979290083,0.20915797489641105,0.20897814593094974,0.25128953492334766
2018-11-20,0.27223529672740604,0.2612185710868939,0.2689657208210538,0.23723518055618145,0.23859475499575292,0.23754111952686296,0.26121857108689384,0.2092263024202198,0.20594126973943194,0.2056268021670267,0.24806208648470196
2018-11-21,0.2595434131785819,0.24919937234655085,0.25686219560542606,0.22604672438725743,0.2273777119168664,0.22642918557362154,0.2491993723465508,0.1958109200990391,0.19367234650019474,0.19335094724062632,0.23681833158797963
2018-11-22,0.25084695037138566,0.24065462303960283,0.24837553162919884,0.2194207574076366,0.2206454356252501,0.21984565331697986,0.24065462303960278,0.19131086349243615,0.18912720162459365,0.18932285102359656,0.2286006286178283
2018-11-23,0.2510499127945712,0.24082419903146796,0.2486966068238546,0.21929796743624902,0.22054760805004067,0.21972607033206745,0.2408241990314679,0.18907627511660405,0.18705574844757764,0.18708804156274436,0.22862784969376887
2018-11-26,0.24613154945538324,0.23617758407009906,0.24374184421973766,0.21608083640379708,0.21719472508151816,0.21649879085816912,0.23617758407009898,0.18847496669519342,0.1862162204904693,0.18647400107124304,0.22451934769959342
2018-11-27,0.2444360955776276,0.23411439797053324,0.24183866651451633,0.21426968264880583,0.2153064135594423,0.2146785559469448,0.23411439797053316,0.18649830377479415,0.18415136187778774,0.18437486811047668,0.2221124158491185
2018-11-28,0.24112634890959342,0.23028959898280643,0.23883827153528672,0.21151680560539968,0.21243928382657667,0.21193972487886886,0.23028959898280638,0.18321492747478232,0.18082913439268272,0.18124873390583016,0.21790047730973827
2018-11-29,0.24032604714698472,0.2295405975471223,0.23766594040834926,0.20994592007779894,0.21095919461851087,0.2103664493590483,0.22954059754712225,0.18077662778178255,0.17854349900858363,0.17865180283583598,0.21712300035749163
2018-11-30,0.23970431189029826,0.22881246199188116,0.2374991045703261,0.20987780819487917,0.21084999074811533,0.21029794503277588,0.2288124619918811,0.18079253740416212,0.17852620699656432,0.17867267888226895,0.2163789498472753
2018-12-03,0.2455510192493995,0.23433629801838607,0.24309821303603762,0.2143762852255995,0.21542477766990892,0.21480338784407993,0.23433629801838599,0.18429897196249884,0.18191010107349245,0.18217048777448253,0.2211293370168692
2018-12-04,0.2455237174751151,0.23432301695979366,0.24313408648188684,0.21424462580905695,0.21531304756530945,0.21467333108563819,0.2343230169597936,0.183955635583404,0.1816444944119701,0.18185757508257333,0.2211021941779814
2018-12-05,0.24540771247548776,0.23425539210129806,0.24287177062248527,0.21422088522367522,0.21528844657090884,0.21464953430892245,0.234255392101298,0.1838616322764773,0.18156134409566452,0.1817437685491265,0.22107540363450048
2018-12-06,0.24376544428598468,0.23276882757046358,0.24128784368739326,0.21270899560476916,0.21378436929619765,0.21312689413533292,0.23276882757046352,0.1832184737215432,0.18086718881034947,0.181065470633386,0.21972261118281824
2018-12-07,0.24351458031518114,0.23254608071979388,0.2410656609929774,0.21247385498463178,0.21354864732890513,0.21288814131219547,0.2325460807197938,0.18316559752511544,0.18079245667432545,0.18101582965085733,0.21951471694820598
2018-12-10,0.24184792394594234,0.23100063047202393,0.23928896503570282,0.2111844225518001,0.2122461565255434,0.21159907715918921,0.23100063047202388,0.18272252322864208,0.18038436925279785,0.18062266713709005,0.2181078733270991
2018-12-11,0.24178743651740964,0.23092250487470534,0.23925217776620955,0.21118257902344106,0.21224098094250782,0.21159633497203795,0.23092250487470528,0.18263615761820162,0.18031167683652216,0.1805453691658296,0.21804867825106775
2018-12-12,0.23702299351078335,0.22596923635486274,0.23575295240983812,0.20705926121887197,0.20808455450655353,0.20745403742735324,0.22596923635486266,0.1815351912084025,0.17900965758310566,0.1793492575335431,0.21284172621010472
2018-12-13,0.232863393493975,0.2215127219480168,0.22921182125346426,0.20083268338360696,0.20195104783247134,0.2012716528951165,0.22151272194801674,0.16895298794587182,0.16719092939908756,0.16768033931395654,0.20804325797229842
2018-12-14,0.2299701595020402,0.21833228723847165,0.22315663378340653,0.19679409634857759,0.19793003088532593,0.1972442523533961,0.2183322872384716,0.1600915033694767,0.15891511428053037,0.15948653836940668,0.2045660106540138
2018-12-17,0.23129243385868808,0.219504540717824,0.22466631949914795,0.19808217416436272,0.1992183789202015,0.1985247204072364,0.21950454071782394,0.16077445042396965,0.1596906618556918,0.16022473652975536,0.20542824167763363
2018-12-18,0.22928443315751493,0.21762375390566496,0.22291855257225668,0.19573188965150165,0.1969168063889121,0.19620788192367944,0.2176237539056649,0.15992920641617733,0.15874855289131556,0.15952943824207497,0.20347002630695865
2018-12-19,0.22904794933361575,0.2174036607280548,0.22251100493961143,0.19538873156142555,0.19657634803561494,0.1958641407320139,0.21740366072805475,0.15946568146448645,0.15835537504350983,0.1593100756255417,0.2032400868744572
2018-12-20,0.2287731357355644,0.21711669778044085,0.22243365758318695,0.19521064074630487,0.19639347529542253,0.1956858592667894,0.2171166977804408,0.15955682644126004,0.15841658327849248,0.1593600253572525,0.2029333520613146
2018-12-21,0.22798164672526303,0.21640062958691053,0.22240995230814473,0.19511031706278234,0.19627814325533255,0.1955786450293901,0.21640062958691048,0.15677761979912666,0.15618085492205083,0.15703128338533262,0.202301457434543
2018-12-24,0.22552936220022182,0.2140314320015796,0.21928105682358584,0.19194403232797494,0.1931921655144708,0.19243957523821242,0.21403143200157954,0.1543336169939904,0.15361463762684113,0.15442902412617698,0.199829831912272
2018-12-25,0.2264040012206624,0.21478516247185675,0.21990480854908295,0.1925336362144352,0.19379455000277518,0.19303189453967456,0.21478516247185667,0.15455280159141194,0.15390028137740266,0.15460063923392006,0.20041422337667283
2018-12-26,0.22409684519703646,0.21255063696176224,0.21807463632674118,0.1912587965819089,0.1924844654639495,0.1917374528308085,0.21255063696176216,0.15455860793159415,0.15388944407701202,0.15458949133417121,0.19834004355921592
2018-12-27,0.2142966767755542,0.20323054562584647,0.20848240193690554,0.18166763297668048,0.18298182513268402,0.18216269045263958,0.20323054562584641,0.14793533235445666,0.14739577629316647,0.14835717269255613,0.18955739932012747
2018-12-28,0.21442362817616106,0.2032028971712184,0.208708685919903,0.18165820077424,0.18297768454238017,0.18215525042910843,0.20320289717121834,0.14847824520581135,0.14771086917516077,0.1488799725585802,0.18933980827589994
2019-01-02,0.20754778367711502,0.1969422538269846,0.19874799622472505,0.1755353814688432,0.17687996438803652,0.17604023499060148,0.19694225382698455,0.1433780096786937,0.1430909504531882,0.1442812408618751,0.18400501983460602
2019-01-03,0.2014060160584123,0.1910890821915158,0.1921638559150464,0.17226969180052643,0.17351242202450423,0.17273418664813064,0.19108908219151574,0.1434341255857875,0.14322022925537403,0.14431239551340183,0.17858471665698872
2019-01-04,0.20138752481892033,0.1910403915274064,0.1922467539375419,0.17225097337030434,0.17349431143463648,0.17271448211537688,0.19104039152740632,0.1434079757942101,0.14321411616056928,0.14430363453023784,0.1784955796050368
2019-01-07,0.20170025638661263,0.19144271430938944,0.1928645397159367,0.17259801703760355,0.1738464631292123,0.17306171392704964,0.1914427143093894,0.14469629006496085,0.14427125023223958,0.1454220205068663,0.17894325945227482
2019-01-08,0.1955676016525515,0.18641926120112767,0.1887707660551672,0.16798546712776632,0.16927528232273983,0.16847022229435457,0.1864192612011276,0.14423800688518057,0.1438510712607446,0.14498357050404437,0.17494563622596568
2019-01-09,0.19601786110317765,0.1869283614325246,0.18965969881225253,0.16856792283883523,0.16986386250431565,0.16905451593873744,0.1869283614325245,0.14462347037535908,0.1443011412632992,0.1453628724451201,0.1754499342758709
2019-01-10,0.19323424145295914,0.18430952670694123,0.18738384208232858,0.16672239578117254,0.16799978113493894,0.1672048888200329,0.18430952670694115,0.14450726651059745,0.1441562973973185,0.1452320777628003,0.17311082535411398
2019-01-11,0.19290541972889683,0.184003475083177,0.18718149250750785,0.16652194370301449,0.16779623379494668,0.1670027842242729,0.1840034750831769,0.14499769130828202,0.1445452267563398,0.1456568730661103,0.17284005887247
2019-01-14,0.19163273478631565,0.18277754675929736,0.1865605445734767,0.1655438419555333,0.1668181406002123,0.16603186516853372,0.18277754675929725,0.14491730781191517,0.14443850558657373,0.1455595932687465,0.17171722849345897
2019-01-15,0.1876098369202481,0.17901533325812385,0.18351144668062302,0.1626248864690855,0.16388282708665583,0.16310359235051825,0.17901533325812374,0.14464648993923282,0.14413179552304423,0.14526202537582186,0.16833560888289728
2019-01-16,0.18761413802486226,0.17903461421521705,0.183522980784744,0.16263195718437898,0.1638895125362847,0.16311077693666104,0.17903461421521696,0.14464295287625317,0.14412771054662138,0.1452543921304008,0.1683698385971683
2019-01-17,0.1878978236669382,0.1791479708232809,0.18379340168924593,0.16295263461183132,0.16420434606886197,0.1634342086094808,0.1791479708232808,0.14464034501179487,0.1441094986165295,0.1452472771928379,0.16820485654097483
2019-01-18,0.18782993355841401,0.17914309652295457,0.1837912625333419,0.16295447907034863,0.16420655420515734,0.16343622755985995,0.1791430965229545,0.14427842984210354,0.14370333827096143,0.14486859093767496,0.16819000100388407
2019-01-21,0.1886993657952572,0.18000566259028697,0.18478574883710727,0.16342250113059528,0.16469232002236808,0.16390250990188102,0.18000566259028689,0.14444729864305753,0.1438894373763143,0.14497640775104337,0.1689820906952666
2019-01-22,0.18857233201097165,0.17985499987286555,0.18476373851036432,0.16356886245225924,0.16482883105296658,0.164045237713516,0.17985499987286546,0.14455085961351322,0.1439590391330677,0.14504259250924034,0.1688498015322927
2019-01-23,0.18861412049005122,0.17986462506624898,0.18478509303203347,0.1636048557842311,0.1648712060103681,0.164083074733952,0.1798646250662489,0.1446207014089469,0.1440640834264119,0.14512500524480426,0.1688212261209945
2019-01-24,0.1880403234023995,0.17950075200483384,0.18465178946378613,0.1628935446070173,0.16418679912217388,0.16338906636466544,0.17950075200483376,0.14465028361888596,0.14406216120167833,0.14510827650489297,0.16860374329979413
2019-01-25,0.1866697737804571,0.17851595991407937,0.18419283995214747,0.162078768378335,0.1633702415641441,0.16257612191669527,0.1785159599140793,0.1447557411623361,0.14403161851096463,0.14507621699042272,0.16803439312431864
2019-01-28,0.18660045262571062,0.1784530440099085,0.18418465729659345,0.1620881038469494,0.16337278190816923,0.16258547742222268,0.1784530440099084,0.1450460070442079,0.14426486245964762,0.14537134468970822,0.16798847380061321
2019-01-29,0.18645095777981197,0.17831332474152015,0.1841792798667334,0.16186541291432302,0.16316156963475362,0.16236943256286174,0.17831332474152006,0.14456614504318097,0.14378510975238668,0.14489927564380176,0.1678354240588753
2019-01-30,0.18621649749862607,0.17813950448707333,0.18394235432361863,0.16142863905297825,0.16274526822395086,0.16193908286743822,0.17813950448707325,0.14397593317655438,0.14325075695854306,0.14434288961449668,0.16769904328879817
2019-01-31,0.18599324456156063,0.17802588881726505,0.18379812300074863,0.16108080820295964,0.16240635772893727,0.1615969085773828,0.17802588881726494,0.1440105834723826,0.14328454766270454,0.1444019644500343,0.16767206872434148
2019-02-01,0.18594623603965693,0.17796320921151523,0.18365362484129782,0.1609833823527416,0.16231210187154338,0.16150116551824736,0.17796320921151512,0.14318330423473682,0.14246346818269987,0.1435874172552901,0.16757327823790497
2019-02-11,0.18856291759910834,0.18089210641031708,0.18675509573588675,0.16287260696629596,0.16427293297844925,0.16340839907516802,0.180892106410317,0.14289726571927241,0.1425004563544457,0.14367086177087865,0.17084245350413782
2019-02-12,0.1875617145441426,0.17997738237064606,0.18594843776729897,0.16315511637246,0.1644713947364693,0.16367051404328598,0.17997738237064598,0.14512263457887764,0.14461091882126323,0.14599383257843687,0.1700788650839339
2019-02-13,0.18790685511344574,0.18027645568961032,0.18609599728506987,0.16328638016272815,0.16461812600080372,0.16380390651207952,0.1802764556896102,0.14448841596700548,0.14392176549756097,0.14529724720404105,0.17026765571655128
2019-02-14,0.1876414524563991,0.18005594620461657,0.1859860737212174,0.16329552273778408,0.1646129637757057,0.16381150747245568,0.18005594620461646,0.1447408198624506,0.14425832740499414,0.14569353910002106,0.1701014280779406
2019-02-15,0.1859516801709199,0.17855742289636553,0.1844166679812449,0.16263794911521065,0.16393126342001085,0.16313976872920355,0.17855742289636542,0.14484983290923506,0.14439481253393363,0.14583197902814182,0.16889845983960072
2019-02-18,0.18631549404251527,0.17891955360140763,0.18477834530590503,0.16288647626518318,0.1641872535962186,0.16338976771689973,0.17891955360140752,0.14477877166410236,0.14433408986671126,0.14576346233044002,0.169211554282658
2019-02-19,0.18460055416281976,0.17734869347667975,0.18348609733065996,0.16202573573124437,0.16329742607391154,0.16251731717731,0.17734869347667967,0.14535612987435959,0.14487381514135128,0.14635188445578462,0.16787604178700283
2019-02-20,0.18485891645599753,0.1776404564777228,0.18363577755371696,0.1625295512305553,0.16379169070185773,0.16302714041075975,0.17764045647772272,0.14564129840751658,0.14533918556820585,0.14684325431264572,0.1682085072332316
2019-02-21,0.18536441804630413,0.17816253076800795,0.18415793034048036,0.16319476552283435,0.16444608283270623,0.163697212252255,0.17816253076800784,0.14593338765303585,0.14578053120580858,0.14726743342483983,0.16871877247974568
2019-02-22,0.18564503710058883,0.1784592656073303,0.1847865775166784,0.1632951475462561,0.16456071529257985,0.163796185910826,0.1784592656073302,0.14594456631983865,0.14575866641507773,0.14724149076669452,0.16904512936653576
2019-02-25,0.1852085572729738,0.17810527853622132,0.18448360000570532,0.16304913490998238,0.16431786713643654,0.1635469415979837,0.17810527853622124,0.14586213731830108,0.14561360863896505,0.1470573091849958,0.16879571213577713
2019-02-26,0.18540649888444738,0.1783385927057162,0.18467026420257662,0.16336180630123484,0.164620831863811,0.16385438101396196,0.17833859270571611,0.14672417040334634,0.1463850044776257,0.14780689283103374,0.1690687643016948
2019-02-27,0.18531043573933387,0.17823550188817006,0.1845705519209508,0.16320868355637466,0.16446842112130647,0.16370229880896991,0.17823550188816994,0.1467098191571895,0.14635302016432253,0.1478180655986834,0.16896782720961687
2019-02-28,0.18783706413516194,0.18093028177419035,0.1871911056423635,0.1665137170414157,0.16770669007256309,0.16699576953216524,0.18093028177419024,0.15122484238319112,0.15095996078674245,0.15238176341051862,0.17186551534208988
2019-03-01,0.18828287355777928,0.18136287194433381,0.1875962135058989,0.16692194774551436,0.16812733432252047,0.1674042097350733,0.18136287194433373,0.151293380029448,0.1510198662922287,0.15242829389569668,0.17230019957776427
2019-03-04,0.18952152769111488,0.18258419280024207,0.18870365732669275,0.16829543816721834,0.16947952443842795,0.16877594114380645,0.18258419280024196,0.15281242914943424,0.15245034398043392,0.15391132308611366,0.17352766041407783
2019-03-05,0.18943044834140224,0.1825056902732922,0.18860330606221615,0.1680826487075968,0.1692797329400749,0.1685655855653275,0.1825056902732921,0.15266694073357673,0.15227889923691892,0.15377037207691854,0.17346244002144773
2019-03-06,0.18862257134532612,0.18178095588050824,0.18795605523686018,0.16765611840660288,0.16883652737757895,0.16813203942476485,0.18178095588050816,0.1527168975484638,0.1523153331733875,0.15380920353753133,0.17282958175653695
2019-03-07,0.18808959147558843,0.18130316578108538,0.18735355717874602,0.1668976501525529,0.16810156351863398,0.16737920589673957,0.18130316578108527,0.1523841068779257,0.15197975238442868,0.15348821753160288,0.17240711618092275
2019-03-08,0.18679155034229875,0.18020599822219618,0.18659872274094308,0.16631923281019595,0.16751539950081565,0.16679099766810235,0.1802059982221961,0.15236269310309594,0.15196945529269903,0.15346541081253748,0.17159719485210448
2019-03-11,0.18640209878682248,0.1797390048399029,0.1861818073450055,0.1658470912046328,0.1670423571725177,0.16631956412078164,0.1797390048399028,0.15171565984029817,0.1513100869265959,0.15283933321880172,0.1710223086010123
2019-03-12,0.18748510189681072,0.18063670469042617,0.18663418042244315,0.1660724718080361,0.16731857178805612,0.16654697196896065,0.1806367046904261,0.14850325109626136,0.14817934842619027,0.14946581099177336,0.17159979223790583
2019-03-13,0.18635795379265682,0.17929721271350588,0.18523428065430794,0.16506205560448703,0.1662853273821497,0.16553829612777377,0.17929721271350577,0.14639874408136586,0.1461704379929403,0.1473173136273935,0.1699345548189375
2019-03-14,0.18635604168528894,0.1792964242900537,0.1852397158572092,0.16506002915944568,0.1662836185894224,0.1655359647260185,0.17929642429005363,0.14639905906773654,0.14618194167994752,0.1473089742834681,0.1699341429737356
2019-03-15,0.18523222758034208,0.1781943874332699,0.18466349506428187,0.1643789193392695,0.1655503498452945,0.1648438906538016,0.1781943874332698,0.14660837973007387,0.14621363580987368,0.14749746090215793,0.16886459277692534
2019-03-18,0.18548361333902885,0.17841275468178383,0.1849074795801203,0.1645828794686021,0.16575101881410667,0.16504543810235556,0.17841275468178375,0.14660729333191938,0.14622287710749082,0.1474982716865884,0.16905688373679867
2019-03-19,0.18606583885567274,0.17892706573249453,0.1854745678281145,0.16529629041835708,0.16642982078709337,0.16574876059507573,0.17892706573249442,0.14677520680798667,0.14643880393713854,0.1476679439153791,0.16954235347658833
2019-03-20,0.18596340156716412,0.17884712168350891,0.18547026472900766,0.16514398585674625,0.16628060898315428,0.1655983930632251,0.17884712168350883,0.1467860701326447,0.1464313489609217,0.14767061401196183,0.16947998197822634
2019-03-21,0.1870243827919839,0.18007753380118832,0.1865184960703405,0.16561602423462835,0.16684820749617574,0.16608366689260906,0.1800775338011882,0.1468430474230219,0.14650287093555722,0.14771135308277977,0.17088253116348917
2019-03-22,0.18703737569070777,0.18002338431792353,0.18652947691310162,0.16580404406668584,0.1670181133893606,0.16626850192191608,0.18002338431792342,0.1473558429932307,0.14686484064807773,0.14820570967129248,0.1707859531945725
2019-03-25,0.18940622680941258,0.18253620291175843,0.18917174876238677,0.1688402437735771,0.16998210051686796,0.16928422321530254,0.18253620291175834,0.15024216063049575,0.14976391530858377,0.15111280655409978,0.1734393206488892
2019-03-26,0.18869886849062253,0.181948586587732,0.1882280409898691,0.16848720174720028,0.16961898419247615,0.16892982401410095,0.18194858658773191,0.15025578955879934,0.14976331521830535,0.15112297687600126,0.17300853687148088
2019-03-27,0.18850438481927217,0.18196053481282318,0.1885179986556076,0.16861380866695683,0.16973752419490523,0.16905372850448913,0.18196053481282307,0.15060456429545846,0.15010451862648155,0.1514679376162224,0.17313781899456435
2019-03-28,0.18818811066088562,0.18167461717043656,0.18822613771784374,0.16816732281467306,0.16930121090725395,0.16861345707023856,0.18167461717043645,0.1501725986369008,0.149706832163765,0.15106669248984053,0.17287070916763703
2019-03-29,0.18818662310181433,0.18165909877833905,0.1882018822171647,0.16819155663704813,0.16932074772988423,0.16863764206482867,0.18165909877833894,0.15024467027950802,0.14977123109221727,0.1511534857074496,0.17284107554098738
2019-04-01,0.18852041776257902,0.1820296115162714,0.18873632446174585,0.16849279024767877,0.1696324386678666,0.16893601553224052,0.1820296115162713,0.15062959100582854,0.15012214715404834,0.15150953598727282,0.17319590798078632
2019-04-02,0.188448603097711,0.18194789788822732,0.1885413098421335,0.16842496359721376,0.16956377729697214,0.16886504002577826,0.1819478978882272,0.1506368856430574,0.15011420681307056,0.1514888320440328,0.173092027809719
2019-04-03,0.18823228313572762,0.18171135080281048,0.18824512984705527,0.16829584883002457,0.16942450643037515,0.16873473245252246,0.18171135080281037,0.15072243562657112,0.15012985706928814,0.15154536135941163,0.1728674797271361
2019-04-04,0.1883203272463799,0.18182798095649821,0.18833329317480363,0.1684523768795656,0.1695755744578236,0.16889233793355232,0.18182798095649813,0.15097999861306136,0.15037915195004514,0.15180349726013498,0.17296731711988692
2019-04-05,0.18831544530792374,0.18182467374636993,0.18832108340516737,0.16834596141496255,0.16947652573189653,0.16878724654994334,0.18182467374636985,0.15007620007336947,0.14947884123730162,0.15090510700538992,0.1729601300244999
2019-04-08,0.18809147297504994,0.1817147754623062,0.1883793502396315,0.1677075527051341,0.16894560603425487,0.1681311642809383,0.18171477546230608,0.14988664257727896,0.14921853754754308,0.15051719905286962,0.17294685025359177
2019-04-09,0.1880137756602087,0.18157296525077737,0.18819095412724615,0.16773455814422086,0.16895157418731774,0.16815083065208333,0.18157296525077726,0.14990756154998516,0.14919023342780052,0.1505209926244945,0.17278626038203976
2019-04-10,0.1865675537645032,0.18040033688614376,0.18697507044941794,0.1657709425832752,0.16712495911620256,0.1661965668010762,0.18040033688614368,0.14733247514637252,0.1468080859147313,0.14786859830845556,0.17179172489280942
2019-04-11,0.18591879939414405,0.17977065661099417,0.18621472894134514,0.16505645694918836,0.16639105043212568,0.16548318874844475,0.1797706566109941,0.14667575887535195,0.14610757251131706,0.14724136603762533,0.17111956867476813
2019-04-12,0.18599207089093472,0.17982082170713015,0.1862826566151485,0.1651902619667085,0.16651550735757964,0.1656160654168458,0.17982082170713007,0.14710239885433463,0.14636730913810828,0.14761871707699445,0.171146142910088
2019-04-16,0.1860486342726772,0.1799040739708086,0.18637321904762674,0.16521029835794604,0.1665394796733414,0.16563473950750982,0.17990407397080851,0.14687414701274815,0.14619990803032634,0.1473931569727364,0.1712539826963099
2019-04-17,0.16695598429019412,0.16104478011185105,0.1683726367795106,0.1475753585275221,0.14858279610179767,0.14785519556693422,0.16104478011185094,0.1329625989501416,0.1313404720912751,0.1330486357549601,0.15282639780496707
2019-04-18,0.16297896258254668,0.15722265499224214,0.1650300988428961,0.14420340167776063,0.1451230005576552,0.14441860344556903,0.15722265499224203,0.13157768909968964,0.12929441876714784,0.13126115126119997,0.14923524556046866
2019-04-19,0.1603186426879729,0.15439844067006808,0.16205090749838572,0.14178372993975116,0.14256727651920242,0.14195216866188506,0.15439844067006797,0.12993903671711451,0.12712554548911795,0.12943435929730396,0.14621062584582456
2019-04-22,0.15964497084538753,0.15365980903706622,0.1612608149446262,0.14131182560756006,0.14203974421463628,0.14147764975223492,0.1536598090370661,0.12923005630743636,0.12641275621724987,0.1287731373943618,0.1454383032246828
2019-04-23,0.15916703794013737,0.15323796829836658,0.16069951964284512,0.14076808000024815,0.1414996686620241,0.1409395623486426,0.15323796829836647,0.12822016456857827,0.12544482063309886,0.12781301062466363,0.1449918896737812
2019-04-24,0.15902900986482563,0.1532543781155948,0.16048518193201464,0.14057014920910946,0.1413171424083357,0.14075247114692957,0.1532543781155947,0.12775831038303034,0.1250347101452853,0.12740412085345348,0.14512322914558234
2019-04-25,0.15886284686067761,0.15308799004776497,0.16032970073426842,0.1403330092014735,0.14109264257313464,0.14051003272931115,0.15308799004776483,0.127749475624082,0.12497150400556589,0.12735205235371688,0.14495083138083942
2019-04-26,0.1589319315471212,0.15313254855508357,0.16042832529623297,0.14041250291688204,0.14116232983700072,0.1405891613763905,0.15313254855508343,0.12774655430394166,0.12497679977265191,0.12735300564423227,0.14500532713845288
2019-05-02,0.15693367225237911,0.1511280420708292,0.15836720735210247,0.13875807242568086,0.13942655652655989,0.1389085023161131,0.15112804207082908,0.12660242651984546,0.12377272217775104,0.12620717286459068,0.14300912411726585
2019-05-03,0.15478450275642738,0.1491061623392845,0.1556814326324856,0.1374936379777199,0.1380452393597882,0.13762767115930036,0.1491061623392844,0.12643651283656804,0.1233972717322485,0.12612994286034251,0.14108806101245533
2019-05-06,0.1573149969149187,0.15149062018879608,0.15764100255752014,0.14031128318143826,0.1408059893938023,0.1404272983555496,0.15149062018879592,0.12890544577957166,0.12583266205002563,0.12853496323828195,0.1433640693684929
2019-05-07,0.1568860025093521,0.15100922042253156,0.1566407007388862,0.14018407174657518,0.14063158318753202,0.14030239486912885,0.1510092204225314,0.1293483291142939,0.1261112335594911,0.12908769603522485,0.14278212681475966
2019-05-08,0.15659320649469163,0.1506384036390297,0.1556495589782412,0.14041522901076986,0.14076260594073328,0.14050679010348957,0.15063840363902956,0.12985889970950573,0.12655488719144142,0.12960900845456053,0.14236873076018247
2019-05-09,0.1568095998949464,0.15086449347934497,0.15578841549783826,0.14062123216410177,0.14097133452148078,0.14071352044576216,0.15086449347934483,0.12996115110764483,0.12665562526816296,0.12970156943997954,0.14260286871574998
2019-05-10,0.14870403943099852,0.14397258596288512,0.14888574500064086,0.13438263082760568,0.13467235870020025,0.13447913697841224,0.14397258596288498,0.12820210303130097,0.1248400806980608,0.1280512401051756,0.13727077117745878
2019-05-13,0.1477256716893627,0.1431079423081776,0.14769718345312918,0.13379047886401343,0.13405683519448067,0.13387714891208516,0.14310794230817747,0.12841046191589192,0.12506705864966308,0.1282479950106823,0.1365640870806587
2019-05-14,0.14646537653201214,0.14174026823061148,0.1461664449009421,0.13283939576271325,0.13306924758606425,0.13292742211204245,0.14174026823061134,0.12770095616371782,0.12394086116864676,0.12746383262516303,0.13524798715483027
2019-05-15,0.14748364600183694,0.1429144093050472,0.1472378196923093,0.13374092640410004,0.1340046216297388,0.13383720658446052,0.14291440930504706,0.12801319689888566,0.12441084215259718,0.12785868583104348,0.13653443124524645
2019-05-16,0.14724010504697463,0.14274880906701862,0.14715379179793658,0.13369260712983205,0.13395032633603526,0.1337917719461453,0.14274880906701848,0.12840093663628174,0.12477333316388882,0.12825487794141505,0.13646614577670696
2019-05-17,0.1472621076263965,0.142733910636059,0.14721220598799176,0.13375428522497265,0.1339958227657517,0.1338495305164325,0.14273391063605886,0.1293559616515279,0.12534511277197521,0.1291152223546143,0.136429222249947
2019-05-20,0.14741613477880275,0.1430077047953074,0.14767992964765791,0.13385815380526364,0.1341211773167976,0.133958463467651,0.14300770479530725,0.12979692350403108,0.12575119514208066,0.12954658105730277,0.13676516283838627
2019-05-21,0.14503380766789203,0.14078912246529665,0.1452098182145601,0.13206394244054886,0.13228724948428916,0.13216288451318303,0.1407891224652965,0.12850932841700102,0.12456776619002514,0.12832852221449897,0.1347790418331306
2019-05-22,0.1449212357610771,0.14059340260385603,0.1450520193219135,0.1318050700933989,0.1320338846075639,0.13190022385367217,0.1405934026038559,0.12844652109949062,0.12452865011972898,0.12828957522339113,0.13439519623630775
2019-05-23,0.14303173371088013,0.1388373194357633,0.1432106723233968,0.13050815629374946,0.13070190835523599,0.13059784884713763,0.13883731943576316,0.127686570900408,0.12350212024522059,0.12746894519061747,0.13308073722083177
2019-05-24,0.14351892826410229,0.1394402105297392,0.14367446788351892,0.13142140780194006,0.13159076438361733,0.13151211378917546,0.13944021052973904,0.1278874991181705,0.12373065332180858,0.1276779906328494,0.13380432243546744
2019-05-27,0.1434333783951871,0.1392838851134028,0.14354033161754923,0.13125957056133525,0.13142915093095,0.13134656255304913,0.13928388511340267,0.12662542916489106,0.12256586862204026,0.12641540190991057,0.13362898973908946
2019-05-28,0.14209162627104946,0.13819096716083892,0.1423282700857608,0.13050668251682054,0.13065447016003068,0.13057600495833077,0.13819096716083878,0.1268212175738206,0.12280322685874213,0.12667028283144496,0.13280126824106372
2019-05-29,0.13901646189214706,0.13516089153789282,0.13919821291461681,0.12793780908810218,0.12802525174229126,0.12799173947020312,0.13516089153789268,0.12448522543313342,0.12033829777888891,0.12430004986454737,0.13006613435778713
2019-05-30,0.13902541491063977,0.1351654813348131,0.13919766530141886,0.12794635941649649,0.12803377129027818,0.1280004628345076,0.13516548133481296,0.12405873567322849,0.11999405986595113,0.12392122779810678,0.1300662615060281
2019-05-31,0.13972330869611022,0.13571971376303327,0.13969121981711263,0.12841247895881447,0.12850828891896707,0.12847240895155235,0.13571971376303313,0.12402238116790752,0.120017076512142,0.12393226231612679,0.13056676377470097
2019-06-03,0.14106625891806684,0.13713007091388785,0.14108335425800586,0.129757953550153,0.12985201831410492,0.12981680478912927,0.1371300709138877,0.12504869602211097,0.12106805187643441,0.12497930494175594,0.13207206161657245
2019-06-04,0.140516012017963,0.13651532914462816,0.14044532228410486,0.12922430430008303,0.12931542245506375,0.12928474679135454,0.13651532914462802,0.12478023748098815,0.12075348824438013,0.12470587190561933,0.1314702944691928
2019-06-05,0.1405109110747972,0.13652820650498415,0.14045504610613263,0.12923547825257803,0.12932717091696055,0.12929600633137364,0.136528206504984,0.12400615884225412,0.12001878967244867,0.12393788182367041,0.13150049440404976
2019-06-06,0.14052637662764578,0.1366783794686307,0.14064142203625793,0.1293866922646679,0.12947985113485072,0.12944532595286468,0.13667837946863057,0.12350065081482248,0.11949463089848913,0.12335064894019819,0.13171603398852555
2019-06-07,0.1415633577760668,0.13722316539315255,0.14130566214913812,0.12976434120541244,0.1298775630372859,0.129839151705526,0.1372231653931524,0.12251115665429094,0.11856872170922404,0.12252409368678205,0.1317245948449012
2019-06-10,0.14158747914562447,0.13725033173824427,0.14130336756726108,0.12986905700111384,0.12997519681684033,0.12994181933151366,0.13725033173824414,0.12277661328947334,0.11881251642926596,0.1227580094848226,0.13175258726998063
2019-06-11,0.14172584031485333,0.13731130152440132,0.14134803080808844,0.13001303679888257,0.1301111023793043,0.13008529589214668,0.13731130152440119,0.12267481939378823,0.11872377137541515,0.12262906292026757,0.13178104798014526
2019-06-12,0.1317847774989534,0.128236031355832,0.13229691393187964,0.12287929943215717,0.12283910442839237,0.12292856217739007,0.12823603135583186,0.11795194435601215,0.11405467525945905,0.11794576769425376,0.12425061120528393
2019-06-13,0.13172006218415028,0.12824393224834618,0.1322756549282653,0.12298851727343602,0.12293826957819169,0.12303610318527872,0.12824393224834604,0.11828259120785425,0.11439066062318715,0.11827497443253242,0.12434835464593492
2019-06-14,0.13169728917431334,0.12828395257159642,0.13231482290851998,0.12298777959555038,0.12293797980953687,0.12303535677793878,0.12828395257159625,0.11816723752954486,0.11430470310364171,0.11817874537145433,0.12445296096040262
2019-06-17,0.13195777606864595,0.12853497127990848,0.13255275986067946,0.1233666299830531,0.12330912515119005,0.12341356899417023,0.12853497127990834,0.11823799107866573,0.11448825167580474,0.11831178761241197,0.12473241332608091
2019-06-18,0.1320348490691266,0.1285796766635246,0.1326047093103208,0.1235618132903121,0.12349005789236014,0.12360091867220667,0.1285796766635245,0.11822639306036326,0.11452857098386161,0.11830167279318585,0.12477381482949366
2019-06-19,0.13205477369397794,0.12848247307462896,0.13245628457298544,0.1237619003765982,0.1236730313708809,0.12379986212199427,0.12848247307462882,0.11819077480719328,0.11447545055475725,0.11831048394632929,0.1246529783286686
2019-06-20,0.133910405542936,0.13066570056499294,0.13458293498772916,0.12573444834935202,0.12565620447755876,0.12576981837403947,0.1306657005649928,0.12020098349705033,0.11662177435956333,0.12030101232989499,0.12713329881944255
2019-06-21,0.13322217967398614,0.12999848876639433,0.13396121017771526,0.1252899298094932,0.1251981338173087,0.12532342278249095,0.1299984887663942,0.12016219577838616,0.11651389416873385,0.1202118446153173,0.12657936369878053
2019-06-24,0.13321413771288432,0.12996441523453986,0.1339354574472104,0.12524792286766923,0.12515700933606266,0.12528198173525817,0.12996441523453975,0.12015838149879507,0.11650406385654978,0.12021064660790057,0.12651332840454138
2019-06-25,0.13234284851699682,0.12908140204555227,0.13306691916341637,0.12464870872008565,0.12454109185237566,0.12467977200195121,0.12908140204555213,0.11981589982550753,0.1161089465524814,0.11984203309986646,0.12576882555911284
2019-06-26,0.1285967711892581,0.1256413784290304,0.1296527961311718,0.12209382389325044,0.12192884014007917,0.12211531404902819,0.12564137842903023,0.1186295082340031,0.11483698195959778,0.11865232652784147,0.12300315443844875
2019-06-27,0.12962648787704348,0.12664201600743918,0.13090230591285176,0.12308774074169627,0.12292600272845579,0.12311474465730693,0.12664201600743905,0.11821717856265093,0.11472227996004407,0.11808221664326377,0.12404850665156689
2019-06-28,0.1293729656387577,0.12640621279159714,0.1304269595131771,0.12309765246068416,0.12291707935072996,0.1231323922465163,0.126406212791597,0.11789696055891351,0.11452410963160431,0.11772036453649357,0.12391986325450124
2019-07-01,0.13128482986355197,0.12841217838221713,0.1334116137152377,0.12438468095677771,0.12426409114168357,0.12441613820107587,0.12841217838221697,0.11800252168244797,0.11479774753514503,0.11784539875772089,0.12584091706852735
2019-07-02,0.13129400363135263,0.12843322605041363,0.13342394043646025,0.12442238457576178,0.12429920609690846,0.12445269254081079,0.12843322605041343,0.11799991675320275,0.11481394822067802,0.11785778816427353,0.12587878593942237
2019-07-03,0.13081961058337116,0.12797367231867526,0.13299134579299626,0.1241462631536062,0.12401566763706055,0.12417606268153018,0.1279736723186751,0.11807359462329962,0.11491049649593252,0.11792981600548835,0.12550766454876572
2019-07-04,0.1301646007666783,0.12758217064613034,0.13234653879320843,0.12412565138021503,0.12396775695381915,0.12415177017249769,0.12758217064613017,0.11871169168332471,0.1153406849302474,0.11853974329999592,0.12550610886757316
2019-07-05,0.13009979834146013,0.1275259754144173,0.1321631433706584,0.12410531701178806,0.12394647738435796,0.1241317976441841,0.12752597541441713,0.11872828061463343,0.11539758440278042,0.11857519593083243,0.12547773923388056
2019-07-08,0.1296742872282954,0.12736464136356584,0.13208522254033414,0.12397822797971658,0.12381095796181141,0.12400638419763846,0.12736464136356568,0.1192794241815913,0.115950029804069,0.11912268788033244,0.12551644794762634
2019-07-09,0.1294779863580426,0.1272732448456133,0.13170647770593466,0.1240385060583982,0.12387223991565254,0.12406658995573708,0.12727324484561311,0.11828035379441061,0.11525638492019255,0.11810075791077038,0.12561037474297174
2019-07-10,0.12885002864220765,0.12654458590410464,0.13134804780613435,0.12244876814480274,0.12234988527288966,0.122495176123482,0.12654458590410445,0.11830050119669738,0.11508060224441859,0.11815854828056012,0.12430751894596635
2019-07-11,0.12470492215512917,0.12288399227062614,0.1278353158092452,0.11914950410303737,0.11902900206559958,0.11918958626981668,0.12288399227062598,0.11760338874879483,0.11408793960754929,0.11733460845317936,0.12121494906349198
2019-07-12,0.12471618093734815,0.12287473286332502,0.12782322059538187,0.11915502224141078,0.11903334635202577,0.11919380157664397,0.12287473286332486,0.11767103147727277,0.11419324406625796,0.11742917334954929,0.12120759223411716
2019-07-15,0.12426128141597409,0.12234200419007225,0.1270741435465301,0.11874769807027666,0.11861818796890608,0.11878557397373647,0.12234200419007207,0.11655962594148585,0.11338296319178702,0.11648403972377339,0.12069520120164312
2019-07-16,0.12473563747304336,0.12277898274949405,0.12726095841448828,0.11925271804465333,0.11912345635591397,0.11929305251532817,0.12277898274949386,0.11705426682727112,0.113847112377877,0.11698046561169645,0.12115174182618059
2019-07-17,0.12331868764941006,0.12156957459532254,0.1258883822009834,0.11822375397718955,0.1180777907357486,0.11826344357647836,0.12156957459532236,0.11682721626773408,0.11355882588542782,0.1167606448180201,0.12021455736446919
2019-07-18,0.1235693982925722,0.12170808173168272,0.12613295269828542,0.11835540124032912,0.11821062618498615,0.11839206703106074,0.12170808173168254,0.1166912167811438,0.1134434168189893,0.11663052573512075,0.12020151000615904
2019-07-19,0.12394809228125961,0.12215322871624498,0.12646765017532793,0.11877441344975871,0.11863238586560398,0.11880462987723094,0.1221532287162448,0.11728161224556558,0.11408547792520717,0.11716519716564072,0.12070585584996117
2019-07-22,0.12392548754359556,0.1221711518938674,0.1264617952573503,0.11876498850320519,0.11862519604203872,0.11879538966094226,0.12217115189386721,0.11719854805760312,0.1140484682510548,0.11709761893909024,0.12077185845880191
2019-07-23,0.12400073120078023,0.12231282314126216,0.12635669368452437,0.11899320948825383,0.11885583031958233,0.11902634502246294,0.12231282314126199,0.11725050387960881,0.11417434434165537,0.1171903749274884,0.12098240043369098
2019-07-24,0.1239709623608518,0.12226206187108886,0.126308091606237,0.11895310704777982,0.11881567263711733,0.11898589534630803,0.12226206187108868,0.11719377517995971,0.11409960894261642,0.1171421269052388,0.12090003921171336
2019-07-25,0.1234439153526902,0.12175882507919612,0.12572630216423014,0.11845508382927393,0.11831833090814457,0.11848452975934302,0.12175882507919594,0.11749936553870234,0.11431021501406803,0.11742423082380701,0.12033865444521145
2019-07-26,0.123560666738905,0.12186399332213167,0.12582120996971816,0.11859976519915871,0.11846054791143504,0.11862838335672118,0.12186399332213149,0.11778424524706019,0.11459088829690316,0.11769994322767507,0.1204515428157976
2019-07-29,0.12178982909780244,0.12034764127678492,0.12397230820730262,0.11777907063833007,0.11761003538511432,0.11780327399731609,0.12034764127678474,0.1178511504083949,0.11465722220005913,0.11780832910246271,0.11929432851985938
2019-07-30,0.12300865085900446,0.1216510121938118,0.12489884281226593,0.11890169834791205,0.1187490210945307,0.11893177723014277,0.12165101219381164,0.11847786387753324,0.1154488865427867,0.11858130335970402,0.1206994545547126
2019-07-31,0.12335311877347378,0.12187342070096795,0.12499105836687198,0.11910331190853618,0.11895286661946285,0.11913627415977117,0.12187342070096778,0.11849467584935659,0.11541838328331708,0.1185816648322324,0.12083520165936289
2019-08-01,0.12332024411537272,0.12183682456928746,0.12492408132391623,0.11909054729898436,0.11893881068004321,0.11912368152652192,0.1218368245692873,0.11826401717167698,0.11522655361293237,0.11840582558220594,0.12080175118422345
2019-08-02,0.12331622265559591,0.12189734305318217,0.12494437442569739,0.1191471949671822,0.11899565703889023,0.11918041130370056,0.121897343053182,0.11864383015921771,0.11562421554803343,0.11892653914974108,0.12088022515821763
2019-08-05,0.12414929213441732,0.12312653095760774,0.12623393648119496,0.11991198859042328,0.11980008802038625,0.1199471972347786,0.12312653095760756,0.11893425215112938,0.11602943520901829,0.11922470195448655,0.12237048315321913
2019-08-06,0.12446679686300874,0.12362830694338599,0.1267588624868123,0.1203030874712142,0.12019778975094954,0.12033697226632427,0.12362830694338581,0.11919639139575999,0.11628666493071137,0.11945730829820732,0.12294562136751597
2019-08-07,0.1244658031375721,0.12363535167973556,0.12676055298474975,0.12032104661173271,0.12021437261878627,0.12035419565875295,0.1236353516797354,0.11912728393760619,0.11624154266684338,0.1194091157082596,0.12295005455741229
2019-08-08,0.12487721076320686,0.12406603865011513,0.12720941431784702,0.12071625039774495,0.12061406945894447,0.12075168791356358,0.12406603865011497,0.11919622949562914,0.11651791008814708,0.11953250565829437,0.12340350448786333
2019-08-09,0.12489885071814433,0.12411546348559334,0.127235519297274,0.12072640388663272,0.12062938485645587,0.1207624020335738,0.12411546348559317,0.11931510691278092,0.1165701396258646,0.11963493193292936,0.12347155306477278
2019-08-12,0.12113466030425267,0.12006820377084425,0.1229278927380033,0.11825162243967122,0.11805044865009126,0.11826135265544961,0.12006820377084408,0.11850538857910826,0.1153617633161174,0.11840472252934338,0.11917319799844468
2019-08-13,0.12093807339829421,0.11971367352647944,0.12254814247221016,0.11742934226671246,0.11728942577821476,0.117450454534934,0.11971367352647926,0.11656663528701967,0.11343042805139998,0.11630914454354506,0.11878388322979168
2019-08-14,0.12043926930509495,0.11925430471207771,0.12213322717896419,0.11723910593140321,0.11707627783012484,0.11725780358217404,0.11925430471207753,0.11651263722873394,0.1133842455896411,0.11625229981978281,0.11838082252581274
2019-08-15,0.1209846375745813,0.11982680040592625,0.12256913428570192,0.11793948409566166,0.11776879350816502,0.11795649915345413,0.11982680040592608,0.11741410033297345,0.11413577292682318,0.11701196784003214,0.11896089448473415
2019-08-16,0.12092732910025172,0.11974887680347657,0.1223939325353,0.11782774866820016,0.11765577771669561,0.11784328093858952,0.11974887680347639,0.11737909932233292,0.11403379827119003,0.11692539844040381,0.11885408648446909
2019-08-19,0.12038573510489041,0.11926759697289567,0.1219145998932665,0.11753263992597952,0.11734811994554943,0.11754518300574061,0.1192675969728955,0.11740041490197674,0.11402627386141084,0.11694013870893977,0.11844432733889519
2019-08-20,0.12067480230275542,0.11940226991102323,0.12190405702238974,0.11754751460291743,0.11737927238112027,0.117559986610435,0.11940226991102305,0.11697144237611874,0.11353557095392786,0.11648493920177774,0.11851116572030798
2019-08-21,0.1204411704871317,0.11916247842462631,0.12187803075231511,0.1170274504688364,0.1168729972292656,0.11703274499857787,0.11916247842462613,0.1165710626668447,0.11291931378593532,0.11584127015489917,0.11824290304890764
2019-08-22,0.11965989902513792,0.11835862589159984,0.12111489482408715,0.11606113498295445,0.11591313593392677,0.11605715641741281,0.11835862589159966,0.11621720164404895,0.11232974253940073,0.11532526382220551,0.11748927236276076
2019-08-23,0.11920967242789546,0.11792732750823108,0.12016552509354422,0.115924353747703,0.11575768377090749,0.11592271043816924,0.1179273275082309,0.11629656353334841,0.11242457113945448,0.11540345299771898,0.11709575374065674
2019-08-26,0.11937862308544842,0.1180438702298406,0.11995128485682892,0.11615330546904122,0.11598127957868022,0.11615292888233213,0.11804387022984042,0.11635077291777757,0.11255682313375685,0.11557325995994261,0.11710134158924718
2019-08-27,0.11903447456385771,0.11762095691880398,0.1194947258706562,0.11568801201339408,0.11551797745450229,0.11569193235103459,0.11762095691880381,0.11512228708673469,0.1114405273393575,0.11448936684127196,0.11660779140096417
2019-08-28,0.11906065168862566,0.11765166776030792,0.11943034778094969,0.11569130672571903,0.11552787743814873,0.11569491320404635,0.11765166776030773,0.11487544086923415,0.11121361496525702,0.11421533991324938,0.11664216838027013
2019-08-29,0.1149704004154386,0.11338387195783502,0.1152717499981516,0.1108117018091146,0.11069990940441411,0.11081739295098207,0.11338387195783481,0.10859374864366611,0.10460830345348908,0.10776908494317995,0.1122324705728053
2019-08-30,0.11362692801187958,0.11217216137862739,0.11417813686723777,0.10978634085726865,0.10965044709853689,0.1097904827374445,0.11217216137862718,0.10834378224734997,0.10436678157001864,0.10754915015340542,0.11114590540464984
2019-09-03,0.1122398874682496,0.11061620349422754,0.11345306499753746,0.10834467649526992,0.10819985676165553,0.10834592135665834,0.11061620349422734,0.10691865148000965,0.10286121393511967,0.10612827853889133,0.1095850887749146
2019-09-04,0.11224281770935558,0.11063664183818316,0.11346772337604158,0.10845058582965705,0.10829109349038128,0.10844853830883969,0.11063664183818295,0.10735731013153499,0.10336340080546283,0.10658094798592374,0.10962786074135794
2019-09-05,0.11226374918156685,0.11065014410902092,0.11356589361269824,0.10847022500813047,0.10831201582924373,0.10846868756114524,0.11065014410902073,0.10733786102306274,0.1033641160315294,0.10657106678430515,0.10964597691637433
2019-09-06,0.11233302516911149,0.11067983113524577,0.11359226271300879,0.10852584929720212,0.10836743391967442,0.10852301428006207,0.11067983113524557,0.10719713696045137,0.1032171892925136,0.10642537015129282,0.1096497294609819
2019-09-09,0.11184339859787208,0.11007921544867508,0.11309882622475924,0.1082874337442142,0.10809220105930374,0.10827888082253127,0.11007921544867487,0.10727170004515049,0.10321686229645118,0.10650498438699167,0.10899235057849074
2019-09-10,0.11218667759061034,0.11036462400770573,0.11337952764924204,0.10878132774837265,0.10854904082110932,0.10876878441378018,0.11036462400770554,0.10823901167893618,0.10410661697996725,0.10752805433455385,0.10924499604166338
2019-09-11,0.10889273751438981,0.1070717772986384,0.10995461159710886,0.10623112137014858,0.10593385264165431,0.10620833135378785,0.10707177729863819,0.10760097190262857,0.103439646960685,0.10691618616329607,0.10598908994374319
2019-09-12,0.10987667964686564,0.10793394825606561,0.1105683235741687,0.10717342345383297,0.10687803305616693,0.10714844490890242,0.10793394825606542,0.10784092727113428,0.10404647171625472,0.10723701461129848,0.10680192704951036
2019-09-13,0.11165400457969947,0.10981589579644951,0.11247113855286989,0.10884930376385911,0.10859458663711662,0.10882639014238936,0.10981589579644933,0.10898433780253824,0.10524863939939696,0.10841943004799807,0.10865408594709665
2019-09-16,0.11167786278317843,0.1099166451880942,0.11243827767380338,0.10853263488451705,0.10835414821513381,0.1085234757680931,0.10991664518809402,0.10813392166744615,0.10459017696034884,0.10761297566509886,0.10881366077384594
2019-09-17,0.11131502884112168,0.10955550526141873,0.11208769582166454,0.10819380893835262,0.10802165792897298,0.10818878802521961,0.10955550526141854,0.1081474567614758,0.10459775577738811,0.10761791336050777,0.108494872121192
2019-09-18,0.11039232790340921,0.1087231064837234,0.11113982337835901,0.10719914728282123,0.10706147556371144,0.1072047651003871,0.1087231064837232,0.10783999405871338,0.1041794793617098,0.10729503071319911,0.1077296372109203
2019-09-19,0.11110036168166369,0.109630940072417,0.11180630760988206,0.107995269728235,0.10788681936808307,0.10800104750374138,0.10963094007241679,0.10875877157080913,0.10523764425786185,0.10809514321421085,0.10883177476869077
2019-09-20,0.10899346470340816,0.10749740678982804,0.11017002044809658,0.1072445716745343,0.10699210117919132,0.10723401774552895,0.10749740678982783,0.10917630867285813,0.10574076969596168,0.10852985467368476,0.10673819576120727
2019-09-23,0.108881418564117,0.10739688126957966,0.11009749510338909,0.10693824220051973,0.106713095322907,0.10692914810447259,0.10739688126957947,0.10851591378334013,0.10528321200813874,0.10788674441713397,0.10665866834818781
2019-09-24,0.10367912102600575,0.10235760857590409,0.10477686683006653,0.10164381457481982,0.1014603621179807,0.10164970467381877,0.1023576085759039,0.1043391919717101,0.10093907251123968,0.10363510225402368,0.10175729907589666
2019-09-25,0.1036537571570109,0.10233156036293534,0.10474087802681134,0.10163042748458659,0.10144304081102488,0.10163669648686025,0.10233156036293513,0.10438315743383614,0.10099322866783678,0.10368893350782091,0.10172963964855924
2019-09-26,0.10375176359802986,0.10262231821364698,0.10502900100642339,0.10175873592843576,0.10161227008194938,0.10176438489305493,0.10262231821364678,0.1048122813982111,0.10147101584477922,0.10409534210566496,0.10216385137887361
2019-09-27,0.10386580216926236,0.10275639875371781,0.10525092343168975,0.10186324238800204,0.10171890378427871,0.1018657253316852,0.10275639875371761,0.10487405609336857,0.10152502501571638,0.10416224761150458,0.10228525209608072
2019-09-30,0.10387838529534264,0.10275561092983349,0.10521623730679625,0.10181357154473826,0.10167575105155323,0.10181558993793069,0.10275561092983329,0.10476096261553192,0.10140230853670422,0.10402482905909237,0.10227886738275009
2019-10-01,0.10366382272420496,0.10246245055202766,0.10476741855985808,0.10162823001396182,0.10147975650545316,0.10163208754833734,0.10246245055202746,0.10437073172493308,0.10108062730097707,0.10366695606247853,0.10200497989283829
2019-10-02,0.10414613532568957,0.10277523968812878,0.10515431790671155,0.10190102432074648,0.10175961729173268,0.10190246685547014,0.10277523968812859,0.10417773428854879,0.10093832785746312,0.1034940663525041,0.1022005442294198
2019-10-03,0.10409042400456159,0.10274894135999214,0.10512995298068847,0.10180640954719604,0.10167192795849099,0.10180781490225432,0.10274894135999198,0.10397278534832333,0.1007983429482831,0.10333121037407117,0.1021861520731658
2019-10-04,0.10482474074798998,0.10350382888216841,0.10595056844353361,0.10239507955982044,0.10227965182379577,0.10238191589719473,0.1035038288821682,0.10431772118486174,0.1011614074548949,0.10366058097649546,0.10286890790419066
2019-10-07,0.10554590362880369,0.10415964542728885,0.10682636847122928,0.10301002670933145,0.10290984997529035,0.1029940372547846,0.10415964542728866,0.104471653621218,0.1014201132220032,0.10380850655914102,0.10346199725800923
2019-10-08,0.1060340733357636,0.1045666739146093,0.10728511081034701,0.10341108714143056,0.10333436761764148,0.10339080549571497,0.10456667391460911,0.10443920599678023,0.10140086535152153,0.10377004152790446,0.10379540836876368
2019-10-09,0.1055539619916118,0.10424802867451838,0.10699624132177372,0.1030392404866167,0.10296802034328423,0.10302106782425251,0.10424802867451818,0.10442327681898288,0.10134785070327422,0.10374580270427737,0.10358885864111846
2019-10-10,0.10497544797451974,0.10361998039301364,0.10633941259702193,0.1025224695119342,0.10244235694043376,0.10249922699080607,0.10361998039301344,0.10422745970708822,0.10109058347343247,0.10353976289133378,0.10292029433785913
2019-10-11,0.10533157449822249,0.1040034207063016,0.10678663071814126,0.1029826750854793,0.10288833774505626,0.1029495436770995,0.1040034207063014,0.1048251735647705,0.10165573642532996,0.1041638515057528,0.10328737516241948
2019-10-14,0.10552216849870043,0.10430151367953452,0.10710776521091536,0.10310369275928426,0.10303327564116,0.1030700716372329,0.10430151367953433,0.10418855876300054,0.10134880186465348,0.10362040118775927,0.10364914181219737
2019-10-15,0.10531736927954048,0.10407250754552573,0.10688930394173649,0.10296520013260801,0.1028877319672897,0.10293104487497028,0.10407250754552552,0.10417454783023111,0.10132958555388717,0.10360706844123778,0.10339509838234447
2019-10-16,0.10526784569357313,0.10405787352861556,0.10688250424024132,0.10297202124650132,0.10288605931764476,0.10293588018217292,0.10405787352861535,0.10419698855920534,0.1013879963494958,0.10363607355379392,0.10340115704869512
2019-10-17,0.10441706047290937,0.10318190128374807,0.10596062466164136,0.10180645929112593,0.10174093652130609,0.10177598295638665,0.10318190128374788,0.10157061704043244,0.09948996323691797,0.1013470710913695,0.10250528492641389
2019-10-18,0.10439085578320953,0.10316739809088646,0.10592862657730245,0.10160374416450063,0.10155947916518851,0.10157723749630884,0.10316739809088626,0.10021122916236778,0.09861631123255096,0.10018248338026271,0.10250624321165781
2019-10-21,0.10483478386161074,0.10360963195240319,0.10618851305115262,0.10195825754982171,0.10195639414034494,0.10192584574386697,0.10360963195240298,0.10063639384254776,0.09901885012006512,0.10057770895722531,0.10285174751033699
2019-10-22,0.10483473118882668,0.10365549676884357,0.10636675638704005,0.1020249067216405,0.10201395292110642,0.1019890399126975,0.10365549676884336,0.10088273175666644,0.09911384600824882,0.10075763997662808,0.10293598202373559
2019-10-23,0.10426232314807554,0.1030256534648832,0.10579747916190159,0.10175292963546397,0.1017191569474313,0.10171316246162287,0.103025653464883,0.1009251512860972,0.09917151259218307,0.10081214679024769,0.10225944174809802
2019-10-24,0.1049366486764545,0.10346292936384992,0.10635817111542625,0.10211375503813208,0.10211352920343994,0.10207372805911598,0.10346292936384971,0.10089219097457841,0.09922810623256029,0.10077886677805183,0.1025480337599408
2019-10-25,0.10469646503344988,0.10323141890877699,0.10607162648145504,0.10199606107971032,0.10198852135121435,0.10195476621679668,0.1032314189087768,0.10090615958808918,0.09923786014692393,0.10079219634086924,0.10232406445303757
2019-10-28,0.10465783582373879,0.10318125726041731,0.10597319768642263,0.10195556220674759,0.10194454071354399,0.101911519720266,0.1031812572604171,0.10103185770010177,0.09931665328797432,0.10089122176715384,0.10227477015811717
2019-10-29,0.10445961044503171,0.1030920493123099,0.10593462652639185,0.10155486653938416,0.10157985997535236,0.10151260536380965,0.10309204931230971,0.09983372580297441,0.09838455487224831,0.09965179572439739,0.10225300776781444
2019-10-30,0.09947830650249817,0.09817062866280575,0.10118670690877252,0.09626607759869281,0.0963339509390225,0.09620178628343945,0.09817062866280553,0.09455197148734601,0.09312249695856757,0.09424156740148394,0.09738749828941247
2019-10-31,0.09950523620495477,0.09819575309423323,0.10116392092608772,0.09621806221387975,0.09630169822014288,0.09615399367235436,0.09819575309423303,0.09374887824045719,0.09264446061220909,0.09344700428989146,0.09741944128487076
2019-11-01,0.09965769248422479,0.09845335862235503,0.10136118101631102,0.09576288015523311,0.09596686636589004,0.09570990281250515,0.09845335862235481,0.09236627318128857,0.09154095181565101,0.09206945752236696,0.09759972173697026
2019-11-04,0.09978837543929457,0.09856716728813633,0.1016262642017941,0.09573616690731926,0.0959811557241537,0.09568233477869816,0.09856716728813611,0.09214997328535905,0.091345772507075,0.09185332899979527,0.09763655780109806
2019-11-05,0.09922778723586809,0.09793016777156419,0.10095266011739384,0.09514604368444549,0.09538664785491188,0.09509400396379038,0.09793016777156396,0.09110446298699036,0.09042346903573603,0.09084980001645401,0.09696066993537922
2019-11-06,0.09874209293344925,0.09752475524765969,0.10050574665183187,0.09441580264509784,0.09469778870286455,0.09437092284386081,0.09752475524765947,0.08997522492941644,0.0894931645981226,0.08976978182262334,0.09661657979549293
2019-11-07,0.09863745239712754,0.09744948080765134,0.10029222168327694,0.09419514245385613,0.09449727485966432,0.09415608116172747,0.0974494808076511,0.08909036352182767,0.08894661153107726,0.0890157012650067,0.09656124041681076
2019-11-08,0.0972014232795469,0.09583762538853466,0.09876352661844469,0.09298512586953825,0.09324711316235121,0.09293414101685793,0.09583762538853444,0.08857395074741033,0.08826083763467302,0.08839411052845794,0.09486215530769507
2019-11-11,0.09744160547152628,0.09601802053897698,0.0988658925112967,0.0932319440633268,0.09345892691184979,0.09317912728787203,0.09601802053897675,0.08874691512078794,0.08821537497971303,0.08856363083325879,0.09497014641213034
2019-11-12,0.09742371367733196,0.0960367487796239,0.09882467041511868,0.09303724789691474,0.0933016774802182,0.09299016258417363,0.09603674877962366,0.08727272240109712,0.0873152770975553,0.08723168826165173,0.09499266655876629
2019-11-13,0.09714172918181994,0.09563900011568903,0.09816493912527187,0.09287133919192132,0.09309638261159056,0.09281921553347225,0.0956390001156888,0.08697834897582697,0.08698958735739745,0.086935038659192,0.09453425399305004
2019-11-14,0.09742906681024152,0.09597111165786079,0.09857227471759811,0.09290952190929964,0.09319956371405125,0.09285928370548968,0.09597111165786057,0.08680676995128765,0.08690748238930074,0.08670875243636095,0.09487956776036095
2019-11-15,0.09743983942149424,0.09600928632184033,0.09860039912071115,0.09298799436284581,0.09326264568421547,0.09293800538820951,0.0960092863218401,0.08739795775539622,0.08730348863704762,0.08720254727699484,0.09495413536052645
2019-11-18,0.09796569920696023,0.09649233887504759,0.09912368018085828,0.09347013803468902,0.09373659206264552,0.09342305437130372,0.09649233887504736,0.08752877106041,0.0875311825156352,0.08736547996650097,0.09538889428616061
2019-11-19,0.09629072077114843,0.0951510333674944,0.09800944822510141,0.09207976103444901,0.09235449509961478,0.09203017956941932,0.09515103336749418,0.08748762625807584,0.08738379478864426,0.08728044166618837,0.0943109853520308
2019-11-20,0.09681406487105096,0.09574723877105658,0.09860866628999994,0.09248712147046988,0.09279676780433992,0.09244384299934412,0.09574723877105636,0.08763195007311136,0.0876350623938589,0.08747731990822716,0.09491243734291617
2019-11-21,0.09878430544979566,0.09764460765444881,0.1002918662166951,0.0942069616717556,0.09458351461210737,0.09416117395211333,0.09764460765444857,0.08872118514829716,0.0888086012942846,0.08854443810832735,0.09664654467656422
2019-11-22,0.09981326841984903,0.0987630632064976,0.10138138837903357,0.09514460423426796,0.09556437812127588,0.09509929823427649,0.09876306320649737,0.09039145227084894,0.09027767617228159,0.09003571191467424,0.09784180146067065
2019-11-25,0.09979676957487991,0.09876024432741841,0.10139389814359245,0.09514813923112009,0.09556123145392353,0.0951037439498913,0.09876024432741817,0.0903491448236126,0.09026844329806386,0.0900235647823988,0.09784393081962953
2019-11-26,0.09873534229530154,0.09790323537448438,0.10069781848281208,0.09447119353881767,0.09487103941830458,0.09441727474406184,0.09790323537448414,0.09030505450571724,0.09017977355756152,0.08992779177369944,0.09709491110905849
2019-11-27,0.09649884348404147,0.09563994686566048,0.09857801020869142,0.09243592399355348,0.09281971758236703,0.09237828649325956,0.09563994686566021,0.08909858688932128,0.08891862687834592,0.08868151315765654,0.09481502505878532
2019-11-28,0.0977877468916245,0.0969062236137438,0.10002529981294978,0.09353984386803246,0.09395134356134782,0.09348399454988879,0.09690622361374357,0.089934729416412,0.08975038551537633,0.08950317557882156,0.0959914728119532
2019-11-29,0.09779739195473951,0.0968957750014133,0.10001106968570089,0.09356450951330425,0.093963532669117,0.09351074259340719,0.09689577500141304,0.08979331072816414,0.08961711815909477,0.08935919508617711,0.0959628708002332
2019-12-02,0.10018344427108007,0.09893368528515169,0.10220169848121845,0.0951419247213775,0.09565108414475271,0.09508303650371851,0.09893368528515144,0.09011799068240077,0.09018763737181916,0.08987098160101928,0.09763885106663238
2019-12-03,0.0992258231254732,0.09835441941835606,0.10152672856955636,0.09444602252075417,0.09495022555557664,0.09437389768451147,0.09835441941835582,0.09081569650972744,0.0905280549463603,0.09056588189406387,0.09718656345286734
2019-12-04,0.1029406034612113,0.10190050331002612,0.10515618342605751,0.09733274830938576,0.09793841640765523,0.09726072599963954,0.10190050331002588,0.09199504455592489,0.09225439832696475,0.09196713856935936,0.10047882843179771
2019-12-05,0.10298643394611691,0.10205748888422951,0.10537216975909833,0.09727970043951795,0.09791343311648386,0.097210938182269,0.10205748888422926,0.09205410791561591,0.09232329061550372,0.09201559027191789,0.10067353472297667
2019-12-06,0.10282159652199559,0.10178067607731237,0.10511528563335674,0.09715241202387437,0.09777687273690419,0.09708588784493921,0.10178067607731212,0.09189038910760368,0.09216511248277973,0.09190435579527241,0.10035281848751763
2019-12-09,0.1027295616157957,0.10164493514788729,0.10503398827953037,0.09694394008550673,0.09757438564359493,0.09687798571938541,0.10164493514788706,0.09146507304662892,0.0917316883838154,0.09147870851247784,0.10018345252309072
2019-12-10,0.10319965967567145,0.10217708565523118,0.10549370998591656,0.09765042949736397,0.09825519997733588,0.09758458908928465,0.10217708565523093,0.09366826060482879,0.09337105782948338,0.09359619290734886,0.10076726272827406
2019-12-11,0.10277536755616465,0.10174165402921141,0.10513359565625324,0.09712235591347519,0.09773577967260928,0.09705438341720986,0.10174165402921118,0.09342453553830521,0.09301655500925242,0.09325954968418633,0.1003087586505214
2019-12-12,0.1027880294963492,0.10170050675758541,0.10510757815448964,0.09700533966728181,0.09761547872710939,0.0969423866754541,0.10170050675758516,0.09358535218603899,0.09301840893378455,0.09344152467728063,0.10022424771750928
2019-12-13,0.10241462783893551,0.10140083391971637,0.10479461465107191,0.09658715156560155,0.09720578686145676,0.09652417992370507,0.10140083391971615,0.09338470091073249,0.09282335870494378,0.09316497335808183,0.09998952767908728
2019-12-16,0.10000542442353685,0.09868833579898177,0.1020961924460192,0.09410483663385281,0.09471376181991169,0.09404041533640975,0.09868833579898151,0.09085165866161946,0.09023255020599896,0.09067789757707576,0.09695452131101004
2019-12-17,0.1010106021325179,0.09949860779043272,0.10274840700235205,0.09473008268180942,0.09537458574632451,0.09467049838971066,0.09949860779043249,0.09089631608771613,0.09039628083828802,0.09078056996690423,0.0975416096270829
2019-12-18,0.10140877487005885,0.09984932546410935,0.10294792224443142,0.09496008569513645,0.0956358955948294,0.09490813283445006,0.09984932546410911,0.09096808341669402,0.09051841622005473,0.09087691468362669,0.09783485135591417
2019-12-19,0.10128756098839771,0.09975362658421928,0.10284147310547798,0.09489818834891858,0.09556766153293526,0.09484562114134518,0.09975362658421905,0.0909604367840596,0.09052400823563199,0.0908927740839698,0.0977539478640045
2019-12-20,0.10196006646852157,0.10038146675957221,0.10340165980821936,0.09568231707700472,0.0962994537047105,0.09561930700010708,0.10038146675957198,0.09157860669792063,0.09106326044387292,0.0914686587342136,0.09827587904499495
2019-12-23,0.09985753302448619,0.09814625898251257,0.10080908793896828,0.09351122470309582,0.09412137304758798,0.09343997745859982,0.09814625898251235,0.08989017567883906,0.08904621594501501,0.0897653303954792,0.09596000427330585
2019-12-24,0.09957800680497787,0.0977980889574992,0.10070985496074328,0.0928313966566664,0.09347432096511896,0.09275401130841669,0.09779808895749895,0.08837564282037284,0.08754782818598558,0.08816073511461893,0.09551650937616975
2019-12-25,0.09711152226960139,0.09516436952321823,0.09667803226751145,0.0909425288420687,0.09153784284447183,0.09086903397187299,0.095164369523218,0.08782376006335978,0.08683306728817031,0.08765112684278667,0.09292215802754933
2019-12-26,0.09708889272275341,0.09511171109840076,0.09669674204874545,0.09086001176616652,0.09144943122962404,0.09078475284441631,0.09511171109840051,0.08779395545282974,0.08675612536956918,0.08762377562697288,0.09284058271223644
2019-12-27,0.09751717364810833,0.09546415601820947,0.09702824496266596,0.0911498785797347,0.0917515636849184,0.09107723214940261,0.09546415601820922,0.08760378111666271,0.08660899241458424,0.08745556284005748,0.09306393383844606
2019-12-30,0.09609517701277323,0.0940478925010127,0.09592392715079759,0.08959011238648326,0.09021293055125192,0.0895169230357261,0.09404789250101245,0.0855222023132417,0.08474211231333237,0.08549195691101721,0.09158715972149734
2019-12-31,0.09604285114453667,0.09403806148003696,0.09589757245543187,0.08957784689974135,0.09020146791422044,0.08950432938702059,0.09403806148003671,0.08545841265561525,0.08466913072875323,0.08544148443072551,0.09159336938542242
2020-01-02,0.09651450520193659,0.09429077042819593,0.09648054494324004,0.08909578168401848,0.08985067375798002,0.08903581970498523,0.0942907704281957,0.08500275237116889,0.08423159979793174,0.0849680164024196,0.09165823011469819
2020-01-03,0.09642178489288726,0.09418332742968828,0.09635455215283789,0.08900374780660282,0.08975536998486437,0.08894359091151564,0.09418332742968805,0.08490434656529637,0.08411139248620379,0.08486495006290676,0.09151778349471987
2020-01-06,0.09791038245472163,0.09559933902942436,0.09770665371632156,0.09048409509437537,0.09122530856462327,0.09042457483447221,0.09559933902942411,0.08621523154059679,0.08563201609298643,0.08618334076784094,0.09288767248885037
2020-01-07,0.09744608553966172,0.0951169595832368,0.0971277161394054,0.09013584769972594,0.0908410790397411,0.09007112664180562,0.09511695958323654,0.08606622644949957,0.08546501253180054,0.08605303534481971,0.092372082219323
2020-01-08,0.09896950222432109,0.09655397851872378,0.09833124797017485,0.0915157512150114,0.09222603135413326,0.09145095949372842,0.09655397851872353,0.08684882638204612,0.08627655786800172,0.08676144482232222,0.09370898086895432
2020-01-09,0.10098187963484018,0.09823580249747635,0.10008764689286244,0.0928313565770306,0.09361782364966552,0.09277589733318543,0.09823580249747611,0.0875836735171747,0.08691254557538379,0.08740353849741468,0.09503090241617455
2020-01-10,0.10260485533824876,0.09964110917011242,0.1017120062994499,0.09366936433172077,0.09457331734438884,0.0936276822692581,0.09964110917011218,0.08744207768795546,0.08713115044275098,0.08734815372464544,0.09606335530932088
2020-01-13,0.10244648369667476,0.09953848659744768,0.10163838208301695,0.09368682051314879,0.09455362773276535,0.09363982313913001,0.09953848659744746,0.08766397253584658,0.08725086941181515,0.08755309895352043,0.09599948565937891
2020-01-14,0.10229805431279879,0.09949198870915135,0.10143897111413964,0.0936417274148801,0.09449717767573257,0.09359351002908319,0.09949198870915112,0.08783621952747817,0.08736738855717847,0.08768722558776472,0.09604075454607182
2020-01-15,0.10169617247540194,0.09879294563152709,0.10082942639984054,0.09290903535930091,0.09377221488590677,0.09287104722936607,0.09879294563152685,0.08616472967857938,0.08582428742866932,0.08618868077960401,0.09524396141146763
2020-01-16,0.10313264991358483,0.09994429907764604,0.10146834005657789,0.0936049033186453,0.09449725614793326,0.09357166088884007,0.09994429907764579,0.0862382512026645,0.0858981531069863,0.08624771328916624,0.09603314194758425
2020-01-17,0.10258926009665216,0.09936464693240615,0.10102217727134989,0.09304437360592127,0.09393363581087591,0.09300588525841093,0.0993646469324059,0.08605912691599517,0.08559646260031874,0.08598401761362544,0.09543112813695942
2020-01-20,0.10262733613495088,0.09939724723944494,0.10102706638819768,0.09309184378386744,0.09397658813627434,0.09305289795005527,0.09939724723944471,0.08594323636014872,0.08552960726534435,0.08587102369737123,0.09544379473092164
2020-01-21,0.10363596778685927,0.10011530715292737,0.10134976684910316,0.09335963038984832,0.09430511824798263,0.09332287103839029,0.10011530715292712,0.08522811442512872,0.08493646469665349,0.08510455202682574,0.09591861544050771
2020-01-22,0.10392473815394082,0.10025095254163793,0.1013678063011688,0.09353878767438047,0.09447552020712315,0.09350250028237317,0.10025095254163771,0.08507414821088946,0.08475654148846598,0.08495579225188112,0.09592541672934599
2020-01-30,0.117962023452355,0.11273125457258974,0.11209321999079162,0.10482074113090643,0.10599915480793612,0.10479420063258586,0.11273125457258953,0.0899666481924278,0.090519012424996,0.09011578887525214,0.1064155683892026
2020-01-31,0.12394357938605721,0.11931239909419794,0.11946293353276852,0.11298996643216128,0.11403310346951624,0.11291249671844426,0.11931239909419773,0.10209051537736596,0.10266731881735462,0.10230421396277924,0.11347966866973673
2020-02-03,0.12469166985876612,0.12070721405224653,0.1208263735858045,0.1190303363848136,0.11900329504561345,0.11881912461192187,0.12070721405224633,0.11189182699274837,0.11093832605816746,0.11167973816584013,0.11538852796602983
2020-02-04,0.1255567246489853,0.12142761498746918,0.12154727270990583,0.11995242485257125,0.11984257900793013,0.11971809260130922,0.12142761498746897,0.11304691522635564,0.1118384702060575,0.1125856627261452,0.11604808514329976
2020-02-05,0.1260017843309364,0.12161950660454708,0.12152991736594022,0.12110496319563846,0.1207423938045928,0.12085111707815667,0.12161950660454687,0.1135212558944507,0.11202342662057671,0.11289041757762422,0.11606481445630215
2020-02-06,0.12992621567167822,0.12441245974319635,0.12260376514963184,0.12259557302637848,0.12241368737164818,0.12235419725154256,0.12441245974319613,0.11394126169472363,0.11231872692624287,0.11319629938084001,0.11765353750634316
2020-02-07,0.12962466157798525,0.12386224208059064,0.1219925164347709,0.12226818812363921,0.12205642664043635,0.12202357540467491,0.12386224208059042,0.11383608888888984,0.11224213363401743,0.11316163118057225,0.11696962171022413
2020-02-10,0.13155578641741342,0.12544869165904937,0.12359776955276083,0.12387744706538319,0.12364295195809197,0.12362895351441544,0.12544869165904915,0.1141138208221523,0.11263389014424079,0.11342958125600093,0.11822099769471846
2020-02-11,0.1315026162467087,0.12519544073666858,0.12321783085052616,0.1232183073558277,0.12301254461174732,0.1229701256366914,0.12519544073666836,0.11371617890693052,0.1119868554906416,0.11291190228269318,0.11779694859383999
2020-02-12,0.13192021442504082,0.1255541511997518,0.12330312018137596,0.12361106689052645,0.12336993312507186,0.12335370985307045,0.12555415119975158,0.11376544873219979,0.11201481757406184,0.11292839831920104,0.11801270683543011
2020-02-13,0.13189783977249447,0.12553297940173766,0.12328971875227383,0.12383077605199704,0.12354131896267424,0.12356687017282517,0.12553297940173744,0.1142906384060443,0.11247029452443395,0.11348286981061108,0.11799283665937801
2020-02-14,0.13177873979892352,0.12545093203248436,0.12304673809816329,0.12344719082440775,0.12317305894929896,0.12318230400048755,0.12545093203248414,0.11382526523288043,0.11202330070858882,0.11302773430288816,0.11786536332697242
2020-02-17,0.13177233944303904,0.12552942395298475,0.12304051573718303,0.123756085993631,0.12345466401677431,0.12349312794820136,0.12552942395298453,0.11451385535754126,0.11264344468127736,0.11371761082990353,0.11809985608217122
2020-02-18,0.13153032124512296,0.12558879206393986,0.12291429792617323,0.124402087017805,0.12404143509938827,0.12415243865474031,0.12558879206393964,0.11579909297082855,0.11369290501940243,0.11496872005508717,0.11856286551074766
2020-02-19,0.13146686462891222,0.12550450442766756,0.12278225970664836,0.12437422018357984,0.12400690007348991,0.12412550749751472,0.12550450442766736,0.11548236082221099,0.1134153215409491,0.11464787750902701,0.11844995408177235
2020-02-20,0.1316775461040914,0.12621384251980858,0.12335749871962177,0.12649863609775852,0.12594710619741026,0.12625514651607103,0.12621384251980838,0.11775555178692462,0.11561620984140877,0.11701432490629479,0.11995437348424297
2020-02-21,0.13153265208495651,0.1261760152668708,0.12355839924315971,0.12639109814621002,0.12584563232394452,0.12614784130875528,0.1261760152668706,0.11774419892792519,0.11561853381744369,0.11699757027327203,0.11994559932007112
2020-02-24,0.14247950809014934,0.13660253494995955,0.13539349673002263,0.13471977619988432,0.13437260812642604,0.13448569956876244,0.1366025349499594,0.12530394552224705,0.12311425163930856,0.12463790361164627,0.12988227481362322
2020-02-25,0.1444730653558011,0.13799126120502175,0.1373002993968282,0.13540838686539688,0.13511332014983599,0.13517651075566653,0.1379912612050216,0.12564776425798752,0.12342109613588034,0.12498012496056582,0.13084480483340236
2020-02-26,0.14462300668757502,0.13836992354599478,0.1373664815338926,0.1357636240784152,0.13547283846469083,0.1355343441516698,0.13836992354599464,0.1266440409840812,0.12445924710611501,0.1259887294251718,0.1314145162748402
2020-02-27,0.14598669572940695,0.1392786152699922,0.1384167714345764,0.13620932115999945,0.1359469880318579,0.13597232090792666,0.13927861526999202,0.12732453190665668,0.1250388629004726,0.12661944849187642,0.13209847186728077
2020-02-28,0.1472214200852708,0.14054580360343286,0.13960047806193018,0.13697701956846745,0.1367669459215129,0.13675245188302956,0.14054580360343275,0.12868940576063828,0.1262067749225185,0.12800673077293073,0.13322192380975464
2020-03-02,0.14833767123353842,0.14130794547086878,0.1404293760236543,0.1377239652432246,0.1375251999770864,0.13749847079085678,0.14130794547086867,0.12946092565004652,0.12685761324239123,0.12878538340645793,0.13372501592394015
2020-03-03,0.1494295987257541,0.14191510713674008,0.14076902069848235,0.1381533116847992,0.1379741520427285,0.1379254785534854,0.1419151071367399,0.12924068555561438,0.1266711796602724,0.1285822858903775,0.13403223621520707
2020-03-04,0.1494169726097495,0.14188499848505082,0.14067985111702178,0.1381324598407483,0.1379491274175847,0.1379030161090314,0.14188499848505068,0.12941548338803607,0.12683129687336428,0.12876257117491982,0.13401373330506805
2020-03-05,0.14898445373647695,0.1415804854462429,0.13982337126697705,0.13781406772068044,0.1376365706765568,0.13757957271807508,0.14158048544624277,0.12928066635781063,0.12682206140316515,0.12864410858385752,0.13376589647416856
2020-03-06,0.1491711215557129,0.1417689709565753,0.1400940369005983,0.1379023151042703,0.13773803579274713,0.13767615226887714,0.14176897095657515,0.12920047688334993,0.1266797725653031,0.12854979237784087,0.13394889155629244
2020-03-09,0.17954039432058944,0.17374294701432244,0.1716957927941446,0.1692800410364836,0.1692486471437424,0.1691094599712566,0.17374294701432236,0.16207187136712808,0.1599699888057131,0.16150540540216252,0.1674985701117519
2020-03-10,0.17966236824822338,0.17399789829477408,0.17184649719809986,0.16953599050183313,0.16950486625082417,0.1693683833653915,0.17399789829477397,0.16514275205026252,0.162176303317744,0.16454013695342096,0.1678670249211888
2020-03-11,0.18727257110027898,0.1806364325490237,0.1796721155597928,0.1740789889157297,0.17423746106127727,0.17392375859786574,0.18063643254902362,0.16586332679850294,0.16338626839765044,0.16531848497426702,0.17318245782910985
2020-03-12,0.20082337973440914,0.19523215022150053,0.19581010238992408,0.18793931078925102,0.18817195997111558,0.18784628788617613,0.19523215022150048,0.17675385331422067,0.17519321443877797,0.17654457943653615,0.1884549511739816
2020-03-13,0.2013071660520534,0.19555987007076728,0.19584869408832725,0.18812205937776333,0.18837536137086153,0.188026874096088,0.19555987007076722,0.17725331027771385,0.17578492165918208,0.1770158269016678,0.18869393202396287
2020-03-16,0.2020137191851896,0.19599932261871025,0.19626743768028138,0.18816200106336195,0.18843264391890108,0.1880728972095884,0.1959993226187102,0.17739060153596858,0.17540279094021738,0.1769609135175911,0.18881128854021154
2020-03-17,0.20110643689998908,0.1948567362291884,0.1952854812848612,0.1869538666346888,0.18721099430633947,0.1868623849762527,0.19485673622918834,0.17846720948177278,0.17626298695525935,0.17799355835719394,0.18753204266765444
2020-03-18,0.2009884277447003,0.19469558677673868,0.19510952936225454,0.18682992561764894,0.18707859192717402,0.18673629858080854,0.19469558677673862,0.17834557637468174,0.1760958559129627,0.17786177586341073,0.18734188889230483
2020-03-19,0.20466774613820987,0.1983321432027792,0.19814613250418975,0.19073140504809388,0.19098652336207844,0.19064552671162172,0.19833214320277914,0.18103441929752906,0.17904841992410353,0.1806494085819509,0.19082678634913247
2020-03-20,0.2050474039849872,0.19877039141207423,0.19868620329455156,0.1913159854086897,0.19157157077448592,0.19123324615291942,0.1987703914120742,0.18237068886961877,0.18080582352543956,0.18218918710088794,0.19141656430235124
2020-03-23,0.2251716670062406,0.21877446248919605,0.21886089697741984,0.21027564113235112,0.21061242925863094,0.2102495216808214,0.21877446248919602,0.19322781129289432,0.19278001330012814,0.19371765126771534,0.21134168743268758
2020-03-24,0.22513944147159415,0.21878915923764397,0.21885610170038808,0.2102848846450359,0.21061972209871754,0.210258776876902,0.21878915923764394,0.19376062633199206,0.19330691935598995,0.19435641162712605,0.2114877488705634
2020-03-25,0.23771729346669987,0.2313304043462299,0.2309947982191056,0.22314898054496932,0.2234623879611576,0.22312906421177656,0.23133040434622987,0.20136312192256428,0.20205787401085393,0.20268244008864028,0.22425654012436
2020-03-26,0.23821107848039963,0.2315933862594508,0.2315008586071912,0.22325679341471538,0.22357532942061414,0.2232366166370577,0.23159338625945078,0.20231448269224886,0.2032125523584854,0.20383574582214806,0.22432225797564473
2020-03-27,0.23857168501900064,0.2318662610526318,0.23191583193162124,0.22336223946404776,0.22368433081541597,0.22334508421334956,0.23186626105263178,0.2032105402991773,0.20406198788234498,0.20471488917692693,0.2244747065408208
2020-03-30,0.24867338005858827,0.242101288094948,0.24259009766841472,0.23294641263290988,0.23330457131300186,0.23294447327573084,0.24210128809494796,0.2113357589115898,0.21220233159465088,0.21282445051769358,0.23497953261241952
2020-03-31,0.2484442780804653,0.2418716435475042,0.2424435243229255,0.23276485075051176,0.2331162984463504,0.2327659768845497,0.24187164354750418,0.2111452513888924,0.21203124186666814,0.21263579856454287,0.2347740659644085
2020-04-01,0.25411179221972224,0.24682906895679918,0.2474628594045419,0.2375575653898995,0.23790529549046907,0.23757016858315072,0.24682906895679915,0.21139152272797557,0.21249758830756393,0.21298112603448144,0.23907432311034033
2020-04-03,0.2595540597894129,0.25264076725768525,0.2544446515112704,0.24360928387428663,0.24393804909435227,0.24360988226577127,0.2526407672576852,0.2189265589689289,0.21955423768384247,0.2203923624833312,0.24530259288818096
2020-04-06,0.2735945324588061,0.26625840698085806,0.2687194318313811,0.25803391888783606,0.2582980535114928,0.25802030347167315,0.266258406980858,0.23345627320590423,0.2332725210251336,0.2346021782547151,0.25875262908126767
2020-04-07,0.2743760309108993,0.26718675586734714,0.26935519859952683,0.2590251195940632,0.2592826101228882,0.25901714988479096,0.2671867558673471,0.23523563448381773,0.23504271320524897,0.23652028117097001,0.2598242177880557
2020-04-08,0.2741332235770255,0.2669676746140438,0.2691203499175274,0.25882733632056154,0.2590824533331651,0.2588237751842574,0.2669676746140438,0.23518088133966053,0.23500317770505008,0.23651775204660824,0.2596450957923326
2020-04-09,0.27518762723678514,0.26801649108847025,0.2698713626523977,0.2601730653659959,0.2604049435956979,0.2601679447745518,0.2680164910884702,0.23685821971522455,0.23671411789172053,0.2381160915501546,0.26070914947461843
2020-04-10,0.2748386787252021,0.2676701532645716,0.2694958090838051,0.25993593679605814,0.2601480753363353,0.2599309862720655,0.26767015326457155,0.23718403345265882,0.2369479387540389,0.2383935018157771,0.26038944053492885
2020-04-13,0.2756216814228183,0.2684416980511048,0.27006183075609147,0.26056552709917336,0.2607796472533347,0.26056667603189004,0.26844169805110474,0.23726911416683596,0.23707835766873833,0.23849453165240098,0.2611436565446749
2020-04-14,0.27581389937749967,0.268709901978905,0.2701181162556675,0.26090640919274627,0.26111735292624166,0.2609085952400498,0.26870990197890493,0.23763393577021127,0.23746660403236552,0.23887932711738183,0.26149624451492864
2020-04-15,0.2776932577182504,0.27038221358496406,0.27122638975979796,0.2625421500779519,0.2627575503940696,0.2625497973407772,0.270382213584964,0.23777857890471138,0.23783065716250462,0.2392314382989371,0.2629871733061562
2020-04-16,0.2778718800436034,0.27048207932610535,0.27151438472981876,0.26266814769342756,0.2628758283019699,0.2626772496639469,0.2704820793261053,0.23774806771561194,0.23781100629442603,0.23927087737282873,0.2630336030228315
2020-04-17,0.278992308838743,0.2715574882392571,0.2725384591459545,0.26372383735300214,0.2639294891944419,0.2637376689247695,0.27155748823925707,0.23800452467533526,0.2381496337620967,0.23963803405525624,0.2640615660080599
2020-04-20,0.27898820948613684,0.2715606026017534,0.27255777198663683,0.2637186862132083,0.2639259213185812,0.26373292236450424,0.2715606026017534,0.23813022721142652,0.23821543808275228,0.23968525842361263,0.26407611030871597
2020-04-21,0.2881878152825915,0.28018747289276313,0.2812947616307162,0.2728264396387422,0.27302509941768427,0.2728339742907186,0.28018747289276313,0.24528793276837402,0.24537190466915798,0.24683491212460884,0.2722470252986704
2020-04-22,0.2892293692256456,0.28121323441223345,0.2820830069680223,0.2738854369302703,0.27407913604738615,0.27389381362520177,0.28121323441223345,0.24628814354001596,0.2464343778724625,0.247949095234946,0.27328130548762114
2020-04-23,0.28922728473660386,0.28120193916563124,0.2821503392900987,0.27394606695855717,0.2741260942869358,0.273956528661063,0.28120193916563124,0.24628661969859728,0.2464575645838784,0.24798649707448508,0.2732801417921255
2020-04-24,0.28922047142926016,0.2812023669658812,0.2820804886141034,0.27395095082009446,0.2741363682065699,0.27396297699868055,0.2812023669658812,0.24670642469917542,0.2469105970702621,0.24838756437263637,0.27330993396536113
2020-04-27,0.2892307237154154,0.28124351750830207,0.28215550120903404,0.27395524793042675,0.27414267619011223,0.2739672827366469,0.281243517508302,0.2466345779570343,0.24686235675423884,0.24833253866573007,0.27338360772976267
2020-04-28,0.28886551080799155,0.28095270100656217,0.2818049822145293,0.27370687420742346,0.2738776169695176,0.2737189171314122,0.28095270100656217,0.2465552049989993,0.24671469245940175,0.24824350432788428,0.2731429385874235
2020-04-29,0.28896271772162174,0.2810212996458485,0.281974869600327,0.2737555944148616,0.2739250589695685,0.2737671793737054,0.28102129964584843,0.2465146212560652,0.24666525125570402,0.24818612224454797,0.27317766874740784
2020-05-04,0.28919046273237603,0.2812358404587578,0.2821337819622537,0.2740472002114283,0.2742150769881743,0.27405878614152085,0.2812358404587578,0.24701907418864597,0.24724488772315809,0.24879617084831437,0.2733927139577075
2020-05-05,0.28920398708362444,0.28125835195151005,0.2821484296593572,0.27405199026199195,0.2742231574968739,0.27406345664805165,0.28125835195151,0.24705736716747903,0.24724834528825562,0.24879331890753079,0.27342092030030596
2020-05-06,0.29144625613590414,0.28355064818527537,0.284604600103402,0.27662531314546646,0.2767804109643136,0.27663831800999417,0.28355064818527537,0.24921930521163982,0.24945645492332275,0.25101024288165635,0.27573412502603994
2020-05-07,0.2928437293533189,0.28506209349251665,0.2859121829291641,0.27832187909483963,0.27847059392866913,0.278337331686067,0.2850620934925166,0.2510875550460091,0.25152769362224053,0.25314488542373564,0.27735070319453486
2020-05-08,0.29486068911436936,0.287099653027165,0.2883002102771701,0.28041568179529514,0.2805404281501854,0.28043181189593225,0.28709965302716495,0.2526181448851014,0.2530861169958762,0.25476732825477266,0.2794681745081662
2020-05-11,0.2966929834459415,0.28890744133139257,0.29017130783518413,0.2823546269975601,0.28245350950753745,0.2823716265484918,0.28890744133139257,0.2543840777688942,0.2548381430073096,0.25650222133694095,0.2812968814007337
2020-05-12,0.29684714381967225,0.2891133756615856,0.29038572511553706,0.2825723337178343,0.2826665776287062,0.28258902988010315,0.2891133756615856,0.2553514692544483,0.2557583787324221,0.2574292524391784,0.28155229224181993
2020-05-13,0.29695460070686963,0.2892660646608636,0.29042274046446637,0.28271812636625243,0.2828119566200545,0.28273583810196085,0.2892660646608635,0.2555787221164122,0.25599377616732644,0.2576615375278268,0.2817537318185814
2020-05-14,0.29703636947396334,0.28931934290798234,0.2905624125421528,0.28276034415746587,0.2828535496054509,0.2827780254194715,0.2893193429079823,0.2557730083452152,0.25616611188346494,0.25783346067979285,0.28178796169833675
2020-05-15,0.2975574660064484,0.2897742801330868,0.29106746137035616,0.28329254055264097,0.28338528617672093,0.2833103487395803,0.28977428013308676,0.25615055898613576,0.25655309199896514,0.2582627208713231,0.2821998882573265
2020-05-18,0.297977839613355,0.2902829768003437,0.2913892343237925,0.2836497555596052,0.28375314762502357,0.2836678221638894,0.2902829768003437,0.2559762387593523,0.2564459190778714,0.2580862812929366,0.28277057364557845
2020-05-19,0.2987263624437783,0.2910982929360082,0.29229914909659305,0.2843663420057242,0.2844676503887053,0.28438507318222533,0.29109829293600814,0.2564308948269632,0.2568951278543925,0.2585292128679892,0.28364585324092345
2020-05-20,0.29871560555770466,0.29112364381664113,0.2923377474291783,0.284369630449321,0.28447548381743576,0.28438737117733914,0.2911236438166411,0.25648333729843364,0.25698786951497277,0.2585759181335902,0.28370114301272675
2020-05-21,0.29891929376649234,0.29143762148466157,0.29265996674697564,0.2845771354247368,0.28467713085988505,0.2845954047459542,0.29143762148466157,0.25653410635819324,0.2570288662692031,0.25861368080468694,0.2841106526896035
2020-05-22,0.2992447527672703,0.29184297927582714,0.29297048420005806,0.2849080780799814,0.28501403417659554,0.28492500998695536,0.29184297927582714,0.25736320707696897,0.2578269672767341,0.2593344021720821,0.28458321964560007
2020-05-25,0.2996700586069078,0.2921594171051352,0.294177414938638,0.28533181936279184,0.2854364639346349,0.28534838698713433,0.2921594171051352,0.2577490556227157,0.2581859784868696,0.259732809763686,0.2848254548787796
2020-05-26,0.30043407296183816,0.29289520035949185,0.2960427998340995,0.28592545492995197,0.2860334358986158,0.2859452649171281,0.29289520035949185,0.257628824903356,0.2581026460110976,0.25963134591328246,0.28553074535816136
2020-05-27,0.3013687058942405,0.2937762878415497,0.29704074869973013,0.2867686944153675,0.28687135937167263,0.2867866744885191,0.2937762878415497,0.25785843839326744,0.25831798183647153,0.259866120635271,0.28636165283719606
2020-05-28,0.3008989769037519,0.2933257708517012,0.29661488927864865,0.28637656611399454,0.2864665226161919,0.2863981094634691,0.2933257708517012,0.25743335864643174,0.2579170133056674,0.25945952152974644,0.28595932390433343
2020-05-29,0.3005705401691732,0.29298138792708617,0.29628338179225955,0.28608185756545224,0.2861606006999474,0.2861047318974058,0.29298138792708617,0.2569262292854382,0.25747752057090323,0.25900840463779995,0.28559429221463806
2020-06-01,0.3022816806249311,0.2947487874911143,0.2978869234415284,0.28759721693966167,0.28768193496487454,0.2876191202809744,0.2947487874911142,0.25746181853048444,0.2580324856874682,0.2595582820291416,0.2873720446588337
2020-06-02,0.3022697298735884,0.29473452768365016,0.29799608547335826,0.28758417309936585,0.28766824324826235,0.2876061479342772,0.29473452768365016,0.25743275032755425,0.2580026510925187,0.25953121398864065,0.287357121328153
2020-06-03,0.30309903719602715,0.2955134388766388,0.2988180935431344,0.2884490982144741,0.28853259028602457,0.28846963902585165,0.2955134388766387,0.2581420127944057,0.2587201413266714,0.2602725794251315,0.28808484204920054
2020-06-04,0.30266466804502007,0.2951102114284131,0.2983574276118535,0.28811068200949114,0.2881841746420001,0.28813148406517636,0.29511021142841304,0.2579199538311812,0.2585067245432245,0.2600607769540781,0.28772789507072805
2020-06-05,0.30266398254942695,0.29511254628137984,0.29836619620994936,0.28810645631045684,0.2881831860047687,0.2881268065222562,0.29511254628137984,0.2579189456844368,0.2585086038018748,0.26006326920508954,0.2877303350849181
2020-06-08,0.30274207633537786,0.29522352648372313,0.2985721798009653,0.28834860757738373,0.2883862142216396,0.28837374636887086,0.29522352648372313,0.2580524422652113,0.2585908359529012,0.26019164053941146,0.2878977820780831
2020-06-09,0.3023761335067916,0.2949276155461387,0.2982946774778485,0.28797991217323277,0.2880297394010414,0.2880064001841431,0.2949276155461387,0.2580594278144006,0.2586833755030921,0.2601314157070163,0.28765680386842984
2020-06-10,0.301195286486285,0.293751599499975,0.2970497653276481,0.28698997670117504,0.28700349437113193,0.2870176208041644,0.293751599499975,0.25746098785739246,0.25789911791718034,0.259465193161486,0.2865256948853706
2020-06-11,0.3086088264490348,0.3013664772726537,0.30458171570258896,0.29455175063773587,0.2945671912227098,0.29456910852992324,0.3013664772726537,0.2643381227228621,0.2645733622493564,0.2661658317271401,0.2943135486029009
2020-06-12,0.30876541004221564,0.301528612720363,0.3047402829826255,0.2946505376875627,0.2946669850836795,0.2946679470424199,0.30152861272036297,0.2643574036247245,0.2645979657740452,0.2662035214928599,0.29446836990041897
2020-06-15,0.31212772751504125,0.305148191152937,0.3084902144468598,0.2982230254933644,0.2982437709895766,0.2982390572745863,0.305148191152937,0.26962907632596933,0.2700487718117859,0.2714422655249481,0.29835257825622796
2020-06-16,0.31423206386539637,0.3071315184078113,0.31111646118786546,0.3001456669457627,0.30017726937616124,0.30016119898194576,0.3071315184078113,0.2713935337794288,0.2720333577319171,0.2731613299153449,0.30021044129030666
2020-06-17,0.31450598976808525,0.3072946138203789,0.31125283838381645,0.30030918332464573,0.3003399511587953,0.30032601654406865,0.3072946138203789,0.2714182189517796,0.27204183609656685,0.27318556430465313,0.3003045782778515
2020-06-18,0.3143530896248041,0.30714030388961233,0.31108839046851533,0.3001497180476198,0.30018323934551017,0.3001670643026431,0.3071403038896123,0.2712061658868957,0.27186618808328694,0.27297061024827635,0.3001605893186427
2020-06-19,0.31509991747470156,0.3078176955437403,0.311900723056523,0.30076329012875724,0.3008015632066117,0.3007812146857957,0.3078176955437402,0.2716968823603205,0.2722672586446852,0.27341752763762467,0.30075279505857755
2020-06-22,0.31510055005664495,0.3078175257528438,0.31190040282409803,0.3007360720813562,0.30078416965763755,0.3007553642455243,0.3078175257528438,0.2716771959117887,0.27226087401568805,0.2733851883061786,0.300754898932882
2020-06-23,0.3147727411931235,0.3075642219212349,0.31169648979360687,0.30054612422585675,0.3005825249761785,0.3005644596109623,0.3075642219212349,0.27166223930433314,0.2722374472056809,0.2733768726879539,0.3005822758609531
2020-06-24,0.31504899885146465,0.30782372289516013,0.31201143487261795,0.30085905410300495,0.3008866407658908,0.3008745835179057,0.3078237228951601,0.27173386279747086,0.2723173041819092,0.2734558149651566,0.30082864507175927
2020-06-25,0.31510347530761523,0.30788449198689716,0.3120643197540187,0.3009146793708708,0.30094466920638036,0.3009306004839513,0.30788449198689716,0.2718613671942625,0.27242542031402367,0.2735898168445602,0.3008941102497114
2020-06-26,0.3149356510733016,0.3076935360815312,0.3119068944562621,0.30068037002965226,0.3007260819575912,0.3006993574049386,0.3076935360815312,0.27161759372474004,0.27220026105960016,0.27336237467579383,0.30070902435687147
2020-06-29,0.3177110896983166,0.31029320268819516,0.31441243611810604,0.30322356131979494,0.30327676744101234,0.30324394998191784,0.31029320268819516,0.2729298081857944,0.273511896362063,0.2746729380748796,0.30314350842389165
2020-06-30,0.31789678511374947,0.310456381090511,0.3145431596537737,0.30337231667108133,0.30342683166075873,0.3033931076482015,0.31045638109051094,0.272951220248581,0.2735267474285641,0.2746993577459433,0.3032855669421867
2020-07-01,0.3195725486606451,0.31213543647364717,0.3163795549580449,0.30505035714476136,0.3051025558018721,0.30507161456456017,0.31213543647364717,0.27408541216175,0.2746816175695474,0.27585288014722364,0.30493527229640915
2020-07-02,0.3195696552180236,0.3121329228940923,0.31636912813574586,0.30504471047123144,0.3051003287981306,0.30506641731971246,0.3121329228940922,0.2740763739264824,0.27469007174064264,0.2758448321446539,0.30493543724110717
2020-07-03,0.3194705802244645,0.31205887098314117,0.31627633387222415,0.30499931365817645,0.3050501785711749,0.3050203764347974,0.31205887098314117,0.2740561777188222,0.2746614541310615,0.2758178991223295,0.3049016966871076
2020-07-06,0.3205500194317868,0.31308620239747853,0.3173218141618885,0.30593823785311325,0.3059927795022851,0.305958965466021,0.31308620239747853,0.2743397804823197,0.2749593729012058,0.2760849299600474,0.30585244609155005
2020-07-07,0.3205746712747239,0.3131163052715103,0.3173464955035084,0.30596911395207343,0.30602327892211617,0.3059898709279104,0.31311630527151024,0.27433189914017747,0.27495282001352744,0.276070722272971,0.3058876379559062
2020-07-08,0.32013719441177363,0.3127584154235987,0.3168982658370898,0.3058164412352216,0.30583219539140516,0.30583186382795957,0.3127584154235987,0.27424516646511804,0.27482475659395106,0.27598414729560916,0.30559092918952147
2020-07-09,0.3211360780567425,0.3136902208666427,0.31778056980532193,0.306764723055716,0.3067797870856641,0.30678159512865066,0.3136902208666427,0.2745334037020945,0.27514169391019944,0.2762916621330771,0.3064280731651173
2020-07-10,0.32088783731625486,0.3134982599955748,0.3175834550768392,0.30652185380902375,0.306541720236348,0.3065383816478126,0.31349825999557474,0.2741761108456014,0.27477920955412516,0.27593457420772444,0.30626967514466763
2020-07-13,0.3209313331735834,0.3135225305832649,0.31760332292139665,0.30653390842968076,0.30656428067732383,0.3065522525598602,0.31352253058326485,0.27416277518993265,0.27477904356744826,0.27591898468455867,0.3062817982413804
2020-07-14,0.3204367020194983,0.31308476809194385,0.31725550072405867,0.3061248828492759,0.306151710363144,0.3061441730530528,0.31308476809194385,0.27387444987533854,0.2744919265026483,0.27564408342320507,0.3058945699655227
2020-07-15,0.3198541852618703,0.3126042032083188,0.3167366817699465,0.3057607416869185,0.3057604476430495,0.3057765983818167,0.3126042032083188,0.27367290085108953,0.27426893717290224,0.27546308600388936,0.3055233517151002
2020-07-16,0.31935707315834416,0.3122622677896765,0.316340311664282,0.3056509203933847,0.3056099122905851,0.3056623167622417,0.3122622677896764,0.27463240087826146,0.2751189307073172,0.27638610117667456,0.30540037291174493
2020-07-17,0.3193576730736626,0.31227505687166157,0.31634451610796255,0.3056435372675922,0.30561391907935487,0.30565630079314887,0.31227505687166157,0.27492223533778226,0.27541849540912683,0.27669759256576226,0.3054303829815563
2020-07-20,0.31979017939797955,0.31269682902693274,0.31679067495841545,0.3060359247210118,0.3060109675643745,0.3060488845725973,0.31269682902693274,0.2750385602339341,0.2755415917618786,0.2768270809927301,0.3058316010408335
2020-07-21,0.3197904504622846,0.31269817168959335,0.31679200475381153,0.30603474223928145,0.3060104909636346,0.3060477899990618,0.3126981716895933,0.2752976470600716,0.2757879126756167,0.27705774617426165,0.30584135697304105
2020-07-22,0.319459278818359,0.31243076045731977,0.3166680520170733,0.3059321476168692,0.30589521002698167,0.30594302676588053,0.31243076045731977,0.27528622005095876,0.2757768875257965,0.27705218854770225,0.30566223464348363
2020-07-23,0.3194528341723545,0.3124211149268745,0.3166416445876686,0.30591938280565734,0.3058837120745062,0.30593020184032166,0.31242111492687447,0.27529487460620417,0.27578412933416274,0.2770632872539709,0.30565283374231217
2020-07-24,0.32382704738318197,0.31669334200754734,0.32072209109448635,0.31020403447102307,0.31017193729188736,0.3102057334525096,0.3166933420075473,0.2790638088723591,0.279552065264572,0.28075863544149965,0.3098528459377501
2020-07-27,0.33490825113345984,0.32790549777511524,0.3317912544379311,0.3215774673354998,0.3215327442483462,0.3215649042740401,0.3279054977751152,0.28970504557603144,0.29037485982524264,0.2912133154139467,0.3212056069164597
2020-07-28,0.34050500670695877,0.33317788034870444,0.3372970947910894,0.32652644630820604,0.3264965040424453,0.3265007749996415,0.3331778803487044,0.2920092477287378,0.2926883688811906,0.29330102442716943,0.32607327455099155
2020-07-29,0.3388311455024526,0.33235565018145063,0.3369744026799815,0.3259167983170005,0.32579594633326914,0.32588993600378763,0.3323556501814506,0.2929744554597944,0.29340372093507416,0.2940095400808423,0.32608742319988665
2020-07-30,0.3367419399743585,0.3302076074543627,0.33479871812156464,0.32338073795090416,0.3232739085784875,0.323370409472172,0.3302076074543626,0.28950659473302615,0.28991299688837974,0.2904834967526765,0.3239021956232013
2020-07-31,0.33634217444663606,0.32962734488999823,0.3342620059996295,0.3211175459497465,0.32139586707644713,0.3211586267043209,0.3296273448899982,0.2859056150887499,0.28692537268225965,0.287048486684596,0.3231904494410728
2020-08-03,0.33821306329889195,0.331669302884986,0.33622452025711014,0.32293372330039055,0.3232460521642984,0.3229815892882119,0.331669302884986,0.2877458294288746,0.28884694039968745,0.28888430195488624,0.3253508649822995
2020-08-04,0.3392530930428023,0.33264284371209585,0.33727598855649454,0.32364168725609305,0.32404204354896465,0.3236990860650531,0.33264284371209585,0.2882268338880866,0.28946866843146546,0.2894571587352376,0.32628888115314364
2020-08-05,0.33817740062835244,0.3318264202729177,0.33700235015675617,0.32353496183972513,0.3238501904511829,0.32358566702117025,0.3318264202729177,0.2882551325029703,0.28954802346237063,0.2895540720854075,0.3257957798312682
2020-08-06,0.33816890650747367,0.3318254538208329,0.33695933289437885,0.323514868707503,0.3238354006515602,0.3235660958428243,0.3318254538208329,0.28829541468477216,0.28956838676107605,0.2895760047734228,0.3257958458203
2020-08-07,0.337426369461985,0.3312405263320379,0.336391867435817,0.3228692018651753,0.3232065277574729,0.3229252303298353,0.3312405263320379,0.28807823971321855,0.28932904829911377,0.28936567036134764,0.32535693798640075
2020-08-10,0.3374782258435716,0.33130492637833475,0.3365106841560788,0.3231013316199295,0.3234314454981688,0.32315694743949286,0.3313049263783347,0.28799251927073843,0.28927708396863805,0.28928211293889605,0.3254200692695997
2020-08-11,0.33736916369585845,0.331196946350675,0.3365226632579695,0.3229795351162003,0.32332072032151343,0.3230382124911367,0.3311969463506749,0.2880143810846615,0.28930532798888586,0.28931808341426113,0.325346699854397
2020-08-12,0.33746387899708763,0.3312898503430681,0.33661174807970845,0.3229823917550792,0.32333983079624573,0.32304280215641323,0.33128985034306807,0.28786354460869035,0.28917223502049144,0.28915965504142954,0.325435602240749
2020-08-13,0.3375516298224707,0.33143221584196564,0.33686235781367,0.3231942821422429,0.32354665209459743,0.3232546994933716,0.3314322158419656,0.28814364672821174,0.2894501878332851,0.28943244252623845,0.3256294922994345
2020-08-14,0.3376841706749124,0.33152486579996265,0.33699085500601367,0.32318642583810847,0.3235530210127526,0.3232472226169854,0.33152486579996265,0.28802899041596,0.2893727672496712,0.28931304171130073,0.3256653397478296
2020-08-17,0.3375689013479531,0.3312867492029972,0.3368576238657652,0.32257694343067367,0.3229867851433539,0.32263588616263783,0.3312867492029972,0.28696100001384545,0.2884673060135721,0.2882529028944357,0.325272261287089
2020-08-18,0.33762879979855603,0.331351606400111,0.3369202611770322,0.32263867398381385,0.3230494119578078,0.3226976002044739,0.331351606400111,0.28705771791354645,0.2885582033291862,0.2883530861950172,0.32534186131998144
2020-08-19,0.33776981110379733,0.3312296435051463,0.33689256180497856,0.3220306088891444,0.3225083134694673,0.3220891874442836,0.3312296435051463,0.2861999819563405,0.28773825800381675,0.28747486715151604,0.32490159292160703
2020-08-20,0.33770998486743015,0.3311906163983946,0.33679031482571553,0.32201713752696515,0.3224933691819775,0.32207529489581893,0.3311906163983946,0.28617616418449504,0.2877256761427019,0.2874563221584321,0.32487732152444754
2020-08-21,0.3333814807966282,0.3271730109025226,0.33236204096276467,0.31866034259506326,0.3190833333820885,0.3187237662912399,0.3271730109025226,0.28283341304873477,0.28450878997770707,0.284092104863005,0.32114746587480625
2020-08-24,0.3336517795070695,0.32770374123783924,0.3326463036587219,0.31946999910390705,0.3198718433167871,0.31953416504958887,0.3277037412378392,0.2836743314019726,0.28538788332370435,0.2849240451454146,0.32185826302980813
2020-08-25,0.3336389261008444,0.3276075910850653,0.33266287831751257,0.3193408726199834,0.3197443444782514,0.3194049337127194,0.3276075910850653,0.28320702455250235,0.28494394212006996,0.2844727665659484,0.3216845408486557
2020-08-26,0.3329744777356859,0.3271321199039484,0.33220708629532275,0.3190955931934903,0.3194808936354179,0.31916182181312797,0.32713211990394836,0.2829077538182814,0.2846746853998692,0.2841964822411005,0.32132398542378227
2020-08-27,0.3323977103266805,0.3265609998960352,0.33169632553811373,0.31871291880350927,0.3190783372923727,0.3187743943120006,0.32656099989603515,0.2822239328178835,0.28410707586818246,0.2835016547709497,0.32083604282808137
2020-08-28,0.33206325839665685,0.32636445122403424,0.3315111538200891,0.3185300121498443,0.318888407733572,0.3185921311182322,0.3263644512240342,0.281935986748011,0.2838803250640114,0.2832185933785472,0.3207361900093331
2020-08-31,0.33171385976152473,0.3262370920171886,0.33142458907556294,0.31859680754022063,0.31894315969281195,0.3186578555205063,0.32623709201718853,0.28303873162570076,0.28494511449191207,0.28436182426161855,0.3207323102510917
2020-09-01,0.33218998022134305,0.3267195317063304,0.3319200726842661,0.3191981740349717,0.31954159395893006,0.3192598167993464,0.3267195317063304,0.2842615102803193,0.28614263749950175,0.285599141441278,0.32121623064763805
2020-09-03,0.3328147625073629,0.32741821846911684,0.3326038546944354,0.3200510619881962,0.32039193110003067,0.32011300786172,0.3274182184691168,0.28669207618397713,0.2885111791992015,0.2880573137857804,0.3219766566898768
2020-09-04,0.33272848259781407,0.3273363834076256,0.33248467330911124,0.3199609285177413,0.3203012199295501,0.32002006453428083,0.3273363834076256,0.2865999277026255,0.28845113831084696,0.28796655455701214,0.3219031671514339
2020-09-07,0.3178449600771829,0.3120315298977115,0.31771049381542465,0.30453223961243925,0.30486431882918397,0.30459612289200116,0.3120315298977115,0.2690575431795928,0.27113729677520104,0.27051353654220717,0.30627064282399685
2020-09-08,0.31800252446817284,0.3120958889015093,0.3178539335056776,0.30464420741328085,0.3049730983907098,0.3047063690559407,0.31209588890150924,0.2675652255772238,0.27012144025889434,0.2690636611274414,0.30625348603587627
2020-09-09,0.31309281264718897,0.3078508419042817,0.312970676501635,0.30160286607673886,0.30182944214173224,0.30166226986954053,0.30785084190428164,0.26696428435739616,0.26919826971506416,0.26842176943377843,0.3028725774678232
2020-09-10,0.30359819074712713,0.29778342971435806,0.3020158727761288,0.2920185269337752,0.29222157771867757,0.2920470674995125,0.297783429714358,0.25881885708326186,0.26062184103367725,0.26005369998456535,0.29255991628537553
2020-09-11,0.30299909628904304,0.29731651275758064,0.30187362588174627,0.2916663865541546,0.2918515649516609,0.29169758439209703,0.2973165127575806,0.25819415699190884,0.2599262211693869,0.2594460804277407,0.29217904538081957
2020-09-14,0.3016023981953927,0.29617084634321217,0.30077703012835877,0.29075536253677037,0.29093543319623066,0.29078041481864625,0.29617084634321206,0.25823811752557047,0.2600788720789336,0.25953269685196534,0.2912983584338092
2020-09-15,0.30155025259276247,0.296160729742388,0.3006990668743705,0.29075603470942585,0.2909364308266849,0.2907808011406583,0.2961607297423879,0.2563645705189689,0.25835088563777037,0.25763431380144125,0.2912968872189029
2020-09-16,0.30154560780954154,0.2961534206284613,0.30068594559301,0.2907468652944504,0.2909267734998496,0.29077131166634,0.29615342062846123,0.2561574859264085,0.25819568254113656,0.2574349467944003,0.2912920402070794
2020-09-17,0.2982159561412307,0.29295222572167545,0.2979418750374233,0.28734397890669044,0.2875270551007305,0.287364493585203,0.2929522257216754,0.2540003700280822,0.2558508370094686,0.2551940086838659,0.28830763320195973
2020-09-18,0.29804961896353627,0.2927211570773472,0.29758873911837325,0.28686976162773853,0.2870578168534332,0.2868899312396284,0.29272115707734714,0.2524412851848312,0.2539603440687076,0.25344641426390135,0.2879165394136605
2020-09-21,0.2804307859548511,0.275181473694685,0.28030628672020047,0.2703825278384013,0.27049854598549705,0.27036240935737177,0.27518147369468493,0.241561430366381,0.24215931508002855,0.242068364286906,0.2705467903017533
2020-09-22,0.28025480502579864,0.27484871506325903,0.2800274588094267,0.27006982254511896,0.2701846588486095,0.2700474744262046,0.274848715063259,0.2404606000276687,0.24102429173700585,0.24082264731020983,0.2699601124226192
2020-09-23,0.27177329002748063,0.2665287085039825,0.2721903409578036,0.2617833742386542,0.26189151816078726,0.26175707779271157,0.2665287085039824,0.23571565268345654,0.2354923535148772,0.2355750803274058,0.2616442212865602
2020-09-24,0.2710793742302698,0.26611423388664907,0.2714386405135486,0.26161004940335997,0.26171297403396704,0.26158200389320696,0.26611423388664895,0.23567512865475668,0.235338679734725,0.2354023658038202,0.2615099225668711
2020-09-25,0.27027432776480426,0.2654235228365339,0.27053141576140516,0.26117729645132715,0.2612727834508766,0.26114352533268453,0.26542352283653387,0.23534699396309228,0.2350388465174298,0.2350861780325296,0.2610023646853212
2020-09-28,0.2581780770555166,0.2531594545792807,0.25787845399671216,0.24971651608348097,0.2497675939653873,0.24966675733431137,0.25315945457928063,0.22533523199642183,0.22491375131121916,0.22498149131177897,0.24852666226965298
2020-09-29,0.25894805876283433,0.25392998882406986,0.2586767308234348,0.25051898162183867,0.25056848529594355,0.2504698665030071,0.25392998882406975,0.22664870980117627,0.22626066626982305,0.2262696716373202,0.24931308307326192
2020-09-30,0.25505431845760324,0.2506630151168277,0.2554260593380347,0.24749594205720848,0.24753925300120697,0.24743745788680502,0.2506630151168276,0.22660100092842939,0.22612437383169928,0.2261835666616004,0.24660770801221527
2020-10-01,0.25126091340670614,0.24664951755034872,0.2502888965077142,0.24338564563439322,0.24343221680256322,0.24333864365396105,0.2466495175503486,0.22118965802404084,0.22106556241063677,0.22088451702008313,0.24233989877997567
2020-10-02,0.2384127077164815,0.23446652983511923,0.237603271773497,0.230733472497165,0.2308136326740825,0.23070194029610747,0.23446652983511915,0.2081483369666295,0.20887151271816698,0.20812832188253594,0.23055109030156798
2020-10-05,0.2381832674448474,0.23410669794375344,0.23739303607471662,0.23033363262396936,0.23041692815893836,0.23029879624757807,0.23410669794375336,0.20687004329992892,0.20760133594419378,0.20671473900493847,0.2300534544285711
2020-10-06,0.23821452783869052,0.23410124939348367,0.23738708964213084,0.23036258552881206,0.23044487856693072,0.23032772700686152,0.2341012493934836,0.20691484474843141,0.20762719921626593,0.20675112919684643,0.23001702703624444
2020-10-07,0.2373890235838787,0.2333061260982375,0.23678520038891898,0.22934207608575416,0.22943681483086467,0.22930969104197693,0.2333061260982374,0.20556011866880694,0.20624266686168144,0.205475863924873,0.22923450427784195
2020-10-08,0.23739626444381726,0.23326640618527789,0.2366717408854529,0.22936222992388466,0.2294562410065747,0.2293293846000466,0.2332664061852778,0.2053496631068714,0.2060906886230932,0.20530536610390332,0.22915297055899744
2020-10-09,0.23699952953905784,0.23290687781824793,0.2364194091073511,0.22913604054853093,0.2292266015875794,0.22909894452272755,0.23290687781824784,0.20554724651246284,0.2062878592553278,0.20548661880859528,0.22883314783061315
2020-10-12,0.23694626994347806,0.23281150078832216,0.23642207032868817,0.22899886479046996,0.22909043339042912,0.2289609983729794,0.23281150078832205,0.20535821817623795,0.20608531718960985,0.20528404822284055,0.2286871075437462
2020-10-13,0.23518006696513022,0.23127759969114,0.2354156296977428,0.2274704495331173,0.22756257518688,0.22743245949110635,0.23127759969113992,0.2049252357208367,0.2055290730111733,0.20466992246357296,0.22736493406605654
2020-10-14,0.23555135519938503,0.23173871439141283,0.23564100214306846,0.22783331524382255,0.22793063936773272,0.22779531625206945,0.23173871439141272,0.2050398645506775,0.20565896360567223,0.20472629313563653,0.22789714653626877
2020-10-15,0.2348128874667607,0.23104884684072322,0.23503096109029809,0.22720235423407864,0.22729902858338502,0.2271587142752725,0.23104884684072313,0.2052598205886481,0.20582562341847888,0.20484221436091174,0.22726568221381221
2020-10-16,0.23477657032623173,0.23104120135711528,0.2351997237081986,0.22717521284108913,0.22727262629237752,0.2271321774867865,0.2310412013571152,0.20490753145221624,0.20558455528622643,0.20463909677018985,0.22726738831256715
2020-10-19,0.22165621953975784,0.21874641969465222,0.22278771962466357,0.21436121669371686,0.21447286537497412,0.2143237457028804,0.2187464196946521,0.1947823186215207,0.19547453703583198,0.19445098153774198,0.21566310888318835
2020-10-20,0.22085178635034708,0.21798889796887286,0.22228804809443087,0.21358847585203772,0.21370175900860383,0.21355044229202452,0.21798889796887277,0.19405338985536433,0.19468153600198712,0.1935939330802149,0.2149241943091293
2020-10-21,0.22119451169613347,0.21833920087365594,0.22263543094503194,0.21389059088736195,0.21400640137483473,0.2138534883968536,0.21833920087365583,0.19463835032809323,0.19521276214401453,0.19412371376766335,0.21527930526630384
2020-10-22,0.22160249375660734,0.21880154846631475,0.22335060157106792,0.21429437160867848,0.21441390345948808,0.21425866187858766,0.21880154846631467,0.19482076187712916,0.19547107307538744,0.19434931979000228,0.21577666059092881
2020-10-23,0.22146319436364334,0.2186150209620556,0.2230921150732816,0.21418867596977997,0.21430770379445926,0.2141521961389923,0.2186150209620555,0.1951375309015835,0.1958811912490266,0.19468442315366813,0.21555745448027208
2020-10-26,0.22264218759517007,0.21970171034487132,0.22402241490771496,0.21511012314830819,0.21523633051678484,0.21507657173979455,0.21970171034487124,0.19563139422696219,0.19631299512040412,0.19513981134862848,0.21652854983411196
2020-10-27,0.22321167934398206,0.22022223963825063,0.22439630178996134,0.21562345420330217,0.21575141875803816,0.21559155766445945,0.22022223963825052,0.19575075078932566,0.19640131344826667,0.1952420008546415,0.21699048138726254
2020-10-28,0.22770056883176462,0.22479167743255093,0.22892080672222317,0.2197686134098065,0.21993124180383677,0.21974713511923255,0.22479167743255082,0.1983378821947385,0.19904542944291928,0.19777946320226678,0.22156366521071913
2020-10-29,0.22768860577453495,0.22478726388654988,0.22891707334189695,0.21975473981669139,0.2199174176343939,0.21973307376702816,0.2247872638865498,0.1983816070237219,0.19908770887232832,0.1978166547449887,0.221567479508244
2020-10-30,0.22549259394160287,0.2225442059882281,0.22656262081140657,0.21728740947333514,0.2174510940072032,0.21726413518217247,0.222544205988228,0.19625645753713802,0.1968766882415579,0.19560452516961824,0.21929849536568383
2020-11-02,0.22449996367504552,0.22146667870771963,0.22606464355330086,0.21601755196499342,0.21618734001941242,0.21599140059238636,0.22146667870771952,0.19491158506756184,0.1953381555168774,0.19394610333507484,0.21816994455430433
2020-11-03,0.22210075909880977,0.21907496339452243,0.2233884244437478,0.21367172201097417,0.21383800234528863,0.21364644344023812,0.21907496339452232,0.19348381770216583,0.19376036360479093,0.1923764222661933,0.21575088294573153
2020-11-04,0.2200124720066667,0.21705657039595733,0.22128235752320485,0.21157377369325836,0.2117472075626171,0.21154825546829703,0.21705657039595724,0.1916990964943822,0.19196820097379755,0.19059828531829492,0.21375538602490834
2020-11-05,0.22025966369692035,0.2171955854393333,0.22142066923272774,0.21169585966100754,0.2118687116676352,0.211673223910425,0.2171955854393332,0.19091686813263462,0.19120438219708286,0.18986718426588722,0.21377841088760569
2020-11-06,0.2202322950968567,0.2171567885134145,0.22143663225016594,0.2116313656625111,0.21180710102192196,0.2116085856740291,0.2171567885134144,0.19074326292434593,0.19102964141616188,0.18968510854257484,0.21371416405329352
2020-11-09,0.22114150180316602,0.21796077857959176,0.22192584913877536,0.2123551668843317,0.21255964011231138,0.21233195444200553,0.2179607785795917,0.19109856723516894,0.19149744010614217,0.1900515702438202,0.21444402720555647
2020-11-10,0.22009188545371705,0.2170024804087529,0.22086303548029054,0.2112581139956405,0.21146624590075566,0.21123394744637983,0.2170024804087528,0.1906334110763902,0.1909590083098108,0.1895089977942375,0.2135853197346338
2020-11-11,0.2196789400966401,0.21652241600568106,0.2206132065374355,0.21090216052864327,0.21110870732312195,0.21087728726390095,0.21652241600568098,0.19061956371416652,0.19095201829875236,0.18950074593701935,0.21306342224863736
2020-11-12,0.21917446273197036,0.21593972746441034,0.22008787664761248,0.21045306289787927,0.21065688181433914,0.21042875327356408,0.21593972746441026,0.19046711706053504,0.1907596053569493,0.18936569605338263,0.21239217124396909
2020-11-13,0.21941764386670634,0.21618002966893385,0.22028250493662313,0.2106001842710035,0.2108160448545516,0.21057753180868147,0.21618002966893377,0.19050307482050308,0.19081453489414557,0.18942440435808808,0.21260755050275462
2020-11-16,0.22052277075657226,0.2171092341218999,0.22115287598247133,0.21168355374734502,0.21190467126085594,0.21165957029856905,0.2171092341218998,0.1914926522216452,0.19183064982114897,0.19039692981090287,0.21340490435224954
2020-11-17,0.22128383432551763,0.21781075918059564,0.22205623669000013,0.2124362177762774,0.21266294341334505,0.2124174230354197,0.21781075918059556,0.19199260289691417,0.19227097876450672,0.191121575684863,0.21403759876248607
2020-11-18,0.22087849822066977,0.2175574804603007,0.22082959657951792,0.21215117006936118,0.21236826622223723,0.21213296426743225,0.21755748046030066,0.19202130122532232,0.19224930800762488,0.1911588316761412,0.21387397356432092
2020-11-19,0.22039006003129571,0.21716134942018214,0.21929762781379922,0.21191466103950268,0.21213549521228228,0.21189980180602538,0.21716134942018206,0.1925028254975476,0.19275388228389412,0.1916999374373717,0.21354250626594617
2020-11-20,0.21850228446224804,0.21537818458356797,0.21737067926689893,0.21022526658438528,0.21044829626776979,0.2102114053788496,0.21537818458356792,0.19247228705294658,0.1927475216720543,0.1916433091823249,0.21196383636835076
2020-11-23,0.21847416540219763,0.21538547948534,0.21735911465513963,0.21018557535553345,0.21041311460940734,0.21017273726719726,0.21538547948533993,0.19247683967618306,0.19277454919152395,0.19165645038259696,0.2120113348657734
2020-11-24,0.21850835636973287,0.21539323248631087,0.21734192696497698,0.21021892977608114,0.21044160086286756,0.21020593836170764,0.2153932324863108,0.19247082298845083,0.19277144269271318,0.19165759764475726,0.2120104266374703
2020-11-25,0.21656929602828232,0.21342897957417886,0.21569127138714245,0.20858554889879524,0.20880120865255022,0.20857279708528062,0.21342897957417878,0.19211180508381412,0.1923351475889402,0.1912655512945731,0.21006707596973367
2020-11-26,0.21667700053981662,0.2134640721512173,0.21540047635187087,0.20873790283391527,0.20892685161745825,0.20872091796130632,0.2134640721512172,0.19217435262153,0.19238646598043607,0.1913268566469678,0.210071911750722
2020-11-27,0.2159019981784144,0.21273464815072113,0.21468365475895387,0.2080936388538492,0.20822511399067828,0.20806730744414836,0.21273464815072105,0.1916577831846605,0.1917812547706921,0.19075891853235083,0.20937757708909688
2020-11-30,0.21595772462309135,0.21279849055117597,0.21469891158342974,0.20814914790955283,0.20828843730131905,0.20812559889633858,0.2127984905511759,0.1917173753557474,0.19188574781212436,0.19084606221201705,0.20946704413353967
2020-12-01,0.21624339663842462,0.21301812356488578,0.2148411831951507,0.20825823634689528,0.2084270540383753,0.20823854507744743,0.2130181235648857,0.19184824152467528,0.19199395723041546,0.19096641433218756,0.20963243291903347
2020-12-02,0.21521549976906376,0.21211789311850188,0.21375334211955357,0.20737511781489867,0.20755176119375301,0.20735485919208402,0.2121178931185018,0.19167595975102344,0.19178865598633843,0.19077767373882162,0.20884081699199347
2020-12-03,0.21518739804142117,0.21207586310250956,0.21374575949540583,0.20741532211045677,0.20757544978595083,0.20739282300189596,0.21207586310250948,0.19134842621225404,0.19147414862989354,0.1904642732755208,0.20880344434031006
2020-12-04,0.21517216788765678,0.212066627473656,0.21374228572199,0.2074133373686027,0.20757323652334775,0.20739065484399183,0.21206662747365593,0.19123668332347685,0.1913696802824055,0.19036125736537968,0.20880954129912013
2020-12-07,0.20355162053716322,0.20022025918152178,0.20180868594394533,0.19556519657946192,0.19574399579249893,0.1955558795048016,0.2002202591815217,0.1805134636869243,0.18096148073332347,0.17979754121949146,0.19679020280351892
2020-12-08,0.20347685533758972,0.20014149043243054,0.2017683888827183,0.19551891773475147,0.19569597003150832,0.19550941662027224,0.20014149043243046,0.18040316923885502,0.180846942101469,0.17964564651635453,0.1967124546059831
2020-12-09,0.19767350985131527,0.19396002820205982,0.1952082736323635,0.1892246006690205,0.18941958416282778,0.18921654409431582,0.1939600282020597,0.17107380876382483,0.17125014267631194,0.1702775089991345,0.19015900690353657
2020-12-10,0.19560480879096376,0.19197648881914256,0.19240231166111135,0.18690354965307843,0.187164474261162,0.18690589714441846,0.19197648881914248,0.16814143848148919,0.16832908975900993,0.16743147174039041,0.188232957048043
2020-12-11,0.19584190085625636,0.19245099684434724,0.1928274838168573,0.18710726317135712,0.18743753882315503,0.1871212035074304,0.19245099684434713,0.1688849580980007,0.1690914898319193,0.16820454786225522,0.18888044368329884
2020-12-14,0.19691721728014358,0.19360290158069843,0.19421897377516217,0.18804411567181525,0.1884152189331966,0.18807339327838235,0.19360290158069834,0.17002017627008012,0.17009005135112376,0.16933247667302714,0.19012864467543653
2020-12-15,0.19652868482842292,0.19352790520617194,0.19383101310736275,0.18791796625792284,0.18831921787113282,0.18794477191204328,0.19352790520617186,0.17089265469900566,0.17105546373578925,0.17025546307172335,0.19037579723487694
2020-12-16,0.1970242042701523,0.19403188379072395,0.19421582915948776,0.18828972896648893,0.18871024576519482,0.18831518939673053,0.19403188379072386,0.17140557250023827,0.1714551027107848,0.17074554530129524,0.190882356581617
2020-12-17,0.19748332939428317,0.19471876603557076,0.19481686648855215,0.1889433817791122,0.1893748154220185,0.18896985184883114,0.19471876603557065,0.17282084546684737,0.1727473065321804,0.17219709854245044,0.19182612693849138
2020-12-18,0.19834963175564668,0.19557018447469046,0.19575083760792716,0.18918751295497171,0.1897051739542837,0.18922608914406364,0.19557018447469035,0.1730762724376871,0.17288672912354777,0.17238552096676435,0.19259768029239446
2020-12-21,0.1992135971448697,0.1963151099294115,0.1968015632363795,0.1896280385063922,0.19018827320455856,0.18966802936768715,0.19631510992941142,0.1727022244146818,0.17263958999457416,0.17196738601266082,0.19319684768098744
2020-12-22,0.19896042882810488,0.19609955332251333,0.19648945264432552,0.18944340358042264,0.18999959565684543,0.18948311268130208,0.19609955332251322,0.17303781378618488,0.17288031522440858,0.17231704892808508,0.19304166636678355
2020-12-23,0.19419224276495073,0.19162330548531062,0.19200461670171523,0.18457675770329562,0.18520971324777272,0.18462370229929106,0.1916233054853105,0.1701763591302295,0.17006673887472543,0.16943783717493416,0.18881928746293192
2020-12-24,0.19487820307162423,0.19230661465811522,0.1928695278186097,0.18515415425467052,0.18580086637086823,0.1851979358919256,0.19230661465811513,0.1704102492918272,0.17044227620248437,0.16961104402514224,0.1894597796143325
2020-12-25,0.19462448860700834,0.1916052754069752,0.19210149062547005,0.1840951703501043,0.18481104795308972,0.184156744315132,0.1916052754069751,0.1693985815540797,0.16941825950116002,0.16855523270143616,0.1884466136889288
2020-12-28,0.19456479799912701,0.1915534836726718,0.19202989012576047,0.1840518947671275,0.18476593318120788,0.1841126759893247,0.1915534836726717,0.16966870520569577,0.16960134611841224,0.16880561735045857,0.18840946739848505
2020-12-29,0.1945627261700031,0.19156485263984316,0.19203669334386117,0.18404842377870692,0.18476397004106956,0.1841094921644504,0.19156485263984308,0.1697254312143249,0.16966631952061276,0.16887348351905557,0.18845243771753564
2020-12-30,0.19355371713853722,0.19063265914783342,0.19122876037175393,0.18322770560935378,0.1839401726452296,0.18329167156352227,0.19063265914783334,0.1697377390316513,0.16965930511652147,0.16889509372771822,0.18763496840009616
2020-12-31,0.19386019732284698,0.19077963080678936,0.1916030153298662,0.1833284024523304,0.18405023417915853,0.18339573447301263,0.19077963080678928,0.1697510660392514,0.16965740374846544,0.1689055762059316,0.18769816551557786
2021-01-04,0.1951584622650488,0.192032909254962,0.19284343662823647,0.18500663341529985,0.18563255916253807,0.18505269723062504,0.19203290925496191,0.17182850325782584,0.17161907016560501,0.17096519508655697,0.18884067885527886
2021-01-05,0.19461483158645745,0.19179458375080047,0.19291824872129054,0.18455273413092574,0.18520961354177815,0.18460029074841663,0.19179458375080038,0.1726849480181556,0.17264823897744233,0.1719137371597002,0.1889793682730956
2021-01-06,0.19400798913599135,0.19116299102327264,0.19233225294169545,0.18411164877164898,0.18472239300242632,0.18415947372545582,0.19116299102327255,0.17222125828262272,0.17213240546386424,0.1714538591310355,0.18830480617016723
2021-01-07,0.19424458823894356,0.1914263319617635,0.19235982582460512,0.18412418841456882,0.18477547496848948,0.18417833090064376,0.1914263319617634,0.1722563017104759,0.17212805393637418,0.1714886894144631,0.18855032629305693
2021-01-08,0.1947148985424567,0.19187916026079269,0.19275812083442365,0.1852509222299576,0.18574198017097143,0.18527284679440403,0.1918791602607926,0.17436640915642213,0.1739439970076889,0.17356128460550482,0.18899378964178887
2021-01-11,0.19511511311592825,0.19257197108948546,0.19352203058126388,0.18681860902650085,0.18712635911428838,0.18679837303652538,0.19257197108948534,0.18025706625294452,0.17913619083518761,0.17949282723881338,0.19008352531175596
2021-01-12,0.1949271403506004,0.1922912361665358,0.19332221819509143,0.18654663256222992,0.18683455361159038,0.1865212497165862,0.1922912361665357,0.17930346470530303,0.1780689783314974,0.17850672510486632,0.1896807639553788
2021-01-13,0.1949307435611406,0.19232530261550743,0.19324597805705068,0.18664596061882996,0.18691229023181427,0.18661534795829454,0.19232530261550732,0.1787971618992358,0.17754327679664147,0.17796942317937325,0.18972344932539367
2021-01-14,0.19368772442854698,0.19107369501290916,0.19190159387913439,0.18541565972379243,0.18568121624636594,0.18538546701170736,0.19107369501290908,0.17819202362785058,0.176972118353075,0.1773569983259009,0.18855049544133978
2021-01-15,0.19377891909217945,0.1911400075864619,0.19196226700313898,0.18541990322225674,0.1856955545453181,0.18539136340917226,0.19114000758646182,0.17806824602017196,0.17686038738715318,0.17725663700330221,0.18860095837442967
2021-01-18,0.19363441086360633,0.19103649337014333,0.19176906840323568,0.1849794841657084,0.18530067846762927,0.18495910382320824,0.19103649337014322,0.17787424231629714,0.1766215110677454,0.177049642143602,0.18852533468040633
2021-01-19,0.21089346657431243,0.20809993260711782,0.20895277275619578,0.20093903603599186,0.2014951774479202,0.20098382431363673,0.20809993260711773,0.18985847599670053,0.1896656814362394,0.1894180946340842,0.20531943997482346
2021-01-20,0.20261396850155902,0.20009500535043528,0.20108675735380319,0.19270931893970952,0.1932975042916124,0.19277015368013492,0.2000950053504352,0.18303509364838313,0.18291689376614234,0.1826761095774179,0.19760383669609935
2021-01-21,0.182322450085284,0.179666629041201,0.18122744461897794,0.1715334174340417,0.17221419741854252,0.1716425308858036,0.17966662904120093,0.1636351458742141,0.16320896445097074,0.16350477395814808,0.17706391570265295
2021-01-22,0.1738543004997175,0.17191105162542372,0.17324976347326698,0.16413861900447044,0.16477804087782347,0.16426659320645537,0.17191105162542364,0.16171076662050024,0.16095699561040322,0.16183100258454433,0.1700982097467757
2021-01-25,0.16689544973859785,0.1643882391249081,0.16587794077751156,0.1569028848371712,0.15756932017749525,0.15703784488591133,0.16438823912490802,0.15568343656046035,0.15497268544582005,0.15620937527721382,0.16235836486957725
2021-01-26,0.17249742602952994,0.16922660723855634,0.1711444680529714,0.16180124350170527,0.1624919568324387,0.16194493843654154,0.16922660723855626,0.15832890001126662,0.15748123987055393,0.1587282070868355,0.16654374475747274
2021-01-27,0.18178718599063057,0.1778285100143022,0.18071540204346015,0.17043241108015209,0.17116508146484782,0.1706168835774084,0.1778285100143021,0.16643327105868388,0.1638748575530585,0.16676722258252585,0.17449612428321506
2021-01-28,0.2069940768961659,0.20323329911698812,0.2058906966057536,0.19714166097447708,0.19775011780554175,0.19729934386802161,0.20323329911698806,0.19298601021931167,0.19078702980713688,0.19340585455181836,0.20005178087559694
2021-01-29,0.2096001276118756,0.2066487491506759,0.20747140448429974,0.1996210755153055,0.20030594278928096,0.1997648249436696,0.20664874915067583,0.19341842715117624,0.1920888745792293,0.19380610633867357,0.20409159429798884
2021-02-01,0.21185502451340102,0.20838316463788903,0.20948373362620812,0.2018028155215234,0.20242545974292056,0.2019404369114328,0.20838316463788895,0.19368394104413503,0.19290831559278182,0.19407929816699995,0.2053842367567128
2021-02-02,0.2194916813459812,0.21587403310137132,0.21593772072565307,0.2091367026165245,0.20981578985952207,0.20928934308267405,0.21587403310137124,0.19972761146047702,0.19911907789864935,0.2003943193969052,0.21264212417952352
2021-02-03,0.2252782236153951,0.221059914607216,0.2213393037162843,0.21450285196721455,0.2151657147034319,0.21464578432936302,0.2210599146072159,0.20441275384363097,0.20302989341329758,0.2046416651096735,0.21728843810782505
2021-02-04,0.22517271471386643,0.2209899670353547,0.22125278227177952,0.21440928915026444,0.21506953947831722,0.21455120191787147,0.22098996703535462,0.20451171790774267,0.20311580761640677,0.20474104402407656,0.21724676088515518
2021-02-05,0.2263822457221582,0.2219517663246496,0.22212484830689436,0.21546951917791954,0.21610609370640424,0.21560129217559695,0.22195176632464952,0.20445423330146004,0.2031462280716108,0.20464655314620242,0.21799671127441791
2021-02-08,0.2341076500298377,0.22956228969188694,0.22951637500432057,0.2237613276607339,0.22432079445195424,0.22388029384555858,0.22956228969188686,0.213626382492899,0.21200983519203515,0.21390472307823813,0.22550982281519058
2021-02-09,0.23734773180665608,0.23287486120116827,0.23271607469096234,0.226928900745969,0.22751431888284668,0.227049631234298,0.23287486120116818,0.21685113760207833,0.21501138813926804,0.21702634245464114,0.22884467313509418
2021-02-17,0.2429982296763022,0.23818458418219654,0.2385751675169505,0.23217341891466087,0.2327790465259592,0.23230671052304797,0.23818458418219646,0.21875468056646416,0.2175056492068883,0.21904889886284057,0.23378217682145322
2021-02-18,0.24336335862408034,0.2385833605257792,0.23913975292174167,0.23278296161399323,0.2333675072766329,0.23291769795563924,0.2385833605257791,0.22072116913448425,0.2190365742355594,0.22105612160657034,0.23423101453309825
2021-02-19,0.2431068339365465,0.23833026432533577,0.23883084923503176,0.2325231041607093,0.23311121010008978,0.23265829031100707,0.23833026432533572,0.22060949881144998,0.21898034409271222,0.22095789339665634,0.23398441410275705
2021-02-22,0.24306802062206706,0.23834132998951565,0.23880880621156714,0.23252958387469203,0.23311681185633168,0.23266437246013488,0.23834132998951557,0.22078264751922208,0.21917566193099003,0.22114108353557915,0.23401537004543865
2021-02-23,0.2429491093266279,0.23823595825979432,0.23868595291204225,0.23241454367574357,0.2330027369854969,0.23254910117303793,0.23823595825979424,0.22115553724804218,0.21945385119495292,0.2214745415718623,0.2339390404074558
2021-02-24,0.24393514007688566,0.23916534816722668,0.23958182270059386,0.2335985701002371,0.23415239440660862,0.23372944364651718,0.2391653481672266,0.2225465924909036,0.22081448304749504,0.2228783511998423,0.23483966845649118
2021-02-25,0.24295114661843567,0.23818335291530823,0.2387701306138619,0.2326183917253304,0.23317350405735957,0.23274850338533376,0.23818335291530815,0.22178903804318836,0.21997114724083022,0.22211494279992244,0.2338603314106939
2021-02-26,0.24293735229671573,0.23814519397447234,0.23876179620473534,0.23261017187236904,0.23316188830747944,0.2327404809413568,0.23814519397447229,0.2217373128613209,0.21991383307206952,0.22206990713990302,0.23379931676013493
2021-03-01,0.2441722616933623,0.23925220839115896,0.23982480229838354,0.23364627388173578,0.2342036579473236,0.23377718084447388,0.2392522083911589,0.22192780876625967,0.22011687334217708,0.22223025437176716,0.23476875348944717
2021-03-02,0.2441711787686808,0.23924591929254094,0.23984880122142033,0.23365083894268354,0.23420813048650937,0.233781634869571,0.23924591929254085,0.2219371256491267,0.22012979704068286,0.22223513518418234,0.23475779570356756
2021-03-03,0.24417672436263943,0.239269644311569,0.23992053739956207,0.2336739525173043,0.23423078866687724,0.23380453955582536,0.23926964431156894,0.22195584068145707,0.22013642603192277,0.22222343720048976,0.23479868100468948
2021-03-04,0.2467045135575905,0.2416210560075154,0.24232690566298082,0.23617054449046646,0.23671646471108132,0.23630197957743737,0.24162105600751532,0.22305494680322271,0.22139473494022946,0.2233271352448108,0.23697302336216144
2021-03-05,0.24632654144044971,0.24123089979035292,0.24194240204757778,0.23565548029024908,0.23620409199214196,0.23578682410191162,0.24123089979035284,0.22183178016953733,0.22017637649525107,0.22206775231645687,0.23656918898909704
2021-03-08,0.24585142434446086,0.2406947610896089,0.24150955599370075,0.23492557850812995,0.23547784984762468,0.23505844320743513,0.24069476108960886,0.21937628730406097,0.21776486669150028,0.219561770992847,0.23596104489724587
2021-03-09,0.24623458319912775,0.24108093713472956,0.241817618287854,0.23539616528450683,0.23594451981939274,0.23552759417995228,0.2410809371347295,0.22026956940021783,0.2186035971945131,0.22045004538226268,0.23636196449470834
2021-03-10,0.24464696429557603,0.2393806508202199,0.24010407089412197,0.23413442416126418,0.23467594963874447,0.2342557400281022,0.2393806508202198,0.2192673938291303,0.21762374451270805,0.21944630111461455,0.23457622356135777
2021-03-11,0.2449933553576155,0.23969969453027656,0.24029410304338739,0.23440773835858053,0.23495120460966412,0.23453000017531397,0.23969969453027648,0.2194027802278363,0.21777361461816303,0.21957197694755715,0.2348746290807416
2021-03-12,0.24493900755503406,0.23964494420446497,0.2402377819238626,0.23436847171318997,0.23491172509262848,0.23449053698497344,0.2396449442044649,0.2193027346709643,0.21768341067666677,0.21948348067307244,0.2348211495062534
2021-03-15,0.24484215091207073,0.23956699289315272,0.2401429083081525,0.23423313153643815,0.2347793749278735,0.23435743741562973,0.23956699289315264,0.21914146107107127,0.2175366369223282,0.21935634313687416,0.2347613685834718
2021-03-16,0.2448906114596891,0.2395979251403128,0.2402204920941394,0.23425341949269912,0.23480034192798555,0.23437830427936135,0.23959792514031275,0.21913119902878953,0.21753113461121115,0.21935431374012046,0.23478407931966278
2021-03-17,0.24497513694226095,0.23965140216892217,0.24028354123092266,0.23431014515252435,0.23485708768083866,0.23443458616556448,0.2396514021689221,0.21909159192359023,0.21743769774596883,0.21927942232064554,0.23480241438564958
2021-03-18,0.24537062767879197,0.240017121368661,0.24070026002122516,0.2346747916539261,0.2352223137991888,0.23479822996718508,0.2400171213686609,0.21914220989669356,0.21750701078990334,0.2193323336639294,0.23515054389443213
2021-03-19,0.24582211813236401,0.24052179774945392,0.24102634973205675,0.2351612772879585,0.23570790703155473,0.23528365897172954,0.24052179774945387,0.22016860043752795,0.2184504980173788,0.22035741040045803,0.23572227609261623
2021-03-22,0.24589038201735292,0.24054200431748712,0.24110442690874825,0.23516846778372694,0.23571523646734366,0.23529054794480986,0.2405420043174871,0.21961345993956607,0.21792602780787712,0.21980505254524396,0.23569489254702894
2021-03-23,0.24613011275237484,0.2407009046823384,0.2414528098221777,0.2354187181962084,0.2359610799974478,0.2355379861054401,0.24070090468233832,0.21967853423276787,0.21804103986769863,0.2198858816662315,0.23578260965645684
2021-03-24,0.2488052257033061,0.24317327702224742,0.24357557866427904,0.23798710817552818,0.23851878173742008,0.23810353469127654,0.24317327702224736,0.22147593945046923,0.21986617875729483,0.22165886943896634,0.23807921382679628
2021-03-25,0.2489056065446938,0.2432531899269928,0.24363290036816224,0.23806894157917588,0.2385999582613244,0.23818523126531252,0.24325318992699274,0.22147655819156756,0.2198662123950396,0.22166514773208834,0.23814382604022663
2021-03-26,0.24882438720941594,0.24316927021063803,0.24355142722447334,0.23799990303708282,0.2385301483248065,0.23811606129788196,0.24316927021063794,0.2214848424667389,0.21987031674818033,0.2216629768999677,0.23806081509923344
2021-03-29,0.2492191620547472,0.2434507305234943,0.2437939338537033,0.23826017383109085,0.23879271395756838,0.23837502019813378,0.24345073052349425,0.22128881666591096,0.21966407628111528,0.2214602595704376,0.2382640695651087
2021-03-30,0.24982330155380572,0.24391091946529242,0.24451675959858027,0.23874357673681013,0.23927621348347458,0.2388566421427129,0.24391091946529234,0.221440314489283,0.21981544091600203,0.22157619914635654,0.2386132040970153
2021-03-31,0.24965683338795777,0.24374147623446302,0.24443203488276916,0.2386337392475392,0.23916488883378983,0.2387473236292825,0.24374147623446296,0.22142885651825964,0.21980334871692414,0.2215684884940676,0.23845185747551584
2021-04-01,0.2503327203732831,0.2443856861692155,0.24479294707133056,0.23915647818654473,0.23969345292012958,0.23926493763042672,0.2443856861692154,0.22088724396128656,0.2191845337591977,0.22105908702755603,0.23907943300727316
2021-04-02,0.2504678137097431,0.2445318689472142,0.24490121277124444,0.23928434433231316,0.23982185800298295,0.2393926771398243,0.24453186894721415,0.22092896031672782,0.21923279104782967,0.221108600454696,0.23923201301251412
2021-04-05,0.2500442201221185,0.2441033938794068,0.2446347846546263,0.23888182284527282,0.23941831136451877,0.23898946176545302,0.24410339387940674,0.22074969180070816,0.21904547971498925,0.2208857586679455,0.2387997339326066
2021-04-06,0.24980568381593427,0.24385292240891718,0.24426752347912412,0.2386641405228627,0.23920059443637784,0.23877061971595312,0.2438529224089171,0.22092311204379714,0.21918270292530265,0.2210209522228815,0.2385423845909663
2021-04-07,0.24962336666922957,0.24369382810517973,0.24421650376534698,0.23851896737925474,0.2390533700060376,0.23862449262130128,0.24369382810517964,0.22093506923570497,0.2191993306940238,0.22104189459692006,0.23841453887458958
2021-04-08,0.24984101143205648,0.2439408773950404,0.2445553702419722,0.23879176276782868,0.2393231220984364,0.23889679846648298,0.2439408773950403,0.221023756499292,0.21930941861594055,0.22113026383154522,0.23867940048074138
2021-04-09,0.24982571903382245,0.24396922051914802,0.24457446203418517,0.23881831258245884,0.23934971976088013,0.2389239960149594,0.24396922051914793,0.22102610431540518,0.2193207392120361,0.22115071998989957,0.23874137724100905
2021-04-12,0.25024168931016694,0.24438535606776007,0.24505376422595065,0.23920648446293163,0.23973944275089576,0.2393107089272755,0.24438535606776,0.22112892913430948,0.2194093883623781,0.22123176324153312,0.23913976699740586
2021-04-13,0.25068519875261797,0.24475148006265696,0.24562194601533816,0.23957124865997442,0.24010003045498568,0.23967515457638558,0.24475148006265687,0.2213420773134611,0.21957742762929547,0.22141522908871528,0.2394353317098555
2021-04-14,0.25072910841551277,0.24481122353620954,0.2456816511786492,0.2396110632099871,0.24014079557050053,0.23971583265746196,0.2448112235362095,0.22133969835646755,0.21958234121189577,0.2214195826638121,0.23950576211865932
2021-04-15,0.25173835011999396,0.24573703461573096,0.24647878767896741,0.24060252639303778,0.24112748074573329,0.24070387690149617,0.2457370346157309,0.22161469238329648,0.21992537965908984,0.22177366210559832,0.24033981187011433
2021-04-16,0.2519276257682677,0.2458759823566359,0.24668515614113007,0.2407750369608294,0.24129267483540137,0.24087658936058648,0.24587598235663582,0.2225558138395693,0.22078603432917615,0.22280937109315632,0.24046037093049333
2021-04-19,0.2530970851183411,0.24699630620268626,0.24766369292673684,0.2418270816559732,0.24234555108694167,0.24193073490691946,0.24699630620268617,0.22240454214296407,0.22065994147736953,0.22270750094687283,0.2414969862685125
2021-04-20,0.25312297014554974,0.24706335659489426,0.24773485830662204,0.24189636879611004,0.24241508212946372,0.24199928492384462,0.2470633565948942,0.22325568836360538,0.22135003360584488,0.2233752891497895,0.24161968614842969
2021-04-22,0.2585599692278523,0.2521983363871858,0.2523780337970872,0.24696162652590706,0.2474697154750948,0.2470563817507735,0.25219833638718575,0.22543734598995957,0.22371921309464765,0.2256260139583623,0.24641925384119254
2021-04-23,0.26007179796860136,0.2536170700252426,0.25363140953006214,0.24834963855603892,0.24885839090524797,0.24844236743908427,0.25361707002524253,0.2263058042858215,0.22451164184995856,0.22635393123818376,0.24770967871868188
2021-04-26,0.2620770444087531,0.25582943128978763,0.2550943576223772,0.25043344774350534,0.25093931360864535,0.2505229797968152,0.2558294312897875,0.2270152139303511,0.22526969752819306,0.22720350032394065,0.2501103268807771
2021-04-27,0.2617508613967641,0.25544097333912164,0.2545251117526826,0.25009873278131356,0.2506003838960928,0.2501868798076024,0.2554409733391216,0.22688146315579324,0.2250867544830383,0.22703226278749752,0.24966766863933937
2021-04-28,0.26181335922464916,0.2554039772800498,0.25444566243912703,0.25003884026928563,0.2505400537147697,0.25012699004284106,0.2554039772800497,0.22639129577762995,0.22448468179676895,0.22650446927118228,0.24953707998173696
2021-04-29,0.26087896966036894,0.2545335054676468,0.2535861459846771,0.24927313742535037,0.24977282145711902,0.24935937979043465,0.25453350546764675,0.22599030497572437,0.22412118152340385,0.22611032473973983,0.248752706070644
2021-05-04,0.2603609148929918,0.254073745398369,0.2531724621797324,0.24885221632668297,0.2493510437066155,0.2489370729203265,0.2540737453983689,0.22701121189999324,0.22515996946437838,0.22711225769198415,0.24836381555184087
2021-05-05,0.2560761160837012,0.24978616475343882,0.2494492345156986,0.24472476625403522,0.24520743251099134,0.2448029795606754,0.24978616475343876,0.22387922253799794,0.2218793783260147,0.22391241275186938,0.24414872806481036
2021-05-06,0.2563075394497948,0.25006263159998765,0.24980668397598824,0.24501247548243016,0.2454934874976553,0.24508990968909528,0.25006263159998754,0.224942000701716,0.22293824707472107,0.22492482102384798,0.24447241810997833
2021-05-07,0.25642626753892733,0.25019968011636434,0.24980427011726433,0.2451582007066679,0.24563998510801444,0.2452351145208068,0.25019968011636423,0.22569371247276646,0.22366651863266412,0.22562927460365814,0.2446357879976588
2021-05-10,0.2576478953834494,0.2515806202174035,0.2513938044357427,0.2462049966380838,0.24669144091521542,0.24628206278985648,0.25158062021740346,0.22590513211221874,0.22386140627278445,0.22578498827469892,0.24612339071765524
2021-05-11,0.2578281899989786,0.2517960859371537,0.25179884056427543,0.24635431138984062,0.2468433920144207,0.24643155211737197,0.2517960859371536,0.22581281478429868,0.22380534919347894,0.22568883908828316,0.2463701771949795
2021-05-12,0.2582767142647459,0.25214704555821593,0.25223685249188976,0.2466816416124029,0.24716876185194364,0.2467582599981968,0.2521470455582158,0.22579360757353967,0.223795355608012,0.2256756044186202,0.24665264514136026
2021-05-13,0.25792404586747075,0.25191185429029844,0.25198633245952035,0.2464237322316875,0.24691304729778935,0.24649789574689177,0.2519118542902984,0.22560184113337442,0.2236340450350416,0.22547344866478652,0.2465342258800624
2021-05-14,0.2580562711730026,0.25196807949396643,0.25221937163043406,0.24655310401442354,0.24703790714745288,0.24662781016160143,0.2519680794939664,0.22570533255555092,0.22375278646775473,0.22560043067258775,0.24655142603717534
2021-05-17,0.25764550252774276,0.2517318549718643,0.25189481727199864,0.2464164806173314,0.24687624636050992,0.24649072236414346,0.25173185497186423,0.2267304651707974,0.22466546689890596,0.22654622418949896,0.24647276359726056
2021-05-18,0.25780355658562254,0.25191271842425866,0.2522168936756574,0.246597178447009,0.24705747077458567,0.2466711535185327,0.2519127184242586,0.2265011801974616,0.22446251414325477,0.22630422147003945,0.2466393175068548
2021-05-19,0.25814396389473915,0.2521921790560112,0.2526491836610321,0.24684028927894047,0.24730125643173687,0.24691493256220876,0.2521921790560111,0.22658560819749957,0.22454464685139913,0.22638719914128871,0.24684765735951208
2021-05-20,0.2584675169786357,0.2525638743030888,0.2528649033824528,0.2471447008155239,0.24760785121777787,0.2472189933742031,0.25256387430308874,0.22644689240410149,0.2244681647645523,0.22628619058131447,0.247260265031367
2021-05-21,0.258328881891508,0.2524192898843792,0.25277102736845913,0.24705797461744416,0.2475123443396351,0.24713139699067058,0.2524192898843791,0.22663603573231067,0.2246278920938854,0.22643831112551763,0.24713744458166947
2021-05-24,0.25723776042733404,0.25138173574221284,0.25161993925679604,0.2460731006404239,0.24652335729213498,0.24614654721354698,0.25138173574221273,0.22631907438960575,0.22423208381274026,0.226060457835297,0.24613160443364696
2021-05-25,0.2564503824906428,0.2505062533388935,0.2511116204145358,0.24523239874931008,0.24567531715504268,0.24530411698401244,0.25050625333889337,0.22454630990851412,0.22259176629732075,0.22426682358289043,0.24518420320216125
2021-05-26,0.25663087200104023,0.2506522141263378,0.2513855316325306,0.24538771900941023,0.24583762251218225,0.2454596773711784,0.2506522141263377,0.2244337909244942,0.22252591214524053,0.22411292911328173,0.2452998301393927
2021-05-27,0.2574201367931153,0.2514085446221331,0.2523858677587841,0.2461421250590064,0.2465791055581311,0.2462066762155176,0.251408544622133,0.22491610830652495,0.22298657546307532,0.22454707932583645,0.24600399946892246
2021-05-28,0.2583370906402016,0.2520566256448154,0.2530139235760536,0.24663915674476508,0.24708243549428052,0.24670715425437628,0.25205662564481535,0.22443631965737731,0.22246477174316412,0.2240623529057894,0.2463632858802194
2021-05-31,0.25863665491932514,0.25219107578815114,0.2533840586177778,0.24667119300287352,0.2471177817995317,0.24674065514292978,0.2521910757881511,0.22507616275220468,0.22304997517895003,0.22473549462598802,0.24637135049989511
2021-06-01,0.2585702103704788,0.25216904892671793,0.25339963396154386,0.24661830009717403,0.24707133669127526,0.24668802451730584,0.2521690489267179,0.22513475521277132,0.22311160241957895,0.22480744515651874,0.24637036067097914
2021-06-02,0.2585668336001698,0.25217300656227754,0.2533680216112365,0.24660436094393917,0.24705987573397112,0.24667453681392634,0.2521730065622774,0.22500280695546698,0.22303103194715454,0.22468234677669957,0.24639539793649048
2021-06-03,0.2597578528923262,0.2532139721623539,0.25445421922700945,0.2473302831305288,0.24781423928786397,0.24741140270390152,0.2532139721623538,0.22503489109882227,0.22306920502655037,0.2247165809353827,0.24729070842975423
2021-06-04,0.2597335322199588,0.25321400375553654,0.2544494313816252,0.2472059581841263,0.24773268925046718,0.24729465790477562,0.2532140037555365,0.2253616011343732,0.22342002120774132,0.22502477457934833,0.24731616389452515
2021-06-07,0.26109525479028384,0.254100034847417,0.2557331155103834,0.24790541549549547,0.2484271928607873,0.24799979215735402,0.2541000348474169,0.22553744350277835,0.2235242582355348,0.22517338643814955,0.24779672952272472
2021-06-08,0.26612379701165545,0.25810505730594563,0.26128642347371356,0.25096159092672293,0.2514984079603768,0.25106920771734953,0.2581050573059456,0.22539004512352692,0.22339885189289183,0.2250368897902544,0.25073697980826953
2021-06-09,0.26683780543962404,0.2585307208783118,0.26184450496645606,0.2512592465851247,0.2518009844914734,0.2513747527615126,0.25853072087831175,0.2255111670106364,0.22354292600581602,0.22516710392601627,0.2509609824181989
2021-06-10,0.2675486851672688,0.2590703226113602,0.2624548693815675,0.25175619019010587,0.25230462621577593,0.25187698197701586,0.25907032261136015,0.22560159867404056,0.2236221643174452,0.22525457311478614,0.2513704627056822
2021-06-11,0.26956226663469346,0.26093757682809526,0.2644217025317849,0.2534130211020977,0.25397017659455773,0.2535353115089496,0.2609375768280952,0.22685674616671314,0.22493468863524005,0.2265552309787335,0.2530736974794371
2021-06-14,0.269534864389509,0.26089409986515627,0.2643707307412157,0.253419626448587,0.25396715181029883,0.25353946399506433,0.2608940998651562,0.22717758615574526,0.2252499165484384,0.22687959537643845,0.2530151013306345
2021-06-15,0.2695377290375442,0.26088257069751697,0.26436020726249715,0.2534192169092357,0.2539697677015975,0.2535397077131054,0.26088257069751686,0.22717000875504548,0.22524099316781268,0.22687060548580837,0.25301440702018674
2021-06-16,0.2702516738931081,0.2612951829452563,0.26499443957188046,0.2538450337143702,0.25438246108684964,0.25397062443250024,0.26129518294525617,0.22718023055043868,0.22521321657588467,0.226875531230217,0.253169590466736
2021-06-17,0.2695626489388697,0.2606939679313618,0.2643087482598059,0.25352910469194234,0.2540159873674754,0.25364922752860813,0.2606939679313617,0.22725912997843378,0.2252444643639667,0.2269350736125275,0.25267495038330606
2021-06-18,0.2691026451869799,0.2601780306445653,0.2638429927832977,0.25321106532598286,0.2536475597800356,0.2533207861867114,0.26017803064456524,0.22652695819561883,0.22455161855966524,0.2261989556786342,0.2521039093214437
2021-06-21,0.26863571753953636,0.2595833248979313,0.2632223221293906,0.2527277008826898,0.2531305137254899,0.2528276028766347,0.25958332489793123,0.22553563464961238,0.22364759406757542,0.22519617505544107,0.2513765607174238
2021-06-22,0.2683262851434562,0.25913690561103747,0.26287160189778824,0.2523444229403162,0.25272750370980285,0.25244758589439414,0.2591369056110374,0.224701899843531,0.22281167590497555,0.22436332126297026,0.25079588698273264
2021-06-23,0.268048025043199,0.2588055526259919,0.2626640650877303,0.2520917188659009,0.25245887942753675,0.25219583267799095,0.25880555262599186,0.22434260344811988,0.2225035140545583,0.2239978846988064,0.25042546393443404
2021-06-24,0.26764702400828677,0.25824589175529195,0.2621334304439663,0.25156239479700526,0.25192261763233736,0.2516667701428442,0.25824589175529183,0.22342693290856244,0.22166235187879907,0.22306143189887445,0.24968470839700982
2021-06-25,0.2663868362673515,0.25698826989765183,0.2608728112946031,0.25068982478315327,0.25098371608177683,0.25078476124065063,0.2569882698976518,0.22285625745581025,0.22115484074506667,0.22251490152595502,0.24848599834053348
2021-06-28,0.2661507889719548,0.2566433229411151,0.260302106985149,0.25033272844430465,0.25060965821852765,0.25042785215052143,0.25664332294111497,0.22270330798775947,0.22091901506032358,0.2223788187959137,0.24808185129128194
2021-06-29,0.26615099069740333,0.25663711424649427,0.26030617960011077,0.2503537140505496,0.250624946856507,0.25044550361547074,0.2566371142464942,0.2225038706908361,0.22079692591059052,0.22215597345405114,0.24806007970862481
2021-06-30,0.26575053568432006,0.2562228065765626,0.2598202337336586,0.25017715115282635,0.2504012966284811,0.2502618004806483,0.2562228065765625,0.22251830493179886,0.22079598003742992,0.22219514534707194,0.24765235224431487
2021-07-01,0.2648879192329144,0.2553723937549251,0.2587518819264444,0.24939482642138328,0.24961276995123613,0.24948323208992307,0.255372393754925,0.2223855382195343,0.22055881260919802,0.2220877707906435,0.24684994349568856
2021-07-02,0.263617071318066,0.2544597042352892,0.25810189639453746,0.2487912693232705,0.24895663973373316,0.24886994144101426,0.25445970423528913,0.22264862578075897,0.22075763472622675,0.2223509893259933,0.24623661458807558
2021-07-05,0.2636147200011744,0.254491572352932,0.2582431031748139,0.2488940687929884,0.24905091207268962,0.24897028753914718,0.2544915723529319,0.2227760717597761,0.22084898156308203,0.22243801594164195,0.2462985168212731
2021-07-06,0.27137474352943275,0.2619183591079846,0.2640077818966799,0.2536964856435361,0.2540897210033326,0.25381108970364,0.26191835910798456,0.22497026069761544,0.22331803710722914,0.22468707263553167,0.2532598066987716
2021-07-07,0.2736478982208825,0.26428289045676484,0.2652977615014797,0.2552514115555081,0.25571981507663516,0.25536712043670856,0.2642828904567648,0.2256396335405759,0.2242305719785056,0.22546204838604605,0.2556885783521429
2021-07-08,0.2737336792059974,0.26441160922511314,0.26533424474212247,0.25549077063531,0.2559379693129256,0.25559782826383404,0.2644116092251131,0.22577428964090027,0.22435664972864253,0.22556725682852444,0.25582962649562363
2021-07-09,0.2749447538100885,0.26519126758369616,0.2662887184370937,0.2557074802110138,0.25624005744628997,0.2558255860736667,0.26519126758369604,0.2243826206904301,0.22309127963074138,0.2241694313992712,0.2563341525060301
2021-07-12,0.28125566247407713,0.27063768384891274,0.27319584398561,0.2603747179041959,0.2609833713514204,0.2604982218466472,0.2706376838489127,0.22815508940627324,0.2262808995394327,0.227549026367868,0.2608282376802825
2021-07-13,0.2810989583404681,0.27049531549543376,0.27307891904698406,0.26008875845832236,0.26073211720420997,0.260212516311429,0.27049531549543365,0.22820278442122252,0.22633289074088528,0.2275687762604046,0.2607333592755552
2021-07-14,0.28223172512858635,0.27167677062208806,0.2741157748211965,0.26168130827573105,0.2622401828859031,0.26177187758494,0.271676770622088,0.23082795693943475,0.22881545174037105,0.23024776134736047,0.26193963273590487
2021-07-15,0.2824105763726306,0.2714982189296379,0.274658348219973,0.2607570322982263,0.26145569439612,0.2608812218005538,0.27149821892963777,0.22881741025723987,0.22701803437242996,0.2282365367587268,0.26156151898203783
2021-07-16,0.28199812934885227,0.27081833737650035,0.274079554204913,0.25935265253328793,0.26019628619955343,0.2595102759846887,0.2708183373765003,0.2232509692640034,0.22203759675983212,0.2226532267455623,0.26051743676384315
2021-07-19,0.29135259523314216,0.27952788791138194,0.28383279799985023,0.2671750238764428,0.2681357769087822,0.26736814278016663,0.2795278879113819,0.22902740844608957,0.22808237581867505,0.22891452910319754,0.2685865109319166
2021-07-20,0.2938704624055807,0.2816955517234083,0.28684614902446204,0.26862934740101657,0.2696651249127873,0.26883862662008473,0.28169555172340827,0.22945149019698705,0.22873889318045582,0.22947278975603458,0.27044019387682594
2021-07-21,0.2939296237974564,0.28177796377337894,0.2869216509348845,0.2686957297865788,0.2697348501804368,0.268903382794372,0.2817779637733789,0.22953271914961032,0.22880448711262946,0.2295540795165677,0.27052369887405686
2021-07-22,0.2946952694631874,0.28260056316856175,0.2887098105752647,0.26933914519002666,0.27039347048489687,0.26954897493907104,0.2826005631685617,0.23008320005647256,0.22939385332579343,0.2301460054335306,0.2713567332659791
2021-07-23,0.2957636585582892,0.28359686132278183,0.2893394119461382,0.2703456416073173,0.271395053567716,0.2705512828430296,0.2835968613227818,0.2304896271374241,0.22986989454380996,0.2305219802863954,0.2722659202781189
2021-07-26,0.2845974785385211,0.27221077439886116,0.27828074940005254,0.2596618167438303,0.26055828846371676,0.2598284794903215,0.2722107743988611,0.22213359557628043,0.2206399745703199,0.22190018749957338,0.26071788295414083
2021-07-27,0.28477907310390754,0.2722534861249599,0.27846505443822533,0.2597567860543693,0.2606446235566513,0.2599229535833753,0.2722534861249598,0.22191734734782673,0.22031768275501679,0.22163931042278337,0.2606121972238013
2021-07-28,0.2826733007849167,0.27026362098600565,0.27627023812466656,0.2578314489285746,0.2587110555687376,0.25798559139490723,0.27026362098600554,0.2204812827532368,0.21881672204329705,0.22019065150172476,0.25874168420139204
2021-07-29,0.28328037978225806,0.2708097956169639,0.27649642527995694,0.2581411239298184,0.25908780314308566,0.2583081933003483,0.27080979561696383,0.219645451765855,0.21835294499513985,0.21944646860655304,0.2592088855768602
2021-07-30,0.2837911701783904,0.27123228691827644,0.2764335096604735,0.25850305396701284,0.2594595511539469,0.2586686219265437,0.2712322869182764,0.21992050827753376,0.21862234833576163,0.21975978504139457,0.2595471073453317
2021-08-02,0.280628987668835,0.2683821264119786,0.27328921666730865,0.25574022353819487,0.2566693895202376,0.25590132834595886,0.26838212641197856,0.218463033067537,0.217211589874761,0.218376849660905,0.2569817083996614
2021-08-03,0.275167376689586,0.263347963730898,0.2675299472446569,0.25067714023678633,0.25157338315379413,0.2508097337503806,0.26334796373089797,0.21395336040068036,0.21384791441221504,0.21387612385192542,0.252393047735758
2021-08-04,0.2549103830628795,0.24230021655147888,0.24671768422293242,0.22870950767204828,0.22967318597830985,0.22885479841858727,0.24230021655147882,0.189777607532204,0.1895986620359844,0.18967181532456762,0.2305554690594179
2021-08-05,0.25185010879619674,0.2384694043005627,0.24455234350368465,0.22537196238662216,0.2262851469037503,0.2255293054466655,0.2384694043005626,0.18818004959879603,0.1870122595592668,0.18806925586797132,0.22602219601455178
2021-08-06,0.24953460532961233,0.23650776746251873,0.24246017858337346,0.22292103669026528,0.2238874553010685,0.22308360676133251,0.23650776746251867,0.18789683734253756,0.1862221499906654,0.18776203904403968,0.22439643477576693
2021-08-09,0.24333307800660728,0.2301071018442397,0.23700851291863573,0.21641795223176596,0.21734782922838497,0.21657283134086833,0.2301071018442396,0.18086653421182988,0.17903796317026327,0.1804275537898219,0.2178535800168463
2021-08-10,0.2377589116517808,0.2248688198024854,0.23191446618268136,0.21073828307888848,0.21170135779650978,0.21090652941602228,0.22486881980248533,0.1745244783147433,0.17368496588396695,0.17461614372758583,0.21292233284315368
2021-08-11,0.23799984318965434,0.22506026547582117,0.2321173588018952,0.21088681361917105,0.21185430494185964,0.21105557690785795,0.2250602654758211,0.17453725866292316,0.17371672295091153,0.17462275871138447,0.2130735082537145
2021-08-12,0.2369931753047787,0.2242138215809116,0.23143841996980605,0.20980820683393528,0.21081234383675174,0.20998707153588997,0.22421382158091152,0.1740912806016024,0.17317446689992141,0.17422525398202182,0.21236768430912803
2021-08-13,0.22968376397610366,0.21678639708112762,0.22439687027706287,0.20152646705527408,0.20261291699137793,0.20171884598471412,0.21678639708112757,0.16425953079756647,0.1636607277664702,0.1642471027016548,0.2048026281001873
2021-08-16,0.2265445788323682,0.21314095555079596,0.22097545284968773,0.19762794747315957,0.19871243868214158,0.1978216720669466,0.2131409555507959,0.15880378767461006,0.15859514018254003,0.15897471970526333,0.2007453998894671
2021-08-17,0.219708870061348,0.20645973535922318,0.213849842308656,0.1905779562298065,0.19167275629517977,0.19075703607540748,0.20645973535922313,0.15498521866239948,0.15388256614534315,0.1549908362754752,0.19427893565140963
2021-08-18,0.2191671907051128,0.20580328001696943,0.21317832103244636,0.18951402590145336,0.19064917680435547,0.1896920118634379,0.20580328001696938,0.15105698211104207,0.15073830715249908,0.1509964609651227,0.1934864513276887
2021-08-19,0.21923622652360686,0.20592585308756486,0.213227740893722,0.18976193115909712,0.19088655318760644,0.18994109246519045,0.20592585308756484,0.15137968516541608,0.15113319611456513,0.15138218533665876,0.19369214174454266
2021-08-20,0.22522873803662008,0.2118523935402858,0.21864506951538826,0.19456392255714064,0.19577283475011592,0.19470689845912728,0.2118523935402857,0.15642518820441145,0.15593487934554706,0.15635092921964894,0.1994379997131783
2021-08-23,0.22918612732939544,0.2155574604388585,0.22237114926303814,0.19757560304032293,0.1988497582855068,0.1976933602986352,0.21555746043885848,0.15939131915994695,0.1587076536213803,0.1592563683735934,0.20275958998383672
2021-08-24,0.2281783139781744,0.21463388078691215,0.22149725197896353,0.19655700479784438,0.19785069504165492,0.19667719370900216,0.21463388078691212,0.1587748935701212,0.1581220842064903,0.15861683360935774,0.20192568342347497
2021-08-25,0.2284788200721166,0.21498219636068097,0.2218015263733987,0.19752010991752472,0.1987574091217615,0.1976397108758165,0.21498219636068094,0.16201611299357516,0.16108616069008985,0.1617517969049715,0.20237666796250633
2021-08-26,0.2289479635296242,0.21543249682118565,0.22220102792980254,0.19788854213763973,0.19912460225869594,0.19801076425984732,0.21543249682118562,0.16229993079581187,0.16133793026320334,0.16202464741432837,0.20277291686863136
2021-08-27,0.22719081310780576,0.2137934845887148,0.22070114942869945,0.19622926709552346,0.1974675769017747,0.19635308108694766,0.21379348458871478,0.1617296312041368,0.16080196286720627,0.16152827959657,0.2012826372780332
2021-08-30,0.22761543011835322,0.21409871456058294,0.22094466960893416,0.19634651989984547,0.19759251365102515,0.19647036435969586,0.21409871456058288,0.16159602511073845,0.1606560739812584,0.16141359032164,0.20146914465735816
2021-08-31,0.22761179104054266,0.21409595431158268,0.22093545028306796,0.19637362635076375,0.19762018356029384,0.19649605718802363,0.21409595431158265,0.16167984520904913,0.16074766694447354,0.161504169440834,0.2014719743499524
2021-09-01,0.2252777134438568,0.2118446392303354,0.2186962137019606,0.19376883183091193,0.19503365987384536,0.1938905049425513,0.21184463923033536,0.1595851853482722,0.1584604101499295,0.1593169858511125,0.19931233678805754
2021-09-06,0.22533617963503091,0.2119312262470979,0.21878366714099803,0.19382085562850093,0.19508702130556843,0.19394098952655017,0.21193122624709787,0.15965171088564875,0.1585384125200262,0.15938434903304585,0.19941465659236457
2021-09-07,0.22526421209290132,0.21185080271077383,0.2186765141856477,0.19376647919102277,0.1950305837964314,0.1938869983818115,0.2118508027107738,0.15956646103230268,0.15841987753261377,0.159284691389299,0.1993486747376401
2021-09-08,0.22499521120906407,0.2116042454474337,0.21853025896739411,0.1934327607154821,0.19470371313368717,0.19355471571437097,0.21160424544743364,0.1587187045757391,0.1576262565839851,0.1584448289993854,0.19908936287521034
2021-09-09,0.22510748050657897,0.2117395855100049,0.21872901947784767,0.19377275089014737,0.19501652943127962,0.19390541431431688,0.21173958551000488,0.15913304109921173,0.15800108801829468,0.1588414871855286,0.19922132301802314
2021-09-10,0.22442493214828133,0.2110971808066752,0.2182594338130216,0.19310099565461805,0.19434722372100494,0.1932344338010113,0.21109718080667517,0.15900146501332155,0.1579007464342983,0.15875606299494247,0.19863977405617908
2021-09-13,0.2245561712967909,0.21113199303340205,0.21841387983560145,0.19310093813870377,0.19434715344331738,0.19323446861748889,0.21113199303340202,0.1596632261530247,0.158590439591703,0.15944834673907488,0.19863265455886975
2021-09-14,0.2247192084754784,0.21122411416811565,0.2185293632743403,0.19317217254550337,0.19441403760512344,0.19330972277338906,0.21122411416811562,0.1595038392681314,0.1584135480503395,0.1592408473250384,0.19866285912140413
2021-09-15,0.22473964240335384,0.21124025211590983,0.21850301038390432,0.1931771092301331,0.1944197569988629,0.1933150180372949,0.2112402521159098,0.15948395677898636,0.15839710731386633,0.15921424848363652,0.19866407639621375
2021-09-16,0.2245515423542727,0.21104778417096406,0.2183322797733454,0.1929737553935176,0.19421717079976983,0.19311212716293544,0.21104778417096404,0.15962513526430455,0.15853820936035182,0.1593771634110171,0.19848671788545344
2021-09-17,0.22397480214868878,0.2104510082624403,0.2177062669210142,0.19231171251418816,0.1935589063415717,0.19245256057231122,0.21045100826244026,0.15914431866589368,0.15804853366515573,0.15894089933022626,0.1978712890675701
2021-09-20,0.2236237738231504,0.21004991054823333,0.21747116827822002,0.19189596766586203,0.19314434182823828,0.19203747477421754,0.21004991054823327,0.15818956741751192,0.15717730901636487,0.15798716980064817,0.19740262125581484
2021-09-21,0.22398408425485786,0.21037142887032184,0.21773198104854802,0.1922195330978363,0.1934668238396916,0.19235970577386138,0.21037142887032179,0.15841034621190578,0.15737039820380863,0.15819239010026384,0.19768428427644572
2021-09-22,0.2234780331840899,0.20995241051004498,0.21719255210038518,0.19178200806930412,0.19303204244892883,0.19192178712081054,0.20995241051004496,0.15878626251994893,0.1576770853365508,0.1585537093081461,0.19738606669506978
2021-09-23,0.22052107074946106,0.20711169974508278,0.21477944046690117,0.1886392199085409,0.189909489028655,0.1887813161611985,0.20711169974508276,0.1566318758289985,0.15543807135286136,0.15636869918424073,0.19463674905673684
2021-09-24,0.2204558776833099,0.20707081248667925,0.21475900420850744,0.18860134112802027,0.18987097146501633,0.18874348114036132,0.20707081248667922,0.1567560018208625,0.15555268857722815,0.15649420954572496,0.194615684988235
2021-09-27,0.22199801353436646,0.20832288906157867,0.2161195727427323,0.1895602905423367,0.1908460200225811,0.18969684506728884,0.20832288906157861,0.15683733170253406,0.15564505308890195,0.15657948978453384,0.19555619956178813
2021-09-28,0.2212478940652093,0.2077415878166789,0.21553328688279422,0.18882176465143471,0.1901161970957324,0.18896159040355057,0.20774158781667887,0.15649045626566602,0.155331989674287,0.1563009299840062,0.1950991112398475
2021-09-29,0.2204312503522555,0.20707816036258547,0.21458880236838532,0.18804358237752428,0.18934438625020483,0.18818707861273196,0.20707816036258545,0.1560750418605054,0.1549254334419639,0.1559660156708323,0.19455865180704174
2021-09-30,0.22020531369883165,0.2069091723023817,0.2143948384922065,0.18780611803564,0.18911014326955583,0.18794891053270502,0.20690917230238168,0.15609980870799064,0.1549394145618571,0.15598000244721355,0.19444559341327133
2021-10-01,0.2186525676999474,0.20525805502810204,0.2131775366371577,0.18611541936689124,0.18743000948793684,0.18626806661035708,0.20525805502810202,0.15445343133285558,0.1534554538675039,0.15439928478893594,0.19263871695229748
2021-10-04,0.21835364892573228,0.20494805633577154,0.21292301339883807,0.18587242006829285,0.18718479113311506,0.18602603436870607,0.20494805633577148,0.15470131721486483,0.15370506993612754,0.15459633335873774,0.19234389851942443
2021-10-05,0.2190886308564242,0.20553042975672847,0.2134330236120494,0.1864171734946521,0.18772957786985645,0.1865693880277656,0.20553042975672844,0.15494622900338642,0.1539430865919142,0.1548576819234325,0.19273600590098605
2021-10-06,0.2191078155273461,0.20553917866335905,0.21343907630049505,0.18641495200429303,0.18772770645682602,0.18656717863605662,0.205539178663359,0.15494877707751242,0.15396685475702412,0.15487832840830354,0.19273490862035472
2021-10-07,0.21910824699315265,0.2055402504635941,0.21344126800254767,0.18641576105790728,0.18772856734681156,0.18656803147657453,0.20554025046359403,0.15503640815678818,0.1540409442673007,0.1549624346657666,0.19273551541065823
2021-10-08,0.2190545902301939,0.205501669245863,0.2132984420409747,0.1864129372897431,0.18772413233956797,0.18656383471864774,0.20550166924586297,0.1558258958742127,0.15484014044720662,0.15570958397615828,0.19271768091045854
2021-10-11,0.22088224598483702,0.20728602617900044,0.21519245665138476,0.1880847826040459,0.1893918547569611,0.18823448019298297,0.2072860261790004,0.15634228354508392,0.15540447780679476,0.15624941486665206,0.1943899117076862
2021-10-12,0.22015512345668328,0.2065595328282233,0.2144490336893614,0.18732677992507715,0.1886384402860071,0.1874807392472992,0.20655953282822329,0.15602700296340194,0.15513282200318282,0.15598593430652377,0.19368444383237138
2021-10-13,0.21980076308932195,0.20624850944732873,0.21402173800836913,0.18696751232437336,0.1882825807662954,0.18712118352373275,0.2062485094473287,0.1557871479653758,0.1548856348729049,0.15577099285973076,0.19340296117645545
2021-10-14,0.21970928948908677,0.20613276263750285,0.21392782605089122,0.1868669984814533,0.18818236858586737,0.1870196743016951,0.20613276263750283,0.15575987671968103,0.15483099067865627,0.1557158342883414,0.19326525474457112
2021-10-15,0.21882316426376106,0.2052838013266141,0.21324682456458052,0.18591395024206497,0.18723492429088986,0.18606973720145017,0.20528380132661408,0.15554581108054916,0.15452814847675944,0.1554083236335164,0.19246502423137662
2021-10-18,0.21823383298541207,0.20465064506936267,0.21269683127723302,0.1853133289656855,0.18663579992710577,0.18546788738695447,0.20465064506936265,0.15450742905141263,0.15345398561091253,0.15421838568808155,0.19175450260872212
2021-10-19,0.21651690132461748,0.20294200411622787,0.21125023932365267,0.18351709743205458,0.18484688047359915,0.18367227923411478,0.20294200411622784,0.1543732377495009,0.15328092826366252,0.15402485264991206,0.19010166286776287
2021-10-20,0.21647751252834405,0.20286081556671479,0.21099623554580976,0.18341620063619218,0.18474943066456959,0.18357421339769733,0.20286081556671476,0.15295144527774698,0.1521643875261543,0.1529420740548166,0.1899639353687935
2021-10-21,0.21120013828974626,0.19773004869721325,0.20676738081454452,0.178202030506745,0.17953694524689665,0.17835843951442656,0.19773004869721322,0.15169571949282695,0.15069132349323766,0.15157960736399362,0.1850310092953835
2021-10-22,0.2090402056454673,0.19562308259242428,0.20494282181408946,0.175935798451247,0.17728596428266336,0.1760982716517374,0.19562308259242422,0.15008816106640294,0.14923858679833873,0.1502176324749466,0.18303047252277893
2021-10-25,0.20651027177218836,0.19271661636499882,0.20305622536621257,0.17295216366275393,0.17431958157808966,0.17311472173887293,0.1927166163649988,0.1487258318388331,0.1478153228877989,0.14868720864368123,0.1797327952093464
2021-10-26,0.20654862193001627,0.19275499628602016,0.2030702736888942,0.17298348619042409,0.17435169690719304,0.17314551554513813,0.19275499628602014,0.14835717335801668,0.1474645248464589,0.14836038942110194,0.17976812538865453
2021-10-27,0.20851531529505857,0.19468445862176362,0.20502486803232492,0.17516738762667014,0.17653105156432936,0.17533478674566189,0.1946844586217636,0.1498388672780588,0.14912717184466387,0.1497631925451789,0.18159995131050194
2021-10-28,0.20849249704726766,0.1946281169397647,0.20507020820479394,0.17525760916963162,0.1766186274915842,0.1754316576575545,0.19462811693976467,0.15079161016679643,0.14989110587307825,0.1506631507827354,0.18152489973765534
2021-10-29,0.20850530939828596,0.194637906661539,0.20507042926619193,0.17530679709002878,0.17666097080608903,0.1754803709300002,0.19463790666153896,0.15012706226227154,0.14900235595794253,0.1500361211070175,0.1815333541157144
2021-11-01,0.20810339628142627,0.19411184212727556,0.20359462536341366,0.17494823838359075,0.17629676055669866,0.17512194225994143,0.19411184212727553,0.1499882749749853,0.1489047250626977,0.14988230722825124,0.18088995311804662
2021-11-02,0.20817594980162657,0.19405877876621164,0.20342998739720555,0.17494141402912838,0.17628268509646866,0.17511673234908914,0.1940587787662116,0.14886896572639519,0.14773340616181801,0.14881380089509427,0.18070961050269227
2021-11-03,0.20838458958491846,0.1942916171565486,0.20397852534489533,0.17494840084769356,0.17630494591804033,0.17512145868043127,0.19429161715654855,0.14833770474602218,0.14701234912120234,0.1483039326000703,0.18091074153622125
2021-11-04,0.20630698810426457,0.19191226029215097,0.20105455881111894,0.1728743592814544,0.1742367772516431,0.17305106512753218,0.19191226029215094,0.14737789938847456,0.1460550801275581,0.14745323275221017,0.17824884107540775
2021-11-05,0.20615420389592204,0.19172916432133752,0.20073831485618357,0.17277440146569342,0.17413406465039336,0.17294987736379155,0.1917291643213375,0.14739595499987151,0.14609449587221368,0.14745981299712235,0.17803237954166404
2021-11-08,0.2053859136138593,0.19107682029432607,0.20000300166234827,0.17226064535956254,0.17361070826423236,0.1724374946450524,0.19107682029432604,0.14790829240137054,0.14657687651331064,0.14800402529118623,0.1774952803891997
2021-11-09,0.20559762697014758,0.1912404481406277,0.20017965031620572,0.1725005041649263,0.17384743955530427,0.17267472398966313,0.19124044814062768,0.14803335584902305,0.1467681448493013,0.1481030952318528,0.1776222299997166
2021-11-10,0.20521004857613076,0.1909382545160851,0.19958701265604897,0.17212856142474967,0.17347744400655357,0.17230090666528305,0.19093825451608504,0.14782203942540023,0.1465240419198806,0.14782791164749817,0.17737025538926254
2021-11-11,0.20518173316869848,0.1907974057304113,0.1997137640956119,0.17197021086483874,0.17331704960192373,0.17213855097610756,0.19079740573041126,0.14630344795059938,0.14495222525673065,0.1463664322993506,0.17707420350406097
2021-11-12,0.20521445452778755,0.19083135588937117,0.19958941437248615,0.17193701949811763,0.17328911838104047,0.17210662246670205,0.19083135588937114,0.1463692140944635,0.14500016371722313,0.14641185127865664,0.17709975372913625
2021-11-15,0.2045705928194608,0.19027778845609092,0.19874982689933707,0.1714090778935601,0.17276401334441382,0.17157871900208152,0.19027778845609086,0.14628308198427523,0.14492064183150422,0.14633012648367782,0.17667290208628456
2021-11-16,0.20394109875611666,0.18954516138791505,0.19815581929351359,0.1706940102708281,0.17205701117369368,0.1708634566739874,0.18954516138791502,0.1462366720981871,0.14486412102926027,0.14618785609965054,0.17586096109241242
2021-11-17,0.20402015421287653,0.18959664340889534,0.19824194392168806,0.17084891339343297,0.17220551662421812,0.1710190070036793,0.18959664340889532,0.1457857523682295,0.14446805342846208,0.1457703446089526,0.17585496145750146
2021-11-18,0.20383410115438913,0.18952497136870566,0.19828252391839085,0.1705948549252191,0.17196450768725496,0.1707723116018506,0.18952497136870564,0.14499791975694726,0.1438595162782513,0.14522032055537068,0.1759330955781115
2021-11-19,0.2034442412666311,0.18906708206292228,0.19716317348905693,0.17016857071717745,0.17154255835938073,0.1703465103478439,0.18906708206292225,0.14516839139809237,0.14400898392504083,0.14533830055715585,0.1754664245629248
2021-11-22,0.20334791481217482,0.18909584893405829,0.19706324011414883,0.1698159376954482,0.17121131819515736,0.16998963194053066,0.18909584893405826,0.14486091981043872,0.14372033107256377,0.14508354190682252,0.17559697249133324
2021-11-23,0.20291877245100595,0.18842391510580817,0.19612539965738546,0.16939020385340603,0.17076516563712774,0.16956947561244567,0.1884239151058081,0.14506498742896512,0.14351835250944006,0.14521515626037473,0.17476434374801225
2021-11-24,0.20422283978850822,0.19071832839494574,0.19805074251751117,0.17146442816004775,0.1728550070363729,0.17161886519202665,0.1907183283949457,0.1490182656418922,0.1478718206487639,0.14912500229817213,0.17810479419829203
2021-11-25,0.20365715178186344,0.19043770341410926,0.19733633961146987,0.17144848267691692,0.17282679867528633,0.17160102010194891,0.19043770341410923,0.1490204300251633,0.147820675400253,0.1491059000093226,0.17807982006509995
2021-11-26,0.20425042131806576,0.19098607379221455,0.19776605396510857,0.1721149726836711,0.1734784545821149,0.1722680204544775,0.1909860737922145,0.14951223203588765,0.14832206426841885,0.14957037883348795,0.17860655905333364
2021-11-29,0.20529293585955954,0.19204441586690096,0.19872659057023984,0.17335681652291138,0.1746932537778873,0.1735141371638888,0.1920444158669009,0.1503939185613249,0.14945258884671397,0.15052550934257036,0.17972236853503487
2021-11-30,0.20389613926929778,0.19097786147558046,0.19753503564804223,0.17251910302875778,0.17384616423255747,0.1726647305115303,0.1909778614755804,0.15051058715510265,0.14964837315500232,0.15067513650918882,0.17893973503817817
2021-12-01,0.2039638886577324,0.19099862655388164,0.1975145583118713,0.1724090167853821,0.1737496111309135,0.17255650564168665,0.1909986265538816,0.14969779257158752,0.14891714816001278,0.149894554679949,0.17891528949238042
2021-12-02,0.20277416500784706,0.19025656631739293,0.196497405099684,0.1717952482283244,0.17313650386927476,0.17193372685217193,0.1902565663173929,0.14942255258400947,0.14869812745396813,0.14967066202171567,0.17854593716652836
2021-12-03,0.2013348891675468,0.18966412080932094,0.19423148840711282,0.17261687807016177,0.17391084407091806,0.17273115248474144,0.1896641208093209,0.15246434837047895,0.1519453731133367,0.1525506519634463,0.17886208737123802
2021-12-06,0.2019453963558809,0.19058317412922698,0.19480813364160024,0.17366853671403723,0.17496904904269034,0.17376440951770808,0.19058317412922696,0.15263504789890878,0.15231989803532892,0.15275028730211493,0.17995624076822778
2021-12-07,0.20392753447736275,0.19280064232158933,0.1969803226628286,0.1760238185389622,0.17731438840922614,0.1760962171349143,0.1928006423215893,0.15505205809608189,0.15482645581632767,0.15495329188686977,0.18231331944935564
2021-12-08,0.20076949058984775,0.1897744309217819,0.19368449278352326,0.1731432501906596,0.1744435603427768,0.17321502016439497,0.18977443092178184,0.15303993943765226,0.15277073661685764,0.1528915285628584,0.17946432460302952
2021-12-09,0.20106926056927232,0.19002629169262686,0.19395710479023384,0.17359226543516929,0.17487353008997944,0.17367277464399258,0.19002629169262683,0.15338512888869116,0.15300843685498186,0.153233988005887,0.1796846053374394
2021-12-10,0.20109504659583052,0.19004181134877882,0.19390926903231384,0.1736167302498818,0.17489962354018082,0.1736976835447756,0.1900418113487788,0.1535128871659003,0.15312790939800672,0.1533679475657449,0.1796711717621816
2021-12-13,0.20037604623901692,0.18953590843971216,0.19326198129345146,0.17319202813277337,0.17447452522560586,0.17326421798601477,0.18953590843971213,0.15349207475514073,0.15310088352237852,0.15333150138746113,0.179327487151708
2021-12-14,0.20023211954848721,0.1894514628744749,0.19322544847944426,0.1731716667675342,0.17444903617341564,0.17324223664970534,0.18945146287447484,0.1535616127644598,0.1531883645236419,0.15342937084117633,0.1792913843356743
2021-12-15,0.19987903098350254,0.1890707092451949,0.19288658760482805,0.17272539838979578,0.1740074955781402,0.1727975784913422,0.18907070924519484,0.15347707588635273,0.1530810516683146,0.1533505541512049,0.17890403409452713
2021-12-16,0.1997302979912891,0.18898856325224409,0.19274452524140565,0.1726643977106942,0.17394656392147906,0.17273203108157859,0.18898856325224406,0.1535455382851578,0.1532024228755938,0.15348246383150407,0.17886621581035675
2021-12-17,0.1995296610970986,0.1887926742925288,0.19253547871610682,0.17253298648731064,0.1738110599001772,0.17259911052091947,0.18879267429252877,0.1535702278423137,0.15323810367579663,0.15352283671187258,0.17867368561829003
2021-12-20,0.19951208872695855,0.18879971847870727,0.19258708269678973,0.17261587954448115,0.17388102388638346,0.17268293695503636,0.18879971847870725,0.15371268312594108,0.15345256407704636,0.15372283651805818,0.17870058399219438
2021-12-21,0.19966762777236124,0.18891052163033223,0.1927438794687717,0.172733649610931,0.17399632238749366,0.17280262492737192,0.18891052163033217,0.1537673213235393,0.15352677456105673,0.15378569402929507,0.17878446577191484
2021-12-22,0.19964810466657848,0.18887377956770013,0.19259573488039206,0.1727124170295059,0.17397976019156153,0.17278179134507549,0.1888737795677001,0.15375679166033543,0.15350697536082816,0.15377822010177278,0.17872512790525416
2021-12-23,0.19957826563612133,0.18899391484531103,0.19280881784699075,0.17349885015825892,0.1747010098776226,0.17356695183760235,0.188993914845311,0.1545458580247239,0.15449971552124467,0.15470197712786155,0.179037923646968
2021-12-24,0.20196454460989208,0.19126131786715092,0.19420323681792181,0.17545143529913965,0.17670152927692673,0.17551463419374336,0.19126131786715087,0.1554309027155319,0.15546555983734048,0.15551650463072564,0.18110660591208078
2021-12-27,0.20208919442845832,0.19146247492396443,0.19438285600120936,0.17576541898169837,0.17699850193255645,0.17582359714888995,0.1914624749239644,0.15647085871322983,0.15626386407382323,0.15623400496604872,0.1813691653603917
2021-12-28,0.2020010121990494,0.1913532506880708,0.19439780271947577,0.17569223726102332,0.1769240648152195,0.1757486614968321,0.19135325068807077,0.15625050094877999,0.15609746096816995,0.15600873443027602,0.18125519842527024
2021-12-29,0.2017213201362169,0.1910605294177666,0.1935981525800051,0.17543930900453691,0.17665889756084174,0.17549153591546138,0.19106052941776658,0.15558678647842988,0.1555693081546425,0.15541651408861065,0.1809414572521813
2021-12-30,0.20175764124270956,0.191080472464599,0.1935711585288214,0.17542385021029086,0.1766495338782815,0.17547683432961153,0.19108047246459897,0.15536127980130254,0.1554387524849558,0.15525612461494145,0.18093954105874782
2021-12-31,0.1928858963968637,0.18240148010092508,0.18696058244802813,0.16993293751894958,0.17084890597215754,0.16992183934029798,0.18240148010092505,0.1533420996456948,0.1528736568589532,0.1529387108773435,0.1725755009290803
2022-01-04,0.19028959891312364,0.17945198393909081,0.18509840474795658,0.16866062584380395,0.1694071684973251,0.16866301721525265,0.17945198393909076,0.15344977696299772,0.1526598815837664,0.1529188631059553,0.16927840513242917
2022-01-05,0.1901594400286949,0.17944249712931498,0.1849759695824196,0.1686323829421578,0.1693812884315742,0.16863905583896857,0.17944249712931495,0.1538415146990294,0.15303151105362917,0.15335637272499478,0.16936508283883808
2022-01-06,0.18742862038795444,0.1772418901593817,0.1828104475931683,0.16681009152582507,0.16750738558679443,0.16681841241106307,0.17724189015938166,0.15360900716135617,0.15267424775679522,0.15315940172601022,0.1675655305713674
2022-01-07,0.1777159338919136,0.1684622579434673,0.17207168767882694,0.15935576979099095,0.15988178656855578,0.1593388104920982,0.16846225794346725,0.14684100915135212,0.1465152989518633,0.1468453050069037,0.15978415610275554
2022-01-10,0.1793386932644517,0.1696968008620301,0.1733866133452013,0.1605241589706542,0.16107725386257693,0.1605162622632339,0.16969680086203007,0.14691929068967974,0.1466665529624096,0.1468944258834821,0.16072184807009587
2022-01-11,0.17746804915019518,0.1678226526472154,0.17221998721280904,0.1583935123617722,0.1590033894729396,0.15841288388103292,0.16782265264721538,0.14326387595210155,0.14334213525608405,0.1431345674976183,0.15886482142095382
2022-01-12,0.18089875206173212,0.17064019010022427,0.17384792492392093,0.16128222923572247,0.16188883660888123,0.16128112798629574,0.17064019010022421,0.14319366432985875,0.14344781496418954,0.14311886032002671,0.16082341094359276
2022-01-13,0.18104527546292992,0.17066363919224817,0.17375891325114373,0.16144367935227943,0.16203853204044336,0.16144162893221323,0.1706636391922481,0.14314885212844705,0.14343060064044527,0.14305132903838133,0.160824077636277
2022-01-14,0.16561002094801275,0.15595159097069128,0.15757220803737823,0.14787053534829953,0.14829760162965078,0.14779940509741624,0.15595159097069122,0.13187835590031238,0.13198968216486023,0.13096790599231486,0.14684346869256532
2022-01-17,0.1667526816382212,0.15675109780207783,0.15665759182188607,0.15069151064823555,0.15097086487985922,0.15060053504662238,0.15675109780207777,0.13393867350687855,0.13420298694227437,0.13285353059859675,0.147486975270832
2022-01-18,0.1668812828915417,0.156711897945663,0.1566614218635104,0.15075244989634912,0.1510269554672235,0.1506650577462868,0.15671189794566295,0.1339125365316612,0.1341031472464744,0.13283279137681636,0.14736593196770145
2022-01-19,0.1650821109463863,0.15486026486343749,0.1527490675215283,0.14945649365476613,0.14967479439326437,0.149359577694381,0.15486026486343743,0.13313393346265542,0.13326520115473983,0.13198343223514736,0.14554995606729096
2022-01-20,0.163895038936978,0.15345924772194536,0.1521214201821262,0.14824321268243543,0.14844689393587712,0.1481462824578414,0.1534592477219453,0.13198417086280959,0.1321147484818496,0.13093045934943626,0.14398160567407392
2022-01-21,0.1639106416364955,0.1535035707723054,0.1516494838283212,0.14824609575599043,0.14844920875422182,0.1481470598787799,0.15350357077230536,0.13208304055767417,0.13219235501726384,0.13106024863767377,0.14402147955528816
2022-01-24,0.16643328776897265,0.1557655220525387,0.15350144820335337,0.15122198062946085,0.15140197161604188,0.1511300191429173,0.15576552205253869,0.13401828258809625,0.13460441926122016,0.13310442798275918,0.14618405928280512
2022-01-25,0.1722459018068659,0.16030541932844353,0.1581752328020696,0.15616254962237128,0.15632708759358793,0.15604297024231276,0.16030541932844347,0.13421877083316608,0.13511547562069293,0.13330549712787654,0.14911580561565743
2022-01-26,0.17163122728952068,0.15968174123911225,0.15798496543558185,0.15565016099911216,0.1558049957736063,0.15552750405070692,0.15968174123911222,0.13384493361083538,0.13466921441637253,0.13286793678451975,0.14851460725684806
2022-01-27,0.1705615206699131,0.15874916233381833,0.15770292655419293,0.15500718066632752,0.1551308086837079,0.15488361766083567,0.1587491623338183,0.13391211838379202,0.13447003453253256,0.1328565752569751,0.14771385864403408
2022-01-28,0.17103247701079288,0.15916611346703757,0.15818526995162127,0.15540585967883438,0.15553145608952343,0.15528001679457656,0.15916611346703752,0.1346474238655622,0.13515382610757387,0.13357587616183272,0.14811273047846416
2022-02-07,0.17109546933591974,0.15915021318345066,0.15823321927386447,0.1555976282231035,0.15572441351840705,0.15547660490758633,0.15915021318345063,0.1347078068287386,0.1351535280495137,0.13374282166275125,0.14792683119879407
2022-02-08,0.1711715695485605,0.159237534170684,0.1583237020759488,0.15562658036305949,0.15575864980921209,0.15550719184605993,0.15923753417068395,0.13466558981696686,0.13513919176906802,0.13371245438182577,0.14799458449483305
2022-02-09,0.17061036630834392,0.15889537419525604,0.15799865926886672,0.15543606988697592,0.15556229225140078,0.1553163589242241,0.158895374195256,0.1348857784151837,0.1353703300980812,0.13394940581167034,0.14783939630910078
2022-02-10,0.17049073241007764,0.1588380843473459,0.1579364932004408,0.15543702286779287,0.15556116573071999,0.15531785718066676,0.15883808434734586,0.13485830379374902,0.13532187398019505,0.1339231014067267,0.14782108484958995
2022-02-11,0.16944528738562456,0.1578771730515798,0.1572630205571401,0.15450873758214598,0.15463128315375332,0.1543811278427645,0.15787717305157978,0.13468791617731637,0.13508887395454047,0.13370298832852903,0.14698303178713004
2022-02-14,0.17387105177512902,0.161791845189927,0.1616062180833363,0.15729952473639827,0.1574918949838201,0.15716707555775986,0.16179184518992695,0.1347551060076829,0.13509721549698198,0.13378944558673814,0.150228786280252
2022-02-15,0.1748006697103084,0.162572946296589,0.16245722196469156,0.15806593285384832,0.15825976945397505,0.15791925880924926,0.16257294629658894,0.13531766611401594,0.13559781454545441,0.13422695756035777,0.15083599391728944
2022-02-16,0.17458620428015975,0.16238306572345515,0.16229289231746022,0.15796991601424173,0.1581563389575322,0.15782454507893898,0.1623830657234551,0.1355119439601776,0.13577119275003913,0.1344060032585354,0.1506772440085727
2022-02-17,0.17521998339202055,0.1629916233889734,0.16293999446824942,0.15860361741619675,0.15879272728722518,0.15846173825233908,0.16299162338897338,0.13593182286330285,0.13625595251886133,0.1348636030114796,0.15125622357617918
2022-02-18,0.17463661569360345,0.162685315654975,0.16285961514869163,0.15840813279026594,0.15859694636169394,0.1582614169505416,0.16268531565497493,0.13592311392719045,0.13624855881090253,0.1348518080502684,0.1511637955900782
2022-02-21,0.17449872074570885,0.16244473616734517,0.16279660382282093,0.1580681057223571,0.15826019214388568,0.15792371463653584,0.16244473616734512,0.13530571651827697,0.13563027491025428,0.13422006561567482,0.1508071225601734
2022-02-22,0.17445690875143705,0.16242611105411964,0.16263840458095535,0.15818424087216992,0.15835888872478288,0.15803876844158302,0.16242611105411958,0.13587492676329188,0.13607093294650185,0.1348567790417244,0.15080886647207747
2022-02-23,0.17449004109604183,0.1623794278631563,0.1625777170811281,0.15812441892734977,0.15829302759068278,0.15798278245489236,0.16237942786315623,0.13582366987569464,0.13588899781672992,0.13480363998719003,0.1506376693862964
2022-02-24,0.1677301221697781,0.1554663938127987,0.1563063997184072,0.15301009501530188,0.15303008148477737,0.15289887806315908,0.15546639381279864,0.13044486386076973,0.13088399064837616,0.12954095841189858,0.1437548993709442
2022-02-25,0.1623113510419341,0.15031013067324325,0.15109048153779117,0.14910336781952266,0.1490049423295144,0.14902119297625802,0.1503101306732432,0.12613937786670776,0.12694698890906828,0.12537241414044342,0.13902442138473783
2022-02-28,0.16281391808430523,0.15074095121497022,0.15137910582315164,0.14969688052122135,0.14957151045818975,0.14961680377015607,0.15074095121497016,0.1269259777816418,0.12761051490477188,0.12621184581711656,0.13934662939216558
2022-03-01,0.16227738098177916,0.15009759483088933,0.1505582840074553,0.14837898818390924,0.1483062262711927,0.1482955479623251,0.15009759483088927,0.12346245212447644,0.12442112332327457,0.1228547519649541,0.13850832682410832
2022-03-02,0.1629389607668395,0.15062950598306715,0.151248756356002,0.14837660898073782,0.1483459836970077,0.1482853248249721,0.15062950598306712,0.12297437977210458,0.124031434253852,0.12239609546933249,0.13896380224975977
2022-03-03,0.1637079355629325,0.15123834394986077,0.15170778479121808,0.14866005877266625,0.14865530330709067,0.14856756839061602,0.15123834394986072,0.12278629121778811,0.12382417025193705,0.12219457007340581,0.13937599731226386
2022-03-04,0.16302825705780577,0.15076695144434596,0.15118059685780497,0.14859860632869407,0.14856979757857874,0.1485099094520608,0.1507669514443459,0.12327580025919077,0.12431548937900139,0.12266944430268552,0.13911692600307377
2022-03-07,0.16387643298527368,0.15174108733723105,0.15206147754165678,0.14970963443082067,0.14965501351231605,0.14962452406304882,0.15174108733723102,0.12614046052176026,0.1269724708301077,0.12554865063055104,0.14026340540226168
2022-03-08,0.16472482399833022,0.15252769760158136,0.15281650545877426,0.15023845545830472,0.15021394350505887,0.15014786428395235,0.15252769760158133,0.12633476250072773,0.12711950115594506,0.1256738381666058,0.14093782653607523
2022-03-09,0.16475711610441368,0.15248220199347737,0.15275987139569852,0.15018086160299393,0.15016182339929038,0.15008981218000567,0.1524822019934773,0.12629459241498042,0.1270585715717215,0.12565175894760225,0.14085741178280875
2022-03-10,0.16475338166885864,0.15249985080845455,0.15278188899734116,0.15017830373414295,0.1501593238894065,0.15008403577217141,0.1524998508084545,0.12666671313259423,0.12736184587924615,0.1260001667164549,0.140900086910568
2022-03-11,0.16526920393902972,0.1528550552355114,0.1530199886239281,0.15061362506807316,0.15060154312972657,0.1505223468134388,0.15285505523551138,0.12663150348205382,0.12730577053317932,0.1259336808769288,0.1410649435145998
2022-03-14,0.16553401113255609,0.15309179945054843,0.15310329736521275,0.15023909501824265,0.15030745660937392,0.15012315021227018,0.1530917994505484,0.12601328678784332,0.1267303793537206,0.12534051097470988,0.14130824341221054
2022-03-15,0.16562246483722848,0.15312185985073112,0.15315323601638198,0.15020688649135994,0.15027879588002332,0.1500920783191556,0.15312185985073107,0.1260101202349515,0.12667193073748523,0.12539314572693339,0.14127310889168374
2022-03-16,0.1655726350088749,0.15319423951271693,0.1531063680984501,0.1503138648974866,0.15038884934111738,0.1501989005241544,0.15319423951271688,0.12546935089808836,0.12609828506012105,0.12481172320666473,0.14139130873208308
2022-03-17,0.16539818979559134,0.15309210559749709,0.15303947775758772,0.15026133683324897,0.15033723299214188,0.15014280440219613,0.15309210559749703,0.12553165675801034,0.126145636560444,0.12485660666889435,0.14134954321307763
2022-03-18,0.16540688639214518,0.15312540047820505,0.15306392496702925,0.15038451069949707,0.1504453340638596,0.15026411405119355,0.153125400478205,0.12615756552061713,0.12673170149678364,0.12542017547406797,0.1414374362983608
2022-03-21,0.16629187531353531,0.15413358969503888,0.15379474594972245,0.151022023780306,0.15114614279891606,0.15090821397474447,0.15413358969503882,0.12627047569728225,0.12702487860257794,0.12547475599025407,0.14259177952304347
2022-03-22,0.1663237073710092,0.15422773706809956,0.15381654000581155,0.1510828999210471,0.15121664675118074,0.15096894159934476,0.15422773706809953,0.1263438385389952,0.12708788546020536,0.12555662698886363,0.14271601982302903
2022-03-23,0.1664504096186742,0.1543281140295795,0.15390329504803577,0.15114885103048217,0.15128598998565215,0.15103819558596956,0.15432811402957947,0.1263564699232624,0.12709574235178342,0.1255542332374368,0.14278322688909786
2022-03-24,0.16612108453493557,0.1540842394361465,0.15366885760861138,0.15080255620318217,0.15095262438373927,0.1506939644993451,0.15408423943614644,0.12616777360568548,0.1269599170161595,0.12539661845397634,0.1426341803995913
2022-03-25,0.1660998911608446,0.15397564988376,0.1535650763391299,0.15072699631480505,0.15087139517584872,0.15061744828510742,0.15397564988375995,0.12592303876629593,0.1266115297785055,0.12507925972475073,0.14238759114833635
2022-03-28,0.1670550404149433,0.15460205095086058,0.154321246382494,0.1513522092292728,0.15149275982943336,0.15124527698816917,0.15460205095086052,0.12601959118789285,0.12663334865585688,0.12513470997082912,0.14271401402985437
2022-03-29,0.16774161145379357,0.15565116086021386,0.155059825457298,0.15232486744065749,0.15247181755519076,0.15221559972379253,0.1556511608602138,0.12943764894113652,0.13033960139217704,0.12850173617269353,0.14436022544335297
2022-03-30,0.16589847347385903,0.15415759341854812,0.15340924825289493,0.15127006295033407,0.15139099537193887,0.1511653104087966,0.1541575934185481,0.12937548975870358,0.1302404358293848,0.12839868329448112,0.14325668622995016
2022-03-31,0.16567332068882448,0.15402536057667635,0.15333185604182725,0.15137861492503688,0.15149092304524928,0.15127675887893852,0.15402536057667632,0.13151178365958022,0.1323732709815178,0.13063761751629374,0.14341148260767406
2022-04-01,0.167687781555894,0.1565505456262234,0.15555861594630707,0.15338539493220832,0.15355540930094602,0.15327912964750454,0.15655054562622334,0.13381941950030277,0.13527307137967093,0.1330693686105454,0.1466265705598974
2022-04-04,0.16779506026221847,0.1565933111038959,0.15565406589687378,0.15352501648928107,0.15368615789209533,0.15341823639358376,0.15659331110389585,0.1337003930506086,0.13514646035176905,0.13294226095694797,0.1466225385166035
2022-04-05,0.16733585471330206,0.15629670658911912,0.15533651920754735,0.15326812391481845,0.15342342560445552,0.15316191553730657,0.15629670658911907,0.134066997931264,0.13545432262518953,0.13330217420808155,0.14654213335953847
2022-04-06,0.16778688567622171,0.1568580019742948,0.15581037744999254,0.15351131442605978,0.1536919293476887,0.15340133848489315,0.15685800197429475,0.13410514665006742,0.13558478562874232,0.13341667758228437,0.147203660814783
2022-04-07,0.1677847920840011,0.1569401105794382,0.1557016492361665,0.15385820943502124,0.15400854619678594,0.15375072049834132,0.15694011057943819,0.13430553259603406,0.13588670109743675,0.13361250690528695,0.14744065493321412
2022-04-08,0.1691346768037869,0.15846632652722123,0.1570696208404905,0.15475985727478092,0.15497600185569174,0.15466553172255634,0.15846632652722117,0.13494819044842205,0.13681354990295963,0.13430880748171892,0.14921556078277592
2022-04-12,0.1711863046617922,0.16020661089950863,0.15925172230787382,0.1560515729448459,0.15631106459596186,0.1559581176580093,0.16020661089950858,0.1350290183534761,0.1369215080531343,0.1343790729443704,0.1505347456809457
2022-04-13,0.1723522733078675,0.16114952471923585,0.16076015902911064,0.15657067708722472,0.15686627180734006,0.15647657541870358,0.1611495247192358,0.13443230375307733,0.13629252522684,0.1337867161803723,0.15123848288945396
2022-04-14,0.16995720369225048,0.15881126406700632,0.15807290189990636,0.15446646250829726,0.15475941331248058,0.15437264953320892,0.15881126406700627,0.13389667265954022,0.13570324471423648,0.13322025667692497,0.14904618839753592
2022-04-15,0.17033919050392005,0.15925215405873935,0.1583553402956967,0.154696221923032,0.1549917812540281,0.15460357341137107,0.1592521540587393,0.13409393504559847,0.13587915257881097,0.13340296663117682,0.14956075003785022
2022-04-18,0.17182050937274226,0.16084814908558673,0.15984771227979186,0.15568525238290284,0.15603181756102427,0.155586053414401,0.16084814908558667,0.13474119481515393,0.1365203133365057,0.1340320328054558,0.15124609999087418
2022-04-19,0.1746632673413087,0.16363596746212467,0.16482889300519563,0.15714135504890797,0.15762398229402141,0.15704622834393928,0.1636359674621246,0.13591294889042133,0.13754150736367313,0.13515583313724175,0.15401206666444694
2022-04-20,0.1756244872066504,0.16438508417725908,0.1663978063230568,0.1574808602887997,0.15798853621882678,0.1573912884470743,0.16438508417725906,0.13612773554145022,0.1376705981886096,0.1353530467351808,0.15456546962374787
2022-04-21,0.17595005629319987,0.164655524466247,0.1670829711726463,0.15808857585713573,0.1585514317672719,0.15800129822414127,0.16465552446624696,0.13741074623743207,0.13877172614109995,0.13664222139609983,0.1547907218989732
2022-04-22,0.17657193693601764,0.16528005799684256,0.1674582208028278,0.1588453705466519,0.15929888048373456,0.1587671935855485,0.16528005799684253,0.13800458468832658,0.13941207767343453,0.1373375092771211,0.15541735177746502
2022-04-25,0.19325080488343255,0.1829100187986038,0.18583928684592585,0.17529515849784602,0.17588950389878316,0.17522992818191302,0.18291001879860375,0.15396268049384954,0.15517444183156742,0.15282881223356642,0.17386148111259112
2022-04-26,0.19650155854138995,0.18620774437984322,0.18952316160277485,0.17758288510384596,0.17832870879526524,0.1775252059349148,0.18620774437984317,0.15521930661491337,0.15655157391277738,0.1540431164352362,0.1771522115224892
2022-04-27,0.19671221994764243,0.18638329245707008,0.18973329307404954,0.17770247729767152,0.1784538270679011,0.1776456788535326,0.18638329245707005,0.15515231525221712,0.15651451314943812,0.15398681530149802,0.17729083116279115
2022-04-28,0.19681370622901032,0.18645531272090946,0.19016014833603065,0.17781584650761473,0.17856877049925776,0.17776178881139734,0.18645531272090943,0.15509037740256945,0.1564852929001246,0.15394641706217319,0.17732653216374025
2022-04-29,0.1972290267009367,0.18699383608875825,0.19039479591624944,0.17815255667039864,0.178909068545739,0.17809209347076455,0.1869938360887582,0.15595822651934443,0.15712052931467838,0.15475751627675513,0.1780562742690673
2022-05-04,0.19566748703751016,0.18575987163769256,0.18918788669552153,0.1761226559579079,0.17691952234233407,0.17606391407761698,0.18575987163769253,0.15490653190689022,0.15595872521068924,0.15380134659206599,0.17724688485092194
2022-05-05,0.1957884507689762,0.18598826356310755,0.18889392739608912,0.17603198886985394,0.17684698303800417,0.1759738008132957,0.18598826356310752,0.15411223143997388,0.1553408908837226,0.15303152432162503,0.17757976566077943
2022-05-06,0.1999805754862078,0.18994888106995536,0.19382839333725932,0.17939352285244983,0.18026021234289824,0.17935311320376,0.18994888106995533,0.15613975696448218,0.15747614811733468,0.15507775831814616,0.18132087609011371
2022-05-09,0.21131364367364683,0.20093438419531817,0.20674019262222307,0.1885460183998574,0.18957672802554637,0.1885202995311958,0.20093438419531814,0.16111881090826186,0.1623393441646592,0.15979496773338323,0.19186301140426978
2022-05-10,0.21363354510787522,0.20323252159689642,0.20899953923390766,0.19133626931022352,0.19231385802197765,0.19129527822311437,0.2032325215968964,0.16410779248611135,0.16545469190156703,0.16269514462710938,0.1940805239113053
2022-05-11,0.21329298088283044,0.20288707058795505,0.20812956355313858,0.19110818555723846,0.19207413052510625,0.1910694092526774,0.20288707058795502,0.163698501144678,0.16522667640898497,0.16229656783715996,0.19379055499803646
2022-05-12,0.22623264760569137,0.21579501806092322,0.22145043199241377,0.20113434088547003,0.20235796531300532,0.20111858669335736,0.2157950180609232,0.17109396993569778,0.17268595129384356,0.16983403985727594,0.20669585588622624
2022-05-13,0.23505233718288812,0.22410346357400188,0.22847397012726223,0.2087898447866848,0.21000834483547642,0.2087719751059852,0.22410346357400185,0.17285724863980914,0.1746729464711071,0.1715629542073799,0.2143311231012378
2022-05-16,0.23487087143090327,0.2239225665856053,0.2282216070532028,0.20849160299438985,0.2097258351574705,0.20847290411161923,0.22392256658560528,0.17222691377225663,0.17405331787016937,0.1708813940413307,0.21413617276431748
2022-05-17,0.2478460896392289,0.23612359044327494,0.23765530621364106,0.22011924896680857,0.22133401940495215,0.22009939506403514,0.2361235904432749,0.1774439614939042,0.1791647567215119,0.17603003424777114,0.22522775750682025
2022-05-18,0.24840094635987012,0.2365186288858791,0.2379373708033503,0.2204425282168998,0.22165789821368242,0.22042384063213982,0.23651862888587907,0.1775285358580654,0.17927460489087585,0.17612637701251976,0.2254749293377695
2022-05-19,0.24826795811010524,0.23639207332167236,0.23783042858149472,0.2202977576628263,0.22151551082699192,0.2202820495544888,0.23639207332167234,0.1773812834885354,0.17916035328444954,0.17601862557791995,0.22536462383986347
2022-05-20,0.2480145930243972,0.23612811618706064,0.2375394286388765,0.22009815079200803,0.22131059250986496,0.22008134514407574,0.23612811618706062,0.1773930199043741,0.17916784269590208,0.17603505495391558,0.22509875690020192
2022-05-23,0.24974580432389537,0.23777384231118937,0.2386755897153801,0.22160353683205353,0.22281667687264928,0.22159093558285192,0.23777384231118934,0.17801183907808651,0.179781512934221,0.17666924980395277,0.226607738247659
2022-05-24,0.2510312209104809,0.23892738919654058,0.2393491010259368,0.2226791284671159,0.22388899990404823,0.22266968243039162,0.23892738919654055,0.1786346937114221,0.18031719941467567,0.17731724378959074,0.22763390967809322
2022-05-25,0.2547903095618401,0.2424617400330327,0.24212859660598196,0.22577044557651021,0.22698689888746215,0.2257620917624577,0.24246174003303267,0.18011140079953222,0.18168188150109338,0.17878599999929085,0.2308614007732894
2022-05-26,0.2546439632456574,0.24226754637616782,0.2419978913341575,0.22561407661488547,0.2268265931519262,0.22560452556049002,0.2422675463761678,0.17994260083850788,0.18149178203264382,0.17856803360541101,0.23059897977867802
2022-05-27,0.25541068566481673,0.24315196886053564,0.24284201666946312,0.22649259477270287,0.22770050882390003,0.22648227220027867,0.2431519688605356,0.18052249793121083,0.18215838220070968,0.1792028400443347,0.23156064162820475
2022-05-30,0.25513539888867376,0.24281796650496268,0.24228404020460845,0.2264518819241071,0.22764134522773624,0.22644322009953533,0.24281796650496262,0.18081104075360702,0.1823981040528353,0.1794583779868273,0.2311959573496589
2022-05-31,0.25462570845544785,0.24246712981626645,0.2419243420891657,0.2258073835435767,0.22702452636043202,0.22579372556500768,0.24246712981626642,0.17959396301770167,0.18147468059119864,0.1782564910785703,0.23094867773904088
2022-06-01,0.25197771503858535,0.23934834188299597,0.2387939153538832,0.22313384378254736,0.22432768170736858,0.22313293125615982,0.23934834188299592,0.1763159644444247,0.1778590610831,0.1749572725849541,0.2273060830502295
2022-06-02,0.25206752052259773,0.2394189098410014,0.2386910436432041,0.2231992592631748,0.22439413834851213,0.22319691031176886,0.23941890984100134,0.17597351626221905,0.1774755348116248,0.1745209330301832,0.22731798610400952
2022-06-03,0.2517185929140801,0.23910936088376492,0.23843159486835425,0.2228285538156273,0.22403168936221188,0.22282630005742327,0.2391093608837649,0.17586463795221047,0.1773305422571804,0.17441929588988758,0.2270478850942588
2022-06-06,0.25104355108811066,0.2384224402310501,0.23788497883983453,0.2220995154409769,0.22331614210812942,0.22209305893424344,0.23842244023105008,0.17585831907838048,0.1771359953518843,0.1743472752634349,0.22631644610547771
2022-06-07,0.25058074220802906,0.23792283226932515,0.23742524106055765,0.22163361431055356,0.22285198733306644,0.22162763681597578,0.23792283226932512,0.1756574216521232,0.17689094103533984,0.17412524525384962,0.2258012191117835
2022-06-08,0.25179258199498095,0.238921726346209,0.23835782267030525,0.2224194884491469,0.22363240356339925,0.22241397559468928,0.23892172634620898,0.17564357416534862,0.1768892757767578,0.17412138969180949,0.2265577635124341
2022-06-09,0.25171767450461724,0.23883708323999314,0.2382917509718676,0.22235297401170664,0.22356447071627839,0.22234654472961113,0.23883708323999311,0.175790586574816,0.17706054027365647,0.17426920551198516,0.2264720843557563
2022-06-10,0.24959990719153385,0.23663495933753692,0.23642998795236086,0.21986882862733353,0.22108566161678359,0.21986194136427412,0.2366349593375369,0.17334152972590902,0.17450416582937026,0.1719574192937855,0.22422534173610278
2022-06-13,0.2586117128954647,0.24495282923818557,0.24437758450316494,0.22791019094595605,0.22908903147339676,0.227896235855527,0.24495282923818557,0.1774099306009979,0.17839853575273742,0.17598778285576935,0.2314380744857882
2022-06-14,0.25629062112689527,0.2425821964577776,0.24200035185759639,0.22547204227794138,0.22665670401075547,0.2254696933452255,0.24258219645777757,0.17575969755214038,0.17663686545844295,0.17447732485366058,0.22906707063988171
2022-06-15,0.25672626128085685,0.24286057601694447,0.2421354064737248,0.22569673984727337,0.22687879308196326,0.22569780030454847,0.24286057601694447,0.17583120889538684,0.1767029750386053,0.174561476777274,0.22917088412267927
2022-06-16,0.25797260130830396,0.24427342936827856,0.24399015167844934,0.22716135918651967,0.22834922301372312,0.22714992544395282,0.24427342936827853,0.1780697647640633,0.1790560569692162,0.1767968626622795,0.23063471924265538
2022-06-17,0.25946337978444584,0.24557384006573413,0.24498529825796983,0.22824182368818746,0.22942906096856688,0.22822471421819873,0.24557384006573413,0.17847871299870768,0.17946585632764891,0.17719347784859343,0.23163264973998832
2022-06-20,0.26243698554488365,0.24802304003263187,0.24729298707113512,0.23032362803491097,0.23151270872251986,0.23030632827554554,0.24802304003263184,0.17842698198473161,0.17943361316195935,0.17716373002174626,0.23344724925096386
2022-06-21,0.26244107911637427,0.2480229803495115,0.2472836800147417,0.23032342246875248,0.23151272608369897,0.2303062538759568,0.24802298034951148,0.17876218986950818,0.17978526046659654,0.17747814587894184,0.2334477527816481
2022-06-22,0.26289377241304984,0.2484316220315345,0.24770571429454435,0.23063382280187628,0.23181722732585977,0.23061246099218058,0.2484316220315345,0.17865873039617478,0.17969216973974486,0.17737131243081394,0.23378070785215413
2022-06-23,0.2645898669544897,0.24948744798284803,0.24882263474552668,0.23147709941745653,0.2326619585370977,0.23145209863084784,0.24948744798284803,0.17877135133968772,0.1797825743472684,0.17745198526690784,0.23424013456236356
2022-06-24,0.26458542270136004,0.24947797537656308,0.24874519551511362,0.23143903310380398,0.23262799559756747,0.23141378755685008,0.24947797537656308,0.17876660270524933,0.17976769956930883,0.177432456433299,0.23422756951345408
2022-06-27,0.2654575675938379,0.2502345857507366,0.24943965876780766,0.23220869310290854,0.23339832865398483,0.23218662862568132,0.2502345857507366,0.178637486511314,0.17966741119736226,0.17730963141053122,0.23477268163583281
2022-06-28,0.2672705988626001,0.25168643962727644,0.2509349994689334,0.23339851036257478,0.23458967278337936,0.23337241473432827,0.25168643962727644,0.17867989457865097,0.17970536484028807,0.17736111378265534,0.23576923126446075
2022-06-29,0.26717579441663014,0.251614296158878,0.2509062468031591,0.23336649334962428,0.23455242184162056,0.23334064974087146,0.251614296158878,0.17869847480634266,0.17973138187497928,0.17738951485027554,0.23571813488210822
2022-06-30,0.2677615132026214,0.25200257053823094,0.25102084844575034,0.23348284034881167,0.23468731359426123,0.23345573714599446,0.25200257053823094,0.17828313147263788,0.1791344254147272,0.17684456141886107,0.23582457021853645
2022-07-01,0.26587614579957985,0.25016616172714873,0.24979480437532367,0.23175342919596736,0.23293577966266107,0.23173632267030533,0.25016616172714873,0.17744580574078686,0.17820355709317082,0.17609064864334528,0.23404721140625184
2022-07-04,0.26575957822311785,0.2499817133670735,0.24962783186805332,0.23146540147722744,0.23266339548683207,0.23145165515208507,0.2499817133670735,0.1764686566554677,0.17742791763350466,0.17534646186523611,0.23380465861050514
2022-07-05,0.2655900234373973,0.24989334578028793,0.24957356623530638,0.23154030992727515,0.23272956134859096,0.23152665467078026,0.24989334578028793,0.1769522047550571,0.17792096321866854,0.17583290718035252,0.23379117374508585
2022-07-06,0.2677045901837572,0.25215506622824885,0.2514564406254328,0.23372590840518304,0.23491726616580674,0.23370938823501172,0.25215506622824885,0.17871474008538032,0.17959434303455105,0.17751936699789833,0.23652858395334683
2022-07-07,0.2685902734630515,0.253323316083289,0.2522765907710762,0.23507980148301166,0.23626155700126272,0.23506971067670226,0.253323316083289,0.18189306731066934,0.18273054845500855,0.18069231463640814,0.23809606788919338
2022-07-08,0.26802604066637414,0.2527238894332963,0.25200867051140285,0.23447087308787565,0.23565194883772253,0.23446316935671835,0.2527238894332963,0.1810526400010501,0.18201607932774452,0.18001221751809693,0.2374927153060663
2022-07-11,0.26745269617621525,0.2522522333088627,0.2516156509804172,0.23346156664010398,0.23470094209373263,0.23344403085376944,0.2522522333088627,0.18000175871133361,0.18090907637940207,0.17893017370907693,0.23706088883811294
2022-07-12,0.26865807108825707,0.25306427359191014,0.25244984454663466,0.234095052531605,0.235339069943979,0.23408000229623813,0.25306427359191014,0.17962378839299792,0.18056705279837565,0.17854115272779825,0.23748132400087202
2022-07-13,0.26869979392601695,0.253070673311142,0.25246637010165324,0.23398942378936158,0.23525249288167172,0.2339724122985196,0.253070673311142,0.17938878987881557,0.18038856774731105,0.17830200290779755,0.23746728250266613
2022-07-14,0.2689910986249918,0.2532709475846858,0.25268259635254064,0.23421385228826397,0.23547994282114565,0.23419851266559166,0.2532709475846858,0.17927565594061037,0.18025986744036274,0.178173107448863,0.23759097763081807
2022-07-15,0.26818414531990464,0.25266478119582214,0.2519812596419666,0.23364117745214757,0.23489375326064277,0.23362330190845929,0.25266478119582214,0.17913465313617374,0.18011600581454687,0.17808375931563764,0.23713423574458836
2022-07-18,0.26801878769970044,0.25244991615963974,0.2517633802128953,0.23337123965172196,0.23462946615612543,0.2333581304735846,0.25244991615963974,0.17898800737247997,0.17988114062027843,0.17795274501966726,0.2369250020620674
2022-07-19,0.26439741029483554,0.24975563423162506,0.24895771322035654,0.23084394876752765,0.2320853939711676,0.23083139198393132,0.24975563423162506,0.17892077657114147,0.17970774718342014,0.17788733753861927,0.23515429698914556
2022-07-20,0.26540319306430665,0.2506454806762116,0.24985917200345362,0.23169174680222507,0.23293473975500487,0.23168276655416686,0.2506454806762116,0.17921820339815153,0.17999977641313603,0.17819201922790412,0.23581649252153994
2022-07-21,0.26561809713633616,0.25083333212231423,0.25009868952084213,0.23187646282764143,0.2331186551350016,0.231867101344648,0.25083333212231423,0.17920531309621965,0.1799862735300813,0.17817479506115053,0.235956668176469
2022-07-22,0.2626403415621758,0.2483683214383218,0.24768903323897473,0.2287932317194165,0.23006938764552654,0.228784221955163,0.2483683214383218,0.17754969337229867,0.1780090215136745,0.17649953508124977,0.2338999314400918
2022-07-25,0.2626758281468001,0.24841878335969345,0.24771662973318795,0.22877720244813007,0.2300571314013671,0.22876838205901845,0.24841878335969345,0.17738780124330406,0.17793986833823167,0.17633088860267113,0.23391932313196986
2022-07-26,0.26258068861198897,0.24836204268095377,0.2476428289126508,0.22862773554530944,0.22991367555729977,0.2286185519591859,0.24836204268095377,0.17726537085587257,0.1778055538744888,0.17620936866698367,0.2338876831338734
2022-07-27,0.2619669435165787,0.2479192227589138,0.24719506675590885,0.22821597052546913,0.22949636194749495,0.22820579128439622,0.2479192227589138,0.17738886845258267,0.17792609871401358,0.17632768730628806,0.2336349349419453
2022-07-28,0.2633767768837274,0.2491242726885387,0.24835525034673495,0.2294637892202621,0.23073718766276377,0.22945553144345263,0.2491242726885387,0.17769510130758376,0.1782709242946613,0.17662554167060124,0.23465313084501627
2022-07-29,0.2618593660831559,0.2478444917260383,0.24714973005746274,0.22764731177305816,0.22894723344713458,0.22763820119287867,0.2478444917260383,0.17665617332489325,0.17688355217960416,0.1755337630494327,0.23353134445115986
2022-08-01,0.2599092485397485,0.2465834190605302,0.2458029914492069,0.22589240736074648,0.2272101258172088,0.22590606990371137,0.2465834190605302,0.17734159439561287,0.17726396308828316,0.17619150151979812,0.23309882125349307
2022-08-02,0.2595892068547574,0.2464840846775962,0.24562218456657808,0.22594832689099098,0.22725825223170842,0.22596375509386357,0.2464840846775962,0.17922445963827105,0.1790861125773363,0.17807432159516565,0.23333274402022502
2022-08-03,0.25968894938158965,0.2465518106737677,0.245740736704681,0.22600630169765829,0.2273165810034858,0.2260225617695461,0.2465518106737677,0.17877549621229313,0.17878676421605563,0.17762931047315256,0.23334265002119753
2022-08-04,0.25930094371602,0.24626268540245516,0.24537013402407237,0.2257218845088035,0.22703334987844329,0.22573941499801614,0.2462626854024552,0.17924298114276868,0.17918345746121522,0.17810447675378363,0.23313934448146703
2022-08-05,0.2586957378315746,0.2456979176458013,0.2448045714538137,0.22518326285545315,0.22648026520686165,0.22519866566806157,0.24569791764580132,0.17968543364327164,0.17960263491437886,0.17849829431751832,0.23269784340388525
2022-08-08,0.25858266563123944,0.2455560949536377,0.2445839647106066,0.22509289517319664,0.2263840460789763,0.22510672938817133,0.24555609495363773,0.17990453959647196,0.1797740621347149,0.1787280378975423,0.23256720361609126
2022-08-09,0.2585643921088848,0.2455121809612403,0.2445255073557454,0.2250362506061374,0.2263265286944685,0.22504957270728657,0.24551218096124033,0.17967199008446544,0.17952410032242136,0.1784762768738203,0.23248381552369687
2022-08-10,0.25858967855646875,0.24552855847629815,0.2445203022028137,0.22506017317193153,0.22634954300479412,0.22507310822127546,0.24552855847629818,0.1796744233325692,0.1795309626436126,0.17847744319344203,0.2324906323107502
2022-08-11,0.25858877971748334,0.24552653790681853,0.24452531755520973,0.2250455600905562,0.2263366598868989,0.2250587607236084,0.24552653790681855,0.17979208217429019,0.17964979343748405,0.17859809020402712,0.2324963365595726
2022-08-12,0.2563937550845887,0.24357718450564236,0.2424208552513448,0.22357549938673923,0.22483641878018368,0.22359352061633633,0.2435771845056424,0.1797117900939287,0.1796490899901795,0.17849587272068354,0.23087438923779433
2022-08-15,0.2561173384767373,0.24341509684749657,0.24271349365394893,0.22329882364384043,0.22456014442153943,0.22332690539482045,0.24341509684749657,0.17934867046342154,0.17930258926261156,0.17824117859541663,0.23078918427403797
2022-08-16,0.2561023761300226,0.24340175507458242,0.24270972853564707,0.22325983878339561,0.224523495983828,0.22328862969519672,0.24340175507458242,0.17917952363033976,0.17914834857765238,0.17809501883613538,0.23077954829670935
2022-08-17,0.25548834820775984,0.24283358093544866,0.24204171297814586,0.2226368302543605,0.22390068255705525,0.22266257450973975,0.24283358093544866,0.17887802468805136,0.17881183408905393,0.17779242244910337,0.23026495021050436
2022-08-18,0.2553734803787743,0.24275625246658564,0.2419528647314819,0.22264470164587324,0.22390337003827981,0.22267240632465832,0.24275625246658564,0.17903757897621134,0.17896165267233846,0.1779349633094152,0.23022518116866675
2022-08-19,0.25536967868823396,0.2427584409753892,0.24191236970461763,0.2226482080923912,0.22390654832968135,0.22267734342917503,0.2427584409753892,0.17893721859567044,0.17888516600212775,0.17784593259306178,0.23022702351742125
2022-08-22,0.25538926287697106,0.2427785667537872,0.2419147917398533,0.22262351432400007,0.22388935654183276,0.22265382714990478,0.2427785667537872,0.178605502174855,0.178637438595181,0.17747001904029905,0.2302452051746806
2022-08-23,0.2555224680661856,0.2427798603947182,0.24188148480874247,0.22245550615758783,0.2237382561971021,0.22247880509180254,0.24277986039471822,0.1784142402524127,0.17844049365741477,0.1772043041673672,0.2301447376666026
2022-08-24,0.25523532213613526,0.24254542978425506,0.2416408838619711,0.2221478867066081,0.2234425363392506,0.2221746520705752,0.24254542978425506,0.1777736775344114,0.1777796966293537,0.1765265303610631,0.22993138355944415
2022-08-25,0.2558826098436134,0.24315052271597626,0.24234466621405926,0.22267712739421858,0.22397499941783175,0.22270488940417657,0.24315052271597626,0.17808684219452903,0.17809119235699877,0.17682632612534543,0.2304833118159528
2022-08-26,0.25576169982797553,0.24304148722477242,0.2422529314662386,0.2223697130165735,0.22369613337236544,0.22239720265584162,0.24304148722477245,0.1774580271865577,0.17751792192180582,0.17615029530433918,0.23039727892995754
2022-08-29,0.2560141231775214,0.2433141428594172,0.24241359692397377,0.22258572516169745,0.22391988287796652,0.22261489610313265,0.2433141428594172,0.17767385355256005,0.17777659293093492,0.17635271037111938,0.2306844181928633
2022-08-30,0.25564769808976634,0.24303815763718115,0.24211474600291158,0.22260831735248454,0.22392196997006678,0.2226403467585861,0.24303815763718115,0.17779385407490672,0.1778973346394412,0.17648571867068702,0.23048393877466924
2022-08-31,0.2549591935499631,0.24246196702741388,0.24160281943237683,0.2222408950102148,0.22353540888316567,0.22227235822817754,0.2424619670274139,0.1777952648157552,0.17788224575860404,0.17648603479954791,0.23003551017001733
2022-09-05,0.25499880904435984,0.24250049354549338,0.241633504725631,0.22221205883486392,0.22351400833917898,0.22224173342659118,0.2425004935454934,0.17759378860057953,0.1776761634709695,0.17629011223497418,0.23007279113828025
2022-09-06,0.2546317928499716,0.24207262222816872,0.24125708575268304,0.22161230077446425,0.22293641539733297,0.22164234862995183,0.24207262222816875,0.17569323388092936,0.17589244675112028,0.17436443330673038,0.2295563968052505
2022-09-07,0.2567485545896303,0.24428363921193835,0.24331099471359643,0.22410795570404926,0.22540530126110006,0.22414929597098723,0.24428363921193838,0.1783881611527829,0.1786274578960486,0.1770958071823681,0.23193469287533325
2022-09-08,0.2570289109461159,0.2444633037481325,0.24342489842991027,0.22420314153059415,0.2255027891564676,0.22424470186247003,0.24446330374813252,0.17848730753174233,0.17869953111433143,0.17715790792939767,0.2320235540959242
2022-09-09,0.2573917998534066,0.24484043899121163,0.24381241469675607,0.22467715112236913,0.22597193958269957,0.2247209217776018,0.24484043899121166,0.17891570248929503,0.17917342872019815,0.17760796437664805,0.23240737495584302
2022-09-12,0.25710522266279406,0.24459979619789976,0.24364856532293422,0.22439927025018816,0.22569015466815867,0.22444122601525096,0.24459979619789976,0.17883601044873326,0.1790985246391515,0.17754216295445943,0.2322340069404855
2022-09-13,0.25674275132375723,0.24425854449767528,0.2433245299696085,0.2241983156294408,0.22546724923668246,0.22424641625491656,0.2442585444976753,0.17889338859114595,0.17915415160692602,0.17759292901099932,0.23191787646215567
2022-09-14,0.25687765287162007,0.24454120950558583,0.2435825008758359,0.22459108498714264,0.22585303003236992,0.22463649727022533,0.24454120950558586,0.17964987542567326,0.17986599109070647,0.17828233153971415,0.23231475563206863
2022-09-15,0.2568009745317478,0.24445813433464839,0.24348035462216322,0.22453400105765567,0.22579136251687965,0.22458000765265823,0.2444581343346484,0.17951754880912363,0.17976866273917405,0.17815417520807028,0.23222184725009332
2022-09-16,0.2571096741065783,0.24470495240173945,0.24365253162381242,0.2247496655978996,0.22600919847244955,0.22479427196020724,0.24470495240173948,0.17963348729213705,0.17989477108560364,0.1782568280442056,0.23242589041658954
2022-09-19,0.25910123758260306,0.24629772816350567,0.2449290903354366,0.22601635706481318,0.22729895036213213,0.22606445694946806,0.24629772816350567,0.17951646527077764,0.17976356345841085,0.17816214926694163,0.23363303162068869
2022-09-20,0.2590615004108632,0.24611631762497854,0.24493444629510777,0.22611823771466652,0.22735105070725803,0.2261597726894804,0.24611631762497857,0.17959302024583962,0.17971995786923223,0.17829497607647635,0.23331172091447536
2022-09-21,0.25905100029453687,0.24610999963547867,0.24491434031257273,0.22616745948175582,0.22739053477453333,0.2262091848829823,0.2461099996354787,0.17965033354877127,0.1798034114303659,0.1783387121859668,0.23332081871991905
2022-09-22,0.259086984564428,0.2461210057311254,0.2449440047982682,0.22617882165948902,0.22740148010451702,0.2262194928870857,0.2461210057311254,0.17964943922990012,0.17980288787960416,0.17834051695518857,0.23332058833569969
2022-09-23,0.2592783153606037,0.24632688738397238,0.2451486617080511,0.2264206353406046,0.22763818204420527,0.2264610706707419,0.2463268873839724,0.17990376494010088,0.18011707990429277,0.17862318935229796,0.233553449243341
2022-09-26,0.26148717217307504,0.24856199841104973,0.24719890861610364,0.22850860428264197,0.22973106933269805,0.22854882023872575,0.24856199841104973,0.18161942915885476,0.18183649575203673,0.18034650338316313,0.23576874220676244
2022-09-27,0.26105870815611004,0.24831830288887324,0.24692032255205848,0.22824061267511234,0.22946726098152953,0.2282807869167317,0.2483183028888733,0.1818168505159815,0.18203505137137702,0.18055374697573198,0.2356764213858736
2022-09-28,0.2613968379298173,0.2483886298267167,0.24712942553433273,0.22866349536329106,0.22986852266482016,0.22870196745042926,0.24838862982671675,0.1814437966852812,0.181226731526007,0.1800071915252994,0.23534097698132808
2022-09-29,0.2619758856374324,0.24882211259952913,0.24750580889575488,0.2291941771235061,0.2303923920785113,0.22922933067192475,0.24882211259952913,0.1815237775434172,0.18141078713442527,0.18011255540561394,0.235627282143866
2022-09-30,0.262257670766615,0.2489167098487953,0.24765785661813838,0.22926555862736855,0.23046150280040356,0.22929641906993037,0.2489167098487953,0.1798354782190983,0.17981906305639064,0.17833793939662726,0.23542105856743556
2022-10-03,0.2671503788197567,0.252576143861273,0.25152750638469734,0.23254251164564332,0.23373141024910724,0.23258710685828937,0.252576143861273,0.17930846607957474,0.178775246805605,0.17771417635296707,0.23757154095598534
2022-10-04,0.2671037727525343,0.2525063225074194,0.2514669299907525,0.2323182279687287,0.23351662348938623,0.23236361509097023,0.2525063225074194,0.1794823130822698,0.17888092719887658,0.1778030027709625,0.23752092871426395
2022-10-05,0.269243458368432,0.25437756929752847,0.2528489308968216,0.23443686489935706,0.2356234618846268,0.2344839720556152,0.25437756929752847,0.18092032758964582,0.18034474636284134,0.1791077962705533,0.23911968666812802
2022-10-06,0.27198627959299604,0.25656875560022346,0.2554685660085344,0.23650917070223712,0.2376851446183029,0.2365669732669123,0.2565687556002235,0.18156081736872745,0.18095525301235682,0.17980097343197074,0.2407560251250359
2022-10-07,0.2768196786872132,0.2610098904649329,0.2600826113471995,0.2398715926969053,0.24109439306320615,0.23993181501690986,0.2610098904649329,0.18223743480699803,0.1818586066494409,0.180649924792517,0.24477624910001577
2022-10-10,0.27645398293618856,0.26047995005052077,0.2596447312546786,0.23959236260243577,0.24078762345551305,0.23964855655461864,0.2604799500505208,0.18206846856038864,0.18144710482279242,0.1804263436149161,0.24411832459869173
2022-10-11,0.28135146051229276,0.26533780872940566,0.264621938197449,0.24404344813580683,0.245233222891146,0.2441025576927083,0.2653378087294057,0.18528840757653273,0.18531854229167716,0.1841213518676523,0.24919528248007905
2022-10-12,0.2864307214050698,0.27060987896598465,0.27037405709071305,0.24895362636382184,0.25013084062595525,0.24902285028397658,0.27060987896598465,0.18979718009579052,0.19045300550895208,0.1894049550931439,0.25509502909090553
2022-10-13,0.2879320889761667,0.2721382245130754,0.2740674888137623,0.2502928974404578,0.25147545201110494,0.25035917519431583,0.2721382245130754,0.19177810812595603,0.19259857144554654,0.19173716390251186,0.2566912238907592
2022-10-14,0.2887726921376117,0.27287428846665723,0.27561324663287123,0.2508531596565839,0.2520455451298067,0.2509218396193115,0.2728742884666573,0.19209649111117105,0.1929985000840636,0.19215783888947793,0.257378082785501
2022-10-17,0.2882401296470555,0.2723468017212941,0.27505090955825134,0.2507126167989814,0.25187437728113177,0.2507815522662177,0.2723468017212941,0.19228152143400035,0.19318221951110323,0.192230548134294,0.25683745786345097
2022-10-18,0.28732098951504165,0.2715992936895369,0.27340424426340537,0.2507581884265835,0.25184240348523923,0.25082504893418234,0.2715992936895369,0.1932930106620296,0.19420223797786287,0.19322031547936394,0.2562216478271345
2022-10-19,0.286937426368649,0.2713181325613109,0.2727222081766057,0.25064009372732005,0.25171422278995653,0.2507049280855509,0.2713181325613109,0.19309014884265208,0.1940525609561678,0.19300357908574975,0.25602964603686396
2022-10-20,0.28683041569743534,0.2712442700825432,0.27246567272682737,0.2503920343631627,0.25149109849403656,0.25045645979444453,0.2712442700825432,0.19231103314262038,0.1934847251653981,0.19226641280647247,0.25600068309874796
2022-10-21,0.29188431168841944,0.27579066563618365,0.27613791671218957,0.25446231970601485,0.2555836750293929,0.25452837992519284,0.27579066563618365,0.19323663675079042,0.1947540948441327,0.19327044388088854,0.2599769853936435
2022-10-24,0.2864957284707202,0.2696737297584037,0.2707496497167293,0.2485523448681816,0.24960297292771896,0.24863958024168703,0.2696737297584037,0.185130532531918,0.18726620134998334,0.18615351291852236,0.2530631397717573
2022-10-25,0.28503291966119576,0.26826790050466565,0.27146009561664763,0.24753318799324134,0.24849007514734425,0.2476232346692631,0.2682679005046657,0.1852672460565554,0.1871952878481651,0.18647414057791206,0.25178407404578895
2022-10-26,0.2847799341959237,0.2680468426017245,0.27124596655949457,0.2473422980578319,0.24829474082795108,0.24743137306844795,0.26804684260172457,0.18526405781078056,0.18715350196329586,0.18645357981502733,0.25159892543701157
2022-10-27,0.29252165017781817,0.2760277222333654,0.2788547637232778,0.25461817648286206,0.25559228421495295,0.25472424330616905,0.27602772223336547,0.19220919753942703,0.19444379021262967,0.1939051142627299,0.2601478605728261
2022-10-28,0.29206096051454206,0.2754741855773905,0.278570162075637,0.25422838828382566,0.2551969193752947,0.25434012002849116,0.2754741855773905,0.1913403966506448,0.19377664226343747,0.19309740524720237,0.2594424607150381
2022-10-31,0.29158659768718503,0.27490436201642404,0.27796530214223836,0.2539598892201322,0.2549088290148287,0.2540668149079769,0.2749043620164241,0.19115255403778547,0.1935408999319295,0.19287564795266263,0.2587469621817604
2022-11-01,0.29160231688850774,0.27481611807969797,0.2780435062427594,0.2538612600182419,0.2548005082223621,0.2539622968124196,0.27481611807969797,0.19098817063899465,0.19336280941480902,0.19272066908885407,0.2585147186850289
2022-11-02,0.2893950403663844,0.2726761037136121,0.27508345415113084,0.25197014601546036,0.2528795286149917,0.25206246001706295,0.2726761037136121,0.18897745925534842,0.19142957535779265,0.1907082435148329,0.2564409472010198
2022-11-03,0.28145074120379493,0.2649301245570312,0.26566154415087023,0.24532794605391312,0.2461165099997945,0.24541517061743354,0.2649301245570312,0.18507174914737864,0.18759977891332583,0.18705728714643277,0.24893078796433804
2022-11-04,0.28058247774770606,0.26403737677768657,0.2649978262423087,0.2440499340322836,0.24487726530250192,0.24414710812530935,0.2640373767776866,0.18262911636337628,0.18513549797567497,0.18473225853869923,0.248026701842907
2022-11-07,0.28259495750117236,0.26537889204277887,0.2662676891787147,0.24511600239174383,0.2459409507906807,0.24521927002544253,0.26537889204277887,0.18259701524303523,0.18511271407281443,0.18471789508719058,0.24879032914142993
2022-11-08,0.27399514321197393,0.2563155554317096,0.2561845349981972,0.23795444751598815,0.23856098320180932,0.2380469237533158,0.2563155554317096,0.17591565040314794,0.1784157559933917,0.17803204452227725,0.2392522976089343
2022-11-09,0.2664589240129156,0.24912201479191678,0.24980223979721355,0.23124114544809807,0.23183511496257678,0.23134071044922888,0.24912201479191684,0.17416513756155272,0.17638818040067433,0.17635538848696822,0.2325173515343588
2022-11-10,0.2728422196682774,0.25456910743213246,0.2551418210773038,0.23600348042344885,0.23660761239494307,0.23610231467856344,0.25456910743213246,0.17607718684131451,0.17837277005102847,0.17818882048031623,0.23703058714246822
2022-11-11,0.2617643235468087,0.24403535057688175,0.24722681301062172,0.22604189408750422,0.22662340026534697,0.2261469934645173,0.24403535057688178,0.17206917905754657,0.1743445267714013,0.17435650251239698,0.22731900961383789
2022-11-14,0.2615993042311074,0.2438545644308978,0.2471590386753493,0.2258191899145316,0.2263986914190721,0.22592414939508415,0.24385456443089784,0.17241127758958785,0.1746374037551502,0.17472682689475622,0.2271362394143685
2022-11-15,0.2657030836215865,0.24754266523300367,0.25070928272077375,0.2288323893571455,0.22942374683628852,0.22893071218577288,0.2475426652330037,0.17349601667387313,0.1756818904134671,0.17571052240176444,0.23040369560356158
2022-11-16,0.27484645280249903,0.2552145600933346,0.25912337822838943,0.2356559360986414,0.23625783315409804,0.23578692345861377,0.2552145600933346,0.1745648208743571,0.17672125012806827,0.17672273121590615,0.23645596741322997
2022-11-17,0.2778557129041613,0.2577506594811783,0.2628603885245214,0.23849572826160342,0.23908476294987127,0.23863580680310015,0.2577506594811783,0.17638372137215075,0.17862656227501628,0.178638460745159,0.23854806654740024
2022-11-18,0.2766767985214126,0.25663119067104073,0.26227432577257404,0.23746426921579952,0.23805013217349494,0.23760255346350762,0.25663119067104073,0.1763148345353834,0.17853355407010896,0.17849973082921325,0.23751915396361997
2022-11-21,0.2731230758945017,0.2532149316171517,0.25988174480941645,0.23444013800157415,0.23501222166150565,0.2345807579491702,0.25321493161715175,0.17483906948977965,0.17711668092942873,0.17708364718912578,0.23431007520109776
2022-11-22,0.27317846234347315,0.25331442087091843,0.2601082387133071,0.23468350938334664,0.23525070982143167,0.23482623839662065,0.2533144208709185,0.1758117279573474,0.1780289233622971,0.17807360354083143,0.23446413667578794
2022-11-23,0.27230748960599754,0.25232041577132747,0.25931696084604466,0.2336718873635187,0.23423980764291996,0.23381623445180327,0.25232041577132747,0.1748957899286457,0.1770581347640505,0.1771562413419021,0.23335794291175346
2022-11-24,0.272295193129157,0.25227782463970166,0.2594552760185494,0.23354692946004507,0.23412006818332606,0.23369428910169646,0.2522778246397017,0.17441103978692865,0.17662435861485432,0.17670168176577655,0.23330156880598882
2022-11-25,0.2757401215245146,0.2552368816164878,0.26263604165658666,0.2363970435452934,0.23696894116457276,0.23656166674497023,0.2552368816164878,0.17509919081711328,0.17737291583002932,0.17746778406027355,0.23579410661007283
2022-11-28,0.2814601056541886,0.2602414161257981,0.26809850603103447,0.2407960782566567,0.2413823396498825,0.2409645832340667,0.26024141612579815,0.17601361209820765,0.17826172721291408,0.17826950996244612,0.23997244702187592
2022-11-29,0.2827193700033379,0.261346473666132,0.26907853192984293,0.24184117760299403,0.24243262763614348,0.24200426408396516,0.26134647366613206,0.17584563774164297,0.17820355633814222,0.1781087391351577,0.24087930447337985
2022-11-30,0.28351683672546685,0.26214426859170925,0.26954588935684815,0.24265834249595206,0.24324839657631622,0.24282263195613146,0.2621442685917093,0.17577746021847696,0.17823993128980295,0.17807483263639168,0.24162615916119876
2022-12-01,0.2835605284949039,0.26219948071797566,0.2695562702030215,0.24278971782015596,0.24337753283770494,0.24295300048742732,0.2621994807179757,0.17605402851031005,0.17849592269306444,0.1782177853783949,0.24167758500494615
2022-12-02,0.290778875861981,0.26880346537499206,0.2759941709002307,0.24884675695858688,0.2494428760305582,0.24900718850385034,0.26880346537499206,0.17946844331631817,0.18190199321066614,0.18125400760659588,0.24763452438201328
2022-12-05,0.2909101875685295,0.2689328023627401,0.276404395152913,0.24912673581022876,0.24971591161961804,0.2492923818503862,0.2689328023627401,0.18009276023428888,0.18253916865898956,0.18188292359462271,0.24780507331780247
2022-12-06,0.29826811695053707,0.275511479516777,0.2827108408142042,0.2549101888186612,0.2555100527152721,0.25508088963054176,0.27551147951677707,0.18146735502728772,0.18403772153674064,0.18317439531057342,0.2533150311446939
2022-12-07,0.2975242069124007,0.27492856660200676,0.28191833941429084,0.2542828440822995,0.25488326233381947,0.25445689352581713,0.2749285666020068,0.18146178012849337,0.18402174805630211,0.18315559625977584,0.2529020205284218
2022-12-08,0.2898198280237264,0.26731308541851984,0.274926636018136,0.2465692536022847,0.24717616230939532,0.24676352506895485,0.26731308541851984,0.17716477322680768,0.17976890750616606,0.1789071967257761,0.24586485074215408
2022-12-09,0.28988461547496647,0.267396804164779,0.27486182015229355,0.2466458212625636,0.2472530286475367,0.2468403067690413,0.267396804164779,0.17659603885224012,0.17923896190328972,0.17836748226896765,0.24598729245238213
2022-12-12,0.29064157819247743,0.2681234020133599,0.27564701627207827,0.24735433538930632,0.24796155910838383,0.24754647745819897,0.26812340201335993,0.1770577465292785,0.1796829844860812,0.17875366194528788,0.24666146658216
2022-12-13,0.2904830597107533,0.26749556309159567,0.27501595173458465,0.24623947820830128,0.24685486701404427,0.24644445265585085,0.26749556309159567,0.17385329341107864,0.17650227698212084,0.17561933577362723,0.245654763952255
2022-12-14,0.28900634879997117,0.26619156395380555,0.27394263249887035,0.24514117394259083,0.24575484172453088,0.2453526396932644,0.26619156395380555,0.1733900335394498,0.17604395343815865,0.17516017502243766,0.2446411438633421
2022-12-15,0.28614045999799126,0.2638239776857854,0.2716345149331865,0.24305476867312265,0.24366291052727782,0.24326885435783446,0.2638239776857854,0.17339667218949284,0.17605709210630244,0.17517472967014525,0.24290897879531947
2022-12-16,0.28614184387787295,0.2638445862637019,0.2716640956510948,0.24310607550966978,0.24371335547675976,0.24331908843688105,0.2638445862637019,0.17293814529552867,0.17559882138911848,0.17473858161956773,0.24292674348328097
2022-12-19,0.2861275385269629,0.2639120299316978,0.27164310130108005,0.24339456992533703,0.24399749080183256,0.2436092169390666,0.2639120299316978,0.17356859376238548,0.1762326323627625,0.17531984690767505,0.24308862854095994
2022-12-20,0.28606512120887767,0.2639205543608528,0.2718461102891616,0.2433207438242782,0.2439228372826335,0.2435387687246699,0.2639205543608528,0.17344148956987163,0.176096156553428,0.1751935313841304,0.24318796489159086
2022-12-21,0.28605306718297274,0.26393421188413896,0.2718660458257442,0.2433458548267307,0.24394775315838013,0.24356455528734822,0.26393421188413896,0.17347720229814909,0.1761278534447579,0.17524345288729093,0.2432307985543465
2022-12-22,0.28555496499259664,0.2634721549739509,0.2716218040574466,0.24279149419830662,0.24339633935084978,0.24300789393771094,0.2634721549739509,0.173244562993081,0.17588087826357435,0.17499225023899975,0.2428814533552973
2022-12-23,0.28399004200880773,0.26215705289233227,0.2704413995575155,0.2416939713449842,0.2422950475705598,0.24191534841658036,0.26215705289233227,0.17309664771644398,0.17574187354487664,0.17484878060062925,0.24193402051110044
2022-12-26,0.28990296334510124,0.26696204163726106,0.27513374466562396,0.2459301102826619,0.24653561823162812,0.2461516232927086,0.26696204163726106,0.17373772141104574,0.1764875789675453,0.17550519818689772,0.24565492457934449
2022-12-27,0.2905563870480869,0.2671906251220827,0.27590845699137306,0.2459048113520857,0.24651600273229968,0.24613030955021717,0.2671906251220827,0.17353527330807447,0.1763048608529959,0.17531188329019606,0.24563351742563644
2022-12-28,0.2908579321837353,0.2675829122599203,0.27631467726767694,0.24650790769866848,0.24711431344984428,0.2467320390471968,0.2675829122599203,0.17460792067811595,0.17735427988731725,0.17636353380938888,0.2461847956022732
2022-12-29,0.2910917283619394,0.26777192350073453,0.27652523739664875,0.246742990038457,0.24734723482469123,0.24696710354513673,0.26777192350073453,0.17477476220669724,0.1775259060025734,0.17653674196180597,0.24634601631735217
2022-12-30,0.2910115193286445,0.26769178170090396,0.27639557467614434,0.24660171178670642,0.2472071250656925,0.2468237530908361,0.26769178170090396,0.1745496957897311,0.17727516162647494,0.17629999517994513,0.24625976209784864
2023-01-03,0.29473451416768437,0.27075165090130776,0.2801480552364082,0.24946919651765143,0.2500755835389661,0.24969141041810505,0.27075165090130776,0.17579695470204698,0.1786082620875439,0.17753429988868089,0.24820365788388155
2023-01-04,0.29407126562080477,0.26982013412487893,0.2796121494912863,0.24839359450957485,0.24900316865020236,0.2486121145995841,0.26982013412487893,0.17255673555173262,0.17544357741360478,0.174366868435228,0.24686272499534215
2023-01-05,0.2944148692719244,0.2701776695363868,0.2799503071340147,0.24880248466083144,0.24941074512574823,0.249021684449216,0.2701776695363868,0.17319981373229873,0.17605535425435329,0.1749896300337753,0.24721670966614714
2023-01-06,0.29354270543477096,0.26937680421978427,0.279207173964927,0.2481004879560656,0.2487087414320524,0.24831834748670442,0.26937680421978427,0.17295944489307338,0.17584529471659724,0.17475567554665591,0.24656564848029014
2023-01-09,0.2926357003598906,0.26875141975334027,0.2786690677445012,0.24758181194670084,0.24818880736883653,0.2477997282430362,0.26875141975334027,0.17297971245635366,0.1758618269719697,0.1747760846015539,0.24624786718953065
2023-01-10,0.29260880077204066,0.26874316596584386,0.27866694392901015,0.24758651666839185,0.2481930712686093,0.24780434829461595,0.26874316596584386,0.172918712630708,0.1757997941061614,0.17471249085107868,0.2462488203500652
2023-01-11,0.2924791037587163,0.2686502376427087,0.2785890053369138,0.2474950187432833,0.24810089086672812,0.24771151688860846,0.2686502376427087,0.17292475551447897,0.17581118837727178,0.1747144633221579,0.2461898036600107
2023-01-12,0.29244555220967006,0.26862088986738136,0.27856136350334953,0.24744220793523858,0.248048782469742,0.24765896000207913,0.26862088986738136,0.17285156047240904,0.17573281780506433,0.17463710376083927,0.24616204812945064
2023-01-13,0.2924752277800263,0.26863212433846645,0.278569151981982,0.2474891609180878,0.24809455846672504,0.24770641142097322,0.26863212433846645,0.17272164133049753,0.17561500149873058,0.17450582719528415,0.2461173246659419
2023-01-16,0.292641999418999,0.2687394571606728,0.27864214387200825,0.2475539625151681,0.24815961324297175,0.24777248308628724,0.2687394571606728,0.17273104873071873,0.17561233418892902,0.17451431118228322,0.24616508830292544
2023-01-17,0.2939155931808886,0.2698034795799853,0.27983880419372037,0.24840440160942656,0.24901522254199668,0.24862294985887934,0.2698034795799853,0.17309446609702508,0.17599818247129648,0.1748932684463405,0.2471343065716077
2023-01-18,0.29404255212630853,0.2699523523421977,0.27999079318998865,0.24857188381353093,0.24918277429797583,0.24879002710941622,0.2699523523421977,0.17327857852207038,0.17618586246521623,0.17507519340316943,0.2473162105720886
2023-01-19,0.2942175768568292,0.2701038006412886,0.2801033288170308,0.2487115680050421,0.24932338857254702,0.24893012597667324,0.2701038006412886,0.17306486262967033,0.17596403158780094,0.17484624619723255,0.24739904273877192
2023-01-27,0.2943062067498979,0.270340119278902,0.2803305501078432,0.24922101486003703,0.24982623877107066,0.2494318949269252,0.270340119278902,0.1745398726009518,0.17738271145940884,0.17619308363958758,0.24779096970858203
2023-01-30,0.29510198095255774,0.2711564154920696,0.2813035324668981,0.25017600827743586,0.25077735627576514,0.25038399219367624,0.2711564154920696,0.17573112092147067,0.1785384558903646,0.17735079037975823,0.24863967712351986
2023-01-31,0.29535125555122843,0.27132217908047657,0.2814261313560022,0.25024255744454804,0.250845337942503,0.25045033702992736,0.27132217908047657,0.17562307090847873,0.17843996160791267,0.17725262697072228,0.24874681453743105
2023-02-01,0.2975359559551618,0.27279901313730553,0.2832559104952465,0.2513674587113824,0.25198298132322733,0.25157627048531117,0.27279901313730553,0.17562783714506608,0.17846500332055373,0.17727168785468456,0.2495838230508483
2023-02-02,0.29755732215006797,0.27279420812324834,0.28324670229619203,0.2513548172850269,0.2519706263339594,0.25156385445455115,0.27279420812324834,0.17539195897691215,0.1782550662184293,0.17704294443168506,0.24952326447301304
2023-02-03,0.29566832222107603,0.271148966233352,0.28175301978721284,0.24965582979798553,0.2502757786607587,0.24986366345299277,0.271148966233352,0.1752781519691786,0.17819536154844665,0.1769542145369353,0.2485034398230503
2023-02-06,0.295828404608969,0.2712326119244852,0.2818130162736107,0.24974795378814818,0.25036628191706595,0.24995615002619617,0.2712326119244852,0.17370382546567906,0.17671084329638573,0.1754071207073469,0.2483558876786476
2023-02-07,0.29711292222345237,0.27215206470885855,0.2827444643289845,0.25071697268314574,0.2513306100859564,0.25092571222390614,0.27215206470885855,0.17398621878684756,0.17697589613262749,0.1756930636696089,0.24889464920000468
2023-02-08,0.29713404820885353,0.2721265300121125,0.2827178329299394,0.25073161836398905,0.2513415630534564,0.25093880844538824,0.2721265300121125,0.17297385844277688,0.17609187805733068,0.17471120729037098,0.2487940919013418
2023-02-09,0.2973215127201167,0.2723075695470744,0.28299363207173706,0.2509811958934201,0.25158899447622884,0.25118565252304276,0.2723075695470744,0.17333055270618855,0.1765179150991365,0.17506724517067354,0.24889834795116647
2023-02-10,0.29758551789966403,0.27249291788410335,0.283202769535827,0.25118152725023907,0.25178693303482663,0.2513851211551206,0.27249291788410335,0.17315884547952395,0.17636882160702352,0.1748792186807677,0.24900064123620633
2023-02-13,0.2977628183556806,0.2726258208118875,0.28334962509139344,0.2512407687585828,0.25184832532034296,0.25144468113518664,0.2726258208118875,0.17317286974857918,0.1763817386405896,0.1748925690826232,0.24909167956002418
2023-02-14,0.2977320885739073,0.27261458900942165,0.28332538921321554,0.25128420751502833,0.25188914991184774,0.2514885948271553,0.27261458900942165,0.17337305150290502,0.1765674000315268,0.17509203903543025,0.2490939247161738
2023-02-15,0.29802122958232724,0.2729175693313037,0.2836031441849376,0.2516006810252538,0.25220581661098246,0.2518047640496697,0.2729175693313037,0.17346494413846045,0.17666809453725438,0.17517192852116376,0.24937649990888291
2023-02-16,0.2982370229651438,0.2731035551476147,0.2837202307715738,0.25177878520959807,0.25238362613719084,0.25198406581464083,0.2731035551476147,0.17364064102215915,0.17683208227672348,0.1753371920634876,0.24953000637004788
2023-02-17,0.2976641026747003,0.27255089478980077,0.2828154972103836,0.251329857884799,0.2519303356098481,0.2515363224230689,0.27255089478980077,0.17353353191599086,0.17674443441191204,0.17524136407091798,0.24904315717860565
2023-02-20,0.300628802905851,0.27493471696453015,0.28502586536173574,0.25351098957472495,0.25411732837678913,0.25371870082932013,0.27493471696453015,0.17452732020917838,0.17772475480188737,0.17620393323540723,0.2508106757853001
2023-02-21,0.3007119686956013,0.2749822821920011,0.2850934411044242,0.25353253663539255,0.2541395180850534,0.25374037238061586,0.2749822821920011,0.17431468102213,0.17751014767215922,0.17600039275235665,0.2508153030458227
2023-02-22,0.30339566793329514,0.27727684912539785,0.2873151877658693,0.2558019575044524,0.25640932954597817,0.2560106133370621,0.27727684912539785,0.17554767083156042,0.1787530823448265,0.17722032284910647,0.252617351247035
2023-02-23,0.3033633398764993,0.2772380035797524,0.2872709352405232,0.2557768194927719,0.2563838640758586,0.2559852566809549,0.2772380035797524,0.17569072729875979,0.17888909827116836,0.1773615096454991,0.2525821610269056
2023-02-24,0.3041992769235821,0.2779087910428612,0.2880006447582927,0.25629098011296386,0.2569043990316385,0.25650029338438307,0.2779087910428612,0.175915378255504,0.17911299676052064,0.17759532889025578,0.25308228109857234
2023-02-27,0.3048847400082879,0.2784031898800365,0.28851903969483234,0.2567502005337296,0.2573614854822486,0.2569599581185385,0.2784031898800365,0.17584009284894417,0.1790557955996571,0.17752093238098335,0.2533642395630123
2023-02-28,0.30495735920722455,0.2785120792121241,0.28865796444786357,0.2569290818969949,0.257537928998793,0.25713846618026537,0.2785120792121241,0.17637055381292452,0.1795737733480949,0.17804657706970517,0.2535292987448505
2023-03-01,0.3060130465836279,0.27932911628027485,0.2892220055292124,0.25782820602409867,0.25843361638983997,0.25803382443107387,0.27932911628027485,0.17710979138413396,0.18020445699757556,0.17867927640182357,0.2540732544692363
2023-03-02,0.30601427618533134,0.2793286138535777,0.28924253850576875,0.25782001319334646,0.25842542240904154,0.2580253087649143,0.2793286138535777,0.17713564801452272,0.18022426818862686,0.1787002123312769,0.25406162616744943
2023-03-03,0.3061761373661129,0.27942018008037117,0.28927925011643413,0.2578705618697357,0.2584769072895783,0.2580760599080164,0.27942018008037117,0.17683624268278647,0.1799435464915018,0.17842741053282365,0.2540501316737384
2023-03-06,0.3059973650309539,0.279218707298581,0.28914477757871376,0.25769041030304574,0.2582955114408134,0.2578960901135095,0.279218707298581,0.17703677580161897,0.18006859027464245,0.1785434599115272,0.2538490171474087
2023-03-07,0.30652807826847467,0.27970498664382587,0.28951494496698343,0.25820311712803734,0.25880795262143547,0.2584086288103957,0.27970498664382587,0.17746110817493016,0.18048455151220458,0.17895584560185562,0.2542817739005423
2023-03-08,0.3069730022346327,0.28010745370597917,0.2898612923781544,0.2585662262210739,0.25917310810272187,0.25877334111515704,0.28010745370597917,0.17764675390764498,0.18067802926735066,0.17914587290262293,0.2546133524892926
2023-03-09,0.3073272662540802,0.280422311589003,0.290060708738122,0.2588627951363673,0.2594704083772539,0.25906868323982907,0.280422311589003,0.1778049882336664,0.18084027980730916,0.17928976749611544,0.2548725110820411
2023-03-10,0.30521330078224973,0.278192422429981,0.2879408691882905,0.25648761214046134,0.25709886118915487,0.25668665257043694,0.278192422429981,0.1751128831458564,0.17819447663008733,0.17663654916291494,0.25246217379361097
2023-03-13,0.30491340323950483,0.27798924583757734,0.2877806383296966,0.2563877653252661,0.256994799970101,0.2565871583182797,0.27798924583757734,0.1750095252880156,0.17812117955867884,0.17654877410563044,0.25234250008708
2023-03-14,0.30506581303928487,0.27795627429298614,0.28780981930340566,0.25618602126870055,0.25679887852309513,0.25638746648304916,0.27795627429298614,0.17412861632480986,0.1772580540651074,0.1756865928130757,0.25212572630787555
2023-03-15,0.30706138022629975,0.2795023519540664,0.28877370890716164,0.25752485610164827,0.2581425539958896,0.25772338601913336,0.2795023519540664,0.17445702642959682,0.17760353571019882,0.17600041053764784,0.25323485001965823
2023-03-16,0.30781217228314717,0.28026713402370124,0.2896918475777414,0.25829175632520024,0.25890916504468153,0.2584898893785606,0.28026713402370124,0.17488818440193105,0.17806898099580376,0.17645447903404346,0.25398876640822043
2023-03-17,0.30762383771737595,0.28000272022176476,0.2893326647652758,0.25796294471710324,0.25858525164381846,0.25816133436659644,0.28000272022176476,0.17408619702718797,0.17729671424050966,0.17560744227175376,0.2536322059009577
2023-03-20,0.30902213268177836,0.281229579598513,0.2902394731252863,0.2591126314203319,0.2597359890998214,0.2593100569989923,0.281229579598513,0.17466081892439933,0.17782284697817444,0.176152333765023,0.254594521788825
2023-03-21,0.30888912610392105,0.28107710766724364,0.29002919907381697,0.2589494208263608,0.2595713898954077,0.25914861275401935,0.28107710766724364,0.1745516825604435,0.17770149884601105,0.17604987026189903,0.25443259290017983
2023-03-22,0.3070750934705248,0.27954136505277766,0.28860588142217625,0.2576826658141031,0.25828992718921484,0.25787832453048926,0.27954136505277766,0.17417126605846092,0.17737925347767078,0.17568842840016935,0.2531471057143744
2023-03-23,0.3065734338000959,0.27908912457562274,0.28819068744122395,0.25723456104869263,0.2578406457684385,0.2574304946415004,0.27908912457562274,0.17386209841916944,0.17706569971141023,0.1753585049114632,0.25272334044224104
2023-03-24,0.306434265459669,0.27890590138269944,0.28801034205682635,0.2570728018826816,0.25767694629750665,0.2572678743080733,0.27890590138269944,0.17372584857917717,0.17691353110549643,0.17522503634796022,0.2525026257879225
2023-03-27,0.30645058609924936,0.2789221137654102,0.28801160027045475,0.2570764623586356,0.25768089561397634,0.2572717812850752,0.2789221137654102,0.17373436599771697,0.17691677726026203,0.1752279443203465,0.25251565308574464
2023-03-28,0.30618866181509036,0.27862846124407187,0.2877335685997248,0.256797165517606,0.25740059948569144,0.2569921623319587,0.27862846124407187,0.17338559280910873,0.17650546677634307,0.17484469381816975,0.2521601605211452
2023-03-29,0.3040560727541992,0.27639179623149157,0.2856291058728909,0.25472268426788625,0.25531639813979545,0.2549181432687385,0.27639179623149157,0.17138692323505295,0.17461496560039205,0.17289859087472906,0.24983910649522112
2023-03-30,0.30411300053027607,0.27642566161767224,0.2856341221354232,0.25474431974115247,0.2553397390265766,0.2549392232410699,0.27642566161767224,0.17109862987732963,0.17436753840476674,0.17261780070143062,0.2498467274716759
2023-03-31,0.3031715866920238,0.27540606740836693,0.28454762669059014,0.2534055810991444,0.25401466625352176,0.25360263317221454,0.27540606740836693,0.16828050592936533,0.17183258599755996,0.17005287952246678,0.24872879136066614
2023-04-03,0.30283866552168914,0.27524493070801725,0.2845911522647636,0.2530728217714838,0.25368420001391784,0.2532747298799387,0.27524493070801725,0.16806104096042362,0.17154731386397115,0.16984945508444285,0.24873850255873553
2023-04-04,0.3026356595101097,0.27507608402864586,0.28443875832143894,0.25285867209450946,0.2534726574424788,0.25306236659181486,0.27507608402864586,0.168352449056755,0.17172107596514227,0.17013714256451448,0.248627715065571
2023-04-05,0.29592563837486513,0.26897841881984813,0.2783126898756538,0.24753856888836462,0.2480989938015909,0.24773180499002465,0.26897841881984813,0.16633144053223092,0.1697468264501205,0.16812344693379777,0.24333964876947345
2023-04-06,0.29605676083387494,0.2692014427378705,0.2783536816713357,0.2478464387264555,0.24840330072194622,0.24803749238838363,0.2692014427378705,0.16629360473366422,0.1697909345225432,0.16816750598989066,0.243586568035372
2023-04-07,0.2945736365879979,0.26784891456070087,0.27752156656957533,0.2462422427473803,0.24680774198846148,0.24643438786537514,0.2678489145607008,0.16479275136744026,0.16832580883615159,0.1668441507671504,0.24238519837775627
2023-04-10,0.2908211721304722,0.264459773226318,0.27368854378344115,0.2432787925381404,0.24382260454850546,0.24346157498894103,0.2644597732263179,0.16322471273733954,0.16671723335709168,0.16517887615559393,0.23936913961457232
2023-04-11,0.28485734443430794,0.25878879855903625,0.26788928917438437,0.23874159021690794,0.23923779153764554,0.23892237908931965,0.2587887985590362,0.16201470564325138,0.165185837960506,0.16375034956055617,0.23403197015917082
2023-04-12,0.28487159013278557,0.25881233258867364,0.2678601315591319,0.23878582348483438,0.23928138271548122,0.23896624022015303,0.2588123325886736,0.16176135868037333,0.16501349787091735,0.16351215172093217,0.23399386667712435
2023-04-13,0.2780601651513238,0.25199512179269234,0.2607539227343967,0.2327318050642946,0.23319162443665842,0.23291000382016255,0.25199512179269234,0.15757767402408032,0.16007635793666253,0.1587661101085108,0.22689644484385352
2023-04-14,0.2733552900264973,0.24689727181008297,0.2551541410378627,0.22816928111946047,0.22860447859579117,0.22834245916946258,0.24689727181008295,0.15270578114356648,0.15459184847534,0.1531669311954191,0.22092135597983345
2023-04-17,0.2723233224834431,0.24578769420774962,0.25221032510120733,0.22720382075598144,0.22763361136082597,0.22738189801773298,0.2457876942077496,0.15074621396647736,0.15246095017416234,0.1508424969118878,0.21967822896931155
2023-04-18,0.271714311712967,0.24521312802026052,0.2510784424733964,0.22679228287808745,0.22721450307816346,0.22696936120038633,0.2452131280202605,0.15049422126322762,0.15210414510130088,0.15047429049731317,0.219083857305547
2023-04-19,0.2717525741133819,0.24512337036978565,0.2511486903352889,0.22645015233695584,0.22688388719932404,0.22663458825734656,0.24512337036978563,0.14966386200771145,0.15130072791645574,0.14982675055241643,0.21891920666381906
2023-04-20,0.27149412782319354,0.24474252072958666,0.25063214550292406,0.22589733541638238,0.22633866346059636,0.22608455221960128,0.24474252072958663,0.1478041871462783,0.1495542314118245,0.14805019767327723,0.21841686031044907
2023-04-21,0.2715704236501384,0.2448472267334344,0.25068928121141226,0.22605427520414517,0.22649398395486597,0.22624058779397097,0.24484722673343437,0.14789018231192458,0.14966866676006585,0.14816561947853496,0.21852575754692047
2023-04-24,0.27156167699020506,0.24487261257888598,0.25068952863728367,0.22609611095128948,0.22653560591890737,0.22628295397547413,0.24487261257888596,0.14787950772243655,0.1496181505073272,0.14815916265198437,0.21856731323725515
2023-04-25,0.2649977652564154,0.23862803450973946,0.2456315782254492,0.22040972650880014,0.22081629735350242,0.22058791752740342,0.23862803450973943,0.14575826189013535,0.14694544552005623,0.14581523703410404,0.21268020765955475
2023-04-26,0.2593028643001268,0.23281801350785958,0.23814209742102077,0.21469722350872336,0.21508915278063692,0.2148516212007348,0.23281801350785955,0.140429580735352,0.14097115785136355,0.139686968843427,0.20680234710764392
2023-04-27,0.25810952897254313,0.2314068557196514,0.23440579309108142,0.21336778938966983,0.21375478474366574,0.2135223774176429,0.23140685571965136,0.13722590041385177,0.13789118139477213,0.1363190477893933,0.20507440803656596
2023-04-28,0.25835211961303517,0.2316859913734483,0.23451323323874237,0.2137217085005951,0.2141077209367325,0.2138754334936455,0.23168599137344828,0.1378679091567503,0.13868393217934405,0.13698037218542822,0.20542006521262304
2023-05-04,0.2512233191092277,0.22380451848364197,0.22669847913187113,0.20669960697323503,0.20704377879352237,0.20683990171931502,0.22380451848364194,0.12959140901641436,0.12991964135285816,0.12789805902921111,0.1961941497619336
2023-05-05,0.2512422040848657,0.22381485705082704,0.22671651851137412,0.20670438027091553,0.20704863139269594,0.2068447479774258,0.22381485705082702,0.1296011965677277,0.1299269639051444,0.12790567828694496,0.1961945378927436
2023-05-08,0.2516762285606194,0.22418941439162388,0.22684413085102995,0.20712302416603035,0.2074665970261543,0.20726161085148975,0.22418941439162385,0.13007972789644817,0.13045479281801564,0.128436991304525,0.19649487754178896
2023-05-09,0.2512086787979596,0.22374356703593176,0.22655961511780853,0.2068200054227121,0.20716014285805678,0.20695776028686122,0.22374356703593173,0.13003860669140274,0.13043546720518523,0.1283964327918285,0.19610883015280764
2023-05-10,0.2506611205207929,0.2232216823129086,0.2261092144385257,0.20636582837191894,0.20670449745831632,0.20650259325129813,0.22322168231290856,0.13001772064575087,0.13041072686525257,0.12836620198537965,0.19561125155942183
2023-05-11,0.250690872309976,0.22323858186557452,0.2261626275392215,0.2063792370471354,0.2067181228227649,0.20651571070334182,0.2232385818655745,0.12979817845000224,0.1302137755290311,0.1281768908541709,0.19559531919626952
2023-05-12,0.24895968810579136,0.22150271974068944,0.22421702650015912,0.20454942805089962,0.20489027372138346,0.20468489051723412,0.2215027197406894,0.12891691544036674,0.12922931318626202,0.1272695555503812,0.19383949222241784
2023-05-15,0.24585459309767085,0.21915814155597677,0.2221910581581943,0.20281028206268395,0.20313983183159967,0.202936961224791,0.21915814155597674,0.12892592557350804,0.12923650184624486,0.12726958477837336,0.19217220789457634
2023-05-16,0.24478044424367865,0.21835319210007842,0.22155402931459678,0.2022195938933397,0.2025446513886994,0.20234559725498488,0.2183531921000784,0.1289091888263317,0.129224117799395,0.12724391725966175,0.19158375648614828
2023-05-17,0.2449608136150774,0.21848332659681832,0.22160480296003668,0.20230055449040857,0.2026267237912223,0.20242758158081986,0.2184833265968183,0.12887692833169875,0.12922509917152336,0.12722873338051022,0.1916460115625253
2023-05-18,0.2369683361371306,0.21142396979729666,0.2150237565560057,0.19610867617686814,0.19641533185677856,0.19623451576973322,0.21142396979729663,0.12653825526335255,0.12678109436041815,0.12495016767908942,0.18554647026856835
2023-05-19,0.23648729842311583,0.21079692798869623,0.2144899494858079,0.19540052330060487,0.19570923807403343,0.19552770634597907,0.21079692798869618,0.12485895383415006,0.12523131156266884,0.12324486293821595,0.1847674104887251
2023-05-22,0.2356980969014828,0.21023401172528858,0.2139805452440383,0.19509531323522067,0.19539873058720064,0.19521909085728165,0.21023401172528852,0.12432246474638024,0.12474330243102531,0.1226651514185363,0.18442420944070864
2023-05-23,0.23022362044531933,0.20518795264033257,0.20938697598027653,0.19108992168019695,0.19136983664635784,0.19122162891184907,0.20518795264033254,0.12332332418269039,0.12378685770654844,0.12183095078644543,0.179830142038564
2023-05-24,0.22098737146197825,0.19706471854426488,0.20037537007207393,0.18386964276119439,0.1841330212251587,0.18396599197096272,0.19706471854426483,0.12177886169858161,0.12228688332598828,0.12034601028040104,0.1730027426748022
2023-05-25,0.21606546175134442,0.19250485306776968,0.1950439081012934,0.17899627876611648,0.17926893548543354,0.17907842291945492,0.19250485306776965,0.11879752851854943,0.11915691351516199,0.11716518130979231,0.1688605883344213
2023-05-26,0.21606879921356256,0.19251972170338877,0.19507208133330095,0.17900298226174258,0.17927573693322918,0.17908631195521776,0.19251972170338874,0.11800840104404763,0.1185155242992057,0.11646065290459293,0.1688570258757052
2023-05-29,0.2161537304196743,0.19245933801895035,0.19495388307955192,0.17886561213449084,0.17914552300364545,0.178943397633842,0.1924593380189503,0.11780595736138451,0.11834901653235885,0.11624911105312487,0.16869225005573507
2023-05-30,0.2159135802172693,0.19213486784188746,0.1943959369810779,0.17831978784830418,0.17860608388431917,0.17839348679171924,0.19213486784188744,0.11634298524902299,0.11693707803865268,0.11470997259946594,0.16826255883831912
2023-05-31,0.21595288282281844,0.19213603319741032,0.19430135919565675,0.1783233308417272,0.178610552817123,0.17839445636196888,0.1921360331974103,0.11636821369252312,0.11695469119798839,0.11473431815425586,0.16825327789685265
2023-06-01,0.2159222121171007,0.19208768845974497,0.19420630420984458,0.17825203314000607,0.1785404137625524,0.1783223733951777,0.19208768845974492,0.11637272195718015,0.11695604001929562,0.11473978029546719,0.1681788757335789
2023-06-02,0.21351802081986299,0.1900701211597372,0.19152970126556826,0.1761074339813182,0.17641182790668425,0.17615760381153614,0.19007012115973718,0.11611443219127862,0.1165956923401985,0.11432888942270861,0.1664483901590315
2023-06-05,0.20691985654804318,0.18410386768723394,0.18466940664358583,0.1708927123545618,0.1711749048995974,0.17093673990142802,0.18410386768723389,0.11495793895093233,0.11551458295436867,0.11334572376748518,0.16122116586443716
2023-06-06,0.20568828317533017,0.18291104832812208,0.1837922978295535,0.1696772613356608,0.16995720689893312,0.16972564296371903,0.18291104832812205,0.11452335912926936,0.11505558787973222,0.11292467104774503,0.1601285395839322
2023-06-07,0.20484933569565814,0.18200310426195992,0.18325722739009878,0.16870825950004786,0.1689907850797094,0.168754990025022,0.1820031042619599,0.1143459503090661,0.11477600746558723,0.11268345141224415,0.15923304125938167
2023-06-08,0.20561260981875926,0.18265750945272272,0.184061881515463,0.16904428228820065,0.16934012107142857,0.16909580922482026,0.1826575094527227,0.11337975972778744,0.11389801513803911,0.11196730319611291,0.1597676653280193
2023-06-09,0.19602965510950196,0.17346778320188438,0.17493097281567072,0.16053370402658132,0.16081757826300597,0.1605881803283035,0.17346778320188433,0.10802476708177187,0.10851015539102696,0.10712441660331647,0.1510032481954392
2023-06-12,0.194372233412625,0.17213333971598246,0.17355058356674716,0.1594954619184344,0.15977006281102688,0.15954313955632562,0.1721333397159824,0.1088466500206796,0.10929173346006137,0.10792702126503842,0.1501418629904976
2023-06-13,0.1822555939868949,0.16081877187889754,0.1625833298423232,0.14964800877239873,0.14989365277905364,0.1496810060840804,0.16081877187889748,0.10615859322208956,0.10637604355782107,0.10533296144902161,0.14011709229840064
2023-06-14,0.18186361765091416,0.1605060165471406,0.16228181088110166,0.14947884620799518,0.1497227230363886,0.14950771828195,0.16050601654714058,0.10610136407172326,0.10633747865298865,0.10529924483511847,0.13990072415881571
2023-06-15,0.17997288788636256,0.15919291876572292,0.16048855746547894,0.1487212729141078,0.14895437438228426,0.1487444164101849,0.1591929187657229,0.10632335271233061,0.10654080671860566,0.10552820858360508,0.13907034432461884
2023-06-16,0.17993377777993402,0.1591171187411092,0.16046838069506217,0.14871206694595715,0.14893790102423812,0.14873565243869655,0.15911711874110918,0.106276714535371,0.10645906804027534,0.10547089403868316,0.13887381847619448
2023-06-19,0.17756880550027745,0.15705790265936928,0.15840275030395182,0.14688289078360386,0.14710569903265658,0.14690469397280512,0.15705790265936923,0.10541974416104391,0.10560537778324175,0.10471619502313627,0.13719166945492553
2023-06-20,0.17587579521757582,0.15570870063134448,0.15674592276351437,0.14590253132602046,0.1461235026688306,0.1459145003988081,0.15570870063134443,0.10559247121612245,0.10578132398804363,0.10487431536926733,0.13624727045362944
2023-06-21,0.17603362393173674,0.15584628095870087,0.15693018139896847,0.14602841357139715,0.1462510718472489,0.14603935056004796,0.15584628095870082,0.10568228486969682,0.10588675372411062,0.10497238995394874,0.13637074160222018
2023-06-22,0.1757939829071518,0.15557870081863653,0.1566095970803751,0.14585416103226498,0.14607590696774284,0.14586348539666327,0.15557870081863648,0.1056688302412017,0.10586368071257601,0.10495220582801515,0.13607150917760674
2023-06-23,0.17586146990195456,0.1557040572384033,0.1565887384083733,0.14597805962532368,0.14619944377711594,0.14598908934317215,0.15570405723840325,0.10594996577396183,0.10620121466153055,0.10524915711953191,0.13622544967667163
2023-06-26,0.17518826075219113,0.15494013825737252,0.15602821157055113,0.14504248280277499,0.14526959558586042,0.1450563858601319,0.15494013825737246,0.10497951352393413,0.10517563709815829,0.10435079086872823,0.13537519609682505
2023-06-27,0.17279251798699355,0.15320737244114477,0.154103196202241,0.14383094615387598,0.1440514078944193,0.14384738869859742,0.15320737244114474,0.10507252456418795,0.10530266384353379,0.10441731424678828,0.1343118304121024
2023-06-28,0.17281389806824413,0.15323424120758422,0.15410090981113553,0.1438408968928173,0.14406270382067596,0.1438566325391141,0.15323424120758417,0.10499327519630315,0.10522415310271813,0.10431403129264266,0.13432524025481457
2023-06-29,0.17371511130551845,0.15413183597588953,0.15483922930437208,0.14476705048749727,0.14499669989987307,0.1447764529377379,0.15413183597588945,0.10612108062569174,0.1063437597727751,0.10538029306980781,0.13527296591790822
2023-06-30,0.1735935874397809,0.15412429656899956,0.1547545145206888,0.144778342261363,0.14500904797632208,0.14478787880972224,0.1541242965689995,0.10611347549604021,0.10636514821686087,0.10538361389759114,0.13534699540841258
2023-07-03,0.16274499318707344,0.1450089682413559,0.14571323689414412,0.13700739830954506,0.1372176052494057,0.13700893955938862,0.14500896824135584,0.10535152068884134,0.10550615306031293,0.1045770571232043,0.1280228569542559
2023-07-04,0.16007840373870372,0.14328938205069777,0.1433083661540874,0.1358596838250786,0.13606726389611853,0.1358522240390138,0.14328938205069772,0.10543174696092271,0.10561462304658747,0.10462317922963534,0.12711931485719852
2023-07-05,0.15950945774413244,0.14258807543881577,0.14259175426256698,0.1349069465548777,0.13512144720039793,0.13490072087095092,0.14258807543881571,0.10371205068614973,0.10391678360934598,0.10288025007175243,0.1261898732025237
2023-07-06,0.15893241503738642,0.14210349572978934,0.14208970483859984,0.13437788502478581,0.13459460908953266,0.13437149855673866,0.14210349572978928,0.10341422295157553,0.10357453568188643,0.10257163501494136,0.12575176029224613
2023-07-07,0.1593000054696685,0.14238960263631834,0.1423218529125019,0.13442222737737825,0.13466311413090826,0.1344219797531664,0.14238960263631828,0.10296130669690472,0.10319684952830853,0.10215335251453803,0.12597990911804793
2023-07-10,0.14980128475887025,0.1335422306128368,0.13190469820662004,0.12596720833998898,0.1262383217781659,0.1259595431655575,0.1335422306128367,0.09845067802531372,0.09862440046619608,0.09757060491983671,0.11802744558449432
2023-07-11,0.14979178728483666,0.13351293947842044,0.13185955149132816,0.1258646906039622,0.12614059913350517,0.12585777824965372,0.13351293947842036,0.0983218880436106,0.09849747362462775,0.0974279011769245,0.11799821474953734
2023-07-12,0.14922124731471975,0.13290433431981127,0.13121179438897912,0.12515922748119043,0.1254388070977522,0.12514999858489567,0.13290433431981122,0.09714242996393525,0.09737976708572679,0.09624560586218345,0.1173641210349596
2023-07-13,0.14955563454489168,0.133249031262733,0.13154269400579843,0.12561492953660192,0.12588258661272672,0.12560418697148837,0.1332490312627329,0.09767624931906967,0.0978835278895092,0.09679966017296668,0.11771587528666198
2023-07-14,0.1495380893505479,0.1332075009424783,0.13154493784953133,0.12562850464319372,0.12588877431721088,0.12561724160177534,0.13320750094247824,0.09881542931622757,0.09856289486144418,0.09777985319964556,0.11765420791609067
2023-07-17,0.14956155374582752,0.13321489647218446,0.13155069902753586,0.12561128786518203,0.1258729979440031,0.12560031162012797,0.13321489647218437,0.09870057014253036,0.09842744564488767,0.09766135161349143,0.11764892364163229
2023-07-18,0.14951393858409773,0.1331684559204547,0.13152209665563555,0.1254891944506256,0.1257544273304805,0.1254805185186494,0.13316845592045462,0.09851203269984657,0.09822922065976045,0.09747701219997178,0.11759135150410267
2023-07-19,0.1495386125568716,0.1331980174411029,0.13154592738974297,0.12551025849300576,0.12577619658443048,0.12550071017666223,0.13319801744110282,0.0985086126102091,0.09823452277066362,0.09747358909222446,0.1176258929033997
2023-07-20,0.14949263039565086,0.1331469576422435,0.13145708333511164,0.1254020522969481,0.12566811535170527,0.12539147714202975,0.1331469576422434,0.09894541361409212,0.0984913014653603,0.09779502008026535,0.11760939989803164
2023-07-21,0.1501202269105547,0.13371854448810508,0.132023303666577,0.12588744691338868,0.12617818527001584,0.12587472668509958,0.133718544488105,0.09903708079635488,0.09861831049051557,0.09788239257750045,0.11813734073568818
2023-07-24,0.14639936180998334,0.1303871752009122,0.12829657164424818,0.1229806607585358,0.12326854805691337,0.12296131351726651,0.13038717520091211,0.09786697460997926,0.09741060336135415,0.09666136514590092,0.11509529204116259
2023-07-25,0.1459874452170856,0.12994534476797132,0.12775817337443976,0.12254127379280493,0.12282174971585574,0.12252254694838553,0.12994534476797126,0.09787497523924064,0.09737774952094055,0.09671037606165321,0.11461253050417042
2023-07-26,0.14564417443953562,0.12955244078054592,0.12732490011287087,0.1222294399361366,0.12250242842532456,0.12220776124144797,0.12955244078054587,0.09805616438001219,0.09746202808790332,0.0968880851892956,0.11416843653129143
2023-07-27,0.14519640303269443,0.12892724079121212,0.12664688759894627,0.12109578205160841,0.12138421422198807,0.12108539468264594,0.12892724079121204,0.09529405973207351,0.09474891193238522,0.09427883466588867,0.11331338570341339
2023-07-28,0.14374379478155522,0.12735267754336002,0.1246635489824155,0.11924789607958308,0.11955173202621693,0.11924636494657152,0.12735267754335997,0.09315668045723173,0.09265665262629083,0.09218255678287843,0.11154480704266037
2023-07-31,0.14448084962012983,0.1288157837297008,0.12666586731965926,0.12127114245782869,0.12156518902095785,0.12126255080620846,0.12881578372970073,0.09765130266173624,0.09731352213080267,0.09671685023909979,0.11398469500093385
2023-08-01,0.1371174545105589,0.12314727012817939,0.12034670623634601,0.11650849671040525,0.11677476804594687,0.11650426035546861,0.12314727012817933,0.09714850608844776,0.09673055625466545,0.0962449679127271,0.11002475556043616
2023-08-02,0.13710085128462018,0.12314768809738282,0.12034417743855057,0.11650863343508494,0.11677478144775864,0.11650440042416452,0.12314768809738275,0.09684993105725556,0.09644173164359149,0.09593690435636354,0.11002007024445598
2023-08-03,0.1373290238177812,0.12303309883958105,0.12017731756556066,0.11658370100108915,0.11684592225989811,0.11658436548066706,0.12303309883958098,0.09531562819398061,0.09483759922838295,0.09440714437527302,0.10878147179474548
2023-08-04,0.13766628394190114,0.12321903645125336,0.12057915311440877,0.11648486686514442,0.11678100635094069,0.11648461987525942,0.12321903645125329,0.09490595627078156,0.09450766208126188,0.09405856918515058,0.10894825795998175
2023-08-07,0.13641323734133126,0.12262112003990504,0.1195365368218129,0.1157068888901172,0.11605483902570056,0.1157123834505656,0.12262112003990497,0.09453563317777117,0.09432194381876484,0.09364866756430301,0.10892307268626748
2023-08-08,0.13635340269140447,0.12254922145584246,0.11950220146298757,0.11552990675013186,0.11588597002691102,0.11553692541259172,0.1225492214558424,0.09432448799072846,0.09408578983199802,0.09344022709553318,0.10884996046263991
2023-08-09,0.13615854985756795,0.12222886299227664,0.11892751592841581,0.11498963012948302,0.11534737786284883,0.11499684445778045,0.12222886299227659,0.0919242035395717,0.09162683114736887,0.09106833209517629,0.10844763207859666
2023-08-10,0.1367882443152411,0.12309129316343377,0.11992270346664988,0.11579870996642534,0.1161703484611409,0.11581606087538295,0.1230912931634337,0.09361398883065186,0.09315378066329567,0.09283856725180226,0.10961629810884792
2023-08-11,0.13643902086487503,0.12283933996364552,0.11962199154719108,0.11579875086505378,0.11616551944740999,0.11581895552058348,0.12283933996364545,0.0936980894018864,0.09325359145357792,0.09291683607621254,0.10943949673714622
2023-08-14,0.13630795096713716,0.12267119507619995,0.11950580123629984,0.11550251868614562,0.11587333913040548,0.11552266771933854,0.12267119507619988,0.09328376652951072,0.09284240153846846,0.09250534388187708,0.10926382743553985
2023-08-15,0.1359462644102533,0.12224008943753213,0.11905781511591587,0.11501258025958212,0.11538793141137012,0.115032163628672,0.12224008943753206,0.0927689003929138,0.0923259085534508,0.09200834464956614,0.10880848164867366
2023-08-16,0.1354133534462807,0.12183112665387014,0.11867467523570378,0.11467016907807061,0.11504861400307503,0.11468380220882513,0.12183112665387007,0.09254050403084296,0.09212623272863178,0.09177904208027086,0.10853036606351249
2023-08-17,0.13576782739275786,0.12222002397810848,0.11914205730053566,0.11505198179513063,0.11543277615064287,0.11506321202911242,0.1222200239781084,0.09257348205172976,0.0922112247961706,0.09182675157664635,0.10894189411692369
2023-08-18,0.14610773327789942,0.1336158248201928,0.1315177237854814,0.12566029266456133,0.1263277326338136,0.1256445705833397,0.13361582482019274,0.10247524177880746,0.10285194112982995,0.1015193422878047,0.12155337161585554
2023-08-21,0.14598900933145603,0.13362329758848732,0.13154808641685203,0.12561901530275835,0.1262984227878358,0.12560467313130255,0.13362329758848723,0.10247074299001717,0.10284025086639004,0.10151038510343388,0.12163062660867716
2023-08-22,0.1398376667283276,0.12840909458635538,0.12630009996943933,0.12052982329247565,0.1212309900710591,0.12051141524979998,0.12840909458635533,0.09985044708803692,0.10019370713126013,0.09890066443710638,0.11754737724737313
2023-08-23,0.1402368322147889,0.12871553324084323,0.12661698290218037,0.1208278539257159,0.1215196942798957,0.12081038010776814,0.12871553324084314,0.09956781923519611,0.0999130981777295,0.09861163675560687,0.1177132290022591
2023-08-24,0.13921590805597564,0.1283306750665857,0.12602901757407967,0.12137671542210972,0.12200010286293819,0.1213475895535943,0.12833067506658563,0.10373932927110686,0.10358135957523938,0.10282994826562795,0.11806583269142
2023-08-25,0.1369323949489582,0.12676638889851494,0.1246278585663718,0.11993126467022261,0.1205765040859731,0.11990507963852196,0.12676638889851488,0.10371370151992494,0.10356245373925642,0.1028102734112092,0.11721904827208979
2023-08-28,0.13816039017595116,0.12808253151096216,0.12584274205690232,0.12131939298952965,0.12198308881775118,0.1212936421288446,0.1280825315109621,0.10573770862400557,0.10542409163229198,0.10492021701632291,0.1186552529473234
2023-08-29,0.135238383530376,0.1256769680717022,0.12373687130721057,0.11896010734545724,0.11962656672897748,0.11893727355255397,0.12567696807170214,0.10412228350438175,0.10396721040315819,0.10344924007456824,0.11684059899381453
2023-08-30,0.13527983702616253,0.1258681110514404,0.12378875329402454,0.11928146134194655,0.11993250285837827,0.11925548356044793,0.12586811105144033,0.10535718604336854,0.10492315162082227,0.10462717046717473,0.11718824002666946
2023-08-31,0.13432529430921553,0.1250117724809906,0.12337998807336213,0.11842472421158562,0.11910284272037631,0.11839732921505584,0.12501177248099052,0.10504465798914957,0.10454526973741511,0.1042703824296834,0.11649550536758586
2023-09-05,0.13459845995641082,0.12536593476355254,0.12399468288341048,0.11877830420291607,0.11945060033050058,0.11874927441263404,0.12536593476355246,0.10492299301235879,0.10463067716964532,0.10435108749148712,0.11695981255278043
2023-09-06,0.13410415876538848,0.1250311168442991,0.12377577908318226,0.11839290488680135,0.11908318617965094,0.11836544374765674,0.12503111684429902,0.10528607443045922,0.10500548513672517,0.10475725921463402,0.1168125990955315
2023-09-07,0.13341949842601578,0.12439820474741022,0.12317067776958765,0.11783433321575189,0.11852718001181371,0.11780399454196694,0.12439820474741016,0.10504298993850024,0.10474272413520788,0.10449754529550888,0.11627447690661677
2023-09-08,0.13304933732595023,0.12404721074581884,0.12305691608271097,0.11747648364729614,0.11817737374714386,0.11744834734284275,0.12404721074581879,0.1049377418476526,0.10460137209269854,0.10439131716524971,0.11598116029685104
2023-09-11,0.134484059491408,0.12514241480138794,0.12467903243513244,0.11797059130796818,0.11878484226671066,0.11795574059024913,0.12514241480138788,0.10479528629026745,0.10444459597878006,0.10424105288606642,0.11669668701411871
2023-09-12,0.13683072253860168,0.12740670819482772,0.12707362814004178,0.12023610128180942,0.1210691876354532,0.1202209040456836,0.12740670819482766,0.10680821913875094,0.10651248023363116,0.10629676071173057,0.11891802858211051
2023-09-13,0.1357577782822704,0.12674244029739312,0.12624453919033804,0.11996813045701536,0.12077166674912776,0.11994855459092042,0.12674244029739307,0.10726734313118505,0.10698286567477616,0.10678074473405592,0.11860982654044723
2023-09-14,0.13242315005237926,0.12415337775346735,0.12479834195792375,0.11771311715053381,0.11855413923920771,0.11770037317339219,0.1241533777534673,0.10687518629565868,0.10655535690851803,0.10639399768664878,0.11679011356026577
2023-09-15,0.13027556077445063,0.1220737953797653,0.12226990269676155,0.11570229533982138,0.11655606661345531,0.11569107967097193,0.12207379537976523,0.10629757744488126,0.10589515678395667,0.10574695049980382,0.11486938218546316
2023-09-18,0.13197022843329528,0.12377603871707318,0.12443038189832564,0.11742683457109719,0.11825487148066989,0.11740923212712377,0.12377603871707311,0.1074231058606284,0.10718604178281575,0.10694907458381575,0.11657204192585806
2023-09-19,0.12804750354375807,0.12041173776919557,0.12195210205535595,0.11436860310470522,0.11519549723334627,0.11435277453006977,0.1204117377691955,0.10617966721768508,0.10592333117565073,0.10574709793896116,0.11399409945048822
2023-09-20,0.12838035316477553,0.12078575925799337,0.12216201663781882,0.11481491835023526,0.11563281415790944,0.1147967873718894,0.12078575925799329,0.10608041267065622,0.10589616762632452,0.10568844333850735,0.11436493594912785
2023-09-21,0.1295025943763062,0.12185479576386217,0.12336492641430717,0.1158880260421855,0.11671073926387412,0.11586749394482473,0.12185479576386209,0.10709535005182874,0.1069896712986644,0.106711251647698,0.11543538192986272
2023-09-22,0.13228563441836017,0.12389210364364726,0.1249683154731858,0.11761820995458395,0.11846380909277826,0.11759213656199682,0.12389210364364718,0.10697017142437601,0.10692849894866373,0.10661477318099578,0.11691876682649471
2023-09-25,0.14085686355388727,0.1317461634661944,0.13228934294883452,0.12467619882397475,0.12556384416519942,0.12464112043933345,0.13174616346619433,0.1087171520544269,0.10924176304355813,0.10843769159226313,0.12403352221719761
2023-09-26,0.1415194105001709,0.13233606985471483,0.13292579469073537,0.12543061227445332,0.12630174127227609,0.12539651911804386,0.13233606985471474,0.10981866873499047,0.11023630618564473,0.10958949312416792,0.1245774021216717
2023-09-27,0.14244413283692153,0.13312627929166476,0.1336333502130486,0.12590793346591214,0.12682900586793597,0.1258735657198624,0.13312627929166468,0.10982947993086437,0.11026557652076178,0.10960620240089257,0.12525821529368175
2023-09-28,0.14250056184618862,0.13316142741273673,0.13368630154644612,0.12605762789571387,0.1269554939031242,0.12602063742632566,0.13316142741273668,0.1100263328295464,0.11052069159029031,0.10975652105397249,0.125275533091901
2023-09-29,0.14240656332238136,0.1330891784413069,0.1336617375464009,0.12594931842619395,0.12684926202066577,0.125912067237905,0.13308917844130683,0.11016106163625251,0.11063036861535912,0.10988662309594015,0.12523550494782196
2023-10-02,0.1421237208969798,0.13288855159271884,0.13354929216848224,0.1257993547680494,0.12670019722717943,0.1257616671113959,0.13288855159271876,0.11017550740796539,0.11063878911511231,0.10990169571725282,0.1251079872000605
2023-10-03,0.14852425622030138,0.13848397881071725,0.1383001668071602,0.13169864838329223,0.13255877588450196,0.13163817826662907,0.1384839788107172,0.11374096593579461,0.1144138683305925,0.1134656367630407,0.13002792166511043
2023-10-04,0.14892289017610644,0.1387032223434642,0.1385215416415211,0.1318497955266685,0.13272066978128655,0.13178937021501308,0.13870322234346413,0.11312850493476163,0.1138156746868815,0.1128709612269779,0.13007087843374346
2023-10-05,0.14988339948052926,0.1397658363914586,0.13965687467255436,0.13293681231290208,0.13381103619349186,0.13287787756365407,0.1397658363914585,0.11446570156519954,0.11503856864990182,0.11417925686418537,0.13121212750624958
2023-10-06,0.15019586565709836,0.14007718340205697,0.13993405004406373,0.13323946492838795,0.1341335567991714,0.13317977860012123,0.1400771834020569,0.11471633237399341,0.11537049640790535,0.11442051777879814,0.13153925569616892
2023-10-09,0.15048505882656227,0.14044073642527427,0.14026488212698449,0.13345309386278797,0.13437082592851823,0.1333938615653737,0.14044073642527422,0.11503448244111576,0.11565022273628627,0.11479986836654464,0.13196565692761178
2023-10-10,0.15064554576942762,0.1406700746170095,0.14045469040807876,0.13366924077456885,0.13459000269954532,0.13361109611282537,0.14067007461700945,0.11532601580407802,0.11590787816051056,0.11505123356539282,0.13225573895033504
2023-10-11,0.1508263167695246,0.14080522326304518,0.1406051091484221,0.1337450447495651,0.13467700932519855,0.1336866503738934,0.1408052232630451,0.11535723344192725,0.11592066979890167,0.11508679664432225,0.1323502884280984
2023-10-12,0.15080149277355717,0.14077404573649557,0.1405889554452,0.13370107027300054,0.13463023840780697,0.13364295094985745,0.14077404573649552,0.11521079493430708,0.11580673320731767,0.11497309522716778,0.1323123112319585
2023-10-13,0.15065754693714212,0.1406606480905594,0.1404409876295401,0.13369152213595092,0.1346042437585553,0.13363189751731377,0.14066064809055934,0.11522216780371615,0.11597248743480268,0.11503808339728745,0.13223355788146687
2023-10-16,0.1508418923880851,0.14078230637906852,0.14049481260504434,0.13347628464280026,0.13444101247737625,0.1334168819035434,0.14078230637906847,0.11475632071131141,0.11550653383240678,0.11456025740546087,0.13235544812352446
2023-10-17,0.15183704451685984,0.14162495104742123,0.1413125097505834,0.13440442686454157,0.13535649651628887,0.13434456511136303,0.14162495104742118,0.1153154455679336,0.11608703168733987,0.11522686485221034,0.133099459460613
2023-10-18,0.15328609323645057,0.14312113477003327,0.14313009875365415,0.13576341909979667,0.13671322513646642,0.13570443916981406,0.14312113477003321,0.11684870964169548,0.1174815220835618,0.11668592965483753,0.13460745342755293
2023-10-19,0.15388960202867757,0.14375503010654025,0.14390942270947615,0.13649878893974735,0.13744600971860796,0.136437682882625,0.1437550301065402,0.11805476379697384,0.11867457805204767,0.11792380373081204,0.13530255670342622
2023-10-20,0.1560045182514342,0.14567488358996677,0.14600037478100514,0.1382721872193552,0.13921737397355957,0.13821030596337622,0.14567488358996672,0.11921273458732844,0.11980424721186902,0.11903332124022838,0.13704807152069498
2023-10-23,0.15710654229970128,0.1468245012850917,0.1472219248130313,0.13942378243849135,0.14036721174864725,0.13936272381132597,0.14682450128509164,0.12092284159882213,0.12150184958633761,0.1207670176988028,0.13827072099355958
2023-10-24,0.1578308471003874,0.14752586216891825,0.14792761535152224,0.1402940658866107,0.14121714889526532,0.1402375564180456,0.1475258621689182,0.1222991604012693,0.12263890879773019,0.12206551828727098,0.13893381788708506
2023-10-25,0.15722064194883895,0.14699762933104343,0.1476032479384866,0.1397305278818091,0.14065681261798038,0.13967362997026714,0.14699762933104335,0.12194759818445468,0.12228938152760586,0.12170832939269224,0.13848386961769837
2023-10-26,0.1692879293965713,0.15866069392304546,0.16006372761410353,0.15103059935890603,0.15194760735219545,0.1509615825710528,0.1586606939230454,0.13203238273381973,0.13203685226073208,0.13162420914182543,0.14987422951488577
2023-10-27,0.16934215074440895,0.15876991770910032,0.16011091304264483,0.15108812592131743,0.15200722187261675,0.15101819402521108,0.15876991770910026,0.13207820439699158,0.13210003922149327,0.1316734637512174,0.15007062987898065
2023-10-30,0.17117362113171514,0.16025067115689698,0.16197835262039556,0.1522231251283478,0.15315594732601612,0.15216104568968505,0.16025067115689692,0.13210832723871346,0.13189396834332814,0.13171692035730678,0.15122023828322326
2023-10-31,0.17140862953194824,0.1601840842009844,0.16234031625810355,0.1519604376964767,0.1528992189037727,0.15190139662319374,0.16018408420098434,0.1313950765770535,0.13102882847854266,0.1309448523080353,0.15100097096137435
2023-11-01,0.17209560422096093,0.1609377514150796,0.16278485066407744,0.15285038128264075,0.15377981006863883,0.15279191954574312,0.16093775141507954,0.13225680433887355,0.13198547733072727,0.13198950270108084,0.15182759185500308
2023-11-02,0.17831680356875296,0.1670513124085896,0.1693295026812871,0.15876606465568546,0.15967405186159,0.15871219554040514,0.16705131240858953,0.1387726279032367,0.13785909716353154,0.13820906375919428,0.1578721844144116
2023-11-03,0.17832053751181084,0.16705272817405956,0.16934228729947845,0.15876716199507854,0.15967520533236354,0.15871303157267877,0.1670527281740595,0.1387723387998607,0.1378613070558458,0.13821148355141427,0.15787319389611845
2023-11-06,0.17903265996694273,0.16799641463444157,0.1701017329470527,0.1598889895250345,0.16077762207387658,0.159841749913525,0.1679964146344415,0.14009910711414464,0.13899254730060848,0.13955632038175209,0.15893954269092295
2023-11-07,0.17961409205679593,0.16855832581478064,0.1706125598837842,0.1605726474708873,0.16145159174876067,0.16052581774011437,0.16855832581478059,0.14095209296259398,0.13981500230054425,0.14037673907780443,0.15947706760928052
2023-11-08,0.18491322364902324,0.17379821385255734,0.1759259932072358,0.16537242669671315,0.16626346017219817,0.1653232477998885,0.17379821385255728,0.14272337676283886,0.14193435290316736,0.14224844628186312,0.16465532748904188
2023-11-09,0.18492118872828567,0.17387478592370004,0.17594188888356505,0.16552755720569043,0.16641344738989403,0.16547957605582936,0.17387478592369998,0.14364263726653004,0.14283840954232058,0.14325591024316792,0.16483073127080536
2023-11-10,0.18589061690847397,0.1748770403579409,0.17693400169844642,0.16669578737260213,0.16756812374375601,0.16665372212764062,0.17487704035794088,0.1455077188170188,0.1444789196211749,0.14510959113671842,0.1658490458030068
2023-11-13,0.1856756021763987,0.17470820596050654,0.17683487589442137,0.16663871268507874,0.1675050163891776,0.16659702326240686,0.17470820596050649,0.14583702669319762,0.14478859909503464,0.14544569013375847,0.16574397553566492
2023-11-14,0.18615048437916426,0.17513283401836036,0.17702694317363135,0.16698937282503132,0.16785706623364388,0.16695283532001906,0.1751328340183603,0.14578080629812235,0.14467859687596213,0.14536570060684692,0.16606294107807307
2023-11-15,0.18691658256486368,0.17600044055045744,0.17787919705390914,0.16798122066161236,0.1688400244650617,0.16794391768938507,0.1760004405504574,0.1468635436545506,0.14585890342210486,0.14650974041531264,0.16700586855357097
2023-11-16,0.1868530254577026,0.17597870195059295,0.1778875227718542,0.1679627084408797,0.16882183789055752,0.167925484084938,0.1759787019505929,0.1469131741546313,0.14590394225856942,0.14655769490558807,0.16700666891125773
2023-11-17,0.1897779992846258,0.17886953728675892,0.1808749390794163,0.17082207341851668,0.17167664043367095,0.17079002439694863,0.1788695372867589,0.14829805876209348,0.1473404919374452,0.14790384510163787,0.1697722429106035
2023-11-20,0.1895646601925075,0.17868705606740576,0.18070341908507961,0.1706674296084392,0.17152099871485263,0.17063599961137194,0.17868705606740573,0.1482079839016899,0.1472433930645952,0.14780880564541388,0.16964782081923616
2023-11-21,0.18962763374569516,0.17871864949685848,0.1803433320480223,0.17069219672793035,0.17154564928199953,0.17066154711489892,0.17871864949685845,0.14780700393792234,0.14685073102361748,0.14738189576518707,0.1696149814484575
2023-11-22,0.1896267293759991,0.17870673861416883,0.18032747523417125,0.1706719697938188,0.17152537668510498,0.1706414933649164,0.17870673861416875,0.1477292432060193,0.1467672718234307,0.14730824310496496,0.1695925705405331
2023-11-23,0.19191193499814382,0.18084847469533868,0.1816476945229977,0.17287366397765988,0.1737212689855897,0.17284269578528022,0.18084847469533863,0.1492298829008094,0.14835783464704672,0.14883981862721546,0.17164841982525472
2023-11-24,0.1920738334755289,0.18094625934357325,0.18169361212719085,0.17302342212806998,0.17386856626115504,0.17298998709285207,0.1809462593435732,0.149289001891914,0.14842611824423302,0.1488822850794103,0.17170440830738096
2023-11-27,0.19234970910950852,0.18126400696233091,0.18224990939456814,0.1732438921605974,0.1740902082778628,0.17321343572035022,0.1812640069623309,0.1494511147050156,0.14859249406985564,0.14904877155304852,0.17206468837186129
2023-11-28,0.19264984277835212,0.18157113120332422,0.18255074898254048,0.17352806697616688,0.17437246372911575,0.17349983085777784,0.1815711312033242,0.14954057082083588,0.14868111360533479,0.1491430070283452,0.172373219627215
2023-11-29,0.19139743191442332,0.1803746801658673,0.18164476256860557,0.17258002500560446,0.17341375931800806,0.17255145007018963,0.18037468016586727,0.1490791646367906,0.14822298769598774,0.14869481503441317,0.17133849688164762
2023-11-30,0.19189109000044766,0.18082790945312816,0.1819035321280541,0.17307433701519767,0.17390975069362982,0.17304387170668856,0.18082790945312813,0.14926054559090174,0.14842526978814718,0.1488813656555545,0.171768282535922
2023-12-01,0.1918330665642602,0.1808809392331109,0.18177747590766968,0.17318330247480745,0.1740166569738173,0.17315584549674304,0.18088093923311088,0.1497186723509174,0.1488647874058309,0.1493720696301329,0.17192605745510972
2023-12-04,0.1928189505870715,0.18178532903458722,0.18251591219742588,0.17403619681651591,0.1748661618357088,0.1740112220356264,0.1817853290345872,0.15035031899811493,0.14951089655157826,0.15003786732181484,0.172769765480454
2023-12-05,0.19199545551922023,0.18104398266758404,0.18176717635151485,0.17344103534867997,0.1742631707579502,0.17341443089092418,0.18104398266758398,0.1499242611579754,0.14906322908282693,0.1496152951617944,0.1721454095322974
2023-12-06,0.19232348138028663,0.18141746348621568,0.18222595935380148,0.17387755781637654,0.17469496173121235,0.1738507644144302,0.18141746348621565,0.15038368683449801,0.14953741621102334,0.1500987060738155,0.17252322063921566
2023-12-07,0.1920364979821493,0.18101378656208095,0.18160502137132914,0.17335648213240287,0.17418543445438225,0.17332797411574913,0.18101378656208092,0.14924907315581556,0.1484233971051348,0.14899523043030163,0.17191050667243046
2023-12-08,0.19209153693376943,0.1810723176204797,0.18165050683350153,0.17340458827013672,0.17423406142780754,0.17337746955897532,0.18107231762047968,0.14923978589476586,0.14841281999602174,0.14898254237654251,0.17196377107460828
2023-12-11,0.19209566437269998,0.18106308645170846,0.1815955749031979,0.17340611518841959,0.17423445265135437,0.17337961981605934,0.18106308645170843,0.1492301390913752,0.14840053593417024,0.14898210011185595,0.17193826140111762
2023-12-12,0.1920745702736634,0.1810341851315185,0.18156473097310447,0.17334643529798452,0.17417727929595436,0.17331983464533007,0.18103418513151848,0.14900955984235661,0.14820720561957368,0.14877784089251453,0.17189055284119542
2023-12-13,0.19284530440276387,0.18171171082464388,0.18200303770387752,0.17390909024495743,0.1747468289895107,0.17388295516954208,0.18171171082464382,0.1489789017095197,0.1482075634606845,0.1487453745715858,0.17248289821531868
2023-12-14,0.1928092774627559,0.18165544183023877,0.18197537484752474,0.17384883107322097,0.17468470987873358,0.17382354358646632,0.1816554418302387,0.14897384355887344,0.1482098943888117,0.14873924221137028,0.17242062525981966
2023-12-15,0.19283384567384282,0.18171130736700847,0.18203751432311108,0.17402651843175576,0.17485873024847498,0.1740020743480588,0.18171130736700844,0.14939396325841361,0.14863700530065793,0.14920977602899876,0.17247686738827114
2023-12-18,0.19334045454299661,0.18230320855290155,0.1825821085802136,0.1745829795668389,0.1754162408785269,0.17455635830468397,0.18230320855290152,0.15080219972264516,0.1501161565982309,0.15057203968731556,0.1731429491811587
2023-12-19,0.1934011273307267,0.1824165388017968,0.18268064358104122,0.1746760295810133,0.17550884315599136,0.174648729235885,0.18241653880179678,0.1512150834867139,0.1505360440775302,0.15095066059656953,0.17331825387500166
2023-12-20,0.1933574047463055,0.18230485126792834,0.18269823588900622,0.17454661206012537,0.17538116461066153,0.17451992876562122,0.1823048512679283,0.15099637618305456,0.15028655157058537,0.15073710081405944,0.17320345405397863
2023-12-21,0.1932988764635447,0.18224569348313374,0.18266959105480435,0.1745008222065867,0.1753330283948139,0.1744732194008091,0.18224569348313369,0.1508825783347431,0.15020249759237272,0.15062197245695375,0.1731363981554091
2023-12-22,0.1932761636684153,0.18221180284112098,0.1826080030000618,0.17446650844342532,0.17529724646816924,0.17443844887807947,0.18221180284112093,0.15078685263703254,0.15009470870937408,0.15053565478849754,0.1730887141974492
2023-12-25,0.1940322025617732,0.1829570050317873,0.18348385287635466,0.17522128743479867,0.17604756110578915,0.1751936972027997,0.18295700503178725,0.15128195712606513,0.15059390399197412,0.1509938181616968,0.17381795312851897
2023-12-26,0.1931704416493044,0.18214089216096727,0.18271877788432403,0.17445896585408086,0.17527859687702094,0.17443650164733676,0.18214089216096724,0.15051706511728719,0.14983725303374004,0.15032057934535864,0.17303368968291316
2023-12-27,0.19313842300317696,0.1820769847658972,0.18268402525308958,0.17439696928073842,0.1752151107168298,0.1743743219519034,0.18207698476589718,0.15051873994264509,0.14980595781642853,0.15031175683481066,0.17294425819452627
2023-12-28,0.1933841888414054,0.1823356835818744,0.18277854085537942,0.17477738523011332,0.17558774817866993,0.1747565495579974,0.18233568358187435,0.15115933974547144,0.15032424799603458,0.15095224311294236,0.1731801632749522
2023-12-29,0.193221530382783,0.18219270600852078,0.18256623491895196,0.17465554401146227,0.17546094999190134,0.17463643791900513,0.18219270600852075,0.15120498154506684,0.15033364044463846,0.1510171444516752,0.17305731756158108
2024-01-02,0.19321593035467233,0.1822055450495565,0.18261186110877112,0.17467035774624365,0.1754757666748073,0.1746511841472828,0.18220554504955644,0.15138749688922076,0.1505135688414618,0.15117949117705734,0.17313326127638903
2024-01-03,0.19371047611967762,0.18269184311410605,0.18308819205026064,0.1749942922425788,0.17580190119832223,0.17497417119518494,0.18269184311410602,0.15134964495284808,0.15050743552412418,0.15114027515688222,0.17364294985907436
2024-01-04,0.19371226545855408,0.18299435810964435,0.1833176315664078,0.17537014765574244,0.17615843242857526,0.17534177540425286,0.18299435810964432,0.15245070615713832,0.15159612108637868,0.1520748975816303,0.17424990648346791
2024-01-05,0.1930435403274531,0.18234076870666796,0.18275643010007864,0.17484835462550657,0.17561360027699593,0.17482135453955266,0.18234076870666793,0.15193805463221596,0.15106945953020404,0.1515717783012513,0.17361788800298922
2024-01-08,0.19298685153667317,0.18232087068645852,0.18270214580749736,0.17483811675122682,0.17560097047727427,0.1748101119000559,0.1823208706864585,0.15193254882976207,0.15106813693954066,0.15157218903048145,0.17362505964578093
2024-01-09,0.1930663762650352,0.1823720867534529,0.18274415016280077,0.17486859216367154,0.17563274481621027,0.17484141739283696,0.18237208675345287,0.15202567343205203,0.15116535983662288,0.1516443713017644,0.1736517243836556
2024-01-10,0.19282277241590315,0.18222065762126619,0.18266298878047535,0.1746224028372348,0.17539598552662672,0.17459540555893063,0.18222065762126616,0.15215725817690043,0.15132135113546547,0.1516755945824243,0.17360551141169656
2024-01-11,0.1928542775692911,0.18225185981191785,0.18267043410222028,0.17461832388149964,0.17539757018821495,0.17459123053318,0.18225185981191783,0.15174551921368357,0.15116861137117193,0.151371240594874,0.17362566618668715
2024-01-12,0.19286851117078535,0.18225724955793302,0.18272258834952684,0.17464311455738954,0.17542156471231457,0.1746161345130883,0.18225724955793296,0.15179568189376702,0.1512378992997788,0.15142164933714988,0.1736252078932308
2024-01-15,0.19284995351416107,0.18226123724413062,0.18271675563560508,0.17463893976292605,0.17541755369931009,0.1746119530145314,0.18226123724413057,0.1517824756213842,0.15123231697329378,0.1514121937504312,0.1736520285832392
2024-01-16,0.1930781632455022,0.18240960011833987,0.1828798303179717,0.1747739281097079,0.17555192921384824,0.17474722220506,0.18240960011833982,0.15178389532956715,0.1512242830313209,0.15141472145942128,0.1737431700598819
2024-01-17,0.19309247136914984,0.18242255809892885,0.1828840289581944,0.174756581172179,0.17553812470392474,0.17472993643682427,0.18242255809892882,0.15144325409960158,0.15099392819008908,0.15113942791345814,0.1737441516083072
2024-01-18,0.1924913618798129,0.18199407233816067,0.18249886311334834,0.1744786005459434,0.17524156273516836,0.17445201721360395,0.18199407233816062,0.15140828398520204,0.15095248257293467,0.15111778383603575,0.173460552056384
2024-01-19,0.1930902939483553,0.18273146408454452,0.18329279538019516,0.1752588005670244,0.17601527520934346,0.17523243804495656,0.1827314640845445,0.15239383599080358,0.15206711805506587,0.15215260670418868,0.17431733272004762
2024-01-22,0.19304823763132217,0.18267776340818595,0.18324989125565794,0.17517564290833318,0.1759390488214422,0.17514913083462347,0.18267776340818592,0.15224816386433562,0.15192236077235877,0.15197227419665893,0.17425884551472987
2024-01-23,0.193162383980383,0.1828122992207958,0.1833852197138117,0.17528568156153831,0.1760550482601943,0.17526050406085245,0.18281229922079575,0.15239380333106706,0.15213109916380205,0.15209400957810046,0.17442229105625606
2024-01-24,0.19317659359412093,0.18282273236990468,0.1833815523992371,0.1752901788870552,0.17605987848147517,0.17526643999302685,0.18282273236990462,0.15237309121669015,0.1521171117093082,0.1520774584365125,0.17443976862747398
2024-01-25,0.1929496586041614,0.18266489823292342,0.1832328667239835,0.17516651981449358,0.17592992649937494,0.17513959946034321,0.18266489823292337,0.1524198621764005,0.1521481057593206,0.15211771315756106,0.1743466782307812
2024-01-26,0.19183654379009116,0.1812802223723835,0.1815456203519462,0.17354266333986956,0.17431569573531083,0.17352016654378102,0.18128022237238348,0.1498614035210194,0.14949310155674725,0.14954007954563395,0.17258358549070849
2024-01-29,0.19176423304460322,0.18120902200497954,0.18146665770295323,0.1734911804674518,0.1742623323982744,0.17346489997858122,0.18120902200497951,0.1497374354822955,0.1493722871143893,0.1493951972194316,0.17249690947045035
2024-01-30,0.19185491168456315,0.18126779629515052,0.1815683611554765,0.17358920611054796,0.1743580121641375,0.17356274482088413,0.1812677962951505,0.14996129803017372,0.14954049866304092,0.14965167232035148,0.1725298052622946
2024-01-31,0.19264873325885246,0.18212360856308896,0.18229941086073873,0.17441798470352746,0.1751832265164554,0.1743906560172723,0.1821236085630889,0.15056526652024566,0.15024277936747507,0.1502735817587034,0.17345961057996173
2024-02-01,0.19232839750260441,0.18188050951325277,0.18194651728062497,0.17425934997194661,0.17500518030116208,0.1742315548837005,0.1818805095132527,0.15073776023656885,0.1503880718893611,0.1504450410591626,0.17327982503681746
2024-02-02,0.19054746761867342,0.18042768627978084,0.18072494300003958,0.1729644979184157,0.17367986564322738,0.1729304324882099,0.1804276862797808,0.15057889303896232,0.15009419121790468,0.1502825127798965,0.17223893430871556
2024-02-05,0.1918926679029795,0.18219259906010926,0.182083235233138,0.17450052243487393,0.17521514864866783,0.17446328037932962,0.1821925990601092,0.15144342582309536,0.15109765040166118,0.15116975253822665,0.17442822538437666
2024-02-06,0.19167246980628458,0.18195646338193594,0.18185416427742243,0.1742304702911218,0.17494980608064303,0.17419437888046935,0.1819564633819359,0.15114336626084404,0.15078188941255857,0.15083533717614273,0.17415976645387504
2024-02-07,0.19126430739655786,0.18161774122903115,0.18139666022213094,0.17395873063967376,0.17467007766484405,0.17391644007768323,0.18161774122903113,0.15068020177662178,0.15039122634726235,0.15034291134562452,0.17383821799872273
2024-02-15,0.19103519235158262,0.1814656448154152,0.18126557350350625,0.17378819371926202,0.17449789973115823,0.1737419279885309,0.18146564481541516,0.15063051008933284,0.1503327725300783,0.15029640077252693,0.1737540012678883
2024-02-16,0.19129462435233457,0.18174935036903606,0.18153523816393252,0.17409367019041397,0.17480316100502033,0.174049098171856,0.181749350369036,0.15119977882356503,0.15080450806899645,0.15088899196226818,0.17408692215691252
2024-02-19,0.19226958238493833,0.18269183072019513,0.18257415204887298,0.17500974861999952,0.1757207512392445,0.1749624564755399,0.18269183072019507,0.15151569559027891,0.1510993711533967,0.15117392859707968,0.17500489534359998
2024-02-20,0.19210399438310968,0.1825551053761467,0.1824714342716473,0.17489122515708977,0.17559978579108232,0.17484707642686037,0.1825551053761467,0.15158066499140177,0.151150617767386,0.15124008389875845,0.17491205692167894
2024-02-21,0.19192739413979656,0.18234013322324183,0.1822314461461614,0.17465783094537526,0.17536630697794484,0.1746157476844232,0.1823401332232418,0.15136738708346287,0.15090536966903173,0.151027574743957,0.17466957797027743
2024-02-22,0.1800799324551167,0.17084944150002604,0.17033654356826505,0.1642639453200317,0.16476242768786933,0.16423481168770618,0.17084944150002598,0.14356783376501525,0.14256161022482022,0.14344001530020967,0.16364110446264216
2024-02-23,0.18124809287810908,0.1720163460914549,0.17156697820073374,0.16548973800090677,0.1659787574426409,0.16546099580569795,0.17201634609145486,0.1440410345746023,0.14308837598997026,0.14395968074107715,0.16481463624906775
2024-02-26,0.18142911720507662,0.1721433086855222,0.1717379809266132,0.16570254476870439,0.1661802246387507,0.16567303838519484,0.17214330868552216,0.14422700184320977,0.1432732105776528,0.14414297861466277,0.16490094835454105
2024-02-27,0.1815487332644323,0.17229082478008548,0.17199229711030722,0.1658030121074828,0.1662890500375287,0.16577149148109285,0.17229082478008545,0.1442439858880308,0.14329301440524436,0.1441878133472539,0.16509055607050996
2024-02-28,0.1813760632052436,0.17203919609323798,0.1716341903041695,0.16525803190899066,0.16577838723319896,0.16523017609571997,0.17203919609323795,0.14148550134629806,0.1409530657533382,0.14147353389010783,0.16467231574842975
2024-02-29,0.18117987521268683,0.17189839061399695,0.17146195914936074,0.16521745075779917,0.16572307225909602,0.16518756856730188,0.17189839061399692,0.14149940274798423,0.1409778881011423,0.14148076891699685,0.16459489188665255
2024-03-01,0.18008488272722012,0.1707535507230145,0.17035760855032553,0.16396951414318245,0.16446157856550422,0.16393907252754658,0.17075355072301449,0.13955132014899146,0.13914633479167862,0.13946871982577652,0.1633779339207358
2024-03-04,0.1800849458874783,0.17074406340757614,0.17036711311005015,0.16395419034856598,0.1644527112833423,0.16392575757964126,0.1707440634075761,0.13962180641062344,0.1391993572634359,0.13954364755498794,0.16336889979154193
2024-03-05,0.18013687862233144,0.1706767994328651,0.17054536457908456,0.16380741980840482,0.1643173559838788,0.16377994579154187,0.17067679943286507,0.1387173952992059,0.138469678095776,0.13867408734838382,0.16321462773991569
2024-03-06,0.17985017436427367,0.1704743547119426,0.17018964805769626,0.1637279603056482,0.16421533273274322,0.1636997519856341,0.17047435471194256,0.1388557368110579,0.13861257980280978,0.13881443251316541,0.16310933785623882
2024-03-07,0.17971601572215024,0.1702658918949404,0.16977652320922995,0.16356940595723762,0.16405455039916028,0.16354805921579335,0.17026589189494035,0.13887073279605602,0.13852321215494737,0.1388607918230501,0.1628370264247161
2024-03-08,0.18141413238763182,0.17196062467804837,0.17158519578789755,0.1650855239537659,0.16557277928028072,0.1650538395789721,0.17196062467804832,0.13970655257460793,0.1393500532457634,0.1395646046073516,0.16448432711645297
2024-03-11,0.18244837188868204,0.1730413684923511,0.17269312167822046,0.16616639667026095,0.1666503591712672,0.166136746038785,0.17304136849235105,0.14055514969026078,0.1401966340577047,0.14039919999002207,0.1655802533934286
2024-03-12,0.1827088464509546,0.17321915078284114,0.17286258514425548,0.1664127188355718,0.1668910846833693,0.16638391352731374,0.17321915078284109,0.1406134124414364,0.14027211836946044,0.14045641207837078,0.1656963890881788
2024-03-13,0.1839453735169233,0.1745698153711466,0.1741055822873789,0.16813182919745065,0.16853519334880204,0.16809937851142095,0.17456981537114655,0.14201945945500344,0.141657399185558,0.14192904808119328,0.16715229991871994
2024-03-14,0.1823466517326887,0.1730950189829413,0.17258191472266277,0.1666696984367582,0.16705542104853277,0.1666382008907902,0.17309501898294125,0.14087313013447905,0.1403658477704706,0.140700670729263,0.1657591170418996
2024-03-15,0.18221540237545805,0.17295467683488003,0.17251305458430938,0.16642968495966515,0.16683062291995204,0.1663994302333048,0.17295467683487997,0.1405901454737017,0.14006405345152378,0.14040238207648895,0.16560410825389424
2024-03-18,0.1836139645810581,0.17465953114208876,0.17424243988456498,0.16812608389922348,0.16852067361114462,0.16809067843844586,0.17465953114208874,0.1425126454832897,0.14208260624319966,0.14237106482827103,0.16743791473479822
2024-03-19,0.18358288991394794,0.1746004047265278,0.17422767541895334,0.16809236000800948,0.16847986610358695,0.16805545505161432,0.17460040472652774,0.1422164413373631,0.14178835407379745,0.14208813801338477,0.16735134835687876
2024-03-20,0.18414131994811378,0.1751297414867498,0.1749578328918129,0.16822354769773287,0.16865367366859177,0.16820014608923503,0.17512974148674976,0.14176751327475354,0.14137365472367666,0.1416732341020103,0.16771369982964562
2024-03-21,0.18521773409639225,0.1761780180030285,0.17599541936974894,0.16925649298986944,0.16969611613551486,0.16923833967753202,0.17617801800302849,0.14290575231091857,0.14237509624036612,0.14281198798389239,0.1686957628889462
2024-03-22,0.18473874249328218,0.1757839000687362,0.17573024610053306,0.1688757662920035,0.16931925251266697,0.1688585721980217,0.17578390006873618,0.14295909765213313,0.1423986193409259,0.1428854287976967,0.16838588278675742
2024-03-25,0.18477716977704578,0.17577250036614558,0.17569240318353163,0.16893684660245153,0.1693690575213465,0.16892184514093958,0.17577250036614553,0.14298704677664228,0.1423366300835597,0.14285863027831794,0.16835390300568756
2024-03-26,0.18355127266663665,0.1750428174791658,0.17531858855527294,0.16844716727547762,0.1688564968545472,0.1684376302755035,0.17504281747916575,0.1435597638956425,0.14289661287023273,0.14344012414990165,0.16799910623925166
2024-03-27,0.1770510559344115,0.16919361944119024,0.16986083685332595,0.16329135085361735,0.16364418308350626,0.1632897472372471,0.1691936194411902,0.14219926400759178,0.1410988843006235,0.14203470084389924,0.16275765727792416
2024-03-28,0.1765934149370802,0.16881146302833344,0.16947354512144155,0.16277418100129126,0.16314008028451338,0.16277398606967824,0.16881146302833341,0.14129615752992086,0.14028259627507159,0.14110327983167856,0.1623973917742634
2024-03-29,0.17598605425065705,0.16833544647973103,0.1689371361748602,0.16255531362743783,0.16288198410117555,0.16255452707249038,0.16833544647973098,0.1414213208804361,0.14039536273049583,0.14122184644337132,0.16203452057152792
2024-04-01,0.17606151769811684,0.16842180312875846,0.16902925569931243,0.1625228962167107,0.16287052876504995,0.1625245330506359,0.16842180312875843,0.14132011980270773,0.1402127411987594,0.14114719319196706,0.16212119773216005
2024-04-02,0.17607898895925125,0.16842908883866292,0.16903199246416778,0.16253834199460393,0.16288552910738305,0.1625392481373896,0.1684290888386629,0.14119804670382238,0.14011061584593948,0.1410297984483497,0.16211774545443605
2024-04-03,0.1771771817533297,0.16944554544437537,0.1700880041107679,0.16346415632746075,0.1638211257119811,0.16346446088055236,0.16944554544437532,0.14183999124919333,0.14075828271244106,0.14164586936321802,0.16302902302676228
2024-04-04,0.17108095597841827,0.16401529347024893,0.1651129980864814,0.15807183279010192,0.15844406406772296,0.15809009314945208,0.1640152934702489,0.13882532679066326,0.13745981234556612,0.1385899692839458,0.1581525787489605
2024-04-05,0.17143074645142237,0.1643900962532759,0.16546969192757482,0.15846561044953583,0.15883343816192652,0.15848141463666585,0.16439009625327586,0.13903521393465412,0.13768995099847156,0.13877635768593874,0.15851979552060566
2024-04-08,0.1705842194421179,0.16347005287521507,0.1644883854249317,0.1575152148776576,0.157878669454082,0.15753099195196135,0.16347005287521504,0.13784761084220648,0.13659417899345871,0.1376200760959685,0.1575569126162683
2024-04-09,0.17042201177849392,0.16328164621150634,0.16448385041056038,0.15733069051760426,0.15768117713518084,0.15734925407401856,0.16328164621150631,0.13777107702807553,0.13649642474763354,0.13754318013666444,0.15734635194788063
2024-04-10,0.17031794837739242,0.16311454603004566,0.16431728981945126,0.15725568015025135,0.15758849285977972,0.15727354766396112,0.1631145460300456,0.1375631307877879,0.1363142496692024,0.1372833904846981,0.15713142643960573
2024-04-11,0.1702367155488211,0.16299528896625856,0.16433735480437645,0.15715562271504757,0.15748335046435655,0.15717293317467537,0.16299528896625856,0.1373666481318971,0.1361367201602057,0.13710380784466758,0.1569816535196013
2024-04-12,0.17193620105340335,0.16511355016034487,0.16738606661646604,0.15929748501794497,0.1596162862240025,0.15932280681726096,0.16511355016034485,0.14037309621618746,0.13924617619219928,0.14018970206921214,0.1599102316115444
2024-04-15,0.18371631331113172,0.17475389282014564,0.17539545898844497,0.16849094411357612,0.1688343544165561,0.16850197210797477,0.1747538928201456,0.14530456923472562,0.1444284106678329,0.14514908661931375,0.16684214120401122
2024-04-16,0.18372523353684334,0.17472935760806613,0.1753456594232045,0.16840604987206473,0.16875989470977296,0.1684186582280537,0.1747293576080661,0.1453579736882884,0.14437246271695633,0.14516821467910368,0.166820607327505
2024-04-17,0.1847316658567034,0.17566555622470864,0.1760452519594937,0.16954974919642987,0.16986318961160576,0.16955877908812933,0.17566555622470864,0.14688539136938214,0.1457785232055188,0.1466762949290491,0.16754453866452948
2024-04-19,0.18516867920559027,0.17594201969115592,0.1762877520874929,0.16989253042691332,0.1702011934441572,0.16989446936916042,0.1759420196911559,0.14775202503151744,0.14620655007281813,0.14718032048192603,0.16757223185421968
2024-04-22,0.18491905355772267,0.1753946794035237,0.17519451790344456,0.16941320157412987,0.16972479355590697,0.16941360724353888,0.17539467940352368,0.146631181496466,0.14521606168768333,0.14615586522940585,0.16671709281962302
2024-04-23,0.18464466570612573,0.17505028047851434,0.1748247117834045,0.16918234391506629,0.1694860356111513,0.16917972764380615,0.17505028047851431,0.14622285059628753,0.14472361061191372,0.14563816834501916,0.16627197771903873
2024-04-24,0.18589493566844936,0.1757657815905566,0.1749089624495276,0.16990232438619673,0.17020472669362713,0.16989146599293203,0.17576578159055656,0.14650614991297767,0.14489665999786916,0.1456806370626242,0.16639307883070897
2024-04-25,0.18467097299381102,0.1744977424329676,0.17361501521182393,0.16860993351762027,0.1689107008745801,0.1685995381183087,0.17449774243296756,0.1449417415154673,0.1432648849949759,0.14406450019460348,0.1650758654900898
2024-04-26,0.1841730914304407,0.17400732837840793,0.17322451513428094,0.16805607342414422,0.16836178733062201,0.16804040891104327,0.1740073283784079,0.1442336664408032,0.14259624071200544,0.14341006256693278,0.16459421020511444
2024-05-02,0.18414956463671553,0.17391727933281018,0.17309922560700794,0.16801757645414833,0.16832063569344874,0.16799988486147777,0.17391727933281015,0.1444905561439705,0.1427384125089322,0.1435892418948112,0.16442835990447954
2024-05-03,0.1723610693099093,0.16271235057669625,0.16116667184853115,0.15736538263327954,0.1576352474591499,0.15736410849466287,0.1627123505766962,0.1351708657822178,0.13361173603653984,0.13441209485419148,0.15360295984564146
2024-05-06,0.17382175464045965,0.16424706434608408,0.16330815404540644,0.1589155473201922,0.15918503661651995,0.15891068838498892,0.16424706434608402,0.1380193543990513,0.1364492259251848,0.13714797104321505,0.15546163263854804
2024-05-07,0.1714468429009558,0.16247448064643036,0.1615643820766429,0.15741447892227695,0.15767402871275005,0.1574033875645921,0.16247448064643033,0.13897013940872488,0.13762922859302515,0.1381277079973947,0.15435031430050616
2024-05-08,0.17035742372661747,0.16173760405427612,0.16068745514858546,0.15665455765660893,0.1569165811798585,0.15663949621020434,0.1617376040542761,0.13840116139211817,0.13719482860867271,0.1376251005884948,0.15387411368896495
2024-05-09,0.16989992111221755,0.1612468196120161,0.16043726665187225,0.1560629732438941,0.15632862284178506,0.15604796374722973,0.16124681961201606,0.1378486926763638,0.13660096106140138,0.13699658844197984,0.1533299330059591
2024-05-10,0.1632544977304127,0.15502384638885838,0.15403721744968996,0.15017857827579173,0.150436696433207,0.15016253858895445,0.15502384638885836,0.13171771402466326,0.13102218978409388,0.13108427425845415,0.14751004095789025
2024-05-13,0.16347061828513684,0.1551818975759461,0.15408358487936755,0.15033087541288306,0.15058987501186163,0.1503140764333384,0.15518189757594605,0.13179701934741417,0.1311069142249116,0.13115256762935135,0.14757609073151431
2024-05-14,0.16261677818067663,0.15420743445245058,0.15336745572733604,0.14921915054783544,0.14949095480867922,0.14919503221018188,0.15420743445245055,0.13049221945809372,0.1299745921504757,0.1298040905909854,0.14657804985134595
2024-05-15,0.16211306629431535,0.15365895152092485,0.15284432912932822,0.14854535889389833,0.14882654824625316,0.14852093198387356,0.15365895152092482,0.12934498501085717,0.12886684911031282,0.1286797351799238,0.14596307652469317
2024-05-16,0.15694226285486346,0.14877517320797798,0.1482676245993323,0.14429905097985365,0.14454103677339658,0.14427392075939724,0.14877517320797792,0.12827076778499286,0.1274453185687708,0.12741124223253067,0.14132884654743888
2024-05-17,0.15702690911076161,0.14868041351933678,0.14835281328804362,0.1441133187704891,0.1443620177696609,0.14408667368106312,0.14868041351933672,0.12711922311538484,0.12632297272418377,0.12616056255711394,0.14106710669445607
2024-05-20,0.15577926597566238,0.14735806052554962,0.14701176157337084,0.14256906478523257,0.14283307005765958,0.14253532532026245,0.1473580605255496,0.12513686619221073,0.12454000077148673,0.12420947235169164,0.1396815961262522
2024-05-21,0.15570972743865333,0.14728147356271784,0.14698908922828158,0.14239246247657172,0.14266334615010504,0.14235571141505884,0.14728147356271779,0.12469386533403745,0.12410590204265262,0.12374988352685776,0.13960736025468173
2024-05-22,0.15573991392518427,0.14732339113709206,0.1467803207638266,0.14250968499359898,0.14277659157604644,0.1424660612656613,0.14732339113709203,0.12520972793709395,0.12461968963162544,0.12429172951268745,0.13964657833408
2024-05-23,0.15628328658744253,0.1479442102676773,0.14701156278577865,0.1429636431146726,0.14323473914440396,0.14292521560075558,0.14794421026767723,0.1252965547379092,0.12473132337644538,0.12439934036548503,0.14016605983340083
2024-05-24,0.1577680464468609,0.1493094741008697,0.14819262281007842,0.14438063299964468,0.1446489783063388,0.14434240698140466,0.14930947410086964,0.1271423142937599,0.1263276197188526,0.12621306092718165,0.14133282687816337
2024-05-27,0.15376947488850512,0.14531589677206902,0.14367172396944722,0.14039836518311696,0.14066672546011527,0.14035289523847158,0.14531589677206896,0.12453154885358453,0.12367678480736251,0.12359738999087004,0.1373512855089542
2024-05-28,0.154562833538859,0.1459834219384179,0.14492511475594883,0.1411572573302545,0.14142176140575477,0.14111294182018688,0.14598342193841785,0.12544832783829277,0.12455548473855214,0.12446462588626205,0.13785090518931226
2024-05-29,0.1554503247072181,0.14686052445841644,0.14560978769589838,0.1419792926893411,0.14224507114698529,0.1419349341939407,0.14686052445841638,0.12605954351629944,0.12520780755123403,0.12514028434507682,0.1386608334086584
2024-05-30,0.15572100369046693,0.14726436453326527,0.1457868805161779,0.14245662374181906,0.14271923082108223,0.14241033060598543,0.14726436453326522,0.1271243146461039,0.12625628273342845,0.12618912348344874,0.13916839063956307
2024-05-31,0.15180743654030152,0.1438351285761723,0.14318140559890008,0.13910384977830706,0.13936323313477586,0.13905960138679604,0.14383512857617223,0.12552628192720844,0.12451968473307401,0.12454900098286745,0.13605830425668164
2024-06-03,0.15320482962387638,0.14523310610869997,0.144480566374302,0.14041543658506161,0.14067611496550972,0.14037281655658357,0.14523310610869988,0.12646662231071198,0.1255625375734323,0.12552724420347525,0.1372925146332994
2024-06-04,0.15260532861139728,0.1446330606894025,0.1435206510886847,0.13995860394185092,0.1402163315545734,0.13991319735833438,0.14463306068940243,0.12623091647337217,0.12532196592419098,0.12529380907242804,0.13666235503443208
2024-06-05,0.15224728194187861,0.14436467929439856,0.143202859981857,0.13981862387393512,0.14007244833006252,0.13977455487671614,0.1443646792943985,0.12825051513876956,0.1271244595243121,0.1273927237177483,0.13650771752426527
2024-06-06,0.15201033769173602,0.1441928792018849,0.14298575019664778,0.13966838568650042,0.13992178083341486,0.1396226120791453,0.1441928792018848,0.12821362911914821,0.1271004501392948,0.12736289644685633,0.13640072619352847
2024-06-07,0.15096569162783394,0.14315960303312306,0.142362571838033,0.13846479240097018,0.13872394715535508,0.1384209261648422,0.143159603033123,0.12740638433457377,0.1262893379067324,0.12655852950419336,0.1353960661454166
2024-06-10,0.15062633571584386,0.1428135360670982,0.1420990145159904,0.13808784438990732,0.13834772190944972,0.13804309900805414,0.14281353606709812,0.127164140852927,0.1260342010908818,0.12628323471689581,0.13505276578883527
2024-06-11,0.149886315720431,0.14216674540703,0.14169860691471906,0.13758239476707768,0.1378382526554042,0.1375338190699027,0.14216674540702995,0.1274523373028811,0.12623677617699938,0.12651842540523547,0.1344623186422556
2024-06-12,0.15066346615096693,0.14292091648268382,0.14240556700095378,0.13826193227076874,0.13852076580913675,0.13821656902297677,0.14292091648268374,0.1278235938450358,0.12662821263463975,0.12689924504105035,0.13506948887888703
2024-06-13,0.15017723618028359,0.14243910203215857,0.14178376168672518,0.1377698220722647,0.13802855424847602,0.1377239285007424,0.1424391020321585,0.1273760027756778,0.12615930091659397,0.12641256708912565,0.13460455388528814
2024-06-14,0.1522892036816172,0.14410741320558354,0.14393952146139485,0.1394427417723258,0.13969846365708946,0.13939023551626814,0.14410741320558346,0.1277604719866554,0.1265752904123922,0.12670972973427133,0.13555403937123653
2024-06-17,0.1525425145665055,0.14425492712129617,0.14418531439472926,0.139584929294448,0.1398406726855911,0.13953190543178418,0.1442549271212961,0.12776334320066396,0.1265796868996382,0.12671089561361287,0.1355651921442236
2024-06-18,0.15254394201067897,0.1442721122640033,0.14418599761432263,0.1396139837088891,0.13986924357412708,0.13956028052983918,0.14427211226400324,0.12778653474111895,0.12661132595432184,0.12673312041828316,0.13561421514077773
2024-06-19,0.15256240967501006,0.14428366205616433,0.14419647471823605,0.13963421664120343,0.1398889381803544,0.1395801957869337,0.14428366205616427,0.12783263307216233,0.12663701573076622,0.12678078330545822,0.13561626493138557
2024-06-20,0.15138924285589345,0.1432453203645055,0.143474913658683,0.1386770457156359,0.1389298938396779,0.13862187801541853,0.14324532036450544,0.127748210418739,0.12652499993244995,0.1267132725860272,0.13473374391483361
2024-06-21,0.15123322045702198,0.14314222845513583,0.14335152197480697,0.13859773210455678,0.1388495181927848,0.1385418486809661,0.14314222845513577,0.12777302310904626,0.12655621711413892,0.12674020225827054,0.13468908173215063
2024-06-24,0.1545112146624764,0.14672227155756815,0.1465819824244694,0.14208233936799677,0.14233490291200493,0.1420260390976048,0.1467222715575681,0.13017812929529918,0.1291164214049818,0.12903075226954952,0.1391978153867133
2024-06-25,0.15343667245040218,0.14570867400708656,0.14542235946965265,0.14113564511869067,0.14138679463500545,0.14108234523249308,0.1457086740070865,0.1293573128536576,0.12818578435169548,0.12823772802230174,0.1390682119696056
2024-06-26,0.15339290909679426,0.1455992962445829,0.14535249647773557,0.1410548540201798,0.14130540690269905,0.1410025533978286,0.14559929624458282,0.12907150198541054,0.12787251350336504,0.12798227239471807,0.13893057624989352
2024-06-27,0.15337620483958847,0.14565975659326533,0.14537928519842017,0.1411248576411935,0.14137473742135373,0.14107184027758615,0.14565975659326527,0.12928850569346045,0.12809855465484205,0.12819476243706893,0.13912387758902497
2024-06-28,0.1539564012031675,0.14605620173502343,0.1456814994789546,0.14147088549705125,0.1417223411876288,0.1414182810372284,0.14605620173502334,0.12925946986717302,0.12806799245752534,0.12816980309500414,0.13935551456970557
2024-07-01,0.15433256626236966,0.14639964695049337,0.14603164964835455,0.14184359482694103,0.14209398977854915,0.14179114501449563,0.14639964695049332,0.12952242594665594,0.12836023591359721,0.1284124996735041,0.1396301438509391
2024-07-02,0.1543032005632029,0.146318963678418,0.1459999474795395,0.1418114460577314,0.14205921910589417,0.1417579954737264,0.14631896367841796,0.12974279492045135,0.128583942612703,0.12868042845288724,0.13947187917008783
2024-07-03,0.1543698807947923,0.1463743859250735,0.14605884926497087,0.1418544191280464,0.14210258408949392,0.14180079216342653,0.14637438592507346,0.12965763299802352,0.12850108674997332,0.1285801399284146,0.13950752511555417
2024-07-04,0.15440937551023878,0.14639006636936636,0.1460615305087481,0.14189156826917487,0.14213856120995233,0.14183776856483357,0.14639006636936633,0.12967117130665493,0.1285062899493267,0.12858630971006985,0.13950797178007396
2024-07-05,0.15405512961211731,0.14602451566946725,0.145891240326763,0.1413615918987238,0.1416160588047446,0.14130734758146546,0.1460245156694672,0.12880076056205653,0.12767920667122878,0.1277079096445357,0.13914632324959092
2024-07-08,0.15402502964784448,0.14602364318483343,0.14592144798283704,0.1413654720137616,0.14161992792322542,0.14131150014878774,0.14602364318483338,0.12888671332543902,0.12774115016883503,0.1277769354876096,0.13918979264926162
2024-07-09,0.154338680940186,0.1462836447772555,0.14617807500203864,0.1416030366141379,0.1418581598593076,0.14154897607550482,0.14628364477725547,0.12885306220672052,0.12770387293968702,0.12775655274650363,0.13934196695645984
2024-07-10,0.1543083722081394,0.14614786322304102,0.14610643736606707,0.14168873005440658,0.14193796552719226,0.14163491762722522,0.14614786322304096,0.12891034597961712,0.12776331401719782,0.12780876122273815,0.13909541472521825
2024-07-11,0.15392483427367587,0.14554449557493407,0.14568152873578624,0.14113392571948274,0.14138403836003344,0.14108395708754207,0.145544495574934,0.12780869327512442,0.1266514132866516,0.1268782011182447,0.13823774589629606
2024-07-12,0.15385648496527238,0.1454959242563597,0.1456916519726195,0.14109951054539246,0.14134961304991125,0.14105111340776566,0.14549592425635965,0.12788277846272608,0.12672744691729673,0.12696390046802827,0.13820196187704828
2024-07-15,0.15384888595299087,0.1454744445632956,0.14570679150958513,0.14109051864885014,0.14134026578860484,0.14104223729104848,0.14547444456329556,0.12793017014026453,0.1267692542800377,0.1270045151140603,0.13817900939638725
2024-07-16,0.1537321444490226,0.14540561475536806,0.14559744148241904,0.14102891244532234,0.14127842821979592,0.14097930058127559,0.14540561475536798,0.1278438734672852,0.12668328170615076,0.12694183120410396,0.138148220831782
2024-07-17,0.153797522069832,0.14532146804877613,0.14544210422988066,0.14103175017648747,0.14127834776503578,0.14098377186242614,0.14532146804877605,0.12748055709745254,0.12629986297803186,0.12666355459169346,0.13793505103088122
2024-07-18,0.15399642136402555,0.14547506156900278,0.14557600447089544,0.14123279748967477,0.14147652183488707,0.14118332840592793,0.14547506156900272,0.12747789597905743,0.12633483262743644,0.1266461379670812,0.13803858855876092
2024-07-19,0.15400358991081692,0.14550170813961918,0.145531173992361,0.141232831486345,0.14147787085980243,0.1411821140181162,0.1455017081396191,0.12737679985203246,0.1262286567087272,0.12654692381072155,0.13807480670183417
2024-07-22,0.1540768380356713,0.14553041741741346,0.14559552368082898,0.14128198665710512,0.14152691103951043,0.14123095221932008,0.1455304174174134,0.12738578958143593,0.12624288526523259,0.1265552726205913,0.13807289412268436
2024-07-23,0.15602746099809472,0.14719065018627503,0.14692458307154624,0.14260966455933638,0.14287074492036436,0.14254999562847132,0.14719065018627497,0.127436326277091,0.12632484047022216,0.12660505929468488,0.139382294738257
2024-07-24,0.15601738992273087,0.14716203915686377,0.14687778686570693,0.14262315007456774,0.142882176081375,0.14256404972807518,0.1471620391568637,0.12761962987536907,0.12649451345904222,0.12679863472615127,0.13934764653836224
2024-07-25,0.15604275771127615,0.14719574929231294,0.14699364329274647,0.14263025760424386,0.14288921500105306,0.14257179553572685,0.14719574929231286,0.1276515942464497,0.1265184021504682,0.12682423939771828,0.13937354967044716
2024-07-26,0.15552769540893285,0.14650341619033044,0.14621338886819318,0.14191605553316053,0.14217678558513383,0.14185786317649174,0.1465034161903304,0.12653364147909635,0.12523641891248463,0.125647644224817,0.1384940561415355
2024-07-29,0.15554990271990446,0.14651562609140267,0.14621523079117696,0.14193163498186126,0.14219226124093592,0.1418736252998879,0.14651562609140262,0.12650503801601176,0.1252261789900643,0.12562465502544615,0.13849680446691032
2024-07-30,0.15538123574454957,0.14631373590613023,0.14609478897828435,0.1417239352318568,0.14198458531065838,0.14166590698312628,0.14631373590613017,0.12606612907983591,0.12478663579957645,0.12521888874984707,0.13825131726185658
2024-07-31,0.15554844412718283,0.1467296194063968,0.14673186502443655,0.14208234702410072,0.14234822852464035,0.1420253371571455,0.14672961940639673,0.12803084286710367,0.12687244629846475,0.12722143831221985,0.1390292611857537
2024-08-01,0.15850190706278075,0.14915288803231308,0.14903622642135883,0.14425382169897102,0.14453403681959592,0.14418809649680503,0.14915288803231302,0.1282141967258784,0.1270995374410987,0.12741088148471535,0.14085404223317494
2024-08-02,0.15888125668905714,0.1493988393145503,0.14945328207555666,0.14458121302363192,0.14485602658307228,0.14451739789379678,0.14939883931455025,0.1280822533059385,0.12697095364170008,0.12728876026695285,0.14091700384737724
2024-08-05,0.1692208351834787,0.15953916773710067,0.15992935580441647,0.15502530138765896,0.1552817035977325,0.15495647996353587,0.1595391677371006,0.13600393543086348,0.1349152075444222,0.13522350761508278,0.15070015362173467
2024-08-06,0.17144550655635957,0.16161187726613363,0.1621049983508075,0.15709561284052362,0.15735215133374128,0.1570268484291505,0.16161187726613357,0.1377223347304371,0.1367249138195,0.13691642075856367,0.1526331738857913
2024-08-07,0.17031401917911787,0.1604969842283481,0.16112954992816916,0.15610231248736423,0.15635640054746522,0.15602555950270283,0.16049698422834807,0.138708227684506,0.13764900305652325,0.13802532298678796,0.15162870810558
2024-08-08,0.17020220190288846,0.16037472439207562,0.1610114332619862,0.15601208377403733,0.15626508383946727,0.15593627138686506,0.16037472439207556,0.13846674703565473,0.13737550343033333,0.13772099406931593,0.1514582370718266
2024-08-09,0.17119699684348078,0.16120495863591636,0.16163456382101743,0.15673475408348372,0.15699194811832148,0.15665760500061446,0.1612049586359163,0.13848858981755738,0.13741342887772004,0.13774231172406065,0.15204939732960163
2024-08-12,0.16995663378142076,0.15942330975107138,0.1603409833803302,0.15523844654813534,0.15549054900569856,0.1551648017837237,0.15942330975107133,0.13771255650103525,0.13648422302481839,0.13694267316015854,0.14970838772523565
2024-08-13,0.16997762033173283,0.15943822788770856,0.16035969949450793,0.15525475713742146,0.1555066099092699,0.15518208436131617,0.1594382278877085,0.13769209215803524,0.13647155715413767,0.1369275130151971,0.14971148486826738
2024-08-14,0.16959188428849836,0.15894510432126646,0.1599874053241741,0.15479722537485202,0.1550479847433285,0.15472659884964474,0.1589451043212664,0.13706666575416646,0.13586376060151814,0.13630013543301533,0.14913290181831204
2024-08-15,0.16967807637599847,0.15897809050654946,0.16001969382494108,0.15483924738285657,0.15508962963362996,0.15477030435484404,0.15897809050654943,0.13706751610044152,0.1358633306758687,0.13630086023720253,0.1491300811199448
2024-08-16,0.1724815522075347,0.1613557779761486,0.16220003696953994,0.1571596777385191,0.15740984596093344,0.15707681899851259,0.16135577797614856,0.13763296076021433,0.13654906191934987,0.1367872763743198,0.15109047116068278
2024-08-19,0.17168765465766517,0.16057813187438363,0.16140394502482658,0.15645251167127572,0.15669748871797834,0.15637290409810145,0.16057813187438358,0.13739288751636136,0.1363667828686875,0.1365761234487112,0.15031230808682464
2024-08-20,0.17172173730106438,0.1607158552078464,0.1615354804931793,0.15660245595851024,0.1568469343442582,0.15652324387793146,0.16071585520784634,0.13830797419160257,0.13723300042879155,0.13749266426669618,0.15058317764225645
2024-08-21,0.17200243762680203,0.16108410716007593,0.1618397968966955,0.15693556072630613,0.1571813375778304,0.1568564876333232,0.1610841071600759,0.13887771885050476,0.13781013892407257,0.13807661076795724,0.15103528995081622
2024-08-22,0.17198904663243103,0.16107061915941426,0.16182575347537959,0.1569419811085293,0.15718535414374116,0.15686343515631584,0.16107061915941423,0.1388512068538079,0.13774009536673687,0.13801682357154127,0.1510205106553501
2024-08-23,0.17060728546134862,0.15968808857770403,0.16026042169623245,0.15557008117516666,0.15581365640878772,0.15548796952359017,0.15968808857770397,0.13835090574061137,0.13717131906714713,0.1374599125348068,0.1496515360572819
2024-08-26,0.17044252028852544,0.15953502847129797,0.16010438925505466,0.15539653337914425,0.15564003192511958,0.1553145669964171,0.1595350284712979,0.13825915680425171,0.13707313688978104,0.13736698140365589,0.14951015458156525
2024-08-27,0.17004485103378855,0.15913394201778022,0.15962576052204036,0.15508231764224914,0.15532177477815656,0.15500142152754784,0.15913394201778017,0.13940030774600562,0.13826877453436806,0.13846559991743204,0.14916296324607345
2024-08-28,0.1691075119874385,0.1581919681415237,0.1588945987398851,0.15418683004695038,0.15442185063553182,0.15410800474695688,0.15819196814152364,0.13948898898300854,0.13819536196562657,0.1385029372002194,0.14828341906535825
2024-08-29,0.16906491548843294,0.1581389340152733,0.15884254153456762,0.15413017764594258,0.15436540867101897,0.15405157743478756,0.15813893401527324,0.13949044296649832,0.13818000453549775,0.13851328475340322,0.14822488112866888
2024-08-30,0.16905375133324793,0.15813867509878762,0.15884224023061178,0.15412670819172436,0.1543621843743368,0.15404782071521278,0.15813867509878757,0.13952060559126306,0.13820892487371092,0.13853694792795015,0.148230451384851
2024-09-04,0.1695998038060068,0.15856554182337165,0.1592291697616219,0.1546063660003487,0.15483734507356658,0.15453178384258298,0.1585655418233716,0.139603756696526,0.13830476578933454,0.13859888783987478,0.14852771457532374
2024-09-05,0.16938868827236475,0.1583208338787082,0.15884466767074312,0.15437002720745893,0.15459958798192383,0.15429635932305003,0.15832083387870816,0.13960575550446938,0.13830107121780194,0.13863367126590365,0.14825170467101767
2024-09-06,0.16940332767210264,0.15830035717718077,0.1588004233426945,0.15432484359970022,0.15455713920357256,0.15425239704429564,0.15830035717718074,0.13953079281572914,0.13818782597610899,0.13854821915051146,0.14819805663279792
2024-09-09,0.1695265973675248,0.15842611691378214,0.1589330356005735,0.15442180379982934,0.1546567169728586,0.15434419937077642,0.1584261169137821,0.1391980145875857,0.13791553093714715,0.13816323484217335,0.14829752853823544
2024-09-10,0.16789736943458972,0.15670900333623264,0.15693919613187207,0.15322488929520978,0.1534183974223432,0.15315044978418627,0.1567090033362326,0.13918440813202296,0.1376809073996084,0.13819344983073,0.14651998608532185
2024-09-11,0.16673413829757583,0.1554832225028478,0.1556253729456006,0.15208533872200375,0.15227331251931472,0.15200529828662906,0.15548322250284774,0.13875212423024252,0.13714834658896538,0.13777483580324532,0.1452572569007365
2024-09-12,0.1664166260473758,0.15526254521158625,0.1554118644793948,0.15182354858086383,0.15201189474190374,0.15174184845365662,0.15526254521158622,0.13888218817659262,0.13719559970458856,0.13789736617917642,0.14511969618818665
2024-09-13,0.16394805682767224,0.15285014782702958,0.15296437770779578,0.14949265318924929,0.14967758431904474,0.14940736188098866,0.15285014782702955,0.13755888733140562,0.1358977121297504,0.13650217389638195,0.14279980565990785
2024-09-16,0.1641238914816125,0.15312636160678378,0.15317381524924628,0.14993389575884217,0.15010890966334783,0.14984566202386948,0.15312636160678372,0.13830649208564533,0.13679281657913217,0.13731374998137186,0.14319310373947364
2024-09-17,0.165546476144958,0.15458892348557954,0.1545775749373328,0.1517093010011076,0.1518668909087311,0.15161611469271338,0.1545889234855795,0.13961725791281257,0.13846962107520816,0.1387510996053206,0.14467562829389563
2024-09-18,0.1636114115689192,0.15244456233253298,0.15228333057710558,0.1496656331672456,0.1498072579459672,0.14957336545156988,0.15244456233253295,0.137544868747489,0.13627324230818458,0.13661914711489767,0.14243542628293973
2024-09-19,0.16382869722573204,0.15264197138394428,0.15244125385495624,0.15003498263596213,0.15016048464501872,0.1499389300646584,0.15264197138394425,0.13843032192698135,0.1369993352050121,0.13751014115196394,0.14260485119448285
2024-09-20,0.16211232558618777,0.1509001549913281,0.15022013573246734,0.14871588413495884,0.14880678635460767,0.14861067353848237,0.15090015499132808,0.138151482508096,0.13655673480199748,0.1371894853160056,0.14100843596406532
2024-09-23,0.16094111997587526,0.1497142202465194,0.14908283761818508,0.14762469059849873,0.14770258147285018,0.1475130344281044,0.14971422024651934,0.13720132130220145,0.13572237412837118,0.1362343914751856,0.13985733985741491
2024-09-24,0.16138897947219658,0.15019273343602804,0.14955022160148604,0.1481232976793119,0.14819654514229272,0.14801110080523194,0.150192733436028,0.1375622963721197,0.13603270102136017,0.13657344647863245,0.14034123568940154
2024-09-25,0.16076851247120302,0.14970323125798823,0.14898191733449145,0.14747946859904199,0.1475615522334035,0.14736657379997384,0.14970323125798818,0.13690068940025735,0.13539692233088296,0.1359586218545247,0.13991134157242055
2024-09-26,0.1602640298983406,0.14917322596101,0.14832875954895858,0.14692510716976306,0.1470079124547399,0.14681236575505907,0.14917322596100993,0.1363894434410825,0.13488549025423596,0.13544826795398027,0.1393247008579808
2024-09-27,0.16026346800064628,0.14917435050360564,0.148327053938188,0.1469191285128101,0.14700191447476904,0.14680617978135346,0.14917435050360559,0.1364271255295225,0.13494577430323354,0.13548877925928257,0.13932421792429012
2024-09-30,0.16015091636398684,0.1490603906416628,0.14822600205604997,0.1468970945616591,0.1469729176890331,0.14678045798911782,0.14906039064166274,0.13655133971412642,0.13508760534376968,0.13562332521816067,0.13923997672268149
2024-10-01,0.1601258875790065,0.14904156459792092,0.14826045446706188,0.14692384660654714,0.14699552915502445,0.14680739037734197,0.14904156459792087,0.13659296932254192,0.13513273594956737,0.1356736909619635,0.1392274721138392
2024-10-02,0.16010167763766778,0.14903632879197265,0.14821977728761287,0.14690889721915287,0.14698061870018125,0.14679277081737666,0.1490363287919726,0.1364913958307578,0.13505564100269685,0.13557492231609783,0.13923644184875236
2024-10-03,0.16030224838279514,0.14922331576528822,0.1484669951505903,0.14717798693447062,0.14724642532830415,0.14706232043158876,0.1492233157652882,0.1365735611634702,0.1351972521049843,0.1356634044335287,0.13940681797632054
2024-10-04,0.1595296366269033,0.14847117890954184,0.14768416944076881,0.14653785064183655,0.1465926628536322,0.14642159798188797,0.14847117890954178,0.13592435347960988,0.1345891118828401,0.13503980267958687,0.13870336511418901
2024-10-07,0.15931470549003027,0.14829097736017258,0.14749314948582737,0.1464282586014898,0.14647746340185228,0.14631058413730166,0.14829097736017255,0.13598026286444548,0.13469628615339205,0.13512807432144416,0.13856405614398004
2024-10-08,0.1586947077666536,0.14776670717011964,0.14690953764111753,0.14595006391050566,0.14599360622700097,0.14583376793225034,0.1477667071701196,0.13571433339838213,0.13442793956758156,0.13488652930663853,0.13811004700018586
2024-10-09,0.15891258590007,0.1479748984508538,0.14718891128599176,0.14621452803190077,0.14625238712826544,0.14609678756101172,0.14797489845085374,0.13618651719538838,0.13486831066726335,0.13530729176683165,0.13829303470143922
2024-10-10,0.15811953588647235,0.14736368743724215,0.1463721814820409,0.14569252608395472,0.1457217656960328,0.14557392808868386,0.14736368743724212,0.13601413435568985,0.13468342139135203,0.13516040764314197,0.13783831678713446
2024-10-11,0.15802878786194863,0.14728550937497478,0.14629560276657444,0.1456771807712241,0.1457021527541026,0.14555796684391434,0.14728550937497473,0.13624694715693847,0.13493042350081513,0.13542431936064447,0.1377726499381086
2024-10-14,0.15800035749491673,0.14728968292505368,0.14613333761820815,0.14565169467103223,0.14567821986375523,0.14553155523837677,0.14728968292505362,0.13634291321524417,0.13504774955127619,0.13551173997514618,0.13781060341480528
2024-10-15,0.15607895232507776,0.1448459946238217,0.14267790793986845,0.14334447687127952,0.1433652242249357,0.14321342587854802,0.14484599462382164,0.13350663539522123,0.1320978826760355,0.13254627659560647,0.13434079134355947
2024-10-16,0.1420758195417043,0.13312729666420536,0.13281753802188126,0.13253375557238953,0.1324968207081648,0.1324059623101394,0.1331272966642053,0.12821948493615878,0.12643820577102965,0.12719385112023984,0.12573341339272207
2024-10-17,0.1421854547709828,0.13326195615418704,0.13297297809139508,0.1326484278057477,0.13261282335227328,0.13252008265317647,0.13326195615418698,0.1279094258797649,0.1261400177214947,0.1268961650347897,0.12584129974795485
2024-10-18,0.13956099700397284,0.1309115922430199,0.131147002168319,0.13046279347761802,0.13042167720806783,0.13033791653702992,0.13091159224301985,0.12601510020924314,0.12435249273535624,0.12499843396665855,0.1239381271184261
2024-10-21,0.13797436486655468,0.12972940842410124,0.1301612180328316,0.12897256430402612,0.12895325657283774,0.12885473342720216,0.1297294084241012,0.12405474903266678,0.12294177972805821,0.12337893741954598,0.12324568183346513
2024-10-22,0.13760616939458958,0.12968253796500975,0.13063449528290672,0.12890442103955685,0.12888837713159368,0.128789280924842,0.1296825379650097,0.1244122754379879,0.12335522049536081,0.12368808636775916,0.12358078658139414
2024-10-23,0.1366901452647219,0.12889787765174412,0.12987694465136965,0.1280349806720636,0.1280228470785803,0.127922080197698,0.12889787765174407,0.12363445332807466,0.12265838579005374,0.12300240453443907,0.12292342632212643
2024-10-24,0.1339880391517882,0.12702738446854311,0.12893409395305383,0.12649501762515383,0.1264641803365526,0.12639662669244134,0.12702738446854303,0.12277464037153835,0.12193276143311181,0.12250346256777835,0.12193510509725596
2024-10-25,0.13414513352069932,0.12717866283606957,0.12916376260619225,0.12664440457822468,0.12661307015483533,0.12654622875648433,0.1271786628360695,0.12281467478914705,0.12201283371403691,0.12255388575358932,0.12207492796360118
2024-10-28,0.13397721145709293,0.12704352573165087,0.12894106766706778,0.12642191545983056,0.12639787187762921,0.12632562033736494,0.1270435257316508,0.1223538093394625,0.1216947889980165,0.12207692239124969,0.12198203570724013
2024-10-29,0.13399666492339474,0.12708459720329646,0.12903751556258528,0.1263830551148031,0.12636325093193596,0.12628920926823553,0.12708459720329637,0.12201180443832689,0.12146055912718905,0.12180891506260909,0.12206837788952311
2024-10-30,0.13399071023927475,0.12704898690211483,0.1288952862960833,0.12638970351448633,0.12636659834849243,0.12629524131244538,0.12704898690211475,0.12196708721083752,0.12140480626540964,0.12173707503193869,0.12200241145211278
2024-10-31,0.1319180699383128,0.12484502128105365,0.1259960037566823,0.12435842924847101,0.12432280650817769,0.12426876888214844,0.12484502128105357,0.11923099440110775,0.1186354579867811,0.11917885794338551,0.11933435275538817
2024-11-01,0.13193040725595145,0.12453224150900259,0.12546927357165577,0.12398085213076968,0.12394731104610562,0.123893315474994,0.12453224150900251,0.11715778774429883,0.11647405922491885,0.11706227191506714,0.11847280897330202
2024-11-04,0.13255809117966302,0.12516145964546654,0.12603574420048422,0.12457889442868382,0.1245483523741097,0.12448906628964514,0.12516145964546646,0.11770231300503901,0.11705863005934002,0.11760976138440657,0.11906967589904913
2024-11-05,0.13253204248965877,0.12512869484926897,0.1260153912791437,0.12454871796068251,0.1245176687568696,0.1244585267685847,0.12512869484926892,0.11764668153314942,0.116951908148466,0.11747581958122312,0.11904467814627052
2024-11-06,0.13349633526311785,0.12601804879694478,0.12677191801808854,0.12528137557803215,0.1252613136436266,0.1251913540699033,0.1260180487969447,0.11797784435260725,0.1172125625551191,0.11770503752137979,0.11981029330015375
2024-11-07,0.13339117394658456,0.12597953599649903,0.12683823042436587,0.12522707661965035,0.1252074710102076,0.1251374467986983,0.12597953599649894,0.11794657586923306,0.11719039759363348,0.11767727742756662,0.11987070138953505
2024-11-08,0.13371680829665702,0.12628604193914017,0.12719224430959764,0.1255468087193079,0.12552532822300722,0.12545867696313767,0.1262860419391401,0.11811860753242932,0.11741223807683493,0.11788892222038333,0.12013910546219449
2024-11-11,0.13346407054847534,0.1260953283628766,0.12699549252990688,0.12533307462045204,0.1253128466312097,0.12524512142409602,0.12609532836287654,0.11805309839864174,0.11735741155605271,0.11785397763785596,0.12001714805940883
2024-11-12,0.132337470659636,0.12487606843327902,0.12524121178528758,0.12410405148434304,0.12408486107562768,0.12402257603593267,0.12487606843327893,0.11716973088041208,0.11644300216376523,0.1170736888809989,0.11870838046026115
2024-11-13,0.13213941864454778,0.12479394812526477,0.12501717788407965,0.12399773176122775,0.12397946033896413,0.12391688133118592,0.12479394812526472,0.11721462091463589,0.11646462883172279,0.11710153915705421,0.11869146076149771
2024-11-14,0.13302739666418098,0.12580287010183552,0.12606211096366024,0.1248240358469708,0.12482146558067311,0.12474094143007101,0.12580287010183544,0.11743284515415546,0.11669696974943816,0.11721933416879614,0.11976549599002805
2024-11-15,0.13379381096393186,0.12665311845050156,0.12687790807183905,0.12557322082176775,0.12557680745276864,0.12549283404353215,0.12665311845050148,0.11774216775555701,0.11715954809896578,0.11759414192279564,0.12064536116611911
2024-11-18,0.13313990872293816,0.12605188933683048,0.12648338500764683,0.12500278895475492,0.12500655232239458,0.12492536884344355,0.1260518893368304,0.1172027581519445,0.11667881072209123,0.11706137106222213,0.12015153614721656
2024-11-19,0.13164506941558676,0.12440208631679703,0.12530413164069837,0.12338092217078725,0.12338854254243374,0.12329724435868436,0.12440208631679694,0.11623449166480804,0.115600136620957,0.1159714941711334,0.1185578448883334
2024-11-20,0.1307736489694817,0.12365044193493814,0.12468221409697904,0.12254361059795327,0.12255517389844907,0.12245972840146911,0.12365044193493807,0.1144454978061911,0.11415174309188196,0.1142303010338472,0.11802274592006415
2024-11-21,0.1314741333874367,0.12435837070979518,0.12543996122663736,0.12314951998034308,0.12316959274017095,0.12306372011601215,0.1243583707097951,0.11458618527482017,0.11433974767269811,0.11438528685704588,0.11871081848069483
2024-11-22,0.130294178216809,0.12332759173179057,0.12368254488683932,0.12203263853136773,0.12205579566167911,0.12194534750949187,0.12332759173179049,0.1135448035237164,0.11332016593753237,0.11340182594628359,0.11790691521236861
2024-11-25,0.12955135721142866,0.12258274220723714,0.12320146540573049,0.12140182200616428,0.12141943264783214,0.12131322875162293,0.12258274220723707,0.11327120137595019,0.11294799802421876,0.11304033743590097,0.11724054187326731
2024-11-26,0.12954171152549362,0.12246954816406491,0.1233358931948439,0.12119383835139591,0.1212161158903603,0.12110712338228326,0.12246954816406483,0.11235277702195892,0.11203387664149315,0.11213776640073331,0.11704906915373976
2024-11-27,0.1294649335410247,0.12238337956713242,0.12326072141645032,0.12110875982036347,0.12113036409625476,0.12102128450605784,0.12238337956713236,0.11206027288498527,0.11176828709070884,0.11184995125597999,0.11695939596091573
2024-11-28,0.12732701652450698,0.1203308365539341,0.12138985570581398,0.11916296606487882,0.11918141488782684,0.11907617568163795,0.12033083655393403,0.11080381157453642,0.11040678352233657,0.11058904779833507,0.1151890712346256
2024-11-29,0.12769528706043626,0.1208069186164464,0.12180824984347374,0.11985530420342609,0.11985392321020027,0.11977688746484018,0.12080691861644632,0.11247894932964186,0.11185420756635016,0.11215263168042021,0.11575256227940924
2024-12-02,0.12761496802892294,0.12065310424897162,0.12173195160287557,0.11962908083790831,0.11962856362239362,0.11954601285700987,0.12065310424897155,0.11026621636687743,0.10980615525111954,0.10981187762301799,0.1154949323883626
2024-12-03,0.12757476129700449,0.12063017300463916,0.1216449930676331,0.11968698741062658,0.11967743581936009,0.11960693287908049,0.12063017300463909,0.11062839603547328,0.11005567247368271,0.11009834951364378,0.11548762062218196
2024-12-04,0.12806539994354574,0.12101876964338217,0.12221255983928456,0.12001133890691511,0.12000496659700226,0.11993056895756847,0.1210187696433821,0.1104218769407757,0.10985105593138961,0.10986443041771674,0.11578579212859542
2024-12-05,0.13333401025832978,0.12571242508167516,0.12790632408072225,0.12406996304177452,0.12410282376113244,0.12397293841523926,0.12571242508167507,0.1108229515715214,0.11040887987961705,0.11029328198360462,0.11979612239124778
2024-12-06,0.13313347546173937,0.1255156275503962,0.12773665004505977,0.12381692154889658,0.1238517518882181,0.12372080007860181,0.12551562755039614,0.10988748852866331,0.10954496685546931,0.10936016767251991,0.11958504322051568
2024-12-09,0.1318670553881972,0.1242993603194829,0.12646212590067613,0.12275634127146035,0.12278485545647463,0.12265502087391893,0.12429936031948281,0.10938565419086929,0.10902372348014135,0.10885423684597306,0.11857027718755564
2024-12-10,0.1318549467603224,0.12428692222018069,0.12636446503893678,0.12275175749237556,0.1227797945365328,0.12265037864359213,0.12428692222018063,0.10938515835027557,0.10902324363905098,0.1088543952424388,0.11855665580078521
2024-12-11,0.12974755746534658,0.12264868574304483,0.12434332109368541,0.12114762598601435,0.12117514015608037,0.12105148663811785,0.12264868574304476,0.10896571781140953,0.10855229690452275,0.10847322155742622,0.11768742512934399
2024-12-12,0.12947747070039636,0.12250887743103805,0.12415189736848106,0.12099761600172185,0.12102561587716328,0.12090169908692351,0.12250887743103799,0.10896888190669644,0.10855646082578582,0.10847621536061462,0.1176877712052101
2024-12-13,0.12949857503933287,0.12253261986161158,0.12420549288154073,0.12098928617804301,0.12101908463352651,0.12089461292335033,0.12253261986161151,0.1090081767749296,0.10857652786836336,0.10851102911282653,0.11767066863895513
2024-12-16,0.12949716734059905,0.12253824624835806,0.12420536068843195,0.12099728625941095,0.12102667680789578,0.1209031828425562,0.12253824624835799,0.10911976235417145,0.10867888396904744,0.1086016754899421,0.11767876754933644
2024-12-17,0.12949962285130698,0.12252666705482342,0.124224649494165,0.1209834961789904,0.1210129593559833,0.12088955874795655,0.12252666705482335,0.10906853164013858,0.10864489945572775,0.10855445092385514,0.11759182098339144
2024-12-18,0.12952632635789485,0.12255474958612096,0.12426240277761152,0.12098132245814183,0.12101271458687668,0.12088853300308335,0.12255474958612089,0.10903744940462617,0.10860234228445427,0.10852076534311783,0.11756121065556188
2024-12-19,0.12641442759692711,0.11899326304820691,0.12080124134554705,0.1174584260364878,0.11748624355650059,0.11735474044606344,0.11899326304820683,0.10566871119797148,0.10510032162412436,0.10522082331207329,0.11294613640123917
2024-12-20,0.1263987704710341,0.1189124982570063,0.1207942268994837,0.11738446654693392,0.1174112703753176,0.11728134403427597,0.11891249825700621,0.10460212421254189,0.10397837273994974,0.10412700897820275,0.11184436108572655
2024-12-23,0.1264049741108498,0.11902346586305183,0.12086622713503083,0.11758635137936928,0.11760458132321042,0.11748362432056576,0.11902346586305176,0.10521613953847557,0.10451181280396554,0.10467622821917946,0.11201765861435299
2024-12-24,0.12636679380037358,0.11895924690789716,0.12084794188279342,0.11750701374533336,0.11752583492209873,0.11740499338197462,0.11895924690789708,0.10505298011811977,0.1043243165686506,0.10450600707658951,0.11185211440289126
2024-12-25,0.1273745687999566,0.12000244514088702,0.12255783846499047,0.11846590435273446,0.11848856544535387,0.1183610548062946,0.12000244514088695,0.10545761115038677,0.10472478839153346,0.10490065222413188,0.11288445069491596
2024-12-26,0.1268142707453101,0.11948952684351528,0.12196910978788648,0.11794968122940377,0.11797051789213399,0.1178451324829631,0.11948952684351521,0.10534345518754064,0.10452012987924923,0.10480494679102315,0.11246122171905475
2024-12-27,0.12587043846890983,0.11858649293892787,0.1208686932905011,0.11701247648416115,0.1170382217159101,0.11690886847752822,0.1185864929389278,0.10447996987434081,0.1036463662390021,0.10392855411803556,0.11164262789957378
2024-12-30,0.12573783794944868,0.11850881469694262,0.12075374307801229,0.1169361328884665,0.11696110787766269,0.11683221427133768,0.11850881469694255,0.10462335172734073,0.10378982697439441,0.10408471011830031,0.11163965848343212
2024-12-31,0.12588151008036086,0.11864294286949596,0.12088407295691651,0.11714372886769742,0.11716197449145381,0.11704232243102798,0.11864294286949588,0.10506566092013561,0.10418775841288833,0.10450966869584111,0.11178543289364151
2025-01-02,0.1258608158162349,0.11862710762664813,0.120837541638918,0.11714387347491136,0.11716049849544599,0.11704235848804287,0.11862710762664806,0.10503681602243732,0.1041639079615556,0.10448423641018739,0.1117771149219922
2025-01-03,0.12734747429438134,0.11985925113458484,0.12211138443709776,0.11816150105509654,0.11818741731032134,0.11805977361544685,0.11985925113458477,0.10510565902085474,0.10428623755887137,0.10453701543188883,0.1126860137234784
2025-01-06,0.12717861855992613,0.11970576105312064,0.12196289469652703,0.11811418511525074,0.1181310862851508,0.11800968438454527,0.11970576105312059,0.10538150477839395,0.10448996834353068,0.10475502792086612,0.11255897507470725
2025-01-07,0.1267021426130942,0.1193294704677577,0.12161491400466751,0.11770785943077203,0.11772485261269686,0.11760425615078943,0.11932947046775763,0.10555196977578497,0.10463473540700678,0.10492971990882013,0.11226116040346597
2025-01-08,0.12674401011580383,0.1193520669465882,0.12164213724949965,0.11774528038116445,0.1177602012364452,0.11764124047054471,0.11935206694658813,0.10553331710274531,0.10460599644878828,0.10491062954279982,0.11225733307505432
2025-01-09,0.1268928566802811,0.11946774243409984,0.1217662620305071,0.11780768432749143,0.11782675004709238,0.1177056192137792,0.11946774243409976,0.10543300122254004,0.1045038775051217,0.10480664424152307,0.11233708987625894
2025-01-10,0.12801344318718785,0.12052524281406253,0.12283620286005799,0.11858046733387188,0.11861776593610542,0.11847953240282141,0.12052524281406245,0.10571915803056729,0.10479290354721077,0.10506261230043551,0.11327603349195911
2025-01-13,0.1280370428078474,0.12054799712596169,0.12290557474571875,0.11864076186514723,0.11867590827422621,0.1185398744628022,0.12054799712596162,0.10582924713814124,0.10488035757917567,0.10515740775287452,0.1132893900768917
2025-01-14,0.12806924874868772,0.12062269768200826,0.12299008376623706,0.11857247423841188,0.1186134879669409,0.1184715158786658,0.12062269768200817,0.10595830285282375,0.10492537520524323,0.10527484055984518,0.1133454187849645
2025-01-15,0.1280612314122943,0.12064054079688162,0.12306107614592285,0.11850257218163922,0.11854961272219915,0.1184044812138854,0.12064054079688154,0.10560916852628816,0.1045760456789237,0.10492575741201611,0.11334374372391942
2025-01-16,0.12808158892216143,0.120671262685232,0.1230847511636993,0.11849798671740551,0.1185471200261147,0.11840191098343286,0.12067126268523193,0.10561067742989412,0.10458027336858194,0.10493529649414492,0.1133787438093813
2025-01-17,0.12824754095314103,0.12077681378033327,0.12318759756074381,0.11856585417351904,0.11861642941559854,0.11847157344433812,0.12077681378033318,0.10560421958200819,0.10456495533017947,0.10492783053541048,0.11341560523051743
2025-01-20,0.12586597124720378,0.11878947154165155,0.12171278253047949,0.11701774254650918,0.11704640426463842,0.1169329423159412,0.11878947154165148,0.10557049062696625,0.10449591761543264,0.10488708261895895,0.11186425468954962
2025-01-21,0.1258342789261377,0.11879710923710687,0.12173766224815931,0.11698551793229288,0.11701623916704733,0.11689977934207187,0.1187971092371068,0.10548367451332229,0.10440798377668227,0.10477371307823288,0.11191110890654729
2025-01-22,0.1257987781392049,0.11873417959980259,0.12159634045846876,0.11694056679700943,0.1169681068448928,0.11685474599497651,0.11873417959980251,0.1055517335002947,0.10442844848416953,0.10483804032989423,0.11184493627753593
2025-01-23,0.12720735725533752,0.1200544352057268,0.12298168234003638,0.11801582965584681,0.11806326560109642,0.11792924412389948,0.12005443520572673,0.10605205129900114,0.10497733954668471,0.1052905214166547,0.1130039697255363
2025-01-24,0.12739918457016197,0.12026603063381855,0.12324064631476156,0.11818404735122519,0.11823514580133579,0.1180987194278313,0.12026603063381847,0.10613538070126945,0.10507789628511682,0.10537568060577156,0.11324014767730256
2025-02-03,0.12844945740564906,0.1214935671477101,0.1243576745794406,0.11939798961939842,0.11945266035354396,0.11931299795646925,0.12149356714771001,0.1079132695351392,0.10685514568210559,0.10708589241275457,0.11465278994238341
2025-02-04,0.12863336765541902,0.12117704397462377,0.1235614863269377,0.11907365052509583,0.11912321432163464,0.11898662038390528,0.12117704397462369,0.10546351545119287,0.1042458737059264,0.10458322742770201,0.1136922839994936
2025-02-05,0.1251041663559835,0.11829702916511263,0.12087034189909504,0.11655493402371325,0.11658328629944027,0.11647559585835983,0.11829702916511255,0.10534241511372389,0.10406298472593334,0.1044379724451861,0.11154618531173234
2025-02-06,0.12452339047789385,0.11785665923300452,0.12018577300861633,0.11602394421130717,0.11605861477360614,0.1159422265573501,0.11785665923300447,0.10524127117957045,0.10396814420417491,0.10433768062334543,0.11129886105844762
2025-02-07,0.11018489125510994,0.10377762575192073,0.10611266015002743,0.10171400716127832,0.10175202066325818,0.10163685590977314,0.10377762575192065,0.09478587851901925,0.09341105778350338,0.09382662454215529,0.09765111090181983
2025-02-10,0.10684893700827601,0.10079256035032909,0.10300112582271728,0.09865162522514152,0.09869292285504475,0.0985756000761699,0.100792560350329,0.092475039239597,0.09104116150818782,0.0914921073015543,0.09499195868105169
2025-02-11,0.10671387966267548,0.10060224075036929,0.10274234770724383,0.09834405557239737,0.09838778291929115,0.09827623975455003,0.1006022407503692,0.08985870537495566,0.08833049014912386,0.08862194451852753,0.0945810493630971
2025-02-12,0.10641643133350669,0.10037228344900513,0.10258921695357781,0.09807031751493081,0.09811441202666643,0.09800195618721273,0.10037228344900505,0.08982165289535955,0.08829036728069602,0.08861456825960876,0.09442261137935816
2025-02-13,0.10477947082911457,0.09897670852609636,0.1014765686805368,0.09687198949960366,0.09690663786909662,0.0968047464649926,0.09897670852609627,0.08974248081024107,0.08821808058395265,0.08856552223806093,0.09338006845861685
2025-02-14,0.10469335600266984,0.09899605801297708,0.10153358924561416,0.0969384549219385,0.09697015312396792,0.09687249380852317,0.09899605801297699,0.08981348642698007,0.08833574994792742,0.088670903090794,0.09347249275888447
2025-02-17,0.10484628703791814,0.09907005109419094,0.10153254645915698,0.09700484859548605,0.09703745924615942,0.09693781344535062,0.09907005109419086,0.08979794588376354,0.08831913574829614,0.08864901567303626,0.09349355521650053
2025-02-18,0.10496000442105725,0.09913252525474421,0.10150314307632977,0.09712434263989407,0.09714874230240993,0.09705525370643875,0.09913252525474413,0.08977558952942907,0.08831297391429926,0.08861206945143105,0.09352304714815161
2025-02-19,0.10516690896412084,0.0993655625898018,0.10165921085349995,0.0972745848216663,0.09730501755025371,0.09720331153720703,0.09936556258980171,0.08988450152165689,0.08843072152990572,0.08871816545051885,0.09376938691484646
2025-02-20,0.10016684086641242,0.09508220415183637,0.09763891277388051,0.0931042184789203,0.09312603391721283,0.09305305133893949,0.09508220415183628,0.08804696568874805,0.08655752516766964,0.08694825156100537,0.0900589716995793
2025-02-21,0.09991634949541167,0.09475655919115557,0.09719134120000698,0.0927715701878017,0.09279190065389399,0.09272027595564598,0.09475655919115547,0.08790480566448787,0.08635353480740192,0.08679854801033354,0.08966887476578504
2025-02-24,0.10023652626948315,0.09495863064307598,0.09724785546787655,0.09290214856032844,0.0929247350523158,0.09285256261732491,0.09495863064307589,0.08679046931116052,0.08530324835185715,0.0856126094117753,0.08971731202374247
2025-02-25,0.09975467296499746,0.09434764597173184,0.0967091616028173,0.09235335702617795,0.0923724939319778,0.09230324788629853,0.09434764597173177,0.0859363284990735,0.08443036324429307,0.08470902509153491,0.08899278278114346
2025-02-26,0.09973095252297785,0.09433619224343787,0.09670322677916107,0.09227192106422631,0.09229707152842995,0.0922201135660346,0.09433619224343778,0.08561423406140024,0.08421539439245353,0.0844088943827832,0.0889904630396317
2025-02-27,0.09966320645575226,0.09427969426603605,0.0966418734938057,0.09223349644569594,0.09225759532448373,0.09218190064064406,0.09427969426603597,0.08562265968352972,0.0842191205825666,0.08442229596594046,0.08894498095204356
2025-02-28,0.09965955871040343,0.09432752418597933,0.09677089931210997,0.09231022746896014,0.09233224473878313,0.0922585799949128,0.09432752418597924,0.08561201898827481,0.08422144679384524,0.08442387309430961,0.08903989466594782
2025-03-03,0.0997939628565082,0.0944781945532484,0.09682987027213215,0.09249193790673459,0.09251051350782624,0.0924393158641904,0.09447819455324831,0.08376368672392885,0.08233832614797282,0.0826731729297959,0.08913893771531808
2025-03-04,0.0998877273240886,0.09457001931336409,0.09695708003830797,0.09253674922476748,0.09255837091340303,0.0924854556411028,0.09457001931336399,0.08319502017740607,0.08184706953506976,0.08208713699874894,0.08919447400276667
2025-03-05,0.1000453034198734,0.09471321823587128,0.09710600585356441,0.09268946432257669,0.09271046915068806,0.09264209864811955,0.0947132182358712,0.08320874322974994,0.0819093467413393,0.08212979000897637,0.08931803295809801
2025-03-06,0.10088049372027276,0.09529497020660667,0.09768957825304878,0.093068202596611,0.09310361244866938,0.09302121771948212,0.09529497020660657,0.08311843504555197,0.08182274172622357,0.08205368978833497,0.08968073726332827
2025-03-07,0.10021233998028121,0.0950647612776101,0.09748867572077802,0.09265781491618857,0.0927116039589627,0.09258846585466667,0.09506476127761,0.08488877957218538,0.08323457779288665,0.08350343440893145,0.0899637998547544
2025-03-10,0.10000605064884653,0.09512884149592789,0.09761710249927867,0.09286730277856317,0.09291254658877386,0.09278986576275688,0.0951288414959278,0.08636118704840895,0.08477297738963878,0.08481157616952831,0.09030725109184892
2025-03-11,0.09979435611034226,0.09498343154877276,0.09747937255454549,0.09279606263408217,0.09283397516223661,0.09271671958013966,0.09498343154877266,0.08627904843598201,0.08475224207236184,0.08473259843053475,0.09020506824666512
2025-03-12,0.09930016904323266,0.09449792516192713,0.09705433515031818,0.09226207392828774,0.09230239036664185,0.0921815951478277,0.09449792516192704,0.08684716302139496,0.08515941282268294,0.08516164830367999,0.08979630181484996
2025-03-13,0.0983398326464934,0.0935265576325953,0.09635635046338367,0.09078271998672069,0.09086410143512039,0.09071170137063943,0.09352655763259522,0.08514824206206721,0.08348938642564586,0.0832837542544047,0.0888810815846178
2025-03-14,0.09831133508510735,0.09361753911587295,0.09650572887535676,0.09073495502001137,0.09083259224034333,0.0906666272227865,0.09361753911587285,0.08586192082006132,0.08402996711042245,0.08371274023171646,0.08911117649440743
2025-03-17,0.09862112768189016,0.09408297850712592,0.09703761532449927,0.09112914688120562,0.09123780465230831,0.09105983720845537,0.09408297850712581,0.08659228618019985,0.08483330135606368,0.08431970480770426,0.08969974150160018
2025-03-18,0.09875064708638703,0.09416970769071947,0.09703922581037565,0.09117928615663932,0.0912900475104254,0.09110997916855255,0.09416970769071939,0.08645632005849749,0.08468684606792537,0.08419023542016421,0.08970513557765059
2025-03-19,0.09801780273013398,0.0932962666172024,0.09625002803079331,0.08995852008737784,0.0900883314107482,0.08989663152884753,0.0932962666172023,0.08441570655824218,0.0825976648874544,0.08213070275167525,0.08870014780611313
2025-03-20,0.0957864413437011,0.09108755473801537,0.09407795709080198,0.08722298952753485,0.08737980445484636,0.08716904743170266,0.09108755473801529,0.0824476691582986,0.08006764743099054,0.07996914865282857,0.08654284906838847
2025-03-21,0.09575954799636195,0.09104710153479968,0.09401223182346387,0.08721889673617346,0.0873734490993719,0.0871661727991033,0.09104710153479958,0.08243232473052271,0.08005251044780318,0.07994938720331357,0.08649577327545364
2025-03-24,0.095692294956858,0.09133639946734654,0.09420915842090477,0.08718533913631231,0.08737698854200382,0.08711988409560183,0.09133639946734647,0.08392203127072735,0.08092744204391521,0.08064384454424572,0.0871445571484337
2025-03-25,0.0956192784307266,0.09123710432471539,0.09414419026252366,0.08716860466686689,0.0873570849308716,0.0871013113014513,0.09123710432471531,0.08379627163644632,0.08088142837737763,0.08053719912388334,0.08701627811317562
2025-03-26,0.09576514512714854,0.09137794713632709,0.09428536338531487,0.08720401333039786,0.08740069195291875,0.08713800064544676,0.09137794713632699,0.08358701021589388,0.08070947913560778,0.08030848995180417,0.08712380965569946
2025-03-27,0.09501816449077384,0.0906255855572243,0.09349464033974636,0.08638700004523386,0.08659328089094843,0.08632080652643956,0.0906255855572242,0.0829256532544787,0.0800477005189857,0.07958103746982853,0.08636644378088437
2025-03-28,0.09470388398292545,0.0902469182904728,0.0931865196682457,0.08615891734341852,0.08635948322742044,0.08609511555216266,0.09024691829047268,0.08271913868553878,0.07984954791594147,0.07942133282218276,0.08590556605673279
2025-03-31,0.09521432556306265,0.09064794080777598,0.09372519711878635,0.08687637473222656,0.08704211906371247,0.08680283823125833,0.0906479408077759,0.08342251926068722,0.0807222156160963,0.08019257561949933,0.0862387950961755
2025-04-01,0.0959826997103105,0.09137033640778584,0.0943942743065935,0.08761118868972592,0.08778966705379021,0.08753516756179924,0.09137033640778573,0.08395458515407163,0.08123794506486812,0.0807161799861425,0.08688348163274894
2025-04-02,0.09589368946883907,0.09131399167915845,0.0943642846186838,0.08754176196760179,0.08770322546145579,0.08746331583697313,0.09131399167915835,0.08424086984872545,0.08136346714858418,0.08096413329690563,0.08687075510593141
2025-04-03,0.1355599186485731,0.13187939398492401,0.13249761356945627,0.12602269718404766,0.12700973787412487,0.12614006798787936,0.13187939398492396,0.12090266065374627,0.12051233482376779,0.11868248318337525,0.1284156906630002
2025-04-04,0.13683904722744017,0.13349352447827975,0.133798297761983,0.12702560067162408,0.12819545785381226,0.12724458154463525,0.13349352447827972,0.12333027860339878,0.12340297897821448,0.12150656094844035,0.13059572127473612
2025-04-08,0.16311114514174743,0.15890650185496627,0.15836844056487498,0.15015063957425556,0.15192132495611982,0.15049756236030887,0.15890650185496624,0.14128573930272043,0.14208015764336882,0.13966846266789118,0.1547197021946281
2025-04-09,0.16839419273037368,0.16434401655902323,0.16350858548716599,0.15428959303929718,0.1563870238188649,0.1547938002234154,0.16434401655902317,0.1457943357098269,0.14671540207204078,0.14440221703503645,0.16035621690777685
2025-04-10,0.19533238782012316,0.19181570335718065,0.1912214841705365,0.18322622528975485,0.18500495055395444,0.18365888583455509,0.1918157033571806,0.17602229969174812,0.1768511675682941,0.17495922869138428,0.18841575791422532
2025-04-11,0.20539911725344054,0.20165946239324112,0.20067840057613867,0.1905110770619896,0.1928902221155448,0.1910983540763792,0.20165946239324106,0.1813253936022316,0.1829454159231394,0.18037187117421236,0.1978731316003277
2025-04-14,0.20580720809374017,0.20177912238273085,0.20057518432896895,0.19042478729947224,0.19286574933831382,0.19102354434869512,0.2017791223827308,0.18086520628324151,0.18249965216896644,0.17994016816456962,0.19779741791690622
2025-04-15,0.20704810587968384,0.20306815235983755,0.20207188465239792,0.19211752144091407,0.1944599559868447,0.1927050564304035,0.2030681523598375,0.18338042876430435,0.18475338286170084,0.18245764162476125,0.1992143975481601
2025-04-16,0.20763424703672137,0.20339060749291266,0.2023018884640213,0.1924909781513834,0.19482531512406984,0.19307447520348436,0.20339060749291263,0.1831454317581441,0.1844948127464212,0.18219362898753383,0.19930114057947346
2025-04-17,0.20795979750794813,0.20362814464403423,0.20264386674647122,0.1931785052137625,0.19539724364646718,0.19373851771408127,0.2036281446440342,0.18454137236645732,0.18546380889005015,0.1834604165076473,0.1995134255816635
2025-04-18,0.20797664911244096,0.2036711479044319,0.20267114695092875,0.19314297649635845,0.19537044188770644,0.19370444398955097,0.20367114790443186,0.18440832206750907,0.1853511218032915,0.1833485115114135,0.1995481611602908
2025-04-21,0.20820096705459265,0.2039242931914218,0.2028958135727284,0.19349377867487377,0.19569427966697855,0.19405068129681827,0.20392429319142177,0.18512193982747524,0.1860335781898611,0.1840371147355829,0.19989840636711503
2025-04-22,0.2082456655675374,0.20393384439661244,0.20285331777529267,0.1935580999169111,0.19575121842654358,0.19411859135228082,0.20393384439661238,0.18523342824259012,0.18613867175046067,0.18413544573379453,0.19989249112380922
2025-04-23,0.20912422648454332,0.2047644546847157,0.20353928717032585,0.1939301686829156,0.19622990519843406,0.19451024086418617,0.20476445468471569,0.18530856903910997,0.18642351954391045,0.18426100981214102,0.20071858182976615
2025-04-24,0.20952045731875904,0.20489305529555998,0.2035983402177575,0.1943636311235694,0.19661398958849685,0.1949321644164505,0.20489305529555996,0.18543259435067813,0.18652531847547468,0.1843737433101412,0.2006787222177009
2025-04-25,0.2092092175580871,0.20464615124342286,0.20318199214483276,0.19413987878523914,0.19641587273064312,0.1947231706239013,0.20464615124342284,0.18592844861293933,0.18698288406527463,0.1848993193966601,0.20059929763935586
2025-04-28,0.20919910690569388,0.20463851000770408,0.20317758454673593,0.1941266034567159,0.19640036157059565,0.19470850889491775,0.20463851000770403,0.18587669208913693,0.18693597654791452,0.18484594722946773,0.20059520436730988
2025-04-29,0.2085315236177955,0.20410780091366237,0.20250190892941894,0.1935800270137329,0.19585906725288746,0.19416227988435186,0.20410780091366235,0.18877509889489158,0.18937014807473024,0.18768354932960823,0.2002063800780477
2025-05-05,0.20888086332667674,0.20437104389573263,0.2027315309637721,0.19392377405163091,0.19619845802030256,0.19450376362077132,0.2043710438957326,0.18953150342114178,0.18992784293041728,0.188433152895945,0.20040968988341043
2025-05-06,0.20887516711482365,0.20436545179935325,0.20272079756997932,0.19392344132896341,0.19619791965434744,0.19450327909740925,0.20436545179935323,0.18966231507871847,0.1900077400594332,0.18854737853645456,0.200404497419882
2025-05-07,0.20882413066238917,0.20428610434361452,0.20261072480326764,0.19392393596611107,0.19619399879649427,0.19450151047815417,0.20428610434361447,0.18974235793395433,0.19009748011454508,0.18862212929772953,0.20030984351794065
2025-05-08,0.2104673215234015,0.20567857458559838,0.20416523193755856,0.19544886932110617,0.1977043948829105,0.19601807809574964,0.20567857458559835,0.19035548355213835,0.19066065051658737,0.1892568190895795,0.2015041148718322
2025-05-09,0.21041639681827817,0.20559878809157553,0.20409588350540317,0.19534260367541326,0.19760198508505286,0.1959117196437461,0.2055987880915755,0.1900704469623054,0.19039428647182574,0.18893667746515122,0.20138618236447375
2025-05-12,0.21143435172437922,0.20657730911022684,0.20500364020923903,0.19644192395072985,0.1986852967665474,0.19700850276255474,0.20657730911022681,0.19066818369092034,0.19106322721184651,0.18964336536697118,0.20237278936651
2025-05-13,0.2112341558806478,0.20637998220847428,0.20500183564744656,0.1961451281222001,0.19839540317689675,0.19671736634858977,0.20637998220847426,0.19042351896491327,0.19078519749997244,0.18939013397094437,0.20218881595062121
2025-05-14,0.2117328367646073,0.20700893535542644,0.20615831817414187,0.19667016021120176,0.19891949912840787,0.1972477866060009,0.20700893535542642,0.19096250595684414,0.19132216186802875,0.19003531603921475,0.20295888703162376
2025-05-15,0.21111813764751475,0.2064921175387777,0.20561905663055255,0.19627373671521234,0.19851612198024413,0.1968522817209225,0.20649211753877766,0.19121644664966458,0.19162932356893092,0.190434170612131,0.202550954179306
2025-05-16,0.21177360280565544,0.20722179981360325,0.2064682484106753,0.1970498487098825,0.1992804693820296,0.19762827974783315,0.20722179981360322,0.19203260798319718,0.1923735152041035,0.19127436427603023,0.20335167748514668
2025-05-19,0.21170365278323336,0.20727698310168896,0.2065612171116061,0.19706248186081887,0.19929624458967884,0.19764176651352475,0.20727698310168893,0.19333877187409768,0.19339982812663947,0.1926048427754858,0.2035050693880839
2025-05-20,0.21230578970932612,0.2077719443487516,0.2069362095675128,0.19766106864343283,0.19988745943162167,0.19823745940209392,0.20777194434875157,0.19376214340980094,0.19377781126170632,0.19297869653188962,0.20393208224802153
2025-05-21,0.212298290763202,0.20776141353380412,0.206876528328221,0.1976527628468562,0.19988036110685223,0.19822986085834451,0.20776141353380406,0.19386941031894653,0.19384575333069143,0.1930248335093056,0.2039230058135124
2025-05-22,0.21265061470818314,0.20810770903013848,0.20722757275079182,0.19800732725836892,0.20023242096293342,0.1985829484943555,0.20810770903013845,0.19401544947903623,0.19401415040675055,0.19317596833501097,0.20425962353596555
2025-05-23,0.21194412996390108,0.2073879381783031,0.20652713126049527,0.19739310319097245,0.1996147586031277,0.19797431963636392,0.20738793817830306,0.19364575332692224,0.19368882192762746,0.19287885877245592,0.20355951741721856
2025-05-26,0.21194270338851753,0.20721373994286865,0.20633389816318645,0.1973162161083754,0.19953612834690554,0.197892678739149,0.20721373994286862,0.1935487752863117,0.19350284691816427,0.19273438330883172,0.20328337695264567
2025-05-27,0.21195345388629405,0.20719595265873905,0.20636251510339418,0.19728061048107395,0.1995012346699109,0.19785689291078137,0.207195952658739,0.19347178716514296,0.1933933617604031,0.1926500269296711,0.20323980191761906
2025-05-28,0.21163724021595923,0.20682377074478753,0.20605172050172332,0.19696603479565572,0.1991833428573209,0.197545229566953,0.2068237707447875,0.19307493583045704,0.19297819104675218,0.19230062482547547,0.20284416337516256
2025-05-29,0.21137578703694018,0.20657891653436358,0.20582798907016606,0.1967540045129952,0.19897070276579437,0.19733208720404402,0.20657891653436355,0.19315948700701013,0.1929645607822085,0.19238572197628115,0.2026120819920179
2025-05-30,0.2114243073788971,0.20665262764446068,0.20589902200553944,0.19683625318511005,0.19905028741957068,0.19741230694689532,0.20665262764446066,0.193312429909789,0.19309032117430208,0.19254479698596502,0.20271940262619295
2025-06-02,0.21143035675583075,0.20667359819692913,0.20591420943638283,0.19685337232069663,0.19906743927129633,0.19742990378755257,0.20667359819692907,0.1932756933795544,0.19307983571679688,0.19251564229102278,0.20274430151729475
2025-06-03,0.21171424358847254,0.20695667036487478,0.20625061454574856,0.19703329988156718,0.1992513527545731,0.19760811891725394,0.20695667036487475,0.19318404209279652,0.19300693638095717,0.19240601610309013,0.2030136360858609
2025-06-04,0.2116459036713233,0.20686391791015116,0.20612697524220092,0.19695495104154756,0.1991724304475072,0.19752846181859568,0.2068639179101511,0.19342341811542052,0.19310552498199557,0.192690738780637,0.2028995910562132
2025-06-05,0.21171955510507515,0.20695756480174554,0.2062229699291734,0.1970503771329924,0.1992669460667848,0.19762333719401265,0.20695756480174549,0.19370977739060485,0.19334937421329842,0.19294845792271711,0.20301078881724574
2025-06-06,0.21206816435811413,0.20728815412538473,0.2065555348400228,0.1973789221258726,0.19959424503432419,0.19794912983627244,0.20728815412538468,0.19417403162373706,0.19371795480547077,0.1934116725548536,0.20332198513019153
2025-06-09,0.21244427911757321,0.2074315082103521,0.2066645374773958,0.19754729563106527,0.19976768884424626,0.1981090046199426,0.20743150821035208,0.19359288789384058,0.19321678505382286,0.1928306566628132,0.2032959593005503
2025-06-10,0.21251649140216972,0.20748404676573318,0.20672025897631066,0.19760576092548576,0.1998266355920567,0.19816675841330753,0.20748404676573312,0.19344595256919636,0.1931309319297018,0.19271535197660652,0.20332944981875561
2025-06-11,0.2125296807234916,0.20749332961545855,0.20671703581795653,0.19758586204904222,0.19981120395735164,0.1981451514299497,0.2074933296154585,0.19329595545432904,0.19301878213225715,0.19260718343366484,0.20333653959188425
2025-06-12,0.21245653508029813,0.20757075779413367,0.20664726296364397,0.19758947125192042,0.19981661842140017,0.19815051785460816,0.20757075779413361,0.19340472940217202,0.19315205219862436,0.19271337887841256,0.203545820609181
2025-06-13,0.20937914193172386,0.20491053723224864,0.2032961526936459,0.19529196134586294,0.197518155159011,0.1958668987577126,0.20491053723224859,0.19358694978775204,0.19322950619264434,0.1928569657723519,0.2013162612385797
2025-06-16,0.21071934885719854,0.2062551613520915,0.20460084498377315,0.1964131234151079,0.19863867408896035,0.19698232510534183,0.20625516135209143,0.1937922989820996,0.19344296308492478,0.19304557734906824,0.202636617343831
2025-06-17,0.2108210153395071,0.20632521603874493,0.2046827070643389,0.19651726114421117,0.19874095828220267,0.19708633377880427,0.20632521603874487,0.19388714522941636,0.19356144564276698,0.19312616513027064,0.20268570968080352
2025-06-18,0.210814540861466,0.20632613688098314,0.20468207406288152,0.1965204654763818,0.19874416051756616,0.19708950476912146,0.20632613688098309,0.1939120366731376,0.19358851547582362,0.19315411530023546,0.2026919408156269
2025-06-19,0.21084507151581014,0.2063558557409231,0.20470263935864533,0.196540582392214,0.19876455080480313,0.19711127603023162,0.20635585574092305,0.1938700407673263,0.19354397118528666,0.19312872817569945,0.20272520506501326
2025-06-20,0.2108727822599973,0.20635537877129115,0.2046911922519812,0.19656250743493536,0.19878539300774928,0.1971325917909524,0.2063553787712911,0.19387278629994367,0.19354501803869217,0.19313638982403097,0.20271458034020975
2025-06-23,0.21092868228377995,0.20633165179338936,0.20465379126354788,0.19658271725078214,0.19880333937099648,0.19715259586457826,0.2063316517933893,0.19387422935604023,0.19354745670096554,0.19316710616132246,0.20265511962393304
2025-06-24,0.21102532384464276,0.2063983467439835,0.20473434767907436,0.1966756657239159,0.19889505769036644,0.19724618862362514,0.20639834674398344,0.19411793622845083,0.19375331922145644,0.19338705468534348,0.2027027147748998
2025-06-25,0.21098264845154138,0.2063528307401,0.2046861472363394,0.1966292083149554,0.1988488567596426,0.1971998068820826,0.20635283074009997,0.19412822924471013,0.19376161184259005,0.19339545671732164,0.2026576110100937
2025-06-26,0.21098343353785481,0.20634767699089396,0.20467177871861722,0.1966291194638014,0.19884858876008724,0.19719915813801409,0.2063476769908939,0.194151129207406,0.19376954084093712,0.19340645203904422,0.20265008797840064
2025-06-27,0.21046021942029247,0.20590636503383125,0.20427069260939953,0.19619381610811046,0.1984170532897858,0.19677220472045087,0.2059063650338312,0.19426800167271227,0.19374670947821826,0.19347901052525093,0.20226340438083648
2025-06-30,0.21047175067994833,0.20591846956188284,0.20427725036593775,0.19619666602063915,0.1984205200273672,0.1967751404817759,0.20591846956188278,0.1941173199814594,0.19364651050865272,0.19335885009377704,0.2022747682705129
2025-07-01,0.21040789920092529,0.20585043045135767,0.2042599467757038,0.19607368141679626,0.19830361270704602,0.19665170482265923,0.20585043045135762,0.19374278537301368,0.19332720769997633,0.19300350365347388,0.20219303602763164
2025-07-02,0.210533780686666,0.20595932737732695,0.20441663521392497,0.1961939952052155,0.19842224954492002,0.19677237889571628,0.2059593273773269,0.1937266842695453,0.19333554436433034,0.1930093305149753,0.20228393627324745
2025-07-03,0.20969870496763285,0.2051982494144063,0.20330064511117202,0.19549091746631578,0.19772414481079228,0.19607091557429443,0.20519824941440623,0.19348736088977805,0.19309312087970987,0.19276343200900464,0.20162217543969813
2025-07-04,0.20979080633534888,0.20532685246910817,0.20343668801464423,0.19559366960438376,0.19782739890449522,0.19617368107020272,0.20532685246910812,0.1935202095927031,0.19315804902404266,0.19281601751480978,0.20178158209362002
2025-07-07,0.2106099570979265,0.20629039475183833,0.20404024610554736,0.19661250493668486,0.19883151368019883,0.19719165593329008,0.20629039475183827,0.19393512001066854,0.19395486629227043,0.19330681426562865,0.20288768540311322
2025-07-08,0.21107797030571257,0.20671678593571638,0.20451425763836814,0.19705921612431465,0.19927533057223787,0.19763860125988464,0.20671678593571632,0.19463400545539458,0.19466897555797733,0.19405975556723254,0.20326373490370175
2025-07-09,0.21161082130043884,0.20737708009072667,0.20500118266391285,0.19762072082286994,0.199837103095523,0.19819963726779244,0.2073770800907266,0.19632410629092253,0.1958738896558393,0.1955233160613512,0.2040397831636614
2025-07-10,0.2120438836732794,0.2076767537348872,0.205309387249655,0.19808323425430371,0.20029017048930092,0.19866296222580207,0.20767675373488714,0.1967123824838253,0.19635277559974185,0.19598890475894654,0.20424768945860416
2025-07-11,0.2111524421521002,0.20698080289142812,0.20447655592830574,0.19751579009715425,0.19972238990918117,0.19810177675364898,0.2069808028914281,0.196831460337896,0.19643477713114013,0.19619116935022124,0.20377472189061904
2025-07-14,0.21087023666721402,0.20675306420334946,0.20420539176230837,0.19723004591980478,0.19944545264384553,0.19782065457550776,0.2067530642033494,0.19654920884176666,0.19620322427072195,0.19596083048332086,0.2036026041840644
2025-07-15,0.21118472026679816,0.20703600736321298,0.20443292478732747,0.19750100587802058,0.1997153340625165,0.1980892351948879,0.20703600736321293,0.19657236638169862,0.19620724032771603,0.1959536922470322,0.20385674512896956
2025-07-16,0.21136623212354855,0.20719508218371951,0.20454682838883598,0.1976767023610823,0.1998891083436675,0.19826538623567358,0.2071950821837195,0.19658750503125752,0.19624554525071997,0.19596508228302942,0.20399947464291165
2025-07-17,0.21132539963689723,0.2071446433726977,0.20447976480020208,0.1978160259338042,0.20001492405698343,0.19840459284253661,0.20714464337269764,0.19733700634814946,0.19690534906802223,0.1966417861410303,0.20395842922149363
2025-07-18,0.2105131657793329,0.20643860269128136,0.20375977226594874,0.19723799463410796,0.1994328257125237,0.19783011961093067,0.2064386026912813,0.19715429418799743,0.19670347331214028,0.19648738196758916,0.20337473106524817
2025-07-21,0.21060556884078038,0.20646500586474245,0.20383797783672336,0.19729051266933373,0.19948423175276214,0.1978816804288813,0.2064650058647424,0.19723001067216106,0.19668630881273805,0.19648655997415607,0.20337368126029018
2025-07-22,0.211160793696071,0.20699314470374416,0.2042514184403992,0.19799750479769232,0.20017731094281074,0.19859041178984851,0.2069931447037441,0.19799324675930294,0.19742183450318787,0.19730979249356131,0.20389981827351114
2025-07-23,0.21109463884975416,0.2069801980792757,0.20424880977083615,0.19793943356451416,0.20012077906408457,0.19853187413242335,0.20698019807927565,0.1982075875230445,0.19760864446737772,0.19761915104498476,0.2039596802836959
2025-07-24,0.21141509563720698,0.20736254773184012,0.20458728241204396,0.1983195737328248,0.2004979701910044,0.19891350958698087,0.20736254773184007,0.1990698470706129,0.1983406490026139,0.19870108118012822,0.20440833982585144
2025-07-25,0.21143649756536997,0.2074341184773654,0.20459795619146262,0.19836575846740961,0.20054774642810946,0.19895959389742496,0.20743411847736534,0.19908084799120715,0.19838210187686614,0.1987287138585176,0.20453453212267594
2025-07-28,0.2124568264005651,0.20841646591664717,0.2052168935322311,0.19927091664497978,0.20145872723397845,0.19986561803730152,0.20841646591664711,0.1993030924335692,0.19866902197289918,0.19899152914821025,0.20543171529374202
2025-07-29,0.22283722858506216,0.21885290823562117,0.21407265491665306,0.20969558317392203,0.2118404910205788,0.21023717978862422,0.21885290823562115,0.20598468271347975,0.20650881507115962,0.20577698499756716,0.21573627872961965
2025-07-30,0.22313851638817173,0.21927292585323685,0.21427570782454322,0.20996493221285534,0.21212507358522448,0.21050582680279253,0.2192729258532368,0.20600927913053196,0.20649966080977786,0.20576540620602218,0.2161532103096316
2025-07-31,0.22235418945403285,0.21860331309215808,0.2135247149618487,0.20942795780606185,0.21158125778935302,0.20996963717894393,0.21860331309215802,0.20602318394016672,0.2064345067425991,0.2057779243584208,0.21563863513119974
2025-08-01,0.22240102009198098,0.21864982305839423,0.2135683608129746,0.20947652455534063,0.211629933412671,0.21001668676519905,0.21864982305839417,0.20616689206680905,0.20648966796202914,0.2058794085652375,0.2156861249909478
2025-08-04,0.22394064305577255,0.21986289664661474,0.21439569522664964,0.21067088567211373,0.21282446935981816,0.21121628513903715,0.2198628966466147,0.20607857285899536,0.20649231235016743,0.2058725773328651,0.21665006220954264
2025-08-05,0.22441985640953152,0.22028619357549506,0.21444503205046972,0.2112615639463443,0.21339251009905882,0.21179918752726418,0.220286193575495,0.20636376229678058,0.20682973212765027,0.2061140897800104,0.21703746556390413
2025-08-06,0.22572342144359192,0.22182401518999365,0.2161832054833408,0.2128040251483847,0.21493058192387493,0.21334872006372477,0.22182401518999362,0.2081401557787513,0.2087519417604838,0.20795606714760628,0.2187855015882992
2025-08-07,0.22586244030497377,0.22200676777785708,0.21625797723353585,0.21293454722164398,0.21506529214218062,0.2134776533641304,0.22200676777785702,0.20817983182122052,0.20877193794031207,0.20799519129841199,0.21896324357901956
2025-08-08,0.225925083845431,0.22206273675631785,0.21625575069978933,0.2129929061290001,0.21512391554124197,0.21353455155209838,0.2220627367563178,0.20822277360183442,0.20879968420625653,0.2080231435501981,0.21901166271673742
2025-08-11,0.22613293295942685,0.2222833427324529,0.21630757002814338,0.21316912466755575,0.21530878496254963,0.21371152617607259,0.22228334273245284,0.20803119986772184,0.20876007855382464,0.2078917015112665,0.21920971796560385
2025-08-12,0.22620298557610305,0.22235308512965204,0.2163590256496128,0.21326437958559674,0.21539943090939773,0.21380325513662998,0.222353085129652,0.20797448768171092,0.2087337198448055,0.20784883741175478,0.2192617222470382
2025-08-13,0.22618059013186917,0.22231492180887386,0.21630957999789033,0.21326003254758255,0.21539385166200675,0.2137985487520189,0.22231492180887383,0.2079817301382483,0.208736149746532,0.20785787631674682,0.21921696687454154
2025-08-14,0.22844124254166442,0.22517784646918676,0.21852271241557777,0.21579000526267084,0.21794943529118416,0.21632348220344857,0.2251778464691867,0.21069054131649712,0.21223114748044672,0.21075953085350263,0.2228921908174471
2025-08-15,0.2286087406743572,0.2254083468645003,0.21857816480155814,0.21598958913897262,0.2181518434198565,0.21652215886480367,0.22540834686450026,0.21095681867749497,0.21238792726289052,0.21098711659798944,0.22313238050339862
2025-08-18,0.2284409639063428,0.2252991601158059,0.21854604519292864,0.21588187836839212,0.21804469826523132,0.2164151990969965,0.22529916011580586,0.2109399840170375,0.21237875926919308,0.2109820422958648,0.22307009775130698
2025-08-19,0.22884907969602475,0.2258756246930127,0.2190848170857418,0.21629582512645262,0.21847216338491215,0.21682823576754626,0.22587562469301264,0.21158108246984716,0.21295370493629587,0.2115987108641584,0.22383805092200584
2025-08-20,0.22878360013066043,0.22580217621862447,0.21906484401585938,0.2162487926144849,0.21842397997830865,0.21678122290125468,0.22580217621862442,0.211603601393198,0.21298843941899634,0.21162246889590647,0.223775660263153
2025-08-21,0.23099796651276633,0.22873733178934302,0.22159035257264342,0.21886978444807476,0.2210612206962741,0.21940555239049855,0.22873733178934297,0.21442994130859055,0.21588700865592905,0.21458263739752229,0.2274311086927385
2025-08-22,0.23584422486408935,0.23311369813656935,0.22545411648508576,0.22361813011860907,0.22575461641921665,0.22414228484148457,0.23311369813656932,0.21780582348311472,0.2192235593852349,0.21787352485866585,0.23123569646303455
2025-08-25,0.23809587375373958,0.23544303321552532,0.22741728962130608,0.22538719631996948,0.22757594420455515,0.22590023018416822,0.23544303321552526,0.21839683325722897,0.21992181556990978,0.21845655401271805,0.2333985585410446
2025-08-26,0.24275932921391893,0.23962071632210138,0.2317245074408526,0.2295500780481675,0.23172725496038118,0.23006621967319138,0.23962071632210133,0.22058421029621836,0.2222278294005139,0.22072082440869348,0.2368615668866096
2025-08-27,0.24275248015137021,0.23959083844990745,0.2318189406091602,0.2295181174263302,0.23169451338042688,0.23003423011202148,0.23959083844990742,0.22057349612446223,0.22223389905213137,0.22070737136443827,0.23688804986329295
2025-08-28,0.24285708870829828,0.2396641956035211,0.23183999456599122,0.22956631859738305,0.23174564711549148,0.23008282430987634,0.23966419560352106,0.22063011247178663,0.22225896207042958,0.22075420901168252,0.23693903481039527
2025-08-29,0.24273961853501555,0.2395597098781732,0.23175524881313758,0.2294809776352868,0.23165739004850244,0.22999722645991116,0.23955970987817318,0.22065878252799417,0.22231767410932177,0.2207952583824562,0.23685041992424558
2025-09-03,0.24280014450466464,0.23958698038991036,0.2317703838469298,0.22946077402134585,0.23164187820382598,0.22997809926807797,0.2395869803899103,0.22061136560719083,0.22222130782792796,0.220729400499459,0.23685154270566577
2025-09-04,0.24307821615765332,0.23993538428649078,0.23205111280278887,0.22981341770663954,0.23199438902882408,0.23032903395352458,0.23993538428649072,0.221278522302696,0.22287736587007537,0.22137543961925044,0.23727278506193902
2025-09-05,0.24474782302223735,0.241505799102604,0.2335956208159025,0.23120463534549304,0.23339919451666893,0.23170805710011882,0.24150579910260397,0.2219752304180617,0.22355035645467486,0.22204447559652402,0.2386389060231858
2025-09-08,0.24756602257163723,0.244243697938519,0.23608881496780762,0.2338002846651699,0.23599857722913012,0.2342948233196681,0.24424369793851894,0.22329960399317372,0.22501345386200625,0.2233541359865972,0.2411645203993791
2025-09-09,0.24759154463726432,0.2441544054732266,0.2360039449774527,0.23372553983658564,0.23592255441220708,0.23422463708798408,0.24415440547322656,0.22283998360215726,0.22467123692687002,0.22298739131225387,0.2409838611326821
2025-09-10,0.24757392132407993,0.24411464823991588,0.2359614910274937,0.23365908075656192,0.23585817860709685,0.23416035299424937,0.24411464823991585,0.22236411928379834,0.22417269330760492,0.2225549870628811,0.24091138254932465
2025-09-11,0.24781368844010487,0.2443007010974177,0.2361121764620955,0.23389574504123903,0.23608823389052608,0.23439571254234218,0.24430070109741764,0.22272704704656193,0.2244341683436556,0.22291123978063024,0.2410520838175861
2025-09-12,0.24778857504064866,0.24430234087768296,0.23610445225777316,0.23392367394893293,0.23611319051724655,0.23442309645550974,0.2443023408776829,0.22286104331281767,0.224483910121241,0.22307810783565468,0.24108201460228326
2025-09-15,0.24787085641862994,0.2444472266649625,0.23628800737433184,0.23407481358462173,0.2362644617235678,0.2345736805847708,0.24444722666496246,0.2227430144655236,0.2244672886319727,0.22303350184469073,0.24123992825530113
2025-09-16,0.24788937935242888,0.24442664640236691,0.2362520203286142,0.23405420027818016,0.2362434706121749,0.23455321430728998,0.2444266464023669,0.2224547434423137,0.22430641209109212,0.22285526662016905,0.24121301274971782
2025-09-17,0.24808351086838346,0.24463234612183846,0.2363423525045298,0.2341107927733695,0.23631469983527315,0.23461012458276048,0.2446323461218384,0.2221393084251201,0.22403578559265908,0.22259369060985829,0.24142142935752506
2025-09-18,0.2482429777975584,0.24486346018404798,0.23668477384353406,0.23442425588160468,0.23661814010722226,0.23491978774423666,0.24486346018404795,0.2228547346396193,0.2247309018103003,0.22331604711036657,0.2417633283468369
2025-09-19,0.2484845238747556,0.24524606034876395,0.2370863874742212,0.23479596393519955,0.23699116693919817,0.23528356059736152,0.2452460603487639,0.2236052900087228,0.22545826950447806,0.22408608271727432,0.24231297117739561
2025-09-22,0.24984505651319225,0.24650752283710042,0.2383107879968866,0.23620850244906735,0.23838593088603838,0.23669088278689746,0.2465075228371004,0.22465664720231007,0.2265994902772829,0.2251412669137723,0.24341987682948116
2025-09-23,0.2498092768085518,0.2464842464175284,0.23829094431088804,0.23619860073000912,0.23837595408038417,0.23668027883348508,0.24648424641752834,0.2247071839051976,0.2266515956192677,0.2251902929667584,0.24341016214979708
2025-09-24,0.2507057715581405,0.24707447457624576,0.23929250828309453,0.23668863422349015,0.23886432895155635,0.2371732278630178,0.24707447457624573,0.22383435665074383,0.2261097994392088,0.2246097267505979,0.24367461109449304
2025-09-25,0.2507208943433194,0.24709926680016922,0.23931674317072996,0.23669045723946747,0.23886733913718072,0.23717477730004224,0.24709926680016917,0.22380887127453855,0.2260880447288487,0.22458447998775552,0.24370643834423514
2025-09-26,0.2508527709828777,0.24722210515366022,0.2394745820305275,0.23676285697075208,0.2389436157188414,0.23724620782077935,0.2472221051536602,0.22386216022211403,0.22614566821006712,0.224644010372755,0.24383842432258745
2025-09-29,0.25083416840860373,0.24721777202801593,0.2395152554402264,0.23676109141859197,0.23894226363069176,0.2372442609765011,0.24721777202801587,0.2238826436376575,0.2261774159836737,0.22466993045665912,0.24385276789159044
2025-09-30,0.2506649069288527,0.24709865050123178,0.2393724072488047,0.23663663868651663,0.23881911004361975,0.23711903197970383,0.24709865050123175,0.22398086558945862,0.2262733552943576,0.22478855586330682,0.2438416072689553
2025-10-01,0.25018567484577536,0.24675132844627026,0.2390355528432348,0.23614736193164468,0.23834975983099904,0.2366338753287992,0.24675132844627023,0.22386065275566636,0.22607020949705892,0.22461989410397695,0.243591382772894
2025-10-02,0.25039684466959666,0.24694780780990752,0.23918168861738928,0.23636375429803114,0.23856176139433058,0.23684856455971393,0.2469478078099075,0.22389271553128656,0.2261287878329792,0.22466547681643245,0.2437620622727559
2025-10-03,0.2505358209619757,0.24705347141592968,0.23934494667072473,0.23635815504510713,0.23857216472180262,0.2368452298562876,0.24705347141592962,0.22366951126842374,0.2259570390141553,0.22445371482223897,0.2438227846267306
2025-10-06,0.23409617797764526,0.230005339475002,0.22303064995890118,0.2201669018653861,0.22204136575255742,0.22058234497367338,0.23000533947500199,0.2067314108010274,0.20819962178549484,0.20752739347293267,0.22602822863892444
2025-10-07,0.23337103529752196,0.22902526102977808,0.2222210622006029,0.21961423594740306,0.22135550443659816,0.2199545552460419,0.22902526102977802,0.2051470217754917,0.20629904119953202,0.20571131711872084,0.2246202752806555
2025-10-08,0.2135340663780821,0.2100463443860762,0.2033025755131323,0.2024621026068216,0.20371950481483903,0.20269961659431407,0.21004634438607614,0.19199027831600554,0.1925074613706798,0.19255144202633998,0.20670138526752876
2025-10-09,0.20794517035627416,0.20434434517869335,0.19769765053840574,0.1980474354235814,0.19898028194240072,0.19813510395802594,0.20434434517869332,0.18773675682470675,0.18803000370185968,0.1881292799820383,0.2008568980866349
2025-10-10,0.18628723731368627,0.18210184175566532,0.17427427871341045,0.1749450501585631,0.17602736909067623,0.17504964187862643,0.18210184175566527,0.16209712295255446,0.1625570080390309,0.16254903837394802,0.17799682401525874
2025-10-13,0.17699823946726218,0.17285215868833043,0.16504947994478927,0.16845892896391423,0.16889414742880668,0.16839506270520055,0.1728521586883304,0.15706640863793062,0.1566868014403268,0.15746028146646865,0.16900201359953382
2025-10-14,0.17693230137294214,0.173236962368453,0.16556645441306853,0.16885571476078887,0.16926196384966585,0.16878480217047548,0.17323696236845296,0.15784604728473914,0.15755518006127242,0.15821462914016415,0.16973773088188765
2025-10-15,0.17475703926955113,0.17109340067226853,0.16302710552565328,0.16630395220182834,0.16681279576279315,0.16623794805480183,0.17109340067226847,0.15474367906619607,0.154674850742711,0.1550813873634688,0.16753628009255922
2025-10-16,0.17351828075408174,0.17028830877480358,0.1624722912745328,0.1654171910465485,0.16593309554475727,0.16535507500812083,0.17028830877480353,0.15473541849159766,0.15464526464512057,0.15507113037010203,0.1671399208573266
2025-10-17,0.17581202541957208,0.17229957042024677,0.1640877695129611,0.16729825659697237,0.1678894359415483,0.16725609463545785,0.1722995704202467,0.15508970985522774,0.15541701096731678,0.15556240599623722,0.16870684508787992
2025-10-20,0.19367126864743248,0.1887323767952753,0.1818410380857479,0.1834545524228959,0.1840317759705104,0.18338407952174005,0.18873237679527524,0.1654117019178348,0.16577137240585316,0.16564927834883403,0.18303872558161763
2025-10-21,0.19470298969360167,0.18943885238702626,0.18266207027365117,0.18429476450661822,0.18488862926946964,0.18422657272723744,0.1894388523870262,0.1652705573529016,0.16563948002176254,0.165440424183595,0.1831656016297017
2025-10-22,0.19441660819527223,0.18950515345620633,0.18276009524635028,0.18439380026269556,0.18499222677477112,0.18431711815967164,0.18950515345620628,0.16763677331463403,0.1679097877401229,0.16774709784325378,0.18381630443167304
2025-10-23,0.19387064965797537,0.18897102408579855,0.18231634603080318,0.1842286532635338,0.18474739541556162,0.1841379332575368,0.18897102408579852,0.16800075600000358,0.16808657865471782,0.16813381833525157,0.18327162564457736
2025-10-24,0.19383826363130288,0.18902125739287828,0.1823903157122843,0.18405783281795904,0.18460986871998478,0.1839759089665726,0.18902125739287823,0.16793698314064798,0.16804015087531599,0.16809003015420695,0.18335857765872263
2025-10-27,0.19569025856998806,0.19032067687349263,0.18379858414388756,0.18542589167556664,0.1859568298402316,0.18533716926944846,0.19032067687349258,0.16754814045955177,0.16768744849856054,0.16771943584180818,0.18401495374223575
2025-10-28,0.19727223411084438,0.1915255582732902,0.18515804070521696,0.18685359364809623,0.18736065881941333,0.1867585190244584,0.19152555827329015,0.16818589170466974,0.1682966324544328,0.16824938028452008,0.18479212381073967
2025-10-29,0.19716548646625112,0.19137245205806466,0.1851056549622208,0.18658445574894444,0.18710050999900205,0.18649121761132512,0.1913724520580646,0.16416291298782,0.16479966375571076,0.16426325201340183,0.1845719198968242
2025-10-30,0.19746401220757784,0.19160966166985827,0.18535347079161,0.1868303291189541,0.18734357077332037,0.18673954267451845,0.1916096616698582,0.16377021217559332,0.16461102221957646,0.16391764300124798,0.1847520175041831
2025-10-31,0.1986634336084909,0.19220911242691635,0.18599750082126462,0.18758906688833962,0.18809056420980164,0.18749604930486752,0.1922091124269163,0.16352041401729459,0.1644233444065515,0.16368454722094938,0.18487993226294835
2025-11-03,0.19994511969751463,0.19312849810871413,0.18689764774841772,0.18827815161061992,0.18878736150870076,0.18818732410877437,0.19312849810871408,0.163491607698286,0.16439589292080625,0.16366159851386666,0.1854086488527473
2025-11-04,0.20054529920069633,0.19311565714600193,0.1867770087260363,0.18801672969078884,0.18852914996684142,0.18793182684183324,0.1931156571460019,0.16292875572114945,0.16391755840350164,0.16310697489146672,0.18483194256220928
2025-11-05,0.20055795428900405,0.1930818587332483,0.18669700130413908,0.18799193409172152,0.18850412996662283,0.18790687817458424,0.19308185873324826,0.16394317055467186,0.16492384130234825,0.16421065462963774,0.18489064725196971
2025-11-06,0.20020131638776023,0.192660404687445,0.18627571774886603,0.18746325229101393,0.187980731550519,0.18737790858671816,0.19266040468744494,0.16355058903002886,0.1644973362480582,0.16372141148934932,0.18440852890371695
2025-11-07,0.2034461604887189,0.19516399651275035,0.18867795957662575,0.19001847752283568,0.19052650169946714,0.18993132935075213,0.1951639965127503,0.16395064300547893,0.16491135949512328,0.16414834307489157,0.18596853888727435
2025-11-10,0.20362326503697434,0.19534948466204485,0.18824808577307153,0.19047604047149377,0.19097599810496724,0.19038163025103189,0.1953494846620448,0.16501999752833013,0.1659821809971847,0.16509977986680888,0.18619695675067313
2025-11-11,0.20395578662052868,0.19559442065457722,0.18849244978436247,0.19064072250873496,0.19114616714755311,0.1905467577759484,0.19559442065457716,0.16444640782230138,0.16540843117335063,0.1644569586767437,0.18632988401670442
2025-11-12,0.20519714087554713,0.19634511560883297,0.18918982590409963,0.19156666308470363,0.19206368167433993,0.19146738666479549,0.19634511560883292,0.16420412508941098,0.1651861985695698,0.1641055629878212,0.18646867810087514
2025-11-13,0.204979858757082,0.19595700670766314,0.1887403462796051,0.19119207214540954,0.1916888987009136,0.19109165806237038,0.19595700670766308,0.16259689875551547,0.16391591303033612,0.16252205509786785,0.18598405513369465
2025-11-14,0.20437902859371948,0.19546863630752953,0.1883351590615899,0.19061755044933174,0.19111652090637624,0.19052013046469887,0.19546863630752948,0.1622625190373983,0.16362979100303465,0.16223339602799158,0.18559166997089954
2025-11-17,0.20461952042571635,0.19565985907864333,0.1885901521036086,0.1908363741366095,0.19133213908676852,0.19073904473875863,0.19565985907864328,0.16236635228387408,0.16374498298897344,0.16237106614971572,0.1857207192154499
2025-11-18,0.20413534279187917,0.19520653499750776,0.18809344939622996,0.19040463873614222,0.19089903685488765,0.19030689865436864,0.1952065349975077,0.1622873563524457,0.1636669833393823,0.16231717512571325,0.18531571472119732
2025-11-19,0.2044965290567192,0.19553901770404447,0.1884445426011664,0.1907383418317922,0.1912322774397466,0.19063996585034138,0.19553901770404447,0.16243594269404593,0.16383965456195204,0.1624816170167814,0.18561423352135645
2025-11-20,0.20405378341283975,0.19520222774702345,0.18813393813521018,0.19037446011801937,0.1908669071715345,0.19028126330209957,0.1952022277470234,0.16236616317369001,0.16376904360390754,0.1624229271473432,0.1853845934940684
2025-11-21,0.2041046250560352,0.19530884656083977,0.18819302168918947,0.19046425004104334,0.190957511538373,0.19037093711583283,0.19530884656083972,0.16260900512323392,0.1640114929101904,0.16265465803628,0.18557704832915733
2025-11-24,0.20414780311059827,0.19530914947561764,0.1882043831040572,0.19047170239154568,0.19096469280152542,0.19037862610512626,0.1953091494756176,0.16258350435142427,0.16402997522589585,0.16262852057937222,0.185607116135206
2025-11-25,0.2045932989125522,0.19574938892394997,0.18866621723342916,0.19069116151338597,0.19119259363084706,0.19059990092194867,0.1957493889239499,0.16236509397363683,0.16386961320549515,0.16237306557768577,0.18599330201748956
2025-11-26,0.20429558566144895,0.19541654741320186,0.1883234042632666,0.19032592015413277,0.19082741847392498,0.19023718987745852,0.19541654741320183,0.1619996297104515,0.16349747230319295,0.16197028034883174,0.1856074435784816
2025-11-27,0.20431443341824654,0.1954252863865607,0.18833908478034164,0.19033446951881391,0.19083599997213327,0.19024559434179286,0.19542528638656065,0.16200115866007203,0.1634956643026526,0.16197197046934406,0.1856101935889368
2025-11-28,0.20411484362945795,0.19525918601500705,0.1881001385261328,0.19021516015759615,0.19071429026053935,0.19012652500210464,0.19525918601500697,0.16198467612721684,0.16349011288231177,0.1619668484197627,0.1854688118270766
2025-12-01,0.20405010848312372,0.19524706688564286,0.18808958924300598,0.19030627499177663,0.1908011738425492,0.1902177512933279,0.1952470668856428,0.1640302854598827,0.16558466824471818,0.16397180525784005,0.1857886168902906
2025-12-02,0.20428574708321062,0.19571848412467258,0.1884834030455406,0.19097047292016653,0.1914570796609506,0.1908761254491256,0.19571848412467252,0.1666682614968317,0.16808217106514847,0.16659861694599265,0.18695278456387152
2025-12-03,0.2044110973179606,0.19572328632876557,0.18874792842933558,0.19070672891286464,0.1911990726122497,0.19061275521839466,0.1957232863287655,0.16608882498439473,0.1676369537788952,0.16604204283914298,0.18669664628405883
2025-12-04,0.20361395099172308,0.1951080607491486,0.1881784108187203,0.18990661540714027,0.190405519603688,0.1898124825804168,0.19510806074914855,0.16554474545954057,0.1671048521055602,0.1655149065437045,0.1862059467868552
2025-12-05,0.20431382476984933,0.19606858569065272,0.1890720471145607,0.19069128678800795,0.19119566560645632,0.19059503747153983,0.19606858569065266,0.16661902968482364,0.16822537752836458,0.1665435894415664,0.1875053076782031
2025-12-08,0.20426280667934932,0.19613771676689273,0.18908258858477806,0.19089348488241867,0.19139311784617735,0.19079661142280113,0.19613771676689268,0.16982969862629807,0.171448553137078,0.1698247417994553,0.18825214076244515
2025-12-09,0.2051615544640173,0.19696822042636072,0.1900651578282378,0.1917427762507987,0.19224037538596514,0.19164576987451523,0.19696822042636067,0.1712271359574255,0.17277056473369692,0.17116026124987938,0.18898452330797424
2025-12-10,0.20530580703731657,0.19715165929884737,0.19028730210351938,0.19205619344505098,0.19254907742992255,0.19195875429970466,0.19715165929884731,0.17188173110285285,0.1734252907487003,0.17181187047270424,0.1893842945420695
2025-12-11,0.20481429221662828,0.1964888139613139,0.1896279835853183,0.1917317106835377,0.1922097531112017,0.19163910779949356,0.19648881396131385,0.17224585980799387,0.17375777738155745,0.17220275493907308,0.18854548510651492
2025-12-12,0.20980768345276737,0.20127932926330194,0.19494219214537356,0.19642413713635384,0.19690051212558912,0.19632594265398953,0.2012793292633019,0.17578424289463535,0.17724228660129918,0.175649380638255,0.19344837470789542
2025-12-15,0.20982127291619637,0.20127989257061132,0.194941323364028,0.19643002595251333,0.19690616377117562,0.19633173685887056,0.20127989257061127,0.17572206426154807,0.17717525066504553,0.17557318257339108,0.19344514082870629
2025-12-16,0.2121764435706628,0.20330309138163025,0.19690130673299716,0.19851755169780347,0.19898590872982533,0.19841661885423537,0.2033030913816302,0.1765375399864734,0.17789041950433418,0.17638926620165185,0.19503609329375043
2025-12-17,0.21252180106226917,0.20369240512198777,0.19725610240507419,0.19903967482396934,0.19949947358584103,0.19893953972609688,0.20369240512198772,0.17793747841702334,0.1790225310493408,0.17777520780045764,0.19544503017078788
2025-12-18,0.21251726409568547,0.20369366288578697,0.19726897573257274,0.1990268438992261,0.19948653702726402,0.19892782290699737,0.20369366288578694,0.17787496982509038,0.17898226160027958,0.1776710608318877,0.1954450573270501
2025-12-19,0.21294527290435197,0.2039167156185994,0.19758064222507388,0.1992443493006106,0.19970271698524655,0.19914491751258645,0.20391671561859936,0.17772390364757185,0.17886862323167957,0.17756768293743197,0.19556069999311185
2025-12-22,0.21480888842136403,0.20529817533105366,0.19889200324841472,0.20064489864411392,0.20109803532262818,0.20054211145125986,0.2052981753310536,0.17839053271512836,0.17947676276203,0.17823910127802514,0.196590066567541
2025-12-23,0.21480436047846044,0.20527811764617923,0.1988920134015034,0.20061311706624618,0.2010666023847848,0.20051026676951994,0.2052781176461792,0.17872132204701335,0.17976357709704552,0.17856935931639029,0.19662722318647372
2025-12-24,0.21483202152153996,0.20526323942290683,0.1989061260355407,0.20057455322390444,0.2010285534320291,0.20047146164813087,0.20526323942290678,0.17868772312865425,0.17986703733903112,0.17857742121518932,0.19659092900465724
2025-12-25,0.21596724696228445,0.2059992646810086,0.19956611170021846,0.2010451516364259,0.20151470691111006,0.20094147368389828,0.20599926468100854,0.17876073943785556,0.1798571301463217,0.17865955317708826,0.19705519048489525
2025-12-26,0.21602851636584333,0.20602694043103725,0.19957113073992006,0.20106650449115654,0.20153646567983405,0.20096377618290162,0.2060269404310372,0.178758277968785,0.17982756731124858,0.1786572595982674,0.19706835252069896
2025-12-29,0.2165362337724692,0.20642798100213613,0.19976212659647616,0.20176959196705446,0.20222524516480853,0.20166373262771894,0.20642798100213608,0.17989903207618924,0.18089522080227607,0.17987849832954025,0.19740506709093766
2025-12-30,0.2165213420998798,0.20644981632731801,0.19979966351493297,0.20177006882865403,0.2022259927939807,0.20166423600359168,0.20644981632731796,0.17987895886567476,0.1808904514415445,0.17986359064182053,0.19743417187854484
2025-12-31,0.21647008180665436,0.20640052823164598,0.1997043881618833,0.2017679976938878,0.20222214801895083,0.20166127979106407,0.20640052823164592,0.18009405701355216,0.1810862959109171,0.1800836430365102,0.1974143231003069
2026-01-05,0.21578196118778467,0.20561206859448808,0.19927589461120382,0.2009118148119664,0.2013707268218201,0.20080399578058963,0.20561206859448802,0.17986300582832046,0.1804904426864562,0.17980982788744,0.19650719474106979
2026-01-06,0.217582544007868,0.2073605956118898,0.2003978439231349,0.20293131918886795,0.20337728407145272,0.2028189178144795,0.20736059561188974,0.18230425606321324,0.18302277884924092,0.18228117648250525,0.1982739926825639
2026-01-07,0.21948347828367118,0.21005132165326942,0.20255464167114953,0.20602393729553123,0.20645703738127427,0.20590253198494202,0.21005132165326937,0.18921691989393571,0.19082694529190816,0.18959296044161023,0.20197319030658692
2026-01-08,0.21914484027363154,0.20985157068946939,0.2023239497659966,0.2056725120502307,0.2061106735347903,0.20554934121250518,0.20985157068946933,0.18993003051559165,0.19135421939217465,0.1902610969342326,0.20209331035431227
2026-01-09,0.21917440616258915,0.21034844201627476,0.202566887303976,0.20615174836446398,0.2065895242187243,0.20602413159937658,0.2103484420162747,0.19400255376269002,0.19541140352206837,0.1943499837737065,0.20338674892736605
2026-01-12,0.22008792349211742,0.212018138637056,0.20466833205297158,0.20703937111165094,0.20750160703796341,0.20691047267119606,0.21201813863705593,0.19524622477953563,0.19649161711994975,0.19548751465343717,0.20575197156533326
2026-01-13,0.22008635889831085,0.21204686326726993,0.2046338271653064,0.20740196713318607,0.20784802811600042,0.20727539187662045,0.2120468632672699,0.19587075440300414,0.19731762262005928,0.19616313747091116,0.20582563867223708
2026-01-14,0.22001676134275622,0.2124647782296807,0.2050042993934335,0.20793371068570848,0.20838048385954935,0.20781019451368468,0.21246477822968068,0.19910124101889418,0.20097132483154215,0.19934903479085048,0.2069971478359652
2026-01-15,0.21996478039344103,0.21243002060043886,0.20528442291996063,0.20779914670702918,0.20824984540687547,0.20767505236690637,0.2124300206004388,0.1987385892259319,0.2006718269025284,0.19911888555674861,0.2069777810907693
2026-01-16,0.21991894287527017,0.21237981677779605,0.20522976833182988,0.2077829533191602,0.208231563592124,0.2076590382736736,0.212379816777796,0.1986254528888076,0.20060175627940238,0.19899343650661303,0.20694460696255565
2026-01-19,0.22001378524107043,0.2124821091248333,0.2052985140407551,0.20785228868539857,0.20830211172634994,0.20772759192837978,0.21248210912483326,0.1984816898019316,0.20059267745474033,0.19893965259527238,0.20702127973497703
2026-01-20,0.21937903745842097,0.2119119173888285,0.20483809351270457,0.20724209231182422,0.2076932555277478,0.20711384121960352,0.21191191738882845,0.1979724333496023,0.20011896857694894,0.1983928965838097,0.20651940318934417
2026-01-21,0.21951870882773886,0.2121631040867409,0.20492207506900212,0.20751121050170415,0.20796207619811694,0.20738313395302682,0.21216310408674086,0.19866039406271346,0.2009031865113796,0.19906899362021713,0.20690778066362375
2026-01-22,0.21925866478211717,0.21186692988271139,0.20470658317164353,0.2073014440851791,0.2077484061743293,0.20717131005293984,0.21186692988271133,0.1981099627036263,0.20050578647333622,0.19835610775372284,0.2065745481318043
2026-01-23,0.2200136943904266,0.2127907395624569,0.20595994291770656,0.2083637961867513,0.20881238578373362,0.2082248299693265,0.21279073956245684,0.19865876442351169,0.2011404235878148,0.19891302447831732,0.2074881467939344
2026-01-26,0.22000874276042762,0.21276740796603358,0.20586047697186105,0.2084051630389137,0.2088368862968514,0.20826892608380695,0.2127674079660335,0.19910827428623307,0.20163815767332632,0.19938722290115304,0.20760586059148056
2026-01-27,0.20948872255305032,0.20195652783784476,0.19665326362827576,0.19774291373145086,0.19813561413879643,0.19762195432029628,0.20195652783784468,0.1916195676443517,0.19297944080422189,0.19177055854979586,0.19665919883053481
2026-01-28,0.20973632007549264,0.2018469938392118,0.19690216140622355,0.19795926020379967,0.198325311272405,0.1978406373085262,0.20184699383921173,0.19216276100662705,0.19354682032591256,0.1924161091829411,0.19648474233119467
2026-01-29,0.20989350917731642,0.20198231875320496,0.19708177910612756,0.19804621956425772,0.19841714460308404,0.19792393803599462,0.20198231875320488,0.1920851225637112,0.19351351271783895,0.19230484839847306,0.19656547276700032
2026-01-30,0.20995907854051543,0.20202879142362037,0.19710635233973897,0.19804409220636163,0.19841459609690512,0.19792298599826014,0.2020287914236203,0.191801639434965,0.19332214798287473,0.19205833675106557,0.1965586145967876
2026-02-02,0.2076098092773703,0.19990327892401075,0.1953600434534288,0.19601193811653028,0.19636704972623026,0.1958854011078534,0.19990327892401066,0.19147461598593915,0.19284761109581827,0.19164521094594122,0.19467962884999807
2026-02-03,0.2068634144058397,0.19931331600090993,0.19526772525175864,0.19533949402171355,0.1957108022282433,0.19521997169795877,0.19931331600090987,0.19126665145351082,0.19260085791753268,0.1914895809379946,0.19422425102161509
2026-02-04,0.20554603738228647,0.19762871127788312,0.19334213204893685,0.19386001401405728,0.1942108534569288,0.19373029472674974,0.19762871127788306,0.189544214317206,0.19081080534403497,0.18977630971424728,0.19228093515054667
2026-02-05,0.20666823792801875,0.19937247089462826,0.19540559369972327,0.1956071732814724,0.19596563874422496,0.19547632715683527,0.1993724708946282,0.19129822156285936,0.19274094478980708,0.19158904077660696,0.1944636712194747
2026-02-06,0.20787603959223283,0.2008044320875805,0.1969592913149732,0.19689268222308093,0.197260120982506,0.19676088014150525,0.20080443208758042,0.1925014179479831,0.1941362381085426,0.19292338965782033,0.1961194555927355
2026-02-09,0.20738927043887723,0.20028031153348283,0.1965932255385867,0.19647494238544388,0.19682658684743778,0.19634146243602937,0.20028031153348277,0.19242569641428764,0.19392291099148568,0.19280978680171776,0.195616469737943
2026-02-10,0.20771791360673514,0.20080123716772402,0.19742445922221147,0.1970527600538608,0.19741046899270795,0.1969246922730978,0.20080123716772394,0.19282675497420185,0.19432471596237139,0.19323508230261313,0.1962165943482022
2026-02-11,0.20937249903109084,0.20242852854826307,0.19883800438600413,0.19846640360678036,0.19882327225423516,0.19833357756478615,0.202428528548263,0.19377771063539226,0.19531633158207273,0.19422976203766384,0.1978565946881068
2026-02-12,0.20660755503650002,0.19893866015632058,0.19619096182667609,0.1954828284358387,0.195782003192188,0.1953494230029204,0.1989386601563205,0.1908642204842272,0.1915421431216529,0.19114614178518413,0.19345796502462909
2026-02-13,0.20653104053956323,0.19878823126673695,0.19620138244270255,0.19534174530474366,0.19563732046557222,0.1952061002267075,0.1987882312667369,0.19052468439342696,0.19132631078282925,0.19082906835333663,0.19327155669184534
2026-02-23,0.20832858846661959,0.2000341478332128,0.19862286721851832,0.19684073790321008,0.19711156233463223,0.19670256120261098,0.20003414783321274,0.19157773802208367,0.1922205898401474,0.1917400127465146,0.19411828375632478
2026-02-24,0.2077758480784507,0.19922716520673672,0.1978822132429843,0.19631852892110996,0.19655911719791783,0.19617695713829583,0.19922716520673667,0.19094059022881632,0.1915936408821344,0.19110721242772924,0.19307887098133286
2026-02-25,0.20783752441123357,0.19945120303763605,0.19820855653805453,0.1963795699415639,0.196630138134379,0.19623497967915682,0.19945120303763597,0.1909221621934614,0.19158231013430613,0.1910667963274087,0.19340270930033318
2026-02-26,0.20499867789653126,0.1956679299478605,0.1950735477109575,0.1931548873195082,0.19335032863003074,0.19299931831150052,0.19566792994786045,0.18778562135978846,0.1882979973622793,0.18780520686764465,0.18868324389025246
2026-02-27,0.20013820147238234,0.19117276560299298,0.19130844904461256,0.18827480805794616,0.18849942700656197,0.18810903279570124,0.1911727656029929,0.1840310055673308,0.18459498634655344,0.18409773954998146,0.18468754982703484
2026-03-02,0.19927425166462717,0.19061488730050766,0.1905592218687712,0.18804874078294107,0.1882367650935579,0.18789127736728964,0.1906148873005076,0.1841616786920092,0.18475788966660653,0.18434406186730815,0.18455075259523393
2026-03-03,0.19409052692540896,0.1859548611608625,0.18551970910114388,0.1838679838470432,0.18399651439324097,0.18370148540787307,0.1859548611608624,0.1828259370636208,0.18301602023446092,0.18299033001060894,0.18080210694999088
2026-03-04,0.1941114636760351,0.185932359992878,0.18547386307059724,0.18387922542224971,0.1840062265409803,0.18371372231386227,0.1859323599928779,0.18282649823662223,0.1829831666979199,0.18298784439025054,0.18066856844340196
2026-03-05,0.19538743116495697,0.1867240267033719,0.18731647947649002,0.18493267216613227,0.185056981703677,0.18476261263448193,0.18672402670337182,0.18312552743656943,0.1832730193332723,0.18325090684780235,0.18101070691871496
2026-03-06,0.19729893359386438,0.18822848805108663,0.1890926244899766,0.18673763283629527,0.18682327024760573,0.18658350247927133,0.18822848805108655,0.18450851473008445,0.18430177140772855,0.1846350172673534,0.1821203402433368
2026-03-09,0.21785222070285404,0.2094075234721258,0.21099160250279397,0.2072798733915945,0.20745291746826486,0.20718310236013365,0.20940752347212574,0.20262010297927313,0.2025543882584208,0.20287905621736096,0.20338138071769377
2026-03-10,0.2193138497094739,0.21206866067341468,0.21232313671431255,0.20914528570078703,0.20938543527187575,0.209040218047914,0.21206866067341465,0.20432904595941573,0.20444648724954553,0.20494579495682502,0.2068947803057403
2026-03-11,0.22165241100630836,0.21383604352375996,0.21405141807020836,0.211072408082801,0.21129731151917236,0.21097537334393282,0.21383604352375993,0.2050719379642363,0.20527068016196573,0.20552320517150768,0.20831025042984475
2026-03-12,0.22023692006231266,0.21240136446249297,0.21300046206153908,0.21008890249996087,0.21026356140300684,0.20998654144408013,0.21240136446249294,0.2051262946148424,0.20505631340956165,0.2055684282261637,0.20689303924488708
2026-03-13,0.2203182409542346,0.2124435459499148,0.2134206616175166,0.21017671700267482,0.2103495594169757,0.21007469988549435,0.21244354594991474,0.20508604852933013,0.20499992558679866,0.2055234233739819,0.20691439306186693
2026-03-16,0.22034256540985186,0.2124454474122166,0.213447110102458,0.2102098170317651,0.21037850652143342,0.2101070421142323,0.21244544741221655,0.20505916881704483,0.2049875245700055,0.20548973878598742,0.20691303641665504
2026-03-17,0.22036402454141318,0.21250316252629867,0.21357855635026404,0.2101993117818162,0.21037547669766926,0.21009868912633362,0.2125031625262986,0.20478817571363336,0.20478197591827602,0.20523447548234625,0.20697334378056
2026-03-18,0.22039180497972988,0.21247920179074503,0.213761404029335,0.2101550594712417,0.21033475260492582,0.2100561539909156,0.212479201790745,0.20443965263002753,0.2045730344426618,0.20489737970150484,0.20690368837029594
2026-03-19,0.22063615029877118,0.21251739787032695,0.21377898075108695,0.21034310105613835,0.21051034726723564,0.21024285401164133,0.2125173978703269,0.20448474958483137,0.2046401651419025,0.20496850371306216,0.2068245599841774
2026-03-20,0.22335303629706355,0.2148990656137389,0.21610797702413526,0.21323743978359025,0.21336738183825352,0.21314733513448045,0.21489906561373887,0.20813199347175226,0.20799664688204597,0.20861697697991893,0.20880503574440576
2026-03-23,0.22707995655913213,0.21813745503544474,0.21927845285967504,0.2168695476915979,0.21695737001011456,0.2167719692811036,0.21813745503544468,0.21041144544474613,0.2101940780695598,0.21085747566920562,0.2114623837064089
2026-03-24,0.22837409654959245,0.21960546075675938,0.22076430522607615,0.2178390135654049,0.21795969541268795,0.21775005022883215,0.21960546075675932,0.21019266468514702,0.21003660514215453,0.21060943133615614,0.21275416607149314
2026-03-25,0.23098357443908743,0.221515548458141,0.22274267552815247,0.21981556742484917,0.21993100972759236,0.21973354983568585,0.22151554845814095,0.21008245134259837,0.21008722801092833,0.2105474915646335,0.213899996582981
2026-03-26,0.23066622588914362,0.22104329736561334,0.22243982567205292,0.21927238888564068,0.21939459456077834,0.21919080463200527,0.22104329736561326,0.20904347852296307,0.20896467083877412,0.20948961037917663,0.21331647190401318
2026-03-27,0.2323446396114228,0.22238980360715524,0.22390482969743636,0.22065621167855118,0.22077956537333931,0.22058096709530733,0.2223898036071552,0.20939501651436654,0.20936066633514552,0.209912927344883,0.21435527139579247
2026-03-30,0.23117100635068016,0.22147618441618178,0.22253501146343385,0.2199203191135776,0.22003569008721136,0.21984751394717827,0.22147618441618175,0.20922205815985503,0.20919460838065979,0.2097503216055396,0.21374388406901657
2026-03-31,0.23119869323336018,0.2215472256622673,0.22259430512404485,0.21995021607449322,0.22006737636405388,0.21987761059836988,0.22154722566226726,0.2092255954437123,0.20919624762191869,0.20975529670441131,0.21383378801550793
2026-04-01,0.23224285391710225,0.22212340705363912,0.22328306309597792,0.22093183716821901,0.22102086471057378,0.22085991584075237,0.22212340705363906,0.20955262777608777,0.20950601054915355,0.21004024170636962,0.21406776438983022
2026-04-02,0.23258592325053745,0.22259578513160921,0.22368939144879957,0.22135658024707833,0.22144673303457307,0.22128517080893312,0.22259578513160916,0.21039120977495307,0.21031010184570306,0.2108580024967876,0.2146227316912434
2026-04-03,0.232770385128795,0.2228007071355424,0.22392472591844828,0.22151824811000181,0.22161021351639754,0.22144662936506912,0.22280070713554237,0.2102454987196985,0.21012326192002986,0.21065978133752553,0.2147502477717545
2026-04-06,0.23270243742709643,0.2226411929783916,0.2237242332828947,0.22140504144418158,0.22149414371956697,0.221334665483582,0.22264119297839158,0.21023639360965937,0.21003054017122533,0.21061327356517318,0.21456668234639734
2026-04-07,0.23243205315191726,0.22237961644541887,0.223514321197613,0.2211207860722038,0.2212094994563201,0.22105174756148885,0.22237961644541884,0.21035360456188687,0.21006909266135018,0.21070627952470816,0.21433499815190946
2026-04-08,0.24122021045507033,0.230245130326079,0.23176718504449723,0.22928151199332042,0.22934445463851563,0.2292171220965672,0.23024513032607893,0.21404155708089137,0.21394509747444845,0.2145871308854186,0.22087415685741046
2026-04-09,0.23706798948511668,0.22658381862634722,0.227784500755493,0.22600521597454626,0.2260471481385536,0.2259486182695649,0.22658381862634716,0.2126757155733082,0.21251915661295212,0.21320022419406093,0.21789197337630675
2026-04-10,0.2369916174505626,0.2264725678993823,0.227772049351173,0.22595311692106657,0.22599006774330568,0.22589792366997286,0.22647256789938228,0.21277431711154302,0.21258518121011105,0.21326751777781278,0.2177594351377752
2026-04-13,0.23686064192503672,0.22640155811945326,0.22771186438002378,0.22585766282676703,0.225897181420528,0.22580476114901363,0.2264015581194532,0.21317425314079144,0.21292668221203315,0.21371020929984216,0.21778638469347875
2026-04-14,0.23657635523259182,0.22623047222771006,0.22761073198435092,0.2257202921357973,0.22575838517744518,0.2256700372702514,0.22623047222771,0.21318219297226265,0.21293910236950203,0.2137128121750195,0.21771847969652147
2026-04-15,0.23624020990995634,0.22590971805892493,0.227364279074907,0.22537170039222595,0.22541084015787732,0.22532097948963506,0.2259097180589249,0.21329328667898748,0.21292838905399536,0.21380516119964102,0.21751920883713055
2026-04-16,0.23589454193565496,0.22571118406078966,0.2271797601258572,0.2250919804316785,0.22513911122914673,0.22504025280705148,0.2257111840607896,0.21329888720281445,0.21298036313919513,0.21384139083449796,0.21753287698875395
2026-04-17,0.23584801429096391,0.22553277267222938,0.22707647357199703,0.2249229176830332,0.22496715683446214,0.22487157243521236,0.22553277267222932,0.21298435758524414,0.21259233272729267,0.21353318755670012,0.21720784415032643
2026-04-20,0.23606206663563215,0.22567793442319733,0.22723889466099326,0.22501847911426512,0.2250650323645738,0.22496707360008691,0.22567793442319728,0.21273390870370185,0.21232064328353248,0.2132741127012624,0.21721280583904057
2026-04-21,0.23603373099919897,0.22571862837600465,0.22712783149634494,0.224976334794086,0.22502627097957895,0.22492504673805147,0.2257186283760046,0.21278467010604996,0.21234938130680245,0.2133228251288128,0.21732365127985767
2026-04-22,0.2346995719539984,0.22449925202376173,0.2261976417665319,0.22362497563595327,0.22368507503829718,0.22357388446773613,0.22449925202376167,0.2115882689651775,0.2112063314239707,0.2121641764433175,0.21632179220081446
2026-04-23,0.221287202649166,0.21179658375657054,0.21324351559194774,0.21137096394578572,0.21141334125849492,0.21134545775590693,0.2117965837565705,0.20407531806565496,0.20355082592710189,0.20474787082233276,0.20503318262997047
2026-04-24,0.21971009744116596,0.2105731262674216,0.21198806231056447,0.20992465314318318,0.20997713575060248,0.2099003731754098,0.21057312626742156,0.20331514410176962,0.20282012364793853,0.20407039630240673,0.20432719464870025
2026-04-28,0.2194153338479059,0.20997831591985508,0.21142064091377008,0.20927336455285103,0.20932520570317623,0.2092500484679157,0.20997831591985505,0.20142745013211857,0.20083549949124738,0.2021879308956989,0.20321321394556724
2026-04-29,0.21942825198254695,0.20998397852296827,0.21140568623523634,0.20923093266708453,0.20928534680849697,0.20920757279746324,0.2099839785229682,0.20137208955530359,0.20073738968297894,0.2020662226189476,0.20319040174859695
2026-05-04,0.219366803986893,0.20993167840738655,0.211428873134501,0.2092111386156063,0.2092647511464612,0.20918790033117,0.20993167840738652,0.20161693605635286,0.20098454567528076,0.20231091561554215,0.20315431918478727
2026-05-05,0.218022979665723,0.2089442462388175,0.21046485824354602,0.20821012179679602,0.20826403959101478,0.20818730505040456,0.20894424623881744,0.20144724628025926,0.20081368460089832,0.20213751850977926,0.2025777667391441
2026-05-06,0.2167438389157537,0.20807133890081303,0.20942776760814436,0.20718192115667963,0.20724404074896544,0.2071632925531487,0.208071338900813,0.20161435485108264,0.20103974230056684,0.20242614874504214,0.20210507128698754
2026-05-07,0.21662410701794377,0.2079559547741588,0.20925380558030857,0.20715449673506584,0.2072133806683332,0.20713540081399456,0.20795595477415876,0.20189088713487613,0.20126068406071954,0.20266164651648738,0.20198423884261463
2026-05-08,0.21634809571723362,0.20774387337886,0.20902114358028479,0.20690684510358354,0.20696813149600723,0.20688778494304477,0.20774387337885994,0.20173243972487323,0.2011117412883527,0.2024952055487548,0.20182327997859387
2026-05-11,0.21646190973758853,0.20808737883488068,0.20931409952995325,0.20716498802372368,0.20723436439243245,0.20715134355348824,0.20808737883488063,0.20187211224637758,0.20121118528721169,0.20260046687811376,0.20231634535331525
2026-05-12,0.21588230671594513,0.20757380725581148,0.2087475643293669,0.20698377657538733,0.20704004629124015,0.20696970108775045,0.20757380725581143,0.20227623623711194,0.2015711125873241,0.2029812792942357,0.201981272059735
2026-05-13,0.21375738528436974,0.20630616358298096,0.20745072472587464,0.20590176863709042,0.2059539167776716,0.20588671916815685,0.2063061635829809,0.20230791550942434,0.20160355112980652,0.20301454482863046,0.2015091600731692
2026-05-14,0.2142116242600567,0.20672787390348313,0.20784048202609376,0.20628668134292744,0.20633949738012392,0.20627410207724414,0.2067278739034831,0.20151740462553466,0.2008196020104982,0.20216049890138454,0.20169842527409007
2026-05-15,0.2137209568918714,0.20634971013756348,0.20751528278788361,0.20590018267713284,0.2059533559601285,0.20588882595396135,0.20634971013756345,0.20133228365091665,0.2006001682740416,0.201979367482657,0.20146180154497637
2026-05-18,0.2110333921724386,0.20423350257887027,0.20577107948978393,0.203901456226571,0.2039543601199717,0.20389134301484305,0.20423350257887024,0.20087029375693088,0.20015063924508503,0.2015030631566694,0.20016267466422097
2026-05-19,0.21173979299964846,0.2045943753664968,0.20696282673209582,0.2042081512176468,0.20425899299325245,0.20420753000955114,0.20459437536649674,0.2001788695132402,0.19958899349545445,0.20085936436719906,0.20019608085740032
2026-05-20,0.211303755159344,0.20424129047438938,0.206582609043508,0.20388161100673205,0.2039307675216536,0.20387911162186156,0.20424129047438933,0.2001845606369462,0.19957557252780997,0.2008567480571676,0.19997244091338817
2026-05-21,0.2090106070313142,0.20232947630652154,0.20464939209050598,0.20185853027566386,0.2019134517602769,0.20185767178746514,0.20232947630652148,0.19957543698582106,0.19894663908072743,0.2003337453435786,0.19861677877001369
2026-05-22,0.20937657598123807,0.20254487880639682,0.2049158423603928,0.2021375279004852,0.20218956771596852,0.2021382658213793,0.20254487880639674,0.19930971885754717,0.19865950942406074,0.20001403438833082,0.19865600367271752
2026-05-25,0.20938106118721841,0.2026475126593124,0.204932540741809,0.20219971549165125,0.20225333524991257,0.20219947805755475,0.20264751265931233,0.19982460876632963,0.1992190887567949,0.20069982717885346,0.19903298463141994
2026-05-26,0.2091811696963459,0.20269375661948283,0.2048870071326282,0.20209708334846413,0.2021570131051266,0.20209860113471162,0.20269375661948275,0.1997206553615364,0.19924987630220392,0.2006482118613156,0.19935924334398702
2026-05-27,0.20918619767446653,0.20271646789722114,0.20490543361109728,0.20206631048488602,0.20212766649620126,0.2020675606059016,0.2027164678972211,0.19987847322552652,0.1994355112760609,0.20084561470067364,0.19954920456981493
2026-05-28,0.20962474004990816,0.20367155364754783,0.2056300957210205,0.202803756970967,0.20287289439034417,0.20280499315781722,0.20367155364754777,0.20146644968050878,0.20103124295552235,0.20245134137724727,0.20108724201512038
2026-05-29,0.20957300783837182,0.2036992461587422,0.20561380862730666,0.20276934383025969,0.2028414454816415,0.20276943041240614,0.2036992461587421,0.201820870156898,0.20130283990162018,0.20277175620080548,0.20135763417258778
2026-06-01,0.20972116968294732,0.20369280213775842,0.2056203755137793,0.20283367528915675,0.20290195981632986,0.20283532338562094,0.20369280213775837,0.20165502391272122,0.20114544784614424,0.20261345346673446,0.20123657753994623
2026-06-02,0.21008815006464043,0.20408833849828548,0.2058979123707059,0.2031883199471707,0.20325660555266709,0.20319092245507733,0.20408833849828542,0.20192162885078668,0.20138391958937957,0.20287139254422173,0.20148330316847074
2026-06-03,0.20972862709795081,0.20375615519411322,0.20555509937011682,0.20297809063391525,0.20304199271320744,0.20297959122185646,0.20375615519411314,0.2020582669140466,0.2014461255768705,0.20298140286759572,0.20119963566700316
2026-06-04,0.20967420614488583,0.2035345817694083,0.20535996193170178,0.20291043091879035,0.20296952681348945,0.20290911891081187,0.20353458176940822,0.20203783234147002,0.201417112272007,0.20297502477986876,0.20091706714690089
2026-06-05,0.20967203330705875,0.20353749716954667,0.20536580819410757,0.20291057903936574,0.20296971281019088,0.20290924005719932,0.2035374971695466,0.2021997377877505,0.20151424282187727,0.2031179783247526,0.20092606786154324
2026-06-08,0.21230229943617687,0.20576449377911607,0.20704747506387974,0.20505645023400243,0.20512180596593643,0.20506240403087575,0.20576449377911601,0.20315478255839667,0.20259488113808005,0.2041176088442242,0.2026701501906699
2026-06-09,0.21238502421330802,0.20584244884614575,0.20705652099187327,0.20495306797787627,0.2050252258427734,0.20495930989841807,0.2058424488461457,0.20126168268958486,0.20082259013165688,0.2022509860160944,0.20241658505427085
2026-06-10,0.21191804138745493,0.20508790906818233,0.20640636771538026,0.2039956307716429,0.20407540773747718,0.20400747607110356,0.20508790906818225,0.1984076130714858,0.1980981311661785,0.19945852798253239,0.20093525070817886
2026-06-11,0.2111447168338868,0.2044632982404848,0.20547436968956181,0.2036949707781155,0.20376497732158347,0.2037075490868154,0.20446329824048473,0.19837075059733122,0.1980445417426482,0.1994097537402971,0.20059844813464456
2026-06-12,0.2111034540768056,0.20443052215497234,0.20542763649789259,0.2036918320985982,0.20376125422163305,0.2037042038548924,0.2044305221549723,0.19828790478454703,0.19799299752413838,0.19937286557696782,0.2006021406579414
2026-06-15,0.21081329584576036,0.2041317755457883,0.20510792621204368,0.2034163376166681,0.20348558970919328,0.20343022053229867,0.20413177554578824,0.197906986352615,0.1975300692843626,0.19901762225100517,0.20024819271550287
2026-06-16,0.21077842604015956,0.2039264722812289,0.20502468455962894,0.20303643631288787,0.2031111657583161,0.20305036603970714,0.20392647228122882,0.19476123603985093,0.1943875201641575,0.1958009800369416,0.19930883266996982
2026-06-17,0.2099803978319621,0.20314921567240954,0.204126583479044,0.2023408067200439,0.20241319392059676,0.2023558894984853,0.20314921567240946,0.19372324072685215,0.19340226545330086,0.19481818749542287,0.19859071813468376
2026-06-18,0.2097946819820277,0.20296217462340646,0.20393244526886345,0.20195601109886419,0.2020357207827121,0.20197232347435837,0.2029621746234064,0.19261178990383063,0.19231002496198155,0.19371576388085054,0.19830035409156338
2026-06-19,0.2094202027419536,0.2027333320985422,0.20368189494166092,0.20157721775687978,0.20166610719395506,0.20159356108832097,0.2027333320985421,0.19227601300368244,0.19200065133034327,0.1933769070597086,0.1982439694319655
2026-06-22,0.20473405772512374,0.1982503142713807,0.19889597853293114,0.19729325355421745,0.19737140950592014,0.19731795185871634,0.19825031427138062,0.18918530958090143,0.18892186165557684,0.1904098661690497,0.193753210377084
2026-06-23,0.20468797671597616,0.19821196574749034,0.19896427947359974,0.197307590361782,0.19737530854532911,0.19733076330240729,0.19821196574749025,0.18923203308629824,0.18893834005038496,0.1904569685188284,0.19370883925642302
2026-06-24,0.2020309483601408,0.1959173912153727,0.1967969084997241,0.1950581173700353,0.19511888606864491,0.19508103334834456,0.1959173912153726,0.18844966205524233,0.1882246266577379,0.18968062983949485,0.19190781326617493
2026-06-25,0.20175006491370562,0.19559388023336785,0.19667150190936722,0.19457339621404568,0.19464407256149704,0.19459701375726624,0.1955938802333678,0.18721673095922098,0.18722755685458295,0.18847603294835547,0.19157986097118448
2026-06-26,0.20165001282766792,0.19560396684196057,0.19662600916958725,0.19461237510351806,0.19468363891258766,0.19463901487871227,0.19560396684196052,0.1873648375185022,0.18741833276313277,0.18862036298259266,0.19172627589012034
2026-06-29,0.20109711220117332,0.1953896939608017,0.19639987629240832,0.19435473670597597,0.19442558406078994,0.19438122097198224,0.19538969396080164,0.18728817167263237,0.18735219867820524,0.188535795651724,0.1916822085023124
2026-06-30,0.19884175043481134,0.1937448913979226,0.19485689842319037,0.19276259815780922,0.1928316586821913,0.19279191320803535,0.19374489139792253,0.1868822166388621,0.18698464391901493,0.18815326910275543,0.1905055153449879
2026-07-01,0.1990925193508247,0.1942150612428687,0.19539922201629856,0.19303471768577357,0.19311414370645394,0.19306766865622832,0.1942150612428686,0.18661624410327415,0.18683005461071991,0.1879115128741211,0.19105926883749946
2026-07-02,0.1990135158306301,0.194222912221124,0.19540684245765844,0.19311245698089563,0.19318741003357243,0.19314459365900352,0.19422291222112392,0.18654375043814225,0.18674153271561436,0.1878506964162375,0.1911121470940252
2026-07-03,0.19817471566884662,0.1937573638402257,0.19518965389490145,0.1929645531498493,0.19301962984052262,0.1929957533068968,0.19375736384022563,0.18687211218885685,0.18710122408533209,0.18815466465826855,0.1909022225281032
2026-07-06,0.19896261428592862,0.1944429760328314,0.19639761571127068,0.1935785534099192,0.19364270338370598,0.1936095934742243,0.19444297603283134,0.18725826725848274,0.1874721083666724,0.18852052635662567,0.191462121694736
2026-07-07,0.1981503462689533,0.19382458563303293,0.19595783572488826,0.19264327380334748,0.19271635869433013,0.1926759248599095,0.19382458563303284,0.18610016671478116,0.18637375327291583,0.18727421946156836,0.19096596563941
2026-07-08,0.19800310581492006,0.19369732769302714,0.19584505066169536,0.19252114269505982,0.19259390118806075,0.19255396913646824,0.19369732769302708,0.18607534660414946,0.18636081446637817,0.18724184988809323,0.19087800963517237
2026-07-09,0.19811228191128358,0.19392988392964866,0.19585014324595526,0.1927835036774126,0.19284920715923176,0.19281747339134916,0.1939298839296486,0.18623791036275586,0.1866053078484757,0.18739429270139474,0.19122006238650538
2026-07-10,0.19859752726182178,0.19422835124010698,0.19623862243570825,0.1929310700494877,0.19300914504477484,0.1929648082100965,0.19422835124010693,0.18615402831067862,0.18654599671775215,0.18730483549591165,0.19133054063867524
2026-07-13,0.19805707234979172,0.19419709534466031,0.19628554077357938,0.1930343965306776,0.19308361667644486,0.1930713104746952,0.19419709534466023,0.18794027562166563,0.18795935175236014,0.18889054016659892,0.1917493656410068
2026-07-14,0.19509839668837622,0.1902688948124025,0.1933287237712628,0.18874085096017337,0.18879556565414368,0.18878835389676807,0.19026889481240242,0.17878082368322037,0.17831983925618522,0.17962606922986118,0.18667593749077638
2026-07-15,0.1962955714399946,0.19125673881720442,0.19390599682563855,0.18973415623791798,0.18978464066383938,0.18977612710583544,0.1912567388172043,0.17859484548971608,0.1780507628797232,0.17930176477222473,0.18722368027315547
2026-07-16,0.1965140385397455,0.19069896849175258,0.19373486236901433,0.1893788845591329,0.18940414380204054,0.18942059385131405,0.1906989684917525,0.173708602606762,0.17308954824591732,0.1742885069169184,0.18556744526269872
2026-07-17,0.1952055815560153,0.1883715193946135,0.19105926234157186,0.18804778269999559,0.18803946863213872,0.18808774915157173,0.18837151939461338,0.17197526252909467,0.17150951304136836,0.17264689550461196,0.18230957674617113
2026-07-20,0.1990482909465213,0.19280126096431244,0.19450265846537662,0.190442148075852,0.19064817101645762,0.19050486548792775,0.19280126096431233,0.17258412658545694,0.1725641724811862,0.17340215741024154,0.18714555919891945
2026-07-21,0.19891118695694338,0.19183275470065506,0.19369834545358403,0.18939761865419188,0.18959000205905566,0.18945279574762666,0.19183275470065492,0.1680767070527343,0.16735638120661142,0.1689273492482876,0.1851160879497894
2026-07-22,0.20207677841344343,0.19433266052871515,0.19504777296036027,0.1919170195720351,0.19210897755267334,0.19195876220798322,0.19433266052871503,0.16852780617191426,0.1679354136239516,0.1693829756434026,0.18705764349166717
2026-07-23,0.20243821070811788,0.19449075052158077,0.19501325481735607,0.19210566505515939,0.19229016534506696,0.1921391388287022,0.19449075052158066,0.16848452543206713,0.16787625896776476,0.16931950700372353,0.18708915982003604
2026-07-24,0.20210690176154064,0.19418858759411392,0.1945578358795787,0.19181344808519135,0.19198995353688042,0.19184180882490795,0.19418858759411378,0.16824989682826733,0.16764013052486848,0.1690993445258704,0.18680379082942578
